SnapshotUTC,Season,Week,PlayerID,Position,NFLTeam,GameState,Kickoff,ProjPPR,Stats
20261006T1701Z,2026,5,10210,TE,NE,post,2026-10-04T17:00Z,0.44,"{""adp_dd_ppr"":334.0,""bonus_rec_te"":0.17,""gp"":1.0,""pos_adp_dd_ppr"":83.0,""pts_half_ppr"":0.35,""pts_ppr"":0.44,""pts_std"":0.26,""rec"":0.17,""rec_0_4"":0.03,""rec_10_19"":0.05,""rec_20_29"":0.03,""rec_30_39"":0.02,""rec_40p"":0.02,""rec_5_9"":0.03,""rec_fd"":0.19,""rec_td"":0.01,""rec_tgt"":0.25,""rec_yd"":1.87}"
20261006T1701Z,2026,5,10212,TE,GB,post,2026-10-04T17:00Z,0.37,"{""adp_dd_ppr"":342.0,""bonus_rec_te"":0.17,""gp"":1.0,""pos_adp_dd_ppr"":87.0,""pts_half_ppr"":0.28,""pts_ppr"":0.37,""pts_std"":0.2,""rec"":0.17,""rec_0_4"":0.03,""rec_10_19"":0.05,""rec_20_29"":0.03,""rec_30_39"":0.02,""rec_40p"":0.02,""rec_5_9"":0.03,""rec_fd"":0.15,""rec_td"":0.01,""rec_tgt"":0.21,""rec_yd"":1.49}"
20261006T1701Z,2026,5,10213,WR,LV,post,2026-10-04T20:25Z,8.04,"{""adp_dd_ppr"":119.0,""bonus_rec_wr"":2.89,""def_kr_yd"":10.43,""fum"":0.03,""fum_lost"":0.01,""gp"":1.0,""pos_adp_dd_ppr"":50.0,""pr"":0.54,""pr_yd"":5.61,""pts_half_ppr"":6.6,""pts_ppr"":8.04,""pts_std"":5.16,""rec"":2.89,""rec_0_4"":0.58,""rec_10_19"":0.87,""rec_20_29"":0.58,""rec_2pt"":0.01,""rec_30_39"":0.29,""rec_40p"":0.29,""rec_5_9"":0.58,""rec_fd"":3.76,""rec_td"":0.18,""rec_tgt"":4.86,""rec_yd"":37.64,""rush_att"":0.51,""rush_fd"":0.24,""rush_td"":0.02,""rush_yd"":2.39}"
20261006T1701Z,2026,5,10214,TE,LAR,post,2026-10-04T17:00Z,1.05,"{""adp_dd_ppr"":285.0,""bonus_rec_te"":0.44,""gp"":1.0,""pos_adp_dd_ppr"":68.0,""pts_half_ppr"":0.83,""pts_ppr"":1.05,""pts_std"":0.61,""rec"":0.44,""rec_0_4"":0.09,""rec_10_19"":0.13,""rec_20_29"":0.09,""rec_30_39"":0.04,""rec_40p"":0.04,""rec_5_9"":0.09,""rec_fd"":0.42,""rec_td"":0.03,""rec_tgt"":0.68,""rec_yd"":4.23}"
20261006T1701Z,2026,5,10216,DEF,10216,,,,"{""adp_dd_ppr"":1000.0}"
20261006T1701Z,2026,5,10218,WR,HOU,post,2026-10-04T17:00Z,2.62,"{""adp_dd_ppr"":230.0,""bonus_rec_wr"":0.98,""fum"":0.01,""gp"":1.0,""pos_adp_dd_ppr"":100.0,""pts_half_ppr"":2.13,""pts_ppr"":2.62,""pts_std"":1.64,""rec"":0.98,""rec_0_4"":0.2,""rec_10_19"":0.29,""rec_20_29"":0.2,""rec_30_39"":0.1,""rec_40p"":0.1,""rec_5_9"":0.2,""rec_fd"":1.36,""rec_td"":0.04,""rec_tgt"":1.8,""rec_yd"":13.55,""rush_att"":0.07,""rush_fd"":0.04,""rush_yd"":0.37}"
20261006T1701Z,2026,5,10219,RB,JAX,post,2026-10-04T17:00Z,5.4,"{""adp_dd_ppr"":193.0,""bonus_rec_rb"":0.45,""def_kr_yd"":3.04,""fum"":0.06,""fum_lost"":0.03,""gp"":1.0,""pos_adp_dd_ppr"":52.0,""pts_half_ppr"":5.18,""pts_ppr"":5.4,""pts_std"":4.95,""rec"":0.45,""rec_0_4"":0.09,""rec_10_19"":0.14,""rec_20_29"":0.09,""rec_30_39"":0.05,""rec_40p"":0.05,""rec_5_9"":0.09,""rec_fd"":0.41,""rec_td"":0.02,""rec_tgt"":0.64,""rec_yd"":4.13,""rush_2pt"":0.02,""rush_40p"":0.07,""rush_att"":6.32,""rush_fd"":2.49,""rush_td"":0.32,""rush_yd"":24.94}"
20261006T1701Z,2026,5,10220,TE,IND,post,2026-10-04T13:30Z,,"{""adp_dd_ppr"":1000.0}"
20261006T1701Z,2026,5,10221,DEF,10221,,,,"{""adp_dd_ppr"":1000.0}"
20261006T1701Z,2026,5,10222,WR,GB,post,2026-10-04T17:00Z,,"{""adp_dd_ppr"":1000.0}"
20261006T1701Z,2026,5,10223,RB,CLE,post,2026-10-02T00:15Z,,"{""adp_dd_ppr"":1000.0}"
20261006T1701Z,2026,5,10225,WR,DAL,post,2026-10-04T17:00Z,0.32,"{""adp_dd_ppr"":311.0,""bonus_rec_wr"":0.1,""gp"":1.0,""pos_adp_dd_ppr"":134.0,""pts_half_ppr"":0.27,""pts_ppr"":0.32,""pts_std"":0.22,""rec"":0.1,""rec_0_4"":0.02,""rec_10_19"":0.03,""rec_20_29"":0.02,""rec_30_39"":0.01,""rec_40p"":0.01,""rec_5_9"":0.02,""rec_fd"":0.16,""rec_td"":0.01,""rec_tgt"":0.24,""rec_yd"":1.56}"
20261006T1701Z,2026,5,10226,WR,CIN,post,2026-10-04T17:00Z,,"{""adp_dd_ppr"":1000.0}"
20261006T1701Z,2026,5,10228,WR,NYG,post,2026-10-04T17:00Z,0.25,"{""adp_dd_ppr"":317.0,""bonus_rec_wr"":0.07,""def_kr_yd"":61.86,""gp"":1.0,""pos_adp_dd_ppr"":138.0,""pr"":0.95,""pr_yd"":9.52,""pts_half_ppr"":0.21,""pts_ppr"":0.25,""pts_std"":0.18,""rec"":0.07,""rec_0_4"":0.01,""rec_10_19"":0.02,""rec_20_29"":0.01,""rec_30_39"":0.01,""rec_40p"":0.01,""rec_5_9"":0.01,""rec_fd"":0.09,""rec_td"":0.01,""rec_tgt"":0.12,""rec_yd"":0.9,""rush_att"":0.06,""rush_fd"":0.03,""rush_yd"":0.31}"
20261006T1701Z,2026,5,10229,WR,KC,post,2026-10-04T20:25Z,,"{""adp_dd_ppr"":1000.0}"
20261006T1701Z,2026,5,10231,TE,ARI,post,2026-10-04T17:00Z,1.97,"{""adp_dd_ppr"":252.0,""bonus_rec_te"":0.87,""fum"":0.01,""gp"":1.0,""pos_adp_dd_ppr"":48.0,""pts_half_ppr"":1.53,""pts_ppr"":1.97,""pts_std"":1.1,""rec"":0.87,""rec_0_4"":0.17,""rec_10_19"":0.26,""rec_20_29"":0.17,""rec_30_39"":0.09,""rec_40p"":0.09,""rec_5_9"":0.17,""rec_fd"":0.81,""rec_td"":0.05,""rec_tgt"":1.05,""rec_yd"":8.1}"
20261006T1701Z,2026,5,10232,WR,ARI,post,2026-10-04T17:00Z,16.05,"{""adp_dd_ppr"":20.0,""bonus_rec_wr"":5.16,""fum"":0.05,""fum_lost"":0.02,""gp"":1.0,""pos_adp_dd_ppr"":11.0,""pts_half_ppr"":13.47,""pts_ppr"":16.05,""pts_std"":10.88,""rec"":5.16,""rec_0_4"":1.03,""rec_10_19"":1.55,""rec_20_29"":1.03,""rec_2pt"":0.03,""rec_30_39"":0.52,""rec_40p"":0.52,""rec_5_9"":1.03,""rec_fd"":7.02,""rec_td"":0.63,""rec_tgt"":9.01,""rec_yd"":70.22,""rush_att"":0.05,""rush_fd"":0.02,""rush_yd"":0.23}"
20261006T1701Z,2026,5,10234,WR,LAC,post,2026-10-04T20:25Z,0.22,"{""adp_dd_ppr"":318.0,""bonus_rec_wr"":0.05,""def_kr_td"":0.08,""def_kr_yd"":36.77,""gp"":1.0,""pos_adp_dd_ppr"":139.0,""pr"":0.94,""pr_yd"":9.43,""pts_half_ppr"":0.19,""pts_ppr"":0.22,""pts_std"":0.17,""rec"":0.05,""rec_0_4"":0.01,""rec_10_19"":0.02,""rec_20_29"":0.01,""rec_30_39"":0.01,""rec_40p"":0.01,""rec_5_9"":0.01,""rec_fd"":0.05,""rec_tgt"":0.09,""rec_yd"":0.5,""rush_att"":0.14,""rush_fd"":0.07,""rush_yd"":0.68}"
20261006T1701Z,2026,5,10235,RB,CHI,post,2026-10-04T17:00Z,1.81,"{""adp_dd_ppr"":281.0,""bonus_rec_rb"":0.25,""fum"":0.02,""fum_lost"":0.01,""gp"":1.0,""pos_adp_dd_ppr"":68.0,""pts_half_ppr"":1.69,""pts_ppr"":1.81,""pts_std"":1.57,""rec"":0.25,""rec_0_4"":0.05,""rec_10_19"":0.07,""rec_20_29"":0.05,""rec_30_39"":0.02,""rec_40p"":0.02,""rec_5_9"":0.05,""rec_fd"":0.17,""rec_td"":0.01,""rec_tgt"":0.29,""rec_yd"":1.66,""rush_2pt"":0.01,""rush_40p"":0.02,""rush_att"":1.97,""rush_fd"":0.77,""rush_td"":0.09,""rush_yd"":7.66}"
20261006T1701Z,2026,5,10236,TE,BUF,post,2026-10-04T17:00Z,10.22,"{""adp_dd_ppr"":77.0,""bonus_rec_te"":3.71,""fum"":0.04,""fum_lost"":0.02,""gp"":1.0,""pos_adp_dd_ppr"":10.0,""pts_half_ppr"":8.37,""pts_ppr"":10.22,""pts_std"":6.52,""rec"":3.71,""rec_0_4"":0.74,""rec_10_19"":1.11,""rec_20_29"":0.74,""rec_2pt"":0.02,""rec_30_39"":0.37,""rec_40p"":0.37,""rec_5_9"":0.74,""rec_fd"":5.08,""rec_td"":0.24,""rec_tgt"":5.15,""rec_yd"":50.78}"
20261006T1701Z,2026,5,1034,DEF,1034,,,,"{""adp_dd_ppr"":1000.0}"
20261006T1701Z,2026,5,10444,WR,NO,post,2026-10-06T00:15Z,,"{""adp_dd_ppr"":1000.0}"
20261006T1701Z,2026,5,1049,DEF,1049,,,,"{""adp_dd_ppr"":1000.0}"
20261006T1701Z,2026,5,10857,QB,LAR,post,2026-10-04T17:00Z,,"{""adp_dd_ppr"":1000.0}"
20261006T1701Z,2026,5,10859,TE,DET,post,2026-10-05T00:20Z,12.9,"{""adp_dd_ppr"":40.0,""bonus_rec_te"":4.74,""fum"":0.05,""fum_lost"":0.02,""gp"":1.0,""pos_adp_dd_ppr"":3.0,""pts_half_ppr"":10.53,""pts_ppr"":12.9,""pts_std"":8.16,""rec"":4.74,""rec_0_4"":0.95,""rec_10_19"":1.42,""rec_20_29"":0.95,""rec_2pt"":0.02,""rec_30_39"":0.47,""rec_40p"":0.47,""rec_5_9"":0.95,""rec_fd"":5.53,""rec_td"":0.43,""rec_tgt"":6.38,""rec_yd"":55.34,""rush_att"":0.06,""rush_fd"":0.03,""rush_yd"":0.28}"
20261006T1701Z,2026,5,10862,DEF,10862,,,,"{""adp_dd_ppr"":1000.0}"
20261006T1701Z,2026,5,10863,DEF,10863,,,,"{""adp_dd_ppr"":1000.0}"
20261006T1701Z,2026,5,10866,QB,LV,post,2026-10-04T20:25Z,,"{""adp_dd_ppr"":1000.0}"
20261006T1701Z,2026,5,10867,WR,SEA,post,2026-10-04T20:25Z,,"{""adp_dd_ppr"":1000.0}"
20261006T1701Z,2026,5,10871,TE,DAL,post,2026-10-04T17:00Z,1.34,"{""adp_dd_ppr"":269.0,""bonus_rec_te"":0.57,""fum"":0.01,""gp"":1.0,""pos_adp_dd_ppr"":61.0,""pts_half_ppr"":1.06,""pts_ppr"":1.34,""pts_std"":0.77,""rec"":0.57,""rec_0_4"":0.11,""rec_10_19"":0.17,""rec_20_29"":0.11,""rec_30_39"":0.06,""rec_40p"":0.06,""rec_5_9"":0.11,""rec_fd"":0.57,""rec_td"":0.03,""rec_tgt"":0.69,""rec_yd"":5.71}"
20261006T1701Z,2026,5,10937,DEF,10937,,,,"{""adp_dd_ppr"":1000.0}"
20261006T1701Z,2026,5,10955,K,ARI,post,2026-10-04T17:00Z,7.47,"{""adp_dd_ppr"":999.0,""fga"":2.07,""fgm"":1.75,""fgm_20_29"":0.33,""fgm_30_39"":0.44,""fgm_40_49"":0.44,""fgm_50p"":0.27,""fgm_yds"":61.58,""fgmiss_30_39"":0.05,""fgmiss_40_49"":0.05,""fgmiss_50p"":0.14,""gp"":1.0,""pos_adp_dd_ppr"":999.0,""pts_half_ppr"":7.47,""pts_ppr"":7.47,""pts_std"":7.47,""xpa"":2.33,""xpm"":2.2,""xpmiss"":0.13}"
20261006T1701Z,2026,5,11008,DEF,11008,,,,"{""adp_dd_ppr"":1000.0}"
20261006T1701Z,2026,5,11034,WR,ARI,post,2026-10-04T17:00Z,0.37,"{""adp_dd_ppr"":307.0,""bonus_rec_wr"":0.14,""def_kr_yd"":16.82,""gp"":1.0,""pos_adp_dd_ppr"":132.0,""pts_half_ppr"":0.3,""pts_ppr"":0.37,""pts_std"":0.23,""rec"":0.14,""rec_0_4"":0.03,""rec_10_19"":0.04,""rec_20_29"":0.03,""rec_30_39"":0.01,""rec_40p"":0.01,""rec_5_9"":0.03,""rec_fd"":0.16,""rec_td"":0.01,""rec_tgt"":0.25,""rec_yd"":1.64}"
20261006T1701Z,2026,5,11056,WR,HOU,post,2026-10-04T17:00Z,2.12,"{""adp_dd_ppr"":241.0,""bonus_rec_wr"":0.84,""gp"":1.0,""pos_adp_dd_ppr"":105.0,""pts_half_ppr"":1.69,""pts_ppr"":2.12,""pts_std"":1.27,""rec"":0.84,""rec_0_4"":0.17,""rec_10_19"":0.25,""rec_20_29"":0.17,""rec_30_39"":0.08,""rec_40p"":0.08,""rec_5_9"":0.17,""rec_fd"":0.94,""rec_td"":0.05,""rec_tgt"":1.2,""rec_yd"":9.45}"
20261006T1701Z,2026,5,11058,K,NYJ,post,2026-10-04T17:00Z,,"{""adp_dd_ppr"":1000.0}"
20261006T1701Z,2026,5,11145,DEF,11145,,,,"{""adp_dd_ppr"":1000.0}"
20261006T1701Z,2026,5,11157,WR,CAR,post,2026-10-05T00:20Z,,"{""adp_dd_ppr"":1000.0}"
20261006T1701Z,2026,5,11199,RB,DAL,post,2026-10-04T17:00Z,,"{""adp_dd_ppr"":1000.0}"
20261006T1701Z,2026,5,11210,WR,ATL,post,2026-10-06T00:15Z,,"{""adp_dd_ppr"":1000.0}"
20261006T1701Z,2026,5,11237,RB,DET,post,2026-10-05T00:20Z,0.29,"{""adp_dd_ppr"":368.0,""bonus_rec_rb"":0.05,""gp"":1.0,""pos_adp_dd_ppr"":84.0,""pts_half_ppr"":0.26,""pts_ppr"":0.29,""pts_std"":0.24,""rec"":0.05,""rec_0_4"":0.01,""rec_10_19"":0.02,""rec_20_29"":0.01,""rec_30_39"":0.01,""rec_40p"":0.01,""rec_5_9"":0.01,""rec_fd"":0.05,""rec_tgt"":0.07,""rec_yd"":0.49,""rush_att"":0.26,""rush_fd"":0.13,""rush_td"":0.01,""rush_yd"":1.29}"
20261006T1701Z,2026,5,11256,QB,CHI,post,2026-10-04T17:00Z,13.97,"{""adp_dd_ppr"":160.0,""bonus_rush_td_qb"":0.18,""cmp_pct"":62.77,""fum"":0.4,""fum_lost"":0.18,""gp"":1.0,""pass_2pt"":0.05,""pass_att"":28.98,""pass_cmp"":18.19,""pass_cmp_40p"":0.37,""pass_fd"":20.41,""pass_inc"":10.79,""pass_int"":0.62,""pass_sack"":2.38,""pass_td"":0.96,""pass_yd"":204.05,""pos_adp_dd_ppr"":26.0,""pts_half_ppr"":13.97,""pts_ppr"":13.97,""pts_std"":13.97,""rush_2pt"":0.01,""rush_40p"":0.04,""rush_att"":4.35,""rush_fd"":1.73,""rush_td"":0.18,""rush_yd"":17.34}"
20261006T1701Z,2026,5,11261,K,CLE,post,2026-10-02T00:15Z,6.89,"{""adp_dd_ppr"":999.0,""fga"":1.92,""fgm"":1.6,""fgm_20_29"":0.28,""fgm_30_39"":0.39,""fgm_40_49"":0.39,""fgm_50p"":0.28,""fgm_yds"":55.71,""fgmiss_30_39"":0.05,""fgmiss_40_49"":0.05,""fgmiss_50p"":0.14,""gp"":1.0,""pos_adp_dd_ppr"":999.0,""pts_half_ppr"":6.89,""pts_ppr"":6.89,""pts_std"":6.89,""xpa"":2.11,""xpm"":2.05,""xpmiss"":0.06}"
20261006T1701Z,2026,5,11299,RB,CHI,post,2026-10-04T17:00Z,,"{""adp_dd_ppr"":1000.0}"
20261006T1701Z,2026,5,11306,WR,PHI,post,2026-10-04T17:00Z,,"{""adp_dd_ppr"":1000.0}"
20261006T1701Z,2026,5,11370,RB,GB,post,2026-10-04T17:00Z,6.05,"{""adp_dd_ppr"":186.0,""bonus_rec_rb"":1.22,""fum"":0.06,""fum_lost"":0.02,""gp"":1.0,""pos_adp_dd_ppr"":50.0,""pts_half_ppr"":5.44,""pts_ppr"":6.05,""pts_std"":4.84,""rec"":1.22,""rec_0_4"":0.24,""rec_10_19"":0.36,""rec_20_29"":0.24,""rec_30_39"":0.12,""rec_40p"":0.12,""rec_5_9"":0.24,""rec_fd"":0.95,""rec_td"":0.05,""rec_tgt"":1.67,""rec_yd"":9.54,""rush_2pt"":0.01,""rush_40p"":0.05,""rush_att"":5.35,""rush_fd"":2.7,""rush_td"":0.15,""rush_yd"":26.95}"
20261006T1701Z,2026,5,11371,TE,NE,post,2026-10-04T17:00Z,,"{""adp_dd_ppr"":1000.0}"
20261006T1701Z,2026,5,11377,WR,BUF,post,2026-10-04T17:00Z,,"{""adp_dd_ppr"":1000.0}"
20261006T1701Z,2026,5,11421,WR,MIA,post,2026-10-04T20:05Z,,"{""adp_dd_ppr"":1000.0}"
20261006T1701Z,2026,5,11433,TE,DEN,post,2026-10-04T20:25Z,1.83,"{""adp_dd_ppr"":254.0,""bonus_rec_te"":0.58,""fum"":0.01,""gp"":1.0,""pos_adp_dd_ppr"":50.0,""pts_half_ppr"":1.54,""pts_ppr"":1.83,""pts_std"":1.24,""rec"":0.58,""rec_0_4"":0.12,""rec_10_19"":0.18,""rec_20_29"":0.12,""rec_2pt"":0.01,""rec_30_39"":0.06,""rec_40p"":0.06,""rec_5_9"":0.12,""rec_fd"":0.63,""rec_td"":0.1,""rec_tgt"":0.86,""rec_yd"":6.29}"
20261006T1701Z,2026,5,11435,RB,SEA,post,2026-10-04T20:25Z,12.2,"{""adp_dd_ppr"":59.0,""bonus_rec_rb"":1.52,""fum"":0.16,""fum_lost"":0.07,""gp"":1.0,""pos_adp_dd_ppr"":22.0,""pts_half_ppr"":11.44,""pts_ppr"":12.2,""pts_std"":10.68,""rec"":1.52,""rec_0_4"":0.3,""rec_10_19"":0.46,""rec_20_29"":0.3,""rec_2pt"":0.01,""rec_30_39"":0.15,""rec_40p"":0.15,""rec_5_9"":0.3,""rec_fd"":1.08,""rec_td"":0.1,""rec_tgt"":1.89,""rec_yd"":10.76,""rush_2pt"":0.03,""rush_40p"":0.17,""rush_att"":15.94,""rush_fd"":5.87,""rush_td"":0.53,""rush_yd"":58.7}"
20261006T1701Z,2026,5,11439,RB,CLE,post,2026-10-02T00:15Z,1.72,"{""adp_dd_ppr"":286.0,""bonus_rec_rb"":0.21,""fum"":0.02,""fum_lost"":0.01,""gp"":1.0,""pos_adp_dd_ppr"":69.0,""pts_half_ppr"":1.61,""pts_ppr"":1.72,""pts_std"":1.51,""rec"":0.21,""rec_0_4"":0.04,""rec_10_19"":0.06,""rec_20_29"":0.04,""rec_30_39"":0.02,""rec_40p"":0.02,""rec_5_9"":0.04,""rec_fd"":0.15,""rec_td"":0.02,""rec_tgt"":0.28,""rec_yd"":1.48,""rush_40p"":0.02,""rush_att"":1.75,""rush_fd"":0.98,""rush_td"":0.05,""rush_yd"":9.78}"
20261006T1701Z,2026,5,11510,FB,DAL,post,2026-10-04T17:00Z,1.01,"{""adp_dd_ppr"":999.0,""fum"":0.01,""gp"":1.0,""pos_adp_dd_ppr"":999.0,""pts_half_ppr"":0.87,""pts_ppr"":1.01,""pts_std"":0.72,""rec"":0.29,""rec_0_4"":0.06,""rec_10_19"":0.09,""rec_20_29"":0.06,""rec_30_39"":0.03,""rec_40p"":0.03,""rec_5_9"":0.06,""rec_fd"":0.26,""rec_td"":0.02,""rec_tgt"":0.35,""rec_yd"":2.64,""rush_40p"":0.01,""rush_att"":0.67,""rush_fd"":0.27,""rush_td"":0.01,""rush_yd"":2.67}"
20261006T1701Z,2026,5,11533,K,DAL,post,2026-10-04T17:00Z,9.51,"{""adp_dd_ppr"":999.0,""fga"":2.58,""fgm"":2.24,""fgm_20_29"":0.38,""fgm_30_39"":0.49,""fgm_40_49"":0.49,""fgm_50p"":0.44,""fgm_yds"":76.34,""fgmiss_30_39"":0.04,""fgmiss_40_49"":0.04,""fgmiss_50p"":0.13,""gp"":1.0,""pos_adp_dd_ppr"":999.0,""pts_half_ppr"":9.51,""pts_ppr"":9.51,""pts_std"":9.51,""xpa"":2.99,""xpm"":2.86,""xpmiss"":0.14}"
20261006T1701Z,2026,5,11539,K,DET,post,2026-10-05T00:20Z,8.32,"{""adp_dd_ppr"":999.0,""fga"":2.15,""fgm"":1.83,""fgm_20_29"":0.31,""fgm_30_39"":0.47,""fgm_40_49"":0.42,""fgm_50p"":0.31,""fgm_yds"":63.7,""fgmiss_30_39"":0.04,""fgmiss_40_49"":0.04,""fgmiss_50p"":0.12,""gp"":1.0,""pos_adp_dd_ppr"":999.0,""pts_half_ppr"":8.32,""pts_ppr"":8.32,""pts_std"":8.32,""xpa"":2.97,""xpm"":2.84,""xpmiss"":0.13}"
20261006T1701Z,2026,5,11557,QB,DAL,post,2026-10-04T17:00Z,,"{""adp_dd_ppr"":1000.0}"
20261006T1701Z,2026,5,11559,QB,ATL,post,2026-10-06T00:15Z,14.68,"{""adp_dd_ppr"":147.0,""bonus_rush_td_qb"":0.2,""cmp_pct"":59.5,""fum"":0.39,""fum_lost"":0.17,""gp"":1.0,""pass_2pt"":0.06,""pass_att"":29.29,""pass_cmp"":17.43,""pass_cmp_40p"":0.36,""pass_fd"":22.32,""pass_inc"":11.86,""pass_int"":0.48,""pass_sack"":2.36,""pass_td"":1.03,""pass_yd"":223.21,""pos_adp_dd_ppr"":24.0,""pts_half_ppr"":14.68,""pts_ppr"":14.68,""pts_std"":14.68,""rush_2pt"":0.01,""rush_40p"":0.03,""rush_att"":3.13,""rush_fd"":1.12,""rush_td"":0.2,""rush_yd"":11.19}"
20261006T1701Z,2026,5,11560,QB,CHI,post,2026-10-04T17:00Z,,"{""adp_dd_ppr"":1000.0}"
20261006T1701Z,2026,5,11562,QB,NO,post,2026-10-06T00:15Z,,"{""adp_dd_ppr"":1000.0}"
20261006T1701Z,2026,5,11563,QB,DEN,post,2026-10-04T20:25Z,17.64,"{""adp_dd_ppr"":74.0,""bonus_rush_td_qb"":0.28,""cmp_pct"":64.0,""fum"":0.44,""fum_lost"":0.19,""gp"":1.0,""pass_2pt"":0.08,""pass_att"":33.18,""pass_cmp"":21.23,""pass_cmp_40p"":0.43,""pass_fd"":23.19,""pass_inc"":11.94,""pass_int"":1.03,""pass_sack"":2.67,""pass_td"":1.52,""pass_yd"":231.94,""pos_adp_dd_ppr"":9.0,""pts_half_ppr"":17.64,""pts_ppr"":17.64,""pts_std"":17.64,""rush_2pt"":0.01,""rush_40p"":0.05,""rush_att"":4.68,""rush_fd"":1.84,""rush_td"":0.28,""rush_yd"":18.44}"
20261006T1701Z,2026,5,11564,QB,NE,post,2026-10-04T17:00Z,19.31,"{""adp_dd_ppr"":52.0,""bonus_rush_td_qb"":0.25,""cmp_pct"":67.97,""fum"":0.43,""fum_lost"":0.19,""gp"":1.0,""pass_2pt"":0.08,""pass_att"":30.9,""pass_cmp"":21.01,""pass_cmp_40p"":0.43,""pass_fd"":22.8,""pass_inc"":9.9,""pass_int"":0.72,""pass_sack"":2.54,""pass_td"":1.45,""pass_yd"":227.97,""pos_adp_dd_ppr"":5.0,""pts_half_ppr"":19.31,""pts_ppr"":19.31,""pts_std"":19.31,""rush_2pt"":0.02,""rush_40p"":0.07,""rush_att"":6.41,""rush_fd"":3.79,""rush_td"":0.25,""rush_yd"":37.9}"
20261006T1701Z,2026,5,11565,QB,NYG,post,2026-10-04T17:00Z,,"{""adp_dd_ppr"":1000.0}"
20261006T1701Z,2026,5,11566,QB,WAS,post,2026-10-04T13:30Z,17.15,"{""adp_dd_ppr"":85.0,""bonus_rush_td_qb"":0.28,""cmp_pct"":64.63,""fum"":0.39,""fum_lost"":0.17,""gp"":1.0,""pass_2pt"":0.06,""pass_att"":29.71,""pass_cmp"":19.2,""pass_cmp_40p"":0.39,""pass_fd"":17.16,""pass_inc"":10.51,""pass_int"":0.46,""pass_sack"":2.41,""pass_td"":1.16,""pass_yd"":171.64,""pos_adp_dd_ppr"":11.0,""pts_half_ppr"":17.15,""pts_ppr"":17.15,""pts_std"":17.15,""rush_2pt"":0.01,""rush_40p"":0.08,""rush_att"":7.82,""rush_fd"":4.63,""rush_td"":0.28,""rush_yd"":46.28}"
20261006T1701Z,2026,5,11569,RB,MIA,post,2026-10-04T20:05Z,,"{""adp_dd_ppr"":1000.0}"
20261006T1701Z,2026,5,11570,RB,BAL,post,2026-10-04T17:00Z,0.25,"{""adp_dd_ppr"":371.0,""bonus_rec_rb"":0.08,""def_kr_yd"":53.86,""gp"":1.0,""pos_adp_dd_ppr"":87.0,""pts_half_ppr"":0.21,""pts_ppr"":0.25,""pts_std"":0.17,""rec"":0.08,""rec_0_4"":0.02,""rec_10_19"":0.03,""rec_20_29"":0.02,""rec_30_39"":0.01,""rec_40p"":0.01,""rec_5_9"":0.02,""rec_fd"":0.08,""rec_td"":0.01,""rec_tgt"":0.11,""rec_yd"":0.76,""rush_att"":0.12,""rush_fd"":0.04,""rush_yd"":0.43}"
20261006T1701Z,2026,5,11571,RB,NYJ,post,2026-10-04T17:00Z,0.75,"{""adp_dd_ppr"":361.0,""bonus_rec_rb"":0.13,""def_kr_yd"":15.56,""fum"":0.01,""gp"":1.0,""pos_adp_dd_ppr"":78.0,""pts_half_ppr"":0.69,""pts_ppr"":0.75,""pts_std"":0.63,""rec"":0.13,""rec_0_4"":0.03,""rec_10_19"":0.04,""rec_20_29"":0.03,""rec_30_39"":0.01,""rec_40p"":0.01,""rec_5_9"":0.03,""rec_fd"":0.1,""rec_td"":0.01,""rec_tgt"":0.14,""rec_yd"":1.01,""rush_40p"":0.01,""rush_att"":0.58,""rush_fd"":0.3,""rush_td"":0.03,""rush_yd"":3.02}"
20261006T1701Z,2026,5,11573,RB,BUF,post,2026-10-04T17:00Z,,"{""adp_dd_ppr"":1000.0}"
20261006T1701Z,2026,5,11574,RB,LV,post,2026-10-04T20:25Z,0.46,"{""adp_dd_ppr"":366.0,""bonus_rec_rb"":0.1,""def_kr_yd"":47.04,""fum"":0.01,""gp"":1.0,""pos_adp_dd_ppr"":82.0,""pts_half_ppr"":0.41,""pts_ppr"":0.46,""pts_std"":0.36,""rec"":0.1,""rec_0_4"":0.02,""rec_10_19"":0.03,""rec_20_29"":0.02,""rec_30_39"":0.01,""rec_40p"":0.01,""rec_5_9"":0.02,""rec_fd"":0.06,""rec_tgt"":0.12,""rec_yd"":0.64,""rush_40p"":0.01,""rush_att"":0.57,""rush_fd"":0.18,""rush_td"":0.02,""rush_yd"":1.76}"
20261006T1701Z,2026,5,11575,RB,BUF,post,2026-10-04T17:00Z,0.93,"{""adp_dd_ppr"":346.0,""bonus_rec_rb"":0.11,""def_kr_yd"":44.87,""fum"":0.01,""fum_lost"":0.01,""gp"":1.0,""pos_adp_dd_ppr"":75.0,""pts_half_ppr"":0.88,""pts_ppr"":0.93,""pts_std"":0.82,""rec"":0.11,""rec_0_4"":0.02,""rec_10_19"":0.03,""rec_20_29"":0.02,""rec_30_39"":0.01,""rec_40p"":0.01,""rec_5_9"":0.02,""rec_fd"":0.09,""rec_td"":0.01,""rec_tgt"":0.13,""rec_yd"":0.92,""rush_40p"":0.01,""rush_att"":1.11,""rush_fd"":0.56,""rush_td"":0.02,""rush_yd"":5.58}"
20261006T1701Z,2026,5,11576,RB,NYJ,post,2026-10-04T17:00Z,8.94,"{""adp_dd_ppr"":124.0,""bonus_rec_rb"":1.45,""def_kr_yd"":1.45,""fum"":0.1,""fum_lost"":0.04,""gp"":1.0,""pos_adp_dd_ppr"":35.0,""pts_half_ppr"":8.22,""pts_ppr"":8.94,""pts_std"":7.49,""rec"":1.45,""rec_0_4"":0.29,""rec_10_19"":0.44,""rec_20_29"":0.29,""rec_30_39"":0.15,""rec_40p"":0.15,""rec_5_9"":0.29,""rec_fd"":0.89,""rec_td"":0.07,""rec_tgt"":1.77,""rec_yd"":8.93,""rush_2pt"":0.02,""rush_40p"":0.09,""rush_att"":9.77,""rush_fd"":3.82,""rush_td"":0.4,""rush_yd"":38.23}"
20261006T1701Z,2026,5,11577,RB,PHI,post,2026-10-04T17:00Z,6.83,"{""adp_dd_ppr"":174.0,""bonus_rec_rb"":1.7,""def_kr_yd"":34.09,""fum"":0.09,""fum_lost"":0.04,""gp"":1.0,""pos_adp_dd_ppr"":44.0,""pts_half_ppr"":5.98,""pts_ppr"":6.83,""pts_std"":5.13,""rec"":1.7,""rec_0_4"":0.34,""rec_10_19"":0.51,""rec_20_29"":0.34,""rec_30_39"":0.17,""rec_40p"":0.17,""rec_5_9"":0.34,""rec_fd"":1.14,""rec_td"":0.06,""rec_tgt"":2.07,""rec_yd"":11.43,""rush_2pt"":0.01,""rush_40p"":0.09,""rush_att"":9.9,""rush_fd"":2.66,""rush_td"":0.17,""rush_yd"":26.6}"
20261006T1701Z,2026,5,11579,RB,MIN,post,2026-10-04T20:05Z,,"{""adp_dd_ppr"":1000.0}"
20261006T1701Z,2026,5,11581,RB,GB,post,2026-10-04T17:00Z,8.54,"{""adp_dd_ppr"":137.0,""bonus_rec_rb"":1.43,""fum"":0.08,""fum_lost"":0.04,""gp"":1.0,""pos_adp_dd_ppr"":39.0,""pts_half_ppr"":7.82,""pts_ppr"":8.54,""pts_std"":7.11,""rec"":1.43,""rec_0_4"":0.29,""rec_10_19"":0.43,""rec_20_29"":0.29,""rec_2pt"":0.01,""rec_30_39"":0.14,""rec_40p"":0.14,""rec_5_9"":0.29,""rec_fd"":1.25,""rec_td"":0.07,""rec_tgt"":2.0,""rec_yd"":12.48,""rush_2pt"":0.02,""rush_40p"":0.08,""rush_att"":8.22,""rush_fd"":3.66,""rush_td"":0.3,""rush_yd"":36.62}"
20261006T1701Z,2026,5,11583,RB,CAR,post,2026-10-05T00:20Z,,"{""adp_dd_ppr"":1000.0}"
20261006T1701Z,2026,5,11584,RB,TB,post,2026-10-04T17:00Z,15.59,"{""adp_dd_ppr"":26.0,""bonus_rec_rb"":3.38,""fum"":0.17,""fum_lost"":0.08,""gp"":1.0,""pos_adp_dd_ppr"":10.0,""pts_half_ppr"":13.9,""pts_ppr"":15.59,""pts_std"":12.21,""rec"":3.38,""rec_0_4"":0.68,""rec_10_19"":1.01,""rec_20_29"":0.68,""rec_2pt"":0.01,""rec_30_39"":0.34,""rec_40p"":0.34,""rec_5_9"":0.68,""rec_fd"":2.32,""rec_td"":0.13,""rec_tgt"":3.8,""rec_yd"":23.17,""rush_2pt"":0.02,""rush_40p"":0.16,""rush_att"":16.86,""rush_fd"":7.52,""rush_td"":0.28,""rush_yd"":75.16}"
20261006T1701Z,2026,5,11586,RB,LAR,post,2026-10-04T17:00Z,7.14,"{""adp_dd_ppr"":168.0,""bonus_rec_rb"":0.55,""def_kr_yd"":21.56,""fum"":0.09,""fum_lost"":0.04,""gp"":1.0,""pos_adp_dd_ppr"":42.0,""pts_half_ppr"":6.87,""pts_ppr"":7.14,""pts_std"":6.59,""rec"":0.55,""rec_0_4"":0.11,""rec_10_19"":0.17,""rec_20_29"":0.11,""rec_30_39"":0.06,""rec_40p"":0.06,""rec_5_9"":0.11,""rec_fd"":0.4,""rec_td"":0.04,""rec_tgt"":0.89,""rec_yd"":3.97,""rush_2pt"":0.02,""rush_40p"":0.09,""rush_att"":8.48,""rush_fd"":4.32,""rush_td"":0.28,""rush_yd"":43.22}"
20261006T1701Z,2026,5,11588,RB,HOU,post,2026-10-04T17:00Z,,"{""adp_dd_ppr"":1000.0}"
20261006T1701Z,2026,5,11589,RB,ARI,post,2026-10-04T17:00Z,,"{""adp_dd_ppr"":1000.0}"
20261006T1701Z,2026,5,11592,TE,CIN,post,2026-10-04T17:00Z,1.58,"{""adp_dd_ppr"":262.0,""bonus_rec_te"":0.68,""fum"":0.01,""gp"":1.0,""pos_adp_dd_ppr"":56.0,""pts_half_ppr"":1.24,""pts_ppr"":1.58,""pts_std"":0.9,""rec"":0.68,""rec_0_4"":0.14,""rec_10_19"":0.2,""rec_20_29"":0.14,""rec_30_39"":0.07,""rec_40p"":0.07,""rec_5_9"":0.14,""rec_fd"":0.65,""rec_td"":0.04,""rec_tgt"":0.82,""rec_yd"":6.48}"
20261006T1701Z,2026,5,11595,TE,KC,post,2026-10-04T20:25Z,,"{""adp_dd_ppr"":1000.0}"
20261006T1701Z,2026,5,11596,TE,WAS,post,2026-10-04T13:30Z,1.0,"{""adp_dd_ppr"":290.0,""bonus_rec_te"":0.46,""gp"":1.0,""pos_adp_dd_ppr"":70.0,""pts_half_ppr"":0.77,""pts_ppr"":1.0,""pts_std"":0.54,""rec"":0.46,""rec_0_4"":0.09,""rec_10_19"":0.14,""rec_20_29"":0.09,""rec_30_39"":0.05,""rec_40p"":0.05,""rec_5_9"":0.09,""rec_fd"":0.37,""rec_td"":0.03,""rec_tgt"":0.59,""rec_yd"":3.68}"
20261006T1701Z,2026,5,11597,TE,NYG,post,2026-10-04T17:00Z,3.2,"{""adp_dd_ppr"":225.0,""bonus_rec_te"":1.07,""fum"":0.01,""gp"":1.0,""pos_adp_dd_ppr"":38.0,""pts_half_ppr"":2.67,""pts_ppr"":3.2,""pts_std"":2.14,""rec"":1.07,""rec_0_4"":0.21,""rec_10_19"":0.32,""rec_20_29"":0.21,""rec_30_39"":0.11,""rec_40p"":0.11,""rec_5_9"":0.21,""rec_fd"":1.51,""rec_td"":0.1,""rec_tgt"":1.98,""rec_yd"":15.06}"
20261006T1701Z,2026,5,11599,TE,HOU,post,2026-10-04T17:00Z,0.86,"{""adp_dd_ppr"":296.0,""bonus_rec_te"":0.37,""gp"":1.0,""pos_adp_dd_ppr"":73.0,""pts_half_ppr"":0.68,""pts_ppr"":0.86,""pts_std"":0.5,""rec"":0.37,""rec_0_4"":0.07,""rec_10_19"":0.11,""rec_20_29"":0.07,""rec_30_39"":0.04,""rec_40p"":0.04,""rec_5_9"":0.07,""rec_fd"":0.32,""rec_td"":0.02,""rec_tgt"":0.45,""rec_yd"":3.22,""rush_att"":0.13,""rush_fd"":0.05,""rush_yd"":0.45}"
20261006T1701Z,2026,5,11600,TE,CAR,post,2026-10-05T00:20Z,,"{""adp_dd_ppr"":1000.0}"
20261006T1701Z,2026,5,11603,TE,SEA,post,2026-10-04T20:25Z,8.81,"{""adp_dd_ppr"":106.0,""bonus_rec_te"":3.25,""fum"":0.04,""fum_lost"":0.02,""gp"":1.0,""pos_adp_dd_ppr"":18.0,""pts_half_ppr"":7.18,""pts_ppr"":8.81,""pts_std"":5.56,""rec"":3.25,""rec_0_4"":0.65,""rec_10_19"":0.97,""rec_20_29"":0.65,""rec_2pt"":0.01,""rec_30_39"":0.32,""rec_40p"":0.32,""rec_5_9"":0.65,""rec_fd"":3.31,""rec_td"":0.28,""rec_tgt"":4.52,""rec_yd"":33.13,""rush_40p"":0.01,""rush_att"":0.62,""rush_fd"":0.2,""rush_td"":0.06,""rush_yd"":1.97}"
20261006T1701Z,2026,5,11604,TE,LV,post,2026-10-04T20:25Z,15.5,"{""adp_dd_ppr"":23.0,""bonus_rec_te"":6.38,""fum"":0.05,""fum_lost"":0.02,""gp"":1.0,""pos_adp_dd_ppr"":2.0,""pts_half_ppr"":12.31,""pts_ppr"":15.5,""pts_std"":9.12,""rec"":6.38,""rec_0_4"":1.28,""rec_10_19"":1.91,""rec_20_29"":1.28,""rec_2pt"":0.03,""rec_30_39"":0.64,""rec_40p"":0.64,""rec_5_9"":1.28,""rec_fd"":6.09,""rec_td"":0.48,""rec_tgt"":8.27,""rec_yd"":60.9,""rush_att"":0.25,""rush_fd"":0.09,""rush_td"":0.01,""rush_yd"":0.94}"
20261006T1701Z,2026,5,11605,DEF,11605,,,,"{""adp_dd_ppr"":1000.0}"
20261006T1701Z,2026,5,11608,WR,NYJ,post,2026-10-04T17:00Z,6.69,"{""adp_dd_ppr"":155.0,""bonus_rec_wr"":3.04,""def_kr_yd"":35.1,""fum"":0.03,""fum_lost"":0.01,""gp"":1.0,""pos_adp_dd_ppr"":64.0,""pr"":1.15,""pr_td"":0.06,""pr_yd"":11.58,""pts_half_ppr"":5.17,""pts_ppr"":6.69,""pts_std"":3.65,""rec"":3.04,""rec_0_4"":0.61,""rec_10_19"":0.91,""rec_20_29"":0.61,""rec_2pt"":0.01,""rec_30_39"":0.3,""rec_40p"":0.3,""rec_5_9"":0.61,""rec_fd"":2.81,""rec_td"":0.11,""rec_tgt"":3.85,""rec_yd"":28.15,""rush_att"":0.23,""rush_fd"":0.15,""rush_td"":0.01,""rush_yd"":1.46}"
20261006T1701Z,2026,5,11610,WR,MIA,post,2026-10-04T20:05Z,10.66,"{""adp_dd_ppr"":66.0,""bonus_rec_wr"":3.86,""def_kr_yd"":31.52,""fum"":0.05,""fum_lost"":0.02,""gp"":1.0,""pos_adp_dd_ppr"":31.0,""pr"":1.25,""pr_yd"":12.71,""pts_half_ppr"":8.74,""pts_ppr"":10.66,""pts_std"":6.81,""rec"":3.86,""rec_0_4"":0.77,""rec_10_19"":1.16,""rec_20_29"":0.77,""rec_2pt"":0.01,""rec_30_39"":0.39,""rec_40p"":0.39,""rec_5_9"":0.77,""rec_fd"":4.74,""rec_td"":0.2,""rec_tgt"":6.52,""rec_yd"":47.41,""rush_2pt"":0.01,""rush_40p"":0.02,""rush_att"":1.04,""rush_fd"":0.53,""rush_td"":0.05,""rush_yd"":5.34}"
20261006T1701Z,2026,5,11615,DEF,11615,,,,"{""adp_dd_ppr"":1000.0}"
20261006T1701Z,2026,5,11616,WR,SF,post,2026-10-04T20:25Z,3.11,"{""adp_dd_ppr"":218.0,""bonus_rec_wr"":1.2,""def_kr_yd"":32.07,""fum"":0.01,""fum_lost"":0.01,""gp"":1.0,""pos_adp_dd_ppr"":95.0,""pr"":0.99,""pr_yd"":9.87,""pts_half_ppr"":2.51,""pts_ppr"":3.11,""pts_std"":1.91,""rec"":1.2,""rec_0_4"":0.24,""rec_10_19"":0.36,""rec_20_29"":0.24,""rec_2pt"":0.01,""rec_30_39"":0.12,""rec_40p"":0.12,""rec_5_9"":0.24,""rec_fd"":1.43,""rec_td"":0.08,""rec_tgt"":2.01,""rec_yd"":14.34}"
20261006T1701Z,2026,5,11617,WR,CLE,post,2026-10-02T00:15Z,0.21,"{""adp_dd_ppr"":321.0,""bonus_rec_wr"":0.04,""def_kr_yd"":30.21,""gp"":1.0,""pos_adp_dd_ppr"":141.0,""pr"":0.15,""pr_yd"":1.55,""pts_half_ppr"":0.19,""pts_ppr"":0.21,""pts_std"":0.17,""rec"":0.04,""rec_0_4"":0.01,""rec_10_19"":0.01,""rec_20_29"":0.01,""rec_5_9"":0.01,""rec_fd"":0.04,""rec_tgt"":0.06,""rec_yd"":0.44,""rush_att"":0.13,""rush_fd"":0.1,""rush_yd"":0.98}"
20261006T1701Z,2026,5,11618,WR,TB,post,2026-10-04T17:00Z,,"{""adp_dd_ppr"":1000.0}"
20261006T1701Z,2026,5,11619,DEF,11619,,,,"{""adp_dd_ppr"":1000.0}"
20261006T1701Z,2026,5,11620,WR,CHI,post,2026-10-04T17:00Z,9.3,"{""adp_dd_ppr"":92.0,""bonus_rec_wr"":3.28,""fum"":0.03,""fum_lost"":0.01,""gp"":1.0,""pos_adp_dd_ppr"":41.0,""pts_half_ppr"":7.66,""pts_ppr"":9.3,""pts_std"":6.02,""rec"":3.28,""rec_0_4"":0.66,""rec_10_19"":0.98,""rec_20_29"":0.66,""rec_2pt"":0.01,""rec_30_39"":0.33,""rec_40p"":0.33,""rec_5_9"":0.66,""rec_fd"":4.75,""rec_td"":0.21,""rec_tgt"":5.39,""rec_yd"":47.46,""rush_att"":0.01,""rush_fd"":0.01,""rush_yd"":0.06}"
20261006T1701Z,2026,5,11621,DEF,11621,,,,"{""adp_dd_ppr"":1000.0}"
20261006T1701Z,2026,5,11623,WR,LAR,post,2026-10-04T17:00Z,1.75,"{""adp_dd_ppr"":249.0,""bonus_rec_wr"":0.66,""def_kr_yd"":23.95,""fum"":0.01,""gp"":1.0,""pos_adp_dd_ppr"":109.0,""pts_half_ppr"":1.42,""pts_ppr"":1.75,""pts_std"":1.08,""rec"":0.66,""rec_0_4"":0.13,""rec_10_19"":0.2,""rec_20_29"":0.13,""rec_30_39"":0.07,""rec_40p"":0.07,""rec_5_9"":0.13,""rec_fd"":0.75,""rec_td"":0.05,""rec_tgt"":1.03,""rec_yd"":7.48,""rush_att"":0.06,""rush_fd"":0.03,""rush_yd"":0.31}"
20261006T1701Z,2026,5,11624,WR,KC,post,2026-10-04T20:25Z,,"{""adp_dd_ppr"":1000.0}"
20261006T1701Z,2026,5,11625,WR,NYJ,post,2026-10-04T17:00Z,6.36,"{""adp_dd_ppr"":161.0,""bonus_rec_wr"":2.41,""def_kr_yd"":2.71,""fum"":0.02,""fum_lost"":0.01,""gp"":1.0,""pos_adp_dd_ppr"":68.0,""pts_half_ppr"":5.16,""pts_ppr"":6.36,""pts_std"":3.95,""rec"":2.41,""rec_0_4"":0.48,""rec_10_19"":0.72,""rec_20_29"":0.48,""rec_2pt"":0.01,""rec_30_39"":0.24,""rec_40p"":0.24,""rec_5_9"":0.48,""rec_fd"":3.13,""rec_td"":0.13,""rec_tgt"":4.56,""rec_yd"":31.28,""rush_att"":0.06,""rush_fd"":0.02,""rush_yd"":0.21}"
20261006T1701Z,2026,5,11626,WR,CAR,post,2026-10-05T00:20Z,,"{""adp_dd_ppr"":1000.0}"
20261006T1701Z,2026,5,11627,WR,DEN,post,2026-10-04T20:25Z,7.15,"{""adp_dd_ppr"":146.0,""bonus_rec_wr"":2.41,""fum"":0.03,""fum_lost"":0.01,""gp"":1.0,""pos_adp_dd_ppr"":57.0,""pts_half_ppr"":5.95,""pts_ppr"":7.15,""pts_std"":4.74,""rec"":2.41,""rec_0_4"":0.48,""rec_10_19"":0.72,""rec_20_29"":0.48,""rec_2pt"":0.01,""rec_30_39"":0.24,""rec_40p"":0.24,""rec_5_9"":0.48,""rec_fd"":3.46,""rec_td"":0.2,""rec_tgt"":4.31,""rec_yd"":34.62,""rush_att"":0.11,""rush_fd"":0.04,""rush_yd"":0.41}"
20261006T1701Z,2026,5,11628,WR,ARI,post,2026-10-04T17:00Z,5.86,"{""adp_dd_ppr"":172.0,""bonus_rec_wr"":1.84,""fum"":0.02,""fum_lost"":0.01,""gp"":1.0,""pos_adp_dd_ppr"":73.0,""pts_half_ppr"":4.93,""pts_ppr"":5.86,""pts_std"":4.01,""rec"":1.84,""rec_0_4"":0.37,""rec_10_19"":0.55,""rec_20_29"":0.37,""rec_2pt"":0.01,""rec_30_39"":0.18,""rec_40p"":0.18,""rec_5_9"":0.37,""rec_fd"":2.82,""rec_td"":0.2,""rec_tgt"":4.05,""rec_yd"":28.16}"
20261006T1701Z,2026,5,11629,WR,BAL,post,2026-10-04T17:00Z,3.71,"{""adp_dd_ppr"":205.0,""bonus_rec_wr"":0.98,""fum"":0.01,""gp"":1.0,""pos_adp_dd_ppr"":85.0,""pts_half_ppr"":3.21,""pts_ppr"":3.71,""pts_std"":2.72,""rec"":0.98,""rec_0_4"":0.2,""rec_10_19"":0.3,""rec_20_29"":0.2,""rec_2pt"":0.01,""rec_30_39"":0.1,""rec_40p"":0.1,""rec_5_9"":0.2,""rec_fd"":2.0,""rec_td"":0.11,""rec_tgt"":1.96,""rec_yd"":19.95,""rush_att"":0.06,""rush_fd"":0.03,""rush_yd"":0.25}"
20261006T1701Z,2026,5,11630,WR,PIT,post,2026-10-02T00:15Z,6.25,"{""adp_dd_ppr"":163.0,""bonus_rec_wr"":2.03,""def_kr_yd"":4.39,""fum"":0.02,""fum_lost"":0.01,""gp"":1.0,""pos_adp_dd_ppr"":70.0,""pts_half_ppr"":5.23,""pts_ppr"":6.25,""pts_std"":4.21,""rec"":2.03,""rec_0_4"":0.41,""rec_10_19"":0.61,""rec_20_29"":0.41,""rec_2pt"":0.01,""rec_30_39"":0.2,""rec_40p"":0.2,""rec_5_9"":0.41,""rec_fd"":2.69,""rec_td"":0.25,""rec_tgt"":3.58,""rec_yd"":26.86,""rush_att"":0.03,""rush_fd"":0.01,""rush_yd"":0.11}"
20261006T1701Z,2026,5,11631,WR,JAX,post,2026-10-04T17:00Z,6.86,"{""adp_dd_ppr"":149.0,""bonus_rec_wr"":2.42,""fum"":0.03,""fum_lost"":0.01,""gp"":1.0,""pos_adp_dd_ppr"":58.0,""pts_half_ppr"":5.65,""pts_ppr"":6.86,""pts_std"":4.44,""rec"":2.42,""rec_0_4"":0.48,""rec_10_19"":0.73,""rec_20_29"":0.48,""rec_2pt"":0.01,""rec_30_39"":0.24,""rec_40p"":0.24,""rec_5_9"":0.48,""rec_fd"":3.37,""rec_td"":0.15,""rec_tgt"":4.35,""rec_yd"":33.71,""rush_att"":0.22,""rush_fd"":0.11,""rush_td"":0.01,""rush_yd"":1.1}"
20261006T1701Z,2026,5,11632,WR,NYG,post,2026-10-04T17:00Z,14.56,"{""adp_dd_ppr"":27.0,""bonus_rec_wr"":5.2,""fum"":0.05,""fum_lost"":0.02,""gp"":1.0,""pos_adp_dd_ppr"":15.0,""pts_half_ppr"":11.96,""pts_ppr"":14.56,""pts_std"":9.36,""rec"":5.2,""rec_0_4"":1.04,""rec_10_19"":1.56,""rec_20_29"":1.04,""rec_2pt"":0.02,""rec_30_39"":0.52,""rec_40p"":0.52,""rec_5_9"":1.04,""rec_fd"":6.9,""rec_td"":0.39,""rec_tgt"":9.28,""rec_yd"":69.0,""rush_att"":0.29,""rush_fd"":0.11,""rush_td"":0.01,""rush_yd"":1.09}"
20261006T1701Z,2026,5,11633,DEF,11633,,,,"{""adp_dd_ppr"":1000.0}"
20261006T1701Z,2026,5,11635,WR,LAC,post,2026-10-04T20:25Z,7.91,"{""adp_dd_ppr"":127.0,""bonus_rec_wr"":2.68,""def_kr_yd"":1.65,""fum"":0.03,""fum_lost"":0.01,""gp"":1.0,""pos_adp_dd_ppr"":52.0,""pr"":0.24,""pr_yd"":2.59,""pts_half_ppr"":6.57,""pts_ppr"":7.91,""pts_std"":5.23,""rec"":2.68,""rec_0_4"":0.54,""rec_10_19"":0.8,""rec_20_29"":0.54,""rec_2pt"":0.01,""rec_30_39"":0.27,""rec_40p"":0.27,""rec_5_9"":0.54,""rec_fd"":3.77,""rec_td"":0.23,""rec_tgt"":4.49,""rec_yd"":37.7,""rush_att"":0.11,""rush_fd"":0.05,""rush_yd"":0.51}"
20261006T1701Z,2026,5,11636,WR,PHI,post,2026-10-04T17:00Z,,"{""adp_dd_ppr"":1000.0}"
20261006T1701Z,2026,5,11637,WR,BUF,post,2026-10-04T17:00Z,9.15,"{""adp_dd_ppr"":96.0,""bonus_rec_wr"":3.28,""fum"":0.04,""fum_lost"":0.02,""gp"":1.0,""pos_adp_dd_ppr"":42.0,""pts_half_ppr"":7.51,""pts_ppr"":9.15,""pts_std"":5.88,""rec"":3.28,""rec_0_4"":0.66,""rec_10_19"":0.98,""rec_20_29"":0.66,""rec_2pt"":0.01,""rec_30_39"":0.33,""rec_40p"":0.33,""rec_5_9"":0.66,""rec_fd"":4.69,""rec_td"":0.19,""rec_tgt"":5.15,""rec_yd"":46.88,""rush_att"":0.04,""rush_fd"":0.02,""rush_yd"":0.18}"
20261006T1701Z,2026,5,11638,WR,SF,post,2026-10-04T20:25Z,,"{""adp_dd_ppr"":1000.0}"
20261006T1701Z,2026,5,11640,DEF,11640,,,,"{""adp_dd_ppr"":1000.0}"
20261006T1701Z,2026,5,11643,RB,MIA,post,2026-10-04T20:05Z,5.25,"{""adp_dd_ppr"":197.0,""bonus_rec_rb"":0.88,""fum"":0.05,""fum_lost"":0.02,""gp"":1.0,""pos_adp_dd_ppr"":55.0,""pts_half_ppr"":4.81,""pts_ppr"":5.25,""pts_std"":4.37,""rec"":0.88,""rec_0_4"":0.18,""rec_10_19"":0.26,""rec_20_29"":0.18,""rec_30_39"":0.09,""rec_40p"":0.09,""rec_5_9"":0.18,""rec_fd"":0.83,""rec_td"":0.04,""rec_tgt"":1.28,""rec_yd"":8.3,""rush_2pt"":0.01,""rush_40p"":0.05,""rush_att"":5.78,""rush_fd"":2.28,""rush_td"":0.17,""rush_yd"":22.82}"
20261006T1701Z,2026,5,11645,DEF,11645,,,,"{""adp_dd_ppr"":1000.0}"
20261006T1701Z,2026,5,11646,WR,CAR,post,2026-10-05T00:20Z,,"{""adp_dd_ppr"":1000.0}"
20261006T1701Z,2026,5,11647,RB,LAC,post,2026-10-04T20:25Z,5.34,"{""adp_dd_ppr"":194.0,""bonus_rec_rb"":1.42,""def_kr_yd"":19.87,""fum"":0.05,""fum_lost"":0.02,""gp"":1.0,""pos_adp_dd_ppr"":53.0,""pts_half_ppr"":4.63,""pts_ppr"":5.34,""pts_std"":3.92,""rec"":1.42,""rec_0_4"":0.28,""rec_10_19"":0.43,""rec_20_29"":0.28,""rec_2pt"":0.01,""rec_30_39"":0.14,""rec_40p"":0.14,""rec_5_9"":0.28,""rec_fd"":1.08,""rec_td"":0.09,""rec_tgt"":2.09,""rec_yd"":10.79,""rush_40p"":0.03,""rush_att"":3.48,""rush_fd"":1.63,""rush_td"":0.12,""rush_yd"":16.26}"
20261006T1701Z,2026,5,11650,WR,WAS,post,2026-10-04T13:30Z,0.44,"{""adp_dd_ppr"":305.0,""bonus_rec_wr"":0.17,""def_kr_yd"":26.34,""gp"":1.0,""pos_adp_dd_ppr"":130.0,""pr"":0.13,""pr_yd"":1.27,""pts_half_ppr"":0.35,""pts_ppr"":0.44,""pts_std"":0.27,""rec"":0.17,""rec_0_4"":0.03,""rec_10_19"":0.05,""rec_20_29"":0.03,""rec_30_39"":0.02,""rec_40p"":0.02,""rec_5_9"":0.03,""rec_fd"":0.19,""rec_td"":0.01,""rec_tgt"":0.24,""rec_yd"":1.87}"
20261006T1701Z,2026,5,11651,RB,SF,post,2026-10-04T20:25Z,,"{""adp_dd_ppr"":999.0,""def_kr_yd"":9.37,""gp"":1.0,""pos_adp_dd_ppr"":94.0}"
20261006T1701Z,2026,5,11653,K,NO,post,2026-10-06T00:15Z,,"{""adp_dd_ppr"":1000.0}"
20261006T1701Z,2026,5,11655,RB,NYG,post,2026-10-04T17:00Z,0.93,"{""adp_dd_ppr"":347.0,""bonus_rec_rb"":0.18,""def_kr_yd"":3.27,""fum"":0.01,""gp"":1.0,""pos_adp_dd_ppr"":76.0,""pts_half_ppr"":0.84,""pts_ppr"":0.93,""pts_std"":0.76,""rec"":0.18,""rec_0_4"":0.04,""rec_10_19"":0.05,""rec_20_29"":0.04,""rec_30_39"":0.02,""rec_40p"":0.02,""rec_5_9"":0.04,""rec_fd"":0.15,""rec_td"":0.02,""rec_tgt"":0.24,""rec_yd"":1.46,""rush_40p"":0.01,""rush_att"":0.86,""rush_fd"":0.4,""rush_td"":0.02,""rush_yd"":3.98}"
20261006T1701Z,2026,5,1166,QB,LV,post,2026-10-04T20:25Z,14.74,"{""adp_dd_ppr"":143.0,""bonus_rush_td_qb"":0.08,""cmp_pct"":65.31,""fum"":0.41,""fum_lost"":0.18,""gp"":1.0,""pass_2pt"":0.11,""pass_att"":32.42,""pass_cmp"":21.17,""pass_cmp_40p"":0.41,""pass_fd"":21.04,""pass_inc"":11.24,""pass_int"":0.44,""pass_sack"":2.5,""pass_td"":1.47,""pass_yd"":210.38,""pos_adp_dd_ppr"":22.0,""pts_half_ppr"":14.74,""pts_ppr"":14.74,""pts_std"":14.74,""rush_40p"":0.02,""rush_att"":1.94,""rush_fd"":0.56,""rush_td"":0.08,""rush_yd"":5.65}"
20261006T1701Z,2026,5,11729,RB,DET,post,2026-10-05T00:20Z,4.16,"{""adp_dd_ppr"":217.0,""bonus_rec_rb"":0.91,""fum"":0.04,""fum_lost"":0.02,""gp"":1.0,""pos_adp_dd_ppr"":59.0,""pts_half_ppr"":3.7,""pts_ppr"":4.16,""pts_std"":3.25,""rec"":0.91,""rec_0_4"":0.18,""rec_10_19"":0.27,""rec_20_29"":0.18,""rec_30_39"":0.09,""rec_40p"":0.09,""rec_5_9"":0.18,""rec_fd"":0.96,""rec_td"":0.06,""rec_tgt"":1.17,""rec_yd"":9.62,""rush_2pt"":0.01,""rush_40p"":0.04,""rush_att"":3.28,""rush_fd"":1.52,""rush_td"":0.07,""rush_yd"":15.23}"
20261006T1701Z,2026,5,11748,WR,CLE,post,2026-10-02T00:15Z,,"{""adp_dd_ppr"":1000.0}"
20261006T1701Z,2026,5,11762,WR,IND,post,2026-10-04T13:30Z,0.21,"{""adp_dd_ppr"":323.0,""bonus_rec_wr"":0.09,""def_kr_yd"":47.25,""gp"":1.0,""pos_adp_dd_ppr"":143.0,""pr"":0.97,""pr_yd"":9.69,""pts_half_ppr"":0.17,""pts_ppr"":0.21,""pts_std"":0.12,""rec"":0.09,""rec_0_4"":0.02,""rec_10_19"":0.03,""rec_20_29"":0.02,""rec_30_39"":0.01,""rec_40p"":0.01,""rec_5_9"":0.02,""rec_fd"":0.09,""rec_td"":0.01,""rec_tgt"":0.12,""rec_yd"":0.89}"
20261006T1701Z,2026,5,11783,WR,DAL,post,2026-10-04T17:00Z,7.96,"{""adp_dd_ppr"":121.0,""bonus_rec_wr"":3.07,""fum"":0.03,""fum_lost"":0.01,""gp"":1.0,""pos_adp_dd_ppr"":51.0,""pts_half_ppr"":6.43,""pts_ppr"":7.96,""pts_std"":4.89,""rec"":3.07,""rec_0_4"":0.61,""rec_10_19"":0.92,""rec_20_29"":0.61,""rec_2pt"":0.01,""rec_30_39"":0.31,""rec_40p"":0.31,""rec_5_9"":0.61,""rec_fd"":3.47,""rec_td"":0.23,""rec_tgt"":4.65,""rec_yd"":34.75,""rush_att"":0.06,""rush_fd"":0.03,""rush_yd"":0.26}"
20261006T1701Z,2026,5,11786,K,JAX,post,2026-10-04T17:00Z,8.6,"{""adp_dd_ppr"":999.0,""fga"":2.33,""fgm"":2.01,""fgm_20_29"":0.31,""fgm_30_39"":0.46,""fgm_40_49"":0.41,""fgm_50p"":0.41,""fgm_yds"":67.73,""fgmiss_30_39"":0.04,""fgmiss_40_49"":0.04,""fgmiss_50p"":0.12,""gp"":1.0,""pos_adp_dd_ppr"":999.0,""pts_half_ppr"":8.6,""pts_ppr"":8.6,""pts_std"":8.6,""xpa"":2.85,""xpm"":2.72,""xpmiss"":0.13}"
20261006T1701Z,2026,5,11792,K,MIN,post,2026-10-04T20:05Z,8.83,"{""adp_dd_ppr"":999.0,""fga"":2.33,""fgm"":2.06,""fgm_20_29"":0.33,""fgm_30_39"":0.49,""fgm_40_49"":0.49,""fgm_50p"":0.38,""fgm_yds"":71.51,""fgmiss_30_39"":0.04,""fgmiss_40_49"":0.04,""fgmiss_50p"":0.09,""gp"":1.0,""pos_adp_dd_ppr"":999.0,""pts_half_ppr"":8.83,""pts_ppr"":8.83,""pts_std"":8.83,""xpa"":2.66,""xpm"":2.6,""xpmiss"":0.07}"
20261006T1701Z,2026,5,11806,WR,CAR,post,2026-10-05T00:20Z,,"{""adp_dd_ppr"":1000.0}"
20261006T1701Z,2026,5,11821,DEF,11821,,,,"{""adp_dd_ppr"":1000.0}"
20261006T1701Z,2026,5,11834,WR,NO,post,2026-10-06T00:15Z,9.76,"{""adp_dd_ppr"":82.0,""bonus_rec_wr"":3.78,""def_kr_yd"":7.61,""fum"":0.04,""fum_lost"":0.02,""gp"":1.0,""pos_adp_dd_ppr"":38.0,""pts_half_ppr"":7.87,""pts_ppr"":9.76,""pts_std"":5.99,""rec"":3.78,""rec_0_4"":0.76,""rec_10_19"":1.13,""rec_20_29"":0.76,""rec_2pt"":0.01,""rec_30_39"":0.38,""rec_40p"":0.38,""rec_5_9"":0.76,""rec_fd"":4.64,""rec_td"":0.22,""rec_tgt"":6.1,""rec_yd"":46.41,""rush_att"":0.05,""rush_fd"":0.02,""rush_yd"":0.22}"
20261006T1701Z,2026,5,11895,WR,NO,post,2026-10-06T00:15Z,,"{""adp_dd_ppr"":1000.0}"
20261006T1701Z,2026,5,11994,WR,TB,post,2026-10-04T17:00Z,0.5,"{""adp_dd_ppr"":297.0,""bonus_rec_wr"":0.16,""def_kr_yd"":34.89,""gp"":1.0,""pos_adp_dd_ppr"":124.0,""pr"":1.26,""pr_yd"":12.63,""pts_half_ppr"":0.42,""pts_ppr"":0.5,""pts_std"":0.34,""rec"":0.16,""rec_0_4"":0.03,""rec_10_19"":0.05,""rec_20_29"":0.03,""rec_30_39"":0.02,""rec_40p"":0.02,""rec_5_9"":0.03,""rec_fd"":0.2,""rec_td"":0.02,""rec_tgt"":0.27,""rec_yd"":1.98,""rush_att"":0.05,""rush_fd"":0.03,""rush_yd"":0.28}"
20261006T1701Z,2026,5,12015,K,LAR,post,2026-10-04T17:00Z,7.97,"{""adp_dd_ppr"":999.0,""fga"":2.06,""fgm"":1.76,""fgm_20_29"":0.34,""fgm_30_39"":0.44,""fgm_40_49"":0.39,""fgm_50p"":0.29,""fgm_yds"":60.98,""fgmiss_30_39"":0.04,""fgmiss_40_49"":0.04,""fgmiss_50p"":0.11,""gp"":1.0,""pos_adp_dd_ppr"":999.0,""pts_half_ppr"":7.97,""pts_ppr"":7.97,""pts_std"":7.97,""xpa"":2.82,""xpm"":2.7,""xpmiss"":0.12}"
20261006T1701Z,2026,5,12048,RB,SEA,post,2026-10-04T20:25Z,6.86,"{""adp_dd_ppr"":173.0,""bonus_rec_rb"":1.82,""fum"":0.08,""fum_lost"":0.04,""gp"":1.0,""pos_adp_dd_ppr"":43.0,""pts_half_ppr"":5.95,""pts_ppr"":6.86,""pts_std"":5.04,""rec"":1.82,""rec_0_4"":0.36,""rec_10_19"":0.55,""rec_20_29"":0.36,""rec_30_39"":0.18,""rec_40p"":0.18,""rec_5_9"":0.36,""rec_fd"":1.34,""rec_td"":0.09,""rec_tgt"":2.21,""rec_yd"":13.4,""rush_2pt"":0.01,""rush_40p"":0.07,""rush_att"":6.9,""rush_fd"":2.38,""rush_td"":0.14,""rush_yd"":23.84}"
20261006T1701Z,2026,5,12185,K,IND,post,2026-10-04T13:30Z,9.26,"{""adp_dd_ppr"":999.0,""fga"":2.21,""fgm"":1.83,""fgm_20_29"":0.38,""fgm_30_39"":0.5,""fgm_40_49"":0.57,""fgm_50p"":0.38,""fgm_yds"":77.3,""fgmiss_30_39"":0.06,""fgmiss_40_49"":0.13,""fgmiss_50p"":0.19,""gp"":1.0,""pos_adp_dd_ppr"":999.0,""pts_half_ppr"":9.26,""pts_ppr"":9.26,""pts_std"":9.26,""xpa"":2.58,""xpm"":2.52,""xpmiss"":0.06}"
20261006T1701Z,2026,5,1234,DEF,1234,,,,"{""adp_dd_ppr"":1000.0}"
20261006T1701Z,2026,5,12385,DEF,12385,,,,"{""adp_dd_ppr"":1000.0}"
20261006T1701Z,2026,5,12412,DEF,12412,,,,"{""adp_dd_ppr"":1000.0}"
20261006T1701Z,2026,5,12455,RB,KC,post,2026-10-04T20:25Z,,"{""adp_dd_ppr"":1000.0}"
20261006T1701Z,2026,5,12457,RB,PHI,post,2026-10-04T17:00Z,,"{""adp_dd_ppr"":1000.0}"
20261006T1701Z,2026,5,12462,DEF,12462,,,,"{""adp_dd_ppr"":1000.0}"
20261006T1701Z,2026,5,12467,RB,SF,post,2026-10-04T20:25Z,0.34,"{""adp_dd_ppr"":367.0,""bonus_rec_rb"":0.05,""def_kr_yd"":16.28,""gp"":1.0,""pos_adp_dd_ppr"":83.0,""pts_half_ppr"":0.32,""pts_ppr"":0.34,""pts_std"":0.3,""rec"":0.05,""rec_0_4"":0.01,""rec_10_19"":0.01,""rec_20_29"":0.01,""rec_5_9"":0.01,""rec_fd"":0.04,""rec_tgt"":0.06,""rec_yd"":0.37,""rush_40p"":0.01,""rush_att"":0.52,""rush_fd"":0.19,""rush_td"":0.01,""rush_yd"":1.89}"
20261006T1701Z,2026,5,12469,RB,CLE,post,2026-10-02T00:15Z,,"{""adp_dd_ppr"":1000.0}"
20261006T1701Z,2026,5,12470,QB,IND,post,2026-10-04T13:30Z,,"{""adp_dd_ppr"":1000.0}"
20261006T1701Z,2026,5,12471,RB,IND,post,2026-10-04T13:30Z,,"{""adp_dd_ppr"":1000.0}"
20261006T1701Z,2026,5,12472,RB,CLE,post,2026-10-02T00:15Z,5.62,"{""adp_dd_ppr"":190.0,""bonus_rec_rb"":1.69,""def_kr_yd"":12.09,""fum"":0.05,""fum_lost"":0.02,""gp"":1.0,""pos_adp_dd_ppr"":51.0,""pts_half_ppr"":4.77,""pts_ppr"":5.62,""pts_std"":3.93,""rec"":1.69,""rec_0_4"":0.34,""rec_10_19"":0.51,""rec_20_29"":0.34,""rec_30_39"":0.17,""rec_40p"":0.17,""rec_5_9"":0.34,""rec_fd"":1.25,""rec_td"":0.1,""rec_tgt"":1.95,""rec_yd"":12.5,""rush_40p"":0.04,""rush_att"":4.57,""rush_fd"":1.9,""rush_td"":0.04,""rush_yd"":19.0}"
20261006T1701Z,2026,5,12473,TE,CAR,post,2026-10-05T00:20Z,,"{""adp_dd_ppr"":1000.0}"
20261006T1701Z,2026,5,12474,RB,HOU,post,2026-10-04T17:00Z,8.84,"{""adp_dd_ppr"":128.0,""bonus_rec_rb"":1.49,""fum"":0.11,""fum_lost"":0.05,""gp"":1.0,""pos_adp_dd_ppr"":37.0,""pts_half_ppr"":8.1,""pts_ppr"":8.84,""pts_std"":7.35,""rec"":1.49,""rec_0_4"":0.3,""rec_10_19"":0.45,""rec_20_29"":0.3,""rec_30_39"":0.15,""rec_40p"":0.15,""rec_5_9"":0.3,""rec_fd"":1.07,""rec_td"":0.07,""rec_tgt"":1.81,""rec_yd"":10.68,""rush_2pt"":0.02,""rush_40p"":0.12,""rush_att"":11.7,""rush_fd"":3.88,""rush_td"":0.34,""rush_yd"":38.76}"
20261006T1701Z,2026,5,12475,WR,SEA,post,2026-10-04T20:25Z,,"{""adp_dd_ppr"":1000.0}"
20261006T1701Z,2026,5,12476,RB,MIN,post,2026-10-04T20:05Z,,"{""adp_dd_ppr"":1000.0}"
20261006T1701Z,2026,5,12481,RB,NYG,post,2026-10-04T17:00Z,12.78,"{""adp_dd_ppr"":50.0,""bonus_rec_rb"":2.1,""fum"":0.14,""fum_lost"":0.06,""gp"":1.0,""pos_adp_dd_ppr"":19.0,""pts_half_ppr"":11.73,""pts_ppr"":12.78,""pts_std"":10.68,""rec"":2.1,""rec_0_4"":0.42,""rec_10_19"":0.63,""rec_20_29"":0.42,""rec_2pt"":0.01,""rec_30_39"":0.21,""rec_40p"":0.21,""rec_5_9"":0.42,""rec_fd"":2.03,""rec_td"":0.15,""rec_tgt"":2.76,""rec_yd"":20.29,""rush_2pt"":0.02,""rush_40p"":0.14,""rush_att"":14.4,""rush_fd"":5.79,""rush_td"":0.34,""rush_yd"":57.93}"
20261006T1701Z,2026,5,12482,WR,GB,post,2026-10-04T17:00Z,,"{""adp_dd_ppr"":1000.0}"
20261006T1701Z,2026,5,12483,WR,LV,post,2026-10-04T20:25Z,,"{""adp_dd_ppr"":1000.0}"
20261006T1701Z,2026,5,12484,WR,HOU,post,2026-10-04T17:00Z,,"{""adp_dd_ppr"":1000.0}"
20261006T1701Z,2026,5,12485,WR,TB,post,2026-10-04T17:00Z,3.55,"{""adp_dd_ppr"":210.0,""bonus_rec_wr"":1.12,""def_kr_yd"":1.96,""fum"":0.01,""fum_lost"":0.01,""gp"":1.0,""pos_adp_dd_ppr"":89.0,""pts_half_ppr"":2.99,""pts_ppr"":3.55,""pts_std"":2.43,""rec"":1.12,""rec_0_4"":0.22,""rec_10_19"":0.34,""rec_20_29"":0.22,""rec_30_39"":0.11,""rec_40p"":0.11,""rec_5_9"":0.22,""rec_fd"":1.66,""rec_td"":0.11,""rec_tgt"":2.08,""rec_yd"":16.56,""rush_att"":0.24,""rush_fd"":0.1,""rush_td"":0.01,""rush_yd"":0.97}"
20261006T1701Z,2026,5,12486,QB,CLE,post,2026-10-02T00:15Z,,"{""adp_dd_ppr"":1000.0}"
20261006T1701Z,2026,5,12487,TE,LAR,post,2026-10-04T17:00Z,,"{""adp_dd_ppr"":1000.0}"
20261006T1701Z,2026,5,12489,RB,DEN,post,2026-10-04T20:25Z,11.71,"{""adp_dd_ppr"":63.0,""bonus_rec_rb"":3.22,""def_kr_yd"":8.3,""fum"":0.1,""fum_lost"":0.05,""gp"":1.0,""pos_adp_dd_ppr"":23.0,""pts_half_ppr"":10.1,""pts_ppr"":11.71,""pts_std"":8.49,""rec"":3.22,""rec_0_4"":0.64,""rec_10_19"":0.97,""rec_20_29"":0.64,""rec_2pt"":0.01,""rec_30_39"":0.32,""rec_40p"":0.32,""rec_5_9"":0.64,""rec_fd"":2.48,""rec_td"":0.18,""rec_tgt"":3.82,""rec_yd"":24.78,""rush_2pt"":0.02,""rush_40p"":0.08,""rush_att"":8.26,""rush_fd"":2.94,""rush_td"":0.33,""rush_yd"":29.39}"
20261006T1701Z,2026,5,12490,RB,JAX,post,2026-10-04T17:00Z,12.63,"{""adp_dd_ppr"":57.0,""bonus_rec_rb"":1.64,""def_kr_yd"":18.63,""fum"":0.15,""fum_lost"":0.07,""gp"":1.0,""pos_adp_dd_ppr"":21.0,""pts_half_ppr"":11.81,""pts_ppr"":12.63,""pts_std"":10.99,""rec"":1.64,""rec_0_4"":0.33,""rec_10_19"":0.49,""rec_20_29"":0.33,""rec_2pt"":0.01,""rec_30_39"":0.16,""rec_40p"":0.16,""rec_5_9"":0.33,""rec_fd"":1.25,""rec_td"":0.12,""rec_tgt"":2.05,""rec_yd"":12.52,""rush_2pt"":0.04,""rush_40p"":0.15,""rush_att"":14.94,""rush_fd"":5.88,""rush_td"":0.53,""rush_yd"":58.83}"
20261006T1701Z,2026,5,12491,RB,NE,post,2026-10-04T17:00Z,0.59,"{""adp_dd_ppr"":365.0,""bonus_rec_rb"":0.05,""gp"":1.0,""pos_adp_dd_ppr"":81.0,""pts_half_ppr"":0.56,""pts_ppr"":0.59,""pts_std"":0.54,""rec"":0.05,""rec_0_4"":0.01,""rec_10_19"":0.01,""rec_20_29"":0.01,""rec_5_9"":0.01,""rec_fd"":0.04,""rec_tgt"":0.06,""rec_yd"":0.42,""rush_att"":0.86,""rush_fd"":0.33,""rush_td"":0.03,""rush_yd"":3.3}"
20261006T1701Z,2026,5,12492,WR,DEN,post,2026-10-04T20:25Z,,"{""adp_dd_ppr"":1000.0}"
20261006T1701Z,2026,5,12493,TE,LAC,post,2026-10-04T20:25Z,5.64,"{""adp_dd_ppr"":181.0,""bonus_rec_te"":2.11,""fum"":0.02,""fum_lost"":0.01,""gp"":1.0,""pos_adp_dd_ppr"":30.0,""pts_half_ppr"":4.59,""pts_ppr"":5.64,""pts_std"":3.53,""rec"":2.11,""rec_0_4"":0.42,""rec_10_19"":0.63,""rec_20_29"":0.42,""rec_2pt"":0.01,""rec_30_39"":0.21,""rec_40p"":0.21,""rec_5_9"":0.42,""rec_fd"":2.41,""rec_td"":0.19,""rec_tgt"":3.29,""rec_yd"":24.09}"
20261006T1701Z,2026,5,12494,QB,MIA,post,2026-10-04T20:05Z,,"{""adp_dd_ppr"":1000.0}"
20261006T1701Z,2026,5,12495,RB,MIA,post,2026-10-04T20:05Z,13.01,"{""adp_dd_ppr"":48.0,""bonus_rec_rb"":1.93,""fum"":0.13,""fum_lost"":0.06,""gp"":1.0,""pos_adp_dd_ppr"":18.0,""pts_half_ppr"":12.04,""pts_ppr"":13.01,""pts_std"":11.07,""rec"":1.93,""rec_0_4"":0.39,""rec_10_19"":0.58,""rec_20_29"":0.39,""rec_2pt"":0.01,""rec_30_39"":0.19,""rec_40p"":0.19,""rec_5_9"":0.39,""rec_fd"":1.35,""rec_td"":0.09,""rec_tgt"":2.27,""rec_yd"":13.49,""rush_2pt"":0.03,""rush_40p"":0.13,""rush_att"":13.77,""rush_fd"":6.16,""rush_td"":0.51,""rush_yd"":61.64}"
20261006T1701Z,2026,5,12496,WR,MIN,post,2026-10-04T20:05Z,0.97,"{""adp_dd_ppr"":274.0,""bonus_rec_wr"":0.39,""def_kr_yd"":11.76,""gp"":1.0,""pos_adp_dd_ppr"":113.0,""pts_half_ppr"":0.77,""pts_ppr"":0.97,""pts_std"":0.58,""rec"":0.39,""rec_0_4"":0.08,""rec_10_19"":0.12,""rec_20_29"":0.08,""rec_30_39"":0.04,""rec_40p"":0.04,""rec_5_9"":0.08,""rec_fd"":0.35,""rec_td"":0.03,""rec_tgt"":0.57,""rec_yd"":3.54,""rush_att"":0.05,""rush_fd"":0.02,""rush_yd"":0.19}"
20261006T1701Z,2026,5,12497,WR,SEA,post,2026-10-04T20:25Z,3.63,"{""adp_dd_ppr"":209.0,""bonus_rec_wr"":1.23,""def_kr_yd"":13.45,""fum"":0.01,""fum_lost"":0.01,""gp"":1.0,""pos_adp_dd_ppr"":88.0,""pr"":1.04,""pr_yd"":10.33,""pts_half_ppr"":3.02,""pts_ppr"":3.63,""pts_std"":2.4,""rec"":1.23,""rec_0_4"":0.25,""rec_10_19"":0.37,""rec_20_29"":0.25,""rec_2pt"":0.01,""rec_30_39"":0.12,""rec_40p"":0.12,""rec_5_9"":0.25,""rec_fd"":1.54,""rec_td"":0.14,""rec_tgt"":1.89,""rec_yd"":15.42,""rush_att"":0.06,""rush_fd"":0.03,""rush_yd"":0.25}"
20261006T1701Z,2026,5,12498,TE,NYJ,post,2026-10-04T17:00Z,1.79,"{""adp_dd_ppr"":259.0,""bonus_rec_te"":0.87,""fum"":0.01,""gp"":1.0,""pos_adp_dd_ppr"":53.0,""pts_half_ppr"":1.35,""pts_ppr"":1.79,""pts_std"":0.92,""rec"":0.87,""rec_0_4"":0.17,""rec_10_19"":0.26,""rec_20_29"":0.17,""rec_30_39"":0.09,""rec_40p"":0.09,""rec_5_9"":0.17,""rec_fd"":0.63,""rec_td"":0.05,""rec_tgt"":1.14,""rec_yd"":6.27}"
20261006T1701Z,2026,5,12499,WR,TEN,post,2026-10-04T17:00Z,5.42,"{""adp_dd_ppr"":180.0,""bonus_rec_wr"":1.65,""fum"":0.01,""fum_lost"":0.01,""gp"":1.0,""pos_adp_dd_ppr"":77.0,""pts_half_ppr"":4.59,""pts_ppr"":5.42,""pts_std"":3.77,""rec"":1.65,""rec_0_4"":0.33,""rec_10_19"":0.49,""rec_20_29"":0.33,""rec_2pt"":0.01,""rec_30_39"":0.16,""rec_40p"":0.16,""rec_5_9"":0.33,""rec_fd"":2.8,""rec_td"":0.16,""rec_tgt"":3.46,""rec_yd"":27.97,""rush_att"":0.03,""rush_fd"":0.01,""rush_yd"":0.09}"
20261006T1701Z,2026,5,12500,QB,JAX,post,2026-10-04T17:00Z,,"{""adp_dd_ppr"":1000.0}"
20261006T1701Z,2026,5,12501,WR,GB,post,2026-10-04T17:00Z,12.66,"{""adp_dd_ppr"":39.0,""bonus_rec_wr"":4.06,""def_kr_yd"":25.31,""fum"":0.05,""fum_lost"":0.02,""gp"":1.0,""pos_adp_dd_ppr"":21.0,""pr"":0.06,""pr_yd"":1.1,""pts_half_ppr"":10.63,""pts_ppr"":12.66,""pts_std"":8.6,""rec"":4.06,""rec_0_4"":0.81,""rec_10_19"":1.22,""rec_20_29"":0.81,""rec_2pt"":0.02,""rec_30_39"":0.41,""rec_40p"":0.41,""rec_5_9"":0.81,""rec_fd"":6.77,""rec_td"":0.28,""rec_tgt"":8.01,""rec_yd"":67.71,""rush_40p"":0.01,""rush_att"":0.21,""rush_fd"":0.1,""rush_td"":0.01,""rush_yd"":0.99}"
20261006T1701Z,2026,5,12502,TE,TEN,post,2026-10-04T17:00Z,5.1,"{""adp_dd_ppr"":189.0,""bonus_rec_te"":2.46,""fum"":0.02,""fum_lost"":0.01,""gp"":1.0,""pos_adp_dd_ppr"":32.0,""pts_half_ppr"":3.87,""pts_ppr"":5.1,""pts_std"":2.64,""rec"":2.46,""rec_0_4"":0.49,""rec_10_19"":0.74,""rec_20_29"":0.49,""rec_2pt"":0.01,""rec_30_39"":0.25,""rec_40p"":0.25,""rec_5_9"":0.49,""rec_fd"":2.1,""rec_td"":0.09,""rec_tgt"":3.09,""rec_yd"":21.04}"
20261006T1701Z,2026,5,12503,WR,CLE,post,2026-10-02T00:15Z,2.51,"{""adp_dd_ppr"":232.0,""bonus_rec_wr"":0.81,""fum"":0.01,""gp"":1.0,""pos_adp_dd_ppr"":102.0,""pts_half_ppr"":2.1,""pts_ppr"":2.51,""pts_std"":1.69,""rec"":0.81,""rec_0_4"":0.16,""rec_10_19"":0.24,""rec_20_29"":0.16,""rec_30_39"":0.08,""rec_40p"":0.08,""rec_5_9"":0.16,""rec_fd"":1.18,""rec_td"":0.07,""rec_tgt"":1.39,""rec_yd"":11.81,""rush_att"":0.18,""rush_fd"":0.08,""rush_yd"":0.85}"
20261006T1701Z,2026,5,12504,RB,GB,post,2026-10-04T17:00Z,6.07,"{""adp_dd_ppr"":185.0,""bonus_rec_rb"":0.59,""def_kr_yd"":6.4,""fum"":0.08,""fum_lost"":0.03,""gp"":1.0,""pos_adp_dd_ppr"":49.0,""pts_half_ppr"":5.77,""pts_ppr"":6.07,""pts_std"":5.48,""rec"":0.59,""rec_0_4"":0.12,""rec_10_19"":0.18,""rec_20_29"":0.12,""rec_30_39"":0.06,""rec_40p"":0.06,""rec_5_9"":0.12,""rec_fd"":0.59,""rec_td"":0.04,""rec_tgt"":1.0,""rec_yd"":5.91,""rush_2pt"":0.01,""rush_40p"":0.08,""rush_att"":8.22,""rush_fd"":3.25,""rush_td"":0.24,""rush_yd"":32.54}"
20261006T1701Z,2026,5,12505,WR,KC,post,2026-10-04T20:25Z,,"{""adp_dd_ppr"":1000.0}"
20261006T1701Z,2026,5,12506,TE,CLE,post,2026-10-02T00:15Z,10.97,"{""adp_dd_ppr"":67.0,""bonus_rec_te"":4.1,""fum"":0.03,""fum_lost"":0.01,""gp"":1.0,""pos_adp_dd_ppr"":7.0,""pts_half_ppr"":8.92,""pts_ppr"":10.97,""pts_std"":6.87,""rec"":4.1,""rec_0_4"":0.82,""rec_10_19"":1.23,""rec_20_29"":0.82,""rec_2pt"":0.02,""rec_30_39"":0.41,""rec_40p"":0.41,""rec_5_9"":0.82,""rec_fd"":3.94,""rec_td"":0.47,""rec_tgt"":5.56,""rec_yd"":39.39,""rush_att"":0.11,""rush_fd"":0.04,""rush_td"":0.01,""rush_yd"":0.4}"
20261006T1701Z,2026,5,12507,RB,LAC,post,2026-10-04T20:25Z,9.35,"{""adp_dd_ppr"":112.0,""bonus_rec_rb"":1.5,""fum"":0.09,""fum_lost"":0.04,""gp"":1.0,""pos_adp_dd_ppr"":31.0,""pts_half_ppr"":8.6,""pts_ppr"":9.35,""pts_std"":7.85,""rec"":1.5,""rec_0_4"":0.3,""rec_10_19"":0.45,""rec_20_29"":0.3,""rec_30_39"":0.15,""rec_40p"":0.15,""rec_5_9"":0.3,""rec_fd"":0.83,""rec_td"":0.05,""rec_tgt"":1.8,""rec_yd"":8.33,""rush_2pt"":0.02,""rush_40p"":0.09,""rush_att"":9.57,""rush_fd"":3.99,""rush_td"":0.46,""rush_yd"":39.94}"
20261006T1701Z,2026,5,12508,QB,NYG,post,2026-10-04T17:00Z,,"{""adp_dd_ppr"":1000.0}"
20261006T1701Z,2026,5,12509,WR,LAC,post,2026-10-04T20:25Z,8.48,"{""adp_dd_ppr"":107.0,""bonus_rec_wr"":3.3,""fum"":0.03,""fum_lost"":0.01,""gp"":1.0,""pos_adp_dd_ppr"":47.0,""pts_half_ppr"":6.84,""pts_ppr"":8.48,""pts_std"":5.19,""rec"":3.3,""rec_0_4"":0.66,""rec_10_19"":0.99,""rec_20_29"":0.66,""rec_2pt"":0.01,""rec_30_39"":0.33,""rec_40p"":0.33,""rec_5_9"":0.66,""rec_fd"":4.57,""rec_td"":0.09,""rec_tgt"":5.83,""rec_yd"":45.75,""rush_att"":0.14,""rush_fd"":0.06,""rush_td"":0.01,""rush_yd"":0.64}"
20261006T1701Z,2026,5,12510,QB,SEA,post,2026-10-04T20:25Z,,"{""adp_dd_ppr"":1000.0}"
20261006T1701Z,2026,5,12511,QB,PIT,post,2026-10-02T00:15Z,,"{""adp_dd_ppr"":1000.0}"
20261006T1701Z,2026,5,12512,RB,CLE,post,2026-10-02T00:15Z,11.47,"{""adp_dd_ppr"":71.0,""bonus_rec_rb"":2.04,""fum"":0.15,""fum_lost"":0.07,""gp"":1.0,""pos_adp_dd_ppr"":24.0,""pts_half_ppr"":10.44,""pts_ppr"":11.47,""pts_std"":9.42,""rec"":2.04,""rec_0_4"":0.41,""rec_10_19"":0.61,""rec_20_29"":0.41,""rec_30_39"":0.2,""rec_40p"":0.2,""rec_5_9"":0.41,""rec_fd"":1.23,""rec_td"":0.09,""rec_tgt"":2.24,""rec_yd"":12.29,""rush_2pt"":0.02,""rush_40p"":0.15,""rush_att"":16.02,""rush_fd"":5.93,""rush_td"":0.3,""rush_yd"":59.27}"
20261006T1701Z,2026,5,12514,WR,TB,post,2026-10-04T17:00Z,10.07,"{""adp_dd_ppr"":75.0,""bonus_rec_wr"":3.52,""fum"":0.03,""fum_lost"":0.01,""gp"":1.0,""pos_adp_dd_ppr"":34.0,""pts_half_ppr"":8.31,""pts_ppr"":10.07,""pts_std"":6.55,""rec"":3.52,""rec_0_4"":0.7,""rec_10_19"":1.06,""rec_20_29"":0.7,""rec_2pt"":0.01,""rec_30_39"":0.35,""rec_40p"":0.35,""rec_5_9"":0.7,""rec_fd"":4.67,""rec_td"":0.3,""rec_tgt"":5.94,""rec_yd"":46.67,""rush_att"":0.12,""rush_fd"":0.05,""rush_yd"":0.51}"
20261006T1701Z,2026,5,12515,DEF,12515,,,,"{""adp_dd_ppr"":1000.0}"
20261006T1701Z,2026,5,12516,RB,TEN,post,2026-10-04T17:00Z,,"{""adp_dd_ppr"":1000.0}"
20261006T1701Z,2026,5,12517,TE,CHI,post,2026-10-04T17:00Z,9.65,"{""adp_dd_ppr"":91.0,""bonus_rec_te"":3.81,""fum"":0.03,""fum_lost"":0.01,""gp"":1.0,""pos_adp_dd_ppr"":14.0,""pts_half_ppr"":7.74,""pts_ppr"":9.65,""pts_std"":5.83,""rec"":3.81,""rec_0_4"":0.76,""rec_10_19"":1.14,""rec_20_29"":0.76,""rec_2pt"":0.02,""rec_30_39"":0.38,""rec_40p"":0.38,""rec_5_9"":0.76,""rec_fd"":3.92,""rec_td"":0.31,""rec_tgt"":5.22,""rec_yd"":39.2,""rush_att"":0.06,""rush_fd"":0.02,""rush_yd"":0.23}"
20261006T1701Z,2026,5,12518,TE,IND,post,2026-10-04T13:30Z,11.17,"{""adp_dd_ppr"":62.0,""bonus_rec_te"":5.01,""fum"":0.05,""fum_lost"":0.02,""gp"":1.0,""pos_adp_dd_ppr"":6.0,""pts_half_ppr"":8.67,""pts_ppr"":11.17,""pts_std"":6.16,""rec"":5.01,""rec_0_4"":1.0,""rec_10_19"":1.5,""rec_20_29"":1.0,""rec_2pt"":0.02,""rec_30_39"":0.5,""rec_40p"":0.5,""rec_5_9"":1.0,""rec_fd"":3.98,""rec_td"":0.34,""rec_tgt"":6.61,""rec_yd"":39.82,""rush_att"":0.31,""rush_fd"":0.11,""rush_td"":0.01,""rush_yd"":1.09}"
20261006T1701Z,2026,5,12519,WR,CHI,post,2026-10-04T17:00Z,11.3,"{""adp_dd_ppr"":58.0,""bonus_rec_wr"":4.2,""def_kr_yd"":10.06,""fum"":0.04,""fum_lost"":0.02,""gp"":1.0,""pos_adp_dd_ppr"":27.0,""pts_half_ppr"":9.19,""pts_ppr"":11.3,""pts_std"":7.09,""rec"":4.2,""rec_0_4"":0.84,""rec_10_19"":1.26,""rec_20_29"":0.84,""rec_2pt"":0.01,""rec_30_39"":0.42,""rec_40p"":0.42,""rec_5_9"":0.84,""rec_fd"":5.33,""rec_td"":0.21,""rec_tgt"":5.56,""rec_yd"":53.29,""rush_40p"":0.01,""rush_att"":0.69,""rush_fd"":0.35,""rush_td"":0.02,""rush_yd"":3.46}"
20261006T1701Z,2026,5,12520,WR,TEN,post,2026-10-04T17:00Z,,"{""adp_dd_ppr"":1000.0}"
20261006T1701Z,2026,5,12521,TE,SEA,post,2026-10-04T20:25Z,1.12,"{""adp_dd_ppr"":280.0,""bonus_rec_te"":0.46,""gp"":1.0,""pos_adp_dd_ppr"":67.0,""pts_half_ppr"":0.89,""pts_ppr"":1.12,""pts_std"":0.66,""rec"":0.46,""rec_0_4"":0.09,""rec_10_19"":0.14,""rec_20_29"":0.09,""rec_30_39"":0.05,""rec_40p"":0.05,""rec_5_9"":0.09,""rec_fd"":0.48,""rec_td"":0.03,""rec_tgt"":0.63,""rec_yd"":4.82}"
20261006T1701Z,2026,5,12522,QB,TEN,post,2026-10-04T17:00Z,12.73,"{""adp_dd_ppr"":184.0,""bonus_rush_td_qb"":0.15,""cmp_pct"":60.95,""fum"":0.36,""fum_lost"":0.16,""gp"":1.0,""pass_2pt"":0.06,""pass_att"":30.9,""pass_cmp"":18.83,""pass_cmp_40p"":0.33,""pass_fd"":20.41,""pass_inc"":12.07,""pass_int"":0.62,""pass_sack"":2.17,""pass_td"":0.86,""pass_yd"":204.12,""pos_adp_dd_ppr"":29.0,""pts_half_ppr"":12.73,""pts_ppr"":12.73,""pts_std"":12.73,""rush_2pt"":0.01,""rush_40p"":0.03,""rush_att"":3.09,""rush_fd"":1.01,""rush_td"":0.15,""rush_yd"":10.1}"
20261006T1701Z,2026,5,12523,WR,CLE,post,2026-10-02T00:15Z,,"{""adp_dd_ppr"":1000.0}"
20261006T1701Z,2026,5,12524,QB,CLE,post,2026-10-02T00:15Z,,"{""adp_dd_ppr"":1000.0}"
20261006T1701Z,2026,5,12526,WR,CAR,post,2026-10-05T00:20Z,,"{""adp_dd_ppr"":1000.0}"
20261006T1701Z,2026,5,12527,RB,LV,post,2026-10-04T20:25Z,16.02,"{""adp_dd_ppr"":24.0,""bonus_rec_rb"":4.24,""fum"":0.17,""fum_lost"":0.08,""gp"":1.0,""pos_adp_dd_ppr"":9.0,""pts_half_ppr"":13.9,""pts_ppr"":16.02,""pts_std"":11.78,""rec"":4.24,""rec_0_4"":0.85,""rec_10_19"":1.27,""rec_20_29"":0.85,""rec_2pt"":0.02,""rec_30_39"":0.42,""rec_40p"":0.42,""rec_5_9"":0.85,""rec_fd"":2.59,""rec_td"":0.32,""rec_tgt"":5.28,""rec_yd"":25.89,""rush_2pt"":0.01,""rush_40p"":0.15,""rush_att"":15.79,""rush_fd"":5.88,""rush_td"":0.25,""rush_yd"":58.77}"
20261006T1701Z,2026,5,12529,RB,NE,post,2026-10-04T17:00Z,10.5,"{""adp_dd_ppr"":87.0,""bonus_rec_rb"":1.57,""def_kr_yd"":8.79,""fum"":0.1,""fum_lost"":0.04,""gp"":1.0,""pos_adp_dd_ppr"":25.0,""pts_half_ppr"":9.72,""pts_ppr"":10.5,""pts_std"":8.93,""rec"":1.57,""rec_0_4"":0.31,""rec_10_19"":0.47,""rec_20_29"":0.31,""rec_30_39"":0.16,""rec_40p"":0.16,""rec_5_9"":0.31,""rec_fd"":1.13,""rec_td"":0.08,""rec_tgt"":2.01,""rec_yd"":11.26,""rush_2pt"":0.03,""rush_40p"":0.1,""rush_att"":9.66,""rush_fd"":4.39,""rush_td"":0.49,""rush_yd"":43.9}"
20261006T1701Z,2026,5,12530,DEF,12530,,,0.98,"{""adp_dd_ppr"":999.0,""bonus_rec_wr"":0.35,""def_kr_yd"":5.66,""gp"":1.0,""pos_adp_dd_ppr"":999.0,""pts_half_ppr"":0.81,""pts_ppr"":0.98,""pts_std"":0.63,""rec"":0.35,""rec_0_4"":0.07,""rec_10_19"":0.11,""rec_20_29"":0.07,""rec_30_39"":0.04,""rec_40p"":0.04,""rec_5_9"":0.07,""rec_fd"":0.42,""rec_td"":0.02,""rec_tgt"":0.62,""rec_yd"":4.2,""rush_att"":0.15,""rush_fd"":0.05,""rush_yd"":0.53}"
20261006T1701Z,2026,5,12531,RB,CAR,post,2026-10-05T00:20Z,,"{""adp_dd_ppr"":1000.0}"
20261006T1701Z,2026,5,12533,RB,WAS,post,2026-10-04T13:30Z,8.93,"{""adp_dd_ppr"":125.0,""bonus_rec_rb"":0.75,""def_kr_yd"":2.47,""fum"":0.1,""fum_lost"":0.04,""gp"":1.0,""pos_adp_dd_ppr"":36.0,""pts_half_ppr"":8.55,""pts_ppr"":8.93,""pts_std"":8.18,""rec"":0.75,""rec_0_4"":0.15,""rec_10_19"":0.22,""rec_20_29"":0.15,""rec_30_39"":0.07,""rec_40p"":0.07,""rec_5_9"":0.15,""rec_fd"":0.46,""rec_td"":0.04,""rec_tgt"":0.92,""rec_yd"":4.64,""rush_2pt"":0.03,""rush_40p"":0.11,""rush_att"":10.54,""rush_fd"":4.52,""rush_td"":0.5,""rush_yd"":45.24}"
20261006T1701Z,2026,5,12534,RB,CHI,post,2026-10-04T17:00Z,9.73,"{""adp_dd_ppr"":103.0,""bonus_rec_rb"":0.94,""fum"":0.11,""fum_lost"":0.05,""gp"":1.0,""pos_adp_dd_ppr"":27.0,""pts_half_ppr"":9.26,""pts_ppr"":9.73,""pts_std"":8.79,""rec"":0.94,""rec_0_4"":0.19,""rec_10_19"":0.28,""rec_20_29"":0.19,""rec_30_39"":0.09,""rec_40p"":0.09,""rec_5_9"":0.19,""rec_fd"":0.73,""rec_td"":0.04,""rec_tgt"":1.19,""rec_yd"":7.31,""rush_2pt"":0.02,""rush_40p"":0.11,""rush_att"":10.95,""rush_fd"":5.44,""rush_td"":0.4,""rush_yd"":54.4}"
20261006T1701Z,2026,5,12535,WR,DET,post,2026-10-05T00:20Z,6.19,"{""adp_dd_ppr"":167.0,""bonus_rec_wr"":1.84,""def_kr_yd"":1.47,""fum"":0.02,""fum_lost"":0.01,""gp"":1.0,""pos_adp_dd_ppr"":71.0,""pts_half_ppr"":5.27,""pts_ppr"":6.19,""pts_std"":4.35,""rec"":1.84,""rec_0_4"":0.37,""rec_10_19"":0.55,""rec_20_29"":0.37,""rec_2pt"":0.01,""rec_30_39"":0.18,""rec_40p"":0.18,""rec_5_9"":0.37,""rec_fd"":3.11,""rec_td"":0.2,""rec_tgt"":3.24,""rec_yd"":31.13,""rush_att"":0.05,""rush_fd"":0.03,""rush_yd"":0.25}"
20261006T1701Z,2026,5,12536,WR,HOU,post,2026-10-04T17:00Z,6.43,"{""adp_dd_ppr"":159.0,""bonus_rec_wr"":2.14,""def_kr_yd"":24.0,""fum"":0.02,""fum_lost"":0.01,""gp"":1.0,""pos_adp_dd_ppr"":67.0,""pr"":0.56,""pr_yd"":5.81,""pts_half_ppr"":5.36,""pts_ppr"":6.43,""pts_std"":4.29,""rec"":2.14,""rec_0_4"":0.43,""rec_10_19"":0.64,""rec_20_29"":0.43,""rec_2pt"":0.01,""rec_30_39"":0.21,""rec_40p"":0.21,""rec_5_9"":0.43,""rec_fd"":3.23,""rec_td"":0.17,""rec_tgt"":3.05,""rec_yd"":32.28,""rush_40p"":0.01,""rush_att"":0.09,""rush_fd"":0.04,""rush_yd"":0.39}"
20261006T1701Z,2026,5,12539,WR,NYJ,post,2026-10-04T17:00Z,,"{""adp_dd_ppr"":1000.0}"
20261006T1701Z,2026,5,12540,WR,TEN,post,2026-10-04T17:00Z,1.94,"{""adp_dd_ppr"":243.0,""bonus_rec_wr"":0.78,""def_kr_yd"":45.55,""fum"":0.01,""gp"":1.0,""pos_adp_dd_ppr"":106.0,""pr"":0.77,""pr_td"":0.05,""pr_yd"":8.22,""pts_half_ppr"":1.55,""pts_ppr"":1.94,""pts_std"":1.16,""rec"":0.78,""rec_0_4"":0.16,""rec_10_19"":0.23,""rec_20_29"":0.16,""rec_30_39"":0.08,""rec_40p"":0.08,""rec_5_9"":0.16,""rec_fd"":0.8,""rec_td"":0.04,""rec_tgt"":1.1,""rec_yd"":8.04,""rush_att"":0.22,""rush_fd"":0.06,""rush_td"":0.01,""rush_yd"":0.55}"
20261006T1701Z,2026,5,12541,WR,LV,post,2026-10-04T20:25Z,,"{""adp_dd_ppr"":1000.0}"
20261006T1701Z,2026,5,12542,WR,NE,post,2026-10-04T17:00Z,3.67,"{""adp_dd_ppr"":206.0,""bonus_rec_wr"":1.23,""def_kr_yd"":10.61,""fum"":0.01,""fum_lost"":0.01,""gp"":1.0,""pos_adp_dd_ppr"":86.0,""pts_half_ppr"":3.05,""pts_ppr"":3.67,""pts_std"":2.44,""rec"":1.23,""rec_0_4"":0.25,""rec_10_19"":0.37,""rec_20_29"":0.25,""rec_2pt"":0.01,""rec_30_39"":0.12,""rec_40p"":0.12,""rec_5_9"":0.25,""rec_fd"":1.65,""rec_td"":0.13,""rec_tgt"":1.85,""rec_yd"":16.48}"
20261006T1701Z,2026,5,12543,RB,CIN,post,2026-10-04T17:00Z,0.62,"{""adp_dd_ppr"":363.0,""bonus_rec_rb"":0.09,""def_kr_yd"":22.43,""fum"":0.01,""gp"":1.0,""pos_adp_dd_ppr"":79.0,""pts_half_ppr"":0.58,""pts_ppr"":0.62,""pts_std"":0.53,""rec"":0.09,""rec_0_4"":0.02,""rec_10_19"":0.03,""rec_20_29"":0.02,""rec_30_39"":0.01,""rec_40p"":0.01,""rec_5_9"":0.02,""rec_fd"":0.07,""rec_tgt"":0.1,""rec_yd"":0.72,""rush_40p"":0.01,""rush_att"":0.85,""rush_fd"":0.28,""rush_td"":0.03,""rush_yd"":2.78}"
20261006T1701Z,2026,5,12544,RB,JAX,post,2026-10-04T17:00Z,2.07,"{""adp_dd_ppr"":267.0,""bonus_rec_rb"":0.88,""def_kr_yd"":37.01,""fum"":0.02,""fum_lost"":0.01,""gp"":1.0,""pos_adp_dd_ppr"":66.0,""pts_half_ppr"":1.63,""pts_ppr"":2.07,""pts_std"":1.19,""rec"":0.88,""rec_0_4"":0.18,""rec_10_19"":0.26,""rec_20_29"":0.18,""rec_30_39"":0.09,""rec_40p"":0.09,""rec_5_9"":0.18,""rec_fd"":0.57,""rec_td"":0.04,""rec_tgt"":1.09,""rec_yd"":5.72,""rush_40p"":0.01,""rush_att"":0.89,""rush_fd"":0.3,""rush_td"":0.02,""rush_yd"":3.03}"
20261006T1701Z,2026,5,12545,QB,NO,post,2026-10-06T00:15Z,15.51,"{""adp_dd_ppr"":122.0,""bonus_rush_td_qb"":0.17,""cmp_pct"":65.82,""fum"":0.41,""fum_lost"":0.18,""gp"":1.0,""pass_2pt"":0.07,""pass_att"":33.33,""pass_cmp"":21.94,""pass_cmp_40p"":0.42,""pass_fd"":23.04,""pass_inc"":11.39,""pass_int"":0.64,""pass_sack"":2.54,""pass_td"":1.07,""pass_yd"":230.39,""pos_adp_dd_ppr"":16.0,""pts_half_ppr"":15.51,""pts_ppr"":15.51,""pts_std"":15.51,""rush_2pt"":0.01,""rush_40p"":0.05,""rush_att"":4.86,""rush_fd"":1.85,""rush_td"":0.17,""rush_yd"":18.52}"
20261006T1701Z,2026,5,12547,WR,NE,post,2026-10-04T17:00Z,1.5,"{""adp_dd_ppr"":255.0,""bonus_rec_wr"":0.43,""def_kr_yd"":10.01,""gp"":1.0,""pos_adp_dd_ppr"":110.0,""pts_half_ppr"":1.28,""pts_ppr"":1.5,""pts_std"":1.07,""rec"":0.43,""rec_0_4"":0.09,""rec_10_19"":0.13,""rec_20_29"":0.09,""rec_30_39"":0.04,""rec_40p"":0.04,""rec_5_9"":0.09,""rec_fd"":0.7,""rec_td"":0.06,""rec_tgt"":0.93,""rec_yd"":6.97,""rush_att"":0.06,""rush_fd"":0.02,""rush_yd"":0.24}"
20261006T1701Z,2026,5,12634,WR,SF,post,2026-10-04T20:25Z,1.07,"{""adp_dd_ppr"":266.0,""bonus_rec_wr"":0.36,""def_kr_yd"":6.41,""gp"":1.0,""pos_adp_dd_ppr"":112.0,""pts_half_ppr"":0.88,""pts_ppr"":1.07,""pts_std"":0.7,""rec"":0.36,""rec_0_4"":0.07,""rec_10_19"":0.11,""rec_20_29"":0.07,""rec_30_39"":0.04,""rec_40p"":0.04,""rec_5_9"":0.07,""rec_fd"":0.57,""rec_td"":0.02,""rec_tgt"":0.65,""rec_yd"":5.66}"
20261006T1701Z,2026,5,1264,DEF,1264,,,,"{""adp_dd_ppr"":1000.0}"
20261006T1701Z,2026,5,12641,WR,WAS,post,2026-10-04T13:30Z,,"{""adp_dd_ppr"":1000.0}"
20261006T1701Z,2026,5,12658,TE,BUF,post,2026-10-04T17:00Z,0.8,"{""adp_dd_ppr"":298.0,""bonus_rec_te"":0.31,""gp"":1.0,""pos_adp_dd_ppr"":74.0,""pts_half_ppr"":0.65,""pts_ppr"":0.8,""pts_std"":0.49,""rec"":0.31,""rec_0_4"":0.06,""rec_10_19"":0.09,""rec_20_29"":0.06,""rec_30_39"":0.03,""rec_40p"":0.03,""rec_5_9"":0.06,""rec_fd"":0.35,""rec_td"":0.02,""rec_tgt"":0.48,""rec_yd"":3.53}"
20261006T1701Z,2026,5,12670,WR,LAC,post,2026-10-04T20:25Z,,"{""adp_dd_ppr"":1000.0}"
20261006T1701Z,2026,5,12711,K,BAL,post,2026-10-04T17:00Z,7.49,"{""adp_dd_ppr"":999.0,""fga"":1.99,""fgm"":1.7,""fgm_20_29"":0.29,""fgm_30_39"":0.44,""fgm_40_49"":0.44,""fgm_50p"":0.24,""fgm_yds"":59.0,""fgmiss_30_39"":0.04,""fgmiss_40_49"":0.04,""fgmiss_50p"":0.11,""gp"":1.0,""pos_adp_dd_ppr"":999.0,""pts_half_ppr"":7.49,""pts_ppr"":7.49,""pts_std"":7.49,""xpa"":2.58,""xpm"":2.46,""xpmiss"":0.12}"
20261006T1701Z,2026,5,12713,K,NE,post,2026-10-04T17:00Z,6.85,"{""adp_dd_ppr"":999.0,""fga"":1.92,""fgm"":1.58,""fgm_0_19"":0.05,""fgm_20_29"":0.24,""fgm_30_39"":0.43,""fgm_40_49"":0.38,""fgm_50p"":0.19,""fgm_yds"":52.11,""fgmiss_30_39"":0.04,""fgmiss_40_49"":0.08,""fgmiss_50p"":0.11,""gp"":1.0,""pos_adp_dd_ppr"":999.0,""pts_half_ppr"":6.85,""pts_ppr"":6.85,""pts_std"":6.85,""xpa"":2.43,""xpm"":2.31,""xpmiss"":0.11}"
20261006T1701Z,2026,5,12715,TE,NYG,post,2026-10-04T17:00Z,,"{""adp_dd_ppr"":1000.0}"
20261006T1701Z,2026,5,12718,WR,LAR,post,2026-10-04T17:00Z,1.85,"{""adp_dd_ppr"":244.0,""bonus_rec_wr"":0.56,""fum"":0.01,""gp"":1.0,""pos_adp_dd_ppr"":107.0,""pts_half_ppr"":1.57,""pts_ppr"":1.85,""pts_std"":1.29,""rec"":0.56,""rec_0_4"":0.11,""rec_10_19"":0.17,""rec_20_29"":0.11,""rec_30_39"":0.06,""rec_40p"":0.06,""rec_5_9"":0.11,""rec_fd"":0.8,""rec_td"":0.08,""rec_tgt"":1.37,""rec_yd"":8.0}"
20261006T1701Z,2026,5,12738,RB,NYG,post,2026-10-04T17:00Z,,"{""adp_dd_ppr"":1000.0}"
20261006T1701Z,2026,5,12761,WR,CIN,post,2026-10-04T17:00Z,,"{""adp_dd_ppr"":1000.0}"
20261006T1701Z,2026,5,12849,DEF,12849,,,,"{""adp_dd_ppr"":1000.0}"
20261006T1701Z,2026,5,12860,WR,LAC,post,2026-10-04T20:25Z,,"{""adp_dd_ppr"":1000.0}"
20261006T1701Z,2026,5,12889,WR,ATL,post,2026-10-06T00:15Z,,"{""adp_dd_ppr"":1000.0}"
20261006T1701Z,2026,5,12897,RB,KC,post,2026-10-04T20:25Z,,"{""adp_dd_ppr"":1000.0}"
20261006T1701Z,2026,5,12901,TE,LAC,post,2026-10-04T20:25Z,,"{""adp_dd_ppr"":1000.0}"
20261006T1701Z,2026,5,12961,K,CAR,post,2026-10-05T00:20Z,,"{""adp_dd_ppr"":1000.0}"
20261006T1701Z,2026,5,13010,RB,LAR,post,2026-10-04T17:00Z,,"{""adp_dd_ppr"":1000.0}"
20261006T1701Z,2026,5,13066,DEF,13066,,,,"{""adp_dd_ppr"":1000.0}"
20261006T1701Z,2026,5,13074,WR,GB,post,2026-10-04T17:00Z,,"{""adp_dd_ppr"":1000.0}"
20261006T1701Z,2026,5,13079,WR,CHI,post,2026-10-04T17:00Z,1.49,"{""adp_dd_ppr"":257.0,""bonus_rec_wr"":0.48,""gp"":1.0,""pos_adp_dd_ppr"":111.0,""pts_half_ppr"":1.25,""pts_ppr"":1.49,""pts_std"":1.01,""rec"":0.48,""rec_0_4"":0.1,""rec_10_19"":0.14,""rec_20_29"":0.1,""rec_30_39"":0.05,""rec_40p"":0.05,""rec_5_9"":0.1,""rec_fd"":0.56,""rec_td"":0.07,""rec_tgt"":0.75,""rec_yd"":5.58}"
20261006T1701Z,2026,5,13150,WR,PHI,post,2026-10-04T17:00Z,0.47,"{""adp_dd_ppr"":302.0,""bonus_rec_wr"":0.19,""def_kr_yd"":1.75,""gp"":1.0,""pos_adp_dd_ppr"":127.0,""pts_half_ppr"":0.37,""pts_ppr"":0.47,""pts_std"":0.28,""rec"":0.19,""rec_0_4"":0.04,""rec_10_19"":0.06,""rec_20_29"":0.04,""rec_30_39"":0.02,""rec_40p"":0.02,""rec_5_9"":0.04,""rec_fd"":0.2,""rec_td"":0.01,""rec_tgt"":0.27,""rec_yd"":1.97}"
20261006T1701Z,2026,5,13240,DEF,13240,,,,"{""adp_dd_ppr"":1000.0}"
20261006T1701Z,2026,5,13264,WR,CIN,post,2026-10-04T17:00Z,6.7,"{""adp_dd_ppr"":153.0,""bonus_rec_wr"":2.59,""gp"":1.0,""pos_adp_dd_ppr"":62.0,""pts_half_ppr"":5.41,""pts_ppr"":6.7,""pts_std"":4.11,""rec"":2.59,""rec_0_4"":0.52,""rec_10_19"":0.78,""rec_20_29"":0.52,""rec_30_39"":0.26,""rec_40p"":0.26,""rec_5_9"":0.52,""rec_fd"":2.94,""rec_td"":0.19,""rec_tgt"":3.61,""rec_yd"":29.42,""rush_att"":0.08,""rush_fd"":0.03,""rush_yd"":0.33}"
20261006T1701Z,2026,5,13268,WR,BAL,post,2026-10-04T17:00Z,1.85,"{""adp_dd_ppr"":245.0,""bonus_rec_wr"":0.67,""fum"":0.01,""gp"":1.0,""pos_adp_dd_ppr"":108.0,""pts_half_ppr"":1.52,""pts_ppr"":1.85,""pts_std"":1.18,""rec"":0.67,""rec_0_4"":0.13,""rec_10_19"":0.2,""rec_20_29"":0.13,""rec_30_39"":0.07,""rec_40p"":0.07,""rec_5_9"":0.13,""rec_fd"":0.91,""rec_td"":0.05,""rec_tgt"":1.12,""rec_yd"":9.07,""rush_att"":0.01,""rush_yd"":0.03}"
20261006T1701Z,2026,5,13269,QB,LV,post,2026-10-04T20:25Z,,"{""adp_dd_ppr"":1000.0}"
20261006T1701Z,2026,5,13270,WR,LAR,post,2026-10-04T17:00Z,,"{""adp_dd_ppr"":1000.0}"
20261006T1701Z,2026,5,13272,QB,ARI,post,2026-10-04T17:00Z,,"{""adp_dd_ppr"":1000.0}"
20261006T1701Z,2026,5,13273,TE,BAL,post,2026-10-04T17:00Z,0.88,"{""adp_dd_ppr"":295.0,""bonus_rec_te"":0.37,""gp"":1.0,""pos_adp_dd_ppr"":72.0,""pts_half_ppr"":0.69,""pts_ppr"":0.88,""pts_std"":0.51,""rec"":0.37,""rec_0_4"":0.07,""rec_10_19"":0.11,""rec_20_29"":0.07,""rec_30_39"":0.04,""rec_40p"":0.04,""rec_5_9"":0.07,""rec_fd"":0.39,""rec_td"":0.02,""rec_tgt"":0.48,""rec_yd"":3.94}"
20261006T1701Z,2026,5,13274,WR,PIT,post,2026-10-02T00:15Z,3.72,"{""adp_dd_ppr"":204.0,""bonus_rec_wr"":1.3,""def_kr_yd"":6.52,""fum"":0.01,""fum_lost"":0.01,""gp"":1.0,""pos_adp_dd_ppr"":84.0,""pts_half_ppr"":3.07,""pts_ppr"":3.72,""pts_std"":2.42,""rec"":1.3,""rec_0_4"":0.26,""rec_10_19"":0.39,""rec_20_29"":0.26,""rec_2pt"":0.01,""rec_30_39"":0.13,""rec_40p"":0.13,""rec_5_9"":0.26,""rec_fd"":1.69,""rec_td"":0.11,""rec_tgt"":2.27,""rec_yd"":16.91,""rush_att"":0.05,""rush_fd"":0.03,""rush_yd"":0.25}"
20261006T1701Z,2026,5,13275,QB,LAR,post,2026-10-04T17:00Z,,"{""adp_dd_ppr"":1000.0}"
20261006T1701Z,2026,5,13276,WR,NYJ,post,2026-10-04T17:00Z,,"{""adp_dd_ppr"":1000.0}"
20261006T1701Z,2026,5,13277,RB,NO,post,2026-10-06T00:15Z,3.14,"{""adp_dd_ppr"":240.0,""bonus_rec_rb"":1.03,""gp"":1.0,""pos_adp_dd_ppr"":62.0,""pts_half_ppr"":2.63,""pts_ppr"":3.14,""pts_std"":2.12,""rec"":1.03,""rec_0_4"":0.21,""rec_10_19"":0.31,""rec_20_29"":0.21,""rec_30_39"":0.1,""rec_40p"":0.1,""rec_5_9"":0.21,""rec_fd"":0.8,""rec_td"":0.05,""rec_tgt"":1.67,""rec_yd"":8.03,""rush_att"":1.97,""rush_fd"":0.69,""rush_td"":0.05,""rush_yd"":6.89}"
20261006T1701Z,2026,5,13278,TE,LAR,post,2026-10-04T17:00Z,0.11,"{""adp_dd_ppr"":356.0,""bonus_rec_te"":0.04,""gp"":1.0,""pos_adp_dd_ppr"":97.0,""pts_half_ppr"":0.09,""pts_ppr"":0.11,""pts_std"":0.07,""rec"":0.04,""rec_0_4"":0.01,""rec_10_19"":0.01,""rec_20_29"":0.01,""rec_5_9"":0.01,""rec_fd"":0.05,""rec_tgt"":0.07,""rec_yd"":0.47}"
20261006T1701Z,2026,5,13279,WR,TEN,post,2026-10-04T17:00Z,12.26,"{""adp_dd_ppr"":44.0,""bonus_rec_wr"":5.03,""def_kr_yd"":2.63,""fum"":0.04,""fum_lost"":0.02,""gp"":1.0,""pos_adp_dd_ppr"":23.0,""pr"":0.05,""pr_yd"":0.55,""pts_half_ppr"":9.75,""pts_ppr"":12.26,""pts_std"":7.23,""rec"":5.03,""rec_0_4"":1.01,""rec_10_19"":1.51,""rec_20_29"":1.01,""rec_2pt"":0.01,""rec_30_39"":0.5,""rec_40p"":0.5,""rec_5_9"":1.01,""rec_fd"":6.12,""rec_td"":0.18,""rec_tgt"":8.19,""rec_yd"":61.23,""rush_att"":0.03,""rush_fd"":0.01,""rush_yd"":0.09}"
20261006T1701Z,2026,5,13281,WR,NO,post,2026-10-06T00:15Z,,"{""adp_dd_ppr"":1000.0}"
20261006T1701Z,2026,5,13282,TE,CIN,post,2026-10-04T17:00Z,0.13,"{""adp_dd_ppr"":355.0,""bonus_rec_te"":0.06,""gp"":1.0,""pos_adp_dd_ppr"":96.0,""pts_half_ppr"":0.1,""pts_ppr"":0.13,""pts_std"":0.07,""rec"":0.06,""rec_0_4"":0.01,""rec_10_19"":0.02,""rec_20_29"":0.01,""rec_30_39"":0.01,""rec_40p"":0.01,""rec_5_9"":0.01,""rec_fd"":0.05,""rec_tgt"":0.07,""rec_yd"":0.54}"
20261006T1701Z,2026,5,13285,WR,NYG,post,2026-10-04T17:00Z,5.61,"{""adp_dd_ppr"":176.0,""bonus_rec_wr"":1.77,""def_kr_yd"":5.12,""fum"":0.02,""fum_lost"":0.01,""gp"":1.0,""pos_adp_dd_ppr"":74.0,""pts_half_ppr"":4.73,""pts_ppr"":5.61,""pts_std"":3.84,""rec"":1.77,""rec_0_4"":0.35,""rec_10_19"":0.53,""rec_20_29"":0.35,""rec_2pt"":0.01,""rec_30_39"":0.18,""rec_40p"":0.18,""rec_5_9"":0.35,""rec_fd"":2.66,""rec_td"":0.19,""rec_tgt"":3.52,""rec_yd"":26.58,""rush_att"":0.04,""rush_fd"":0.02,""rush_yd"":0.15}"
20261006T1701Z,2026,5,13286,RB,SEA,post,2026-10-04T20:25Z,,"{""adp_dd_ppr"":1000.0}"
20261006T1701Z,2026,5,13287,RB,ARI,post,2026-10-04T17:00Z,12.65,"{""adp_dd_ppr"":55.0,""bonus_rec_rb"":1.9,""def_kr_yd"":12.49,""fum"":0.14,""fum_lost"":0.06,""gp"":1.0,""pos_adp_dd_ppr"":20.0,""pts_half_ppr"":11.7,""pts_ppr"":12.65,""pts_std"":10.75,""rec"":1.9,""rec_0_4"":0.38,""rec_10_19"":0.57,""rec_20_29"":0.38,""rec_2pt"":0.01,""rec_30_39"":0.19,""rec_40p"":0.19,""rec_5_9"":0.38,""rec_fd"":1.14,""rec_td"":0.13,""rec_tgt"":2.29,""rec_yd"":11.36,""rush_2pt"":0.02,""rush_40p"":0.14,""rush_att"":13.31,""rush_fd"":6.22,""rush_td"":0.44,""rush_yd"":62.16}"
20261006T1701Z,2026,5,13288,RB,TEN,post,2026-10-04T17:00Z,1.37,"{""adp_dd_ppr"":308.0,""bonus_rec_rb"":0.09,""def_kr_yd"":8.89,""fum"":0.02,""fum_lost"":0.01,""gp"":1.0,""pos_adp_dd_ppr"":71.0,""pts_half_ppr"":1.32,""pts_ppr"":1.37,""pts_std"":1.27,""rec"":0.09,""rec_0_4"":0.02,""rec_10_19"":0.03,""rec_20_29"":0.02,""rec_30_39"":0.01,""rec_40p"":0.01,""rec_5_9"":0.02,""rec_fd"":0.07,""rec_tgt"":0.12,""rec_yd"":0.73,""rush_40p"":0.02,""rush_att"":2.61,""rush_fd"":0.79,""rush_td"":0.07,""rush_yd"":7.87}"
20261006T1701Z,2026,5,13289,QB,PIT,post,2026-10-02T00:15Z,,"{""adp_dd_ppr"":1000.0}"
20261006T1701Z,2026,5,13292,TE,PIT,post,2026-10-02T00:15Z,,"{""adp_dd_ppr"":1000.0}"
20261006T1701Z,2026,5,13293,WR,BAL,post,2026-10-04T17:00Z,,"{""adp_dd_ppr"":1000.0}"
20261006T1701Z,2026,5,13294,WR,PHI,post,2026-10-04T17:00Z,5.47,"{""adp_dd_ppr"":178.0,""bonus_rec_wr"":2.63,""def_kr_yd"":6.9,""fum"":0.02,""fum_lost"":0.01,""gp"":1.0,""pos_adp_dd_ppr"":76.0,""pr"":0.29,""pr_yd"":2.68,""pts_half_ppr"":4.16,""pts_ppr"":5.47,""pts_std"":2.84,""rec"":2.63,""rec_0_4"":0.53,""rec_10_19"":0.79,""rec_20_29"":0.53,""rec_2pt"":0.01,""rec_30_39"":0.26,""rec_40p"":0.26,""rec_5_9"":0.53,""rec_fd"":2.14,""rec_td"":0.11,""rec_tgt"":3.61,""rec_yd"":21.4,""rush_att"":0.09,""rush_fd"":0.03,""rush_yd"":0.31}"
20261006T1701Z,2026,5,13296,WR,MIA,post,2026-10-04T20:05Z,7.18,"{""adp_dd_ppr"":144.0,""bonus_rec_wr"":2.72,""fum"":0.02,""fum_lost"":0.01,""gp"":1.0,""pos_adp_dd_ppr"":56.0,""pts_half_ppr"":5.83,""pts_ppr"":7.18,""pts_std"":4.47,""rec"":2.72,""rec_0_4"":0.54,""rec_10_19"":0.81,""rec_20_29"":0.54,""rec_2pt"":0.01,""rec_30_39"":0.27,""rec_40p"":0.27,""rec_5_9"":0.54,""rec_fd"":3.7,""rec_td"":0.13,""rec_tgt"":4.25,""rec_yd"":37.0}"
20261006T1701Z,2026,5,13297,WR,ARI,post,2026-10-04T17:00Z,,"{""adp_dd_ppr"":1000.0}"
20261006T1701Z,2026,5,13298,WR,CLE,post,2026-10-02T00:15Z,9.82,"{""adp_dd_ppr"":81.0,""bonus_rec_wr"":3.89,""def_kr_yd"":18.83,""fum"":0.04,""fum_lost"":0.02,""gp"":1.0,""pos_adp_dd_ppr"":37.0,""pr"":1.45,""pr_td"":0.06,""pr_yd"":14.53,""pts_half_ppr"":7.87,""pts_ppr"":9.82,""pts_std"":5.92,""rec"":3.89,""rec_0_4"":0.78,""rec_10_19"":1.17,""rec_20_29"":0.78,""rec_2pt"":0.01,""rec_30_39"":0.39,""rec_40p"":0.39,""rec_5_9"":0.78,""rec_fd"":3.77,""rec_td"":0.29,""rec_tgt"":6.06,""rec_yd"":37.72,""rush_40p"":0.01,""rush_att"":0.76,""rush_fd"":0.3,""rush_td"":0.02,""rush_yd"":3.04}"
20261006T1701Z,2026,5,13299,TE,JAX,post,2026-10-04T17:00Z,1.34,"{""adp_dd_ppr"":268.0,""bonus_rec_te"":0.56,""fum"":0.01,""gp"":1.0,""pos_adp_dd_ppr"":60.0,""pts_half_ppr"":1.06,""pts_ppr"":1.34,""pts_std"":0.78,""rec"":0.56,""rec_0_4"":0.11,""rec_10_19"":0.17,""rec_20_29"":0.11,""rec_30_39"":0.06,""rec_40p"":0.06,""rec_5_9"":0.11,""rec_fd"":0.56,""rec_td"":0.04,""rec_tgt"":0.83,""rec_yd"":5.6}"
20261006T1701Z,2026,5,13300,DEF,13300,,,,"{""adp_dd_ppr"":1000.0}"
20261006T1701Z,2026,5,13301,WR,WAS,post,2026-10-04T13:30Z,6.84,"{""adp_dd_ppr"":150.0,""bonus_rec_wr"":2.54,""fum"":0.03,""fum_lost"":0.01,""gp"":1.0,""pos_adp_dd_ppr"":59.0,""pts_half_ppr"":5.57,""pts_ppr"":6.84,""pts_std"":4.3,""rec"":2.54,""rec_0_4"":0.51,""rec_10_19"":0.76,""rec_20_29"":0.51,""rec_2pt"":0.01,""rec_30_39"":0.25,""rec_40p"":0.25,""rec_5_9"":0.51,""rec_fd"":2.75,""rec_td"":0.24,""rec_tgt"":4.01,""rec_yd"":27.47,""rush_att"":0.11,""rush_fd"":0.06,""rush_td"":0.01,""rush_yd"":0.56}"
20261006T1701Z,2026,5,13302,RB,BAL,post,2026-10-04T17:00Z,,"{""adp_dd_ppr"":1000.0}"
20261006T1701Z,2026,5,13303,QB,NYJ,post,2026-10-04T17:00Z,,"{""adp_dd_ppr"":1000.0}"
20261006T1701Z,2026,5,13305,RB,LV,post,2026-10-04T20:25Z,5.34,"{""adp_dd_ppr"":195.0,""bonus_rec_rb"":0.61,""def_kr_yd"":8.92,""fum"":0.04,""fum_lost"":0.02,""gp"":1.0,""pos_adp_dd_ppr"":54.0,""pts_half_ppr"":5.04,""pts_ppr"":5.34,""pts_std"":4.73,""rec"":0.61,""rec_0_4"":0.12,""rec_10_19"":0.18,""rec_20_29"":0.12,""rec_30_39"":0.06,""rec_40p"":0.06,""rec_5_9"":0.12,""rec_fd"":0.48,""rec_td"":0.04,""rec_tgt"":1.0,""rec_yd"":4.82,""rush_2pt"":0.01,""rush_40p"":0.04,""rush_att"":4.4,""rush_fd"":2.65,""rush_td"":0.23,""rush_yd"":26.47}"
20261006T1701Z,2026,5,13306,QB,CLE,post,2026-10-02T00:15Z,,"{""adp_dd_ppr"":1000.0}"
20261006T1701Z,2026,5,13307,TE,HOU,post,2026-10-04T17:00Z,1.77,"{""adp_dd_ppr"":261.0,""bonus_rec_te"":0.78,""fum"":0.01,""gp"":1.0,""pos_adp_dd_ppr"":55.0,""pts_half_ppr"":1.38,""pts_ppr"":1.77,""pts_std"":0.99,""rec"":0.78,""rec_0_4"":0.16,""rec_10_19"":0.23,""rec_20_29"":0.16,""rec_30_39"":0.08,""rec_40p"":0.08,""rec_5_9"":0.16,""rec_fd"":0.76,""rec_td"":0.04,""rec_tgt"":0.9,""rec_yd"":7.63}"
20261006T1701Z,2026,5,13309,DEF,13309,,,,"{""adp_dd_ppr"":1000.0}"
20261006T1701Z,2026,5,13311,WR,MIA,post,2026-10-04T20:05Z,6.67,"{""adp_dd_ppr"":156.0,""bonus_rec_wr"":2.19,""fum"":0.02,""fum_lost"":0.01,""gp"":1.0,""pos_adp_dd_ppr"":65.0,""pts_half_ppr"":5.57,""pts_ppr"":6.67,""pts_std"":4.47,""rec"":2.19,""rec_0_4"":0.44,""rec_10_19"":0.66,""rec_20_29"":0.44,""rec_2pt"":0.01,""rec_30_39"":0.22,""rec_40p"":0.22,""rec_5_9"":0.44,""rec_fd"":3.56,""rec_td"":0.15,""rec_tgt"":4.54,""rec_yd"":35.64,""rush_att"":0.04,""rush_fd"":0.02,""rush_yd"":0.19}"
20261006T1701Z,2026,5,13314,QB,DET,post,2026-10-05T00:20Z,,"{""adp_dd_ppr"":1000.0}"
20261006T1701Z,2026,5,13315,RB,LAR,post,2026-10-04T17:00Z,0.18,"{""adp_dd_ppr"":373.0,""bonus_rec_rb"":0.05,""gp"":1.0,""pos_adp_dd_ppr"":89.0,""pts_half_ppr"":0.16,""pts_ppr"":0.18,""pts_std"":0.13,""rec"":0.05,""rec_0_4"":0.01,""rec_10_19"":0.01,""rec_20_29"":0.01,""rec_5_9"":0.01,""rec_fd"":0.04,""rec_tgt"":0.07,""rec_yd"":0.4,""rush_att"":0.1,""rush_fd"":0.05,""rush_yd"":0.46}"
20261006T1701Z,2026,5,13317,WR,TB,post,2026-10-04T17:00Z,5.49,"{""adp_dd_ppr"":177.0,""bonus_rec_wr"":1.74,""fum"":0.02,""fum_lost"":0.01,""gp"":1.0,""pos_adp_dd_ppr"":75.0,""pts_half_ppr"":4.63,""pts_ppr"":5.49,""pts_std"":3.76,""rec"":1.74,""rec_0_4"":0.35,""rec_10_19"":0.52,""rec_20_29"":0.35,""rec_2pt"":0.01,""rec_30_39"":0.17,""rec_40p"":0.17,""rec_5_9"":0.35,""rec_fd"":2.57,""rec_td"":0.19,""rec_tgt"":3.27,""rec_yd"":25.73,""rush_att"":0.09,""rush_fd"":0.04,""rush_yd"":0.44}"
20261006T1701Z,2026,5,13319,TE,NO,post,2026-10-06T00:15Z,1.4,"{""adp_dd_ppr"":264.0,""bonus_rec_te"":0.66,""fum"":0.01,""gp"":1.0,""pos_adp_dd_ppr"":58.0,""pts_half_ppr"":1.06,""pts_ppr"":1.4,""pts_std"":0.73,""rec"":0.66,""rec_0_4"":0.13,""rec_10_19"":0.2,""rec_20_29"":0.13,""rec_30_39"":0.07,""rec_40p"":0.07,""rec_5_9"":0.13,""rec_fd"":0.56,""rec_td"":0.03,""rec_tgt"":0.83,""rec_yd"":5.56}"
20261006T1701Z,2026,5,13320,WR,ATL,post,2026-10-06T00:15Z,3.38,"{""adp_dd_ppr"":212.0,""bonus_rec_wr"":1.31,""def_kr_td"":0.06,""def_kr_yd"":38.96,""fum"":0.01,""fum_lost"":0.01,""gp"":1.0,""pos_adp_dd_ppr"":91.0,""pr"":0.76,""pr_yd"":7.5,""pts_half_ppr"":2.72,""pts_ppr"":3.38,""pts_std"":2.07,""rec"":1.31,""rec_0_4"":0.26,""rec_10_19"":0.39,""rec_20_29"":0.26,""rec_2pt"":0.01,""rec_30_39"":0.13,""rec_40p"":0.13,""rec_5_9"":0.26,""rec_fd"":1.47,""rec_td"":0.08,""rec_tgt"":1.98,""rec_yd"":14.7,""rush_att"":0.15,""rush_fd"":0.06,""rush_td"":0.01,""rush_yd"":0.6}"
20261006T1701Z,2026,5,13322,TE,CHI,post,2026-10-04T17:00Z,2.04,"{""adp_dd_ppr"":250.0,""bonus_rec_te"":0.9,""fum"":0.01,""gp"":1.0,""pos_adp_dd_ppr"":46.0,""pts_half_ppr"":1.59,""pts_ppr"":2.04,""pts_std"":1.14,""rec"":0.9,""rec_0_4"":0.18,""rec_10_19"":0.27,""rec_20_29"":0.18,""rec_30_39"":0.09,""rec_40p"":0.09,""rec_5_9"":0.18,""rec_fd"":0.83,""rec_td"":0.05,""rec_tgt"":1.28,""rec_yd"":8.29}"
20261006T1701Z,2026,5,13324,TE,BAL,post,2026-10-04T17:00Z,2.76,"{""adp_dd_ppr"":236.0,""bonus_rec_te"":1.05,""fum"":0.01,""gp"":1.0,""pos_adp_dd_ppr"":43.0,""pts_half_ppr"":2.23,""pts_ppr"":2.76,""pts_std"":1.7,""rec"":1.05,""rec_0_4"":0.21,""rec_10_19"":0.32,""rec_20_29"":0.21,""rec_2pt"":0.01,""rec_30_39"":0.11,""rec_40p"":0.11,""rec_5_9"":0.21,""rec_fd"":1.23,""rec_td"":0.08,""rec_tgt"":1.4,""rec_yd"":12.27}"
20261006T1701Z,2026,5,13329,WR,LV,post,2026-10-04T20:25Z,0.85,"{""adp_dd_ppr"":278.0,""bonus_rec_wr"":0.36,""gp"":1.0,""pos_adp_dd_ppr"":116.0,""pts_half_ppr"":0.67,""pts_ppr"":0.85,""pts_std"":0.49,""rec"":0.36,""rec_0_4"":0.07,""rec_10_19"":0.11,""rec_20_29"":0.07,""rec_30_39"":0.04,""rec_40p"":0.04,""rec_5_9"":0.07,""rec_fd"":0.34,""rec_td"":0.02,""rec_tgt"":0.65,""rec_yd"":3.38}"
20261006T1701Z,2026,5,13330,TE,NYJ,post,2026-10-04T17:00Z,8.13,"{""adp_dd_ppr"":129.0,""bonus_rec_te"":3.17,""fum"":0.03,""fum_lost"":0.01,""gp"":1.0,""pos_adp_dd_ppr"":23.0,""pts_half_ppr"":6.54,""pts_ppr"":8.13,""pts_std"":4.96,""rec"":3.17,""rec_0_4"":0.63,""rec_10_19"":0.95,""rec_20_29"":0.63,""rec_2pt"":0.01,""rec_30_39"":0.32,""rec_40p"":0.32,""rec_5_9"":0.63,""rec_fd"":3.25,""rec_td"":0.27,""rec_tgt"":4.28,""rec_yd"":32.52,""rush_att"":0.11,""rush_fd"":0.05,""rush_td"":0.01,""rush_yd"":0.47}"
20261006T1701Z,2026,5,13333,WR,IND,post,2026-10-04T13:30Z,0.19,"{""adp_dd_ppr"":325.0,""bonus_rec_wr"":0.08,""gp"":1.0,""pos_adp_dd_ppr"":145.0,""pts_half_ppr"":0.15,""pts_ppr"":0.19,""pts_std"":0.12,""rec"":0.08,""rec_0_4"":0.02,""rec_10_19"":0.02,""rec_20_29"":0.02,""rec_30_39"":0.01,""rec_40p"":0.01,""rec_5_9"":0.02,""rec_fd"":0.08,""rec_td"":0.01,""rec_tgt"":0.12,""rec_yd"":0.84}"
20261006T1701Z,2026,5,13335,QB,PHI,post,2026-10-04T17:00Z,,"{""adp_dd_ppr"":1000.0}"
20261006T1701Z,2026,5,13337,RB,KC,post,2026-10-04T20:25Z,,"{""adp_dd_ppr"":1000.0}"
20261006T1701Z,2026,5,13338,WR,MIA,post,2026-10-04T20:05Z,3.07,"{""adp_dd_ppr"":219.0,""bonus_rec_wr"":1.03,""fum"":0.01,""gp"":1.0,""pos_adp_dd_ppr"":96.0,""pts_half_ppr"":2.56,""pts_ppr"":3.07,""pts_std"":2.04,""rec"":1.03,""rec_0_4"":0.21,""rec_10_19"":0.31,""rec_20_29"":0.21,""rec_30_39"":0.1,""rec_40p"":0.1,""rec_5_9"":0.21,""rec_fd"":1.51,""rec_td"":0.09,""rec_tgt"":2.55,""rec_yd"":15.11}"
20261006T1701Z,2026,5,13342,TE,KC,post,2026-10-04T20:25Z,,"{""adp_dd_ppr"":1000.0}"
20261006T1701Z,2026,5,13345,RB,DEN,post,2026-10-04T20:25Z,,"{""adp_dd_ppr"":1000.0}"
20261006T1701Z,2026,5,13346,WR,CLE,post,2026-10-02T00:15Z,10.69,"{""adp_dd_ppr"":64.0,""bonus_rec_wr"":3.1,""fum"":0.03,""fum_lost"":0.01,""gp"":1.0,""pos_adp_dd_ppr"":29.0,""pts_half_ppr"":9.14,""pts_ppr"":10.69,""pts_std"":7.59,""rec"":3.1,""rec_0_4"":0.62,""rec_10_19"":0.93,""rec_20_29"":0.62,""rec_2pt"":0.02,""rec_30_39"":0.31,""rec_40p"":0.31,""rec_5_9"":0.62,""rec_fd"":5.1,""rec_td"":0.4,""rec_tgt"":5.15,""rec_yd"":51.02,""rush_att"":0.14,""rush_fd"":0.07,""rush_yd"":0.67}"
20261006T1701Z,2026,5,13347,RB,MIN,post,2026-10-04T20:05Z,2.82,"{""adp_dd_ppr"":246.0,""bonus_rec_rb"":0.47,""def_kr_yd"":11.78,""fum"":0.03,""fum_lost"":0.01,""gp"":1.0,""pos_adp_dd_ppr"":63.0,""pr"":0.06,""pr_yd"":0.93,""pts_half_ppr"":2.58,""pts_ppr"":2.82,""pts_std"":2.34,""rec"":0.47,""rec_0_4"":0.09,""rec_10_19"":0.14,""rec_20_29"":0.09,""rec_30_39"":0.05,""rec_40p"":0.05,""rec_5_9"":0.09,""rec_fd"":0.3,""rec_td"":0.03,""rec_tgt"":0.57,""rec_yd"":2.96,""rush_2pt"":0.01,""rush_40p"":0.03,""rush_att"":3.26,""rush_fd"":1.13,""rush_td"":0.12,""rush_yd"":11.3}"
20261006T1701Z,2026,5,13348,RB,JAX,post,2026-10-04T17:00Z,,"{""adp_dd_ppr"":1000.0}"
20261006T1701Z,2026,5,13349,TE,PHI,post,2026-10-04T17:00Z,,"{""adp_dd_ppr"":1000.0}"
20261006T1701Z,2026,5,13350,QB,BAL,post,2026-10-04T17:00Z,,"{""adp_dd_ppr"":1000.0}"
20261006T1701Z,2026,5,13353,WR,CAR,post,2026-10-05T00:20Z,,"{""adp_dd_ppr"":1000.0}"
20261006T1701Z,2026,5,13354,DEF,13354,,,,"{""adp_dd_ppr"":1000.0}"
20261006T1701Z,2026,5,13355,TE,DAL,post,2026-10-04T17:00Z,,"{""adp_dd_ppr"":1000.0}"
20261006T1701Z,2026,5,13356,WR,JAX,post,2026-10-04T17:00Z,,"{""adp_dd_ppr"":1000.0}"
20261006T1701Z,2026,5,13357,DEF,13357,,,,"{""adp_dd_ppr"":1000.0}"
20261006T1701Z,2026,5,13380,WR,LAC,post,2026-10-04T20:25Z,0.81,"{""adp_dd_ppr"":282.0,""bonus_rec_wr"":0.32,""gp"":1.0,""pos_adp_dd_ppr"":117.0,""pts_half_ppr"":0.65,""pts_ppr"":0.81,""pts_std"":0.49,""rec"":0.32,""rec_0_4"":0.06,""rec_10_19"":0.1,""rec_20_29"":0.06,""rec_30_39"":0.03,""rec_40p"":0.03,""rec_5_9"":0.06,""rec_fd"":0.36,""rec_td"":0.02,""rec_tgt"":0.6,""rec_yd"":3.58}"
20261006T1701Z,2026,5,1339,TE,PHI,post,2026-10-04T17:00Z,2.74,"{""adp_dd_ppr"":237.0,""bonus_rec_te"":1.21,""fum"":0.01,""gp"":1.0,""pos_adp_dd_ppr"":44.0,""pts_half_ppr"":2.13,""pts_ppr"":2.74,""pts_std"":1.53,""rec"":1.21,""rec_0_4"":0.24,""rec_10_19"":0.36,""rec_20_29"":0.24,""rec_30_39"":0.12,""rec_40p"":0.12,""rec_5_9"":0.24,""rec_fd"":1.15,""rec_td"":0.06,""rec_tgt"":1.7,""rec_yd"":11.45}"
20261006T1701Z,2026,5,13392,WR,KC,post,2026-10-04T20:25Z,,"{""adp_dd_ppr"":1000.0}"
20261006T1701Z,2026,5,13394,WR,JAX,post,2026-10-04T17:00Z,3.4,"{""adp_dd_ppr"":211.0,""bonus_rec_wr"":1.07,""def_kr_yd"":12.16,""fum"":0.02,""fum_lost"":0.01,""gp"":1.0,""pos_adp_dd_ppr"":90.0,""pts_half_ppr"":2.86,""pts_ppr"":3.4,""pts_std"":2.33,""rec"":1.07,""rec_0_4"":0.21,""rec_10_19"":0.32,""rec_20_29"":0.21,""rec_2pt"":0.01,""rec_30_39"":0.11,""rec_40p"":0.11,""rec_5_9"":0.21,""rec_fd"":1.29,""rec_td"":0.15,""rec_tgt"":1.68,""rec_yd"":12.85,""rush_40p"":0.01,""rush_att"":0.19,""rush_fd"":0.08,""rush_td"":0.01,""rush_yd"":0.76}"
20261006T1701Z,2026,5,13400,TE,MIA,post,2026-10-04T20:05Z,0.48,"{""adp_dd_ppr"":327.0,""bonus_rec_te"":0.2,""gp"":1.0,""pos_adp_dd_ppr"":80.0,""pts_half_ppr"":0.39,""pts_ppr"":0.48,""pts_std"":0.29,""rec"":0.2,""rec_0_4"":0.04,""rec_10_19"":0.06,""rec_20_29"":0.04,""rec_30_39"":0.02,""rec_40p"":0.02,""rec_5_9"":0.04,""rec_fd"":0.22,""rec_td"":0.01,""rec_tgt"":0.28,""rec_yd"":2.18}"
20261006T1701Z,2026,5,13401,TE,DAL,post,2026-10-04T17:00Z,,"{""adp_dd_ppr"":1000.0}"
20261006T1701Z,2026,5,13402,WR,BUF,post,2026-10-04T17:00Z,0.27,"{""adp_dd_ppr"":313.0,""bonus_rec_wr"":0.09,""gp"":1.0,""pos_adp_dd_ppr"":135.0,""pts_half_ppr"":0.23,""pts_ppr"":0.27,""pts_std"":0.18,""rec"":0.09,""rec_0_4"":0.02,""rec_10_19"":0.03,""rec_20_29"":0.02,""rec_30_39"":0.01,""rec_40p"":0.01,""rec_5_9"":0.02,""rec_fd"":0.11,""rec_td"":0.01,""rec_tgt"":0.16,""rec_yd"":1.12,""rush_att"":0.03,""rush_fd"":0.01,""rush_yd"":0.15}"
20261006T1701Z,2026,5,13403,DEF,13403,,,,"{""adp_dd_ppr"":1000.0}"
20261006T1701Z,2026,5,13404,QB,KC,post,2026-10-04T20:25Z,,"{""adp_dd_ppr"":1000.0}"
20261006T1701Z,2026,5,13405,RB,WAS,post,2026-10-04T13:30Z,1.7,"{""adp_dd_ppr"":289.0,""bonus_rec_rb"":0.17,""def_kr_yd"":11.48,""fum"":0.02,""fum_lost"":0.01,""gp"":1.0,""pos_adp_dd_ppr"":70.0,""pts_half_ppr"":1.61,""pts_ppr"":1.7,""pts_std"":1.52,""rec"":0.17,""rec_0_4"":0.03,""rec_10_19"":0.05,""rec_20_29"":0.03,""rec_30_39"":0.02,""rec_40p"":0.02,""rec_5_9"":0.03,""rec_fd"":0.12,""rec_td"":0.01,""rec_tgt"":0.24,""rec_yd"":1.2,""rush_40p"":0.02,""rush_att"":2.18,""rush_fd"":0.97,""rush_td"":0.06,""rush_yd"":9.74}"
20261006T1701Z,2026,5,13408,TE,JAX,post,2026-10-04T17:00Z,1.15,"{""adp_dd_ppr"":279.0,""bonus_rec_te"":0.47,""gp"":1.0,""pos_adp_dd_ppr"":66.0,""pts_half_ppr"":0.91,""pts_ppr"":1.15,""pts_std"":0.68,""rec"":0.47,""rec_0_4"":0.09,""rec_10_19"":0.14,""rec_20_29"":0.09,""rec_30_39"":0.05,""rec_40p"":0.05,""rec_5_9"":0.09,""rec_fd"":0.47,""rec_td"":0.03,""rec_tgt"":0.7,""rec_yd"":4.73}"
20261006T1701Z,2026,5,13411,WR,CHI,post,2026-10-04T17:00Z,0.77,"{""adp_dd_ppr"":284.0,""bonus_rec_wr"":0.29,""gp"":1.0,""pos_adp_dd_ppr"":119.0,""pts_half_ppr"":0.62,""pts_ppr"":0.77,""pts_std"":0.48,""rec"":0.29,""rec_0_4"":0.06,""rec_10_19"":0.09,""rec_20_29"":0.06,""rec_30_39"":0.03,""rec_40p"":0.03,""rec_5_9"":0.06,""rec_fd"":0.28,""rec_td"":0.02,""rec_tgt"":0.41,""rec_yd"":2.82,""rush_att"":0.12,""rush_fd"":0.06,""rush_yd"":0.57}"
20261006T1701Z,2026,5,13412,WR,DET,post,2026-10-05T00:20Z,,"{""adp_dd_ppr"":1000.0}"
20261006T1701Z,2026,5,13413,WR,KC,post,2026-10-04T20:25Z,,"{""adp_dd_ppr"":1000.0}"
20261006T1701Z,2026,5,13414,RB,SF,post,2026-10-04T20:25Z,2.77,"{""adp_dd_ppr"":248.0,""bonus_rec_rb"":0.48,""fum"":0.04,""fum_lost"":0.02,""gp"":1.0,""pos_adp_dd_ppr"":65.0,""pts_half_ppr"":2.53,""pts_ppr"":2.77,""pts_std"":2.29,""rec"":0.48,""rec_0_4"":0.1,""rec_10_19"":0.14,""rec_20_29"":0.1,""rec_30_39"":0.05,""rec_40p"":0.05,""rec_5_9"":0.1,""rec_fd"":0.35,""rec_td"":0.02,""rec_tgt"":0.65,""rec_yd"":3.48,""rush_2pt"":0.01,""rush_40p"":0.04,""rush_att"":4.47,""rush_fd"":1.51,""rush_td"":0.05,""rush_yd"":15.13}"
20261006T1701Z,2026,5,13416,RB,LV,post,2026-10-04T20:25Z,,"{""adp_dd_ppr"":1000.0}"
20261006T1701Z,2026,5,13417,WR,SF,post,2026-10-04T20:25Z,,"{""adp_dd_ppr"":1000.0}"
20261006T1701Z,2026,5,13418,RB,SEA,post,2026-10-04T20:25Z,,"{""adp_dd_ppr"":1000.0}"
20261006T1701Z,2026,5,13419,RB,KC,post,2026-10-04T20:25Z,,"{""adp_dd_ppr"":1000.0}"
20261006T1701Z,2026,5,13420,WR,NO,post,2026-10-06T00:15Z,2.87,"{""adp_dd_ppr"":226.0,""bonus_rec_wr"":1.1,""fum"":0.01,""gp"":1.0,""pos_adp_dd_ppr"":98.0,""pts_half_ppr"":2.32,""pts_ppr"":2.87,""pts_std"":1.77,""rec"":1.1,""rec_0_4"":0.22,""rec_10_19"":0.33,""rec_20_29"":0.22,""rec_30_39"":0.11,""rec_40p"":0.11,""rec_5_9"":0.22,""rec_fd"":1.37,""rec_td"":0.07,""rec_tgt"":2.13,""rec_yd"":13.71}"
20261006T1701Z,2026,5,13421,TE,NE,post,2026-10-04T17:00Z,3.25,"{""adp_dd_ppr"":223.0,""bonus_rec_te"":1.17,""fum"":0.01,""gp"":1.0,""pos_adp_dd_ppr"":36.0,""pts_half_ppr"":2.66,""pts_ppr"":3.25,""pts_std"":2.08,""rec"":1.17,""rec_0_4"":0.23,""rec_10_19"":0.35,""rec_20_29"":0.23,""rec_2pt"":0.01,""rec_30_39"":0.12,""rec_40p"":0.12,""rec_5_9"":0.23,""rec_fd"":1.29,""rec_td"":0.13,""rec_tgt"":1.55,""rec_yd"":12.91}"
20261006T1701Z,2026,5,13423,RB,PIT,post,2026-10-02T00:15Z,,"{""adp_dd_ppr"":1000.0}"
20261006T1701Z,2026,5,13424,RB,IND,post,2026-10-04T13:30Z,2.78,"{""adp_dd_ppr"":247.0,""bonus_rec_rb"":0.39,""def_kr_yd"":8.56,""fum"":0.04,""fum_lost"":0.02,""gp"":1.0,""pos_adp_dd_ppr"":64.0,""pts_half_ppr"":2.59,""pts_ppr"":2.78,""pts_std"":2.39,""rec"":0.39,""rec_0_4"":0.08,""rec_10_19"":0.12,""rec_20_29"":0.08,""rec_30_39"":0.04,""rec_40p"":0.04,""rec_5_9"":0.08,""rec_fd"":0.31,""rec_td"":0.02,""rec_tgt"":0.53,""rec_yd"":3.14,""rush_2pt"":0.01,""rush_40p"":0.04,""rush_att"":3.89,""rush_fd"":1.43,""rush_td"":0.09,""rush_yd"":14.27}"
20261006T1701Z,2026,5,13425,QB,TB,post,2026-10-04T17:00Z,15.18,"{""adp_dd_ppr"":134.0,""bonus_rush_td_qb"":0.14,""cmp_pct"":58.79,""fum"":0.29,""fum_lost"":0.13,""gp"":1.0,""pass_2pt"":0.05,""pass_att"":29.72,""pass_cmp"":17.47,""pass_cmp_40p"":0.33,""pass_fd"":20.91,""pass_inc"":12.25,""pass_int"":1.14,""pass_sack"":2.25,""pass_td"":1.31,""pass_yd"":209.11,""pos_adp_dd_ppr"":19.0,""pts_half_ppr"":15.18,""pts_ppr"":15.18,""pts_std"":15.18,""rush_2pt"":0.01,""rush_40p"":0.04,""rush_att"":4.08,""rush_fd"":2.01,""rush_td"":0.14,""rush_yd"":20.13}"
20261006T1701Z,2026,5,13429,TE,MIA,post,2026-10-04T20:05Z,0.09,"{""adp_dd_ppr"":358.0,""bonus_rec_te"":0.04,""gp"":1.0,""pos_adp_dd_ppr"":99.0,""pts_half_ppr"":0.07,""pts_ppr"":0.09,""pts_std"":0.06,""rec"":0.04,""rec_0_4"":0.01,""rec_10_19"":0.01,""rec_20_29"":0.01,""rec_5_9"":0.01,""rec_fd"":0.04,""rec_tgt"":0.06,""rec_yd"":0.42}"
20261006T1701Z,2026,5,13433,TE,PIT,post,2026-10-02T00:15Z,0.23,"{""adp_dd_ppr"":348.0,""gp"":1.0,""pos_adp_dd_ppr"":90.0,""pts_half_ppr"":0.18,""pts_ppr"":0.23,""pts_std"":0.14,""rec"":0.09,""rec_0_4"":0.02,""rec_10_19"":0.03,""rec_20_29"":0.02,""rec_30_39"":0.01,""rec_40p"":0.01,""rec_5_9"":0.02,""rec_fd"":0.09,""rec_td"":0.01,""rec_tgt"":0.13,""rec_yd"":0.94}"
20261006T1701Z,2026,5,13434,TE,MIA,post,2026-10-04T20:05Z,1.39,"{""adp_dd_ppr"":265.0,""bonus_rec_te"":0.61,""gp"":1.0,""pos_adp_dd_ppr"":59.0,""pts_half_ppr"":1.08,""pts_ppr"":1.39,""pts_std"":0.78,""rec"":0.61,""rec_0_4"":0.12,""rec_10_19"":0.18,""rec_20_29"":0.12,""rec_30_39"":0.06,""rec_40p"":0.06,""rec_5_9"":0.12,""rec_fd"":0.59,""rec_td"":0.03,""rec_tgt"":0.85,""rec_yd"":5.94}"
20261006T1701Z,2026,5,13435,TE,CLE,post,2026-10-02T00:15Z,,"{""adp_dd_ppr"":1000.0}"
20261006T1701Z,2026,5,13437,RB,HOU,post,2026-10-04T17:00Z,,"{""adp_dd_ppr"":1000.0}"
20261006T1701Z,2026,5,13477,WR,CIN,post,2026-10-04T17:00Z,0.67,"{""adp_dd_ppr"":291.0,""bonus_rec_wr"":0.3,""gp"":1.0,""pos_adp_dd_ppr"":121.0,""pts_half_ppr"":0.52,""pts_ppr"":0.67,""pts_std"":0.37,""rec"":0.3,""rec_0_4"":0.06,""rec_10_19"":0.09,""rec_20_29"":0.06,""rec_30_39"":0.03,""rec_40p"":0.03,""rec_5_9"":0.06,""rec_fd"":0.27,""rec_td"":0.02,""rec_tgt"":0.34,""rec_yd"":2.68}"
20261006T1701Z,2026,5,1348,DEF,1348,,,,"{""adp_dd_ppr"":1000.0}"
20261006T1701Z,2026,5,13491,WR,PIT,post,2026-10-02T00:15Z,0.16,"{""adp_dd_ppr"":329.0,""bonus_rec_wr"":0.04,""gp"":1.0,""pos_adp_dd_ppr"":147.0,""pts_half_ppr"":0.14,""pts_ppr"":0.16,""pts_std"":0.12,""rec"":0.04,""rec_0_4"":0.01,""rec_10_19"":0.01,""rec_20_29"":0.01,""rec_5_9"":0.01,""rec_fd"":0.05,""rec_tgt"":0.06,""rec_yd"":0.51,""rush_att"":0.05,""rush_fd"":0.02,""rush_yd"":0.23}"
20261006T1701Z,2026,5,1352,DEF,1352,,,,"{""adp_dd_ppr"":1000.0}"
20261006T1701Z,2026,5,13533,WR,NO,post,2026-10-06T00:15Z,0.49,"{""adp_dd_ppr"":299.0,""bonus_rec_wr"":0.2,""def_kr_td"":0.06,""def_kr_yd"":72.27,""gp"":1.0,""pos_adp_dd_ppr"":125.0,""pr"":0.3,""pr_yd"":2.97,""pts_half_ppr"":0.39,""pts_ppr"":0.49,""pts_std"":0.3,""rec"":0.2,""rec_0_4"":0.04,""rec_10_19"":0.06,""rec_20_29"":0.04,""rec_30_39"":0.02,""rec_40p"":0.02,""rec_5_9"":0.04,""rec_fd"":0.22,""rec_td"":0.01,""rec_tgt"":0.33,""rec_yd"":2.18}"
20261006T1701Z,2026,5,13541,WR,HOU,post,2026-10-04T17:00Z,,"{""adp_dd_ppr"":1000.0}"
20261006T1701Z,2026,5,13545,K,GB,post,2026-10-04T17:00Z,7.95,"{""adp_dd_ppr"":999.0,""fga"":1.93,""fgm"":1.57,""fgm_20_29"":0.36,""fgm_30_39"":0.48,""fgm_40_49"":0.48,""fgm_50p"":0.24,""fgm_yds"":64.94,""fgmiss_30_39"":0.12,""fgmiss_40_49"":0.12,""fgmiss_50p"":0.12,""gp"":1.0,""pos_adp_dd_ppr"":999.0,""pts_half_ppr"":7.95,""pts_ppr"":7.95,""pts_std"":7.95,""xpa"":2.53,""xpm"":2.41,""xpmiss"":0.12}"
20261006T1701Z,2026,5,13557,QB,WAS,post,2026-10-04T13:30Z,,"{""adp_dd_ppr"":1000.0}"
20261006T1701Z,2026,5,13600,WR,TEN,post,2026-10-04T17:00Z,,"{""adp_dd_ppr"":1000.0}"
20261006T1701Z,2026,5,13602,QB,ATL,post,2026-10-06T00:15Z,,"{""adp_dd_ppr"":1000.0}"
20261006T1701Z,2026,5,13603,RB,LAC,post,2026-10-04T20:25Z,,"{""adp_dd_ppr"":1000.0}"
20261006T1701Z,2026,5,13726,WR,DAL,post,2026-10-04T17:00Z,,"{""adp_dd_ppr"":1000.0}"
20261006T1701Z,2026,5,1373,QB,NYJ,post,2026-10-04T17:00Z,13.75,"{""adp_dd_ppr"":166.0,""bonus_rush_td_qb"":0.1,""cmp_pct"":66.58,""fum"":0.36,""fum_lost"":0.16,""gp"":1.0,""pass_2pt"":0.07,""pass_att"":28.52,""pass_cmp"":18.99,""pass_cmp_40p"":0.37,""pass_fd"":18.89,""pass_inc"":9.53,""pass_int"":0.59,""pass_sack"":2.2,""pass_td"":1.25,""pass_yd"":188.9,""pos_adp_dd_ppr"":27.0,""pts_half_ppr"":13.75,""pts_ppr"":13.75,""pts_std"":13.75,""rush_40p"":0.03,""rush_att"":3.19,""rush_fd"":1.38,""rush_td"":0.1,""rush_yd"":13.84}"
20261006T1701Z,2026,5,13770,WR,GB,post,2026-10-04T17:00Z,,"{""adp_dd_ppr"":1000.0}"
20261006T1701Z,2026,5,1379,FB,SF,post,2026-10-04T20:25Z,,"{""adp_dd_ppr"":1000.0}"
20261006T1701Z,2026,5,13830,WR,NE,post,2026-10-04T17:00Z,,"{""adp_dd_ppr"":1000.0}"
20261006T1701Z,2026,5,13833,K,NYG,post,2026-10-04T17:00Z,7.47,"{""adp_dd_ppr"":999.0,""fga"":1.94,""fgm"":1.56,""fgm_20_29"":0.36,""fgm_30_39"":0.48,""fgm_40_49"":0.42,""fgm_50p"":0.24,""fgm_yds"":61.79,""fgmiss_30_39"":0.06,""fgmiss_40_49"":0.06,""fgmiss_50p"":0.19,""gp"":1.0,""pos_adp_dd_ppr"":999.0,""pts_half_ppr"":7.47,""pts_ppr"":7.47,""pts_std"":7.47,""xpa"":2.19,""xpm"":2.12,""xpmiss"":0.06}"
20261006T1701Z,2026,5,13946,DEF,13946,,,,"{""adp_dd_ppr"":1000.0}"
20261006T1701Z,2026,5,13957,TE,IND,post,2026-10-04T13:30Z,,"{""adp_dd_ppr"":1000.0}"
20261006T1701Z,2026,5,13968,K,WAS,post,2026-10-04T13:30Z,7.83,"{""adp_dd_ppr"":999.0,""fga"":1.97,""fgm"":1.6,""fgm_20_29"":0.35,""fgm_30_39"":0.47,""fgm_40_49"":0.47,""fgm_50p"":0.24,""fgm_yds"":63.76,""fgmiss_50p"":0.18,""gp"":1.0,""pos_adp_dd_ppr"":999.0,""pts_half_ppr"":7.83,""pts_ppr"":7.83,""pts_std"":7.83,""xpa"":2.52,""xpm"":2.4,""xpmiss"":0.12}"
20261006T1701Z,2026,5,1426,DEF,1426,,,,"{""adp_dd_ppr"":1000.0}"
20261006T1701Z,2026,5,1433,DEF,1433,,,,"{""adp_dd_ppr"":1000.0}"
20261006T1701Z,2026,5,1466,TE,KC,post,2026-10-04T20:25Z,,"{""adp_dd_ppr"":1000.0}"
20261006T1701Z,2026,5,1479,WR,IND,post,2026-10-04T13:30Z,8.5,"{""adp_dd_ppr"":105.0,""bonus_rec_wr"":3.57,""fum"":0.03,""fum_lost"":0.01,""gp"":1.0,""pos_adp_dd_ppr"":46.0,""pts_half_ppr"":6.72,""pts_ppr"":8.5,""pts_std"":4.94,""rec"":3.57,""rec_0_4"":0.71,""rec_10_19"":1.07,""rec_20_29"":0.71,""rec_2pt"":0.01,""rec_30_39"":0.36,""rec_40p"":0.36,""rec_5_9"":0.71,""rec_fd"":3.66,""rec_td"":0.21,""rec_tgt"":5.32,""rec_yd"":36.65}"
20261006T1701Z,2026,5,167,DEF,167,,,,"{""adp_dd_ppr"":1000.0}"
20261006T1701Z,2026,5,17,DEF,17,,,,"{""adp_dd_ppr"":1000.0}"
20261006T1701Z,2026,5,1737,QB,CHI,post,2026-10-04T17:00Z,,"{""adp_dd_ppr"":1000.0}"
20261006T1701Z,2026,5,19,QB,CIN,post,2026-10-04T17:00Z,,"{""adp_dd_ppr"":1000.0}"
20261006T1701Z,2026,5,1945,K,PIT,post,2026-10-02T00:15Z,7.94,"{""adp_dd_ppr"":999.0,""fga"":2.23,""fgm"":1.92,""fgm_20_29"":0.3,""fgm_30_39"":0.44,""fgm_40_49"":0.39,""fgm_50p"":0.39,""fgm_yds"":64.96,""fgmiss_30_39"":0.04,""fgmiss_40_49"":0.04,""fgmiss_50p"":0.12,""gp"":1.0,""pos_adp_dd_ppr"":999.0,""pts_half_ppr"":7.94,""pts_ppr"":7.94,""pts_std"":7.94,""xpa"":2.3,""xpm"":2.23,""xpmiss"":0.06}"
20261006T1701Z,2026,5,1992,DEF,1992,,,,"{""adp_dd_ppr"":1000.0}"
20261006T1701Z,2026,5,2020,K,CHI,post,2026-10-04T17:00Z,7.64,"{""adp_dd_ppr"":999.0,""fga"":2.05,""fgm"":1.75,""fgm_20_29"":0.3,""fgm_30_39"":0.45,""fgm_40_49"":0.4,""fgm_50p"":0.3,""fgm_yds"":60.8,""fgmiss_30_39"":0.04,""fgmiss_40_49"":0.04,""fgmiss_50p"":0.11,""gp"":1.0,""pos_adp_dd_ppr"":999.0,""pts_half_ppr"":7.64,""pts_ppr"":7.64,""pts_std"":7.64,""xpa"":2.53,""xpm"":2.41,""xpmiss"":0.12}"
20261006T1701Z,2026,5,2028,DEF,2028,,,,"{""adp_dd_ppr"":1000.0}"
20261006T1701Z,2026,5,2078,DEF,2078,,,,"{""adp_dd_ppr"":1000.0}"
20261006T1701Z,2026,5,2133,WR,LAR,post,2026-10-04T17:00Z,15.8,"{""adp_dd_ppr"":21.0,""bonus_rec_wr"":4.44,""fum"":0.05,""fum_lost"":0.02,""gp"":1.0,""pos_adp_dd_ppr"":12.0,""pts_half_ppr"":13.58,""pts_ppr"":15.8,""pts_std"":11.36,""rec"":4.44,""rec_0_4"":0.89,""rec_10_19"":1.33,""rec_20_29"":0.89,""rec_2pt"":0.03,""rec_30_39"":0.44,""rec_40p"":0.44,""rec_5_9"":0.89,""rec_fd"":7.99,""rec_td"":0.56,""rec_tgt"":8.62,""rec_yd"":79.89}"
20261006T1701Z,2026,5,2152,DEF,2152,,,,"{""adp_dd_ppr"":1000.0}"
20261006T1701Z,2026,5,2197,WR,SF,post,2026-10-04T20:25Z,0.92,"{""adp_dd_ppr"":276.0,""bonus_rec_wr"":0.3,""gp"":1.0,""pos_adp_dd_ppr"":114.0,""pts_half_ppr"":0.77,""pts_ppr"":0.92,""pts_std"":0.62,""rec"":0.3,""rec_0_4"":0.06,""rec_10_19"":0.09,""rec_20_29"":0.06,""rec_30_39"":0.03,""rec_40p"":0.03,""rec_5_9"":0.06,""rec_fd"":0.48,""rec_td"":0.02,""rec_tgt"":0.65,""rec_yd"":4.84}"
20261006T1701Z,2026,5,2216,WR,SF,post,2026-10-04T20:25Z,13.64,"{""adp_dd_ppr"":34.0,""bonus_rec_wr"":4.27,""fum"":0.04,""fum_lost"":0.02,""gp"":1.0,""pos_adp_dd_ppr"":17.0,""pts_half_ppr"":11.5,""pts_ppr"":13.64,""pts_std"":9.37,""rec"":4.27,""rec_0_4"":0.85,""rec_10_19"":1.28,""rec_20_29"":0.85,""rec_2pt"":0.04,""rec_30_39"":0.43,""rec_40p"":0.43,""rec_5_9"":0.85,""rec_fd"":6.48,""rec_td"":0.47,""rec_tgt"":7.39,""rec_yd"":64.8}"
20261006T1701Z,2026,5,2306,QB,NYG,post,2026-10-04T17:00Z,15.15,"{""adp_dd_ppr"":136.0,""bonus_rush_td_qb"":0.11,""cmp_pct"":59.76,""fum"":0.4,""fum_lost"":0.17,""gp"":1.0,""pass_2pt"":0.05,""pass_att"":30.05,""pass_cmp"":17.96,""pass_cmp_40p"":0.34,""pass_fd"":21.14,""pass_inc"":12.09,""pass_int"":0.77,""pass_sack"":2.29,""pass_td"":1.42,""pass_yd"":211.38,""pos_adp_dd_ppr"":20.0,""pts_half_ppr"":15.15,""pts_ppr"":15.15,""pts_std"":15.15,""rush_2pt"":0.01,""rush_40p"":0.03,""rush_att"":3.19,""rush_fd"":1.41,""rush_td"":0.11,""rush_yd"":14.06}"
20261006T1701Z,2026,5,2307,QB,WAS,post,2026-10-04T13:30Z,,"{""adp_dd_ppr"":1000.0}"
20261006T1701Z,2026,5,2309,DEF,2309,,,,"{""adp_dd_ppr"":1000.0}"
20261006T1701Z,2026,5,2315,DEF,2315,,,,"{""adp_dd_ppr"":1000.0}"
20261006T1701Z,2026,5,2319,DEF,2319,,,,"{""adp_dd_ppr"":1000.0}"
20261006T1701Z,2026,5,2325,DEF,2325,,,,"{""adp_dd_ppr"":1000.0}"
20261006T1701Z,2026,5,2331,DEF,2331,,,,"{""adp_dd_ppr"":1000.0}"
20261006T1701Z,2026,5,2359,RB,JAX,post,2026-10-04T17:00Z,0.96,"{""adp_dd_ppr"":344.0,""bonus_rec_rb"":0.28,""def_kr_yd"":33.64,""fum"":0.01,""gp"":1.0,""pos_adp_dd_ppr"":74.0,""pts_half_ppr"":0.82,""pts_ppr"":0.96,""pts_std"":0.68,""rec"":0.28,""rec_0_4"":0.06,""rec_10_19"":0.08,""rec_20_29"":0.06,""rec_30_39"":0.03,""rec_40p"":0.03,""rec_5_9"":0.06,""rec_fd"":0.16,""rec_td"":0.01,""rec_tgt"":0.31,""rec_yd"":1.65,""rush_40p"":0.01,""rush_att"":0.89,""rush_fd"":0.34,""rush_td"":0.02,""rush_yd"":3.39}"
20261006T1701Z,2026,5,2374,DEF,2374,,,,"{""adp_dd_ppr"":1000.0}"
20261006T1701Z,2026,5,2410,DEF,2410,,,,"{""adp_dd_ppr"":1000.0}"
20261006T1701Z,2026,5,2431,DEF,2431,,,,"{""adp_dd_ppr"":1000.0}"
20261006T1701Z,2026,5,2449,WR,WAS,post,2026-10-04T13:30Z,11.66,"{""adp_dd_ppr"":54.0,""bonus_rec_wr"":4.13,""fum"":0.04,""fum_lost"":0.02,""gp"":1.0,""pos_adp_dd_ppr"":26.0,""pts_half_ppr"":9.59,""pts_ppr"":11.66,""pts_std"":7.53,""rec"":4.13,""rec_0_4"":0.83,""rec_10_19"":1.24,""rec_20_29"":0.83,""rec_2pt"":0.03,""rec_30_39"":0.41,""rec_40p"":0.41,""rec_5_9"":0.83,""rec_fd"":4.7,""rec_td"":0.47,""rec_tgt"":6.24,""rec_yd"":47.05}"
20261006T1701Z,2026,5,2460,DEF,2460,,,,"{""adp_dd_ppr"":1000.0}"
20261006T1701Z,2026,5,2505,TE,CAR,post,2026-10-05T00:20Z,,"{""adp_dd_ppr"":1000.0}"
20261006T1701Z,2026,5,2671,DEF,2671,,,,"{""adp_dd_ppr"":1000.0}"
20261006T1701Z,2026,5,2711,DEF,2711,,,,"{""adp_dd_ppr"":1000.0}"
20261006T1701Z,2026,5,2747,K,SEA,post,2026-10-04T20:25Z,8.64,"{""adp_dd_ppr"":999.0,""fga"":2.34,""fgm"":2.01,""fgm_20_29"":0.37,""fgm_30_39"":0.48,""fgm_40_49"":0.48,""fgm_50p"":0.32,""fgm_yds"":68.64,""fgmiss_30_39"":0.04,""fgmiss_40_49"":0.04,""fgmiss_50p"":0.12,""gp"":1.0,""pos_adp_dd_ppr"":999.0,""pts_half_ppr"":8.64,""pts_ppr"":8.64,""pts_std"":8.64,""xpa"":2.86,""xpm"":2.73,""xpmiss"":0.13}"
20261006T1701Z,2026,5,2749,DEF,2749,,,,"{""adp_dd_ppr"":1000.0}"
20261006T1701Z,2026,5,3155,WR,IND,post,2026-10-04T13:30Z,2.52,"{""adp_dd_ppr"":231.0,""bonus_rec_wr"":0.9,""gp"":1.0,""pos_adp_dd_ppr"":101.0,""pts_half_ppr"":2.07,""pts_ppr"":2.52,""pts_std"":1.62,""rec"":0.9,""rec_0_4"":0.18,""rec_10_19"":0.27,""rec_20_29"":0.18,""rec_30_39"":0.09,""rec_40p"":0.09,""rec_5_9"":0.18,""rec_fd"":1.16,""rec_td"":0.08,""rec_tgt"":1.18,""rec_yd"":11.64}"
20261006T1701Z,2026,5,3161,QB,MIN,post,2026-10-04T20:05Z,,"{""adp_dd_ppr"":1000.0}"
20261006T1701Z,2026,5,3163,QB,DET,post,2026-10-05T00:20Z,21.39,"{""adp_dd_ppr"":32.0,""bonus_rush_td_qb"":0.03,""cmp_pct"":66.39,""fum"":0.5,""fum_lost"":0.22,""gp"":1.0,""pass_2pt"":0.13,""pass_att"":34.51,""pass_cmp"":22.91,""pass_cmp_40p"":0.51,""pass_fd"":28.61,""pass_inc"":11.6,""pass_int"":0.48,""pass_sack"":3.1,""pass_td"":2.48,""pass_yd"":286.05,""pos_adp_dd_ppr"":2.0,""pts_half_ppr"":21.39,""pts_ppr"":21.39,""pts_std"":21.39,""rush_40p"":0.02,""rush_att"":1.55,""rush_fd"":0.5,""rush_td"":0.03,""rush_yd"":4.99}"
20261006T1701Z,2026,5,3164,DEF,3164,,,,"{""adp_dd_ppr"":1000.0}"
20261006T1701Z,2026,5,3198,RB,BAL,post,2026-10-04T17:00Z,18.04,"{""adp_dd_ppr"":14.0,""bonus_rec_rb"":1.42,""fum"":0.18,""fum_lost"":0.08,""gp"":1.0,""pos_adp_dd_ppr"":7.0,""pts_half_ppr"":17.33,""pts_ppr"":18.04,""pts_std"":16.62,""rec"":1.42,""rec_0_4"":0.28,""rec_10_19"":0.43,""rec_20_29"":0.28,""rec_30_39"":0.14,""rec_40p"":0.14,""rec_5_9"":0.28,""rec_fd"":1.27,""rec_td"":0.05,""rec_tgt"":1.75,""rec_yd"":12.69,""rush_2pt"":0.07,""rush_40p"":0.19,""rush_att"":19.65,""rush_fd"":9.71,""rush_td"":0.89,""rush_yd"":97.07}"
20261006T1701Z,2026,5,3199,DEF,3199,,,,"{""adp_dd_ppr"":1000.0}"
20261006T1701Z,2026,5,3200,WR,NYJ,post,2026-10-04T17:00Z,,"{""adp_dd_ppr"":1000.0}"
20261006T1701Z,2026,5,3202,TE,ATL,post,2026-10-06T00:15Z,3.3,"{""adp_dd_ppr"":222.0,""bonus_rec_te"":1.21,""fum"":0.01,""gp"":1.0,""pos_adp_dd_ppr"":35.0,""pts_half_ppr"":2.7,""pts_ppr"":3.3,""pts_std"":2.09,""rec"":1.21,""rec_0_4"":0.24,""rec_10_19"":0.36,""rec_20_29"":0.24,""rec_2pt"":0.01,""rec_30_39"":0.12,""rec_40p"":0.12,""rec_5_9"":0.24,""rec_fd"":1.29,""rec_td"":0.13,""rec_tgt"":1.7,""rec_yd"":12.88}"
20261006T1701Z,2026,5,3214,TE,NE,post,2026-10-04T17:00Z,9.39,"{""adp_dd_ppr"":98.0,""bonus_rec_te"":3.65,""fum"":0.03,""fum_lost"":0.01,""gp"":1.0,""pos_adp_dd_ppr"":15.0,""pts_half_ppr"":7.57,""pts_ppr"":9.39,""pts_std"":5.74,""rec"":3.65,""rec_0_4"":0.73,""rec_10_19"":1.09,""rec_20_29"":0.73,""rec_2pt"":0.02,""rec_30_39"":0.36,""rec_40p"":0.36,""rec_5_9"":0.73,""rec_fd"":4.02,""rec_td"":0.29,""rec_tgt"":4.88,""rec_yd"":40.24}"
20261006T1701Z,2026,5,3225,DEF,3225,,,,"{""adp_dd_ppr"":1000.0}"
20261006T1701Z,2026,5,3257,QB,ARI,post,2026-10-04T17:00Z,18.17,"{""adp_dd_ppr"":68.0,""bonus_rush_td_qb"":0.12,""cmp_pct"":64.53,""fum"":0.48,""fum_lost"":0.21,""gp"":1.0,""pass_2pt"":0.09,""pass_att"":35.2,""pass_cmp"":22.72,""pass_cmp_40p"":0.47,""pass_fd"":22.75,""pass_inc"":12.49,""pass_int"":0.32,""pass_sack"":2.92,""pass_td"":1.88,""pass_yd"":227.49,""pos_adp_dd_ppr"":7.0,""pts_half_ppr"":18.17,""pts_ppr"":18.17,""pts_std"":18.17,""rush_2pt"":0.01,""rush_40p"":0.03,""rush_att"":2.99,""rush_fd"":1.35,""rush_td"":0.12,""rush_yd"":13.47}"
20261006T1701Z,2026,5,3269,WR,BAL,post,2026-10-04T17:00Z,0.19,"{""adp_dd_ppr"":326.0,""bonus_rec_wr"":0.06,""gp"":1.0,""pos_adp_dd_ppr"":146.0,""pts_half_ppr"":0.16,""pts_ppr"":0.19,""pts_std"":0.14,""rec"":0.06,""rec_0_4"":0.01,""rec_10_19"":0.02,""rec_20_29"":0.01,""rec_30_39"":0.01,""rec_40p"":0.01,""rec_5_9"":0.01,""rec_fd"":0.1,""rec_td"":0.01,""rec_tgt"":0.11,""rec_yd"":1.05}"
20261006T1701Z,2026,5,3271,TE,LAR,post,2026-10-04T17:00Z,9.1,"{""adp_dd_ppr"":102.0,""bonus_rec_te"":3.46,""fum"":0.04,""fum_lost"":0.02,""gp"":1.0,""pos_adp_dd_ppr"":16.0,""pts_half_ppr"":7.36,""pts_ppr"":9.1,""pts_std"":5.63,""rec"":3.46,""rec_0_4"":0.69,""rec_10_19"":1.04,""rec_20_29"":0.69,""rec_2pt"":0.02,""rec_30_39"":0.35,""rec_40p"":0.35,""rec_5_9"":0.69,""rec_fd"":3.45,""rec_td"":0.36,""rec_tgt"":4.79,""rec_yd"":34.54}"
20261006T1701Z,2026,5,3286,WR,SF,post,2026-10-04T20:25Z,,"{""adp_dd_ppr"":1000.0}"
20261006T1701Z,2026,5,3294,QB,DAL,post,2026-10-04T17:00Z,19.49,"{""adp_dd_ppr"":49.0,""bonus_rush_td_qb"":0.08,""cmp_pct"":66.42,""fum"":0.48,""fum_lost"":0.21,""gp"":1.0,""pass_2pt"":0.12,""pass_att"":33.67,""pass_cmp"":22.37,""pass_cmp_40p"":0.48,""pass_fd"":26.38,""pass_inc"":11.31,""pass_int"":0.57,""pass_sack"":2.93,""pass_td"":1.96,""pass_yd"":263.83,""pos_adp_dd_ppr"":3.0,""pts_half_ppr"":19.49,""pts_ppr"":19.49,""pts_std"":19.49,""rush_2pt"":0.01,""rush_40p"":0.03,""rush_att"":3.11,""rush_fd"":1.4,""rush_td"":0.08,""rush_yd"":14.0}"
20261006T1701Z,2026,5,3321,DEF,3321,,,,"{""adp_dd_ppr"":1000.0}"
20261006T1701Z,2026,5,3451,K,HOU,post,2026-10-04T17:00Z,8.72,"{""adp_dd_ppr"":999.0,""fga"":2.38,""fgm"":2.06,""fgm_20_29"":0.36,""fgm_30_39"":0.46,""fgm_40_49"":0.52,""fgm_50p"":0.36,""fgm_yds"":71.88,""fgmiss_30_39"":0.04,""fgmiss_40_49"":0.04,""fgmiss_50p"":0.12,""gp"":1.0,""pos_adp_dd_ppr"":999.0,""pts_half_ppr"":8.72,""pts_ppr"":8.72,""pts_std"":8.72,""xpa"":2.5,""xpm"":2.44,""xpmiss"":0.06}"
20261006T1701Z,2026,5,3634,WR,CHI,post,2026-10-04T17:00Z,7.39,"{""adp_dd_ppr"":139.0,""bonus_rec_wr"":2.9,""def_kr_yd"":25.02,""fum"":0.03,""fum_lost"":0.01,""gp"":1.0,""pos_adp_dd_ppr"":55.0,""pts_half_ppr"":5.94,""pts_ppr"":7.39,""pts_std"":4.49,""rec"":2.9,""rec_0_4"":0.58,""rec_10_19"":0.87,""rec_20_29"":0.58,""rec_2pt"":0.01,""rec_30_39"":0.29,""rec_40p"":0.29,""rec_5_9"":0.58,""rec_fd"":3.27,""rec_td"":0.18,""rec_tgt"":3.48,""rec_yd"":32.65,""rush_40p"":0.01,""rush_att"":0.2,""rush_fd"":0.11,""rush_td"":0.01,""rush_yd"":1.09}"
20261006T1701Z,2026,5,3678,K,DEN,post,2026-10-04T20:25Z,6.6,"{""adp_dd_ppr"":999.0,""fga"":1.77,""fgm"":1.51,""fgm_20_29"":0.26,""fgm_30_39"":0.39,""fgm_40_49"":0.35,""fgm_50p"":0.26,""fgm_yds"":52.54,""fgmiss_30_39"":0.03,""fgmiss_40_49"":0.03,""fgmiss_50p"":0.1,""gp"":1.0,""pos_adp_dd_ppr"":999.0,""pts_half_ppr"":6.6,""pts_ppr"":6.6,""pts_std"":6.6,""xpa"":2.19,""xpm"":2.08,""xpmiss"":0.1}"
20261006T1701Z,2026,5,3868,RB,LV,post,2026-10-04T20:25Z,,"{""adp_dd_ppr"":1000.0}"
20261006T1701Z,2026,5,3976,QB,TEN,post,2026-10-04T17:00Z,,"{""adp_dd_ppr"":1000.0}"
20261006T1701Z,2026,5,4017,QB,CLE,post,2026-10-02T00:15Z,14.72,"{""adp_dd_ppr"":145.0,""bonus_rush_td_qb"":0.05,""cmp_pct"":67.63,""fum"":0.34,""fum_lost"":0.15,""gp"":1.0,""pass_2pt"":0.06,""pass_att"":27.81,""pass_cmp"":18.81,""pass_cmp_40p"":0.35,""pass_fd"":19.84,""pass_inc"":9.0,""pass_int"":0.28,""pass_sack"":2.07,""pass_td"":1.35,""pass_yd"":198.41,""pos_adp_dd_ppr"":23.0,""pts_half_ppr"":14.72,""pts_ppr"":14.72,""pts_std"":14.72,""rush_40p"":0.03,""rush_att"":3.13,""rush_fd"":1.49,""rush_td"":0.05,""rush_yd"":14.86}"
20261006T1701Z,2026,5,4018,RB,SEA,post,2026-10-04T20:25Z,,"{""adp_dd_ppr"":1000.0}"
20261006T1701Z,2026,5,4029,DEF,4029,,,,"{""adp_dd_ppr"":1000.0}"
20261006T1701Z,2026,5,4033,TE,LAC,post,2026-10-04T20:25Z,,"{""adp_dd_ppr"":1000.0}"
20261006T1701Z,2026,5,4034,RB,SF,post,2026-10-04T20:25Z,18.13,"{""adp_dd_ppr"":13.0,""bonus_rec_rb"":4.59,""fum"":0.18,""fum_lost"":0.08,""gp"":1.0,""pos_adp_dd_ppr"":6.0,""pts_half_ppr"":15.83,""pts_ppr"":18.13,""pts_std"":13.54,""rec"":4.59,""rec_0_4"":0.92,""rec_10_19"":1.38,""rec_20_29"":0.92,""rec_2pt"":0.02,""rec_30_39"":0.46,""rec_40p"":0.46,""rec_5_9"":0.92,""rec_fd"":2.97,""rec_td"":0.2,""rec_tgt"":5.83,""rec_yd"":29.68,""rush_2pt"":0.05,""rush_40p"":0.16,""rush_att"":15.99,""rush_fd"":5.9,""rush_td"":0.58,""rush_yd"":58.96}"
20261006T1701Z,2026,5,4035,RB,NO,post,2026-10-06T00:15Z,9.05,"{""adp_dd_ppr"":120.0,""bonus_rec_rb"":1.98,""fum"":0.12,""fum_lost"":0.05,""gp"":1.0,""pos_adp_dd_ppr"":34.0,""pts_half_ppr"":8.06,""pts_ppr"":9.05,""pts_std"":7.07,""rec"":1.98,""rec_0_4"":0.4,""rec_10_19"":0.59,""rec_20_29"":0.4,""rec_30_39"":0.2,""rec_40p"":0.2,""rec_5_9"":0.4,""rec_fd"":1.08,""rec_td"":0.07,""rec_tgt"":2.4,""rec_yd"":10.83,""rush_2pt"":0.02,""rush_40p"":0.11,""rush_att"":11.63,""rush_fd"":3.84,""rush_td"":0.3,""rush_yd"":38.41}"
20261006T1701Z,2026,5,4037,WR,TB,post,2026-10-04T17:00Z,9.88,"{""adp_dd_ppr"":80.0,""bonus_rec_wr"":3.83,""fum"":0.03,""fum_lost"":0.01,""gp"":1.0,""pos_adp_dd_ppr"":36.0,""pts_half_ppr"":7.96,""pts_ppr"":9.88,""pts_std"":6.05,""rec"":3.83,""rec_0_4"":0.77,""rec_10_19"":1.15,""rec_20_29"":0.77,""rec_2pt"":0.01,""rec_30_39"":0.38,""rec_40p"":0.38,""rec_5_9"":0.77,""rec_fd"":4.31,""rec_td"":0.29,""rec_tgt"":4.75,""rec_yd"":43.08,""rush_att"":0.03,""rush_fd"":0.02,""rush_yd"":0.17}"
20261006T1701Z,2026,5,4039,WR,SEA,post,2026-10-04T20:25Z,6.44,"{""adp_dd_ppr"":158.0,""bonus_rec_wr"":2.24,""fum"":0.02,""fum_lost"":0.01,""gp"":1.0,""pos_adp_dd_ppr"":66.0,""pr"":0.07,""pr_yd"":0.62,""pts_half_ppr"":5.32,""pts_ppr"":6.44,""pts_std"":4.2,""rec"":2.24,""rec_0_4"":0.45,""rec_10_19"":0.67,""rec_20_29"":0.45,""rec_2pt"":0.01,""rec_30_39"":0.22,""rec_40p"":0.22,""rec_5_9"":0.45,""rec_fd"":2.98,""rec_td"":0.19,""rec_tgt"":3.5,""rec_yd"":29.77,""rush_att"":0.07,""rush_fd"":0.03,""rush_yd"":0.32}"
20261006T1701Z,2026,5,4040,DEF,4040,,,,"{""adp_dd_ppr"":1000.0}"
20261006T1701Z,2026,5,4046,QB,KC,post,2026-10-04T20:25Z,,"{""adp_dd_ppr"":1000.0}"
20261006T1701Z,2026,5,4055,DEF,4055,,,,"{""adp_dd_ppr"":1000.0}"
20261006T1701Z,2026,5,4066,TE,DEN,post,2026-10-04T20:25Z,5.22,"{""adp_dd_ppr"":188.0,""bonus_rec_te"":1.97,""fum"":0.02,""fum_lost"":0.01,""gp"":1.0,""pos_adp_dd_ppr"":31.0,""pts_half_ppr"":4.24,""pts_ppr"":5.22,""pts_std"":3.25,""rec"":1.97,""rec_0_4"":0.39,""rec_10_19"":0.59,""rec_20_29"":0.39,""rec_2pt"":0.01,""rec_30_39"":0.2,""rec_40p"":0.2,""rec_5_9"":0.39,""rec_fd"":2.19,""rec_td"":0.18,""rec_tgt"":3.05,""rec_yd"":21.9}"
20261006T1701Z,2026,5,4080,DEF,4080,,,,"{""adp_dd_ppr"":1000.0}"
20261006T1701Z,2026,5,4082,DEF,4082,,,,"{""adp_dd_ppr"":1000.0}"
20261006T1701Z,2026,5,4089,DEF,4089,,,,"{""adp_dd_ppr"":1000.0}"
20261006T1701Z,2026,5,4098,DEF,4098,,,,"{""adp_dd_ppr"":1000.0}"
20261006T1701Z,2026,5,4137,RB,ARI,post,2026-10-04T17:00Z,,"{""adp_dd_ppr"":1000.0}"
20261006T1701Z,2026,5,4144,TE,GB,post,2026-10-04T17:00Z,2.79,"{""adp_dd_ppr"":234.0,""bonus_rec_te"":1.17,""fum"":0.01,""gp"":1.0,""pos_adp_dd_ppr"":41.0,""pts_half_ppr"":2.2,""pts_ppr"":2.79,""pts_std"":1.62,""rec"":1.17,""rec_0_4"":0.23,""rec_10_19"":0.35,""rec_20_29"":0.23,""rec_30_39"":0.12,""rec_40p"":0.12,""rec_5_9"":0.23,""rec_fd"":1.29,""rec_td"":0.05,""rec_tgt"":1.67,""rec_yd"":12.92}"
20261006T1701Z,2026,5,4147,RB,CIN,post,2026-10-04T17:00Z,6.29,"{""adp_dd_ppr"":182.0,""bonus_rec_rb"":1.7,""def_kr_yd"":17.99,""fum"":0.06,""fum_lost"":0.03,""gp"":1.0,""pos_adp_dd_ppr"":47.0,""pts_half_ppr"":5.44,""pts_ppr"":6.29,""pts_std"":4.59,""rec"":1.7,""rec_0_4"":0.34,""rec_10_19"":0.51,""rec_20_29"":0.34,""rec_30_39"":0.17,""rec_40p"":0.17,""rec_5_9"":0.34,""rec_fd"":1.31,""rec_td"":0.07,""rec_tgt"":1.89,""rec_yd"":13.07,""rush_2pt"":0.01,""rush_40p"":0.05,""rush_att"":4.71,""rush_fd"":1.82,""rush_td"":0.17,""rush_yd"":18.19}"
20261006T1701Z,2026,5,4149,DEF,4149,,,,"{""adp_dd_ppr"":1000.0}"
20261006T1701Z,2026,5,4171,DEF,4171,,,,"{""adp_dd_ppr"":1000.0}"
20261006T1701Z,2026,5,4177,WR,NE,post,2026-10-04T17:00Z,8.95,"{""adp_dd_ppr"":99.0,""bonus_rec_wr"":3.4,""fum"":0.04,""fum_lost"":0.02,""gp"":1.0,""pos_adp_dd_ppr"":43.0,""pts_half_ppr"":7.25,""pts_ppr"":8.95,""pts_std"":5.55,""rec"":3.4,""rec_0_4"":0.68,""rec_10_19"":1.02,""rec_20_29"":0.68,""rec_2pt"":0.01,""rec_30_39"":0.34,""rec_40p"":0.34,""rec_5_9"":0.68,""rec_fd"":4.53,""rec_td"":0.17,""rec_tgt"":5.25,""rec_yd"":45.34,""rush_att"":0.05,""rush_fd"":0.02,""rush_yd"":0.24}"
20261006T1701Z,2026,5,4179,QB,DET,post,2026-10-05T00:20Z,,"{""adp_dd_ppr"":1000.0}"
20261006T1701Z,2026,5,4195,K,PHI,post,2026-10-04T17:00Z,6.52,"{""adp_dd_ppr"":999.0,""fga"":1.68,""fgm"":1.45,""fgm_20_29"":0.28,""fgm_30_39"":0.37,""fgm_40_49"":0.33,""fgm_50p"":0.23,""fgm_yds"":50.56,""fgmiss_30_39"":0.04,""fgmiss_40_49"":0.04,""fgmiss_50p"":0.07,""gp"":1.0,""pos_adp_dd_ppr"":999.0,""pts_half_ppr"":6.52,""pts_ppr"":6.52,""pts_std"":6.52,""xpa"":2.29,""xpm"":2.18,""xpmiss"":0.11}"
20261006T1701Z,2026,5,4199,RB,MIN,post,2026-10-04T20:05Z,13.98,"{""adp_dd_ppr"":38.0,""bonus_rec_rb"":2.58,""fum"":0.18,""fum_lost"":0.08,""gp"":1.0,""pos_adp_dd_ppr"":14.0,""pts_half_ppr"":12.69,""pts_ppr"":13.98,""pts_std"":11.4,""rec"":2.58,""rec_0_4"":0.52,""rec_10_19"":0.78,""rec_20_29"":0.52,""rec_2pt"":0.01,""rec_30_39"":0.26,""rec_40p"":0.26,""rec_5_9"":0.52,""rec_fd"":1.54,""rec_td"":0.16,""rec_tgt"":3.28,""rec_yd"":15.37,""rush_2pt"":0.02,""rush_40p"":0.18,""rush_att"":18.1,""rush_fd"":6.99,""rush_td"":0.34,""rush_yd"":69.87}"
20261006T1701Z,2026,5,421,QB,LAR,post,2026-10-04T17:00Z,18.46,"{""adp_dd_ppr"":61.0,""bonus_rush_td_qb"":0.03,""cmp_pct"":62.88,""fum"":0.49,""fum_lost"":0.21,""gp"":1.0,""pass_2pt"":0.11,""pass_att"":34.19,""pass_cmp"":21.5,""pass_cmp_40p"":0.48,""pass_fd"":26.03,""pass_inc"":12.69,""pass_int"":0.57,""pass_sack"":3.02,""pass_td"":2.02,""pass_yd"":260.27,""pos_adp_dd_ppr"":6.0,""pts_half_ppr"":18.46,""pts_ppr"":18.46,""pts_std"":18.46,""rush_40p"":0.02,""rush_att"":1.46,""rush_fd"":0.51,""rush_td"":0.03,""rush_yd"":5.09}"
20261006T1701Z,2026,5,4217,TE,SF,post,2026-10-04T20:25Z,12.79,"{""adp_dd_ppr"":41.0,""bonus_rec_te"":4.6,""fum"":0.04,""fum_lost"":0.02,""gp"":1.0,""pos_adp_dd_ppr"":4.0,""pts_half_ppr"":10.49,""pts_ppr"":12.79,""pts_std"":8.19,""rec"":4.6,""rec_0_4"":0.92,""rec_10_19"":1.38,""rec_20_29"":0.92,""rec_2pt"":0.04,""rec_30_39"":0.46,""rec_40p"":0.46,""rec_5_9"":0.92,""rec_fd"":5.58,""rec_td"":0.43,""rec_tgt"":6.17,""rec_yd"":55.78}"
20261006T1701Z,2026,5,4219,RB,WAS,post,2026-10-04T13:30Z,,"{""adp_dd_ppr"":1000.0}"
20261006T1701Z,2026,5,4227,K,KC,post,2026-10-04T20:25Z,,"{""adp_dd_ppr"":1000.0}"
20261006T1701Z,2026,5,4233,DEF,4233,,,,"{""adp_dd_ppr"":1000.0}"
20261006T1701Z,2026,5,4234,DEF,4234,,,,"{""adp_dd_ppr"":1000.0}"
20261006T1701Z,2026,5,4314,TE,PHI,post,2026-10-04T17:00Z,1.32,"{""adp_dd_ppr"":271.0,""bonus_rec_te"":0.61,""gp"":1.0,""pos_adp_dd_ppr"":63.0,""pts_half_ppr"":1.02,""pts_ppr"":1.32,""pts_std"":0.71,""rec"":0.61,""rec_0_4"":0.12,""rec_10_19"":0.18,""rec_20_29"":0.12,""rec_30_39"":0.06,""rec_40p"":0.06,""rec_5_9"":0.12,""rec_fd"":0.53,""rec_td"":0.03,""rec_tgt"":0.85,""rec_yd"":5.34}"
20261006T1701Z,2026,5,4319,DEF,4319,,,,"{""adp_dd_ppr"":1000.0}"
20261006T1701Z,2026,5,4351,WR,NYJ,post,2026-10-04T17:00Z,,"{""adp_dd_ppr"":1000.0}"
20261006T1701Z,2026,5,4381,DEF,4381,,,,"{""adp_dd_ppr"":1000.0}"
20261006T1701Z,2026,5,4435,DEF,4435,,,,"{""adp_dd_ppr"":1000.0}"
20261006T1701Z,2026,5,4443,TE,IND,post,2026-10-04T13:30Z,,"{""adp_dd_ppr"":1000.0}"
20261006T1701Z,2026,5,4454,WR,ARI,post,2026-10-04T17:00Z,6.76,"{""adp_dd_ppr"":152.0,""bonus_rec_wr"":2.76,""fum"":0.03,""fum_lost"":0.01,""gp"":1.0,""pos_adp_dd_ppr"":61.0,""pr"":0.17,""pr_yd"":2.16,""pts_half_ppr"":5.38,""pts_ppr"":6.76,""pts_std"":4.0,""rec"":2.76,""rec_0_4"":0.55,""rec_10_19"":0.83,""rec_20_29"":0.55,""rec_2pt"":0.01,""rec_30_39"":0.28,""rec_40p"":0.28,""rec_5_9"":0.55,""rec_fd"":3.01,""rec_td"":0.17,""rec_tgt"":3.77,""rec_yd"":30.14}"
20261006T1701Z,2026,5,4464,QB,JAX,post,2026-10-04T17:00Z,,"{""adp_dd_ppr"":1000.0}"
20261006T1701Z,2026,5,4574,QB,ATL,post,2026-10-06T00:15Z,,"{""adp_dd_ppr"":1000.0}"
20261006T1701Z,2026,5,4602,TE,PIT,post,2026-10-02T00:15Z,0.08,"{""adp_dd_ppr"":360.0,""bonus_rec_te"":0.03,""gp"":1.0,""pos_adp_dd_ppr"":101.0,""pts_half_ppr"":0.06,""pts_ppr"":0.08,""pts_std"":0.05,""rec"":0.03,""rec_0_4"":0.01,""rec_10_19"":0.01,""rec_20_29"":0.01,""rec_5_9"":0.01,""rec_fd"":0.03,""rec_tgt"":0.04,""rec_yd"":0.31}"
20261006T1701Z,2026,5,4622,DEF,4622,,,,"{""adp_dd_ppr"":1000.0}"
20261006T1701Z,2026,5,4663,RB,WAS,post,2026-10-04T13:30Z,4.66,"{""adp_dd_ppr"":208.0,""bonus_rec_rb"":0.95,""def_kr_yd"":1.14,""fum"":0.04,""fum_lost"":0.02,""gp"":1.0,""pos_adp_dd_ppr"":58.0,""pts_half_ppr"":4.18,""pts_ppr"":4.66,""pts_std"":3.71,""rec"":0.95,""rec_0_4"":0.19,""rec_10_19"":0.29,""rec_20_29"":0.19,""rec_30_39"":0.1,""rec_40p"":0.1,""rec_5_9"":0.19,""rec_fd"":0.67,""rec_td"":0.05,""rec_tgt"":1.19,""rec_yd"":6.73,""rush_2pt"":0.01,""rush_40p"":0.04,""rush_att"":3.79,""rush_fd"":1.78,""rush_td"":0.16,""rush_yd"":17.76}"
20261006T1701Z,2026,5,4666,DEF,4666,,,,"{""adp_dd_ppr"":1000.0}"
20261006T1701Z,2026,5,4718,RB,HOU,post,2026-10-04T17:00Z,0.18,"{""adp_dd_ppr"":372.0,""bonus_rec_rb"":0.07,""gp"":1.0,""pos_adp_dd_ppr"":88.0,""pts_half_ppr"":0.15,""pts_ppr"":0.18,""pts_std"":0.11,""rec"":0.07,""rec_0_4"":0.01,""rec_10_19"":0.02,""rec_20_29"":0.01,""rec_30_39"":0.01,""rec_40p"":0.01,""rec_5_9"":0.01,""rec_fd"":0.06,""rec_tgt"":0.09,""rec_yd"":0.59,""rush_att"":0.09,""rush_fd"":0.02,""rush_yd"":0.24}"
20261006T1701Z,2026,5,4866,RB,PHI,post,2026-10-04T17:00Z,8.61,"{""adp_dd_ppr"":135.0,""bonus_rec_rb"":1.52,""fum"":0.1,""fum_lost"":0.04,""gp"":1.0,""pos_adp_dd_ppr"":38.0,""pts_half_ppr"":7.85,""pts_ppr"":8.61,""pts_std"":7.09,""rec"":1.52,""rec_0_4"":0.3,""rec_10_19"":0.46,""rec_20_29"":0.3,""rec_30_39"":0.15,""rec_40p"":0.15,""rec_5_9"":0.3,""rec_fd"":0.96,""rec_td"":0.06,""rec_tgt"":2.07,""rec_yd"":9.62,""rush_2pt"":0.02,""rush_40p"":0.1,""rush_att"":10.7,""rush_fd"":4.39,""rush_td"":0.24,""rush_yd"":43.94}"
20261006T1701Z,2026,5,4881,QB,BAL,post,2026-10-04T17:00Z,,"{""adp_dd_ppr"":1000.0}"
20261006T1701Z,2026,5,4892,QB,TB,post,2026-10-04T17:00Z,,"{""adp_dd_ppr"":1000.0}"
20261006T1701Z,2026,5,4943,QB,SEA,post,2026-10-04T20:25Z,16.71,"{""adp_dd_ppr"":95.0,""bonus_rush_td_qb"":0.14,""cmp_pct"":64.12,""fum"":0.43,""fum_lost"":0.19,""gp"":1.0,""pass_2pt"":0.08,""pass_att"":31.56,""pass_cmp"":20.24,""pass_cmp_40p"":0.42,""pass_fd"":22.96,""pass_inc"":11.32,""pass_int"":0.57,""pass_sack"":2.62,""pass_td"":1.56,""pass_yd"":229.65,""pos_adp_dd_ppr"":15.0,""pts_half_ppr"":16.71,""pts_ppr"":16.71,""pts_std"":16.71,""rush_2pt"":0.01,""rush_40p"":0.03,""rush_att"":3.22,""rush_fd"":1.19,""rush_td"":0.14,""rush_yd"":11.92}"
20261006T1701Z,2026,5,4950,WR,SF,post,2026-10-04T20:25Z,,"{""adp_dd_ppr"":1000.0}"
20261006T1701Z,2026,5,4972,QB,PIT,post,2026-10-02T00:15Z,,"{""adp_dd_ppr"":1000.0}"
20261006T1701Z,2026,5,4981,WR,TEN,post,2026-10-04T17:00Z,2.7,"{""adp_dd_ppr"":228.0,""bonus_rec_wr"":0.97,""fum"":0.01,""gp"":1.0,""pos_adp_dd_ppr"":99.0,""pts_half_ppr"":2.22,""pts_ppr"":2.7,""pts_std"":1.73,""rec"":0.97,""rec_0_4"":0.19,""rec_10_19"":0.29,""rec_20_29"":0.19,""rec_30_39"":0.1,""rec_40p"":0.1,""rec_5_9"":0.19,""rec_fd"":1.37,""rec_td"":0.06,""rec_tgt"":1.66,""rec_yd"":13.66,""rush_att"":0.01,""rush_yd"":0.02}"
20261006T1701Z,2026,5,4983,WR,BUF,post,2026-10-04T17:00Z,9.6,"{""adp_dd_ppr"":84.0,""bonus_rec_wr"":2.79,""fum"":0.03,""fum_lost"":0.01,""gp"":1.0,""pos_adp_dd_ppr"":40.0,""pts_half_ppr"":8.21,""pts_ppr"":9.6,""pts_std"":6.81,""rec"":2.79,""rec_0_4"":0.56,""rec_10_19"":0.84,""rec_20_29"":0.56,""rec_2pt"":0.02,""rec_30_39"":0.28,""rec_40p"":0.28,""rec_5_9"":0.56,""rec_fd"":4.4,""rec_td"":0.36,""rec_tgt"":5.15,""rec_yd"":44.02,""rush_att"":0.32,""rush_fd"":0.16,""rush_td"":0.01,""rush_yd"":1.55}"
20261006T1701Z,2026,5,4984,QB,BUF,post,2026-10-04T17:00Z,22.06,"{""adp_dd_ppr"":28.0,""bonus_rush_td_qb"":0.83,""cmp_pct"":63.87,""fum"":0.45,""fum_lost"":0.2,""gp"":1.0,""pass_2pt"":0.09,""pass_att"":32.16,""pass_cmp"":20.54,""pass_cmp_40p"":0.43,""pass_fd"":23.66,""pass_inc"":11.62,""pass_int"":0.86,""pass_sack"":2.71,""pass_td"":1.21,""pass_yd"":236.56,""pos_adp_dd_ppr"":1.0,""pts_half_ppr"":22.06,""pts_ppr"":22.06,""pts_std"":22.06,""rush_2pt"":0.06,""rush_40p"":0.08,""rush_att"":7.48,""rush_fd"":3.73,""rush_td"":0.83,""rush_yd"":37.26}"
20261006T1701Z,2026,5,4988,DEF,4988,,,,"{""adp_dd_ppr"":1000.0}"
20261006T1701Z,2026,5,4993,TE,CIN,post,2026-10-04T17:00Z,8.03,"{""adp_dd_ppr"":132.0,""bonus_rec_te"":3.01,""fum"":0.02,""fum_lost"":0.01,""gp"":1.0,""pos_adp_dd_ppr"":24.0,""pts_half_ppr"":6.53,""pts_ppr"":8.03,""pts_std"":5.02,""rec"":3.01,""rec_0_4"":0.6,""rec_10_19"":0.9,""rec_20_29"":0.6,""rec_2pt"":0.02,""rec_30_39"":0.3,""rec_40p"":0.3,""rec_5_9"":0.6,""rec_fd"":3.46,""rec_td"":0.26,""rec_tgt"":3.78,""rec_yd"":34.62}"
20261006T1701Z,2026,5,4995,TE,LV,post,2026-10-04T20:25Z,0.53,"{""adp_dd_ppr"":320.0,""bonus_rec_te"":0.24,""gp"":1.0,""pos_adp_dd_ppr"":79.0,""pts_half_ppr"":0.41,""pts_ppr"":0.53,""pts_std"":0.28,""rec"":0.24,""rec_0_4"":0.05,""rec_10_19"":0.07,""rec_20_29"":0.05,""rec_30_39"":0.02,""rec_40p"":0.02,""rec_5_9"":0.05,""rec_fd"":0.2,""rec_td"":0.01,""rec_tgt"":0.32,""rec_yd"":2.04}"
20261006T1701Z,2026,5,5000,DEF,5000,,,,"{""adp_dd_ppr"":1000.0}"
20261006T1701Z,2026,5,5001,TE,HOU,post,2026-10-04T17:00Z,8.56,"{""adp_dd_ppr"":113.0,""bonus_rec_te"":3.71,""fum"":0.03,""fum_lost"":0.01,""gp"":1.0,""pos_adp_dd_ppr"":19.0,""pts_half_ppr"":6.71,""pts_ppr"":8.56,""pts_std"":4.85,""rec"":3.71,""rec_0_4"":0.74,""rec_10_19"":1.11,""rec_20_29"":0.74,""rec_2pt"":0.01,""rec_30_39"":0.37,""rec_40p"":0.37,""rec_5_9"":0.74,""rec_fd"":3.86,""rec_td"":0.17,""rec_tgt"":4.49,""rec_yd"":38.61}"
20261006T1701Z,2026,5,5008,TE,BAL,post,2026-10-04T17:00Z,0.78,"{""adp_dd_ppr"":301.0,""bonus_rec_te"":0.34,""gp"":1.0,""pos_adp_dd_ppr"":75.0,""pts_half_ppr"":0.61,""pts_ppr"":0.78,""pts_std"":0.44,""rec"":0.34,""rec_0_4"":0.07,""rec_10_19"":0.1,""rec_20_29"":0.07,""rec_30_39"":0.03,""rec_40p"":0.03,""rec_5_9"":0.07,""rec_fd"":0.35,""rec_td"":0.01,""rec_tgt"":0.47,""rec_yd"":3.53}"
20261006T1701Z,2026,5,5010,DEF,5010,,,,"{""adp_dd_ppr"":1000.0}"
20261006T1701Z,2026,5,5012,TE,BAL,post,2026-10-04T17:00Z,9.78,"{""adp_dd_ppr"":88.0,""bonus_rec_te"":3.82,""fum"":0.04,""fum_lost"":0.02,""gp"":1.0,""pos_adp_dd_ppr"":12.0,""pts_half_ppr"":7.87,""pts_ppr"":9.78,""pts_std"":5.96,""rec"":3.82,""rec_0_4"":0.76,""rec_10_19"":1.15,""rec_20_29"":0.76,""rec_2pt"":0.02,""rec_30_39"":0.38,""rec_40p"":0.38,""rec_5_9"":0.76,""rec_fd"":3.99,""rec_td"":0.31,""rec_tgt"":5.28,""rec_yd"":39.91,""rush_att"":0.22,""rush_fd"":0.09,""rush_yd"":0.92}"
20261006T1701Z,2026,5,5022,TE,PHI,post,2026-10-04T17:00Z,8.49,"{""adp_dd_ppr"":114.0,""bonus_rec_te"":2.71,""fum"":0.02,""fum_lost"":0.01,""gp"":1.0,""pos_adp_dd_ppr"":20.0,""pts_half_ppr"":7.14,""pts_ppr"":8.49,""pts_std"":5.78,""rec"":2.71,""rec_0_4"":0.54,""rec_10_19"":0.81,""rec_20_29"":0.54,""rec_2pt"":0.03,""rec_30_39"":0.27,""rec_40p"":0.27,""rec_5_9"":0.54,""rec_fd"":3.2,""rec_td"":0.43,""rec_tgt"":3.69,""rec_yd"":32.0}"
20261006T1701Z,2026,5,503,DEF,503,,,,"{""adp_dd_ppr"":1000.0}"
20261006T1701Z,2026,5,5038,DEF,5038,,,,"{""adp_dd_ppr"":1000.0}"
20261006T1701Z,2026,5,5045,WR,DEN,post,2026-10-04T20:25Z,8.8,"{""adp_dd_ppr"":101.0,""bonus_rec_wr"":2.81,""fum"":0.03,""fum_lost"":0.01,""gp"":1.0,""pos_adp_dd_ppr"":45.0,""pts_half_ppr"":7.39,""pts_ppr"":8.8,""pts_std"":5.98,""rec"":2.81,""rec_0_4"":0.56,""rec_10_19"":0.84,""rec_20_29"":0.56,""rec_2pt"":0.02,""rec_30_39"":0.28,""rec_40p"":0.28,""rec_5_9"":0.56,""rec_fd"":4.32,""rec_td"":0.28,""rec_tgt"":5.89,""rec_yd"":43.15}"
20261006T1701Z,2026,5,5046,DEF,5046,,,,"{""adp_dd_ppr"":1000.0}"
20261006T1701Z,2026,5,5052,DEF,5052,,,,"{""adp_dd_ppr"":1000.0}"
20261006T1701Z,2026,5,5086,WR,LAC,post,2026-10-04T20:25Z,0.7,"{""adp_dd_ppr"":288.0,""bonus_rec_wr"":0.25,""gp"":1.0,""pos_adp_dd_ppr"":120.0,""pts_half_ppr"":0.57,""pts_ppr"":0.7,""pts_std"":0.44,""rec"":0.25,""rec_0_4"":0.05,""rec_10_19"":0.08,""rec_20_29"":0.05,""rec_30_39"":0.03,""rec_40p"":0.03,""rec_5_9"":0.05,""rec_fd"":0.33,""rec_td"":0.02,""rec_tgt"":0.6,""rec_yd"":3.3}"
20261006T1701Z,2026,5,5089,DEF,5089,,,,"{""adp_dd_ppr"":1000.0}"
20261006T1701Z,2026,5,5095,K,NO,post,2026-10-06T00:15Z,7.81,"{""adp_dd_ppr"":999.0,""fga"":2.08,""fgm"":1.78,""fgm_20_29"":0.25,""fgm_30_39"":0.46,""fgm_40_49"":0.46,""fgm_50p"":0.3,""fgm_yds"":62.79,""fgmiss_30_39"":0.04,""fgmiss_40_49"":0.08,""fgmiss_50p"":0.08,""gp"":1.0,""pos_adp_dd_ppr"":999.0,""pts_half_ppr"":7.81,""pts_ppr"":7.81,""pts_std"":7.81,""xpa"":2.45,""xpm"":2.39,""xpmiss"":0.06}"
20261006T1701Z,2026,5,5096,DEF,5096,,,,"{""adp_dd_ppr"":1000.0}"
20261006T1701Z,2026,5,5110,DEF,5110,,,,"{""adp_dd_ppr"":1000.0}"
20261006T1701Z,2026,5,5119,K,NYJ,post,2026-10-04T17:00Z,6.88,"{""adp_dd_ppr"":999.0,""fga"":1.91,""fgm"":1.6,""fgm_20_29"":0.35,""fgm_30_39"":0.4,""fgm_40_49"":0.4,""fgm_50p"":0.2,""fgm_yds"":55.32,""fgmiss_30_39"":0.04,""fgmiss_40_49"":0.04,""fgmiss_50p"":0.13,""gp"":1.0,""pos_adp_dd_ppr"":999.0,""pts_half_ppr"":6.88,""pts_ppr"":6.88,""pts_std"":6.88,""xpa"":2.15,""xpm"":2.09,""xpmiss"":0.06}"
20261006T1701Z,2026,5,5121,WR,NYG,post,2026-10-04T17:00Z,,"{""adp_dd_ppr"":1000.0}"
20261006T1701Z,2026,5,5122,DEF,5122,,,,"{""adp_dd_ppr"":1000.0}"
20261006T1701Z,2026,5,5127,QB,BUF,post,2026-10-04T17:00Z,,"{""adp_dd_ppr"":1000.0}"
20261006T1701Z,2026,5,5133,TE,DET,post,2026-10-05T00:20Z,0.37,"{""adp_dd_ppr"":341.0,""bonus_rec_te"":0.14,""gp"":1.0,""pos_adp_dd_ppr"":86.0,""pts_half_ppr"":0.3,""pts_ppr"":0.37,""pts_std"":0.23,""rec"":0.14,""rec_0_4"":0.03,""rec_10_19"":0.04,""rec_20_29"":0.03,""rec_30_39"":0.01,""rec_40p"":0.01,""rec_5_9"":0.03,""rec_fd"":0.17,""rec_td"":0.01,""rec_tgt"":0.21,""rec_yd"":1.69}"
20261006T1701Z,2026,5,5137,DEF,5137,,,,"{""adp_dd_ppr"":1000.0}"
20261006T1701Z,2026,5,5185,DEF,5185,,,,"{""adp_dd_ppr"":1000.0}"
20261006T1701Z,2026,5,5189,K,SF,post,2026-10-04T20:25Z,7.48,"{""adp_dd_ppr"":999.0,""fga"":1.99,""fgm"":1.7,""fgm_20_29"":0.29,""fgm_30_39"":0.44,""fgm_40_49"":0.39,""fgm_50p"":0.29,""fgm_yds"":59.08,""fgmiss_30_39"":0.04,""fgmiss_40_49"":0.04,""fgmiss_50p"":0.11,""gp"":1.0,""pos_adp_dd_ppr"":999.0,""pts_half_ppr"":7.48,""pts_ppr"":7.48,""pts_std"":7.48,""xpa"":2.52,""xpm"":2.4,""xpmiss"":0.12}"
20261006T1701Z,2026,5,5230,DEF,5230,,,,"{""adp_dd_ppr"":1000.0}"
20261006T1701Z,2026,5,5248,DEF,5248,,,,"{""adp_dd_ppr"":1000.0}"
20261006T1701Z,2026,5,5272,DEF,5272,,,,"{""adp_dd_ppr"":1000.0}"
20261006T1701Z,2026,5,5284,DEF,5284,,,,"{""adp_dd_ppr"":1000.0}"
20261006T1701Z,2026,5,5347,DEF,5347,,,,"{""adp_dd_ppr"":1000.0}"
20261006T1701Z,2026,5,5374,DEF,5374,,,,"{""adp_dd_ppr"":1000.0}"
20261006T1701Z,2026,5,5536,DEF,5536,,,,"{""adp_dd_ppr"":1000.0}"
20261006T1701Z,2026,5,5695,DEF,5695,,,,"{""adp_dd_ppr"":1000.0}"
20261006T1701Z,2026,5,5773,DEF,5773,,,,"{""adp_dd_ppr"":1000.0}"
20261006T1701Z,2026,5,5844,TE,MIN,post,2026-10-04T20:05Z,9.82,"{""adp_dd_ppr"":86.0,""bonus_rec_te"":4.14,""fum"":0.04,""fum_lost"":0.02,""gp"":1.0,""pos_adp_dd_ppr"":11.0,""pts_half_ppr"":7.75,""pts_ppr"":9.82,""pts_std"":5.68,""rec"":4.14,""rec_0_4"":0.83,""rec_10_19"":1.24,""rec_20_29"":0.83,""rec_2pt"":0.01,""rec_30_39"":0.41,""rec_40p"":0.41,""rec_5_9"":0.83,""rec_fd"":3.64,""rec_td"":0.34,""rec_tgt"":5.53,""rec_yd"":36.41}"
20261006T1701Z,2026,5,5846,WR,PIT,post,2026-10-02T00:15Z,13.3,"{""adp_dd_ppr"":35.0,""bonus_rec_wr"":3.89,""fum"":0.04,""fum_lost"":0.02,""gp"":1.0,""pos_adp_dd_ppr"":18.0,""pts_half_ppr"":11.36,""pts_ppr"":13.3,""pts_std"":9.41,""rec"":3.89,""rec_0_4"":0.78,""rec_10_19"":1.17,""rec_20_29"":0.78,""rec_2pt"":0.02,""rec_30_39"":0.39,""rec_40p"":0.39,""rec_5_9"":0.78,""rec_fd"":6.35,""rec_td"":0.49,""rec_tgt"":7.85,""rec_yd"":63.49,""rush_att"":0.15,""rush_fd"":0.07,""rush_td"":0.01,""rush_yd"":0.68}"
20261006T1701Z,2026,5,5848,WR,PHI,post,2026-10-04T17:00Z,0.45,"{""adp_dd_ppr"":303.0,""bonus_rec_wr"":0.18,""gp"":1.0,""pos_adp_dd_ppr"":128.0,""pts_half_ppr"":0.36,""pts_ppr"":0.45,""pts_std"":0.27,""rec"":0.18,""rec_0_4"":0.04,""rec_10_19"":0.05,""rec_20_29"":0.04,""rec_30_39"":0.02,""rec_40p"":0.02,""rec_5_9"":0.04,""rec_fd"":0.21,""rec_td"":0.01,""rec_tgt"":0.28,""rec_yd"":2.09,""rush_att"":0.01,""rush_yd"":0.02}"
20261006T1701Z,2026,5,5849,QB,MIN,post,2026-10-04T20:05Z,16.72,"{""adp_dd_ppr"":94.0,""bonus_rush_td_qb"":0.37,""cmp_pct"":65.79,""fum"":0.4,""fum_lost"":0.17,""gp"":1.0,""pass_2pt"":0.05,""pass_att"":28.49,""pass_cmp"":18.74,""pass_cmp_40p"":0.38,""pass_fd"":16.67,""pass_inc"":9.75,""pass_int"":0.45,""pass_sack"":2.25,""pass_td"":1.18,""pass_yd"":166.68,""pos_adp_dd_ppr"":14.0,""pts_half_ppr"":16.72,""pts_ppr"":16.72,""pts_std"":16.72,""rush_2pt"":0.02,""rush_40p"":0.07,""rush_att"":6.95,""rush_fd"":3.76,""rush_td"":0.37,""rush_yd"":37.56}"
20261006T1701Z,2026,5,5850,RB,GB,post,2026-10-04T17:00Z,,"{""adp_dd_ppr"":1000.0}"
20261006T1701Z,2026,5,5854,QB,SEA,post,2026-10-04T20:25Z,,"{""adp_dd_ppr"":1000.0}"
20261006T1701Z,2026,5,5857,TE,NO,post,2026-10-06T00:15Z,,"{""adp_dd_ppr"":1000.0}"
20261006T1701Z,2026,5,5859,WR,NE,post,2026-10-04T17:00Z,,"{""adp_dd_ppr"":1000.0}"
20261006T1701Z,2026,5,5870,QB,IND,post,2026-10-04T13:30Z,13.52,"{""adp_dd_ppr"":169.0,""bonus_rush_td_qb"":0.13,""cmp_pct"":65.21,""fum"":0.37,""fum_lost"":0.16,""gp"":1.0,""pass_2pt"":0.05,""pass_att"":29.55,""pass_cmp"":19.27,""pass_cmp_40p"":0.38,""pass_fd"":19.98,""pass_inc"":10.28,""pass_int"":0.85,""pass_sack"":2.29,""pass_td"":1.08,""pass_yd"":199.79,""pos_adp_dd_ppr"":28.0,""pts_half_ppr"":13.52,""pts_ppr"":13.52,""pts_std"":13.52,""rush_2pt"":0.01,""rush_40p"":0.03,""rush_att"":3.54,""rush_fd"":1.47,""rush_td"":0.13,""rush_yd"":14.66}"
20261006T1701Z,2026,5,5872,WR,SF,post,2026-10-04T20:25Z,10.1,"{""adp_dd_ppr"":73.0,""bonus_rec_wr"":3.78,""def_kr_yd"":22.17,""fum"":0.05,""fum_lost"":0.02,""gp"":1.0,""pos_adp_dd_ppr"":33.0,""pts_half_ppr"":8.21,""pts_ppr"":10.1,""pts_std"":6.32,""rec"":3.78,""rec_0_4"":0.76,""rec_10_19"":1.13,""rec_20_29"":0.76,""rec_2pt"":0.02,""rec_30_39"":0.38,""rec_40p"":0.38,""rec_5_9"":0.76,""rec_fd"":4.26,""rec_td"":0.21,""rec_tgt"":5.67,""rec_yd"":42.63,""rush_40p"":0.01,""rush_att"":1.12,""rush_fd"":0.55,""rush_td"":0.04,""rush_yd"":5.52}"
20261006T1701Z,2026,5,5880,DEF,5880,,,,"{""adp_dd_ppr"":1000.0}"
20261006T1701Z,2026,5,5892,RB,HOU,post,2026-10-04T17:00Z,13.1,"{""adp_dd_ppr"":46.0,""bonus_rec_rb"":2.0,""fum"":0.15,""fum_lost"":0.06,""gp"":1.0,""pos_adp_dd_ppr"":16.0,""pts_half_ppr"":12.1,""pts_ppr"":13.1,""pts_std"":11.11,""rec"":2.0,""rec_0_4"":0.4,""rec_10_19"":0.6,""rec_20_29"":0.4,""rec_2pt"":0.01,""rec_30_39"":0.2,""rec_40p"":0.2,""rec_5_9"":0.4,""rec_fd"":1.52,""rec_td"":0.11,""rec_tgt"":2.08,""rec_yd"":15.17,""rush_2pt"":0.04,""rush_40p"":0.15,""rush_att"":14.51,""rush_fd"":4.52,""rush_td"":0.73,""rush_yd"":45.22}"
20261006T1701Z,2026,5,5906,TE,BUF,post,2026-10-04T17:00Z,3.2,"{""adp_dd_ppr"":224.0,""bonus_rec_te"":1.18,""fum"":0.01,""fum_lost"":0.01,""gp"":1.0,""pos_adp_dd_ppr"":37.0,""pts_half_ppr"":2.61,""pts_ppr"":3.2,""pts_std"":2.02,""rec"":1.18,""rec_0_4"":0.24,""rec_10_19"":0.36,""rec_20_29"":0.24,""rec_2pt"":0.01,""rec_30_39"":0.12,""rec_40p"":0.12,""rec_5_9"":0.24,""rec_fd"":1.15,""rec_td"":0.14,""rec_tgt"":1.7,""rec_yd"":11.46}"
20261006T1701Z,2026,5,5917,DEF,5917,,,,"{""adp_dd_ppr"":1000.0}"
20261006T1701Z,2026,5,5927,WR,WAS,post,2026-10-04T13:30Z,10.46,"{""adp_dd_ppr"":69.0,""bonus_rec_wr"":3.58,""fum"":0.03,""fum_lost"":0.01,""gp"":1.0,""pos_adp_dd_ppr"":32.0,""pts_half_ppr"":8.67,""pts_ppr"":10.46,""pts_std"":6.88,""rec"":3.58,""rec_0_4"":0.72,""rec_10_19"":1.07,""rec_20_29"":0.72,""rec_2pt"":0.02,""rec_30_39"":0.36,""rec_40p"":0.36,""rec_5_9"":0.72,""rec_fd"":4.92,""rec_td"":0.32,""rec_tgt"":6.24,""rec_yd"":49.15,""rush_att"":0.06,""rush_fd"":0.03,""rush_yd"":0.28}"
20261006T1701Z,2026,5,5937,DEF,5937,,,,"{""adp_dd_ppr"":1000.0}"
20261006T1701Z,2026,5,5938,WR,DEN,post,2026-10-04T20:25Z,,"{""adp_dd_ppr"":1000.0}"
20261006T1701Z,2026,5,5947,WR,JAX,post,2026-10-04T17:00Z,8.82,"{""adp_dd_ppr"":100.0,""bonus_rec_wr"":3.35,""fum"":0.04,""fum_lost"":0.02,""gp"":1.0,""pos_adp_dd_ppr"":44.0,""pts_half_ppr"":7.14,""pts_ppr"":8.82,""pts_std"":5.47,""rec"":3.35,""rec_0_4"":0.67,""rec_10_19"":1.01,""rec_20_29"":0.67,""rec_2pt"":0.02,""rec_30_39"":0.34,""rec_40p"":0.34,""rec_5_9"":0.67,""rec_fd"":4.06,""rec_td"":0.21,""rec_tgt"":4.97,""rec_yd"":40.55,""rush_att"":0.29,""rush_fd"":0.12,""rush_td"":0.01,""rush_yd"":1.2}"
20261006T1701Z,2026,5,5955,DEF,5955,,,,"{""adp_dd_ppr"":1000.0}"
20261006T1701Z,2026,5,5967,RB,TEN,post,2026-10-04T17:00Z,9.48,"{""adp_dd_ppr"":108.0,""bonus_rec_rb"":1.59,""def_kr_yd"":1.32,""fum"":0.11,""fum_lost"":0.05,""gp"":1.0,""pos_adp_dd_ppr"":28.0,""pts_half_ppr"":8.68,""pts_ppr"":9.48,""pts_std"":7.89,""rec"":1.59,""rec_0_4"":0.32,""rec_10_19"":0.48,""rec_20_29"":0.32,""rec_30_39"":0.16,""rec_40p"":0.16,""rec_5_9"":0.32,""rec_fd"":0.96,""rec_td"":0.04,""rec_tgt"":1.93,""rec_yd"":9.6,""rush_2pt"":0.02,""rush_40p"":0.11,""rush_att"":12.98,""rush_fd"":5.03,""rush_td"":0.28,""rush_yd"":50.29}"
20261006T1701Z,2026,5,5970,WR,BUF,post,2026-10-04T17:00Z,0.65,"{""adp_dd_ppr"":292.0,""bonus_rec_wr"":0.22,""def_kr_yd"":45.62,""gp"":1.0,""pos_adp_dd_ppr"":122.0,""pr"":1.14,""pr_yd"":10.26,""pts_half_ppr"":0.54,""pts_ppr"":0.65,""pts_std"":0.43,""rec"":0.22,""rec_0_4"":0.04,""rec_10_19"":0.07,""rec_20_29"":0.04,""rec_30_39"":0.02,""rec_40p"":0.02,""rec_5_9"":0.04,""rec_fd"":0.23,""rec_td"":0.02,""rec_tgt"":0.32,""rec_yd"":2.32,""rush_att"":0.11,""rush_fd"":0.05,""rush_yd"":0.54}"
20261006T1701Z,2026,5,5973,TE,MIN,post,2026-10-04T20:05Z,,"{""adp_dd_ppr"":1000.0}"
20261006T1701Z,2026,5,5980,DEF,5980,,,,"{""adp_dd_ppr"":1000.0}"
20261006T1701Z,2026,5,5985,TE,HOU,post,2026-10-04T17:00Z,3.01,"{""adp_dd_ppr"":229.0,""bonus_rec_te"":1.2,""fum"":0.01,""gp"":1.0,""pos_adp_dd_ppr"":40.0,""pts_half_ppr"":2.41,""pts_ppr"":3.01,""pts_std"":1.81,""rec"":1.2,""rec_0_4"":0.24,""rec_10_19"":0.36,""rec_20_29"":0.24,""rec_2pt"":0.01,""rec_30_39"":0.12,""rec_40p"":0.12,""rec_5_9"":0.24,""rec_fd"":1.26,""rec_td"":0.09,""rec_tgt"":1.5,""rec_yd"":12.6}"
20261006T1701Z,2026,5,5987,DEF,5987,,,,"{""adp_dd_ppr"":1000.0}"
20261006T1701Z,2026,5,5995,RB,BAL,post,2026-10-04T17:00Z,6.19,"{""adp_dd_ppr"":183.0,""bonus_rec_rb"":1.81,""fum"":0.05,""fum_lost"":0.02,""gp"":1.0,""pos_adp_dd_ppr"":48.0,""pts_half_ppr"":5.29,""pts_ppr"":6.19,""pts_std"":4.39,""rec"":1.81,""rec_0_4"":0.36,""rec_10_19"":0.54,""rec_20_29"":0.36,""rec_2pt"":0.01,""rec_30_39"":0.18,""rec_40p"":0.18,""rec_5_9"":0.36,""rec_fd"":1.48,""rec_td"":0.08,""rec_tgt"":2.22,""rec_yd"":14.81,""rush_2pt"":0.01,""rush_40p"":0.04,""rush_att"":4.43,""rush_fd"":1.92,""rush_td"":0.09,""rush_yd"":19.25}"
20261006T1701Z,2026,5,6001,TE,CIN,post,2026-10-04T17:00Z,2.79,"{""adp_dd_ppr"":235.0,""bonus_rec_te"":1.31,""fum"":0.01,""gp"":1.0,""pos_adp_dd_ppr"":42.0,""pts_half_ppr"":2.13,""pts_ppr"":2.79,""pts_std"":1.47,""rec"":1.31,""rec_0_4"":0.26,""rec_10_19"":0.39,""rec_20_29"":0.26,""rec_30_39"":0.13,""rec_40p"":0.13,""rec_5_9"":0.26,""rec_fd"":1.08,""rec_td"":0.07,""rec_tgt"":1.45,""rec_yd"":10.75}"
20261006T1701Z,2026,5,6011,QB,ARI,post,2026-10-04T17:00Z,,"{""adp_dd_ppr"":1000.0}"
20261006T1701Z,2026,5,6012,RB,PIT,post,2026-10-02T00:15Z,0.61,"{""adp_dd_ppr"":364.0,""bonus_rec_rb"":0.21,""gp"":1.0,""pos_adp_dd_ppr"":80.0,""pts_half_ppr"":0.5,""pts_ppr"":0.61,""pts_std"":0.39,""rec"":0.21,""rec_0_4"":0.04,""rec_10_19"":0.06,""rec_20_29"":0.04,""rec_30_39"":0.02,""rec_40p"":0.02,""rec_5_9"":0.04,""rec_fd"":0.18,""rec_td"":0.01,""rec_tgt"":0.26,""rec_yd"":1.77,""rush_att"":0.18,""rush_fd"":0.08,""rush_td"":0.01,""rush_yd"":0.81}"
20261006T1701Z,2026,5,6039,RB,BUF,post,2026-10-04T17:00Z,5.03,"{""adp_dd_ppr"":199.0,""bonus_rec_rb"":1.45,""def_kr_yd"":14.61,""fum"":0.04,""fum_lost"":0.02,""gp"":1.0,""pos_adp_dd_ppr"":57.0,""pts_half_ppr"":4.3,""pts_ppr"":5.03,""pts_std"":3.58,""rec"":1.45,""rec_0_4"":0.29,""rec_10_19"":0.44,""rec_20_29"":0.29,""rec_2pt"":0.01,""rec_30_39"":0.15,""rec_40p"":0.15,""rec_5_9"":0.29,""rec_fd"":1.21,""rec_td"":0.1,""rec_tgt"":1.87,""rec_yd"":12.12,""rush_2pt"":0.01,""rush_40p"":0.03,""rush_att"":3.11,""rush_fd"":1.38,""rush_td"":0.06,""rush_yd"":13.84}"
20261006T1701Z,2026,5,6083,K,LV,post,2026-10-04T20:25Z,7.83,"{""adp_dd_ppr"":999.0,""fga"":2.03,""fgm"":1.71,""fgm_20_29"":0.41,""fgm_30_39"":0.55,""fgm_40_49"":0.62,""fgm_50p"":0.07,""fgm_yds"":66.81,""fgmiss_50p"":0.16,""gp"":1.0,""pos_adp_dd_ppr"":999.0,""pts_half_ppr"":7.83,""pts_ppr"":7.83,""pts_std"":7.83,""xpa"":2.41,""xpm"":2.28,""xpmiss"":0.13}"
20261006T1701Z,2026,5,6111,DEF,6111,,,,"{""adp_dd_ppr"":1000.0}"
20261006T1701Z,2026,5,6130,RB,NYG,post,2026-10-04T17:00Z,,"{""adp_dd_ppr"":999.0,""def_kr_yd"":20.62,""gp"":1.0,""pos_adp_dd_ppr"":93.0}"
20261006T1701Z,2026,5,6136,QB,DEN,post,2026-10-04T20:25Z,,"{""adp_dd_ppr"":1000.0}"
20261006T1701Z,2026,5,6149,WR,IND,post,2026-10-04T13:30Z,0.42,"{""adp_dd_ppr"":306.0,""bonus_rec_wr"":0.15,""gp"":1.0,""pos_adp_dd_ppr"":131.0,""pts_half_ppr"":0.34,""pts_ppr"":0.42,""pts_std"":0.27,""rec"":0.15,""rec_0_4"":0.03,""rec_10_19"":0.04,""rec_20_29"":0.03,""rec_30_39"":0.01,""rec_40p"":0.01,""rec_5_9"":0.03,""rec_fd"":0.22,""rec_td"":0.01,""rec_tgt"":0.3,""rec_yd"":2.22}"
20261006T1701Z,2026,5,6151,DEF,6151,,,,"{""adp_dd_ppr"":1000.0}"
20261006T1701Z,2026,5,6154,WR,TB,post,2026-10-04T17:00Z,,"{""adp_dd_ppr"":1000.0}"
20261006T1701Z,2026,5,6185,QB,TB,post,2026-10-04T17:00Z,,"{""adp_dd_ppr"":1000.0}"
20261006T1701Z,2026,5,6219,DEF,6219,,,,"{""adp_dd_ppr"":1000.0}"
20261006T1701Z,2026,5,6268,DEF,6268,,,,"{""adp_dd_ppr"":1000.0}"
20261006T1701Z,2026,5,6271,WR,ATL,post,2026-10-06T00:15Z,3.23,"{""adp_dd_ppr"":216.0,""bonus_rec_wr"":1.17,""fum"":0.01,""fum_lost"":0.01,""gp"":1.0,""pos_adp_dd_ppr"":94.0,""pts_half_ppr"":2.65,""pts_ppr"":3.23,""pts_std"":2.07,""rec"":1.17,""rec_0_4"":0.23,""rec_10_19"":0.35,""rec_20_29"":0.23,""rec_30_39"":0.12,""rec_40p"":0.12,""rec_5_9"":0.23,""rec_fd"":1.43,""rec_td"":0.08,""rec_tgt"":2.05,""rec_yd"":14.3,""rush_att"":0.23,""rush_fd"":0.1,""rush_td"":0.01,""rush_yd"":1.01}"
20261006T1701Z,2026,5,6290,DEF,6290,,,,"{""adp_dd_ppr"":1000.0}"
20261006T1701Z,2026,5,6427,WR,IND,post,2026-10-04T13:30Z,2.28,"{""adp_dd_ppr"":239.0,""bonus_rec_wr"":0.75,""def_kr_yd"":15.75,""fum"":0.01,""gp"":1.0,""pos_adp_dd_ppr"":104.0,""pts_half_ppr"":1.9,""pts_ppr"":2.28,""pts_std"":1.53,""rec"":0.75,""rec_0_4"":0.15,""rec_10_19"":0.23,""rec_20_29"":0.15,""rec_30_39"":0.08,""rec_40p"":0.08,""rec_5_9"":0.15,""rec_fd"":1.06,""rec_td"":0.07,""rec_tgt"":1.48,""rec_yd"":10.58,""rush_att"":0.07,""rush_fd"":0.05,""rush_yd"":0.49}"
20261006T1701Z,2026,5,650,K,ATL,post,2026-10-06T00:15Z,8.17,"{""adp_dd_ppr"":999.0,""fga"":2.1,""fgm"":1.84,""fgm_20_29"":0.33,""fgm_30_39"":0.5,""fgm_40_49"":0.45,""fgm_50p"":0.28,""fgm_yds"":64.93,""fgmiss_30_39"":0.04,""fgmiss_40_49"":0.04,""fgmiss_50p"":0.09,""gp"":1.0,""pos_adp_dd_ppr"":999.0,""pts_half_ppr"":8.17,""pts_ppr"":8.17,""pts_std"":8.17,""xpa"":2.62,""xpm"":2.56,""xpmiss"":0.07}"
20261006T1701Z,2026,5,6528,K,TEN,post,2026-10-04T17:00Z,6.37,"{""adp_dd_ppr"":999.0,""fga"":1.78,""fgm"":1.5,""fgm_20_29"":0.29,""fgm_30_39"":0.39,""fgm_40_49"":0.34,""fgm_50p"":0.24,""fgm_yds"":52.08,""fgmiss_30_39"":0.04,""fgmiss_40_49"":0.04,""fgmiss_50p"":0.12,""gp"":1.0,""pos_adp_dd_ppr"":999.0,""pts_half_ppr"":6.37,""pts_ppr"":6.37,""pts_std"":6.37,""xpa"":1.9,""xpm"":1.84,""xpmiss"":0.06}"
20261006T1701Z,2026,5,6650,K,TB,post,2026-10-04T17:00Z,7.7,"{""adp_dd_ppr"":999.0,""fga"":2.09,""fgm"":1.79,""fgm_20_29"":0.29,""fgm_30_39"":0.44,""fgm_40_49"":0.39,""fgm_50p"":0.34,""fgm_yds"":61.43,""fgmiss_30_39"":0.04,""fgmiss_40_49"":0.04,""fgmiss_50p"":0.11,""gp"":1.0,""pos_adp_dd_ppr"":999.0,""pts_half_ppr"":7.7,""pts_ppr"":7.7,""pts_std"":7.7,""xpa"":2.51,""xpm"":2.39,""xpmiss"":0.12}"
20261006T1701Z,2026,5,6694,DEF,6694,,,,"{""adp_dd_ppr"":1000.0}"
20261006T1701Z,2026,5,6768,QB,ATL,post,2026-10-06T00:15Z,,"{""adp_dd_ppr"":1000.0}"
20261006T1701Z,2026,5,6770,QB,CIN,post,2026-10-04T17:00Z,19.32,"{""adp_dd_ppr"":51.0,""bonus_rush_td_qb"":0.12,""cmp_pct"":68.48,""fum"":0.47,""fum_lost"":0.21,""gp"":1.0,""pass_2pt"":0.11,""pass_att"":34.37,""pass_cmp"":23.53,""pass_cmp_40p"":0.48,""pass_fd"":27.43,""pass_inc"":10.83,""pass_int"":0.61,""pass_sack"":2.85,""pass_td"":1.79,""pass_yd"":274.33,""pos_adp_dd_ppr"":4.0,""pts_half_ppr"":19.32,""pts_ppr"":19.32,""pts_std"":19.32,""rush_2pt"":0.01,""rush_40p"":0.03,""rush_att"":3.31,""rush_fd"":1.31,""rush_td"":0.12,""rush_yd"":13.06}"
20261006T1701Z,2026,5,6783,WR,CLE,post,2026-10-02T00:15Z,3.02,"{""adp_dd_ppr"":220.0,""bonus_rec_wr"":1.19,""fum"":0.01,""gp"":1.0,""pos_adp_dd_ppr"":97.0,""pts_half_ppr"":2.42,""pts_ppr"":3.02,""pts_std"":1.83,""rec"":1.19,""rec_0_4"":0.24,""rec_10_19"":0.36,""rec_20_29"":0.24,""rec_30_39"":0.12,""rec_40p"":0.12,""rec_5_9"":0.24,""rec_fd"":1.36,""rec_td"":0.08,""rec_tgt"":1.95,""rec_yd"":13.62,""rush_att"":0.03,""rush_fd"":0.01,""rush_yd"":0.13}"
20261006T1701Z,2026,5,6786,WR,DAL,post,2026-10-04T17:00Z,19.63,"{""adp_dd_ppr"":6.0,""bonus_rec_wr"":6.44,""fum"":0.07,""fum_lost"":0.03,""gp"":1.0,""pos_adp_dd_ppr"":4.0,""pts_half_ppr"":16.41,""pts_ppr"":19.63,""pts_std"":13.19,""rec"":6.44,""rec_0_4"":1.29,""rec_10_19"":1.93,""rec_20_29"":1.29,""rec_2pt"":0.03,""rec_30_39"":0.64,""rec_40p"":0.64,""rec_5_9"":1.29,""rec_fd"":9.41,""rec_td"":0.58,""rec_tgt"":8.92,""rec_yd"":94.13,""rush_att"":0.45,""rush_fd"":0.23,""rush_td"":0.01,""rush_yd"":2.28}"
20261006T1701Z,2026,5,6790,RB,CHI,post,2026-10-04T17:00Z,14.76,"{""adp_dd_ppr"":33.0,""bonus_rec_rb"":2.19,""fum"":0.14,""fum_lost"":0.06,""gp"":1.0,""pos_adp_dd_ppr"":13.0,""pts_half_ppr"":13.67,""pts_ppr"":14.76,""pts_std"":12.58,""rec"":2.19,""rec_0_4"":0.44,""rec_10_19"":0.66,""rec_20_29"":0.44,""rec_2pt"":0.01,""rec_30_39"":0.22,""rec_40p"":0.22,""rec_5_9"":0.44,""rec_fd"":1.48,""rec_td"":0.09,""rec_tgt"":2.43,""rec_yd"":14.82,""rush_2pt"":0.05,""rush_40p"":0.13,""rush_att"":12.8,""rush_fd"":5.85,""rush_td"":0.79,""rush_yd"":58.48}"
20261006T1701Z,2026,5,6794,WR,MIN,post,2026-10-04T20:05Z,16.3,"{""adp_dd_ppr"":19.0,""bonus_rec_wr"":5.66,""fum"":0.05,""fum_lost"":0.02,""gp"":1.0,""pos_adp_dd_ppr"":10.0,""pts_half_ppr"":13.47,""pts_ppr"":16.3,""pts_std"":10.64,""rec"":5.66,""rec_0_4"":1.13,""rec_10_19"":1.7,""rec_20_29"":1.13,""rec_2pt"":0.02,""rec_30_39"":0.57,""rec_40p"":0.57,""rec_5_9"":1.13,""rec_fd"":7.03,""rec_td"":0.6,""rec_tgt"":8.41,""rec_yd"":70.28,""rush_att"":0.06,""rush_fd"":0.02,""rush_yd"":0.21}"
20261006T1701Z,2026,5,6797,QB,LAC,post,2026-10-04T20:25Z,14.61,"{""adp_dd_ppr"":148.0,""bonus_rush_td_qb"":0.17,""cmp_pct"":64.42,""fum"":0.37,""fum_lost"":0.16,""gp"":1.0,""pass_2pt"":0.06,""pass_att"":29.92,""pass_cmp"":19.28,""pass_cmp_40p"":0.37,""pass_fd"":19.59,""pass_inc"":10.64,""pass_int"":0.47,""pass_sack"":2.26,""pass_td"":1.03,""pass_yd"":195.89,""pos_adp_dd_ppr"":25.0,""pts_half_ppr"":14.61,""pts_ppr"":14.61,""pts_std"":14.61,""rush_2pt"":0.01,""rush_40p"":0.04,""rush_att"":4.75,""rush_fd"":2.32,""rush_td"":0.17,""rush_yd"":23.25}"
20261006T1701Z,2026,5,6798,WR,MIA,post,2026-10-04T20:05Z,,"{""adp_dd_ppr"":1000.0}"
20261006T1701Z,2026,5,6801,WR,CIN,post,2026-10-04T17:00Z,13.18,"{""adp_dd_ppr"":36.0,""bonus_rec_wr"":4.22,""fum"":0.04,""fum_lost"":0.02,""gp"":1.0,""pos_adp_dd_ppr"":19.0,""pts_half_ppr"":11.07,""pts_ppr"":13.18,""pts_std"":8.97,""rec"":4.22,""rec_0_4"":0.84,""rec_10_19"":1.27,""rec_20_29"":0.84,""rec_2pt"":0.02,""rec_30_39"":0.42,""rec_40p"":0.42,""rec_5_9"":0.84,""rec_fd"":6.67,""rec_td"":0.37,""rec_tgt"":6.19,""rec_yd"":66.65,""rush_att"":0.06,""rush_fd"":0.03,""rush_yd"":0.28}"
20261006T1701Z,2026,5,6803,WR,SF,post,2026-10-04T20:25Z,,"{""adp_dd_ppr"":1000.0}"
20261006T1701Z,2026,5,6804,QB,GB,post,2026-10-04T17:00Z,16.8,"{""adp_dd_ppr"":93.0,""bonus_rush_td_qb"":0.1,""cmp_pct"":64.1,""fum"":0.42,""fum_lost"":0.18,""gp"":1.0,""pass_2pt"":0.1,""pass_att"":33.38,""pass_cmp"":21.39,""pass_cmp_40p"":0.41,""pass_fd"":25.59,""pass_inc"":11.98,""pass_int"":1.18,""pass_sack"":2.6,""pass_td"":1.44,""pass_yd"":255.85,""pos_adp_dd_ppr"":13.0,""pts_half_ppr"":16.8,""pts_ppr"":16.8,""pts_std"":16.8,""rush_2pt"":0.01,""rush_40p"":0.03,""rush_att"":3.12,""rush_fd"":1.57,""rush_td"":0.1,""rush_yd"":15.68}"
20261006T1701Z,2026,5,6805,DEF,6805,,,,"{""adp_dd_ppr"":1000.0}"
20261006T1701Z,2026,5,6806,RB,DEN,post,2026-10-04T20:25Z,9.13,"{""adp_dd_ppr"":116.0,""bonus_rec_rb"":1.06,""fum"":0.12,""fum_lost"":0.05,""gp"":1.0,""pos_adp_dd_ppr"":33.0,""pts_half_ppr"":8.6,""pts_ppr"":9.13,""pts_std"":8.07,""rec"":1.06,""rec_0_4"":0.21,""rec_10_19"":0.32,""rec_20_29"":0.21,""rec_30_39"":0.11,""rec_40p"":0.11,""rec_5_9"":0.21,""rec_fd"":0.64,""rec_td"":0.05,""rec_tgt"":1.33,""rec_yd"":6.42,""rush_2pt"":0.02,""rush_40p"":0.13,""rush_att"":12.8,""rush_fd"":5.13,""rush_td"":0.34,""rush_yd"":51.35}"
20261006T1701Z,2026,5,6813,RB,IND,post,2026-10-04T13:30Z,18.77,"{""adp_dd_ppr"":8.0,""bonus_rec_rb"":2.67,""fum"":0.2,""fum_lost"":0.09,""gp"":1.0,""pos_adp_dd_ppr"":3.0,""pts_half_ppr"":17.44,""pts_ppr"":18.77,""pts_std"":16.1,""rec"":2.67,""rec_0_4"":0.53,""rec_10_19"":0.8,""rec_20_29"":0.53,""rec_2pt"":0.01,""rec_30_39"":0.27,""rec_40p"":0.27,""rec_5_9"":0.53,""rec_fd"":1.96,""rec_td"":0.13,""rec_tgt"":3.26,""rec_yd"":19.61,""rush_2pt"":0.06,""rush_40p"":0.2,""rush_att"":20.27,""rush_fd"":8.22,""rush_td"":0.87,""rush_yd"":82.24}"
20261006T1701Z,2026,5,6819,WR,PIT,post,2026-10-02T00:15Z,8.09,"{""adp_dd_ppr"":118.0,""bonus_rec_wr"":3.09,""fum"":0.03,""fum_lost"":0.01,""gp"":1.0,""pos_adp_dd_ppr"":49.0,""pts_half_ppr"":6.55,""pts_ppr"":8.09,""pts_std"":5.0,""rec"":3.09,""rec_0_4"":0.62,""rec_10_19"":0.93,""rec_20_29"":0.62,""rec_2pt"":0.01,""rec_30_39"":0.31,""rec_40p"":0.31,""rec_5_9"":0.62,""rec_fd"":3.83,""rec_td"":0.19,""rec_tgt"":4.8,""rec_yd"":38.29,""rush_att"":0.05,""rush_fd"":0.02,""rush_yd"":0.25}"
20261006T1701Z,2026,5,6820,DEF,6820,,,,"{""adp_dd_ppr"":1000.0}"
20261006T1701Z,2026,5,6824,DEF,6824,,,,"{""adp_dd_ppr"":1000.0}"
20261006T1701Z,2026,5,6826,TE,CHI,post,2026-10-04T17:00Z,3.66,"{""adp_dd_ppr"":213.0,""bonus_rec_te"":1.48,""fum"":0.01,""fum_lost"":0.01,""gp"":1.0,""pos_adp_dd_ppr"":34.0,""pts_half_ppr"":2.92,""pts_ppr"":3.66,""pts_std"":2.18,""rec"":1.48,""rec_0_4"":0.3,""rec_10_19"":0.44,""rec_20_29"":0.3,""rec_2pt"":0.01,""rec_30_39"":0.15,""rec_40p"":0.15,""rec_5_9"":0.3,""rec_fd"":1.44,""rec_td"":0.12,""rec_tgt"":2.02,""rec_yd"":14.4}"
20261006T1701Z,2026,5,6828,RB,CAR,post,2026-10-05T00:20Z,,"{""adp_dd_ppr"":1000.0}"
20261006T1701Z,2026,5,6843,DEF,6843,,,,"{""adp_dd_ppr"":1000.0}"
20261006T1701Z,2026,5,6845,DEF,6845,,,,"{""adp_dd_ppr"":1000.0}"
20261006T1701Z,2026,5,6847,WR,ARI,post,2026-10-04T17:00Z,0.22,"{""adp_dd_ppr"":319.0,""bonus_rec_wr"":0.08,""def_kr_td"":0.09,""def_kr_yd"":56.07,""gp"":1.0,""pos_adp_dd_ppr"":140.0,""pr"":1.29,""pr_yd"":12.94,""pts_half_ppr"":0.17,""pts_ppr"":0.22,""pts_std"":0.13,""rec"":0.08,""rec_0_4"":0.02,""rec_10_19"":0.03,""rec_20_29"":0.02,""rec_30_39"":0.01,""rec_40p"":0.01,""rec_5_9"":0.02,""rec_fd"":0.07,""rec_td"":0.01,""rec_tgt"":0.12,""rec_yd"":0.73,""rush_att"":0.04,""rush_fd"":0.02,""rush_yd"":0.2}"
20261006T1701Z,2026,5,6849,DEF,6849,,,,"{""adp_dd_ppr"":1000.0}"
20261006T1701Z,2026,5,6853,WR,WAS,post,2026-10-04T13:30Z,,"{""adp_dd_ppr"":1000.0}"
20261006T1701Z,2026,5,6857,DEF,6857,,,,"{""adp_dd_ppr"":1000.0}"
20261006T1701Z,2026,5,6865,TE,LAR,post,2026-10-04T17:00Z,4.33,"{""adp_dd_ppr"":200.0,""bonus_rec_te"":1.55,""fum"":0.02,""fum_lost"":0.01,""gp"":1.0,""pos_adp_dd_ppr"":33.0,""pts_half_ppr"":3.55,""pts_ppr"":4.33,""pts_std"":2.77,""rec"":1.55,""rec_0_4"":0.31,""rec_10_19"":0.47,""rec_20_29"":0.31,""rec_2pt"":0.01,""rec_30_39"":0.16,""rec_40p"":0.16,""rec_5_9"":0.31,""rec_fd"":1.59,""rec_td"":0.2,""rec_tgt"":2.31,""rec_yd"":15.92}"
20261006T1701Z,2026,5,6869,TE,DEN,post,2026-10-04T20:25Z,1.81,"{""adp_dd_ppr"":256.0,""bonus_rec_te"":0.71,""fum"":0.01,""gp"":1.0,""pos_adp_dd_ppr"":51.0,""pts_half_ppr"":1.45,""pts_ppr"":1.81,""pts_std"":1.1,""rec"":0.71,""rec_0_4"":0.14,""rec_10_19"":0.21,""rec_20_29"":0.14,""rec_30_39"":0.07,""rec_40p"":0.07,""rec_5_9"":0.14,""rec_fd"":0.78,""rec_td"":0.05,""rec_tgt"":1.04,""rec_yd"":7.76}"
20261006T1701Z,2026,5,6904,QB,PHI,post,2026-10-04T17:00Z,15.47,"{""adp_dd_ppr"":126.0,""bonus_rush_td_qb"":0.31,""cmp_pct"":63.62,""fum"":0.32,""fum_lost"":0.14,""gp"":1.0,""pass_2pt"":0.07,""pass_att"":28.41,""pass_cmp"":18.07,""pass_cmp_40p"":0.33,""pass_fd"":20.25,""pass_inc"":10.33,""pass_int"":0.74,""pass_sack"":2.07,""pass_td"":0.98,""pass_yd"":202.54,""pos_adp_dd_ppr"":17.0,""pts_half_ppr"":15.47,""pts_ppr"":15.47,""pts_std"":15.47,""rush_2pt"":0.02,""rush_40p"":0.05,""rush_att"":5.78,""rush_fd"":2.45,""rush_td"":0.31,""rush_yd"":24.48}"
20261006T1701Z,2026,5,6918,RB,CHI,post,2026-10-04T17:00Z,,"{""adp_dd_ppr"":1000.0}"
20261006T1701Z,2026,5,6920,WR,PIT,post,2026-10-02T00:15Z,,"{""adp_dd_ppr"":1000.0}"
20261006T1701Z,2026,5,6931,RB,MIN,post,2026-10-04T20:05Z,2.01,"{""adp_dd_ppr"":272.0,""bonus_rec_rb"":0.77,""fum"":0.02,""fum_lost"":0.01,""gp"":1.0,""pos_adp_dd_ppr"":67.0,""pts_half_ppr"":1.62,""pts_ppr"":2.01,""pts_std"":1.24,""rec"":0.77,""rec_0_4"":0.15,""rec_10_19"":0.23,""rec_20_29"":0.15,""rec_30_39"":0.08,""rec_40p"":0.08,""rec_5_9"":0.15,""rec_fd"":0.42,""rec_td"":0.05,""rec_tgt"":0.85,""rec_yd"":4.17,""rush_40p"":0.01,""rush_att"":0.89,""rush_fd"":0.39,""rush_td"":0.03,""rush_yd"":3.87}"
20261006T1701Z,2026,5,6938,DEF,6938,,,,"{""adp_dd_ppr"":1000.0}"
20261006T1701Z,2026,5,6943,DEF,6943,,,,"{""adp_dd_ppr"":1000.0}"
20261006T1701Z,2026,5,6945,DEF,6945,,,,"{""adp_dd_ppr"":1000.0}"
20261006T1701Z,2026,5,6955,DEF,6955,,,,"{""adp_dd_ppr"":1000.0}"
20261006T1701Z,2026,5,6960,WR,NYJ,post,2026-10-04T17:00Z,,"{""adp_dd_ppr"":1000.0}"
20261006T1701Z,2026,5,6988,DEF,6988,,,,"{""adp_dd_ppr"":1000.0}"
20261006T1701Z,2026,5,6989,DEF,6989,,,,"{""adp_dd_ppr"":1000.0}"
20261006T1701Z,2026,5,7002,TE,NO,post,2026-10-06T00:15Z,10.35,"{""adp_dd_ppr"":76.0,""bonus_rec_te"":3.8,""fum"":0.03,""fum_lost"":0.02,""gp"":1.0,""pos_adp_dd_ppr"":9.0,""pts_half_ppr"":8.45,""pts_ppr"":10.35,""pts_std"":6.55,""rec"":3.8,""rec_0_4"":0.76,""rec_10_19"":1.14,""rec_20_29"":0.76,""rec_2pt"":0.02,""rec_30_39"":0.38,""rec_40p"":0.38,""rec_5_9"":0.76,""rec_fd"":4.59,""rec_td"":0.33,""rec_tgt"":5.33,""rec_yd"":45.93}"
20261006T1701Z,2026,5,7021,RB,PIT,post,2026-10-02T00:15Z,10.13,"{""adp_dd_ppr"":97.0,""bonus_rec_rb"":1.74,""def_kr_yd"":6.27,""fum"":0.11,""fum_lost"":0.05,""gp"":1.0,""pos_adp_dd_ppr"":26.0,""pts_half_ppr"":9.25,""pts_ppr"":10.13,""pts_std"":8.38,""rec"":1.74,""rec_0_4"":0.35,""rec_10_19"":0.52,""rec_20_29"":0.35,""rec_2pt"":0.01,""rec_30_39"":0.17,""rec_40p"":0.17,""rec_5_9"":0.35,""rec_fd"":1.38,""rec_td"":0.1,""rec_tgt"":2.32,""rec_yd"":13.79,""rush_2pt"":0.01,""rush_40p"":0.11,""rush_att"":10.66,""rush_fd"":4.06,""rush_td"":0.4,""rush_yd"":40.63}"
20261006T1701Z,2026,5,7039,WR,LV,post,2026-10-04T20:25Z,6.7,"{""adp_dd_ppr"":154.0,""bonus_rec_wr"":2.03,""def_kr_yd"":6.27,""fum"":0.02,""fum_lost"":0.01,""gp"":1.0,""pos_adp_dd_ppr"":63.0,""pts_half_ppr"":5.68,""pts_ppr"":6.7,""pts_std"":4.67,""rec"":2.03,""rec_0_4"":0.41,""rec_10_19"":0.61,""rec_20_29"":0.41,""rec_2pt"":0.02,""rec_30_39"":0.2,""rec_40p"":0.2,""rec_5_9"":0.41,""rec_fd"":2.5,""rec_td"":0.36,""rec_tgt"":3.4,""rec_yd"":25.02}"
20261006T1701Z,2026,5,7042,K,BUF,post,2026-10-04T17:00Z,7.25,"{""adp_dd_ppr"":999.0,""fga"":1.89,""fgm"":1.6,""fgm_20_29"":0.28,""fgm_30_39"":0.38,""fgm_40_49"":0.38,""fgm_50p"":0.28,""fgm_yds"":55.53,""fgmiss_30_39"":0.04,""fgmiss_40_49"":0.04,""fgmiss_50p"":0.11,""gp"":1.0,""pos_adp_dd_ppr"":999.0,""pts_half_ppr"":7.25,""pts_ppr"":7.25,""pts_std"":7.25,""xpa"":2.58,""xpm"":2.46,""xpmiss"":0.11}"
20261006T1701Z,2026,5,7049,WR,MIN,post,2026-10-04T20:05Z,3.32,"{""adp_dd_ppr"":214.0,""bonus_rec_wr"":1.01,""fum"":0.01,""gp"":1.0,""pos_adp_dd_ppr"":92.0,""pts_half_ppr"":2.81,""pts_ppr"":3.32,""pts_std"":2.31,""rec"":1.01,""rec_0_4"":0.2,""rec_10_19"":0.3,""rec_20_29"":0.2,""rec_2pt"":0.01,""rec_30_39"":0.1,""rec_40p"":0.1,""rec_5_9"":0.2,""rec_fd"":1.09,""rec_td"":0.2,""rec_tgt"":1.71,""rec_yd"":10.92}"
20261006T1701Z,2026,5,7050,TE,PHI,post,2026-10-04T17:00Z,,"{""adp_dd_ppr"":1000.0}"
20261006T1701Z,2026,5,7066,WR,TEN,post,2026-10-04T17:00Z,,"{""adp_dd_ppr"":1000.0}"
20261006T1701Z,2026,5,7083,QB,BAL,post,2026-10-04T17:00Z,11.55,"{""adp_dd_ppr"":201.0,""bonus_rush_td_qb"":0.09,""cmp_pct"":69.6,""fum"":0.35,""fum_lost"":0.16,""gp"":1.0,""pass_2pt"":0.06,""pass_att"":28.06,""pass_cmp"":19.53,""pass_cmp_40p"":0.37,""pass_fd"":16.98,""pass_inc"":8.53,""pass_int"":1.02,""pass_sack"":2.15,""pass_td"":0.76,""pass_yd"":169.85,""pos_adp_dd_ppr"":30.0,""pts_half_ppr"":11.55,""pts_ppr"":11.55,""pts_std"":11.55,""rush_2pt"":0.01,""rush_40p"":0.05,""rush_att"":4.75,""rush_fd"":2.35,""rush_td"":0.09,""rush_yd"":23.52}"
20261006T1701Z,2026,5,7090,WR,NYG,post,2026-10-04T17:00Z,4.54,"{""adp_dd_ppr"":191.0,""bonus_rec_wr"":1.46,""fum"":0.01,""fum_lost"":0.01,""gp"":1.0,""pos_adp_dd_ppr"":79.0,""pts_half_ppr"":3.8,""pts_ppr"":4.54,""pts_std"":3.07,""rec"":1.46,""rec_0_4"":0.29,""rec_10_19"":0.44,""rec_20_29"":0.29,""rec_30_39"":0.15,""rec_40p"":0.15,""rec_5_9"":0.29,""rec_fd"":2.37,""rec_td"":0.12,""rec_tgt"":2.82,""rec_yd"":23.74,""rush_att"":0.01,""rush_fd"":0.01,""rush_yd"":0.07}"
20261006T1701Z,2026,5,7496,WR,IND,post,2026-10-04T13:30Z,,"{""adp_dd_ppr"":1000.0}"
20261006T1701Z,2026,5,7523,QB,JAX,post,2026-10-04T17:00Z,18.01,"{""adp_dd_ppr"":72.0,""bonus_rush_td_qb"":0.29,""cmp_pct"":61.9,""fum"":0.43,""fum_lost"":0.19,""gp"":1.0,""pass_2pt"":0.11,""pass_att"":31.04,""pass_cmp"":19.21,""pass_cmp_40p"":0.4,""pass_fd"":22.74,""pass_inc"":11.82,""pass_int"":0.57,""pass_sack"":2.57,""pass_td"":1.46,""pass_yd"":227.42,""pos_adp_dd_ppr"":8.0,""pts_half_ppr"":18.01,""pts_ppr"":18.01,""pts_std"":18.01,""rush_2pt"":0.02,""rush_40p"":0.05,""rush_att"":5.09,""rush_fd"":1.99,""rush_td"":0.29,""rush_yd"":19.9}"
20261006T1701Z,2026,5,7525,WR,PHI,post,2026-10-04T17:00Z,12.3,"{""adp_dd_ppr"":42.0,""bonus_rec_wr"":4.57,""fum"":0.04,""fum_lost"":0.02,""gp"":1.0,""pos_adp_dd_ppr"":22.0,""pts_half_ppr"":10.01,""pts_ppr"":12.3,""pts_std"":7.73,""rec"":4.57,""rec_0_4"":0.91,""rec_10_19"":1.37,""rec_20_29"":0.91,""rec_2pt"":0.02,""rec_30_39"":0.46,""rec_40p"":0.46,""rec_5_9"":0.91,""rec_fd"":6.04,""rec_td"":0.28,""rec_tgt"":6.82,""rec_yd"":60.44,""rush_att"":0.05,""rush_fd"":0.02,""rush_yd"":0.18}"
20261006T1701Z,2026,5,7526,WR,DEN,post,2026-10-04T20:25Z,12.24,"{""adp_dd_ppr"":45.0,""bonus_rec_wr"":4.32,""fum"":0.04,""fum_lost"":0.02,""gp"":1.0,""pos_adp_dd_ppr"":24.0,""pts_half_ppr"":10.08,""pts_ppr"":12.24,""pts_std"":7.92,""rec"":4.32,""rec_0_4"":0.86,""rec_10_19"":1.29,""rec_20_29"":0.86,""rec_2pt"":0.01,""rec_30_39"":0.43,""rec_40p"":0.43,""rec_5_9"":0.86,""rec_fd"":6.42,""rec_td"":0.22,""rec_tgt"":7.47,""rec_yd"":64.2,""rush_att"":0.23,""rush_fd"":0.12,""rush_td"":0.01,""rush_yd"":1.2}"
20261006T1701Z,2026,5,7527,QB,SF,post,2026-10-04T20:25Z,,"{""adp_dd_ppr"":1000.0}"
20261006T1701Z,2026,5,7528,RB,NYG,post,2026-10-04T17:00Z,6.78,"{""adp_dd_ppr"":175.0,""bonus_rec_rb"":0.71,""fum"":0.08,""fum_lost"":0.04,""gp"":1.0,""pos_adp_dd_ppr"":45.0,""pts_half_ppr"":6.43,""pts_ppr"":6.78,""pts_std"":6.08,""rec"":0.71,""rec_0_4"":0.14,""rec_10_19"":0.21,""rec_20_29"":0.14,""rec_30_39"":0.07,""rec_40p"":0.07,""rec_5_9"":0.14,""rec_fd"":0.53,""rec_td"":0.04,""rec_tgt"":0.9,""rec_yd"":5.34,""rush_2pt"":0.01,""rush_40p"":0.08,""rush_att"":8.59,""rush_fd"":4.15,""rush_td"":0.2,""rush_yd"":41.46}"
20261006T1701Z,2026,5,7533,DEF,7533,,,,"{""adp_dd_ppr"":1000.0}"
20261006T1701Z,2026,5,7535,TE,ARI,post,2026-10-04T17:00Z,,"{""adp_dd_ppr"":1000.0}"
20261006T1701Z,2026,5,7537,DEF,7537,,,,"{""adp_dd_ppr"":1000.0}"
20261006T1701Z,2026,5,7538,QB,NO,post,2026-10-06T00:15Z,,"{""adp_dd_ppr"":1000.0}"
20261006T1701Z,2026,5,7543,RB,NO,post,2026-10-06T00:15Z,,"{""adp_dd_ppr"":1000.0}"
20261006T1701Z,2026,5,7547,WR,DET,post,2026-10-05T00:20Z,20.81,"{""adp_dd_ppr"":4.0,""bonus_rec_wr"":6.57,""fum"":0.07,""fum_lost"":0.03,""gp"":1.0,""pos_adp_dd_ppr"":2.0,""pts_half_ppr"":17.52,""pts_ppr"":20.81,""pts_std"":14.24,""rec"":6.57,""rec_0_4"":1.31,""rec_10_19"":1.97,""rec_20_29"":1.31,""rec_2pt"":0.05,""rec_30_39"":0.66,""rec_40p"":0.66,""rec_5_9"":1.31,""rec_fd"":8.59,""rec_td"":0.9,""rec_tgt"":9.84,""rec_yd"":85.87,""rush_att"":0.27,""rush_fd"":0.16,""rush_td"":0.01,""rush_yd"":1.61}"
20261006T1701Z,2026,5,7553,TE,ATL,post,2026-10-06T00:15Z,7.72,"{""adp_dd_ppr"":138.0,""bonus_rec_te"":2.71,""fum"":0.02,""fum_lost"":0.01,""gp"":1.0,""pos_adp_dd_ppr"":25.0,""pts_half_ppr"":6.36,""pts_ppr"":7.72,""pts_std"":5.01,""rec"":2.71,""rec_0_4"":0.54,""rec_10_19"":0.81,""rec_20_29"":0.54,""rec_2pt"":0.02,""rec_30_39"":0.27,""rec_40p"":0.27,""rec_5_9"":0.54,""rec_fd"":3.3,""rec_td"":0.28,""rec_tgt"":4.1,""rec_yd"":33.0}"
20261006T1701Z,2026,5,7559,WR,CAR,post,2026-10-05T00:20Z,,"{""adp_dd_ppr"":1000.0}"
20261006T1701Z,2026,5,7561,DEF,7561,,,,"{""adp_dd_ppr"":1000.0}"
20261006T1701Z,2026,5,7562,WR,LAR,post,2026-10-04T17:00Z,0.1,"{""adp_dd_ppr"":338.0,""bonus_rec_wr"":0.03,""gp"":1.0,""pos_adp_dd_ppr"":150.0,""pts_half_ppr"":0.09,""pts_ppr"":0.1,""pts_std"":0.07,""rec"":0.03,""rec_0_4"":0.01,""rec_10_19"":0.01,""rec_20_29"":0.01,""rec_5_9"":0.01,""rec_fd"":0.05,""rec_tgt"":0.07,""rec_yd"":0.51,""rush_att"":0.01,""rush_yd"":0.02}"
20261006T1701Z,2026,5,7564,WR,CIN,post,2026-10-04T17:00Z,17.44,"{""adp_dd_ppr"":11.0,""bonus_rec_wr"":6.15,""fum"":0.06,""fum_lost"":0.02,""gp"":1.0,""pos_adp_dd_ppr"":5.0,""pts_half_ppr"":14.37,""pts_ppr"":17.44,""pts_std"":11.29,""rec"":6.15,""rec_0_4"":1.23,""rec_10_19"":1.84,""rec_20_29"":1.23,""rec_2pt"":0.04,""rec_30_39"":0.61,""rec_40p"":0.61,""rec_5_9"":1.23,""rec_fd"":7.58,""rec_td"":0.59,""rec_tgt"":8.25,""rec_yd"":75.81,""rush_att"":0.28,""rush_fd"":0.11,""rush_td"":0.01,""rush_yd"":1.13}"
20261006T1701Z,2026,5,7565,DEF,7565,,,,"{""adp_dd_ppr"":1000.0}"
20261006T1701Z,2026,5,7567,RB,TB,post,2026-10-04T17:00Z,9.47,"{""adp_dd_ppr"":109.0,""bonus_rec_rb"":2.26,""def_kr_yd"":33.86,""fum"":0.07,""fum_lost"":0.03,""gp"":1.0,""pos_adp_dd_ppr"":29.0,""pts_half_ppr"":8.34,""pts_ppr"":9.47,""pts_std"":7.21,""rec"":2.26,""rec_0_4"":0.45,""rec_10_19"":0.68,""rec_20_29"":0.45,""rec_30_39"":0.23,""rec_40p"":0.23,""rec_5_9"":0.45,""rec_fd"":1.83,""rec_td"":0.11,""rec_tgt"":2.76,""rec_yd"":18.34,""rush_2pt"":0.01,""rush_40p"":0.06,""rush_att"":6.72,""rush_fd"":3.22,""rush_td"":0.25,""rush_yd"":32.16}"
20261006T1701Z,2026,5,7568,TE,HOU,post,2026-10-04T17:00Z,0.42,"{""adp_dd_ppr"":337.0,""bonus_rec_te"":0.18,""gp"":1.0,""pos_adp_dd_ppr"":85.0,""pts_half_ppr"":0.33,""pts_ppr"":0.42,""pts_std"":0.24,""rec"":0.18,""rec_0_4"":0.04,""rec_10_19"":0.05,""rec_20_29"":0.04,""rec_30_39"":0.02,""rec_40p"":0.02,""rec_5_9"":0.04,""rec_fd"":0.18,""rec_td"":0.01,""rec_tgt"":0.24,""rec_yd"":1.78}"
20261006T1701Z,2026,5,7569,WR,HOU,post,2026-10-04T17:00Z,16.76,"{""adp_dd_ppr"":16.0,""bonus_rec_wr"":5.35,""fum"":0.05,""fum_lost"":0.02,""gp"":1.0,""pos_adp_dd_ppr"":8.0,""pts_half_ppr"":14.09,""pts_ppr"":16.76,""pts_std"":11.41,""rec"":5.35,""rec_0_4"":1.07,""rec_10_19"":1.61,""rec_20_29"":1.07,""rec_2pt"":0.03,""rec_30_39"":0.54,""rec_40p"":0.54,""rec_5_9"":1.07,""rec_fd"":8.02,""rec_td"":0.53,""rec_tgt"":7.77,""rec_yd"":80.25,""rush_att"":0.24,""rush_fd"":0.12,""rush_td"":0.01,""rush_yd"":1.15}"
20261006T1701Z,2026,5,7571,WR,BAL,post,2026-10-04T17:00Z,6.35,"{""adp_dd_ppr"":162.0,""bonus_rec_wr"":2.23,""fum"":0.02,""fum_lost"":0.01,""gp"":1.0,""pos_adp_dd_ppr"":69.0,""pts_half_ppr"":5.24,""pts_ppr"":6.35,""pts_std"":4.13,""rec"":2.23,""rec_0_4"":0.45,""rec_10_19"":0.67,""rec_20_29"":0.45,""rec_2pt"":0.01,""rec_30_39"":0.22,""rec_40p"":0.22,""rec_5_9"":0.45,""rec_fd"":3.27,""rec_td"":0.14,""rec_tgt"":3.93,""rec_yd"":32.75,""rush_att"":0.06,""rush_fd"":0.03,""rush_yd"":0.28}"
20261006T1701Z,2026,5,7583,QB,DEN,post,2026-10-04T20:25Z,,"{""adp_dd_ppr"":1000.0}"
20261006T1701Z,2026,5,7585,QB,HOU,post,2026-10-04T17:00Z,,"{""adp_dd_ppr"":1000.0}"
20261006T1701Z,2026,5,7587,WR,WAS,post,2026-10-04T13:30Z,0.78,"{""adp_dd_ppr"":283.0,""bonus_rec_wr"":0.31,""def_kr_yd"":9.88,""gp"":1.0,""pos_adp_dd_ppr"":118.0,""pts_half_ppr"":0.62,""pts_ppr"":0.78,""pts_std"":0.46,""rec"":0.31,""rec_0_4"":0.06,""rec_10_19"":0.09,""rec_20_29"":0.06,""rec_30_39"":0.03,""rec_40p"":0.03,""rec_5_9"":0.06,""rec_fd"":0.35,""rec_td"":0.02,""rec_tgt"":0.59,""rec_yd"":3.47,""rush_att"":0.02,""rush_fd"":0.01,""rush_yd"":0.09}"
20261006T1701Z,2026,5,7588,RB,DAL,post,2026-10-04T17:00Z,18.5,"{""adp_dd_ppr"":10.0,""bonus_rec_rb"":2.81,""fum"":0.21,""fum_lost"":0.09,""gp"":1.0,""pos_adp_dd_ppr"":5.0,""pts_half_ppr"":17.09,""pts_ppr"":18.5,""pts_std"":15.69,""rec"":2.81,""rec_0_4"":0.56,""rec_10_19"":0.84,""rec_20_29"":0.56,""rec_2pt"":0.01,""rec_30_39"":0.28,""rec_40p"":0.28,""rec_5_9"":0.56,""rec_fd"":1.64,""rec_td"":0.2,""rec_tgt"":3.3,""rec_yd"":16.44,""rush_2pt"":0.07,""rush_40p"":0.2,""rush_att"":18.7,""rush_fd"":7.29,""rush_td"":0.93,""rush_yd"":72.94}"
20261006T1701Z,2026,5,7591,QB,KC,post,2026-10-04T20:25Z,,"{""adp_dd_ppr"":1000.0}"
20261006T1701Z,2026,5,7593,RB,ATL,post,2026-10-06T00:15Z,,"{""adp_dd_ppr"":1000.0}"
20261006T1701Z,2026,5,7594,RB,CAR,post,2026-10-05T00:20Z,,"{""adp_dd_ppr"":1000.0}"
20261006T1701Z,2026,5,7595,WR,CLE,post,2026-10-02T00:15Z,,"{""adp_dd_ppr"":1000.0}"
20261006T1701Z,2026,5,7596,WR,PHI,post,2026-10-04T17:00Z,0.27,"{""adp_dd_ppr"":314.0,""bonus_rec_wr"":0.1,""gp"":1.0,""pos_adp_dd_ppr"":136.0,""pts_half_ppr"":0.22,""pts_ppr"":0.27,""pts_std"":0.17,""rec"":0.1,""rec_0_4"":0.02,""rec_10_19"":0.03,""rec_20_29"":0.02,""rec_30_39"":0.01,""rec_40p"":0.01,""rec_5_9"":0.02,""rec_fd"":0.11,""rec_tgt"":0.17,""rec_yd"":1.07,""rush_att"":0.07,""rush_fd"":0.02,""rush_yd"":0.23}"
20261006T1701Z,2026,5,7597,DEF,7597,,,,"{""adp_dd_ppr"":1000.0}"
20261006T1701Z,2026,5,7599,DEF,7599,,,,"{""adp_dd_ppr"":1000.0}"
20261006T1701Z,2026,5,7600,TE,PIT,post,2026-10-02T00:15Z,8.44,"{""adp_dd_ppr"":117.0,""bonus_rec_te"":3.17,""fum"":0.03,""fum_lost"":0.01,""gp"":1.0,""pos_adp_dd_ppr"":21.0,""pts_half_ppr"":6.86,""pts_ppr"":8.44,""pts_std"":5.27,""rec"":3.17,""rec_0_4"":0.63,""rec_10_19"":0.95,""rec_20_29"":0.63,""rec_2pt"":0.01,""rec_30_39"":0.32,""rec_40p"":0.32,""rec_5_9"":0.63,""rec_fd"":3.62,""rec_td"":0.27,""rec_tgt"":4.22,""rec_yd"":36.22}"
20261006T1701Z,2026,5,7601,DEF,7601,,,,"{""adp_dd_ppr"":1000.0}"
20261006T1701Z,2026,5,7602,TE,TEN,post,2026-10-04T17:00Z,0.16,"{""adp_dd_ppr"":354.0,""bonus_rec_te"":0.07,""gp"":1.0,""pos_adp_dd_ppr"":95.0,""pts_half_ppr"":0.12,""pts_ppr"":0.16,""pts_std"":0.09,""rec"":0.07,""rec_0_4"":0.01,""rec_10_19"":0.02,""rec_20_29"":0.01,""rec_30_39"":0.01,""rec_40p"":0.01,""rec_5_9"":0.01,""rec_fd"":0.07,""rec_tgt"":0.1,""rec_yd"":0.69}"
20261006T1701Z,2026,5,7605,DEF,7605,,,,"{""adp_dd_ppr"":1000.0}"
20261006T1701Z,2026,5,7606,DEF,7606,,,,"{""adp_dd_ppr"":1000.0}"
20261006T1701Z,2026,5,7607,RB,TEN,post,2026-10-04T17:00Z,0.13,"{""adp_dd_ppr"":374.0,""bonus_rec_rb"":0.05,""gp"":1.0,""pos_adp_dd_ppr"":90.0,""pts_half_ppr"":0.1,""pts_ppr"":0.13,""pts_std"":0.08,""rec"":0.05,""rec_0_4"":0.01,""rec_10_19"":0.01,""rec_20_29"":0.01,""rec_5_9"":0.01,""rec_fd"":0.04,""rec_tgt"":0.06,""rec_yd"":0.36,""rush_att"":0.08,""rush_fd"":0.03,""rush_yd"":0.26}"
20261006T1701Z,2026,5,7608,RB,ATL,post,2026-10-06T00:15Z,,"{""adp_dd_ppr"":1000.0}"
20261006T1701Z,2026,5,7610,QB,LAC,post,2026-10-04T20:25Z,,"{""adp_dd_ppr"":1000.0}"
20261006T1701Z,2026,5,7611,RB,NE,post,2026-10-04T17:00Z,13.04,"{""adp_dd_ppr"":47.0,""bonus_rec_rb"":2.58,""fum"":0.13,""fum_lost"":0.06,""gp"":1.0,""pos_adp_dd_ppr"":17.0,""pts_half_ppr"":11.76,""pts_ppr"":13.04,""pts_std"":10.47,""rec"":2.58,""rec_0_4"":0.52,""rec_10_19"":0.77,""rec_20_29"":0.52,""rec_2pt"":0.01,""rec_30_39"":0.26,""rec_40p"":0.26,""rec_5_9"":0.52,""rec_fd"":2.04,""rec_td"":0.17,""rec_tgt"":3.03,""rec_yd"":20.42,""rush_2pt"":0.03,""rush_40p"":0.11,""rush_att"":11.12,""rush_fd"":4.81,""rush_td"":0.44,""rush_yd"":48.1}"
20261006T1701Z,2026,5,7670,WR,BUF,post,2026-10-04T17:00Z,5.01,"{""adp_dd_ppr"":187.0,""bonus_rec_wr"":1.86,""fum"":0.02,""fum_lost"":0.01,""gp"":1.0,""pos_adp_dd_ppr"":78.0,""pts_half_ppr"":4.07,""pts_ppr"":5.01,""pts_std"":3.14,""rec"":1.86,""rec_0_4"":0.37,""rec_10_19"":0.56,""rec_20_29"":0.37,""rec_2pt"":0.01,""rec_30_39"":0.19,""rec_40p"":0.19,""rec_5_9"":0.37,""rec_fd"":2.53,""rec_td"":0.1,""rec_tgt"":3.22,""rec_yd"":25.27}"
20261006T1701Z,2026,5,7694,TE,CAR,post,2026-10-05T00:20Z,,"{""adp_dd_ppr"":1000.0}"
20261006T1701Z,2026,5,7716,TE,WAS,post,2026-10-04T13:30Z,1.91,"{""adp_dd_ppr"":253.0,""bonus_rec_te"":0.85,""fum"":0.01,""gp"":1.0,""pos_adp_dd_ppr"":49.0,""pts_half_ppr"":1.49,""pts_ppr"":1.91,""pts_std"":1.07,""rec"":0.85,""rec_0_4"":0.17,""rec_10_19"":0.25,""rec_20_29"":0.17,""rec_30_39"":0.08,""rec_40p"":0.08,""rec_5_9"":0.17,""rec_fd"":0.7,""rec_td"":0.06,""rec_tgt"":1.11,""rec_yd"":6.96}"
20261006T1701Z,2026,5,7729,DEF,7729,,,,"{""adp_dd_ppr"":1000.0}"
20261006T1701Z,2026,5,7757,WR,PIT,post,2026-10-02T00:15Z,0.27,"{""adp_dd_ppr"":315.0,""bonus_rec_wr"":0.08,""gp"":1.0,""pos_adp_dd_ppr"":137.0,""pts_half_ppr"":0.23,""pts_ppr"":0.27,""pts_std"":0.18,""rec"":0.08,""rec_0_4"":0.02,""rec_10_19"":0.03,""rec_20_29"":0.02,""rec_30_39"":0.01,""rec_40p"":0.01,""rec_5_9"":0.02,""rec_fd"":0.11,""rec_td"":0.01,""rec_tgt"":0.13,""rec_yd"":1.06}"
20261006T1701Z,2026,5,7828,TE,KC,post,2026-10-04T20:25Z,,"{""adp_dd_ppr"":1000.0}"
20261006T1701Z,2026,5,7839,K,CIN,post,2026-10-04T17:00Z,8.44,"{""adp_dd_ppr"":999.0,""fga"":2.31,""fgm"":1.91,""fgm_20_29"":0.33,""fgm_30_39"":0.49,""fgm_40_49"":0.49,""fgm_50p"":0.27,""fgm_yds"":66.49,""fgmiss_30_39"":0.05,""fgmiss_40_49"":0.05,""fgmiss_50p"":0.15,""gp"":1.0,""pos_adp_dd_ppr"":999.0,""pts_half_ppr"":8.44,""pts_ppr"":8.44,""pts_std"":8.44,""xpa"":2.9,""xpm"":2.77,""xpmiss"":0.13}"
20261006T1701Z,2026,5,7842,TE,SF,post,2026-10-04T20:25Z,1.79,"{""adp_dd_ppr"":258.0,""bonus_rec_te"":0.85,""fum"":0.01,""gp"":1.0,""pos_adp_dd_ppr"":52.0,""pts_half_ppr"":1.36,""pts_ppr"":1.79,""pts_std"":0.94,""rec"":0.85,""rec_0_4"":0.17,""rec_10_19"":0.26,""rec_20_29"":0.17,""rec_30_39"":0.09,""rec_40p"":0.09,""rec_5_9"":0.17,""rec_fd"":0.71,""rec_td"":0.04,""rec_tgt"":1.07,""rec_yd"":7.12}"
20261006T1701Z,2026,5,7891,TE,DET,post,2026-10-05T00:20Z,1.34,"{""adp_dd_ppr"":270.0,""bonus_rec_te"":0.55,""fum"":0.01,""gp"":1.0,""pos_adp_dd_ppr"":62.0,""pts_half_ppr"":1.06,""pts_ppr"":1.34,""pts_std"":0.79,""rec"":0.55,""rec_0_4"":0.11,""rec_10_19"":0.16,""rec_20_29"":0.11,""rec_30_39"":0.05,""rec_40p"":0.05,""rec_5_9"":0.11,""rec_fd"":0.51,""rec_td"":0.05,""rec_tgt"":0.69,""rec_yd"":5.1}"
20261006T1701Z,2026,5,7922,K,MIA,post,2026-10-04T20:05Z,7.04,"{""adp_dd_ppr"":999.0,""fga"":1.81,""fgm"":1.51,""fgm_20_29"":0.29,""fgm_30_39"":0.46,""fgm_40_49"":0.41,""fgm_50p"":0.29,""fgm_yds"":61.01,""fgmiss_30_39"":0.05,""fgmiss_40_49"":0.05,""fgmiss_50p"":0.15,""gp"":1.0,""pos_adp_dd_ppr"":999.0,""pts_half_ppr"":7.04,""pts_ppr"":7.04,""pts_std"":7.04,""xpa"":1.81,""xpm"":1.75,""xpmiss"":0.06}"
20261006T1701Z,2026,5,7946,TE,SF,post,2026-10-04T20:25Z,,"{""adp_dd_ppr"":1000.0}"
20261006T1701Z,2026,5,8110,TE,DAL,post,2026-10-04T17:00Z,8.87,"{""adp_dd_ppr"":104.0,""bonus_rec_te"":3.34,""fum"":0.03,""fum_lost"":0.01,""gp"":1.0,""pos_adp_dd_ppr"":17.0,""pts_half_ppr"":7.2,""pts_ppr"":8.87,""pts_std"":5.53,""rec"":3.34,""rec_0_4"":0.67,""rec_10_19"":1.0,""rec_20_29"":0.67,""rec_2pt"":0.02,""rec_30_39"":0.33,""rec_40p"":0.33,""rec_5_9"":0.67,""rec_fd"":3.18,""rec_td"":0.39,""rec_tgt"":4.38,""rec_yd"":31.8}"
20261006T1701Z,2026,5,8111,TE,TB,post,2026-10-04T17:00Z,8.26,"{""adp_dd_ppr"":123.0,""bonus_rec_te"":3.45,""fum"":0.03,""fum_lost"":0.01,""gp"":1.0,""pos_adp_dd_ppr"":22.0,""pts_half_ppr"":6.54,""pts_ppr"":8.26,""pts_std"":4.81,""rec"":3.45,""rec_0_4"":0.69,""rec_10_19"":1.03,""rec_20_29"":0.69,""rec_2pt"":0.01,""rec_30_39"":0.34,""rec_40p"":0.34,""rec_5_9"":0.69,""rec_fd"":3.61,""rec_td"":0.2,""rec_tgt"":4.61,""rec_yd"":36.11}"
20261006T1701Z,2026,5,8112,WR,ATL,post,2026-10-06T00:15Z,17.26,"{""adp_dd_ppr"":12.0,""bonus_rec_wr"":5.89,""fum"":0.06,""fum_lost"":0.02,""gp"":1.0,""pos_adp_dd_ppr"":6.0,""pts_half_ppr"":14.31,""pts_ppr"":17.26,""pts_std"":11.37,""rec"":5.89,""rec_0_4"":1.18,""rec_10_19"":1.77,""rec_20_29"":1.18,""rec_2pt"":0.02,""rec_30_39"":0.59,""rec_40p"":0.59,""rec_5_9"":1.18,""rec_fd"":9.4,""rec_td"":0.32,""rec_tgt"":9.31,""rec_yd"":93.95,""rush_att"":0.07,""rush_fd"":0.02,""rush_yd"":0.22}"
20261006T1701Z,2026,5,8116,RB,GB,post,2026-10-04T17:00Z,,"{""adp_dd_ppr"":1000.0}"
20261006T1701Z,2026,5,8117,WR,MIA,post,2026-10-04T20:05Z,0.86,"{""adp_dd_ppr"":277.0,""bonus_rec_wr"":0.33,""gp"":1.0,""pos_adp_dd_ppr"":115.0,""pts_half_ppr"":0.69,""pts_ppr"":0.86,""pts_std"":0.53,""rec"":0.33,""rec_0_4"":0.07,""rec_10_19"":0.1,""rec_20_29"":0.07,""rec_30_39"":0.03,""rec_40p"":0.03,""rec_5_9"":0.07,""rec_fd"":0.42,""rec_td"":0.02,""rec_tgt"":0.57,""rec_yd"":4.16}"
20261006T1701Z,2026,5,8119,WR,ATL,post,2026-10-06T00:15Z,3.29,"{""adp_dd_ppr"":215.0,""bonus_rec_wr"":1.19,""def_kr_yd"":12.86,""fum"":0.01,""fum_lost"":0.01,""gp"":1.0,""pos_adp_dd_ppr"":93.0,""pr"":0.88,""pr_yd"":7.38,""pts_half_ppr"":2.69,""pts_ppr"":3.29,""pts_std"":2.1,""rec"":1.19,""rec_0_4"":0.24,""rec_10_19"":0.36,""rec_20_29"":0.24,""rec_2pt"":0.01,""rec_30_39"":0.12,""rec_40p"":0.12,""rec_5_9"":0.24,""rec_fd"":1.58,""rec_td"":0.08,""rec_tgt"":2.43,""rec_yd"":15.76,""rush_att"":0.03,""rush_fd"":0.01,""rush_yd"":0.12}"
20261006T1701Z,2026,5,8121,WR,NE,post,2026-10-04T17:00Z,11.1,"{""adp_dd_ppr"":60.0,""bonus_rec_wr"":3.59,""fum"":0.04,""fum_lost"":0.02,""gp"":1.0,""pos_adp_dd_ppr"":28.0,""pr"":0.06,""pr_yd"":0.71,""pts_half_ppr"":9.31,""pts_ppr"":11.1,""pts_std"":7.51,""rec"":3.59,""rec_0_4"":0.72,""rec_10_19"":1.08,""rec_20_29"":0.72,""rec_2pt"":0.02,""rec_30_39"":0.36,""rec_40p"":0.36,""rec_5_9"":0.72,""rec_fd"":5.72,""rec_td"":0.3,""rec_tgt"":5.87,""rec_yd"":57.25}"
20261006T1701Z,2026,5,8122,RB,ARI,post,2026-10-04T17:00Z,,"{""adp_dd_ppr"":1000.0}"
20261006T1701Z,2026,5,8123,DEF,8123,,,,"{""adp_dd_ppr"":1000.0}"
20261006T1701Z,2026,5,8125,WR,NYG,post,2026-10-04T17:00Z,,"{""adp_dd_ppr"":1000.0}"
20261006T1701Z,2026,5,8126,WR,TEN,post,2026-10-04T17:00Z,9.69,"{""adp_dd_ppr"":83.0,""bonus_rec_wr"":4.05,""fum"":0.03,""fum_lost"":0.02,""gp"":1.0,""pos_adp_dd_ppr"":39.0,""pts_half_ppr"":7.67,""pts_ppr"":9.69,""pts_std"":5.65,""rec"":4.05,""rec_0_4"":0.81,""rec_10_19"":1.21,""rec_20_29"":0.81,""rec_2pt"":0.01,""rec_30_39"":0.4,""rec_40p"":0.4,""rec_5_9"":0.81,""rec_fd"":4.26,""rec_td"":0.22,""rec_tgt"":6.27,""rec_yd"":42.6,""rush_att"":0.13,""rush_fd"":0.05,""rush_yd"":0.53}"
20261006T1701Z,2026,5,8127,TE,LAC,post,2026-10-04T20:25Z,3.03,"{""adp_dd_ppr"":227.0,""bonus_rec_te"":1.33,""fum"":0.01,""fum_lost"":0.01,""gp"":1.0,""pos_adp_dd_ppr"":39.0,""pts_half_ppr"":2.37,""pts_ppr"":3.03,""pts_std"":1.7,""rec"":1.33,""rec_0_4"":0.27,""rec_10_19"":0.4,""rec_20_29"":0.27,""rec_30_39"":0.13,""rec_40p"":0.13,""rec_5_9"":0.27,""rec_fd"":1.25,""rec_td"":0.08,""rec_tgt"":1.8,""rec_yd"":12.51}"
20261006T1701Z,2026,5,8129,RB,PHI,post,2026-10-04T17:00Z,,"{""adp_dd_ppr"":1000.0}"
20261006T1701Z,2026,5,8130,TE,ARI,post,2026-10-04T17:00Z,18.09,"{""adp_dd_ppr"":7.0,""bonus_rec_te"":7.48,""fum"":0.07,""fum_lost"":0.03,""gp"":1.0,""pos_adp_dd_ppr"":1.0,""pts_half_ppr"":14.35,""pts_ppr"":18.09,""pts_std"":10.6,""rec"":7.48,""rec_0_4"":1.5,""rec_10_19"":2.25,""rec_20_29"":1.5,""rec_2pt"":0.04,""rec_30_39"":0.75,""rec_40p"":0.75,""rec_5_9"":1.5,""rec_fd"":6.55,""rec_td"":0.66,""rec_tgt"":9.5,""rec_yd"":65.49,""rush_att"":0.12,""rush_fd"":0.06,""rush_td"":0.01,""rush_yd"":0.56}"
20261006T1701Z,2026,5,8131,TE,NYG,post,2026-10-04T17:00Z,11.94,"{""adp_dd_ppr"":56.0,""bonus_rec_te"":4.37,""fum"":0.04,""fum_lost"":0.02,""gp"":1.0,""pos_adp_dd_ppr"":5.0,""pts_half_ppr"":9.75,""pts_ppr"":11.94,""pts_std"":7.57,""rec"":4.37,""rec_0_4"":0.87,""rec_10_19"":1.31,""rec_20_29"":0.87,""rec_2pt"":0.02,""rec_30_39"":0.44,""rec_40p"":0.44,""rec_5_9"":0.87,""rec_fd"":4.87,""rec_td"":0.45,""rec_tgt"":6.31,""rec_yd"":48.66}"
20261006T1701Z,2026,5,8132,RB,ARI,post,2026-10-04T17:00Z,9.17,"{""adp_dd_ppr"":115.0,""bonus_rec_rb"":2.7,""fum"":0.09,""fum_lost"":0.04,""gp"":1.0,""pos_adp_dd_ppr"":32.0,""pts_half_ppr"":7.82,""pts_ppr"":9.17,""pts_std"":6.48,""rec"":2.7,""rec_0_4"":0.54,""rec_10_19"":0.81,""rec_20_29"":0.54,""rec_2pt"":0.01,""rec_30_39"":0.27,""rec_40p"":0.27,""rec_5_9"":0.54,""rec_fd"":1.5,""rec_td"":0.11,""rec_tgt"":2.82,""rec_yd"":15.04,""rush_2pt"":0.01,""rush_40p"":0.07,""rush_att"":7.14,""rush_fd"":3.1,""rush_td"":0.21,""rush_yd"":31.04}"
20261006T1701Z,2026,5,8134,WR,BUF,post,2026-10-04T17:00Z,9.89,"{""adp_dd_ppr"":78.0,""bonus_rec_wr"":4.16,""fum"":0.04,""fum_lost"":0.02,""gp"":1.0,""pos_adp_dd_ppr"":35.0,""pr"":0.72,""pr_yd"":7.7,""pts_half_ppr"":7.81,""pts_ppr"":9.89,""pts_std"":5.73,""rec"":4.16,""rec_0_4"":0.83,""rec_10_19"":1.25,""rec_20_29"":0.83,""rec_2pt"":0.01,""rec_30_39"":0.42,""rec_40p"":0.42,""rec_5_9"":0.83,""rec_fd"":4.72,""rec_td"":0.16,""rec_tgt"":6.27,""rec_yd"":47.21,""rush_att"":0.1,""rush_fd"":0.05,""rush_yd"":0.45}"
20261006T1701Z,2026,5,8135,WR,WAS,post,2026-10-04T13:30Z,0.57,"{""adp_dd_ppr"":294.0,""bonus_rec_wr"":0.14,""def_kr_yd"":5.64,""gp"":1.0,""pos_adp_dd_ppr"":123.0,""pts_half_ppr"":0.5,""pts_ppr"":0.57,""pts_std"":0.43,""rec"":0.14,""rec_0_4"":0.03,""rec_10_19"":0.04,""rec_20_29"":0.03,""rec_30_39"":0.01,""rec_40p"":0.01,""rec_5_9"":0.03,""rec_fd"":0.17,""rec_td"":0.01,""rec_tgt"":0.3,""rec_yd"":1.68,""rush_att"":0.24,""rush_fd"":0.12,""rush_td"":0.01,""rush_yd"":1.19}"
20261006T1701Z,2026,5,8136,RB,WAS,post,2026-10-04T13:30Z,6.43,"{""adp_dd_ppr"":179.0,""bonus_rec_rb"":1.7,""def_kr_yd"":4.88,""fum"":0.06,""fum_lost"":0.03,""gp"":1.0,""pos_adp_dd_ppr"":46.0,""pts_half_ppr"":5.58,""pts_ppr"":6.43,""pts_std"":4.73,""rec"":1.7,""rec_0_4"":0.34,""rec_10_19"":0.51,""rec_20_29"":0.34,""rec_2pt"":0.01,""rec_30_39"":0.17,""rec_40p"":0.17,""rec_5_9"":0.34,""rec_fd"":0.96,""rec_td"":0.1,""rec_tgt"":1.78,""rec_yd"":9.56,""rush_2pt"":0.01,""rush_40p"":0.05,""rush_att"":5.07,""rush_fd"":2.45,""rush_td"":0.12,""rush_yd"":24.54}"
20261006T1701Z,2026,5,8137,WR,DAL,post,2026-10-04T17:00Z,13.14,"{""adp_dd_ppr"":37.0,""bonus_rec_wr"":4.51,""fum"":0.04,""fum_lost"":0.02,""gp"":1.0,""pos_adp_dd_ppr"":20.0,""pts_half_ppr"":10.88,""pts_ppr"":13.14,""pts_std"":8.63,""rec"":4.51,""rec_0_4"":0.9,""rec_10_19"":1.35,""rec_20_29"":0.9,""rec_2pt"":0.02,""rec_30_39"":0.45,""rec_40p"":0.45,""rec_5_9"":0.9,""rec_fd"":6.67,""rec_td"":0.32,""rec_tgt"":6.86,""rec_yd"":66.73,""rush_att"":0.06,""rush_fd"":0.02,""rush_yd"":0.25}"
20261006T1701Z,2026,5,8138,RB,BUF,post,2026-10-04T17:00Z,15.38,"{""adp_dd_ppr"":29.0,""bonus_rec_rb"":1.5,""fum"":0.16,""fum_lost"":0.07,""gp"":1.0,""pos_adp_dd_ppr"":11.0,""pts_half_ppr"":14.63,""pts_ppr"":15.38,""pts_std"":13.87,""rec"":1.5,""rec_0_4"":0.3,""rec_10_19"":0.45,""rec_20_29"":0.3,""rec_2pt"":0.01,""rec_30_39"":0.15,""rec_40p"":0.15,""rec_5_9"":0.3,""rec_fd"":1.04,""rec_td"":0.12,""rec_tgt"":2.19,""rec_yd"":10.4,""rush_2pt"":0.04,""rush_40p"":0.16,""rush_att"":15.55,""rush_fd"":8.8,""rush_td"":0.56,""rush_yd"":88.04}"
20261006T1701Z,2026,5,8139,RB,NO,post,2026-10-06T00:15Z,,"{""adp_dd_ppr"":1000.0}"
20261006T1701Z,2026,5,8140,DEF,8140,,,,"{""adp_dd_ppr"":1000.0}"
20261006T1701Z,2026,5,8142,WR,IND,post,2026-10-04T13:30Z,,"{""adp_dd_ppr"":1000.0}"
20261006T1701Z,2026,5,8143,DEF,8143,,,,"{""adp_dd_ppr"":1000.0}"
20261006T1701Z,2026,5,8144,WR,NO,post,2026-10-06T00:15Z,16.34,"{""adp_dd_ppr"":18.0,""bonus_rec_wr"":5.31,""fum"":0.05,""fum_lost"":0.02,""gp"":1.0,""pos_adp_dd_ppr"":9.0,""pts_half_ppr"":13.69,""pts_ppr"":16.34,""pts_std"":11.04,""rec"":5.31,""rec_0_4"":1.06,""rec_10_19"":1.59,""rec_20_29"":1.06,""rec_2pt"":0.03,""rec_30_39"":0.53,""rec_40p"":0.53,""rec_5_9"":1.06,""rec_fd"":8.07,""rec_td"":0.49,""rec_tgt"":8.83,""rec_yd"":80.69,""rush_att"":0.05,""rush_fd"":0.02,""rush_yd"":0.18}"
20261006T1701Z,2026,5,8145,TE,NYJ,post,2026-10-04T17:00Z,1.01,"{""adp_dd_ppr"":287.0,""bonus_rec_te"":0.46,""gp"":1.0,""pos_adp_dd_ppr"":69.0,""pts_half_ppr"":0.78,""pts_ppr"":1.01,""pts_std"":0.55,""rec"":0.46,""rec_0_4"":0.09,""rec_10_19"":0.14,""rec_20_29"":0.09,""rec_30_39"":0.05,""rec_40p"":0.05,""rec_5_9"":0.09,""rec_fd"":0.35,""rec_td"":0.03,""rec_tgt"":0.57,""rec_yd"":3.46}"
20261006T1701Z,2026,5,8146,WR,NYJ,post,2026-10-04T17:00Z,14.96,"{""adp_dd_ppr"":25.0,""bonus_rec_wr"":5.42,""fum"":0.05,""fum_lost"":0.02,""gp"":1.0,""pos_adp_dd_ppr"":14.0,""pts_half_ppr"":12.25,""pts_ppr"":14.96,""pts_std"":9.54,""rec"":5.42,""rec_0_4"":1.08,""rec_10_19"":1.63,""rec_20_29"":1.08,""rec_2pt"":0.03,""rec_30_39"":0.54,""rec_40p"":0.54,""rec_5_9"":1.08,""rec_fd"":6.28,""rec_td"":0.51,""rec_tgt"":8.13,""rec_yd"":62.78,""rush_att"":0.32,""rush_fd"":0.12,""rush_td"":0.01,""rush_yd"":1.16}"
20261006T1701Z,2026,5,8147,WR,CAR,post,2026-10-05T00:20Z,,"{""adp_dd_ppr"":1000.0}"
20261006T1701Z,2026,5,8148,WR,DET,post,2026-10-05T00:20Z,11.72,"{""adp_dd_ppr"":53.0,""bonus_rec_wr"":3.53,""fum"":0.04,""fum_lost"":0.02,""gp"":1.0,""pos_adp_dd_ppr"":25.0,""pts_half_ppr"":9.95,""pts_ppr"":11.72,""pts_std"":8.18,""rec"":3.53,""rec_0_4"":0.71,""rec_10_19"":1.06,""rec_20_29"":0.71,""rec_2pt"":0.02,""rec_30_39"":0.35,""rec_40p"":0.35,""rec_5_9"":0.71,""rec_fd"":5.91,""rec_td"":0.3,""rec_tgt"":5.9,""rec_yd"":59.15,""rush_40p"":0.01,""rush_att"":0.58,""rush_fd"":0.33,""rush_td"":0.02,""rush_yd"":3.27}"
20261006T1701Z,2026,5,8150,RB,LAR,post,2026-10-04T17:00Z,18.68,"{""adp_dd_ppr"":9.0,""bonus_rec_rb"":2.9,""fum"":0.18,""fum_lost"":0.08,""gp"":1.0,""pos_adp_dd_ppr"":4.0,""pr"":0.14,""pr_yd"":1.38,""pts_half_ppr"":17.23,""pts_ppr"":18.68,""pts_std"":15.78,""rec"":2.9,""rec_0_4"":0.58,""rec_10_19"":0.87,""rec_20_29"":0.58,""rec_2pt"":0.01,""rec_30_39"":0.29,""rec_40p"":0.29,""rec_5_9"":0.58,""rec_fd"":2.04,""rec_td"":0.21,""rec_tgt"":3.69,""rec_yd"":20.4,""rush_2pt"":0.04,""rush_40p"":0.17,""rush_att"":15.03,""rush_fd"":7.99,""rush_td"":0.76,""rush_yd"":79.89}"
20261006T1701Z,2026,5,8151,RB,KC,post,2026-10-04T20:25Z,,"{""adp_dd_ppr"":1000.0}"
20261006T1701Z,2026,5,8153,DEF,8153,,,,"{""adp_dd_ppr"":1000.0}"
20261006T1701Z,2026,5,8154,RB,ATL,post,2026-10-06T00:15Z,5.25,"{""adp_dd_ppr"":198.0,""bonus_rec_rb"":0.67,""def_kr_yd"":15.01,""fum"":0.06,""fum_lost"":0.03,""gp"":1.0,""pos_adp_dd_ppr"":56.0,""pts_half_ppr"":4.91,""pts_ppr"":5.25,""pts_std"":4.58,""rec"":0.67,""rec_0_4"":0.13,""rec_10_19"":0.2,""rec_20_29"":0.13,""rec_30_39"":0.07,""rec_40p"":0.07,""rec_5_9"":0.13,""rec_fd"":0.57,""rec_td"":0.04,""rec_tgt"":0.86,""rec_yd"":5.72,""rush_2pt"":0.01,""rush_40p"":0.06,""rush_att"":6.31,""rush_fd"":2.32,""rush_td"":0.25,""rush_yd"":23.17}"
20261006T1701Z,2026,5,8155,RB,NYJ,post,2026-10-04T17:00Z,13.29,"{""adp_dd_ppr"":43.0,""bonus_rec_rb"":2.48,""fum"":0.15,""fum_lost"":0.06,""gp"":1.0,""pos_adp_dd_ppr"":15.0,""pts_half_ppr"":12.05,""pts_ppr"":13.29,""pts_std"":10.81,""rec"":2.48,""rec_0_4"":0.5,""rec_10_19"":0.74,""rec_20_29"":0.5,""rec_2pt"":0.01,""rec_30_39"":0.25,""rec_40p"":0.25,""rec_5_9"":0.5,""rec_fd"":1.94,""rec_td"":0.1,""rec_tgt"":2.74,""rec_yd"":19.45,""rush_2pt"":0.02,""rush_40p"":0.14,""rush_att"":14.45,""rush_fd"":6.05,""rush_td"":0.39,""rush_yd"":60.47}"
20261006T1701Z,2026,5,8157,DEF,8157,,,,"{""adp_dd_ppr"":1000.0}"
20261006T1701Z,2026,5,8159,DEF,8159,,,,"{""adp_dd_ppr"":1000.0}"
20261006T1701Z,2026,5,8160,QB,CAR,post,2026-10-05T00:20Z,,"{""adp_dd_ppr"":1000.0}"
20261006T1701Z,2026,5,8161,QB,MIA,post,2026-10-04T20:05Z,14.92,"{""adp_dd_ppr"":140.0,""bonus_rush_td_qb"":0.31,""cmp_pct"":63.93,""fum"":0.32,""fum_lost"":0.14,""gp"":1.0,""pass_2pt"":0.04,""pass_att"":28.36,""pass_cmp"":18.13,""pass_cmp_40p"":0.33,""pass_fd"":21.18,""pass_inc"":10.23,""pass_int"":0.81,""pass_sack"":2.07,""pass_td"":0.67,""pass_yd"":211.83,""pos_adp_dd_ppr"":21.0,""pts_half_ppr"":14.92,""pts_ppr"":14.92,""pts_std"":14.92,""rush_2pt"":0.02,""rush_40p"":0.05,""rush_att"":5.39,""rush_fd"":2.86,""rush_td"":0.31,""rush_yd"":28.62}"
20261006T1701Z,2026,5,8162,QB,DAL,post,2026-10-04T17:00Z,,"{""adp_dd_ppr"":1000.0}"
20261006T1701Z,2026,5,8164,DEF,8164,,,,"{""adp_dd_ppr"":1000.0}"
20261006T1701Z,2026,5,8167,WR,GB,post,2026-10-04T17:00Z,15.28,"{""adp_dd_ppr"":22.0,""bonus_rec_wr"":4.0,""fum"":0.04,""fum_lost"":0.02,""gp"":1.0,""pos_adp_dd_ppr"":13.0,""pts_half_ppr"":13.27,""pts_ppr"":15.28,""pts_std"":11.27,""rec"":4.0,""rec_0_4"":0.8,""rec_10_19"":1.2,""rec_20_29"":0.8,""rec_2pt"":0.04,""rec_30_39"":0.4,""rec_40p"":0.4,""rec_5_9"":0.8,""rec_fd"":7.4,""rec_td"":0.62,""rec_tgt"":7.18,""rec_yd"":74.02,""rush_att"":0.1,""rush_fd"":0.06,""rush_yd"":0.59}"
20261006T1701Z,2026,5,8168,WR,GB,post,2026-10-04T17:00Z,3.87,"{""adp_dd_ppr"":203.0,""bonus_rec_wr"":1.46,""def_kr_yd"":47.46,""fum"":0.03,""fum_lost"":0.01,""gp"":1.0,""pos_adp_dd_ppr"":83.0,""pr"":1.22,""pr_yd"":10.95,""pts_half_ppr"":3.14,""pts_ppr"":3.87,""pts_std"":2.41,""rec"":1.46,""rec_0_4"":0.29,""rec_10_19"":0.44,""rec_20_29"":0.29,""rec_30_39"":0.15,""rec_40p"":0.15,""rec_5_9"":0.29,""rec_fd"":1.89,""rec_td"":0.06,""rec_tgt"":2.84,""rec_yd"":18.89,""rush_40p"":0.02,""rush_att"":0.26,""rush_fd"":0.15,""rush_td"":0.01,""rush_yd"":1.47}"
20261006T1701Z,2026,5,8170,TE,DAL,post,2026-10-04T17:00Z,,"{""adp_dd_ppr"":1000.0}"
20261006T1701Z,2026,5,8171,DEF,8171,,,,"{""adp_dd_ppr"":1000.0}"
20261006T1701Z,2026,5,8172,TE,MIA,post,2026-10-04T20:05Z,6.54,"{""adp_dd_ppr"":164.0,""bonus_rec_te"":2.75,""fum"":0.02,""fum_lost"":0.01,""gp"":1.0,""pos_adp_dd_ppr"":28.0,""pts_half_ppr"":5.16,""pts_ppr"":6.54,""pts_std"":3.79,""rec"":2.75,""rec_0_4"":0.55,""rec_10_19"":0.82,""rec_20_29"":0.55,""rec_2pt"":0.01,""rec_30_39"":0.27,""rec_40p"":0.27,""rec_5_9"":0.55,""rec_fd"":3.11,""rec_td"":0.11,""rec_tgt"":3.69,""rec_yd"":31.13}"
20261006T1701Z,2026,5,8177,TE,PHI,post,2026-10-04T17:00Z,,"{""adp_dd_ppr"":1000.0}"
20261006T1701Z,2026,5,8180,WR,LV,post,2026-10-04T20:25Z,4.51,"{""adp_dd_ppr"":192.0,""bonus_rec_wr"":1.54,""fum"":0.01,""fum_lost"":0.01,""gp"":1.0,""pos_adp_dd_ppr"":80.0,""pts_half_ppr"":3.74,""pts_ppr"":4.51,""pts_std"":2.97,""rec"":1.54,""rec_0_4"":0.31,""rec_10_19"":0.46,""rec_20_29"":0.31,""rec_2pt"":0.01,""rec_30_39"":0.15,""rec_40p"":0.15,""rec_5_9"":0.31,""rec_fd"":1.95,""rec_td"":0.14,""rec_tgt"":2.92,""rec_yd"":19.52,""rush_att"":0.25,""rush_fd"":0.1,""rush_td"":0.01,""rush_yd"":0.97}"
20261006T1701Z,2026,5,8183,QB,SF,post,2026-10-04T20:25Z,17.43,"{""adp_dd_ppr"":79.0,""bonus_rush_td_qb"":0.15,""cmp_pct"":66.11,""fum"":0.41,""fum_lost"":0.18,""gp"":1.0,""pass_2pt"":0.13,""pass_att"":32.4,""pass_cmp"":21.42,""pass_cmp_40p"":0.43,""pass_fd"":24.11,""pass_inc"":10.98,""pass_int"":1.08,""pass_sack"":2.56,""pass_td"":1.59,""pass_yd"":241.08,""pos_adp_dd_ppr"":10.0,""pts_half_ppr"":17.43,""pts_ppr"":17.43,""pts_std"":17.43,""rush_2pt"":0.01,""rush_40p"":0.04,""rush_att"":3.8,""rush_fd"":1.72,""rush_td"":0.15,""rush_yd"":17.22}"
20261006T1701Z,2026,5,8188,WR,KC,post,2026-10-04T20:25Z,,"{""adp_dd_ppr"":1000.0}"
20261006T1701Z,2026,5,8197,DEF,8197,,,,"{""adp_dd_ppr"":1000.0}"
20261006T1701Z,2026,5,8200,WR,NO,post,2026-10-06T00:15Z,0.09,"{""adp_dd_ppr"":340.0,""bonus_rec_wr"":0.04,""def_kr_yd"":1.35,""gp"":1.0,""pos_adp_dd_ppr"":152.0,""pts_half_ppr"":0.08,""pts_ppr"":0.09,""pts_std"":0.06,""rec"":0.04,""rec_0_4"":0.01,""rec_10_19"":0.01,""rec_20_29"":0.01,""rec_5_9"":0.01,""rec_fd"":0.04,""rec_tgt"":0.07,""rec_yd"":0.41}"
20261006T1701Z,2026,5,8202,DEF,8202,,,,"{""adp_dd_ppr"":1000.0}"
20261006T1701Z,2026,5,8204,WR,GB,post,2026-10-04T17:00Z,0.44,"{""adp_dd_ppr"":304.0,""bonus_rec_wr"":0.09,""def_kr_yd"":31.64,""gp"":1.0,""pos_adp_dd_ppr"":129.0,""pts_half_ppr"":0.4,""pts_ppr"":0.44,""pts_std"":0.35,""rec"":0.09,""rec_0_4"":0.02,""rec_10_19"":0.03,""rec_20_29"":0.02,""rec_30_39"":0.01,""rec_40p"":0.01,""rec_5_9"":0.02,""rec_fd"":0.16,""rec_td"":0.01,""rec_tgt"":0.23,""rec_yd"":1.65,""rush_att"":0.18,""rush_fd"":0.1,""rush_td"":0.01,""rush_yd"":1.04}"
20261006T1701Z,2026,5,8205,RB,DET,post,2026-10-05T00:20Z,,"{""adp_dd_ppr"":1000.0}"
20261006T1701Z,2026,5,8206,QB,BAL,post,2026-10-04T17:00Z,,"{""adp_dd_ppr"":1000.0}"
20261006T1701Z,2026,5,8207,RB,DAL,post,2026-10-04T17:00Z,4.01,"{""adp_dd_ppr"":221.0,""bonus_rec_rb"":0.85,""def_kr_yd"":6.8,""fum"":0.05,""fum_lost"":0.02,""gp"":1.0,""pos_adp_dd_ppr"":60.0,""pts_half_ppr"":3.59,""pts_ppr"":4.01,""pts_std"":3.16,""rec"":0.85,""rec_0_4"":0.17,""rec_10_19"":0.26,""rec_20_29"":0.17,""rec_30_39"":0.09,""rec_40p"":0.09,""rec_5_9"":0.17,""rec_fd"":0.55,""rec_td"":0.05,""rec_tgt"":1.01,""rec_yd"":5.46,""rush_2pt"":0.01,""rush_40p"":0.05,""rush_att"":4.34,""rush_fd"":1.8,""rush_td"":0.09,""rush_yd"":18.05}"
20261006T1701Z,2026,5,8208,RB,DEN,post,2026-10-04T20:25Z,3.31,"{""adp_dd_ppr"":238.0,""bonus_rec_rb"":1.23,""def_kr_yd"":16.32,""fum"":0.02,""fum_lost"":0.01,""gp"":1.0,""pos_adp_dd_ppr"":61.0,""pts_half_ppr"":2.7,""pts_ppr"":3.31,""pts_std"":2.09,""rec"":1.23,""rec_0_4"":0.25,""rec_10_19"":0.37,""rec_20_29"":0.25,""rec_30_39"":0.12,""rec_40p"":0.12,""rec_5_9"":0.25,""rec_fd"":1.08,""rec_td"":0.07,""rec_tgt"":1.66,""rec_yd"":10.83,""rush_40p"":0.01,""rush_att"":0.99,""rush_fd"":0.4,""rush_td"":0.03,""rush_yd"":4.05}"
20261006T1701Z,2026,5,8210,TE,WAS,post,2026-10-04T13:30Z,7.59,"{""adp_dd_ppr"":142.0,""bonus_rec_te"":3.19,""fum"":0.03,""fum_lost"":0.01,""gp"":1.0,""pos_adp_dd_ppr"":26.0,""pts_half_ppr"":5.99,""pts_ppr"":7.59,""pts_std"":4.4,""rec"":3.19,""rec_0_4"":0.64,""rec_10_19"":0.96,""rec_20_29"":0.64,""rec_2pt"":0.02,""rec_30_39"":0.32,""rec_40p"":0.32,""rec_5_9"":0.64,""rec_fd"":2.67,""rec_td"":0.29,""rec_tgt"":4.57,""rec_yd"":26.67}"
20261006T1701Z,2026,5,8211,DEF,8211,,,,"{""adp_dd_ppr"":1000.0}"
20261006T1701Z,2026,5,8214,TE,MIA,post,2026-10-04T20:05Z,,"{""adp_dd_ppr"":1000.0}"
20261006T1701Z,2026,5,8219,TE,NYJ,post,2026-10-04T17:00Z,0.2,"{""adp_dd_ppr"":353.0,""bonus_rec_te"":0.08,""gp"":1.0,""pos_adp_dd_ppr"":94.0,""pts_half_ppr"":0.16,""pts_ppr"":0.2,""pts_std"":0.12,""rec"":0.08,""rec_0_4"":0.02,""rec_10_19"":0.02,""rec_20_29"":0.02,""rec_30_39"":0.01,""rec_40p"":0.01,""rec_5_9"":0.02,""rec_fd"":0.08,""rec_td"":0.01,""rec_tgt"":0.11,""rec_yd"":0.83}"
20261006T1701Z,2026,5,8220,RB,SF,post,2026-10-04T20:25Z,,"{""adp_dd_ppr"":1000.0}"
20261006T1701Z,2026,5,8221,DEF,8221,,,,"{""adp_dd_ppr"":1000.0}"
20261006T1701Z,2026,5,8225,TE,TEN,post,2026-10-04T17:00Z,2.01,"{""adp_dd_ppr"":251.0,""bonus_rec_te"":0.87,""fum"":0.01,""gp"":1.0,""pos_adp_dd_ppr"":47.0,""pts_half_ppr"":1.58,""pts_ppr"":2.01,""pts_std"":1.14,""rec"":0.87,""rec_0_4"":0.17,""rec_10_19"":0.26,""rec_20_29"":0.17,""rec_30_39"":0.09,""rec_40p"":0.09,""rec_5_9"":0.17,""rec_fd"":0.88,""rec_td"":0.04,""rec_tgt"":1.08,""rec_yd"":8.81}"
20261006T1701Z,2026,5,8228,RB,PIT,post,2026-10-02T00:15Z,15.07,"{""adp_dd_ppr"":30.0,""bonus_rec_rb"":3.06,""def_kr_yd"":2.72,""fum"":0.15,""fum_lost"":0.07,""gp"":1.0,""pos_adp_dd_ppr"":12.0,""pts_half_ppr"":13.54,""pts_ppr"":15.07,""pts_std"":12.01,""rec"":3.06,""rec_0_4"":0.61,""rec_10_19"":0.92,""rec_20_29"":0.61,""rec_2pt"":0.01,""rec_30_39"":0.31,""rec_40p"":0.31,""rec_5_9"":0.61,""rec_fd"":2.62,""rec_td"":0.08,""rec_tgt"":3.65,""rec_yd"":26.18,""rush_2pt"":0.01,""rush_40p"":0.14,""rush_att"":13.49,""rush_fd"":6.98,""rush_td"":0.34,""rush_yd"":69.82}"
20261006T1701Z,2026,5,8230,RB,NO,post,2026-10-06T00:15Z,,"{""adp_dd_ppr"":1000.0}"
20261006T1701Z,2026,5,8235,DEF,8235,,,,"{""adp_dd_ppr"":1000.0}"
20261006T1701Z,2026,5,8249,TE,DEN,post,2026-10-04T20:25Z,,"{""adp_dd_ppr"":1000.0}"
20261006T1701Z,2026,5,8254,RB,TEN,post,2026-10-04T17:00Z,0.26,"{""adp_dd_ppr"":370.0,""bonus_rec_rb"":0.07,""def_kr_yd"":8.55,""gp"":1.0,""pos_adp_dd_ppr"":86.0,""pts_half_ppr"":0.22,""pts_ppr"":0.26,""pts_std"":0.19,""rec"":0.07,""rec_0_4"":0.01,""rec_10_19"":0.02,""rec_20_29"":0.01,""rec_30_39"":0.01,""rec_40p"":0.01,""rec_5_9"":0.01,""rec_fd"":0.06,""rec_tgt"":0.1,""rec_yd"":0.59,""rush_att"":0.24,""rush_fd"":0.08,""rush_yd"":0.8}"
20261006T1701Z,2026,5,8258,DEF,8258,,,,"{""adp_dd_ppr"":1000.0}"
20261006T1701Z,2026,5,8259,K,LAC,post,2026-10-04T20:25Z,7.02,"{""adp_dd_ppr"":999.0,""fga"":1.88,""fgm"":1.62,""fgm_20_29"":0.3,""fgm_30_39"":0.43,""fgm_40_49"":0.38,""fgm_50p"":0.26,""fgm_yds"":56.93,""fgmiss_30_39"":0.03,""fgmiss_40_49"":0.03,""fgmiss_50p"":0.1,""gp"":1.0,""pos_adp_dd_ppr"":999.0,""pts_half_ppr"":7.02,""pts_ppr"":7.02,""pts_std"":7.02,""xpa"":2.23,""xpm"":2.13,""xpmiss"":0.1}"
20261006T1701Z,2026,5,827,QB,GB,post,2026-10-04T17:00Z,,"{""adp_dd_ppr"":1000.0}"
20261006T1701Z,2026,5,829,QB,PHI,post,2026-10-04T17:00Z,,"{""adp_dd_ppr"":1000.0}"
20261006T1701Z,2026,5,8408,RB,MIN,post,2026-10-04T20:05Z,,"{""adp_dd_ppr"":1000.0}"
20261006T1701Z,2026,5,8670,DEF,8670,,,,"{""adp_dd_ppr"":1000.0}"
20261006T1701Z,2026,5,8676,WR,SEA,post,2026-10-04T20:25Z,6.79,"{""adp_dd_ppr"":151.0,""bonus_rec_wr"":2.23,""def_kr_td"":0.06,""def_kr_yd"":57.31,""fum"":0.03,""fum_lost"":0.01,""gp"":1.0,""pos_adp_dd_ppr"":60.0,""pr"":1.04,""pr_yd"":11.24,""pts_half_ppr"":5.67,""pts_ppr"":6.79,""pts_std"":4.56,""rec"":2.23,""rec_0_4"":0.45,""rec_10_19"":0.67,""rec_20_29"":0.45,""rec_2pt"":0.01,""rec_30_39"":0.22,""rec_40p"":0.22,""rec_5_9"":0.45,""rec_fd"":3.03,""rec_td"":0.15,""rec_tgt"":4.11,""rec_yd"":30.27,""rush_40p"":0.01,""rush_att"":0.68,""rush_fd"":0.44,""rush_td"":0.04,""rush_yd"":4.35}"
20261006T1701Z,2026,5,8698,TE,SF,post,2026-10-04T20:25Z,,"{""adp_dd_ppr"":1000.0}"
20261006T1701Z,2026,5,8745,DEF,8745,,,,"{""adp_dd_ppr"":1000.0}"
20261006T1701Z,2026,5,8800,RB,DAL,post,2026-10-04T17:00Z,,"{""adp_dd_ppr"":1000.0}"
20261006T1701Z,2026,5,8917,WR,DAL,post,2026-10-04T17:00Z,2.5,"{""adp_dd_ppr"":233.0,""bonus_rec_wr"":0.64,""def_kr_td"":0.07,""def_kr_yd"":91.79,""fum"":0.01,""fum_lost"":0.01,""gp"":1.0,""pos_adp_dd_ppr"":103.0,""pr"":0.82,""pr_yd"":8.16,""pts_half_ppr"":2.18,""pts_ppr"":2.5,""pts_std"":1.86,""rec"":0.64,""rec_0_4"":0.13,""rec_10_19"":0.19,""rec_20_29"":0.13,""rec_30_39"":0.06,""rec_40p"":0.06,""rec_5_9"":0.13,""rec_fd"":0.98,""rec_td"":0.07,""rec_tgt"":1.04,""rec_yd"":9.85,""rush_40p"":0.01,""rush_att"":0.6,""rush_fd"":0.33,""rush_td"":0.03,""rush_yd"":3.26}"
20261006T1701Z,2026,5,8932,DEF,8932,,,,"{""adp_dd_ppr"":1000.0}"
20261006T1701Z,2026,5,9220,RB,ARI,post,2026-10-04T17:00Z,,"{""adp_dd_ppr"":1000.0}"
20261006T1701Z,2026,5,9221,RB,DET,post,2026-10-05T00:20Z,25.53,"{""adp_dd_ppr"":1.0,""bonus_rec_rb"":5.0,""fum"":0.25,""fum_lost"":0.11,""gp"":1.0,""pos_adp_dd_ppr"":1.0,""pts_half_ppr"":23.03,""pts_ppr"":25.53,""pts_std"":20.53,""rec"":5.0,""rec_0_4"":1.0,""rec_10_19"":1.5,""rec_20_29"":1.0,""rec_2pt"":0.02,""rec_30_39"":0.5,""rec_40p"":0.5,""rec_5_9"":1.0,""rec_fd"":3.96,""rec_td"":0.42,""rec_tgt"":6.04,""rec_yd"":39.57,""rush_2pt"":0.06,""rush_40p"":0.22,""rush_att"":19.66,""rush_fd"":9.46,""rush_td"":0.77,""rush_yd"":94.6}"
20261006T1701Z,2026,5,9222,DEF,9222,,,,"{""adp_dd_ppr"":1000.0}"
20261006T1701Z,2026,5,9224,RB,CIN,post,2026-10-04T17:00Z,17.57,"{""adp_dd_ppr"":17.0,""bonus_rec_rb"":4.01,""fum"":0.18,""fum_lost"":0.08,""gp"":1.0,""pos_adp_dd_ppr"":8.0,""pts_half_ppr"":15.56,""pts_ppr"":17.57,""pts_std"":13.55,""rec"":4.01,""rec_0_4"":0.8,""rec_10_19"":1.2,""rec_20_29"":0.8,""rec_2pt"":0.02,""rec_30_39"":0.4,""rec_40p"":0.4,""rec_5_9"":0.8,""rec_fd"":2.43,""rec_td"":0.26,""rec_tgt"":4.26,""rec_yd"":24.33,""rush_2pt"":0.03,""rush_40p"":0.17,""rush_att"":16.42,""rush_fd"":6.82,""rush_td"":0.47,""rush_yd"":68.21}"
20261006T1701Z,2026,5,9225,RB,PHI,post,2026-10-04T17:00Z,,"{""adp_dd_ppr"":1000.0}"
20261006T1701Z,2026,5,9226,RB,MIA,post,2026-10-04T20:05Z,,"{""adp_dd_ppr"":1000.0}"
20261006T1701Z,2026,5,9227,RB,DAL,post,2026-10-04T17:00Z,,"{""adp_dd_ppr"":1000.0}"
20261006T1701Z,2026,5,9228,QB,CAR,post,2026-10-05T00:20Z,,"{""adp_dd_ppr"":1000.0}"
20261006T1701Z,2026,5,9229,QB,IND,post,2026-10-04T13:30Z,,"{""adp_dd_ppr"":1000.0}"
20261006T1701Z,2026,5,9230,QB,PHI,post,2026-10-04T17:00Z,,"{""adp_dd_ppr"":1000.0}"
20261006T1701Z,2026,5,9231,DEF,9231,,,,"{""adp_dd_ppr"":1000.0}"
20261006T1701Z,2026,5,9479,TE,PIT,post,2026-10-02T00:15Z,6.17,"{""adp_dd_ppr"":171.0,""bonus_rec_te"":2.47,""fum"":0.02,""fum_lost"":0.01,""gp"":1.0,""pos_adp_dd_ppr"":29.0,""pts_half_ppr"":4.93,""pts_ppr"":6.17,""pts_std"":3.7,""rec"":2.47,""rec_0_4"":0.49,""rec_10_19"":0.74,""rec_20_29"":0.49,""rec_2pt"":0.01,""rec_30_39"":0.25,""rec_40p"":0.25,""rec_5_9"":0.49,""rec_fd"":2.98,""rec_td"":0.12,""rec_tgt"":3.37,""rec_yd"":29.79}"
20261006T1701Z,2026,5,9480,TE,JAX,post,2026-10-04T17:00Z,9.69,"{""adp_dd_ppr"":89.0,""bonus_rec_te"":3.79,""fum"":0.04,""fum_lost"":0.02,""gp"":1.0,""pos_adp_dd_ppr"":13.0,""pts_half_ppr"":7.8,""pts_ppr"":9.69,""pts_std"":5.9,""rec"":3.79,""rec_0_4"":0.76,""rec_10_19"":1.14,""rec_20_29"":0.76,""rec_2pt"":0.02,""rec_30_39"":0.38,""rec_40p"":0.38,""rec_5_9"":0.76,""rec_fd"":4.03,""rec_td"":0.31,""rec_tgt"":5.12,""rec_yd"":40.27}"
20261006T1701Z,2026,5,9481,TE,GB,post,2026-10-04T17:00Z,,"{""adp_dd_ppr"":1000.0}"
20261006T1701Z,2026,5,9482,TE,LV,post,2026-10-04T20:25Z,6.81,"{""adp_dd_ppr"":157.0,""bonus_rec_te"":3.31,""fum"":0.03,""fum_lost"":0.01,""gp"":1.0,""pos_adp_dd_ppr"":27.0,""pts_half_ppr"":5.16,""pts_ppr"":6.81,""pts_std"":3.5,""rec"":3.31,""rec_0_4"":0.66,""rec_10_19"":0.99,""rec_20_29"":0.66,""rec_2pt"":0.01,""rec_30_39"":0.33,""rec_40p"":0.33,""rec_5_9"":0.66,""rec_fd"":2.73,""rec_td"":0.13,""rec_tgt"":4.38,""rec_yd"":27.31}"
20261006T1701Z,2026,5,9483,DEF,9483,,,,"{""adp_dd_ppr"":1000.0}"
20261006T1701Z,2026,5,9484,TE,GB,post,2026-10-04T17:00Z,10.77,"{""adp_dd_ppr"":70.0,""bonus_rec_te"":3.93,""fum"":0.03,""fum_lost"":0.02,""gp"":1.0,""pos_adp_dd_ppr"":8.0,""pts_half_ppr"":8.81,""pts_ppr"":10.77,""pts_std"":6.84,""rec"":3.93,""rec_0_4"":0.79,""rec_10_19"":1.18,""rec_20_29"":0.79,""rec_2pt"":0.02,""rec_30_39"":0.39,""rec_40p"":0.39,""rec_5_9"":0.79,""rec_fd"":5.06,""rec_td"":0.3,""rec_tgt"":5.96,""rec_yd"":50.58}"
20261006T1701Z,2026,5,9486,WR,PHI,post,2026-10-04T17:00Z,7.69,"{""adp_dd_ppr"":133.0,""bonus_rec_wr"":2.76,""fum"":0.02,""fum_lost"":0.01,""gp"":1.0,""pos_adp_dd_ppr"":54.0,""pts_half_ppr"":6.3,""pts_ppr"":7.69,""pts_std"":4.92,""rec"":2.76,""rec_0_4"":0.55,""rec_10_19"":0.83,""rec_20_29"":0.55,""rec_2pt"":0.01,""rec_30_39"":0.28,""rec_40p"":0.28,""rec_5_9"":0.55,""rec_fd"":3.72,""rec_td"":0.19,""rec_tgt"":4.4,""rec_yd"":37.25,""rush_att"":0.04,""rush_fd"":0.02,""rush_yd"":0.17}"
20261006T1701Z,2026,5,9487,WR,JAX,post,2026-10-04T17:00Z,14.05,"{""adp_dd_ppr"":31.0,""bonus_rec_wr"":4.46,""def_kr_yd"":5.82,""fum"":0.05,""fum_lost"":0.02,""gp"":1.0,""pos_adp_dd_ppr"":16.0,""pr"":1.62,""pr_td"":0.06,""pr_yd"":17.27,""pts_half_ppr"":11.82,""pts_ppr"":14.05,""pts_std"":9.59,""rec"":4.46,""rec_0_4"":0.89,""rec_10_19"":1.34,""rec_20_29"":0.89,""rec_2pt"":0.03,""rec_30_39"":0.45,""rec_40p"":0.45,""rec_5_9"":0.89,""rec_fd"":6.83,""rec_td"":0.42,""rec_tgt"":7.39,""rec_yd"":68.35,""rush_40p"":0.01,""rush_att"":0.52,""rush_fd"":0.13,""rush_td"":0.01,""rush_yd"":1.35}"
20261006T1701Z,2026,5,9488,WR,SEA,post,2026-10-04T20:25Z,23.11,"{""adp_dd_ppr"":3.0,""bonus_rec_wr"":6.73,""fum"":0.07,""fum_lost"":0.03,""gp"":1.0,""pos_adp_dd_ppr"":1.0,""pts_half_ppr"":19.75,""pts_ppr"":23.11,""pts_std"":16.39,""rec"":6.73,""rec_0_4"":1.35,""rec_10_19"":2.02,""rec_20_29"":1.35,""rec_2pt"":0.05,""rec_30_39"":0.67,""rec_40p"":0.67,""rec_5_9"":1.35,""rec_fd"":9.88,""rec_td"":1.03,""rec_tgt"":9.63,""rec_yd"":98.76,""rush_40p"":0.01,""rush_att"":0.46,""rush_fd"":0.2,""rush_td"":0.02,""rush_yd"":2.02}"
20261006T1701Z,2026,5,9489,DEF,9489,,,,"{""adp_dd_ppr"":1000.0}"
20261006T1701Z,2026,5,9490,WR,LV,post,2026-10-04T20:25Z,,"{""adp_dd_ppr"":1000.0}"
20261006T1701Z,2026,5,9492,WR,NO,post,2026-10-06T00:15Z,,"{""adp_dd_ppr"":1000.0}"
20261006T1701Z,2026,5,9493,WR,LAR,post,2026-10-04T17:00Z,20.6,"{""adp_dd_ppr"":5.0,""bonus_rec_wr"":6.49,""fum"":0.08,""fum_lost"":0.03,""gp"":1.0,""pos_adp_dd_ppr"":3.0,""pts_half_ppr"":17.35,""pts_ppr"":20.6,""pts_std"":14.11,""rec"":6.49,""rec_0_4"":1.3,""rec_10_19"":1.95,""rec_20_29"":1.3,""rec_2pt"":0.04,""rec_30_39"":0.65,""rec_40p"":0.65,""rec_5_9"":1.3,""rec_fd"":9.67,""rec_td"":0.67,""rec_tgt"":10.09,""rec_yd"":96.67,""rush_40p"":0.01,""rush_att"":0.41,""rush_fd"":0.27,""rush_td"":0.03,""rush_yd"":2.74}"
20261006T1701Z,2026,5,9494,WR,DEN,post,2026-10-04T20:25Z,3.66,"{""adp_dd_ppr"":207.0,""bonus_rec_wr"":1.29,""def_kr_yd"":42.06,""fum"":0.02,""fum_lost"":0.01,""gp"":1.0,""pos_adp_dd_ppr"":87.0,""pr"":1.57,""pr_td"":0.06,""pr_yd"":16.64,""pts_half_ppr"":3.01,""pts_ppr"":3.66,""pts_std"":2.37,""rec"":1.29,""rec_0_4"":0.26,""rec_10_19"":0.39,""rec_20_29"":0.26,""rec_2pt"":0.01,""rec_30_39"":0.13,""rec_40p"":0.13,""rec_5_9"":0.26,""rec_fd"":1.51,""rec_td"":0.09,""rec_tgt"":1.99,""rec_yd"":15.06,""rush_40p"":0.01,""rush_att"":0.46,""rush_fd"":0.19,""rush_td"":0.02,""rush_yd"":1.93}"
20261006T1701Z,2026,5,9495,DEF,9495,,,,"{""adp_dd_ppr"":1000.0}"
20261006T1701Z,2026,5,9497,WR,NYG,post,2026-10-04T17:00Z,,"{""adp_dd_ppr"":1000.0}"
20261006T1701Z,2026,5,9499,DEF,9499,,,,"{""adp_dd_ppr"":1000.0}"
20261006T1701Z,2026,5,9500,WR,IND,post,2026-10-04T13:30Z,10.69,"{""adp_dd_ppr"":65.0,""bonus_rec_wr"":4.0,""fum"":0.04,""fum_lost"":0.02,""gp"":1.0,""pos_adp_dd_ppr"":30.0,""pr"":0.55,""pr_yd"":5.21,""pts_half_ppr"":8.69,""pts_ppr"":10.69,""pts_std"":6.69,""rec"":4.0,""rec_0_4"":0.8,""rec_10_19"":1.2,""rec_20_29"":0.8,""rec_2pt"":0.01,""rec_30_39"":0.4,""rec_40p"":0.4,""rec_5_9"":0.8,""rec_fd"":5.17,""rec_td"":0.25,""rec_tgt"":6.5,""rec_yd"":51.72,""rush_att"":0.11,""rush_fd"":0.03,""rush_yd"":0.35}"
20261006T1701Z,2026,5,9501,WR,NE,post,2026-10-04T17:00Z,3.88,"{""adp_dd_ppr"":202.0,""bonus_rec_wr"":1.44,""fum"":0.02,""fum_lost"":0.01,""gp"":1.0,""pos_adp_dd_ppr"":82.0,""pts_half_ppr"":3.16,""pts_ppr"":3.88,""pts_std"":2.44,""rec"":1.44,""rec_0_4"":0.29,""rec_10_19"":0.43,""rec_20_29"":0.29,""rec_30_39"":0.14,""rec_40p"":0.14,""rec_5_9"":0.29,""rec_fd"":1.81,""rec_td"":0.07,""rec_tgt"":2.47,""rec_yd"":18.07,""rush_att"":0.37,""rush_fd"":0.16,""rush_td"":0.01,""rush_yd"":1.59}"
20261006T1701Z,2026,5,9502,WR,HOU,post,2026-10-04T17:00Z,,"{""adp_dd_ppr"":1000.0}"
20261006T1701Z,2026,5,9504,WR,HOU,post,2026-10-04T17:00Z,5.87,"{""adp_dd_ppr"":170.0,""bonus_rec_wr"":2.16,""fum"":0.02,""fum_lost"":0.01,""gp"":1.0,""pos_adp_dd_ppr"":72.0,""pts_half_ppr"":4.79,""pts_ppr"":5.87,""pts_std"":3.71,""rec"":2.16,""rec_0_4"":0.43,""rec_10_19"":0.65,""rec_20_29"":0.43,""rec_2pt"":0.01,""rec_30_39"":0.22,""rec_40p"":0.22,""rec_5_9"":0.43,""rec_fd"":2.97,""rec_td"":0.12,""rec_tgt"":3.29,""rec_yd"":29.73}"
20261006T1701Z,2026,5,9505,DEF,9505,,,,"{""adp_dd_ppr"":1000.0}"
20261006T1701Z,2026,5,9506,RB,TB,post,2026-10-04T17:00Z,1.14,"{""adp_dd_ppr"":332.0,""bonus_rec_rb"":0.13,""def_kr_yd"":23.27,""fum"":0.01,""gp"":1.0,""pos_adp_dd_ppr"":73.0,""pts_half_ppr"":1.07,""pts_ppr"":1.14,""pts_std"":1.01,""rec"":0.13,""rec_0_4"":0.03,""rec_10_19"":0.04,""rec_20_29"":0.03,""rec_30_39"":0.01,""rec_40p"":0.01,""rec_5_9"":0.03,""rec_fd"":0.13,""rec_td"":0.02,""rec_tgt"":0.21,""rec_yd"":1.3,""rush_40p"":0.01,""rush_att"":1.03,""rush_fd"":0.43,""rush_td"":0.06,""rush_yd"":4.34}"
20261006T1701Z,2026,5,9508,RB,TEN,post,2026-10-04T17:00Z,7.23,"{""adp_dd_ppr"":165.0,""bonus_rec_rb"":2.18,""def_kr_yd"":3.95,""fum"":0.06,""fum_lost"":0.03,""gp"":1.0,""pos_adp_dd_ppr"":41.0,""pts_half_ppr"":6.14,""pts_ppr"":7.23,""pts_std"":5.05,""rec"":2.18,""rec_0_4"":0.44,""rec_10_19"":0.65,""rec_20_29"":0.44,""rec_30_39"":0.22,""rec_40p"":0.22,""rec_5_9"":0.44,""rec_fd"":1.5,""rec_td"":0.06,""rec_tgt"":2.5,""rec_yd"":14.97,""rush_2pt"":0.01,""rush_40p"":0.05,""rush_att"":6.11,""rush_fd"":2.13,""rush_td"":0.18,""rush_yd"":21.34}"
20261006T1701Z,2026,5,9509,RB,ATL,post,2026-10-06T00:15Z,24.24,"{""adp_dd_ppr"":2.0,""bonus_rec_rb"":4.19,""fum"":0.22,""fum_lost"":0.1,""gp"":1.0,""pos_adp_dd_ppr"":2.0,""pts_half_ppr"":22.14,""pts_ppr"":24.24,""pts_std"":20.05,""rec"":4.19,""rec_0_4"":0.84,""rec_10_19"":1.26,""rec_20_29"":0.84,""rec_2pt"":0.01,""rec_30_39"":0.42,""rec_40p"":0.42,""rec_5_9"":0.84,""rec_fd"":3.64,""rec_td"":0.25,""rec_tgt"":5.11,""rec_yd"":36.4,""rush_2pt"":0.04,""rush_40p"":0.21,""rush_att"":20.75,""rush_fd"":9.62,""rush_td"":0.9,""rush_yd"":96.19}"
20261006T1701Z,2026,5,9511,RB,LAC,post,2026-10-04T20:25Z,9.42,"{""adp_dd_ppr"":110.0,""bonus_rec_rb"":1.71,""def_kr_yd"":22.75,""fum"":0.09,""fum_lost"":0.04,""gp"":1.0,""pos_adp_dd_ppr"":30.0,""pts_half_ppr"":8.57,""pts_ppr"":9.42,""pts_std"":7.71,""rec"":1.71,""rec_0_4"":0.34,""rec_10_19"":0.51,""rec_20_29"":0.34,""rec_2pt"":0.01,""rec_30_39"":0.17,""rec_40p"":0.17,""rec_5_9"":0.34,""rec_fd"":1.04,""rec_td"":0.11,""rec_tgt"":2.09,""rec_yd"":10.42,""rush_2pt"":0.01,""rush_40p"":0.09,""rush_att"":9.2,""rush_fd"":4.71,""rush_td"":0.22,""rush_yd"":47.09}"
20261006T1701Z,2026,5,96,QB,PIT,post,2026-10-02T00:15Z,16.92,"{""adp_dd_ppr"":90.0,""bonus_rush_td_qb"":0.08,""cmp_pct"":65.17,""fum"":0.42,""fum_lost"":0.19,""gp"":1.0,""pass_2pt"":0.08,""pass_att"":32.43,""pass_cmp"":21.13,""pass_cmp_40p"":0.42,""pass_fd"":23.16,""pass_inc"":11.3,""pass_int"":0.33,""pass_sack"":2.63,""pass_td"":1.77,""pass_yd"":231.57,""pos_adp_dd_ppr"":12.0,""pts_half_ppr"":16.92,""pts_ppr"":16.92,""pts_std"":16.92,""rush_40p"":0.01,""rush_att"":1.24,""rush_fd"":0.64,""rush_td"":0.08,""rush_yd"":6.37}"
20261006T1701Z,2026,5,9753,RB,SEA,post,2026-10-04T20:25Z,,"{""adp_dd_ppr"":1000.0}"
20261006T1701Z,2026,5,9754,WR,LAC,post,2026-10-04T20:25Z,7.73,"{""adp_dd_ppr"":131.0,""bonus_rec_wr"":2.5,""fum"":0.03,""fum_lost"":0.01,""gp"":1.0,""pos_adp_dd_ppr"":53.0,""pts_half_ppr"":6.48,""pts_ppr"":7.73,""pts_std"":5.24,""rec"":2.5,""rec_0_4"":0.5,""rec_10_19"":0.75,""rec_20_29"":0.5,""rec_2pt"":0.01,""rec_30_39"":0.25,""rec_40p"":0.25,""rec_5_9"":0.5,""rec_fd"":3.8,""rec_td"":0.22,""rec_tgt"":5.51,""rec_yd"":38.01,""rush_att"":0.19,""rush_fd"":0.08,""rush_td"":0.01,""rush_yd"":0.8}"
20261006T1701Z,2026,5,9756,WR,MIN,post,2026-10-04T20:05Z,8.41,"{""adp_dd_ppr"":111.0,""bonus_rec_wr"":2.62,""fum"":0.03,""fum_lost"":0.01,""gp"":1.0,""pos_adp_dd_ppr"":48.0,""pts_half_ppr"":7.1,""pts_ppr"":8.41,""pts_std"":5.79,""rec"":2.62,""rec_0_4"":0.52,""rec_10_19"":0.79,""rec_20_29"":0.52,""rec_2pt"":0.01,""rec_30_39"":0.26,""rec_40p"":0.26,""rec_5_9"":0.52,""rec_fd"":3.5,""rec_td"":0.31,""rec_tgt"":5.02,""rec_yd"":35.03,""rush_att"":0.32,""rush_fd"":0.28,""rush_td"":0.03,""rush_yd"":2.78}"
20261006T1701Z,2026,5,9757,RB,NO,post,2026-10-06T00:15Z,8.33,"{""adp_dd_ppr"":141.0,""bonus_rec_rb"":1.64,""def_kr_yd"":4.12,""fum"":0.09,""fum_lost"":0.04,""gp"":1.0,""pos_adp_dd_ppr"":40.0,""pts_half_ppr"":7.51,""pts_ppr"":8.33,""pts_std"":6.69,""rec"":1.64,""rec_0_4"":0.33,""rec_10_19"":0.49,""rec_20_29"":0.33,""rec_30_39"":0.16,""rec_40p"":0.16,""rec_5_9"":0.33,""rec_fd"":1.17,""rec_td"":0.07,""rec_tgt"":2.17,""rec_yd"":11.75,""rush_2pt"":0.02,""rush_40p"":0.08,""rush_att"":8.65,""rush_fd"":2.75,""rush_td"":0.4,""rush_yd"":27.48}"
20261006T1701Z,2026,5,9758,QB,HOU,post,2026-10-04T17:00Z,15.36,"{""adp_dd_ppr"":130.0,""bonus_rush_td_qb"":0.14,""cmp_pct"":64.24,""fum"":0.39,""fum_lost"":0.17,""gp"":1.0,""pass_2pt"":0.07,""pass_att"":29.95,""pass_cmp"":19.24,""pass_cmp_40p"":0.38,""pass_fd"":23.83,""pass_inc"":10.71,""pass_int"":0.36,""pass_sack"":2.4,""pass_td"":1.03,""pass_yd"":238.34,""pos_adp_dd_ppr"":18.0,""pts_half_ppr"":15.36,""pts_ppr"":15.36,""pts_std"":15.36,""rush_2pt"":0.01,""rush_40p"":0.03,""rush_att"":3.24,""rush_fd"":1.4,""rush_td"":0.14,""rush_yd"":13.98}"
20261006T1701Z,2026,5,9997,WR,BAL,post,2026-10-04T17:00Z,16.97,"{""adp_dd_ppr"":15.0,""bonus_rec_wr"":5.27,""fum"":0.05,""fum_lost"":0.02,""gp"":1.0,""pos_adp_dd_ppr"":7.0,""pts_half_ppr"":14.33,""pts_ppr"":16.97,""pts_std"":11.69,""rec"":5.27,""rec_0_4"":1.05,""rec_10_19"":1.58,""rec_20_29"":1.05,""rec_2pt"":0.04,""rec_30_39"":0.53,""rec_40p"":0.53,""rec_5_9"":1.05,""rec_fd"":8.43,""rec_td"":0.51,""rec_tgt"":7.59,""rec_yd"":84.25,""rush_att"":0.21,""rush_fd"":0.13,""rush_td"":0.01,""rush_yd"":1.31}"
20261006T1701Z,2026,5,9998,QB,TEN,post,2026-10-04T17:00Z,,"{""adp_dd_ppr"":1000.0}"
20261006T1701Z,2026,5,9999,QB,NYJ,post,2026-10-04T17:00Z,,"{""adp_dd_ppr"":1000.0}"
20261006T1701Z,2026,5,ARI,DEF,ARI,post,2026-10-04T17:00Z,3.93,"{""adp_dd_ppr"":999.0,""blk_kick"":0.06,""def_kr_yd"":109.61,""def_pr_yd"":124.83,""def_td"":0.06,""ff"":0.55,""fum_rec"":0.43,""gp"":1.0,""int"":0.49,""pass_int_td"":0.06,""pos_adp_dd_ppr"":999.0,""pr_yd"":15.22,""pts_allow"":29.75,""pts_allow_28_34"":1.0,""pts_half_ppr"":3.93,""pts_ppr"":3.93,""pts_std"":3.93,""sack"":2.07,""tkl_loss"":3.96,""yds_allow"":407.59,""yds_allow_400_449"":1.0}"
20261006T1701Z,2026,5,ATL,DEF,ATL,post,2026-10-06T00:15Z,7.86,"{""adp_dd_ppr"":999.0,""blk_kick"":0.06,""def_fum_td"":0.06,""def_kr_yd"":108.95,""def_pr_yd"":125.61,""def_td"":0.13,""ff"":0.77,""fum_rec"":0.58,""gp"":1.0,""int"":0.7,""pass_int_td"":0.06,""pos_adp_dd_ppr"":999.0,""pr_yd"":16.66,""pts_allow"":20.25,""pts_allow_14_20"":1.0,""pts_half_ppr"":7.86,""pts_ppr"":7.86,""pts_std"":7.86,""sack"":2.63,""tkl_loss"":4.87,""yds_allow"":313.14,""yds_allow_300_349"":1.0}"
20261006T1701Z,2026,5,BAL,DEF,BAL,post,2026-10-04T17:00Z,6.29,"{""adp_dd_ppr"":999.0,""blk_kick"":0.05,""def_fum_td"":0.05,""def_kr_yd"":76.71,""def_pr_yd"":90.57,""def_td"":0.15,""ff"":0.69,""fum_rec"":0.49,""gp"":1.0,""int"":0.69,""pass_int_td"":0.1,""pos_adp_dd_ppr"":999.0,""pr_yd"":13.86,""pts_allow"":23.25,""pts_allow_21_27"":1.0,""pts_half_ppr"":6.29,""pts_ppr"":6.29,""pts_std"":6.29,""sack"":2.23,""tkl_loss"":4.21,""yds_allow"":355.71,""yds_allow_350_399"":1.0}"
20261006T1701Z,2026,5,BUF,DEF,BUF,post,2026-10-04T17:00Z,5.15,"{""adp_dd_ppr"":999.0,""blk_kick"":0.06,""def_fum_td"":0.06,""def_kr_yd"":92.58,""def_pr_yd"":107.73,""def_td"":0.11,""ff"":0.68,""fum_rec"":0.51,""gp"":1.0,""int"":0.68,""pass_int_td"":0.06,""pos_adp_dd_ppr"":999.0,""pr_yd"":15.15,""pts_allow"":28.75,""pts_allow_28_34"":1.0,""pts_half_ppr"":5.15,""pts_ppr"":5.15,""pts_std"":5.15,""sack"":2.28,""tkl_loss"":4.27,""yds_allow"":392.0,""yds_allow_350_399"":1.0}"
20261006T1701Z,2026,5,CAR,DEF,CAR,post,2026-10-05T00:20Z,,{}
20261006T1701Z,2026,5,CHI,DEF,CHI,post,2026-10-04T17:00Z,6.98,"{""adp_dd_ppr"":999.0,""blk_kick"":0.06,""def_fum_td"":0.06,""def_kr_yd"":105.6,""def_pr_yd"":122.88,""def_td"":0.13,""ff"":0.77,""fum_rec"":0.58,""gp"":1.0,""int"":0.77,""pass_int_td"":0.06,""pos_adp_dd_ppr"":999.0,""pr_yd"":17.28,""pts_allow"":21.25,""pts_allow_21_27"":1.0,""pts_half_ppr"":6.98,""pts_ppr"":6.98,""pts_std"":6.98,""sack"":2.62,""tkl_loss"":5.06,""yds_allow"":371.73,""yds_allow_350_399"":1.0}"
20261006T1701Z,2026,5,CIN,DEF,CIN,post,2026-10-04T17:00Z,8.81,"{""adp_dd_ppr"":999.0,""blk_kick"":0.08,""def_kr_yd"":152.08,""def_pr_yd"":172.63,""def_td"":0.08,""ff"":0.82,""fum_rec"":0.66,""gp"":1.0,""int"":0.9,""pass_int_td"":0.08,""pos_adp_dd_ppr"":999.0,""pr_yd"":20.55,""pts_allow"":17.75,""pts_allow_14_20"":1.0,""pts_half_ppr"":8.81,""pts_ppr"":8.81,""pts_std"":8.81,""sack"":3.21,""tkl_loss"":5.92,""yds_allow"":330.67,""yds_allow_300_349"":1.0}"
20261006T1701Z,2026,5,CLE,DEF,CLE,post,2026-10-02T00:15Z,8.04,"{""adp_dd_ppr"":999.0,""blk_kick"":0.07,""def_fum_td"":0.07,""def_kr_yd"":119.08,""def_pr_yd"":137.99,""def_td"":0.14,""ff"":0.92,""fum_rec"":0.57,""gp"":1.0,""int"":0.71,""pass_int_td"":0.07,""pos_adp_dd_ppr"":999.0,""pr_yd"":18.91,""pts_allow"":20.75,""pts_allow_14_20"":1.0,""pts_half_ppr"":8.04,""pts_ppr"":8.04,""pts_std"":8.04,""sack"":2.56,""tkl_loss"":5.83,""yds_allow"":308.49,""yds_allow_300_349"":1.0}"
20261006T1701Z,2026,5,DAL,DEF,DAL,post,2026-10-04T17:00Z,8.6,"{""adp_dd_ppr"":999.0,""blk_kick"":0.07,""def_kr_td"":0.07,""def_kr_yd"":133.75,""def_pr_td"":0.07,""def_pr_yd"":151.35,""def_td"":0.07,""ff"":0.7,""fum_rec"":0.63,""gp"":1.0,""int"":0.84,""pass_int_td"":0.07,""pos_adp_dd_ppr"":999.0,""pr_yd"":17.6,""pts_allow"":19.75,""pts_allow_14_20"":1.0,""pts_half_ppr"":8.6,""pts_ppr"":8.6,""pts_std"":8.6,""sack"":2.96,""st_td"":0.07,""tkl_loss"":4.79,""yds_allow"":343.26,""yds_allow_300_349"":1.0}"
20261006T1701Z,2026,5,DEN,DEF,DEN,post,2026-10-04T20:25Z,8.34,"{""adp_dd_ppr"":999.0,""blk_kick"":0.05,""def_fum_td"":0.11,""def_kr_yd"":80.17,""def_pr_yd"":96.48,""def_td"":0.22,""ff"":0.82,""fum_rec"":0.49,""gp"":1.0,""int"":0.76,""pass_int_td"":0.11,""pos_adp_dd_ppr"":999.0,""pr_yd"":16.31,""pts_allow"":19.5,""pts_allow_14_20"":1.0,""pts_half_ppr"":8.34,""pts_ppr"":8.34,""pts_std"":8.34,""sack"":2.61,""tkl_loss"":4.84,""yds_allow"":325.93,""yds_allow_300_349"":1.0}"
20261006T1701Z,2026,5,DET,DEF,DET,post,2026-10-05T00:20Z,6.39,"{""adp_dd_ppr"":999.0,""blk_kick"":0.05,""def_fum_td"":0.05,""def_kr_td"":0.05,""def_kr_yd"":89.85,""def_pr_td"":0.05,""def_pr_yd"":103.59,""def_td"":0.11,""ff"":0.58,""fum_rec"":0.58,""gp"":1.0,""int"":0.69,""pass_int_td"":0.05,""pos_adp_dd_ppr"":999.0,""pr_yd"":13.74,""pts_allow"":24.75,""pts_allow_21_27"":1.0,""pts_half_ppr"":6.39,""pts_ppr"":6.39,""pts_std"":6.39,""sack"":2.22,""st_td"":0.05,""tkl_loss"":3.96,""yds_allow"":335.16,""yds_allow_300_349"":1.0}"
20261006T1701Z,2026,5,GB,DEF,GB,post,2026-10-04T17:00Z,6.37,"{""adp_dd_ppr"":999.0,""blk_kick"":0.05,""def_fum_td"":0.05,""def_kr_yd"":89.77,""def_pr_yd"":104.46,""def_td"":0.16,""ff"":0.71,""fum_rec"":0.49,""gp"":1.0,""int"":0.65,""pass_int_td"":0.11,""pos_adp_dd_ppr"":999.0,""pr_yd"":14.69,""pts_allow"":24.25,""pts_allow_21_27"":1.0,""pts_half_ppr"":6.37,""pts_ppr"":6.37,""pts_std"":6.37,""sack"":2.29,""tkl_loss"":4.57,""yds_allow"":347.33,""yds_allow_300_349"":1.0}"
20261006T1701Z,2026,5,HOU,DEF,HOU,post,2026-10-04T17:00Z,9.44,"{""adp_dd_ppr"":999.0,""blk_kick"":0.06,""def_fum_td"":0.11,""def_kr_yd"":81.03,""def_pr_td"":0.06,""def_pr_yd"":97.79,""def_td"":0.22,""ff"":0.84,""fum_rec"":0.61,""gp"":1.0,""int"":0.89,""pass_int_td"":0.11,""pos_adp_dd_ppr"":999.0,""pr_td"":0.06,""pr_yd"":16.76,""pts_allow"":15.75,""pts_allow_14_20"":1.0,""pts_half_ppr"":9.44,""pts_ppr"":9.44,""pts_std"":9.44,""sack"":2.68,""safe"":0.06,""st_td"":0.06,""tkl_loss"":5.03,""yds_allow"":296.06,""yds_allow_200_299"":1.0}"
20261006T1701Z,2026,5,IND,DEF,IND,post,2026-10-04T13:30Z,6.28,"{""adp_dd_ppr"":999.0,""blk_kick"":0.06,""def_fum_td"":0.06,""def_kr_yd"":98.36,""def_pr_yd"":113.92,""def_td"":0.12,""ff"":0.65,""fum_rec"":0.53,""gp"":1.0,""int"":0.7,""pass_int_td"":0.06,""pos_adp_dd_ppr"":999.0,""pr_yd"":15.56,""pts_allow"":23.5,""pts_allow_21_27"":1.0,""pts_half_ppr"":6.28,""pts_ppr"":6.28,""pts_std"":6.28,""sack"":2.35,""tkl_loss"":4.46,""yds_allow"":350.72,""yds_allow_350_399"":1.0}"
20261006T1701Z,2026,5,JAX,DEF,JAX,post,2026-10-04T17:00Z,8.65,"{""adp_dd_ppr"":999.0,""blk_kick"":0.06,""def_fum_td"":0.06,""def_kr_yd"":100.35,""def_pr_yd"":117.28,""def_td"":0.19,""ff"":0.82,""fum_rec"":0.63,""gp"":1.0,""int"":0.82,""pass_int_td"":0.13,""pos_adp_dd_ppr"":999.0,""pr_yd"":16.93,""pts_allow"":17.75,""pts_allow_14_20"":1.0,""pts_half_ppr"":8.65,""pts_ppr"":8.65,""pts_std"":8.65,""sack"":2.7,""tkl_loss"":5.27,""yds_allow"":298.48,""yds_allow_200_299"":1.0}"
20261006T1701Z,2026,5,KC,DEF,KC,post,2026-10-04T20:25Z,,{}
20261006T1701Z,2026,5,LAC,DEF,LAC,post,2026-10-04T20:25Z,5.55,"{""adp_dd_ppr"":999.0,""blk_kick"":0.06,""def_fum_td"":0.06,""def_kr_yd"":90.13,""def_pr_yd"":104.88,""def_td"":0.11,""ff"":0.11,""fum_rec"":0.5,""gp"":1.0,""int"":0.67,""pass_int_td"":0.06,""pos_adp_dd_ppr"":999.0,""pr_yd"":14.75,""pts_allow"":23.0,""pts_allow_21_27"":1.0,""pts_half_ppr"":5.55,""pts_ppr"":5.55,""pts_std"":5.55,""sack"":2.33,""tkl_loss"":4.33,""yds_allow"":338.72,""yds_allow_300_349"":1.0}"
20261006T1701Z,2026,5,LAR,DEF,LAR,post,2026-10-04T17:00Z,5.93,"{""adp_dd_ppr"":999.0,""blk_kick"":0.04,""def_fum_td"":0.08,""def_kr_td"":0.04,""def_kr_yd"":60.48,""def_pr_td"":0.04,""def_pr_yd"":71.4,""def_td"":0.16,""ff"":0.55,""fum_rec"":0.43,""gp"":1.0,""int"":0.59,""pass_int_td"":0.08,""pos_adp_dd_ppr"":999.0,""pr_yd"":10.92,""pts_allow"":25.75,""pts_allow_21_27"":1.0,""pts_half_ppr"":5.93,""pts_ppr"":5.93,""pts_std"":5.93,""sack"":2.03,""safe"":0.04,""st_td"":0.04,""tkl_loss"":3.51,""yds_allow"":384.16,""yds_allow_350_399"":1.0}"
20261006T1701Z,2026,5,LV,DEF,LV,post,2026-10-04T20:25Z,4.54,"{""adp_dd_ppr"":999.0,""blk_kick"":0.06,""def_kr_yd"":102.16,""def_pr_yd"":116.35,""def_td"":0.06,""ff"":0.51,""fum_rec"":0.4,""gp"":1.0,""int"":0.45,""pass_int_td"":0.06,""pos_adp_dd_ppr"":999.0,""pr_yd"":14.19,""pts_allow"":24.25,""pts_allow_21_27"":1.0,""pts_half_ppr"":4.54,""pts_ppr"":4.54,""pts_std"":4.54,""sack"":1.87,""tkl_loss"":3.69,""yds_allow"":363.7,""yds_allow_350_399"":1.0}"
20261006T1701Z,2026,5,MIA,DEF,MIA,post,2026-10-04T20:05Z,4.34,"{""adp_dd_ppr"":999.0,""blk_kick"":0.06,""def_kr_yd"":101.4,""def_pr_yd"":115.49,""def_td"":0.06,""ff"":0.51,""fum_rec"":0.34,""gp"":1.0,""int"":0.39,""pass_int_td"":0.06,""pos_adp_dd_ppr"":999.0,""pr_yd"":14.08,""pts_allow"":24.75,""pts_allow_21_27"":1.0,""pts_half_ppr"":4.34,""pts_ppr"":4.34,""pts_std"":4.34,""sack"":1.92,""tkl_loss"":3.66,""yds_allow"":378.31,""yds_allow_350_399"":1.0}"
20261006T1701Z,2026,5,MIN,DEF,MIN,post,2026-10-04T20:05Z,7.91,"{""adp_dd_ppr"":999.0,""blk_kick"":0.06,""def_fum_td"":0.06,""def_kr_yd"":89.16,""def_pr_td"":0.06,""def_pr_yd"":104.76,""def_td"":0.11,""ff"":0.78,""fum_rec"":0.56,""gp"":1.0,""int"":0.72,""pass_int_td"":0.06,""pos_adp_dd_ppr"":999.0,""pr_td"":0.06,""pr_yd"":15.6,""pts_allow"":20.0,""pts_allow_14_20"":1.0,""pts_half_ppr"":7.91,""pts_ppr"":7.91,""pts_std"":7.91,""sack"":2.45,""st_td"":0.06,""tkl_loss"":4.68,""yds_allow"":322.07,""yds_allow_300_349"":1.0}"
20261006T1701Z,2026,5,NE,DEF,NE,post,2026-10-04T17:00Z,7.89,"{""adp_dd_ppr"":999.0,""blk_kick"":0.06,""def_fum_td"":0.06,""def_kr_yd"":84.71,""def_pr_td"":0.06,""def_pr_yd"":100.26,""def_td"":0.11,""ff"":0.78,""fum_rec"":0.56,""gp"":1.0,""int"":0.72,""pass_int_td"":0.06,""pos_adp_dd_ppr"":999.0,""pr_td"":0.06,""pr_yd"":15.55,""pts_allow"":20.75,""pts_allow_14_20"":1.0,""pts_half_ppr"":7.89,""pts_ppr"":7.89,""pts_std"":7.89,""sack"":2.44,""st_td"":0.06,""tkl_loss"":4.67,""yds_allow"":308.98,""yds_allow_300_349"":1.0}"
20261006T1701Z,2026,5,NO,DEF,NO,post,2026-10-06T00:15Z,6.77,"{""adp_dd_ppr"":999.0,""blk_kick"":0.07,""def_kr_td"":0.07,""def_kr_yd"":123.71,""def_pr_td"":0.07,""def_pr_yd"":141.91,""ff"":0.73,""fum_rec"":0.58,""gp"":1.0,""int"":0.73,""pos_adp_dd_ppr"":999.0,""pr_yd"":18.19,""pts_allow"":22.0,""pts_allow_21_27"":1.0,""pts_half_ppr"":6.77,""pts_ppr"":6.77,""pts_std"":6.77,""sack"":2.84,""st_td"":0.07,""tkl_loss"":4.73,""yds_allow"":292.52,""yds_allow_200_299"":1.0}"
20261006T1701Z,2026,5,NYG,DEF,NYG,post,2026-10-04T17:00Z,6.17,"{""adp_dd_ppr"":999.0,""blk_kick"":0.06,""def_fum_td"":0.06,""def_kr_yd"":99.92,""def_pr_yd"":114.2,""def_td"":0.11,""ff"":0.57,""fum_rec"":0.51,""gp"":1.0,""int"":0.69,""pass_int_td"":0.06,""pos_adp_dd_ppr"":999.0,""pr_yd"":14.27,""pts_allow"":23.5,""pts_allow_21_27"":1.0,""pts_half_ppr"":6.17,""pts_ppr"":6.17,""pts_std"":6.17,""sack"":2.4,""tkl_loss"":4.11,""yds_allow"":317.31,""yds_allow_300_349"":1.0}"
20261006T1701Z,2026,5,NYJ,DEF,NYJ,post,2026-10-04T17:00Z,8.08,"{""adp_dd_ppr"":999.0,""blk_kick"":0.09,""def_kr_yd"":161.41,""def_pr_yd"":183.83,""def_td"":0.09,""ff"":0.81,""fum_rec"":0.63,""gp"":1.0,""int"":0.63,""pass_int_td"":0.09,""pos_adp_dd_ppr"":999.0,""pr_yd"":22.42,""pts_allow"":18.75,""pts_allow_14_20"":1.0,""pts_half_ppr"":8.08,""pts_ppr"":8.08,""pts_std"":8.08,""sack"":3.05,""tkl_loss"":5.83,""yds_allow"":307.38,""yds_allow_300_349"":1.0}"
20261006T1701Z,2026,5,PHI,DEF,PHI,post,2026-10-04T17:00Z,5.55,"{""adp_dd_ppr"":999.0,""blk_kick"":0.04,""def_fum_td"":0.08,""def_kr_yd"":60.36,""def_pr_yd"":72.43,""def_td"":0.16,""ff"":0.56,""fum_rec"":0.4,""gp"":1.0,""int"":0.6,""pass_int_td"":0.08,""pos_adp_dd_ppr"":999.0,""pr_yd"":12.07,""pts_allow"":24.75,""pts_allow_21_27"":1.0,""pts_half_ppr"":5.55,""pts_ppr"":5.55,""pts_std"":5.55,""sack"":1.85,""safe"":0.04,""tkl_loss"":3.54,""yds_allow"":342.45,""yds_allow_300_349"":1.0}"
20261006T1701Z,2026,5,PIT,DEF,PIT,post,2026-10-02T00:15Z,6.88,"{""adp_dd_ppr"":999.0,""blk_kick"":0.06,""def_fum_td"":0.06,""def_kr_yd"":101.29,""def_pr_yd"":117.25,""def_td"":0.12,""ff"":0.74,""fum_rec"":0.55,""gp"":1.0,""int"":0.8,""pass_int_td"":0.06,""pos_adp_dd_ppr"":999.0,""pr_yd"":15.96,""pts_allow"":21.0,""pts_allow_21_27"":1.0,""pts_half_ppr"":6.88,""pts_ppr"":6.88,""pts_std"":6.88,""sack"":2.58,""tkl_loss"":4.73,""yds_allow"":312.89,""yds_allow_300_349"":1.0}"
20261006T1701Z,2026,5,SEA,DEF,SEA,post,2026-10-04T20:25Z,6.42,"{""adp_dd_ppr"":999.0,""blk_kick"":0.04,""def_fum_td"":0.09,""def_kr_yd"":62.07,""def_pr_td"":0.04,""def_pr_yd"":74.91,""def_td"":0.17,""ff"":0.64,""fum_rec"":0.47,""gp"":1.0,""int"":0.68,""pass_int_td"":0.09,""pos_adp_dd_ppr"":999.0,""pr_td"":0.04,""pr_yd"":12.84,""pts_allow"":22.0,""pts_allow_21_27"":1.0,""pts_half_ppr"":6.42,""pts_ppr"":6.42,""pts_std"":6.42,""sack"":2.01,""safe"":0.04,""st_td"":0.04,""tkl_loss"":3.85,""yds_allow"":339.81,""yds_allow_300_349"":1.0}"
20261006T1701Z,2026,5,SF,DEF,SF,post,2026-10-04T20:25Z,6.15,"{""adp_dd_ppr"":999.0,""blk_kick"":0.06,""def_fum_td"":0.06,""def_kr_yd"":98.68,""def_pr_yd"":113.48,""def_td"":0.12,""ff"":0.58,""fum_rec"":0.52,""gp"":1.0,""int"":0.7,""pass_int_td"":0.06,""pos_adp_dd_ppr"":999.0,""pr_yd"":14.8,""pts_allow"":25.0,""pts_allow_21_27"":1.0,""pts_half_ppr"":6.15,""pts_ppr"":6.15,""pts_std"":6.15,""sack"":2.32,""tkl_loss"":4.12,""yds_allow"":333.03,""yds_allow_300_349"":1.0}"
20261006T1701Z,2026,5,TB,DEF,TB,post,2026-10-04T17:00Z,5.22,"{""adp_dd_ppr"":999.0,""blk_kick"":0.05,""def_fum_td"":0.05,""def_kr_yd"":85.25,""def_pr_yd"":98.29,""def_td"":0.1,""ff"":0.55,""fum_rec"":0.4,""gp"":1.0,""int"":0.55,""pass_int_td"":0.05,""pos_adp_dd_ppr"":999.0,""pr_yd"":13.04,""pts_allow"":27.75,""pts_allow_21_27"":1.0,""pts_half_ppr"":5.22,""pts_ppr"":5.22,""pts_std"":5.22,""sack"":2.06,""tkl_loss"":3.66,""yds_allow"":377.54,""yds_allow_350_399"":1.0}"
20261006T1701Z,2026,5,TEN,DEF,TEN,post,2026-10-04T17:00Z,5.57,"{""adp_dd_ppr"":999.0,""blk_kick"":0.07,""def_kr_yd"":124.06,""def_pr_yd"":140.82,""def_td"":0.07,""ff"":0.67,""fum_rec"":0.47,""gp"":1.0,""int"":0.6,""pass_int_td"":0.07,""pos_adp_dd_ppr"":999.0,""pr_yd"":16.76,""pts_allow"":22.75,""pts_allow_21_27"":1.0,""pts_half_ppr"":5.57,""pts_ppr"":5.57,""pts_std"":5.57,""sack"":2.21,""tkl_loss"":4.36,""yds_allow"":338.91,""yds_allow_300_349"":1.0}"
20261006T1701Z,2026,5,WAS,DEF,WAS,post,2026-10-04T13:30Z,7.81,"{""adp_dd_ppr"":999.0,""blk_kick"":0.08,""def_kr_yd"":140.03,""def_pr_yd"":158.95,""def_td"":0.08,""ff"":0.68,""fum_rec"":0.53,""gp"":1.0,""int"":0.76,""pass_int_td"":0.08,""pos_adp_dd_ppr"":999.0,""pr_yd"":18.92,""pts_allow"":20.0,""pts_allow_14_20"":1.0,""pts_half_ppr"":7.81,""pts_ppr"":7.81,""pts_std"":7.81,""sack"":2.95,""tkl_loss"":5.3,""yds_allow"":330.43,""yds_allow_300_349"":1.0}"
