Name,Type,Order,Hex,ColorName,Role,Source
Air Force,Team,1,#003087,Air Force Blue,Primary,https://teamcolorcodes.com/air-force-falcons-color-codes/
Air Force,Team,2,#8A8D8F,Silver,Secondary,https://teamcolorcodes.com/air-force-falcons-color-codes/
Air Force,Team,3,#FFFFFF,White,Neutral,https://teamcolorcodes.com/air-force-falcons-color-codes/
Alabama,Team,1,#9E1B32,Crimson,Primary,https://teamcolorcodes.com/alabama-crimson-tide-color-codes
Alabama,Team,2,#828A8F,Gray,Secondary,https://teamcolorcodes.com/alabama-crimson-tide-color-codes
Alabama,Team,3,#FFFFFF,White,Neutral,https://teamcolorcodes.com/alabama-crimson-tide-color-codes
Alabama,Team,4,#000000,Legends Black,Neutral,https://comm.sl.ua.edu/creative-resources/ua-branding/
Alabama,Team,5,#5F6A72,Pachyderm,Accent,https://comm.sl.ua.edu/creative-resources/ua-branding/
Alabama,Team,6,#C1C6C9,Chimes Gray,Neutral,https://comm.sl.ua.edu/creative-resources/ua-branding/
Alabama,Team,7,#DAD7CB,Ivory Tusk,Neutral,https://comm.sl.ua.edu/creative-resources/ua-branding/
Alabama,Team,8,#772432,Bama Burgundy,Accent,https://comm.sl.ua.edu/creative-resources/ua-branding/
Alabama,Team,9,#D0103A,Roll Tide Red,Accent,https://comm.sl.ua.edu/creative-resources/ua-branding/
Alabama,Team,10,#F2D653,Yellow Hammer,Accent,https://comm.sl.ua.edu/creative-resources/ua-branding/
Alabama,Team,11,#005C84,T-Town Teal,Accent,https://comm.sl.ua.edu/creative-resources/ua-branding/
Alabama A&M,Team,1,#61162D,AAMU Maroon,Primary,https://www.aamu.edu/brand
Alabama A&M,Team,2,#FFFFFF,White,Neutral,https://www.aamu.edu/brand
Alabama A&M,Team,3,#000000,Rich Black,Neutral,https://www.aamu.edu/brand
Alcorn State,Team,1,#512D6D,Purple,Primary,https://www.alcorn.edu/wp-content/uploads/2023/07/ASU_Graphic_Standards_Manual_122020.pdf
Alcorn State,Team,2,#CC8A00,Gold,Secondary,https://www.alcorn.edu/wp-content/uploads/2023/07/ASU_Graphic_Standards_Manual_122020.pdf
Alcorn State,Team,3,#000000,Black,Neutral,https://www.alcorn.edu/wp-content/uploads/2023/07/ASU_Graphic_Standards_Manual_122020.pdf
Alcorn State,Team,4,#FFFFFF,White,Neutral,https://www.alcorn.edu/wp-content/uploads/2023/07/ASU_Graphic_Standards_Manual_122020.pdf
Arizona,Team,1,#AB0520,Arizona Red,Primary,https://marcom.arizona.edu/brand-guidelines/colors
Arizona,Team,2,#0C234B,Arizona Blue,Secondary,https://marcom.arizona.edu/brand-guidelines/colors
Arizona,Team,3,#03132E,Tinta,Accent,https://marcom.arizona.edu/brand-guidelines/colors
Arizona,Team,4,#1E5288,Azurite,Accent,https://marcom.arizona.edu/brand-guidelines/colors
Arizona,Team,5,#106AB1,Arroyo Blue,Accent,https://marcom.arizona.edu/brand-guidelines/colors
Arizona,Team,6,#81CEEB,Rain,Accent,https://marcom.arizona.edu/brand-guidelines/colors
Arizona,Team,7,#850000,Sonoran Red,Accent,https://marcom.arizona.edu/brand-guidelines/colors
Arizona,Team,8,#C62840,Bougainvillea,Accent,https://marcom.arizona.edu/brand-guidelines/colors
Arizona State,Team,1,#8C1D40,ASU Maroon,Primary,https://brandguide.asu.edu/Elements-of-the-brand/Color-palette
Arizona State,Team,2,#FFC627,ASU Gold,Secondary,https://brandguide.asu.edu/Elements-of-the-brand/Color-palette
Arizona State,Team,3,#000000,ASU Rich Black,Neutral,https://brandguide.asu.edu/Elements-of-the-brand/Color-palette
Arizona State,Team,4,#FFFFFF,ASU White,Neutral,https://brandguide.asu.edu/Elements-of-the-brand/Color-palette
Arizona State,Team,5,#78BE20,ASU Green,Accent,https://brandguide.asu.edu/Elements-of-the-brand/Color-palette
Arizona State,Team,6,#00A3E0,ASU Blue,Accent,https://brandguide.asu.edu/Elements-of-the-brand/Color-palette
Arizona State,Team,7,#FF7F32,ASU Orange,Accent,https://brandguide.asu.edu/Elements-of-the-brand/Color-palette
Arizona State,Team,8,#747474,ASU Gray,Neutral,https://brandguide.asu.edu/Elements-of-the-brand/Color-palette
Arizona State,Team,9,#AF674B,ASU Copper,Accent,https://brandguide.asu.edu/Elements-of-the-brand/Color-palette
Arizona State,Team,10,#4AB7C4,ASU Turquoise,Accent,https://brandguide.asu.edu/Elements-of-the-brand/Color-palette
Arizona State,Team,11,#E74973,ASU Pink,Accent,https://brandguide.asu.edu/Elements-of-the-brand/Color-palette
Arkansas,Team,1,#9D2235,Razorback Red (Cardinal),Primary,https://includes.uark.edu/examples/approved-colors.html
Arkansas,Team,2,#FFFFFF,Apple Blossom (White),Neutral,https://includes.uark.edu/examples/approved-colors.html
Arkansas,Team,3,#F2F2F4,Quartz,Neutral,https://includes.uark.edu/examples/approved-colors.html
Arkansas,Team,4,#C7C8CA,Gray Squirrel,Neutral,https://includes.uark.edu/examples/approved-colors.html
Arkansas,Team,5,#424242,Spoofer's Stone,Neutral,https://includes.uark.edu/examples/approved-colors.html
Arkansas,Team,6,#000000,Black Whetstone,Neutral,https://includes.uark.edu/examples/approved-colors.html
Arkansas State,Team,1,#CC092F,A-State Red (Scarlet),Primary,https://www.astate.edu/a/marketing/pcs/graphic-standards/logos-colors-fonts/university-colors
Arkansas State,Team,2,#000000,A-State Black,Neutral,https://www.astate.edu/a/marketing/pcs/graphic-standards/logos-colors-fonts/university-colors
Arkansas State,Team,3,#FFFFFF,A-State White,Neutral,https://www.astate.edu/a/marketing/pcs/graphic-standards/logos-colors-fonts/university-colors
Army,Team,1,#000000,Black,Primary,https://teamcolorcodes.com/army-black-knights-color-codes/
Army,Team,2,#D3BC8D,Army Gold,Secondary,https://teamcolorcodes.com/army-black-knights-color-codes/
Army,Team,3,#B2B4B3,Gray,Neutral,https://teamcolorcodes.com/army-black-knights-color-codes/
Army,Team,4,#FFFFFF,White,Neutral,https://teamcolorcodes.com/army-black-knights-color-codes/
Auburn,Team,1,#0C2340,Auburn Blue,Primary,https://teamcolorcodes.com/auburn-tigers-color-codes/
Auburn,Team,2,#E87722,Auburn Orange,Secondary,https://teamcolorcodes.com/auburn-tigers-color-codes/
Auburn,Team,3,#FFFFFF,White,Neutral,https://teamcolorcodes.com/auburn-tigers-color-codes/
Auburn,Team,4,#0093D2,Bodda Getta Blue,Accent,https://htmlscript.auburn.edu/ws-test-subdomain/ocm/brand-center/_assets/pdf/au-quick-reference-colors-20230424.pdf
Auburn,Team,5,#CC4E0B,Samford Brick Orange,Accent,https://htmlscript.auburn.edu/ws-test-subdomain/ocm/brand-center/_assets/pdf/au-quick-reference-colors-20230424.pdf
Auburn,Team,6,#4E8020,Campus Green,Accent,https://htmlscript.auburn.edu/ws-test-subdomain/ocm/brand-center/_assets/pdf/au-quick-reference-colors-20230424.pdf
Auburn,Team,7,#00A597,Never to Yield Teal,Accent,https://htmlscript.auburn.edu/ws-test-subdomain/ocm/brand-center/_assets/pdf/au-quick-reference-colors-20230424.pdf
Auburn,Team,8,#7A685B,Nova Brown,Accent,https://htmlscript.auburn.edu/ws-test-subdomain/ocm/brand-center/_assets/pdf/au-quick-reference-colors-20230424.pdf
Auburn,Team,9,#FFC044,Sun-Kissed Yellow,Accent,https://htmlscript.auburn.edu/ws-test-subdomain/ocm/brand-center/_assets/pdf/au-quick-reference-colors-20230424.pdf
Auburn,Team,10,#636466,Body Copy Gray,Neutral,https://htmlscript.auburn.edu/ws-test-subdomain/ocm/brand-center/_assets/pdf/au-quick-reference-colors-20230424.pdf
Austin Peay,Team,1,#C41E3A,APSU Red,Primary,https://www.apsu.edu/identity/colors.php
Austin Peay,Team,2,#000000,Black,Neutral,https://www.apsu.edu/identity/colors.php
Austin Peay,Team,3,#ADAFAA,Silver Gray,Neutral,https://www.apsu.edu/identity/colors.php
Austin Peay,Team,4,#636466,Dark Gray,Neutral,https://www.apsu.edu/identity/colors.php
Austin Peay,Team,5,#FFFFFF,White,Neutral,https://www.apsu.edu/identity/colors.php
Austin Peay,Team,6,#9F1C37,Shadow Red,Accent,https://www.apsu.edu/identity/colors.php
Baylor,Team,1,#154734,Baylor Green,Primary,https://brand.web.baylor.edu/brand-standards/official-brand-colors
Baylor,Team,2,#FFB81C,University Gold,Secondary,https://brand.web.baylor.edu/brand-standards/official-brand-colors
Belmont,Team,1,#002147,Belmont Blue,Primary,"https://www.belmont.edu (Brand colors page, Digital Expanded Colors; screenshot from Chris 2026-10-07)"
Belmont,Team,2,#CC0000,Belmont Red,Secondary,"https://www.belmont.edu (Brand colors page, Digital Expanded Colors; screenshot from Chris 2026-10-07)"
Belmont,Team,3,#6AB3E7,Sky Blue (Digital),Accent,"https://www.belmont.edu (Brand colors page, Digital Expanded Colors; screenshot from Chris 2026-10-07)"
Belmont,Team,4,#862633,Tower Red (Digital),Accent,"https://www.belmont.edu (Brand colors page, Digital Expanded Colors; screenshot from Chris 2026-10-07)"
Belmont,Team,5,#2874AF,Fountain Blue (Digital),Accent,"https://www.belmont.edu (Brand colors page, Digital Expanded Colors; screenshot from Chris 2026-10-07)"
Belmont,Team,6,#1D4289,Admissions Blue (Digital),Accent,"https://www.belmont.edu (Brand colors page, Digital Expanded Colors; screenshot from Chris 2026-10-07)"
Belmont,Team,7,#F5F5F5,Light Gray (Digital),Neutral,"https://www.belmont.edu (Brand colors page, Digital Expanded Colors; screenshot from Chris 2026-10-07)"
Belmont,Team,8,#3D3D3D,Dark Gray (Digital),Neutral,"https://www.belmont.edu (Brand colors page, Digital Expanded Colors; screenshot from Chris 2026-10-07)"
Bethune - Cookman,Team,1,#6F263D,Maroon,Primary,https://teamcolorcodes.com/bethune-cookman-wildcats-colors/
Bethune - Cookman,Team,2,#F2A900,Gold,Secondary,https://teamcolorcodes.com/bethune-cookman-wildcats-colors/
Bethune - Cookman,Team,3,#000000,Black,Neutral,https://teamcolorcodes.com/bethune-cookman-wildcats-colors/
Bethune - Cookman,Team,4,#FFFFFF,White,Neutral,https://www.cookman.edu/comms/_files/b-cu-brand-guidelines.pdf
Boise State,Team,1,#0033A0,Blue (PMS 286C),Primary,https://www.boisestate.edu/brand/visual-identity/colors/
Boise State,Team,2,#D64309,Orange (PMS 172C),Secondary,https://www.boisestate.edu/brand/visual-identity/colors/
Boise State,Team,3,#001F60,Dark Blue (PMS 2757C),Accent,https://www.boisestate.edu/brand/visual-identity/colors/
Boise State,Team,4,#006BA6,Blue (PMS 307C),Accent,https://www.boisestate.edu/brand/visual-identity/colors/
Boise State,Team,5,#0072CE,Blue (PMS 285C),Accent,https://www.boisestate.edu/brand/visual-identity/colors/
Boise State,Team,6,#406098,Blue (PMS 660C),Accent,https://www.boisestate.edu/brand/visual-identity/colors/
Boise State,Team,7,#3F4444,Dark Gray (PMS 446C),Neutral,https://www.boisestate.edu/brand/visual-identity/colors/
Boise State,Team,8,#53565A,Cool Gray 11C,Neutral,https://www.boisestate.edu/brand/visual-identity/colors/
Boise State,Team,9,#97999B,Cool Gray 7C,Neutral,https://www.boisestate.edu/brand/visual-identity/colors/
Boise State,Team,10,#C8C9C7,Cool Gray 3C,Neutral,https://www.boisestate.edu/brand/visual-identity/colors/
Boise State,Team,11,#D9D9D6,Cool Gray 1C,Neutral,https://www.boisestate.edu/brand/visual-identity/colors/
Boise State,Team,12,#F6F7F9,Lightest Gray,Neutral,https://www.boisestate.edu/brand/visual-identity/colors/
Boston College,Team,1,#910039,Primary (approved value),Primary,https://bc.edu/content/bc-web/offices/office-of-university-communications/policies-guidelines/print-colors.html
Boston College,Team,2,#B38F59,Secondary (approved value),Secondary,https://bc.edu/content/bc-web/offices/office-of-university-communications/policies-guidelines/print-colors.html
Boston College,Team,3,#726158,Warm Gray 11,Neutral,https://bc.edu/content/bc-web/offices/office-of-university-communications/policies-guidelines/print-colors.html
Brown,Team,1,#4E3629,Brown,Primary,https://rdrr.io/cran/unicol/man/brown_1.html
Brown,Team,2,#ED1C24,Red,Secondary,https://rdrr.io/cran/unicol/man/brown_1.html
Brown,Team,3,#FFC72C,Gold,Accent,https://rdrr.io/cran/unicol/man/brown_1.html
Brown,Team,4,#98A4AE,Gray,Neutral,https://rdrr.io/cran/unicol/man/brown_1.html
Brown,Team,5,#FFFFFF,White,Neutral,https://rdrr.io/cran/unicol/man/brown_1.html
Bucknell,Team,1,#003865,Blue,Primary,https://teamcolorcodes.com/bucknell-bison-colors/
Bucknell,Team,2,#E87722,Orange,Secondary,https://teamcolorcodes.com/bucknell-bison-colors/
Bucknell,Team,3,#FFFFFF,White,Neutral,https://teamcolorcodes.com/bucknell-bison-colors/
Butler,Team,1,#13294B,Butler Blue,Primary,https://www.butler.edu/marketing/color-palette/
Butler,Team,2,#FFFFFF,(proposed value; not in listed palette),Neutral,https://www.butler.edu/marketing/color-palette/
Butler,Team,3,#00A3E0,Bright Blue,Accent,https://www.butler.edu/marketing/color-palette/
Butler,Team,4,#3178A4,Medium Blue,Accent,https://www.butler.edu/marketing/color-palette/
Butler,Team,5,#D1E0D7,Cool Gray,Neutral,https://www.butler.edu/marketing/color-palette/
Butler,Team,6,#BE4167,Rose,Accent,https://www.butler.edu/marketing/color-palette/
Butler,Team,7,#8BCEC4,Sea Foam,Accent,https://www.butler.edu/marketing/color-palette/
Butler,Team,8,#D4D117,Yellow,Accent,https://www.butler.edu/marketing/color-palette/
Butler,Team,9,#CF9120,Gold,Accent,https://www.butler.edu/marketing/color-palette/
Butler,Team,10,#5D7B22,Forest,Accent,https://www.butler.edu/marketing/color-palette/
BYU,Team,1,#002E5D,Navy,Primary,https://brand.byu.edu/colors
BYU,Team,2,#FFFFFF,White,Neutral,https://brand.byu.edu/colors
BYU,Team,3,#0062B8,Royal Blue,Accent,https://brand.byu.edu/colors
BYU,Team,4,#7C878E,Slate Gray (Marriott School palette),Neutral,https://marriott.byu.edu/brand/identity/color-palette
California,Team,1,#003262,Berkeley Blue,Primary,https://brand.berkeley.edu/visual-identity/colors
California,Team,2,#FDB515,California Gold,Secondary,https://brand.berkeley.edu/visual-identity/colors
California,Team,3,#3B7EA1,Founder's Rock,Accent,https://brand.berkeley.edu/visual-identity/colors
California,Team,4,#C4820E,Medalist,Accent,https://brand.berkeley.edu/visual-identity/colors
Campbell,Team,1,#F47725,Campbell Orange,Primary,https://brand.campbell.edu/visual-identity/color-palette/
Campbell,Team,2,#1E252B,Campbell Black,Secondary,https://brand.campbell.edu/visual-identity/color-palette/
Campbell,Team,3,#FFFFFF,Campbell White,Neutral,https://brand.campbell.edu/visual-identity/color-palette/
Campbell,Team,4,#425060,Campbell Gray,Neutral,https://brand.campbell.edu/visual-identity/color-palette/
Campbell,Team,5,#9E3D14,Brick Pathway Red,Accent,https://brand.campbell.edu/visual-identity/color-palette/
Campbell,Team,6,#BB8B4A,Camel Hair,Accent,https://brand.campbell.edu/visual-identity/color-palette/
Campbell,Team,7,#EFDEB6,Dawn at Kivett,Accent,https://brand.campbell.edu/visual-identity/color-palette/
Central Arkansas,Team,1,#582C83,Purple,Primary,https://uca.edu/toolkit/official-colors/
Central Arkansas,Team,2,#7C878E,Gray,Secondary,https://uca.edu/toolkit/official-colors/
Central Michigan,Team,1,#6A0032,Maroon,Primary,https://www.cmich.edu/offices-departments/university-communications/brand-guidelines/visual-language/color-palette
Central Michigan,Team,2,#FFC82E,Gold,Secondary,https://www.cmich.edu/offices-departments/university-communications/brand-guidelines/visual-language/color-palette
Central Michigan,Team,3,#EF3340,Red Accent 1,Accent,https://www.cmich.edu/offices-departments/university-communications/brand-guidelines/visual-language/color-palette
Central Michigan,Team,4,#B32B3E,Red Accent 2,Accent,https://www.cmich.edu/offices-departments/university-communications/brand-guidelines/visual-language/color-palette
Central Michigan,Team,5,#93283E,Red Accent 3,Accent,https://www.cmich.edu/offices-departments/university-communications/brand-guidelines/visual-language/color-palette
Central Michigan,Team,6,#8DB9CA,Light Blue Accent 1,Accent,https://www.cmich.edu/offices-departments/university-communications/brand-guidelines/visual-language/color-palette
Central Michigan,Team,7,#AFCDDA,Light Blue Accent 2,Accent,https://www.cmich.edu/offices-departments/university-communications/brand-guidelines/visual-language/color-palette
Central Michigan,Team,8,#C4DBE4,Light Blue Accent 3,Accent,https://www.cmich.edu/offices-departments/university-communications/brand-guidelines/visual-language/color-palette
Central Michigan,Team,9,#DBE8EE,Light Blue Accent 4,Accent,https://www.cmich.edu/offices-departments/university-communications/brand-guidelines/visual-language/color-palette
Central Michigan,Team,10,#F3F6F7,Light Blue Accent 5,Accent,https://www.cmich.edu/offices-departments/university-communications/brand-guidelines/visual-language/color-palette
Central Michigan,Team,11,#07272D,Dark Blue Accent 1,Accent,https://www.cmich.edu/offices-departments/university-communications/brand-guidelines/visual-language/color-palette
Central Michigan,Team,12,#264348,Dark Blue Accent 2,Accent,https://www.cmich.edu/offices-departments/university-communications/brand-guidelines/visual-language/color-palette
Central Michigan,Team,13,#556B6F,Dark Blue Accent 3,Accent,https://www.cmich.edu/offices-departments/university-communications/brand-guidelines/visual-language/color-palette
Charleston Southern,Team,1,#002855,Blue,Primary,https://teamcolorcodes.com/charleston-southern-buccaneers-colors/
Charleston Southern,Team,2,#A8996E,Gold,Secondary,https://teamcolorcodes.com/charleston-southern-buccaneers-colors/
Charleston Southern,Team,3,#FFFFFF,White,Neutral,https://teamcolorcodes.com/charleston-southern-buccaneers-colors/
Chattanooga,Team,1,#00386B,Navy Blue,Primary,https://teamcolorcodes.com/chattanooga-mocs-colors/
Chattanooga,Team,2,#E0AA0F,Old Gold,Secondary,https://teamcolorcodes.com/chattanooga-mocs-colors/
Chattanooga,Team,3,#ADAFAA,Gray,Neutral,https://teamcolorcodes.com/chattanooga-mocs-colors/
Citadel,Team,1,#002856,Flag Blue,Primary,https://brand.citadel.edu/identity/colors
Citadel,Team,2,#7BADD3,Infantry Blue,Secondary,https://brand.citadel.edu/identity/colors
Citadel,Team,3,#EDAE17,Ring Gold,Accent,https://brand.citadel.edu/identity/colors
Citadel,Team,4,#575856,Pepper Gray,Neutral,https://brand.citadel.edu/identity/colors
Citadel,Team,5,#BA0C2F,Big Red,Accent,https://brand.citadel.edu/identity/colors
Citadel,Team,6,#D8DFE1,Bulldog Gray,Neutral,https://brand.citadel.edu/identity/colors
Citadel,Team,7,#3D7CC9,Modern Blue,Accent,https://brand.citadel.edu/identity/colors
Clemson,Team,1,#F56600,Clemson Orange,Primary,https://www.clemson.edu/brand/color/index.html
Clemson,Team,2,#522D80,Regalia,Secondary,https://www.clemson.edu/brand/color/index.html
Clemson,Team,3,#FFFFFF,Goal Line,Neutral,https://www.clemson.edu/brand/color/index.html
Clemson,Team,4,#2E1A47,Diploma,Accent,https://www.clemson.edu/brand/color/index.html
Clemson,Team,5,#333333,College Avenue,Neutral,https://www.clemson.edu/brand/color/index.html
Coastal Carolina,Team,1,#006F71,Coastal Teal,Primary,https://teamcolorcodes.com/coastal-carolina-chanticleers/
Coastal Carolina,Team,2,#A27752,Bronze,Secondary,https://teamcolorcodes.com/coastal-carolina-chanticleers/
Coastal Carolina,Team,3,#111111,Black,Neutral,https://teamcolorcodes.com/coastal-carolina-chanticleers/
Colgate,Team,1,#821019,Colgate Maroon,Primary,https://www.colgate.edu/node/80531/athletics-identity
Colgate,Team,2,#FFFFFF,White,Neutral,https://www.colgate.edu/node/80531/athletics-identity
Colgate,Team,3,#000000,Night Black,Neutral,https://www.colgate.edu/node/80531/athletics-identity
Colorado,Team,1,#CFB87C,CU Gold,Primary,https://www.colorado.edu/brand/node/38
Colorado,Team,2,#000000,Black,Neutral,https://www.colorado.edu/brand/node/38
Colorado,Team,3,#565A5C,CU Dark Gray,Neutral,https://www.colorado.edu/brand/node/38
Colorado,Team,4,#A2A4A3,CU Light Gray,Neutral,https://www.colorado.edu/brand/node/38
Colorado State,Team,1,#1E4D2B,Colorado State Green,Primary,https://brand.colostate.edu/color/
Colorado State,Team,2,#C8C372,Colorado State Gold,Secondary,https://brand.colostate.edu/color/
Colorado State,Team,3,#D9782D,Aggie Orange,Accent,https://brand.colostate.edu/color/
Colorado State,Team,4,#59595B,80% Black,Neutral,https://brand.colostate.edu/color/
Colorado State,Team,5,#FFFFFF,White,Neutral,https://brand.colostate.edu/color/
Columbia,Team,1,#9BCBEB,Columbia Blue,Primary,https://teamcolorcodes.com/columbia-lions-color-codes/
Columbia,Team,2,#003865,Athletic Dark Blue,Secondary,https://teamcolorcodes.com/columbia-lions-color-codes/
Columbia,Team,3,#FFFFFF,White,Neutral,https://teamcolorcodes.com/columbia-lions-color-codes/
Columbia,Team,4,#1D4F91,Primary Blue (PMS 7686C),Accent,https://visualidentity.columbia.edu/content/color
Columbia,Team,5,#003087,Secondary Blue 1 (PMS 287C),Accent,https://visualidentity.columbia.edu/content/color
Columbia,Team,6,#0077C8,Secondary Blue 2 (PMS 3005C),Accent,https://visualidentity.columbia.edu/content/color
Columbia,Team,7,#6CACE4,Secondary Blue 3 (PMS 284C),Accent,https://visualidentity.columbia.edu/content/color
Columbia,Team,8,#C75000,Accent Color 1 (PMS 718C),Accent,https://visualidentity.columbia.edu/content/color
Columbia,Team,9,#222222,Neutral 1 (Neutral Black C),Neutral,https://visualidentity.columbia.edu/content/color
Columbia,Team,10,#53565A,Neutral 2 (Cool Gray 11C),Neutral,https://visualidentity.columbia.edu/content/color
Columbia,Team,11,#D0D0CE,Neutral 3 (Cool Gray 2C),Neutral,https://visualidentity.columbia.edu/content/color
Columbia,Team,12,#F0F0F0,Neutral 4 (Anti-flash White),Neutral,https://visualidentity.columbia.edu/content/color
Cornell,Team,1,#B31B1B,Carnelian,Primary,https://teamcolorcodes.com/cornell-big-red-color-codes/
Cornell,Team,2,#FFFFFF,White,Neutral,https://teamcolorcodes.com/cornell-big-red-color-codes/
Cornell,Team,3,#000000,Black,Neutral,https://teamcolorcodes.com/cornell-big-red-color-codes/
Cornell,Team,4,#5E3920,Brown,Accent,https://teamcolorcodes.com/cornell-big-red-color-codes/
Cornell,Team,5,#89572E,Light Brown,Accent,https://teamcolorcodes.com/cornell-big-red-color-codes/
Dartmouth,Team,1,#00693E,Dartmouth Green,Primary,https://communications.dartmouth.edu/visual-identity/design-elements/color-palette
Dartmouth,Team,2,#FFFFFF,Snow White,Neutral,https://communications.dartmouth.edu/visual-identity/design-elements/color-palette
Dartmouth,Team,3,#000000,Midnight Black,Neutral,https://communications.dartmouth.edu/visual-identity/design-elements/color-palette
Dartmouth,Team,4,#12312B,Forest Green,Accent,https://communications.dartmouth.edu/visual-identity/design-elements/color-palette
Davidson,Team,1,#AC1A2F,Davidson Red,Primary,https://teamcolorcodes.com/davidson-wildcats-color-codes/
Davidson,Team,2,#000000,Black,Neutral,https://teamcolorcodes.com/davidson-wildcats-color-codes/
Davidson,Team,3,#FFFFFF,White,Neutral,https://teamcolorcodes.com/davidson-wildcats-color-codes/
Dayton,Team,1,#CE1141,Red Scare,Primary,https://teamcolorcodes.com/dayton-flyers-color-codes
Dayton,Team,2,#004B8D,Flyers Blue,Secondary,https://teamcolorcodes.com/dayton-flyers-color-codes
Dayton,Team,3,#FFFFFF,White,Neutral,https://teamcolorcodes.com/dayton-flyers-color-codes
Dayton,Team,4,#F80228,Glow Red,Accent,https://teamcolorcodes.com/dayton-flyers-color-codes
Dayton,Team,5,#0200D1,Glow Blue,Accent,https://teamcolorcodes.com/dayton-flyers-color-codes
Delaware,Team,1,#00539F,Delaware Blue,Primary,https://usteamcolors.com/university-of-delaware-colors/
Delaware,Team,2,#FFD200,Delaware Gold,Secondary,https://usteamcolors.com/university-of-delaware-colors/
Delaware,Team,3,#00A0DF,YoUDee Blue,Accent,https://www.udel.edu/content/dam/udelImages/ocm/style-guide/signage-style-guide.pdf
Delaware,Team,4,#AF1E2D,Delaware Red,Accent,https://www.udel.edu/content/dam/udelImages/ocm/style-guide/signage-style-guide.pdf
Delaware,Team,5,#BDBDBD,Delaware Gray (Cool Gray 4C),Neutral,https://www.udel.edu/content/dam/udelImages/ocm/style-guide/signage-style-guide.pdf
Delaware State,Team,1,#EE3124,Red,Primary,https://teamcolorcodes.com/delaware-state-hornets-colors/
Delaware State,Team,2,#009DDC,Columbia Blue,Secondary,https://teamcolorcodes.com/delaware-state-hornets-colors/
Delaware State,Team,3,#72CDF4,Light Blue,Accent,https://teamcolorcodes.com/delaware-state-hornets-colors/
Delaware State,Team,4,#231F20,Black,Neutral,https://teamcolorcodes.com/delaware-state-hornets-colors/
Duke,Team,1,#012169,Duke Navy Blue,Primary,https://sites.duke.edu/aedbrand/?p=92
Duke,Team,2,#FFFFFF,White,Neutral,https://sites.duke.edu/aedbrand/?p=92
Duke,Team,3,#00539B,Duke Royal Blue,Accent,https://sites.duke.edu/aedbrand/?p=92
Duke,Team,4,#C84E00,Copper,Accent,https://sites.duke.edu/aedbrand/?p=92
Duke,Team,5,#E89923,Persimmon,Accent,https://sites.duke.edu/aedbrand/?p=92
Duke,Team,6,#FFD960,Dandelion,Accent,https://sites.duke.edu/aedbrand/?p=92
Duke,Team,7,#A1B70D,Piedmont,Accent,https://sites.duke.edu/aedbrand/?p=92
Duke,Team,8,#339898,Eno,Accent,https://sites.duke.edu/aedbrand/?p=92
Duke,Team,9,#1D6363,Magnolia,Accent,https://sites.duke.edu/aedbrand/?p=92
Duke,Team,10,#005587,Prussian Blue,Accent,https://sites.duke.edu/aedbrand/?p=92
Duke,Team,11,#0577B1,Shale Blue,Accent,https://sites.duke.edu/aedbrand/?p=92
Duke,Team,12,#993399,Ironweed,Accent,https://sites.duke.edu/aedbrand/?p=92
Duke,Team,13,#E2E6ED,Hatteras,Neutral,https://sites.duke.edu/aedbrand/?p=92
Duke,Team,14,#F3F2F1,Whisper Gray,Neutral,https://sites.duke.edu/aedbrand/?p=92
Duke,Team,15,#FCF7E5,Ginger Beer,Neutral,https://sites.duke.edu/aedbrand/?p=92
Duke,Team,16,#988675,Dogwood,Neutral,https://sites.duke.edu/aedbrand/?p=92
Duke,Team,17,#DAD0C6,Shackleford,Neutral,https://sites.duke.edu/aedbrand/?p=92
Duke,Team,18,#262626,Cast Iron,Neutral,https://sites.duke.edu/aedbrand/?p=92
Duke,Team,19,#666666,Graphite,Neutral,https://sites.duke.edu/aedbrand/?p=92
Duke,Team,20,#B5B5B5,Granite,Neutral,https://sites.duke.edu/aedbrand/?p=92
Duke,Team,21,#E5E5E5,Limestone,Neutral,https://sites.duke.edu/aedbrand/?p=92
Eastern Kentucky,Team,1,#4C151E,Primary (approved value),Primary,https://www.brandcolorcode.com/eastern-kentucky-colonels
Eastern Kentucky,Team,2,#FFFFFF,White,Neutral,https://www.brandcolorcode.com/eastern-kentucky-colonels
Eastern Kentucky,Team,3,#000000,Black,Neutral,https://www.brandcolorcode.com/eastern-kentucky-colonels
Eastern Michigan,Team,1,#006633,EMU Green,Primary,https://teamcolorcodes.com/eastern-michigan-eagles-color-codes/
Eastern Michigan,Team,2,#FFFFFF,White,Neutral,https://teamcolorcodes.com/eastern-michigan-eagles-color-codes/
Eastern Michigan,Team,3,#000000,Black,Neutral,https://teamcolorcodes.com/eastern-michigan-eagles-color-codes/
Eastern Michigan,Team,4,#97D700,Neon (PMS 375),Accent,https://www.emich.edu/brand-experience/brand-standards/logo-colors-type/index.php
Eastern Washington,Team,1,#B7142E,Eagle Red,Primary,https://cdn.ewu.edu/wp-content/uploads/2023/05/EWU-Logo-Usage-Guide-ADA.pdf
Eastern Washington,Team,2,#FFFFFF,White,Neutral,https://cdn.ewu.edu/wp-content/uploads/2023/05/EWU-Logo-Usage-Guide-ADA.pdf
Eastern Washington,Team,3,#000000,Black,Neutral,https://cdn.ewu.edu/wp-content/uploads/2023/05/EWU-Logo-Usage-Guide-ADA.pdf
ETSU,Team,1,#041E42,Navy,Primary,https://calendar.etsu.edu/brand/documents/etsu_athletic_standards_guide.pdf
ETSU,Team,2,#FFC72C,Gold,Secondary,https://calendar.etsu.edu/brand/documents/etsu_athletic_standards_guide.pdf
Florida,Team,1,#0021A5,Core Blue,Primary,https://brandcenter.ufl.edu/colors/
Florida,Team,2,#FA4616,Core Orange,Secondary,https://brandcenter.ufl.edu/colors/
Florida,Team,3,#000000,Black,Neutral,https://brandcenter.ufl.edu/colors/
Florida,Team,4,#FFFFFF,White,Neutral,https://brandcenter.ufl.edu/colors/
Florida A&M,Team,1,#EE7624,Fang Orange (PMS 158C) - 2018 guide,Primary,https://experience.famu.edu/administration/communications/pdf/2018-StyleGuide.pdf
Florida A&M,Team,2,#1B5633,Venom Green (PMS 357C) - 2018 guide,Secondary,https://experience.famu.edu/administration/communications/pdf/2018-StyleGuide.pdf
Florida Atlantic,Team,1,#003366,FAU Blue,Primary,https://www.fau.edu/styleguide/colors/
Florida Atlantic,Team,2,#CC0000,FAU Red,Secondary,https://www.fau.edu/styleguide/colors/
Florida Atlantic,Team,3,#4D4C55,FAU Dark Gray,Neutral,https://www.fau.edu/styleguide/colors/
Florida Atlantic,Team,4,#CCCCCC,FAU Gray,Neutral,https://www.fau.edu/styleguide/colors/
Florida International,Team,1,#081E3F,FIU Blue,Primary,https://brand.fiu.edu/visual-styles/colors/
Florida International,Team,2,#D1A644,FIU Gold,Secondary,https://brand.fiu.edu/visual-styles/colors/
Florida International,Team,3,#FFCC00,Bright Gold,Accent,https://brand.fiu.edu/visual-styles/colors/
Florida International,Team,4,#FFFFFF,White,Neutral,https://brand.fiu.edu/visual-styles/colors/
Florida International,Team,5,#00B7D5,Cyan,Accent,https://brand.fiu.edu/visual-styles/colors/
Florida International,Team,6,#CC0066,Magenta,Accent,https://brand.fiu.edu/visual-styles/colors/
Fresno State,Team,1,#C41230,Cardinal (PMS 186),Primary,https://brand.fresnostate.edu/visual-identity/athletics-brand-guidelines/color.html
Fresno State,Team,2,#13284C,Blue (PMS 2767),Secondary,https://brand.fresnostate.edu/visual-identity/athletics-brand-guidelines/color.html
Fresno State,Team,3,#007935,Green (PMS 356) - athletics,Accent,https://brand.fresnostate.edu/visual-identity/athletics-brand-guidelines/color.html
Fresno State,Team,4,#98989A,Cool Gray 7 - athletics background,Neutral,https://brand.fresnostate.edu/visual-identity/athletics-brand-guidelines/color.html
Fresno State,Team,5,#CED1D4,Cool Gray - university,Neutral,https://brand.fresnostate.edu/visual-identity/athletics-brand-guidelines/color.html
Fresno State,Team,6,#FFFFFF,White,Neutral,https://brand.fresnostate.edu/visual-identity/athletics-brand-guidelines/color.html
FSU,Team,1,#782F40,FSU Garnet,Primary,https://brand.fsu.edu/visual-style
FSU,Team,2,#CEB888,FSU Gold,Secondary,https://brand.fsu.edu/visual-style
FSU,Team,3,#FFFFFF,White,Neutral,https://brand.fsu.edu/visual-style
FSU,Team,4,#101820,Stadium Night,Neutral,https://brand.fsu.edu/visual-style
FSU,Team,5,#572932,Plaza Brick,Accent,https://brand.fsu.edu/visual-style
FSU,Team,6,#DFD1A7,Gulf Sands,Accent,https://brand.fsu.edu/visual-style
FSU,Team,7,#425563,Legacy Blue,Accent,https://brand.fsu.edu/visual-style
FSU,Team,8,#5CB8B2,Westcott Water,Accent,https://brand.fsu.edu/visual-style
FSU,Team,9,#A6192E,Vault Garnet,Accent,https://brand.fsu.edu/visual-style
FSU,Team,10,#FFC72C,Vault Gold,Accent,https://brand.fsu.edu/visual-style
Furman,Team,1,#582C83,Purple (PMS 268),Primary,https://teamcolorcodes.com/furman-paladins-colors/
Furman,Team,2,#FFFFFF,White,Neutral,https://teamcolorcodes.com/furman-paladins-colors/
Furman,Team,3,#201547,Dark Purple (PMS 2765),Accent,https://teamcolorcodes.com/furman-paladins-colors/
Furman,Team,4,#A7A8AA,Cool Gray 6,Neutral,https://teamcolorcodes.com/furman-paladins-colors/
Georgetown,Team,1,#041E42,Georgetown Blue,Primary,https://www.georgetown.edu/color-guide/
Georgetown,Team,2,#63666A,Georgetown Gray,Secondary,https://www.georgetown.edu/color-guide/
Georgetown,Team,3,#012169,PMS 280,Accent,https://www.georgetown.edu/color-guide/
Georgetown,Team,4,#003DA5,PMS 293,Accent,https://www.georgetown.edu/color-guide/
Georgetown,Team,5,#BBBCBC,Cool Gray 4,Neutral,https://www.georgetown.edu/color-guide/
Georgetown,Team,6,#D6D2C4,PMS 7527,Neutral,https://www.georgetown.edu/color-guide/
Georgia,Team,1,#BA0C2F,Bulldog Red,Primary,https://brand.uga.edu/color
Georgia,Team,2,#000000,Arch Black,Neutral,https://brand.uga.edu/color
Georgia,Team,3,#FFFFFF,Chapel Bell White,Neutral,https://brand.uga.edu/color
Georgia,Team,4,#9EA2A2,Stegeman,Neutral,https://brand.uga.edu/color
Georgia,Team,5,#D6D2C4,Creamery,Neutral,https://brand.uga.edu/color
Georgia,Team,6,#554F47,Sanford,Neutral,https://brand.uga.edu/color
Georgia,Team,7,#E4002B,Glory Glory,Accent,https://brand.uga.edu/color
Georgia,Team,8,#00A3AD,Lake Herrick,Accent,https://brand.uga.edu/color
Georgia,Team,9,#B4BD00,Hedges,Accent,https://brand.uga.edu/color
Georgia,Team,10,#004E60,Olympic,Accent,https://brand.uga.edu/color
Georgia,Team,11,#C8D8EB,Odyssey,Accent,https://brand.uga.edu/color
Georgia Southern,Team,1,#041E42,Navy Blue,Primary,https://www.brandcolorcode.com/georgia-southern-eagles
Georgia Southern,Team,2,#FFFFFF,White,Neutral,https://www.brandcolorcode.com/georgia-southern-eagles
Georgia Southern,Team,3,#A5ACAF,Gray,Neutral,https://www.brandcolorcode.com/georgia-southern-eagles
Georgia Southern,Team,4,#A99260,Gold,Accent,https://www.brandcolorcode.com/georgia-southern-eagles
Georgia State,Team,1,#0039A6,Georgia State Blue,Primary,https://usteamcolors.com/georgia-state-university-colors/
Georgia State,Team,2,#FFFFFF,White,Neutral,https://usteamcolors.com/georgia-state-university-colors/
Georgia Tech,Team,1,#B39051,Gold,Primary,https://brand.gatech.edu/our-look/colors
Georgia Tech,Team,2,#051E39,Navy,Secondary,https://brand.gatech.edu/our-look/colors
Georgia Tech,Team,3,#FFFFFF,White,Neutral,https://brand.gatech.edu/our-look/colors
Georgia Tech,Team,4,#8F713D,Dark Gold,Accent,https://brand.gatech.edu/our-look/colors
Georgia Tech,Team,5,#F9F6E5,Diploma,Accent,https://brand.gatech.edu/our-look/colors
Georgia Tech,Team,6,#EAAA00,Buzz,Accent,https://brand.gatech.edu/our-look/colors
Grambling State,Team,1,#EAAA00,Gold,Primary,https://www.brandcolorcode.com/grambling-state-tigers
Grambling State,Team,2,#000000,Black,Neutral,https://www.brandcolorcode.com/grambling-state-tigers
Harvard,Team,1,#A31F36,Crimson,Primary,https://www.brandcolorcode.com/harvard-crimson
Harvard,Team,2,#FFFFFF,White,Neutral,https://www.brandcolorcode.com/harvard-crimson
Harvard,Team,3,#2C2A29,Black,Neutral,https://www.brandcolorcode.com/harvard-crimson
Hawaii,Team,1,#024731,Green,Primary,https://www.brandcolorcode.com/hawaii-rainbow-warriors
Hawaii,Team,2,#FFFFFF,White,Neutral,https://www.brandcolorcode.com/hawaii-rainbow-warriors
Hawaii,Team,3,#000000,Black,Neutral,https://www.brandcolorcode.com/hawaii-rainbow-warriors
Hawaii,Team,4,#BEBEC0,Silver,Neutral,https://www.brandcolorcode.com/hawaii-rainbow-warriors
Holy Cross,Team,1,#602D89,Royal Purple,Primary,https://www.brandcolorcode.com/holy-cross-crusaders
Holy Cross,Team,2,#FFFFFF,White,Neutral,https://www.brandcolorcode.com/holy-cross-crusaders
Howard,Team,1,#003A63,Dark Blue (PMS 2965),Primary,https://teamcolorcodes.com/howard-bison-colors/
Howard,Team,2,#E51937,Red (PMS 186),Secondary,https://teamcolorcodes.com/howard-bison-colors/
Howard,Team,3,#6A808C,Gray (PMS 2165),Neutral,https://teamcolorcodes.com/howard-bison-colors/
Howard,Team,4,#FFFFFF,White,Neutral,https://teamcolorcodes.com/howard-bison-colors/
Idaho,Team,1,#B3A369,Primary (approved value),Primary,https://www.uidaho.edu/brand/brand-style-guide
Idaho,Team,2,#000000,Secondary (approved value),Neutral,https://www.uidaho.edu/brand/brand-style-guide
Idaho,Team,3,#808080,Silver,Neutral,https://www.uidaho.edu/brand/brand-style-guide
Idaho,Team,4,#FFFFFF,White,Neutral,https://www.uidaho.edu/brand/brand-style-guide
Illinois,Team,1,#FF5F05,Illini Orange,Primary,https://brand.illinois.edu/?p=859
Illinois,Team,2,#13294B,Illini Blue,Secondary,https://brand.illinois.edu/?p=859
Illinois,Team,3,#707372,Storm,Neutral,https://brand.illinois.edu/?p=859
Illinois,Team,4,#FFFFFF,White,Neutral,https://brand.illinois.edu/?p=859
Illinois,Team,5,#000000,Black,Neutral,https://brand.illinois.edu/?p=859
Indiana,Team,1,#990000,Crimson (PMS 201),Primary,https://teamcolorcodes.com/indiana-hoosiers-color-codes/
Indiana,Team,2,#EEEDEB,Cream (PMS 663),Secondary,https://teamcolorcodes.com/indiana-hoosiers-color-codes/
Iowa,Team,1,#FFCD00,Gold (PMS 116),Primary,https://brand.uiowa.edu/color
Iowa,Team,2,#000000,Black,Neutral,https://brand.uiowa.edu/color
Iowa,Team,3,#BBBCBC,Cool Gray 4,Neutral,https://brand.uiowa.edu/color
Iowa,Team,4,#63666A,Cool Gray 10,Neutral,https://brand.uiowa.edu/color
Iowa State,Team,1,#C8102E,Cardinal (PMS 186),Primary,https://marcom.iastate.edu/color-palette
Iowa State,Team,2,#F1BE48,Gold (PMS 142),Secondary,https://marcom.iastate.edu/color-palette
Iowa State,Team,3,#524727,PMS 449,Accent,https://marcom.iastate.edu/color-palette
Iowa State,Team,4,#9B945F,PMS 451,Accent,https://marcom.iastate.edu/color-palette
Iowa State,Team,5,#CAC7A7,PMS 454,Accent,https://marcom.iastate.edu/color-palette
Jackson State,Team,1,#002147,Navy Blue,Primary,https://www.brandcolorcode.com/jackson-state-tigers-and-lady-tigers
Jackson State,Team,2,#FFFFFF,White,Neutral,https://www.brandcolorcode.com/jackson-state-tigers-and-lady-tigers
Jackson State,Team,3,#009CDE,"Highlight Blue (PMS 2925, Pantone conversion)",Accent,https://www.jsums.edu/universitycommunications/files/2020/04/2019-Brand-Style-Guide-FINAL.pdf
Jacksonville State,Team,1,#CC0000,University Red,Primary,https://www.brandcolorcode.com/jacksonville-state-gamecocks
Jacksonville State,Team,2,#FFFFFF,White,Neutral,https://www.brandcolorcode.com/jacksonville-state-gamecocks
Jacksonville State,Team,3,#000000,Black,Neutral,https://www.brandcolorcode.com/jacksonville-state-gamecocks
James Madison,Team,1,#450084,JMU Purple,Primary,https://www.jmu.edu/identity/our-style/color.shtml
James Madison,Team,2,#CBB677,JMU Gold,Secondary,https://www.jmu.edu/identity/our-style/color.shtml
James Madison,Team,3,#333333,Slate Gray,Neutral,https://www.jmu.edu/identity/our-style/color.shtml
James Madison,Team,4,#FFFFFF,White,Neutral,https://www.jmu.edu/identity/our-style/color.shtml
Kansas,Team,1,#0051BA,Kansas Blue,Primary,https://brand.ku.edu/guidelines/color
Kansas,Team,2,#E8000D,Crimson,Secondary,https://brand.ku.edu/guidelines/color
Kansas,Team,3,#FFFFFF,White,Neutral,"Official school color per Chris (league data manager), 2026-10-07"
Kansas,Team,4,#FFC82D,Jayhawk Yellow,Accent,https://brand.ku.edu/guidelines/color
Kansas,Team,5,#85898A,Signature Gray,Neutral,https://brand.ku.edu/guidelines/color
Kansas State,Team,1,#512888,K-State Purple,Primary,https://www.k-state.edu/communications-marketing/brand-style/visual-language/color/
Kansas State,Team,2,#FFFFFF,White,Neutral,https://www.k-state.edu/communications-marketing/brand-style/visual-language/color/
Kansas State,Team,3,#000000,Black,Neutral,https://www.k-state.edu/communications-marketing/brand-style/visual-language/color/
Kansas State,Team,4,#D1D1D1,20% Black,Neutral,https://www.k-state.edu/communications-marketing/brand-style/visual-language/color/
Kansas State,Team,5,#A7A7A7,40% Black,Neutral,https://www.k-state.edu/communications-marketing/brand-style/visual-language/color/
Kennesaw State,Team,1,#FDBB30,KSU Gold (PMS 1235),Primary,https://styleguide.kennesaw.edu/docs/AthleticsStyleGuide.pdf
Kennesaw State,Team,2,#0B1315,Black,Secondary,https://styleguide.kennesaw.edu/docs/AthleticsStyleGuide.pdf
Kennesaw State,Team,3,#C5C6C8,Grey (PMS 421),Neutral,https://styleguide.kennesaw.edu/docs/AthleticsStyleGuide.pdf
Kentucky,Team,1,#0033A0,Wildcat Blue,Primary,https://www.brandcolorcode.com/kentucky-wildcats
Kentucky,Team,2,#FFFFFF,White,Neutral,https://www.brandcolorcode.com/kentucky-wildcats
Lehigh,Team,1,#653819,Lehigh Brown,Primary,https://www.brandcolorcode.com/lehigh-mountain-hawks
Lehigh,Team,2,#FFFFFF,White,Neutral,https://www.brandcolorcode.com/lehigh-mountain-hawks
Lehigh,Team,3,#B9975B,Tan,Accent,https://www.brandcolorcode.com/lehigh-mountain-hawks
Lehigh,Team,4,#833921,Brown 2,Accent,https://www.brandcolorcode.com/lehigh-mountain-hawks
Louisiana,Team,1,#CE181E,Vermilion (PMS 186),Primary,https://teamcolorcodes.com/louisiana-ragin-cajuns-color-codes/
Louisiana,Team,2,#FFFFFF,White,Neutral,https://teamcolorcodes.com/louisiana-ragin-cajuns-color-codes/
Louisiana,Team,3,#0A0203,Black,Neutral,https://teamcolorcodes.com/louisiana-ragin-cajuns-color-codes/
Louisiana,Team,4,#C1C5C9,Gray (PMS 428),Neutral,https://teamcolorcodes.com/louisiana-ragin-cajuns-color-codes/
Louisiana,Team,5,#F18C21,Orange (PMS 144),Accent,https://teamcolorcodes.com/louisiana-ragin-cajuns-color-codes/
Louisiana Monroe,Team,1,#800029,Maroon,Primary,https://www.brandcolorcode.com/louisiana-monroe-warhawks
Louisiana Monroe,Team,2,#FDB913,Gold,Secondary,https://www.brandcolorcode.com/louisiana-monroe-warhawks
Louisiana Monroe,Team,3,#FFFFFF,White,Neutral,https://www.brandcolorcode.com/louisiana-monroe-warhawks
Louisiana Tech,Team,1,#003087,Tech Blue (PMS 287),Primary,https://brand.latech.edu/identity-standards/university-colors/
Louisiana Tech,Team,2,#CB333B,Tech Red (PMS 1797),Secondary,https://brand.latech.edu/identity-standards/university-colors/
Louisiana Tech,Team,3,#69B3E7,Lady Techster Blue (PMS 292),Accent,https://brand.latech.edu/identity-standards/university-colors/
Louisiana Tech,Team,4,#A2AAAD,PMS 429,Neutral,https://brand.latech.edu/identity-standards/university-colors/
Louisiana Tech,Team,5,#000000,Black,Neutral,https://brand.latech.edu/identity-standards/university-colors/
Louisiana Tech,Team,6,#FFFFFF,White,Neutral,https://brand.latech.edu/identity-standards/university-colors/
Louisville,Team,1,#AD0000,Cardinal Red,Primary,https://brand.louisville.edu/visual/color
Louisville,Team,2,#000000,Black,Neutral,https://brand.louisville.edu/visual/color
Louisville,Team,3,#FFFFFF,White,Neutral,https://brand.louisville.edu/visual/color
Louisville,Team,4,#FEBE10,Courage (gold accent),Accent,https://brand.louisville.edu/visual/color
LSU,Team,1,#461D7C,LSU Purple,Primary,https://www.brandcolorcode.com/lsu-tigers
LSU,Team,2,#FDD023,LSU Gold,Secondary,https://www.brandcolorcode.com/lsu-tigers
LSU,Team,3,#FFFFFF,White,Neutral,https://www.brandcolorcode.com/lsu-tigers
Maine,Team,1,#082E58,Dark Blue (PMS 289),Primary,https://umaine.edu/marcom/brand/visual-identity/
Maine,Team,2,#79BDE8,Light Blue (PMS 292),Secondary,https://umaine.edu/marcom/brand/visual-identity/
Maine,Team,3,#FFFFFF,White,Neutral,https://umaine.edu/marcom/brand/visual-identity/
Maine,Team,4,#AB0634,Red (PMS 194),Accent,https://umaine.edu/marcom/brand/visual-identity/
Maine,Team,5,#000000,Black,Neutral,https://umaine.edu/marcom/brand/visual-identity/
Maine,Team,6,#908C89,Gray,Neutral,https://umaine.edu/marcom/brand/visual-identity/
Marshall,Team,1,#00B140,Kelly Green,Primary,https://www.brandcolorcode.com/marshall-university
Marshall,Team,2,#FFFFFF,Secondary (approved value),Neutral,https://www.brandcolorcode.com/marshall-university
Marshall,Team,3,#27251F,Black,Neutral,https://www.brandcolorcode.com/marshall-university
Marshall,Team,4,#145F1F,Dark Green,Accent,https://www.marshall.edu/brandservices/files/2026/04/2026_MU_Brandguide.pdf
Marshall,Team,5,#C5E2C2,Warm Green,Accent,https://www.marshall.edu/brandservices/files/2026/04/2026_MU_Brandguide.pdf
Marshall,Team,6,#333132,Charcoal,Neutral,https://www.marshall.edu/brandservices/files/2026/04/2026_MU_Brandguide.pdf
Marshall,Team,7,#A2AAAD,Gray,Neutral,https://www.marshall.edu/brandservices/files/2026/04/2026_MU_Brandguide.pdf
Maryland,Team,1,#E21833,Maryland Red,Primary,https://brand.umd.edu/colors
Maryland,Team,2,#FFD200,Maryland Gold,Secondary,https://brand.umd.edu/colors
Maryland,Team,3,#FFFFFF,White,Neutral,https://brand.umd.edu/colors
Maryland,Team,4,#000000,Black,Neutral,https://brand.umd.edu/colors
Memphis,Team,1,#003087,University Blue,Primary,https://memphis.edu/communications/brand/memphis_24-25_brand-cheet-sheet.pdf
Memphis,Team,2,#898D8D,University Grey,Secondary,https://memphis.edu/communications/brand/memphis_24-25_brand-cheet-sheet.pdf
Memphis,Team,3,#D0E6E8,River Blue (PMS 7457 CP),Accent,https://memphis.edu/communications/brand/memphis_24-25_brand-cheet-sheet.pdf
Memphis,Team,4,#00AFBA,Legacy Teal,Accent,https://memphis.edu/communications/brand/memphis_24-25_brand-cheet-sheet.pdf
Memphis,Team,5,#00ADE6,Spirit Blue (PMS 2995 CP),Accent,https://memphis.edu/communications/brand/memphis_24-25_brand-cheet-sheet.pdf
Memphis,Team,6,#3569A7,True Blue (PMS 2387 CP),Accent,https://memphis.edu/communications/brand/memphis_24-25_brand-cheet-sheet.pdf
Memphis,Team,7,#1F3A60,Rhythm Blue (PMS 295 CP),Accent,https://memphis.edu/communications/brand/memphis_24-25_brand-cheet-sheet.pdf
Miami,Team,1,#F47321,Orange,Primary,https://webcomm.miami.edu/resources/identity/color/index.html
Miami,Team,2,#005030,Green,Secondary,https://webcomm.miami.edu/resources/identity/color/index.html
Miami,Team,3,#FFFFFF,White,Neutral,https://webcomm.miami.edu/resources/identity/color/index.html
Michigan,Team,1,#00274C,Michigan Blue,Primary,https://brand.umich.edu/design-community/colors
Michigan,Team,2,#FFCB05,Michigan Maize,Secondary,https://brand.umich.edu/design-community/colors
Michigan,Team,3,#9A3324,Tappan Red,Accent,https://brand.umich.edu/design-community/colors
Michigan,Team,4,#D86018,Ross Orange,Accent,https://brand.umich.edu/design-community/colors
Michigan,Team,5,#75988D,Rackham Green,Accent,https://brand.umich.edu/design-community/colors
Michigan,Team,6,#A5A508,Wave Field Green,Accent,https://brand.umich.edu/design-community/colors
Michigan,Team,7,#00B2A9,Taubman Teal,Accent,https://brand.umich.edu/design-community/colors
Michigan,Team,8,#2F65A7,Arboretum Blue,Accent,https://brand.umich.edu/design-community/colors
Michigan,Team,9,#702082,A2 Amethyst,Accent,https://brand.umich.edu/design-community/colors
Michigan,Team,10,#575294,Matthaei Violet,Accent,https://brand.umich.edu/design-community/colors
Michigan,Team,11,#E01F7C,Peony Pink,Accent,https://brand.umich.edu/design-community/colors
Michigan,Team,12,#CFC096,UMMA Tan,Neutral,https://brand.umich.edu/design-community/colors
Michigan,Team,13,#9B9A6D,Burton Tower Beige,Accent,https://brand.umich.edu/design-community/colors
Michigan,Team,14,#989C97,Angell Hall Ash,Neutral,https://brand.umich.edu/design-community/colors
Michigan,Team,15,#655A52,Law Quad Stone,Neutral,https://brand.umich.edu/design-community/colors
Michigan,Team,16,#131516,Puma Black,Neutral,https://brand.umich.edu/design-community/colors
Michigan State,Team,1,#18453B,Spartan Green,Primary,https://brand.msu.edu/visual/color-palette
Michigan State,Team,2,#FFFFFF,White,Neutral,https://brand.msu.edu/visual/color-palette
Michigan State,Team,3,#000000,Black,Neutral,https://brand.msu.edu/visual/color-palette
Michigan State,Team,4,#008208,Kelly Green,Accent,https://brand.msu.edu/visual/color-palette
Michigan State,Team,5,#7BBD00,Lime Green,Accent,https://brand.msu.edu/visual/color-palette
Michigan State,Team,6,#0B9A6D,Excellence Green,Accent,https://brand.msu.edu/visual/color-palette
Michigan State,Team,7,#008934,Refresh Green,Accent,https://brand.msu.edu/visual/color-palette
Middle Tennessee State,Team,1,#0066CC,MTSU Blue,Primary,https://www.mtsu.edu/creativesolutions/includes/MTSUBrandingGuide.pdf
Middle Tennessee State,Team,2,#000000,Black,Neutral,https://www.mtsu.edu/creativesolutions/includes/MTSUBrandingGuide.pdf
Middle Tennessee State,Team,3,#F0F0F0,Secondary Gray,Neutral,https://www.mtsu.edu/creativesolutions/includes/MTSUBrandingGuide.pdf
Middle Tennessee State,Team,4,#59B6E6,Secondary Light Blue,Accent,https://www.mtsu.edu/creativesolutions/includes/MTSUBrandingGuide.pdf
Minnesota,Team,1,#7A0019,UMN Maroon,Primary,https://umarcomm.umn.edu/resources/colors-and-type
Minnesota,Team,2,#FFCC33,UMN Gold,Secondary,https://umarcomm.umn.edu/resources/colors-and-type
Minnesota,Team,3,#333333,Darker Gray,Neutral,https://umarcomm.umn.edu/resources/colors-and-type
Minnesota,Team,4,#5B0013,Dark Maroon,Accent,https://umarcomm.umn.edu/resources/colors-and-type
Minnesota,Team,5,#900021,Light Maroon,Accent,https://umarcomm.umn.edu/resources/colors-and-type
Minnesota,Team,6,#FFB71E,Dark Gold,Accent,https://umarcomm.umn.edu/resources/colors-and-type
Minnesota,Team,7,#FFDE7A,Light Gold,Accent,https://umarcomm.umn.edu/resources/colors-and-type
Minnesota,Team,8,#5A5A5A,Dark Gray,Neutral,https://umarcomm.umn.edu/resources/colors-and-type
Minnesota,Team,9,#777677,Medium Gray,Neutral,https://umarcomm.umn.edu/resources/colors-and-type
Minnesota,Team,10,#D5D6D2,Light Gray,Neutral,https://umarcomm.umn.edu/resources/colors-and-type
Minnesota,Team,11,#F0EFEE,Lighter Gray (digital only),Neutral,https://umarcomm.umn.edu/resources/colors-and-type
Minnesota,Team,12,#F9F7F6,Off White (digital only),Neutral,https://umarcomm.umn.edu/resources/colors-and-type
Mississippi State,Team,1,#5D1725,Maroon,Primary,https://brand.msstate.edu/assets/materials/msstatecolors.pdf
Mississippi State,Team,2,#FFFFFF,White,Neutral,https://brand.msstate.edu/assets/materials/msstatecolors.pdf
Mississippi State,Team,3,#C1C6C8,Light Grey,Neutral,https://brand.msstate.edu/assets/materials/msstatecolors.pdf
Mississippi State,Team,4,#777777,Dark Grey,Neutral,https://brand.msstate.edu/assets/materials/msstatecolors.pdf
Mississippi Valley State,Team,1,#006F3C,Green,Primary,https://www.brandcolorcode.com/mississippi-valley-state-university-mvsu
Mississippi Valley State,Team,2,#E51836,Red,Secondary,https://www.brandcolorcode.com/mississippi-valley-state-university-mvsu
Mississippi Valley State,Team,3,#FFFFFF,White,Neutral,"Official school color per Chris (league data manager), 2026-10-07"
Mississippi Valley State,Team,4,#000000,Black,Neutral,"Official school color per Chris (league data manager), 2026-10-07"
Mississippi Valley State,Team,5,#EFB211,Gold,Accent,https://www.brandcolorcode.com/mississippi-valley-state-university-mvsu
Missouri,Team,1,#FDB719,Mizzou Gold,Primary,https://brand.missouri.edu/visual-identity/colors/
Missouri,Team,2,#000000,Tiger Paw Black,Neutral,https://brand.missouri.edu/visual-identity/colors/
Missouri,Team,3,#373A36,Anthracite,Neutral,https://brand.missouri.edu/visual-identity/colors/
Missouri,Team,4,#FFFFFF,White,Neutral,https://brand.missouri.edu/visual-identity/colors/
Monmouth,Team,1,#002855,Shadow Blue,Primary,https://www.monmouth.edu/brand/visual-identity-guidelines/color-palette/
Monmouth,Team,2,#FFFFFF,White,Neutral,https://www.monmouth.edu/brand/visual-identity-guidelines/color-palette/
Monmouth,Team,3,#004C97,Pantone 2945 C,Accent,https://www.monmouth.edu/brand/visual-identity-guidelines/color-palette/
Monmouth,Team,4,#69B3E7,Pantone 292 C,Accent,https://www.monmouth.edu/brand/visual-identity-guidelines/color-palette/
Montana,Team,1,#70002E,Griz Maroon,Primary,https://www.umt.edu/brand/colors.php
Montana,Team,2,#999999,Silver,Secondary,https://www.umt.edu/brand/colors.php
Montana,Team,3,#F9423A,Sunset Red,Accent,https://www.umt.edu/brand/colors.php
Montana,Team,4,#ED8B00,Copper Climb,Accent,https://www.umt.edu/brand/colors.php
Montana State,Team,1,#00205B,Blue,Primary,https://www.brandcolorcode.com/montana-state-bobcats
Montana State,Team,2,#B9975C,Athletic Gold,Secondary,https://www.brandcolorcode.com/montana-state-bobcats
Montana State,Team,3,#FFD990,MSU Gold Light (print),Accent,https://montana.edu/marketing/logo-use-guide.html
Morehead State,Team,1,#0033A0,MSU Blue,Primary,https://moreheadstate.edu/about-msu/leadership/administration/communications-marketing/brand-style-guide/
Morehead State,Team,2,#FFCF00,MSU Gold,Secondary,https://moreheadstate.edu/about-msu/leadership/administration/communications-marketing/brand-style-guide/
Morehead State,Team,3,#005EB8,Accent Blue,Accent,https://moreheadstate.edu/about-msu/leadership/administration/communications-marketing/brand-style-guide/
Morehead State,Team,4,#FFFFFF,White,Neutral,https://moreheadstate.edu/about-msu/leadership/administration/communications-marketing/brand-style-guide/
Murray State,Team,1,#002144,Blue,Primary,https://teamcolorcodes.com/murray-state-racers-colors/
Murray State,Team,2,#ECAC00,Gold,Secondary,https://teamcolorcodes.com/murray-state-racers-colors/
Murray State,Team,3,#FFFFFF,White,Neutral,https://teamcolorcodes.com/murray-state-racers-colors/
Murray State,Team,4,#00A4E3,Lite Blue (PMS 2995),Accent,https://www.murraystate.edu/about/administration/advancement/branding-mkt-comm/toolkit/media/branding_quick-guide.pdf
Murray State,Team,5,#FF4500,Red Orange (Pantone Warm Red),Accent,https://www.murraystate.edu/about/administration/advancement/branding-mkt-comm/toolkit/media/branding_quick-guide.pdf
Navy,Team,1,#00205B,Navy Blue,Primary,https://teamcolorcodes.com/navy-midshipmen-color-codes/
Navy,Team,2,#C5B783,Gold,Secondary,https://teamcolorcodes.com/navy-midshipmen-color-codes/
NC State,Team,1,#CC0000,Wolfpack Red,Primary,https://brand.ncsu.edu/designing-for-nc-state/color/
NC State,Team,2,#FFFFFF,Wolfpack White,Neutral,https://brand.ncsu.edu/designing-for-nc-state/color/
NC State,Team,3,#000000,Wolfpack Black,Neutral,https://brand.ncsu.edu/designing-for-nc-state/color/
NC State,Team,4,#990000,Reynolds Red,Accent,https://brand.ncsu.edu/designing-for-nc-state/color/
NC State,Team,5,#D14905,Pyroman Flame,Accent,https://brand.ncsu.edu/designing-for-nc-state/color/
NC State,Team,6,#FAC800,Hunt Yellow,Accent,https://brand.ncsu.edu/designing-for-nc-state/color/
NC State,Team,7,#6F7D1C,Genomic Green,Accent,https://brand.ncsu.edu/designing-for-nc-state/color/
NC State,Team,8,#008473,Carmichael Aqua,Accent,https://brand.ncsu.edu/designing-for-nc-state/color/
NC State,Team,9,#427E93,Innovation Blue,Accent,https://brand.ncsu.edu/designing-for-nc-state/color/
NC State,Team,10,#4156A1,Bio-Indigo,Accent,https://brand.ncsu.edu/designing-for-nc-state/color/
Nebraska,Team,1,#E41C38,Husker Red,Primary,https://teamcolorcodes.com/nebraska-cornhuskers-colors/
Nebraska,Team,2,#FDF2D9,Cream,Secondary,https://teamcolorcodes.com/nebraska-cornhuskers-colors/
Nebraska,Team,3,#000000,Black,Neutral,https://teamcolorcodes.com/nebraska-cornhuskers-colors/
Nebraska,Team,4,#FFFFFF,White,Neutral,https://teamcolorcodes.com/nebraska-cornhuskers-colors/
Nevada,Team,1,#041E42,Nevada Blue,Primary,https://www.brandcolorcode.com/nevada-wolf-pack
Nevada,Team,2,#8A8D8F,Silver,Secondary,https://www.brandcolorcode.com/nevada-wolf-pack
Nevada,Team,3,#FFFFFF,Nevada White,Neutral,https://www.unr.edu/brand/visual-identity
New Mexico,Team,1,#BA0C2F,Cherry (Red),Primary,https://teamcolorcodes.com/new-mexico-lobos-color-codes/
New Mexico,Team,2,#A7A8AA,Silver,Secondary,https://teamcolorcodes.com/new-mexico-lobos-color-codes/
New Mexico,Team,3,#63666A,Lobo Gray,Neutral,https://teamcolorcodes.com/new-mexico-lobos-color-codes/
New Mexico,Team,4,#007A86,Turquoise,Accent,https://teamcolorcodes.com/new-mexico-lobos-color-codes/
New Mexico,Team,5,#000000,Black,Neutral,https://teamcolorcodes.com/new-mexico-lobos-color-codes/
North Alabama,Team,1,#592B8A,UNA Purple,Primary,https://apps.una.edu/brand/visual-identity/colors/
North Alabama,Team,2,#FFB92A,UNA Gold,Secondary,https://apps.una.edu/brand/visual-identity/colors/
North Alabama,Team,3,#A2AAAD,Gray (PMS 429),Neutral,https://apps.una.edu/brand/visual-identity/colors/
North Alabama,Team,4,#7C878E,Dark Gray (PMS 430),Neutral,https://apps.una.edu/brand/visual-identity/colors/
North Carolina,Team,1,#7BAFD4,Carolina Blue,Primary,https://teamcolorcodes.com/north-carolina-tar-heels-colors/
North Carolina,Team,2,#13294B,Navy,Secondary,https://teamcolorcodes.com/north-carolina-tar-heels-colors/
North Carolina,Team,3,#FFFFFF,White,Neutral,https://teamcolorcodes.com/north-carolina-tar-heels-colors/
North Carolina,Team,4,#8D9092,Silver,Neutral,https://teamcolorcodes.com/north-carolina-tar-heels-colors/
North Carolina,Team,5,#000000,Pitch Black,Neutral,https://teamcolorcodes.com/north-carolina-tar-heels-colors/
North Carolina,Team,6,#A2AAAD,Flat Gray,Neutral,https://teamcolorcodes.com/north-carolina-tar-heels-colors/
North Carolina A&T,Team,1,#004684,Aggie Blue,Primary,https://hub.ncat.edu/administration/chancellor/university-relations/branding/visual-identity/color-palette.php
North Carolina A&T,Team,2,#FDB927,Aggie Gold,Secondary,https://hub.ncat.edu/administration/chancellor/university-relations/branding/visual-identity/color-palette.php
North Carolina A&T,Team,3,#C2C2C2,30% Black,Neutral,https://hub.ncat.edu/administration/chancellor/university-relations/branding/visual-identity/color-palette.php
North Carolina Central,Team,1,#862633,NCCU Maroon (PMS 202),Primary,https://myeol.nccu.edu/sites/default/files/2025-04/Branding_and_Identity_Guidelines.pdf
North Carolina Central,Team,2,#A2AAAD,NCCU Gray (PMS 429),Secondary,https://myeol.nccu.edu/sites/default/files/2025-04/Branding_and_Identity_Guidelines.pdf
North Carolina Central,Team,3,#5B6770,Rich Gray (PMS 431),Neutral,https://myeol.nccu.edu/sites/default/files/2025-04/Branding_and_Identity_Guidelines.pdf
North Carolina Central,Team,4,#6A2C3E,Rich Maroon (PMS 7428),Neutral,https://myeol.nccu.edu/sites/default/files/2025-04/Branding_and_Identity_Guidelines.pdf
North Carolina Central,Team,5,#151515,Black (PMS Black 3),Neutral,https://myeol.nccu.edu/sites/default/files/2025-04/Branding_and_Identity_Guidelines.pdf
North Carolina Central,Team,6,#8A8D8F,Metallic Silver (PMS 877),Accent,https://myeol.nccu.edu/sites/default/files/2025-04/Branding_and_Identity_Guidelines.pdf
North Carolina Central,Team,7,#E03C31,Cornerstone Brick (PMS 179),Accent,https://myeol.nccu.edu/sites/default/files/2025-04/Branding_and_Identity_Guidelines.pdf
North Carolina Central,Team,8,#D0006F,Annie Day Azalea (PMS 226),Accent,https://myeol.nccu.edu/sites/default/files/2025-04/Branding_and_Identity_Guidelines.pdf
North Carolina Central,Team,9,#00843D,O'Kelly Green (PMS 348),Accent,https://myeol.nccu.edu/sites/default/files/2025-04/Branding_and_Identity_Guidelines.pdf
North Carolina Central,Team,10,#84BD00,Verdant Green (PMS 376),Accent,https://myeol.nccu.edu/sites/default/files/2025-04/Branding_and_Identity_Guidelines.pdf
North Carolina Central,Team,11,#DDCBA4,Shepard Stone (PMS 468),Accent,https://myeol.nccu.edu/sites/default/files/2025-04/Branding_and_Identity_Guidelines.pdf
North Carolina Central,Team,12,#0092BC,BRITE Blue (PMS 313),Accent,https://myeol.nccu.edu/sites/default/files/2025-04/Branding_and_Identity_Guidelines.pdf
North Carolina Central,Team,13,#003C71,Chautauqua Blue (PMS 541),Accent,https://myeol.nccu.edu/sites/default/files/2025-04/Branding_and_Identity_Guidelines.pdf
North Carolina Central,Team,14,#84754E,Champagne Gold (PMS 871),Accent,https://myeol.nccu.edu/sites/default/files/2025-04/Branding_and_Identity_Guidelines.pdf
North Carolina Central,Team,15,#FAE042,Aquiline Yellow (PMS 115),Accent,https://myeol.nccu.edu/sites/default/files/2025-04/Branding_and_Identity_Guidelines.pdf
North Dakota State,Team,1,#005643,Bison Green,Primary,https://www.brandcolorcode.com/north-dakota-state-bison
North Dakota State,Team,2,#FFC82E,Bison Yellow,Secondary,https://www.brandcolorcode.com/north-dakota-state-bison
North Dakota State,Team,3,#003524,Evergreen (PMS 5605 C),Accent,https://www.ndsu.edu/sites/default/files/documents/NDSU-Brand-Basics.pdf
North Dakota State,Team,4,#D9DA55,Trailblazer (PMS 584),Accent,https://www.ndsu.edu/sites/default/files/documents/NDSU-Brand-Basics.pdf
North Dakota State,Team,5,#51ABA0,Marquee (PMS 2401),Accent,https://www.ndsu.edu/sites/default/files/documents/NDSU-Brand-Basics.pdf
North Dakota State,Team,6,#D8E9E8,Morning Frost (PMS 585),Neutral,https://www.ndsu.edu/sites/default/files/documents/NDSU-Brand-Basics.pdf
North Dakota State,Team,7,#BE5E27,Terra (PMS 159),Accent,https://www.ndsu.edu/sites/default/files/documents/NDSU-Brand-Basics.pdf
North Dakota State,Team,8,#FDE983,Sunlit,Accent,https://www.ndsu.edu/sites/default/files/documents/NDSU-Brand-Basics.pdf
North Dakota State,Team,9,#FDE051,Sunflower (PMS 115),Accent,https://www.ndsu.edu/sites/default/files/documents/NDSU-Brand-Basics.pdf
North Dakota State,Team,10,#A0BD78,Prairie Grass (PMS 4205 C),Accent,https://www.ndsu.edu/sites/default/files/documents/NDSU-Brand-Basics.pdf
North Dakota State,Team,11,#D7E5C8,Prairie Mist (PMS 7485 C),Neutral,https://www.ndsu.edu/sites/default/files/documents/NDSU-Brand-Basics.pdf
North Texas,Team,1,#00853E,UNT Green,Primary,https://news.cvad.unt.edu/images/unt-brand-reference-guide-f2025.pdf
North Texas,Team,2,#FFFFFF,White,Neutral,https://news.cvad.unt.edu/images/unt-brand-reference-guide-f2025.pdf
North Texas,Team,3,#006747,Secondary Green,Accent,https://news.cvad.unt.edu/images/unt-brand-reference-guide-f2025.pdf
North Texas,Team,4,#53565A,Neutral Gray,Neutral,https://news.cvad.unt.edu/images/unt-brand-reference-guide-f2025.pdf
Northern Iowa,Team,1,#4B116F,Purple,Primary,https://teamcolorcodes.com/northern-iowa-panthers-color-codes/
Northern Iowa,Team,2,#FFCC00,Gold,Secondary,https://teamcolorcodes.com/northern-iowa-panthers-color-codes/
Northwestern,Team,1,#4E2A84,Northwestern Purple,Primary,https://www.northwestern.edu/brand/visual-identity/color/
Northwestern,Team,2,#FFFFFF,White,Neutral,https://www.northwestern.edu/brand/visual-identity/color/
Northwestern,Team,3,#000000,Black,Neutral,https://www.northwestern.edu/brand/visual-identity/color/
Northwestern,Team,4,#58B947,Secondary PMS 360 Bright Green,Accent,https://www.northwestern.edu/brand/visual-identity/color/
Northwestern,Team,5,#7FCECD,Secondary PMS 318 Bright Teal,Accent,https://www.northwestern.edu/brand/visual-identity/color/
Northwestern,Team,6,#5091CD,Secondary PMS 279 Bright Blue,Accent,https://www.northwestern.edu/brand/visual-identity/color/
Northwestern,Team,7,#EDE93B,Secondary PMS 394 Bright Yellow,Accent,https://www.northwestern.edu/brand/visual-identity/color/
Northwestern,Team,8,#FFC520,Secondary PMS 7548 Bright Gold,Accent,https://www.northwestern.edu/brand/visual-identity/color/
Northwestern,Team,9,#EF553F,Secondary PMS 7625 Bright Red,Accent,https://www.northwestern.edu/brand/visual-identity/color/
Northwestern,Team,10,#008656,Secondary PMS 7725 Dark Green,Accent,https://www.northwestern.edu/brand/visual-identity/color/
Northwestern,Team,11,#007FA4,Secondary PMS 314 Dark Teal,Accent,https://www.northwestern.edu/brand/visual-identity/color/
Northwestern,Team,12,#0D2D6C,Secondary PMS 294 Dark Blue,Accent,https://www.northwestern.edu/brand/visual-identity/color/
Northwestern,Team,13,#D9C826,Secondary PMS 611 Dark Yellow,Accent,https://www.northwestern.edu/brand/visual-identity/color/
Northwestern,Team,14,#CA7C1B,Secondary PMS 7571 Dark Orange,Accent,https://www.northwestern.edu/brand/visual-identity/color/
Northwestern,Team,15,#D85820,Secondary PMS 1595 Dark Orange-Red,Accent,https://www.northwestern.edu/brand/visual-identity/color/
Northwestern,Team,16,#342F2E,Rich Black 80%,Neutral,https://www.northwestern.edu/brand/visual-identity/color/
Northwestern,Team,17,#716C6B,Rich Black 50%,Neutral,https://www.northwestern.edu/brand/visual-identity/color/
Northwestern,Team,18,#BBB8B8,Rich Black 20%,Neutral,https://www.northwestern.edu/brand/visual-identity/color/
Northwestern,Team,19,#D8D6D6,Rich Black 10%,Neutral,https://www.northwestern.edu/brand/visual-identity/color/
Notre Dame,Team,1,#0C2340,Notre Dame Blue,Primary,https://onmessage.nd.edu/athletics-branding/colors/
Notre Dame,Team,2,#C99700,Standard Dome Gold,Secondary,https://onmessage.nd.edu/athletics-branding/colors/
Notre Dame,Team,3,#00843D,Irish Green,Accent,https://onmessage.nd.edu/athletics-branding/colors/
Notre Dame,Team,4,#FFFFFF,White,Neutral,https://onmessage.nd.edu/athletics-branding/colors/
Ohio State,Team,1,#BB0000,Scarlet,Primary,https://teamcolorcodes.com/ohio-state-buckeyes-color-codes/
Ohio State,Team,2,#666666,Gray,Secondary,https://teamcolorcodes.com/ohio-state-buckeyes-color-codes/
Ohio State,Team,3,#FFFFFF,White,Neutral,https://teamcolorcodes.com/ohio-state-buckeyes-color-codes/
Ohio State,Team,4,#000000,Black,Neutral,https://teamcolorcodes.com/ohio-state-buckeyes-color-codes/
Oklahoma,Team,1,#841617,Oklahoma Crimson,Primary,https://www.ou.edu/brand/creative-platform/design-system/colors
Oklahoma,Team,2,#FDF9D8,Oklahoma Cream,Secondary,https://www.ou.edu/brand/creative-platform/design-system/colors
Oklahoma,Team,3,#4E0002,Dark Crimson,Accent,https://www.ou.edu/brand/creative-platform/design-system/colors
Oklahoma,Team,4,#000000,Black,Neutral,https://www.ou.edu/brand/creative-platform/design-system/colors
Oklahoma,Team,5,#323232,Dark Gray,Neutral,https://www.ou.edu/brand/creative-platform/design-system/colors
Oklahoma,Team,6,#F0F0F0,Light Gray,Neutral,https://www.ou.edu/brand/creative-platform/design-system/colors
Oklahoma,Team,7,#FFFFFF,White,Neutral,https://www.ou.edu/brand/creative-platform/design-system/colors
Oklahoma State,Team,1,#FE5C00,OSU Orange,Primary,https://brand.okstate.edu/branding-guidelines/colors
Oklahoma State,Team,2,#000000,Black,Neutral,https://brand.okstate.edu/branding-guidelines/colors
Oklahoma State,Team,3,#FFFFFF,White,Neutral,https://brand.okstate.edu/branding-guidelines/colors
Oklahoma State,Team,4,#DDDDDD,Light Grey,Neutral,https://brand.okstate.edu/branding-guidelines/colors
Oklahoma State,Team,5,#757575,Dark Grey,Neutral,https://brand.okstate.edu/branding-guidelines/colors
Old Dominion,Team,1,#003057,Monarch Blue,Primary,https://www.brandcolorcode.com/old-dominion-monarchs
Old Dominion,Team,2,#828A8F,Silver Reign,Secondary,https://www.brandcolorcode.com/old-dominion-monarchs
Old Dominion,Team,3,#98C5EA,Sky Blue,Accent,https://www.brandcolorcode.com/old-dominion-monarchs
Ole Miss,Team,1,#14213D,Ole Miss Navy,Primary,https://teamcolorcodes.com/ole-miss-rebels-color-codes/
Ole Miss,Team,2,#CE1126,Ole Miss Red,Secondary,https://teamcolorcodes.com/ole-miss-rebels-color-codes/
Ole Miss,Team,3,#006BA6,Powder Blue,Accent,https://teamcolorcodes.com/ole-miss-rebels-color-codes/
Ole Miss,Team,4,#FFFFFF,White,Neutral,https://teamcolorcodes.com/ole-miss-rebels-color-codes/
Oregon,Team,1,#154733,Oregon Green,Primary,https://teamcolorcodes.com/oregon-ducks-color-codes
Oregon,Team,2,#FEE123,Oregon Yellow,Secondary,https://teamcolorcodes.com/oregon-ducks-color-codes
Oregon,Team,3,#007030,UO Green (university primary),Accent,https://communications.uoregon.edu/colors
Oregon,Team,4,#FEE11A,UO Yellow (university primary),Accent,https://communications.uoregon.edu/colors
Oregon,Team,5,#004D30,Evergreen,Accent,https://communications.uoregon.edu/colors
Oregon,Team,6,#489D46,Fern,Accent,https://communications.uoregon.edu/colors
Oregon,Team,7,#8ABB40,Moss,Accent,https://communications.uoregon.edu/colors
Oregon,Team,8,#E8F1D9,Lichen,Accent,https://communications.uoregon.edu/colors
Oregon,Team,9,#1B3B58,Pacific,Accent,https://communications.uoregon.edu/colors
Oregon,Team,10,#53C0D8,Crater Lake,Accent,https://communications.uoregon.edu/colors
Oregon,Team,11,#E1F1F6,Fog,Accent,https://communications.uoregon.edu/colors
Oregon,Team,12,#000000,Obsidian,Neutral,https://communications.uoregon.edu/colors
Oregon,Team,13,#3D4546,Night,Neutral,https://communications.uoregon.edu/colors
Oregon,Team,14,#A2AAAD,Dusk,Neutral,https://communications.uoregon.edu/colors
Oregon,Team,15,#E6E6E6,Dawn,Neutral,https://communications.uoregon.edu/colors
Oregon,Team,16,#F5A604,Duck Bill,Accent,https://communications.uoregon.edu/colors
Oregon,Team,17,#FFF7C6,Sunrise,Accent,https://communications.uoregon.edu/colors
Oregon,Team,18,#F8F2E8,Limestone,Neutral,https://communications.uoregon.edu/colors
Oregon State,Team,1,#D73F09,Beaver Orange,Primary,https://communications.oregonstate.edu/brand-guide/visual-identity/colors
Oregon State,Team,2,#000000,Paddletail Black,Neutral,https://communications.oregonstate.edu/brand-guide/visual-identity/colors
Oregon State,Team,3,#FFFFFF,Bucktooth White,Neutral,https://communications.oregonstate.edu/brand-guide/visual-identity/colors
Oregon State,Team,4,#4A773C,Pine Stand,Accent,https://communications.oregonstate.edu/brand-guide/visual-identity/colors
Oregon State,Team,5,#00859B,High Tide,Accent,https://communications.oregonstate.edu/brand-guide/visual-identity/colors
Oregon State,Team,6,#FFB500,Luminance,Accent,https://communications.oregonstate.edu/brand-guide/visual-identity/colors
Oregon State,Team,7,#006A8E,Stratosphere,Accent,https://communications.oregonstate.edu/brand-guide/visual-identity/colors
Oregon State,Team,8,#C4D6A4,Reindeer Moss,Accent,https://communications.oregonstate.edu/brand-guide/visual-identity/colors
Oregon State,Team,9,#B8DDE1,Seafoam,Accent,https://communications.oregonstate.edu/brand-guide/visual-identity/colors
Oregon State,Team,10,#FDD26E,Candela,Accent,https://communications.oregonstate.edu/brand-guide/visual-identity/colors
Oregon State,Team,11,#C6DAE7,Moondust,Accent,https://communications.oregonstate.edu/brand-guide/visual-identity/colors
Oregon State,Team,12,#AA9D2E,Hop Bine,Accent,https://communications.oregonstate.edu/brand-guide/visual-identity/colors
Oregon State,Team,13,#0D5257,Rogue Wave,Accent,https://communications.oregonstate.edu/brand-guide/visual-identity/colors
Oregon State,Team,14,#D3832B,Solar Flare,Accent,https://communications.oregonstate.edu/brand-guide/visual-identity/colors
Oregon State,Team,15,#003B5C,Star Canvas,Accent,https://communications.oregonstate.edu/brand-guide/visual-identity/colors
Oregon State,Team,16,#B7A99A,Till,Neutral,https://communications.oregonstate.edu/brand-guide/visual-identity/colors
Oregon State,Team,17,#A7ACA2,Coastline,Neutral,https://communications.oregonstate.edu/brand-guide/visual-identity/colors
Oregon State,Team,18,#7A6855,High Desert,Neutral,https://communications.oregonstate.edu/brand-guide/visual-identity/colors
Oregon State,Team,19,#8E9089,Crater,Neutral,https://communications.oregonstate.edu/brand-guide/visual-identity/colors
Oregon State,Team,20,#212529,Dark background (web),Neutral,https://communications.oregonstate.edu/brand-guide/visual-identity/colors
Oregon State,Team,21,#F7F5F5,Off-white background (web),Neutral,https://communications.oregonstate.edu/brand-guide/visual-identity/colors
Oregon State,Team,22,#423E3C,Body copy (web),Neutral,https://communications.oregonstate.edu/brand-guide/visual-identity/colors
Oregon State,Team,23,#E9E5E4,Main navigation background (web),Neutral,https://communications.oregonstate.edu/brand-guide/visual-identity/colors
Penn,Team,1,#011F5B,Penn Blue,Primary,https://teamcolorcodes.com/penn-quakers-color-codes/
Penn,Team,2,#990000,Penn Red,Secondary,https://teamcolorcodes.com/penn-quakers-color-codes/
Penn,Team,3,#FFFFFF,White,Neutral,https://teamcolorcodes.com/penn-quakers-color-codes/
Penn State,Team,1,#041E42,Nittany Navy,Primary,https://brand.psu.edu/design-toolkit/design-essentials
Penn State,Team,2,#1E407C,Beaver Blue,Secondary,https://brand.psu.edu/design-toolkit/design-essentials
Penn State,Team,3,#FFFFFF,White Out,Neutral,https://brand.psu.edu/design-toolkit/design-essentials
Penn State,Team,4,#96BEE6,Pugh Blue,Accent,https://brand.psu.edu/design-toolkit/design-essentials
Pittsburgh,Team,1,#003594,Pitt Royal Blue,Primary,https://www.brand.pitt.edu/brand-elements/color-palettes
Pittsburgh,Team,2,#FFB81C,Pitt Gold,Secondary,https://www.brand.pitt.edu/brand-elements/color-palettes
Pittsburgh,Team,3,#FFFFFF,White,Neutral,https://www.brand.pitt.edu/brand-elements/color-palettes
Pittsburgh,Team,4,#C8C9C7,Gray,Neutral,https://www.brand.pitt.edu/brand-elements/color-palettes
Pittsburgh,Team,5,#000000,Black,Neutral,https://www.brand.pitt.edu/brand-elements/color-palettes
Portland State,Team,1,#154734,Green,Primary,https://teamcolorcodes.com/portland-state-vikings-color-codes/
Portland State,Team,2,#FFFFFF,White,Neutral,https://teamcolorcodes.com/portland-state-vikings-color-codes/
Portland State,Team,3,#A5ACAF,Metallic Silver,Neutral,https://teamcolorcodes.com/portland-state-vikings-color-codes/
Portland State,Team,4,#373A36,Anthracite,Neutral,https://teamcolorcodes.com/portland-state-vikings-color-codes/
Portland State,Team,5,#2C2A29,Black,Neutral,https://teamcolorcodes.com/portland-state-vikings-color-codes/
Princeton,Team,1,#E77500,Princeton Orange,Primary,https://www.brandcolorcode.com/princeton-university
Princeton,Team,2,#121212,Black,Secondary,https://www.brandcolorcode.com/princeton-university
Princeton,Team,3,#FFFFFF,White,Neutral,https://www.brandcolorcode.com/princeton-university
Purdue,Team,1,#CFB991,Boilermaker Gold,Primary,https://marcom.purdue.edu/our-brand/visual-identity
Purdue,Team,2,#000000,Black,Neutral,https://marcom.purdue.edu/our-brand/visual-identity
Purdue,Team,3,#8E6F3E,Aged,Accent,https://marcom.purdue.edu/our-brand/visual-identity
Purdue,Team,4,#DAAA00,Rush,Accent,https://marcom.purdue.edu/our-brand/visual-identity
Purdue,Team,5,#DDB945,Field,Accent,https://marcom.purdue.edu/our-brand/visual-identity
Purdue,Team,6,#EBD99F,Dust,Accent,https://marcom.purdue.edu/our-brand/visual-identity
Purdue,Team,7,#555960,Steel,Neutral,https://marcom.purdue.edu/our-brand/visual-identity
Purdue,Team,8,#6F727B,Cool Gray,Neutral,https://marcom.purdue.edu/our-brand/visual-identity
Purdue,Team,9,#9D9795,Railway Gray,Neutral,https://marcom.purdue.edu/our-brand/visual-identity
Purdue,Team,10,#C4BFC0,Steam,Neutral,https://marcom.purdue.edu/our-brand/visual-identity
Rhode Island,Team,1,#68ABE8,Keaney Blue,Primary,https://teamcolorcodes.com/rhode-island-rams-color-codes/
Rhode Island,Team,2,#002147,Navy Blue,Secondary,https://teamcolorcodes.com/rhode-island-rams-color-codes/
Rhode Island,Team,3,#FFFFFF,White,Neutral,https://teamcolorcodes.com/rhode-island-rams-color-codes/
Rice,Team,1,#00205B,Navy,Primary,https://s3.us-east-2.amazonaws.com/sidearm.nextgen.sites/riceowls.com/documents/2019/8/19/2026-27_Rice_Athletics_Brand_Guide.pdf
Rice,Team,2,#6AB3E3,Houston Blue,Secondary,https://s3.us-east-2.amazonaws.com/sidearm.nextgen.sites/riceowls.com/documents/2019/8/19/2026-27_Rice_Athletics_Brand_Guide.pdf
Rice,Team,3,#C1C6CB,Gray,Neutral,https://s3.us-east-2.amazonaws.com/sidearm.nextgen.sites/riceowls.com/documents/2019/8/19/2026-27_Rice_Athletics_Brand_Guide.pdf
Rice,Team,4,#FFFFFF,White,Neutral,https://s3.us-east-2.amazonaws.com/sidearm.nextgen.sites/riceowls.com/documents/2019/8/19/2026-27_Rice_Athletics_Brand_Guide.pdf
Richmond,Team,1,#990000,UR Red,Primary,https://brand.richmond.edu/visual/color
Richmond,Team,2,#000066,UR Blue,Secondary,https://brand.richmond.edu/visual/color
Richmond,Team,3,#122851,UR Blue (web),Accent,https://brand.richmond.edu/visual/color
Richmond,Team,4,#FFFFFF,White,Neutral,https://brand.richmond.edu/visual/color
Rutgers,Team,1,#CC0033,Scarlet,Primary,https://teamcolorcodes.com/rutgers-scarlet-knights-colors/
Rutgers,Team,2,#000000,Black,Neutral,https://teamcolorcodes.com/rutgers-scarlet-knights-colors/
Rutgers,Team,3,#5F6A72,Grey,Neutral,https://teamcolorcodes.com/rutgers-scarlet-knights-colors/
Rutgers,Team,4,#FFFFFF,White,Neutral,https://teamcolorcodes.com/rutgers-scarlet-knights-colors/
San Diego State,Team,1,#A6192E,Dark Red,Primary,https://brand.sdsu.edu/identity/design-elements/colors
San Diego State,Team,2,#000000,Black,Neutral,https://brand.sdsu.edu/identity/design-elements/colors
San Diego State,Team,3,#D41736,Bright Red,Accent,https://brand.sdsu.edu/identity/design-elements/colors
San Diego State,Team,4,#2D2828,Charcoal,Neutral,https://brand.sdsu.edu/identity/design-elements/colors
San Diego State,Team,5,#FFFFFF,White,Neutral,https://brand.sdsu.edu/identity/design-elements/colors
San Jose State,Team,1,#0055A2,Spartan Blue,Primary,https://gcp-web.sjsu.edu/communications/brand/visual-style/color/web.php
San Jose State,Team,2,#E5A823,Spartan Gold,Secondary,https://gcp-web.sjsu.edu/communications/brand/visual-style/color/web.php
San Jose State,Team,3,#939597,Gray,Neutral,https://gcp-web.sjsu.edu/communications/brand/visual-style/color/web.php
San Jose State,Team,4,#D2D2D2,Light Gray,Neutral,https://gcp-web.sjsu.edu/communications/brand/visual-style/color/web.php
San Jose State,Team,5,#666666,Dark Gray,Neutral,https://gcp-web.sjsu.edu/communications/brand/visual-style/color/web.php
SE Missouri State,Team,1,#C8102E,Southeast Red,Primary,https://teamcolorcodes.com/se-missouri-st-redhawks-colors/
SE Missouri State,Team,2,#000000,Rich Black,Neutral,https://teamcolorcodes.com/se-missouri-st-redhawks-colors/
SE Missouri State,Team,3,#FFFFFF,White,Neutral,https://teamcolorcodes.com/se-missouri-st-redhawks-colors/
SE Missouri State,Team,4,#212121,Charcoal (PMS Black 4),Neutral,https://semo.edu/marketing-communications/brand/brand-guidelines
SE Missouri State,Team,5,#BA875A,Copper (PMS 4645),Accent,https://semo.edu/marketing-communications/brand/brand-guidelines
SE Missouri State,Team,6,#956A44,Dark Copper (digital only),Accent,https://semo.edu/marketing-communications/brand/brand-guidelines
SE Missouri State,Team,7,#F7244D,Vibrant Red (PMS 192),Accent,https://semo.edu/marketing-communications/brand/brand-guidelines
SE Missouri State,Team,8,#72B2B8,Teal (PMS 5493),Accent,https://semo.edu/marketing-communications/brand/brand-guidelines
SE Missouri State,Team,9,#FFF9EB,Off-White,Neutral,https://semo.edu/marketing-communications/brand/brand-guidelines
SE Missouri State,Team,10,#F1ECE7,Light Gray,Neutral,https://semo.edu/marketing-communications/brand/brand-guidelines
SE Missouri State,Team,11,#DEDAD6,Mid Gray,Neutral,https://semo.edu/marketing-communications/brand/brand-guidelines
SE Missouri State,Team,12,#A39E99,Dark Gray (Warm Gray 6),Neutral,https://semo.edu/marketing-communications/brand/brand-guidelines
South Alabama,Team,1,#00205B,Blue,Primary,https://teamcolorcodes.com/south-alabama-jaguars-color-codes/
South Alabama,Team,2,#BF0D3E,Red,Secondary,https://teamcolorcodes.com/south-alabama-jaguars-color-codes/
South Alabama,Team,3,#FFFFFF,White,Neutral,https://teamcolorcodes.com/south-alabama-jaguars-color-codes/
South Alabama,Team,4,#88DBDF,Mobile Bay Blue (PMS 318),Accent,https://www.southalabama.edu/brand
South Alabama,Team,5,#CED568,Pathfinder Yellow (PMS 2281),Accent,https://www.southalabama.edu/brand
South Alabama,Team,6,#5E6738,Frontier Green (PMS 5753),Accent,https://www.southalabama.edu/brand
South Alabama,Team,7,#FF6720,Horizon Orange (PMS 1235),Accent,https://www.southalabama.edu/brand
South Alabama,Team,8,#FFAD00,Commencement Gold (PMS 2010),Accent,https://www.southalabama.edu/brand
South Alabama,Team,9,#000000,Jag Spot Black,Neutral,https://www.southalabama.edu/brand
South Carolina,Team,1,#73000A,Garnet,Primary,https://sc.edu/about/offices_and_divisions/communications/toolbox/colors/
South Carolina,Team,2,#000000,Black,Neutral,https://sc.edu/about/offices_and_divisions/communications/toolbox/colors/
South Carolina,Team,3,#FFFFFF,White,Neutral,https://sc.edu/about/offices_and_divisions/communications/toolbox/colors/
South Carolina,Team,4,#363636,90% Black,Neutral,https://sc.edu/about/offices_and_divisions/communications/toolbox/colors/
South Carolina,Team,5,#5C5C5C,70% Black,Neutral,https://sc.edu/about/offices_and_divisions/communications/toolbox/colors/
South Carolina,Team,6,#A2A2A2,50% Black,Neutral,https://sc.edu/about/offices_and_divisions/communications/toolbox/colors/
South Carolina,Team,7,#676156,Warm Grey,Neutral,https://sc.edu/about/offices_and_divisions/communications/toolbox/colors/
South Dakota,Team,1,#D21533,Coyote Red,Primary,https://td.usd.edu/TDClient/33/Portal/KB/PrintArticle?ID=5155
South Dakota,Team,2,#000000,Black,Neutral,https://td.usd.edu/TDClient/33/Portal/KB/PrintArticle?ID=5155
South Dakota,Team,3,#A10729,Dark Red 1,Accent,https://td.usd.edu/TDClient/33/Portal/KB/PrintArticle?ID=5155
South Dakota,Team,4,#820014,Dark Red 2,Accent,https://td.usd.edu/TDClient/33/Portal/KB/PrintArticle?ID=5155
South Dakota,Team,5,#58595B,Black 80%,Neutral,https://td.usd.edu/TDClient/33/Portal/KB/PrintArticle?ID=5155
South Dakota,Team,6,#B4B6B8,Black 34%,Neutral,https://td.usd.edu/TDClient/33/Portal/KB/PrintArticle?ID=5155
South Dakota,Team,7,#FFFFFF,White,Neutral,https://td.usd.edu/TDClient/33/Portal/KB/PrintArticle?ID=5155
South Dakota State,Team,1,#0033A0,SDState Blue,Primary,https://www.sdstate.edu/university-marketing-communications/graphic-identity-standards/university-colors
South Dakota State,Team,2,#FFD100,SDState Yellow,Secondary,https://www.sdstate.edu/university-marketing-communications/graphic-identity-standards/university-colors
South Dakota State,Team,3,#003087,Campanile Blue,Accent,https://www.sdstate.edu/university-marketing-communications/graphic-identity-standards/university-colors
South Dakota State,Team,4,#0C2340,SDState Navy,Accent,https://www.sdstate.edu/university-marketing-communications/graphic-identity-standards/university-colors
South Dakota State,Team,5,#C99700,Dark Yellow,Accent,https://www.sdstate.edu/university-marketing-communications/graphic-identity-standards/university-colors
South Dakota State,Team,6,#F1EB9C,Light Yellow,Accent,https://www.sdstate.edu/university-marketing-communications/graphic-identity-standards/university-colors
South Dakota State,Team,7,#CBD3EB,Light Blue,Accent,https://www.sdstate.edu/university-marketing-communications/graphic-identity-standards/university-colors
Southern,Team,1,#69B3E7,Columbia Blue (PMS 292),Primary,https://www.subr.edu/assets/subr/MediaRelations/SU-visual-style-guide_Oct2024.pdf
Southern,Team,2,#FFC72C,Gold (PMS 123),Secondary,https://www.subr.edu/assets/subr/MediaRelations/SU-visual-style-guide_Oct2024.pdf
Southern,Team,3,#003049,Navy Blue - athletics (PMS 539),Accent,https://www.subr.edu/assets/subr/MediaRelations/SU-visual-style-guide_Oct2024.pdf
Southern,Team,4,#00263E,Navy Blue - general (PMS 2965),Accent,https://www.subr.edu/assets/subr/MediaRelations/SU-visual-style-guide_Oct2024.pdf
Southern,Team,5,#B2B4B2,Gray - athletics (PMS 421),Accent,https://www.subr.edu/assets/subr/MediaRelations/SU-visual-style-guide_Oct2024.pdf
Southern,Team,6,#FFFFFF,White,Neutral,https://www.subr.edu/assets/subr/MediaRelations/SU-visual-style-guide_Oct2024.pdf
Southern,Team,7,#2D2926,Black (PMS Black),Neutral,https://www.subr.edu/assets/subr/MediaRelations/SU-visual-style-guide_Oct2024.pdf
Southern Miss,Team,1,#FDC737,Primary (approved value),Primary,https://www.brandcolorcode.com/southern-miss-golden-eagles
Southern Miss,Team,2,#000000,Black,Neutral,https://www.brandcolorcode.com/southern-miss-golden-eagles
Stanford,Team,1,#8C1515,Cardinal Red,Primary,https://identity.stanford.edu/design-elements/color/primary-colors/
Stanford,Team,2,#FFFFFF,White,Neutral,https://identity.stanford.edu/design-elements/color/primary-colors/
Stanford,Team,3,#2E2D29,Black,Neutral,https://identity.stanford.edu/design-elements/color/primary-colors/
Stanford,Team,4,#53565A,Cool Grey,Neutral,https://identity.stanford.edu/design-elements/color/primary-colors/
Stanford,Team,5,#B83A4B,Cardinal Red Light,Accent,https://identity.stanford.edu/design-elements/color/primary-colors/
Stanford,Team,6,#820000,Cardinal Red Dark,Accent,https://identity.stanford.edu/design-elements/color/primary-colors/
Stony Brook,Team,1,#990000,Stony Brook Red,Primary,https://teamcolorcodes.com/stony-brook-university-seawolves/
Stony Brook,Team,2,#16243E,Midnight Blue,Secondary,https://teamcolorcodes.com/stony-brook-university-seawolves/
Stony Brook,Team,3,#828282,Stony Brook Grey,Neutral,https://teamcolorcodes.com/stony-brook-university-seawolves/
Stony Brook,Team,4,#FFFFFF,White,Neutral,https://teamcolorcodes.com/stony-brook-university-seawolves/
Syracuse,Team,1,#F76900,Syracuse Orange,Primary,https://teamcolorcodes.com/syracuse-orange-color-codes/
Syracuse,Team,2,#000E54,Primary Blue,Secondary,https://teamcolorcodes.com/syracuse-orange-color-codes/
Syracuse,Team,3,#FFFFFF,White,Neutral,https://teamcolorcodes.com/syracuse-orange-color-codes/
Syracuse,Team,4,#D74100,Dark Orange,Accent,https://designsystem.syr.edu/documentation/utilities/color
Syracuse,Team,5,#203299,Light Blue,Accent,https://designsystem.syr.edu/documentation/utilities/color
Syracuse,Team,6,#000000,Black,Neutral,https://designsystem.syr.edu/documentation/utilities/color
Syracuse,Team,7,#404040,Dark Gray,Neutral,https://designsystem.syr.edu/documentation/utilities/color
Syracuse,Team,8,#707780,Medium Gray,Neutral,https://designsystem.syr.edu/documentation/utilities/color
Syracuse,Team,9,#ADB3B8,Light Gray,Neutral,https://designsystem.syr.edu/documentation/utilities/color
TCU,Team,1,#4D1979,Purple,Primary,https://www.brandcolorcode.com/tcu-horned-frogs
TCU,Team,2,#FFFFFF,White,Neutral,https://www.brandcolorcode.com/tcu-horned-frogs
TCU,Team,3,#A3A9AC,Horned Frog Grey,Neutral,https://brand.tcu.edu/web-standards/web-visual-guide/colors
TCU,Team,4,#111111,Horned Frog Black,Neutral,https://brand.tcu.edu/web-standards/web-visual-guide/colors
TCU,Team,5,#F47D20,Secondary Orange,Accent,https://brand.tcu.edu/web-standards/web-visual-guide/colors
TCU,Team,6,#F9D44B,Secondary Yellow,Accent,https://brand.tcu.edu/web-standards/web-visual-guide/colors
TCU,Team,7,#95DACF,Secondary Aqua,Accent,https://brand.tcu.edu/web-standards/web-visual-guide/colors
TCU,Team,8,#5E88B4,Secondary Blue,Accent,https://brand.tcu.edu/web-standards/web-visual-guide/colors
TCU,Team,9,#E2D0A6,Secondary Tan,Accent,https://brand.tcu.edu/web-standards/web-visual-guide/colors
TCU,Team,10,#83603F,Secondary Brown,Accent,https://brand.tcu.edu/web-standards/web-visual-guide/colors
TCU,Team,11,#969300,Secondary Green,Accent,https://brand.tcu.edu/web-standards/web-visual-guide/colors
TCU,Team,12,#007B6E,Secondary Teal,Accent,https://brand.tcu.edu/web-standards/web-visual-guide/colors
TCU,Team,13,#4D4D4A,Text Color,Neutral,https://brand.tcu.edu/web-standards/web-visual-guide/colors
TCU,Team,14,#777777,Dark Grey,Neutral,https://brand.tcu.edu/web-standards/web-visual-guide/colors
TCU,Team,15,#999999,Grey,Neutral,https://brand.tcu.edu/web-standards/web-visual-guide/colors
TCU,Team,16,#CCCCCC,Light Grey 2,Neutral,https://brand.tcu.edu/web-standards/web-visual-guide/colors
TCU,Team,17,#EEEEEE,Light Grey,Neutral,https://brand.tcu.edu/web-standards/web-visual-guide/colors
Temple,Team,1,#9E1B34,Temple Cherry (PMS 201),Primary,https://now.acquiadev.temple.edu/announcements/2008-02-27/temple-announces-new-official-color
Temple,Team,2,#FFFFFF,White,Neutral,https://now.acquiadev.temple.edu/announcements/2008-02-27/temple-announces-new-official-color
Temple,Team,3,#000000,Black,Neutral,https://now.acquiadev.temple.edu/announcements/2008-02-27/temple-announces-new-official-color
Temple,Team,4,#8A8D8F,Metallic Silver,Neutral,https://now.acquiadev.temple.edu/announcements/2008-02-27/temple-announces-new-official-color
Temple,Team,5,#C1C6C8,Silver,Neutral,https://now.acquiadev.temple.edu/announcements/2008-02-27/temple-announces-new-official-color
Tennessee,Team,1,#FF8200,Tennessee Orange,Primary,https://brand.utk.edu/colors/
Tennessee,Team,2,#FFFFFF,White,Neutral,https://brand.utk.edu/colors/
Tennessee,Team,3,#58595B,Smokey,Neutral,https://brand.utk.edu/colors/
Tennessee,Team,4,#333333,Smokey X (digital paragraph text),Neutral,https://brand.utk.edu/colors/
Tennessee,Team,5,#006C93,Globe (digital text links),Accent,https://brand.utk.edu/colors/
Tennessee State,Team,1,#00539F,Reflex Blue,Primary,https://teamcolorcodes.com/tennessee-state-tigers-colors/
Tennessee State,Team,2,#FFFFFF,White,Neutral,https://teamcolorcodes.com/tennessee-state-tigers-colors/
Texas,Team,1,#BF5700,Burnt Orange,Primary,https://umac.utexas.edu/brand-center/visual-identity/
Texas,Team,2,#FFFFFF,White,Neutral,https://umac.utexas.edu/brand-center/visual-identity/
Texas,Team,3,#333F48,Dark Gray,Neutral,https://umac.utexas.edu/brand-center/visual-identity/
Texas,Team,4,#F8971F,Gold (PMS 2011),Accent,https://umac.utexas.edu/brand-center/visual-identity/
Texas,Team,5,#D6D2C4,Taupe (PMS 7527),Neutral,https://umac.utexas.edu/brand-center/visual-identity/
Texas,Team,6,#9CADB7,Blue-Gray (PMS 7543),Neutral,https://umac.utexas.edu/brand-center/visual-identity/
Texas,Team,7,#005F86,Dark Teal (PMS 7469),Accent,https://umac.utexas.edu/brand-center/visual-identity/
Texas,Team,8,#00A9B7,Bright Teal (PMS 320),Accent,https://umac.utexas.edu/brand-center/visual-identity/
Texas,Team,9,#579D42,Green (PMS 2277),Accent,https://umac.utexas.edu/brand-center/visual-identity/
Texas,Team,10,#A6CD57,Light Green (PMS 2300),Accent,https://umac.utexas.edu/brand-center/visual-identity/
Texas A&M,Team,1,#500000,Aggie Maroon,Primary,https://marcomm.tamu.edu/strategy/brand-guide/
Texas A&M,Team,2,#FFFFFF,White,Neutral,https://marcomm.tamu.edu/strategy/brand-guide/
Texas A&M,Team,3,#202020,Dark Gray,Neutral,https://marcomm.tamu.edu/creative-platform/visual-style/brand-colors
Texas A&M,Team,4,#3E3E3E,Medium Gray,Neutral,https://marcomm.tamu.edu/creative-platform/visual-style/brand-colors
Texas A&M,Team,5,#707070,Light Gray,Neutral,https://marcomm.tamu.edu/creative-platform/visual-style/brand-colors
Texas A&M,Team,6,#D1D1D1,Silver,Neutral,https://marcomm.tamu.edu/creative-platform/visual-style/brand-colors
Texas A&M,Team,7,#D6D3C4,Taupe,Neutral,https://marcomm.tamu.edu/creative-platform/visual-style/brand-colors
Texas A&M,Team,8,#3C0000,Dark Maroon,Accent,https://marcomm.tamu.edu/creative-platform/visual-style/brand-colors
Texas A&M,Team,9,#732F2F,Mauve,Accent,https://marcomm.tamu.edu/creative-platform/visual-style/brand-colors
Texas State,Team,1,#501214,Texas State Maroon,Primary,https://brand.txst.edu/visual-identity/colors.html
Texas State,Team,2,#AC9155,Texas State Dark Gold,Secondary,https://brand.txst.edu/visual-identity/colors.html
Texas State,Team,3,#D7BD8A,Texas State Bright Gold,Accent,https://brand.txst.edu/visual-identity/colors.html
Texas State,Team,4,#E32849,Theatre Rojo,Accent,https://brand.txst.edu/visual-identity/colors.html
Texas State,Team,5,#EBBA45,Strahan Center Court,Accent,https://brand.txst.edu/visual-identity/colors.html
Texas State,Team,6,#F9DCDE,Blind Salamander,Accent,https://brand.txst.edu/visual-identity/colors.html
Texas State,Team,7,#EA664D,"Eat 'Em Up, Peach",Accent,https://brand.txst.edu/visual-identity/colors.html
Texas State,Team,8,#266725,Green Hills,Accent,https://brand.txst.edu/visual-identity/colors.html
Texas State,Team,9,#419E69,Wild Rice Green,Accent,https://brand.txst.edu/visual-identity/colors.html
Texas State,Team,10,#70B7AA,Glass-Bottom Boat,Accent,https://brand.txst.edu/visual-identity/colors.html
Texas State,Team,11,#BFF3FD,River Jump,Accent,https://brand.txst.edu/visual-identity/colors.html
Texas State,Team,12,#007096,Spring Lake Blue,Accent,https://brand.txst.edu/visual-identity/colors.html
Texas State,Team,13,#363534,Charcoal (web),Neutral,https://brand.txst.edu/visual-identity/colors.html
Texas State,Team,14,#F5F1EE,Sandstone (web),Neutral,https://brand.txst.edu/visual-identity/colors.html
Texas State,Team,15,#64480C,Dark Gold (web),Accent,https://brand.txst.edu/visual-identity/colors.html
Texas Tech,Team,1,#CC0000,Scarlet,Primary,https://teamcolorcodes.com/texas-tech-red-raiders-color-codes/
Texas Tech,Team,2,#000000,Black,Neutral,https://teamcolorcodes.com/texas-tech-red-raiders-color-codes/
Texas Tech,Team,3,#FFFFFF,White,Neutral,https://teamcolorcodes.com/texas-tech-red-raiders-color-codes/
Texas Tech,Team,4,#EDEDED,Light Gray,Neutral,https://www.ttu.edu/brand/websites/
Texas Tech,Team,5,#333333,Dark Gray,Neutral,https://www.ttu.edu/brand/websites/
Texas Tech,Team,6,#757575,Medium Gray,Neutral,https://www.ttu.edu/brand/websites/
Troy,Team,1,#8A2432,Cardinal,Primary,https://teamcolorcodes.com/troy-trojans-colors/
Troy,Team,2,#B3B5B8,Silver,Secondary,https://teamcolorcodes.com/troy-trojans-colors/
Troy,Team,3,#000000,Black,Neutral,https://teamcolorcodes.com/troy-trojans-colors/
Tulane,Team,1,#006747,Oak Leaf,Primary,https://communications.tulane.edu/node/1063
Tulane,Team,2,#418FDE,Fontainebleau,Secondary,https://communications.tulane.edu/node/1063
Tulane,Team,3,#285C4D,Tulane Green,Accent,https://communications.tulane.edu/node/1063
Tulane,Team,4,#71C5E8,Tulane Blue,Accent,https://communications.tulane.edu/node/1063
Tulsa,Team,1,#002D72,Royal Blue,Primary,https://tulsahurricane.com/news/2022/2/1/tulsa-hurricane-tulsa-rebranding-campaign-continues
Tulsa,Team,2,#C5B783,Old Gold,Secondary,https://tulsahurricane.com/news/2022/2/1/tulsa-hurricane-tulsa-rebranding-campaign-continues
Tulsa,Team,3,#C8102E,Crimson,Accent,https://tulsahurricane.com/news/2022/2/1/tulsa-hurricane-tulsa-rebranding-campaign-continues
Tulsa,Team,4,#84754E,Metallic Gold,Accent,https://tulsahurricane.com/news/2022/2/1/tulsa-hurricane-tulsa-rebranding-campaign-continues
Tuskegee,Team,1,#A32035,Crimson,Primary,https://teamcolorcodes.com/tuskegee-golden-tigers-color-codes/
Tuskegee,Team,2,#EBA900,Old Gold,Secondary,https://teamcolorcodes.com/tuskegee-golden-tigers-color-codes/
UAB,Team,1,#1A5632,UAB Green,Primary,https://bb.uab.edu/brandguide/university/colors
UAB,Team,2,#FDB913,UAB Gold,Secondary,https://bb.uab.edu/brandguide/university/colors
UAB,Team,3,#033319,Dragon's Lair Green,Accent,https://bb.uab.edu/brandguide/university/colors
UAB,Team,4,#90D408,Campus Green,Accent,https://bb.uab.edu/brandguide/university/colors
UAB,Team,5,#17B045,Ever Loyal Evergreen,Accent,https://bb.uab.edu/brandguide/university/colors
UAB,Team,6,#42CAF0,Bham Sky Blue,Accent,https://bb.uab.edu/brandguide/university/colors
UCF,Team,1,#FFC904,UCF Bright Gold,Primary,https://www.ucf.edu/brand/brand-assets/colors/
UCF,Team,2,#000000,Black,Neutral,https://www.ucf.edu/brand/brand-assets/colors/
UCF,Team,3,#B7A369,"UCF Metallic Gold (PMS 10121, print only)",Accent,https://www.ucf.edu/brand/brand-assets/colors/
UCLA,Team,1,#2774AE,UCLA Blue,Primary,https://www.brand.ucla.edu/identity/colors
UCLA,Team,2,#FFD100,UCLA Gold,Secondary,https://www.brand.ucla.edu/identity/colors
UCLA,Team,3,#FFFFFF,White,Neutral,https://www.brand.ucla.edu/identity/colors
UCLA,Team,4,#003B5C,Darkest Blue,Accent,https://www.brand.ucla.edu/identity/colors
UCLA,Team,5,#005587,Darker Blue,Accent,https://www.brand.ucla.edu/identity/colors
UCONN,Team,1,#000E2F,National Flag Blue,Primary,https://today.uconn.edu/2019/02/talkin-national-flag-blues
UCONN,Team,2,#FFFFFF,White,Neutral,https://today.uconn.edu/2019/02/talkin-national-flag-blues
UCONN,Team,3,#7C878E,Gray,Neutral,https://today.uconn.edu/2019/02/talkin-national-flag-blues
UCONN,Team,4,#E4002B,Red,Accent,https://today.uconn.edu/2019/02/talkin-national-flag-blues
UNC Charlotte,Team,1,#005035,Charlotte Green,Primary,https://brand.charlotte.edu/visual-identity/color-palette/
UNC Charlotte,Team,2,#A49665,Niner Gold,Secondary,https://brand.charlotte.edu/visual-identity/color-palette/
UNC Charlotte,Team,3,#FFFFFF,Quartz White,Neutral,https://brand.charlotte.edu/visual-identity/color-palette/
UNC Charlotte,Team,4,#101820,Ore Black,Neutral,https://brand.charlotte.edu/visual-identity/color-palette/
UNLV,Team,1,#E31837,UNLV Scarlet,Primary,https://www.unlv.edu/brand/colors
UNLV,Team,2,#9FA1A4,UNLV Gray,Secondary,https://www.unlv.edu/brand/colors
UNLV,Team,3,#A03123,UNLV Scarlet Dark,Accent,https://www.unlv.edu/brand/colors
UNLV,Team,4,#6A737B,UNLV Gray Dark,Neutral,https://www.unlv.edu/brand/colors
UNLV,Team,5,#000000,UNLV Rich Black,Neutral,https://www.unlv.edu/brand/colors
USC,Team,1,#990000,USC Cardinal,Primary,https://identity.usc.edu/?p=1556
USC,Team,2,#FFCC00,USC Gold,Secondary,https://identity.usc.edu/?p=1556
USC,Team,3,#000000,Black,Neutral,https://identity.usc.edu/?p=1556
USC,Team,4,#FFFFFF,White,Neutral,https://identity.usc.edu/?p=1556
USC,Team,5,#CCCCCC,Gray 30K,Neutral,https://identity.usc.edu/?p=1556
USC,Team,6,#767676,Gray 70K,Neutral,https://identity.usc.edu/?p=1556
USF,Team,1,#006747,USF Green,Primary,https://www.usf.edu/ucm/marketing/colors.aspx
USF,Team,2,#CFC493,USF Gold,Secondary,https://www.usf.edu/ucm/marketing/colors.aspx
USF,Team,3,#FFFFFF,White,Neutral,https://www.usf.edu/ucm/marketing/colors.aspx
USF,Team,4,#005432,Evergreen,Accent,https://www.usf.edu/ucm/marketing/colors.aspx
USF,Team,5,#EDEBD1,Sand,Accent,https://www.usf.edu/ucm/marketing/colors.aspx
UT Martin,Team,1,#0B2341,Blue (PMS 289),Primary,https://utm.edu/offices-and-services/office-of-university-relations/ut-martin-logos.php
UT Martin,Team,2,#FF8200,Orange (PMS 151),Secondary,https://utm.edu/offices-and-services/office-of-university-relations/ut-martin-logos.php
Utah,Team,1,#BE0000,Utah Red,Primary,https://brand.utah.edu/branding/colors/
Utah,Team,2,#000000,Black,Neutral,https://brand.utah.edu/branding/colors/
Utah,Team,3,#FFFFFF,White,Neutral,https://brand.utah.edu/branding/colors/
Utah,Team,4,#707271,Zion Cinder Cone,Neutral,https://brand.utah.edu/branding/colors/
Utah State,Team,1,#0F2439,Aggie Blue,Primary,https://www.usu.edu/brand/toolkit/guides/colors
Utah State,Team,2,#FFFFFF,Fighting White,Neutral,https://www.usu.edu/brand/toolkit/guides/colors
Utah State,Team,3,#A2AAAD,Gray,Neutral,https://www.usu.edu/brand/toolkit/guides/colors
Utah State,Team,4,#000000,Black,Neutral,https://www.usu.edu/brand/toolkit/guides/colors
UTEP,Team,1,#FF8200,Orange,Primary,https://utepminers.com/sports/2017/6/7/trads-history-traditions-schoolcolors-html.aspx
UTEP,Team,2,#041E42,Blue,Secondary,https://utepminers.com/sports/2017/6/7/trads-history-traditions-schoolcolors-html.aspx
UTEP,Team,3,#B1B3B3,Silver,Neutral,https://utepminers.com/sports/2017/6/7/trads-history-traditions-schoolcolors-html.aspx
UTEP,Team,4,#FFFFFF,White,Neutral,https://utepminers.com/sports/2017/6/7/trads-history-traditions-schoolcolors-html.aspx
UTSA,Team,1,#F15A22,UT San Antonio Orange,Primary,https://www.utsa.edu/marcomstudio/resources/style-guides/brand-guidelines/color.html
UTSA,Team,2,#032044,Midnight,Secondary,https://www.utsa.edu/marcomstudio/resources/style-guides/brand-guidelines/color.html
UTSA,Team,3,#FFFFFF,White,Neutral,https://www.utsa.edu/marcomstudio/resources/style-guides/brand-guidelines/color.html
UTSA,Team,4,#C8DCFF,River Mist,Accent,https://www.utsa.edu/marcomstudio/resources/style-guides/brand-guidelines/color.html
UTSA,Team,5,#265BF7,Talavera Blue,Accent,https://www.utsa.edu/marcomstudio/resources/style-guides/brand-guidelines/color.html
UTSA,Team,6,#DBB485,Mission Clay,Accent,https://www.utsa.edu/marcomstudio/resources/style-guides/brand-guidelines/color.html
UTSA,Team,7,#A06620,Brass,Accent,https://www.utsa.edu/marcomstudio/resources/style-guides/brand-guidelines/color.html
UTSA,Team,8,#B94700,UT Health San Antonio Orange,Accent,https://www.utsa.edu/marcomstudio/resources/style-guides/brand-guidelines/color.html
UTSA,Team,9,#D3430D,UT San Antonio Accessible Orange,Accent,https://www.utsa.edu/marcomstudio/resources/style-guides/brand-guidelines/color.html
UTSA,Team,10,#F8F4F1,Limestone,Neutral,https://www.utsa.edu/marcomstudio/resources/style-guides/brand-guidelines/color.html
UTSA,Team,11,#EBE6E2,Concrete,Neutral,https://www.utsa.edu/marcomstudio/resources/style-guides/brand-guidelines/color.html
UTSA,Team,12,#D5CFC8,Smoke,Neutral,https://www.utsa.edu/marcomstudio/resources/style-guides/brand-guidelines/color.html
UTSA,Team,13,#332F21,Black (Black 2),Neutral,https://www.utsa.edu/marcomstudio/resources/style-guides/brand-guidelines/color.html
Vanderbilt,Team,1,#CFAE70,Flat Gold,Primary,https://brand.vanderbilt.edu/athletics/
Vanderbilt,Team,2,#000000,Rich Black,Neutral,https://brand.vanderbilt.edu/athletics/
Vanderbilt,Team,3,#FFFFFF,White,Neutral,https://brand.vanderbilt.edu/athletics/
Vanderbilt,Team,4,#1C1C1C,Black,Neutral,https://brand.vanderbilt.edu/athletics/
Vanderbilt,Team,5,#777777,Dark Gray,Neutral,https://brand.vanderbilt.edu/athletics/
Villanova,Team,1,#00205B,Navy (Villanova Blue),Primary,https://www.villanova.edu/university/comm-marketing/guidelines/villanova-visual-identity/university-colors.html
Villanova,Team,2,#13B5EA,Athletic Light Blue,Secondary,https://www.villanova.edu/university/comm-marketing/guidelines/villanova-visual-identity/university-colors.html
Villanova,Team,3,#FFFFFF,White,Neutral,https://www.villanova.edu/university/comm-marketing/guidelines/villanova-visual-identity/university-colors.html
Villanova,Team,4,#8B634B,Gold,Accent,https://www.villanova.edu/university/comm-marketing/guidelines/villanova-visual-identity/university-colors.html
Virginia,Team,1,#232D4B,UVA Blue (Jefferson Blue),Primary,https://brand.virginia.edu/design-assets/athletics
Virginia,Team,2,#F84C1E,Cavalier Orange,Secondary,https://brand.virginia.edu/design-assets/athletics
Virginia,Team,3,#FFFFFF,White,Neutral,https://brand.virginia.edu/design-assets/athletics
Virginia,Team,4,#E57200,UVA Orange (university),Accent,https://brand.virginia.edu/design-assets/colors
Virginia,Team,5,#009FDF,Cyan,Accent,https://brand.virginia.edu/design-assets/colors
Virginia,Team,6,#FDDA24,Yellow,Accent,https://brand.virginia.edu/design-assets/colors
Virginia,Team,7,#25CAD3,Teal,Accent,https://brand.virginia.edu/design-assets/colors
Virginia,Team,8,#62BB46,Green,Accent,https://brand.virginia.edu/design-assets/colors
Virginia,Team,9,#EF3F6B,Magenta,Accent,https://brand.virginia.edu/design-assets/colors
Virginia,Team,10,#F1F1EF,Light Gray,Neutral,https://brand.virginia.edu/design-assets/colors
Virginia,Team,11,#DADADA,Medium Gray,Neutral,https://brand.virginia.edu/design-assets/colors
Virginia,Team,12,#666666,Text Gray,Neutral,https://brand.virginia.edu/design-assets/colors
Virginia Tech,Team,1,#630031,Chicago Maroon,Primary,https://teamcolorcodes.com/virginia-tech-hokies-color-codes/
Virginia Tech,Team,2,#CF4420,Burnt Orange,Secondary,https://teamcolorcodes.com/virginia-tech-hokies-color-codes/
Virginia Tech,Team,3,#FFFFFF,Yardline White,Neutral,https://teamcolorcodes.com/virginia-tech-hokies-color-codes/
Virginia Tech,Team,4,#75787B,Hokie Stone,Neutral,https://teamcolorcodes.com/virginia-tech-hokies-color-codes/
Wake Forest,Team,1,#9E7E38,Old Gold,Primary,https://brand.wfu.edu/visual-identity/color/
Wake Forest,Team,2,#000000,Black,Neutral,https://brand.wfu.edu/visual-identity/color/
Wake Forest,Team,3,#CEB888,Athletics Gold,Accent,https://brand.wfu.edu/visual-identity/color/
Wake Forest,Team,4,#FDC314,Yellow,Accent,https://brand.wfu.edu/visual-identity/color/
Wake Forest,Team,5,#53565A,Gray,Neutral,https://brand.wfu.edu/visual-identity/color/
Washington,Team,1,#32006E,Primary (approved value),Primary,https://teamcolorcodes.com/washington-huskies-color-codes/
Washington,Team,2,#B7A57A,Husky Gold,Secondary,https://teamcolorcodes.com/washington-huskies-color-codes/
Washington,Team,3,#85754D,Metallic Gold,Accent,https://teamcolorcodes.com/washington-huskies-color-codes/
Washington,Team,4,#FFFFFF,White,Neutral,https://teamcolorcodes.com/washington-huskies-color-codes/
Washington State,Team,1,#A60F2D,Crimson,Primary,https://brand.wsu.edu/visual/colors/
Washington State,Team,2,#4D4D4D,Gray,Secondary,https://brand.wsu.edu/visual/colors/
Washington State,Team,3,#FFFFFF,White,Neutral,https://brand.wsu.edu/visual/colors/
Washington State,Team,4,#CA1237,Red,Accent,https://brand.wsu.edu/visual/colors/
Washington State,Team,5,#000000,Black,Neutral,https://brand.wsu.edu/visual/colors/
Weber State,Team,1,#4B2682,Wildcat Purple,Primary,https://teamcolorcodes.com/weber-state-wildcats-color-codes/
Weber State,Team,2,#A1A1A4,Waldo's Gray,Secondary,https://teamcolorcodes.com/weber-state-wildcats-color-codes/
Weber State,Team,3,#130C0E,Black,Neutral,https://teamcolorcodes.com/weber-state-wildcats-color-codes/
Weber State,Team,4,#FFFFFF,White,Neutral,https://teamcolorcodes.com/weber-state-wildcats-color-codes/
West Virginia,Team,1,#EAAA00,Old Gold,Primary,https://teamcolorcodes.com/west-virginia-mountaineers-color-codes/
West Virginia,Team,2,#002855,WVU Blue,Secondary,https://teamcolorcodes.com/west-virginia-mountaineers-color-codes/
West Virginia,Team,3,#FFFFFF,White,Neutral,https://teamcolorcodes.com/west-virginia-mountaineers-color-codes/
West Virginia,Team,4,#F7F7F7,Warm Gray Light,Neutral,https://universityrelations.wvu.edu/brand-guide/color
West Virginia,Team,5,#857B78,Warm Gray Medium,Neutral,https://universityrelations.wvu.edu/brand-guide/color
West Virginia,Team,6,#524842,Warm Gray Dark,Neutral,https://universityrelations.wvu.edu/brand-guide/color
West Virginia,Team,7,#EFE5C6,Cream Light,Neutral,https://universityrelations.wvu.edu/brand-guide/color
West Virginia,Team,8,#B9AC77,Cream Medium,Neutral,https://universityrelations.wvu.edu/brand-guide/color
West Virginia,Team,9,#1F2B38,Blue Dark,Accent,https://universityrelations.wvu.edu/brand-guide/color
West Virginia,Team,10,#AAD8E4,Blue Light,Accent,https://universityrelations.wvu.edu/brand-guide/color
West Virginia,Team,11,#0070B6,Bright Blue,Accent,https://universityrelations.wvu.edu/brand-guide/color
West Virginia,Team,12,#FFE75E,Yellow,Accent,https://universityrelations.wvu.edu/brand-guide/color
West Virginia,Team,13,#9F883F,Old Gold (accent),Accent,https://universityrelations.wvu.edu/brand-guide/color
West Virginia,Team,14,#E89781,Coral,Accent,https://universityrelations.wvu.edu/brand-guide/color
Western Kentucky,Team,1,#C60C30,WKU Red,Primary,https://teamcolorcodes.com/western-kentucky-hilltoppers-color-codes/
Western Kentucky,Team,2,#FFFFFF,White,Neutral,https://teamcolorcodes.com/western-kentucky-hilltoppers-color-codes/
Western Kentucky,Team,3,#000000,Black,Neutral,https://teamcolorcodes.com/western-kentucky-hilltoppers-color-codes/
Western Kentucky,Team,4,#A2A4A3,Gray,Neutral,https://teamcolorcodes.com/western-kentucky-hilltoppers-color-codes/
Wichita State,Team,1,#FFCD00,Wichita State Yellow,Primary,https://teamcolorcodes.com/wichita-state-shockers-color-codes/
Wichita State,Team,2,#27251F,Wichita State Black,Secondary,https://teamcolorcodes.com/wichita-state-shockers-color-codes/
Wichita State,Team,3,#FFFFFF,White,Neutral,https://teamcolorcodes.com/wichita-state-shockers-color-codes/
William & Mary,Team,1,#115740,Green,Primary,https://teamcolorcodes.com/william-mary-tribe-colors/
William & Mary,Team,2,#F0B323,Gold,Secondary,https://teamcolorcodes.com/william-mary-tribe-colors/
William & Mary,Team,3,#FFFFFF,White,Neutral,https://teamcolorcodes.com/william-mary-tribe-colors/
William & Mary,Team,4,#D8DCDB,W&M Silver,Neutral,https://www.wm.edu/brand/visual-brand/color-palette/
William & Mary,Team,5,#FDB714,W&M Spirit Gold,Accent,https://www.wm.edu/brand/visual-brand/color-palette/
William & Mary,Team,6,#00231B,Dark Green,Accent,https://www.wm.edu/brand/visual-brand/color-palette/
William & Mary,Team,7,#28463D,Griffin Green,Accent,https://www.wm.edu/brand/visual-brand/color-palette/
William & Mary,Team,8,#76A190,Patina,Accent,https://www.wm.edu/brand/visual-brand/color-palette/
William & Mary,Team,9,#B8DDB1,Sage,Accent,https://www.wm.edu/brand/visual-brand/color-palette/
William & Mary,Team,10,#789D4A,Moss,Accent,https://www.wm.edu/brand/visual-brand/color-palette/
William & Mary,Team,11,#06263B,Midnight Blue,Accent,https://www.wm.edu/brand/visual-brand/color-palette/
William & Mary,Team,12,#00677E,Marine Blue,Accent,https://www.wm.edu/brand/visual-brand/color-palette/
William & Mary,Team,13,#85B8C7,River Blue,Accent,https://www.wm.edu/brand/visual-brand/color-palette/
William & Mary,Team,14,#673E65,Royal Purple,Accent,https://www.wm.edu/brand/visual-brand/color-palette/
William & Mary,Team,15,#964A37,Brick Red,Accent,https://www.wm.edu/brand/visual-brand/color-palette/
Wisconsin,Team,1,#C5050C,Badger Red,Primary,https://brand.wisc.edu/visual-identity/colors/
Wisconsin,Team,2,#FFFFFF,White,Neutral,https://brand.wisc.edu/visual-identity/colors/
Wisconsin,Team,3,#9B0000,Dark Red,Accent,https://brand.wisc.edu/visual-identity/colors/
Wisconsin,Team,4,#E1E5E7,Light Gray,Neutral,https://brand.wisc.edu/visual-identity/colors/
Wisconsin,Team,5,#121212,Black,Neutral,https://brand.wisc.edu/visual-identity/colors/
Wofford,Team,1,#886E4C,Old Gold,Primary,https://teamcolorcodes.com/wofford-terriers-colors/
Wofford,Team,2,#000000,Black,Neutral,https://teamcolorcodes.com/wofford-terriers-colors/
Wofford,Team,3,#C7B37F,Khaki,Accent,https://teamcolorcodes.com/wofford-terriers-colors/
Wofford,Team,4,#FFFFFF,White,Neutral,https://teamcolorcodes.com/wofford-terriers-colors/
Wyoming,Team,1,#492F24,Brown,Primary,https://usteamcolors.com/university-of-wyoming-colors/
Wyoming,Team,2,#FFC425,Gold,Secondary,https://usteamcolors.com/university-of-wyoming-colors/
Wyoming,Team,3,#FFFFFF,White,Neutral,https://usteamcolors.com/university-of-wyoming-colors/
Yale,Team,1,#00356B,Yale Blue,Primary,https://teamcolorcodes.com/yale-bulldogs-color-codes/
Yale,Team,2,#FFFFFF,White,Neutral,https://teamcolorcodes.com/yale-bulldogs-color-codes/
Yale,Team,3,#968C83,PMS Warm Gray 7 (Pantone conversion),Neutral,https://yaleidentity.yale.edu/colors
Youngstown State,Team,1,#C8102E,Penguin Red,Primary,https://teamcolorcodes.com/youngstown-state-penguins-color-codes/
Youngstown State,Team,2,#F3D54E,Penguin Yellow,Secondary,https://teamcolorcodes.com/youngstown-state-penguins-color-codes/
Youngstown State,Team,3,#000000,Penguin Black,Neutral,https://teamcolorcodes.com/youngstown-state-penguins-color-codes/
Youngstown State,Team,4,#FFFFFF,Penguin White,Neutral,https://teamcolorcodes.com/youngstown-state-penguins-color-codes/
NCAA,League,1,#009CDE,NCAA Blue (PMS 2925),Primary,https://www.brandcolorcode.com/national-collegiate-athletic-association-ncaa
NCAA,League,2,#000000,Black,Neutral,https://www.brandcolorcode.com/national-collegiate-athletic-association-ncaa
NCAA,League,3,#FFFFFF,White,Neutral,https://www.brandcolorcode.com/national-collegiate-athletic-association-ncaa
NCAA Playoffs,League,1,#C28C19,CFP Gold (approx. PMS 1245 C),Primary,https://www.brandcolorcode.com/college-football-playoff
NCAA Playoffs,League,2,#130C0E,CFP Black (approx. Black 6 C),Secondary,https://www.brandcolorcode.com/college-football-playoff
NIT,League,1,#563B87,"Purple (current value, unverified)",Primary,https://www.nit.com/
NIT,League,2,#E0902F,"Orange (current value, unverified)",Secondary,https://www.nit.com/
NCAA ACC,League,1,#013CA6,ACC Blue (PMS 293 C),Primary,https://www.brandcolorcode.com/atlantic-coast-conference
NCAA ACC,League,2,#A5A9AB,Silver (PMS 10077 C),Secondary,https://www.brandcolorcode.com/atlantic-coast-conference
NCAA American,League,1,#002D62,"Navy (theamerican.org site theme color, 2025 rebrand)",Primary,https://theamerican.org/news/2025/7/20/about-american-conference-launches-modernized-brand-identity-ahead-of-football-media-days.aspx
NCAA American,League,2,#EE2231,"Red (PMS 485 C, 2020-21 AAC guide)",Secondary,https://theamerican.org/news/2025/7/20/about-american-conference-launches-modernized-brand-identity-ahead-of-football-media-days.aspx
NCAA American,League,3,#041E41,"Navy (PMS 282 C, 2020-21 AAC guide)",Accent,https://theamerican.org/news/2025/7/20/about-american-conference-launches-modernized-brand-identity-ahead-of-football-media-days.aspx
NCAA Big 10,League,1,#0088CE,Big Ten Blue (Process Blue),Primary,https://www.brandcolorcode.com/big-ten-conference
NCAA Big 10,League,2,#000000,Black (Process Black),Neutral,https://www.brandcolorcode.com/big-ten-conference
NCAA Big 10,League,3,#939598,Gray (Cool Gray 8),Neutral,https://www.brandcolorcode.com/big-ten-conference
NCAA Big 12,League,1,#C41230,Big 12 Red (PMS 187 C),Primary,https://www.brandcolorcode.com/big-12-conference
NCAA Big 12,League,2,#FFFFFF,White,Neutral,https://www.brandcolorcode.com/big-12-conference
NCAA Big 12,League,3,#CFD4D8,Gray (PMS 428 C),Neutral,https://www.brandcolorcode.com/big-12-conference
NCAA Big East & CO.,League,1,#003E7E,BIG EAST Blue (navy),Primary,https://logotyp.us/logo/big-east-conference/
NCAA Big East & CO.,League,2,#ED1A39,BIG EAST Red,Secondary,https://logotyp.us/logo/big-east-conference/
NCAA Big East & CO.,League,3,#FFFFFF,White,Neutral,https://logotyp.us/logo/big-east-conference/
NCAA Big Sky,League,1,#005DAA,Big Sky Blue (PMS 286 C),Primary,https://www.brandcolorcode.com/big-sky-conference
NCAA Big Sky,League,2,#70CDE3,Powder Sky Blue (PMS 305 C),Secondary,https://www.brandcolorcode.com/big-sky-conference
NCAA USA,League,1,#003865,CUSA Blue (PMS 2955 C),Primary,https://www.brandcolorcode.com/conference-usa
NCAA USA,League,2,#A6192E,CUSA Red (PMS 187 C),Secondary,https://www.brandcolorcode.com/conference-usa
NCAA USA,League,3,#75787B,Gray (Cool Gray 9),Neutral,https://www.brandcolorcode.com/conference-usa
NCAA USA,League,4,#BBBCBC,Light Gray (Cool Gray 4),Neutral,https://www.brandcolorcode.com/conference-usa
NCAA HISTORICALLY BLACK,League,1,#E01821,SWAC Red (PMS 485 C),Primary,https://www.brandcolorcode.com/southwestern-athletic-conference-swac
NCAA HISTORICALLY BLACK,League,2,#B0B0B0,Gray (Cool Gray 5 C),Secondary,https://www.brandcolorcode.com/southwestern-athletic-conference-swac
NCAA HISTORICALLY BLACK,League,3,#000000,Black (Black 6 C),Neutral,https://www.brandcolorcode.com/southwestern-athletic-conference-swac
NCAA Ivy,League,1,#026937,Ivy Green,Primary,https://www.brandcolorcode.com/ivy-league
NCAA Ivy,League,2,#FFFFFF,White,Neutral,https://www.brandcolorcode.com/ivy-league
NCAA Mountain West,League,1,#4F2D7F,MW Purple (PMS 268 C),Primary,https://www.brandcolorcode.com/mountain-west-conference
NCAA Mountain West,League,2,#AFAFAF,Grey (Cool Grey 6 C),Secondary,https://www.brandcolorcode.com/mountain-west-conference
NCAA Ohio Valley,League,1,#9D2440,OVC Maroon (PMS 194 C),Primary,https://www.brandcolorcode.com/ohio-valley-conference
NCAA Ohio Valley,League,2,#D1AD85,OVC Gold (PMS 874 C),Secondary,https://www.brandcolorcode.com/ohio-valley-conference
NCAA PAC 12,League,1,#092346,Pac-12 Blue (pre-2026),Primary,https://pac-12.com/news/2026/4/27/general-pac-12-unveils-new-primary-mark-as-the-foundation-of-the-new-leagues-brand-identity.aspx
NCAA PAC 12,League,2,#FFFFFF,White,Neutral,https://pac-12.com/news/2026/4/27/general-pac-12-unveils-new-primary-mark-as-the-foundation-of-the-new-leagues-brand-identity.aspx
NCAA PAC 12,League,3,#000000,Black (2026 primary mark),Neutral,https://pac-12.com/news/2026/4/27/general-pac-12-unveils-new-primary-mark-as-the-foundation-of-the-new-leagues-brand-identity.aspx
NCAA Pioneer,League,1,#9B745B,"Brown (current value, unverified)",Primary,https://pioneer-football.org/
NCAA Pioneer,League,2,#DCDEE2,"Light Gray (current value, unverified)",Secondary,https://pioneer-football.org/
NCAA SEC,League,1,#002D72,SEC Blue (PMS 288),Primary,https://a.espncdn.com/sec/media/2020/SEC%20Style%20Guide.pdf
NCAA SEC,League,2,#FED141,SEC Gold (PMS 122),Secondary,https://a.espncdn.com/sec/media/2020/SEC%20Style%20Guide.pdf
NCAA SEC,League,3,#D29F13,"Gold, beveled logos only (PMS 131)",Accent,https://a.espncdn.com/sec/media/2020/SEC%20Style%20Guide.pdf
NCAA Sun Belt,League,1,#0A2240,Sun Belt Navy (PMS 289 C),Primary,https://www.brandcolorcode.com/sun-belt-conference
NCAA Sun Belt,League,2,#F6A800,Sun Belt Gold (PMS 130 C),Secondary,https://www.brandcolorcode.com/sun-belt-conference
NCAA Wild,League,1,#2A454B,"Dark Teal (current value, league-defined)",Primary,
NCAA Wild,League,2,#DAD7CD,"Bone (current value, league-defined)",Secondary,
