LeagueID,LeagueName,DraftID,Round,Pick_No,OverallPick,Picked_By,RosterID,PlayerID,FirstName,LastName,Team,Position,Status,YearsExp
644097339790827520,NCAA OHIO VALLEY,661770331417055232,1,1,1,594242128851296256,10,7553,Kyle,Pitts,ATL,TE,Active,0
644097339790827520,NCAA OHIO VALLEY,661770331417055232,1,2,2,638193564806897664,11,7528,Najee,Harris,PIT,RB,Active,0
644097339790827520,NCAA OHIO VALLEY,661770331417055232,1,3,3,472879969664495616,4,7564,Ja'Marr,Chase,CIN,WR,Active,0
644097339790827520,NCAA OHIO VALLEY,661770331417055232,1,4,4,331558449374593024,6,7543,Travis,Etienne,JAX,RB,Active,0
644097339790827520,NCAA OHIO VALLEY,661770331417055232,1,5,5,571753677428977664,1,7526,Jaylen,Waddle,MIA,WR,Active,0
644097339790827520,NCAA OHIO VALLEY,661770331417055232,1,6,6,635700695584043008,7,7525,DeVonta,Smith,PHI,WR,Active,0
644097339790827520,NCAA OHIO VALLEY,661770331417055232,1,7,7,601198801197260800,2,7588,Javonte,Williams,DEN,RB,Active,0
644097339790827520,NCAA OHIO VALLEY,661770331417055232,1,8,8,331558449374593024,6,7523,Trevor,Lawrence,JAX,QB,Active,0
644097339790827520,NCAA OHIO VALLEY,661770331417055232,1,9,9,468944645166985216,3,7571,Rashod,Bateman,BAL,WR,Active,0
644097339790827520,NCAA OHIO VALLEY,661770331417055232,1,10,10,69768813763510272,8,7606,Kadarius,Toney,NYG,WR,Active,0
644097339790827520,NCAA OHIO VALLEY,661770331417055232,1,11,11,594242128851296256,10,7565,Terrace,Marshall,CAR,WR,Active,0
644097339790827520,NCAA OHIO VALLEY,661770331417055232,1,12,12,347683464398749696,9,7538,Zach,Wilson,NYJ,QB,Active,0
644097339790827520,NCAA OHIO VALLEY,661770331417055232,2,13,25,347683464398749696,9,7596,Elijah,Moore,NYJ,WR,Active,0
644097339790827520,NCAA OHIO VALLEY,661770331417055232,2,14,26,327689364916146176,12,7610,Trey,Lance,SF,QB,Active,0
644097339790827520,NCAA OHIO VALLEY,661770331417055232,2,15,27,69768813763510272,8,7593,Trey,Sermon,SF,RB,Active,0
644097339790827520,NCAA OHIO VALLEY,661770331417055232,2,16,28,468944645166985216,3,7562,Tutu,Atwell,LAR,WR,Active,0
644097339790827520,NCAA OHIO VALLEY,661770331417055232,2,17,29,347683464398749696,9,7601,Rondale,Moore,ARI,WR,Active,0
644097339790827520,NCAA OHIO VALLEY,661770331417055232,2,18,30,331558449374593024,6,7607,Michael,Carter,NYJ,RB,Active,0
644097339790827520,NCAA OHIO VALLEY,661770331417055232,2,19,31,635700695584043008,7,7567,Kenneth,Gainwell,,RB,Active,0
644097339790827520,NCAA OHIO VALLEY,661770331417055232,2,20,32,571753677428977664,1,7591,Justin,Fields,CHI,QB,Active,0
644097339790827520,NCAA OHIO VALLEY,661770331417055232,2,21,33,347683464398749696,9,7611,Rhamondre,Stevenson,NE,RB,Active,0
644097339790827520,NCAA OHIO VALLEY,661770331417055232,2,22,34,347683464398749696,9,7600,Pat,Freiermuth,PIT,TE,Active,0
644097339790827520,NCAA OHIO VALLEY,661770331417055232,2,23,35,638193564806897664,11,7547,Amon-Ra,St. Brown,DET,WR,Active,0
644097339790827520,NCAA OHIO VALLEY,661770331417055232,2,24,36,331558449374593024,6,7527,Mac,Jones,NE,QB,Active,0
644097339790827520,NCAA OHIO VALLEY,661770331417055232,3,25,49,474662041341128704,5,7594,Chuba,Hubbard,CAR,RB,Active,0
644097339790827520,NCAA OHIO VALLEY,661770331417055232,3,26,50,472879969664495616,4,7540,Amari,Rodgers,GB,WR,Active,0
644097339790827520,NCAA OHIO VALLEY,661770331417055232,3,27,51,594242128851296256,10,7569,Nico,Collins,HOU,WR,Active,0
644097339790827520,NCAA OHIO VALLEY,661770331417055232,3,28,52,331558449374593024,6,7587,Dyami,Brown,WAS,WR,Active,0
644097339790827520,NCAA OHIO VALLEY,661770331417055232,3,29,53,571753677428977664,1,7595,Tylan,Wallace,BAL,WR,Active,0
644097339790827520,NCAA OHIO VALLEY,661770331417055232,3,30,54,635700695584043008,7,7586,Dazz,Newsome,,WR,Active,0
644097339790827520,NCAA OHIO VALLEY,661770331417055232,3,31,55,601198801197260800,2,7729,Dez,Fitzpatrick,TEN,WR,Active,0
644097339790827520,NCAA OHIO VALLEY,661770331417055232,3,32,56,638193564806897664,11,7533,Anthony,Schwartz,CLE,WR,Active,0
644097339790827520,NCAA OHIO VALLEY,661770331417055232,3,33,57,468944645166985216,3,7568,Brevin,Jordan,HOU,TE,Active,0
644097339790827520,NCAA OHIO VALLEY,661770331417055232,3,34,58,69768813763510272,8,7612,D'Wayne,Eskridge,SEA,WR,Active,0
644097339790827520,NCAA OHIO VALLEY,661770331417055232,3,35,59,327689364916146176,12,7694,Tommy,Tremble,CAR,TE,Active,0
644097339790827520,NCAA OHIO VALLEY,661770331417055232,3,36,60,347683464398749696,9,7563,Javian,Hawkins,ATL,RB,Active,0
644097339790827520,NCAA OHIO VALLEY,661770331417055232,4,37,73,347683464398749696,9,7534,Seth,Williams,DEN,WR,Active,0
644097339790827520,NCAA OHIO VALLEY,661770331417055232,4,38,74,327689364916146176,12,7609,Demetric,Felton,CLE,RB,Active,0
644097339790827520,NCAA OHIO VALLEY,661770331417055232,4,39,75,69768813763510272,8,7554,Tre',McKitty,LAC,TE,Active,0
644097339790827520,NCAA OHIO VALLEY,661770331417055232,4,40,76,468944645166985216,3,7581,Kellen,Mond,MIN,QB,Active,0
644097339790827520,NCAA OHIO VALLEY,661770331417055232,4,41,77,638193564806897664,11,7576,Sage,Surratt,DET,WR,Active,0
644097339790827520,NCAA OHIO VALLEY,661770331417055232,4,42,78,331558449374593024,6,7535,Hunter,Long,MIA,TE,Active,0
644097339790827520,NCAA OHIO VALLEY,661770331417055232,4,43,79,635700695584043008,7,7605,Kyle,Trask,TB,QB,Active,0
644097339790827520,NCAA OHIO VALLEY,661770331417055232,4,44,80,571753677428977664,1,7603,Shi,Smith,CAR,WR,Active,0
644097339790827520,NCAA OHIO VALLEY,661770331417055232,4,45,81,331558449374593024,6,7541,Cornell,Powell,KC,WR,Active,0
644097339790827520,NCAA OHIO VALLEY,661770331417055232,4,46,82,594242128851296256,10,7559,Ihmir,Smith-Marsette,MIN,WR,Active,0
644097339790827520,NCAA OHIO VALLEY,661770331417055232,4,47,83,472879969664495616,4,7585,Davis,Mills,HOU,QB,Active,0
644097339790827520,NCAA OHIO VALLEY,661770331417055232,4,48,84,474662041341128704,5,7560,Pooka,Williams,,RB,Active,0
644097339790827520,NCAA OHIO VALLEY,644097340822597632,1,1,1,347683464398749696,9,4034,Christian,McCaffrey,CAR,RB,Active,3
644097339790827520,NCAA OHIO VALLEY,644097340822597632,1,2,2,327689364916146176,12,4035,Alvin,Kamara,NO,RB,Active,3
644097339790827520,NCAA OHIO VALLEY,644097340822597632,1,3,3,69768813763510272,8,4029,Dalvin,Cook,MIN,RB,Active,3
644097339790827520,NCAA OHIO VALLEY,644097340822597632,1,4,4,468944645166985216,3,3198,Derrick,Henry,TEN,RB,Active,4
644097339790827520,NCAA OHIO VALLEY,644097340822597632,1,5,5,472879969664495616,4,6813,Jonathan,Taylor,IND,RB,Active,0
644097339790827520,NCAA OHIO VALLEY,644097340822597632,1,6,6,601198801197260800,2,4866,Saquon,Barkley,NYG,RB,Injured Reserve,2
644097339790827520,NCAA OHIO VALLEY,644097340822597632,1,7,7,635700695584043008,7,2133,Davante,Adams,GB,WR,Active,6
644097339790827520,NCAA OHIO VALLEY,644097340822597632,1,8,8,571753677428977664,1,4199,Aaron,Jones,GB,RB,Active,3
644097339790827520,NCAA OHIO VALLEY,644097340822597632,1,9,9,472879969664495616,4,6794,Justin,Jefferson,MIN,WR,Active,0
644097339790827520,NCAA OHIO VALLEY,644097340822597632,1,10,10,69768813763510272,8,4988,Nick,Chubb,CLE,RB,Active,2
644097339790827520,NCAA OHIO VALLEY,644097340822597632,1,11,11,472879969664495616,4,6790,D'Andre,Swift,DET,RB,Active,0
644097339790827520,NCAA OHIO VALLEY,644097340822597632,1,12,12,638193564806897664,11,6806,J.K.,Dobbins,BAL,RB,Active,0
644097339790827520,NCAA OHIO VALLEY,644097340822597632,2,13,25,638193564806897664,11,6938,Cam,Akers,LAR,RB,Active,0
644097339790827520,NCAA OHIO VALLEY,644097340822597632,2,14,26,474662041341128704,5,3321,Tyreek,Hill,KC,WR,Active,4
644097339790827520,NCAA OHIO VALLEY,644097340822597632,2,15,27,594242128851296256,10,4046,Patrick,Mahomes,KC,QB,Active,3
644097339790827520,NCAA OHIO VALLEY,644097340822597632,2,16,28,331558449374593024,6,5846,DK,Metcalf,SEA,WR,Active,1
644097339790827520,NCAA OHIO VALLEY,644097340822597632,2,17,29,571753677428977664,1,5859,A.J.,Brown,TEN,WR,Active,1
644097339790827520,NCAA OHIO VALLEY,644097340822597632,2,18,30,635700695584043008,7,3164,Ezekiel,Elliott,DAL,RB,Active,4
644097339790827520,NCAA OHIO VALLEY,644097340822597632,2,19,31,601198801197260800,2,5850,Josh,Jacobs,LV,RB,Active,1
644097339790827520,NCAA OHIO VALLEY,644097340822597632,2,20,32,474662041341128704,5,2449,Stefon,Diggs,BUF,WR,Active,5
644097339790827520,NCAA OHIO VALLEY,644097340822597632,2,21,33,468944645166985216,3,6151,Miles,Sanders,PHI,RB,Active,1
644097339790827520,NCAA OHIO VALLEY,644097340822597632,2,22,34,69768813763510272,8,1426,DeAndre,Hopkins,ARI,WR,Active,7
644097339790827520,NCAA OHIO VALLEY,644097340822597632,2,23,35,327689364916146176,12,3199,Michael,Thomas,NO,WR,Active,4
644097339790827520,NCAA OHIO VALLEY,644097340822597632,2,24,36,347683464398749696,9,5927,Terry,McLaurin,WAS,WR,Active,1
644097339790827520,NCAA OHIO VALLEY,644097340822597632,3,25,49,347683464398749696,9,6945,Antonio,Gibson,WAS,RB,Active,0
644097339790827520,NCAA OHIO VALLEY,644097340822597632,3,26,50,327689364916146176,12,6820,Clyde,Edwards-Helaire,KC,RB,Active,0
644097339790827520,NCAA OHIO VALLEY,644097340822597632,3,27,51,331558449374593024,6,6786,CeeDee,Lamb,DAL,WR,Active,0
644097339790827520,NCAA OHIO VALLEY,644097340822597632,3,28,52,468944645166985216,3,4663,Austin,Ekeler,LAC,RB,Active,3
644097339790827520,NCAA OHIO VALLEY,644097340822597632,3,29,53,474662041341128704,5,4984,Josh,Allen,BUF,QB,Active,2
644097339790827520,NCAA OHIO VALLEY,644097340822597632,3,30,54,601198801197260800,2,4217,George,Kittle,SF,TE,Active,3
644097339790827520,NCAA OHIO VALLEY,644097340822597632,3,31,55,635700695584043008,7,4981,Calvin,Ridley,ATL,WR,Active,2
644097339790827520,NCAA OHIO VALLEY,644097340822597632,3,32,56,571753677428977664,1,6955,James,Robinson,JAX,RB,Active,0
644097339790827520,NCAA OHIO VALLEY,644097340822597632,3,33,57,331558449374593024,6,4018,Joe,Mixon,CIN,RB,Injured Reserve,3
644097339790827520,NCAA OHIO VALLEY,644097340822597632,3,34,58,327689364916146176,12,1466,Travis,Kelce,KC,TE,Active,7
644097339790827520,NCAA OHIO VALLEY,644097340822597632,3,35,59,638193564806897664,11,5892,David,Montgomery,CHI,RB,Active,1
644097339790827520,NCAA OHIO VALLEY,644097340822597632,3,36,60,638193564806897664,11,4037,Chris,Godwin,TB,WR,Active,3
644097339790827520,NCAA OHIO VALLEY,644097340822597632,4,37,73,638193564806897664,11,6801,Tee,Higgins,CIN,WR,Active,0
644097339790827520,NCAA OHIO VALLEY,644097340822597632,4,38,74,601198801197260800,2,6803,Brandon,Aiyuk,SF,WR,Active,0
644097339790827520,NCAA OHIO VALLEY,644097340822597632,4,39,75,594242128851296256,10,6797,Justin,Herbert,LAC,QB,Active,0
644097339790827520,NCAA OHIO VALLEY,644097340822597632,4,40,76,331558449374593024,6,2505,Darren,Waller,LV,TE,Active,5
644097339790827520,NCAA OHIO VALLEY,644097340822597632,4,41,77,571753677428977664,1,1992,Allen,Robinson,CHI,WR,Active,6
644097339790827520,NCAA OHIO VALLEY,644097340822597632,4,42,78,635700695584043008,7,4983,D.J.,Moore,CAR,WR,Active,2
644097339790827520,NCAA OHIO VALLEY,644097340822597632,4,43,79,472879969664495616,4,2309,Amari,Cooper,DAL,WR,Active,5
644097339790827520,NCAA OHIO VALLEY,644097340822597632,4,44,80,474662041341128704,5,4098,Kareem,Hunt,CLE,RB,Active,3
644097339790827520,NCAA OHIO VALLEY,644097340822597632,4,45,81,468944645166985216,3,5849,Kyler,Murray,ARI,QB,Active,1
644097339790827520,NCAA OHIO VALLEY,644097340822597632,4,46,82,69768813763510272,8,6783,Jerry,Jeudy,DEN,WR,Active,0
644097339790827520,NCAA OHIO VALLEY,644097340822597632,4,47,83,327689364916146176,12,1479,Keenan,Allen,LAC,WR,Active,7
644097339790827520,NCAA OHIO VALLEY,644097340822597632,4,48,84,347683464398749696,9,6886,Chase,Claypool,PIT,WR,Active,0
644097339790827520,NCAA OHIO VALLEY,644097340822597632,5,49,97,69768813763510272,8,4273,Chris,Carson,SEA,RB,Active,3
644097339790827520,NCAA OHIO VALLEY,644097340822597632,5,50,98,327689364916146176,12,2216,Mike,Evans,TB,WR,Active,6
644097339790827520,NCAA OHIO VALLEY,644097340822597632,5,51,99,69768813763510272,8,6828,A.J.,Dillon,GB,RB,Active,0
644097339790827520,NCAA OHIO VALLEY,644097340822597632,5,52,100,468944645166985216,3,5844,T.J.,Hockenson,DET,TE,Active,1
644097339790827520,NCAA OHIO VALLEY,644097340822597632,5,53,101,331558449374593024,6,4040,JuJu,Smith-Schuster,PIT,WR,Active,3
644097339790827520,NCAA OHIO VALLEY,644097340822597632,5,54,102,327689364916146176,12,4881,Lamar,Jackson,BAL,QB,Active,2
644097339790827520,NCAA OHIO VALLEY,644097340822597632,5,55,103,635700695584043008,7,5052,Ronald,Jones,TB,RB,Active,2
644097339790827520,NCAA OHIO VALLEY,644097340822597632,5,56,104,571753677428977664,1,3294,Dak,Prescott,DAL,QB,Injured Reserve,4
644097339790827520,NCAA OHIO VALLEY,644097340822597632,5,57,105,601198801197260800,2,4017,Deshaun,Watson,HOU,QB,Active,3
644097339790827520,NCAA OHIO VALLEY,644097340822597632,5,58,106,347683464398749696,9,6845,Zack,Moss,BUF,RB,Inactive,0
644097339790827520,NCAA OHIO VALLEY,644097340822597632,5,59,107,331558449374593024,6,5937,Diontae,Johnson,PIT,WR,Active,1
644097339790827520,NCAA OHIO VALLEY,644097340822597632,5,60,108,638193564806897664,11,6770,Joe,Burrow,CIN,QB,Injured Reserve,0
644097339790827520,NCAA OHIO VALLEY,644097340822597632,6,61,121,638193564806897664,11,4951,D.J.,Chark,JAX,WR,Active,2
644097339790827520,NCAA OHIO VALLEY,644097340822597632,6,62,122,594242128851296256,10,5980,Myles,Gaskin,MIA,RB,Active,1
644097339790827520,NCAA OHIO VALLEY,644097340822597632,6,63,123,594242128851296256,10,6819,Michael,Pittman,IND,WR,Active,0
644097339790827520,NCAA OHIO VALLEY,644097340822597632,6,64,124,331558449374593024,6,1234,Russell,Wilson,SEA,QB,Active,8
644097339790827520,NCAA OHIO VALLEY,644097340822597632,6,65,125,571753677428977664,1,1352,Robert,Woods,LAR,WR,Active,7
644097339790827520,NCAA OHIO VALLEY,644097340822597632,6,66,126,635700695584043008,7,96,Aaron,Rodgers,GB,QB,Active,15
644097339790827520,NCAA OHIO VALLEY,644097340822597632,6,67,127,601198801197260800,2,4131,Kenny,Golladay,DET,WR,Active,3
644097339790827520,NCAA OHIO VALLEY,644097340822597632,6,68,128,474662041341128704,5,5012,Mark,Andrews,BAL,TE,Active,2
644097339790827520,NCAA OHIO VALLEY,644097340822597632,6,69,129,468944645166985216,3,3225,Tyler,Boyd,CIN,WR,Active,4
644097339790827520,NCAA OHIO VALLEY,644097340822597632,6,70,130,69768813763510272,8,6789,Henry,Ruggs,LV,WR,Active,0
644097339790827520,NCAA OHIO VALLEY,644097340822597632,6,71,131,472879969664495616,4,6814,Laviska,Shenault,JAX,WR,Active,0
644097339790827520,NCAA OHIO VALLEY,644097340822597632,6,72,132,331558449374593024,6,6904,Jalen,Hurts,PHI,QB,Active,0
644097339790827520,NCAA OHIO VALLEY,644097340822597632,7,73,145,638193564806897664,11,2320,Melvin,Gordon,DEN,RB,Active,5
644097339790827520,NCAA OHIO VALLEY,644097340822597632,7,74,146,601198801197260800,2,5045,Courtland,Sutton,DEN,WR,Injured Reserve,2
644097339790827520,NCAA OHIO VALLEY,644097340822597632,7,75,147,69768813763510272,8,3242,Kenyan,Drake,ARI,RB,Active,4
644097339790827520,NCAA OHIO VALLEY,644097340822597632,7,76,148,468944645166985216,3,1689,Adam,Thielen,MIN,WR,Active,7
644097339790827520,NCAA OHIO VALLEY,644097340822597632,7,77,149,474662041341128704,5,6895,Quintez,Cephus,DET,WR,Active,0
644097339790827520,NCAA OHIO VALLEY,644097340822597632,7,78,150,327689364916146176,12,947,Julio,Jones,ATL,WR,Active,9
644097339790827520,NCAA OHIO VALLEY,644097340822597632,7,79,151,635700695584043008,7,2078,Odell,Beckham,CLE,WR,Injured Reserve,6
644097339790827520,NCAA OHIO VALLEY,644097340822597632,7,80,152,571753677428977664,1,2374,Tyler,Lockett,SEA,WR,Active,5
644097339790827520,NCAA OHIO VALLEY,644097340822597632,7,81,153,331558449374593024,6,3157,Will,Fuller,HOU,WR,Active,4
644097339790827520,NCAA OHIO VALLEY,644097340822597632,7,82,154,594242128851296256,10,5848,Marquise,Brown,BAL,WR,Active,1
644097339790827520,NCAA OHIO VALLEY,644097340822597632,7,83,155,472879969664495616,4,6768,Tua,Tagovailoa,MIA,QB,Active,0
644097339790827520,NCAA OHIO VALLEY,644097340822597632,7,84,156,638193564806897664,11,7090,Darnell,Mooney,CHI,WR,Inactive,0
644097339790827520,NCAA OHIO VALLEY,644097340822597632,8,85,169,638193564806897664,11,3969,Leonard,Fournette,TB,RB,Active,3
644097339790827520,NCAA OHIO VALLEY,644097340822597632,8,86,170,594242128851296256,10,6849,Denzel,Mims,NYJ,WR,Active,0
644097339790827520,NCAA OHIO VALLEY,644097340822597632,8,87,171,594242128851296256,10,5857,Noah,Fant,DEN,TE,Active,1
644097339790827520,NCAA OHIO VALLEY,644097340822597632,8,88,172,331558449374593024,6,2315,Todd,Gurley,ATL,RB,Active,5
644097339790827520,NCAA OHIO VALLEY,644097340822597632,8,89,173,571753677428977664,1,1049,Ryan,Tannehill,TEN,QB,Active,8
644097339790827520,NCAA OHIO VALLEY,644097340822597632,8,90,174,635700695584043008,7,3214,Hunter,Henry,LAC,TE,Active,4
644097339790827520,NCAA OHIO VALLEY,644097340822597632,8,91,175,327689364916146176,12,2391,David,Johnson,HOU,RB,Active,5
644097339790827520,NCAA OHIO VALLEY,644097340822597632,8,92,176,472879969664495616,4,5347,Nyheim,Hines,IND,RB,Active,2
644097339790827520,NCAA OHIO VALLEY,644097340822597632,8,93,177,468944645166985216,3,5872,Deebo,Samuel,SF,WR,Active,1
644097339790827520,NCAA OHIO VALLEY,644097340822597632,8,94,178,69768813763510272,8,4993,Mike,Gesicki,MIA,TE,Active,2
644097339790827520,NCAA OHIO VALLEY,644097340822597632,8,95,179,601198801197260800,2,4039,Cooper,Kupp,LAR,WR,Active,3
644097339790827520,NCAA OHIO VALLEY,644097340822597632,8,96,180,347683464398749696,9,3423,Robby,Anderson,CAR,WR,Active,4
644097339790827520,NCAA OHIO VALLEY,644097340822597632,9,97,193,347683464398749696,9,421,Matthew,Stafford,DET,QB,Active,11
644097339790827520,NCAA OHIO VALLEY,644097340822597632,9,98,194,327689364916146176,12,4137,James,Conner,PIT,RB,Active,3
644097339790827520,NCAA OHIO VALLEY,644097340822597632,9,99,195,69768813763510272,8,4892,Baker,Mayfield,CLE,QB,Active,2
644097339790827520,NCAA OHIO VALLEY,644097340822597632,9,100,196,468944645166985216,3,6798,Jalen,Reagor,PHI,WR,Active,0
644097339790827520,NCAA OHIO VALLEY,644097340822597632,9,101,197,474662041341128704,5,6126,Irv,Smith,MIN,TE,Active,1
644097339790827520,NCAA OHIO VALLEY,644097340822597632,9,102,198,601198801197260800,2,2749,Raheem,Mostert,SF,RB,Injured Reserve,5
644097339790827520,NCAA OHIO VALLEY,644097340822597632,9,103,199,635700695584043008,7,2197,Brandin,Cooks,HOU,WR,Active,6
644097339790827520,NCAA OHIO VALLEY,644097340822597632,9,104,200,571753677428977664,1,4144,Jonnu,Smith,TEN,TE,Active,3
644097339790827520,NCAA OHIO VALLEY,644097340822597632,9,105,201,331558449374593024,6,4082,Curtis,Samuel,CAR,WR,Active,3
644097339790827520,NCAA OHIO VALLEY,644097340822597632,9,106,202,594242128851296256,10,6130,Devin,Singletary,BUF,RB,Active,1
644097339790827520,NCAA OHIO VALLEY,644097340822597632,9,107,203,472879969664495616,4,5022,Dallas,Goedert,PHI,TE,Active,2
644097339790827520,NCAA OHIO VALLEY,644097340822597632,9,108,204,638193564806897664,11,5890,Damien,Harris,NE,RB,Injured Reserve,1
644097339790827520,NCAA OHIO VALLEY,644097340822597632,10,109,217,638193564806897664,11,6826,Cole,Kmet,CHI,TE,Active,0
644097339790827520,NCAA OHIO VALLEY,644097340822597632,10,110,218,472879969664495616,4,4666,Younghoe,Koo,ATL,K,Active,3
644097339790827520,NCAA OHIO VALLEY,644097340822597632,10,111,219,594242128851296256,10,4602,Robert,Tonyan,GB,TE,Active,3
644097339790827520,NCAA OHIO VALLEY,644097340822597632,10,112,220,331558449374593024,6,5000,Chase,Edmonds,ARI,RB,Active,2
644097339790827520,NCAA OHIO VALLEY,644097340822597632,10,113,221,571753677428977664,1,4036,Corey,Davis,TEN,WR,Active,3
644097339790827520,NCAA OHIO VALLEY,644097340822597632,10,114,222,635700695584043008,7,1408,Le'Veon,Bell,KC,RB,Active,7
644097339790827520,NCAA OHIO VALLEY,644097340822597632,10,115,223,601198801197260800,2,4149,Jamaal,Williams,GB,RB,Active,3
644097339790827520,NCAA OHIO VALLEY,644097340822597632,10,116,224,474662041341128704,5,1825,Jarvis,Landry,CLE,WR,Active,6
644097339790827520,NCAA OHIO VALLEY,644097340822597632,10,117,225,468944645166985216,3,5880,Parris,Campbell,IND,WR,Injured Reserve,1
644097339790827520,NCAA OHIO VALLEY,644097340822597632,10,118,226,69768813763510272,8,2319,DeVante,Parker,MIA,WR,Active,5
644097339790827520,NCAA OHIO VALLEY,644097340822597632,10,119,227,594242128851296256,10,5967,Tony,Pollard,DAL,RB,Active,1
644097339790827520,NCAA OHIO VALLEY,644097340822597632,10,120,228,347683464398749696,9,4950,Christian,Kirk,ARI,WR,Reserve/COVID-19,2
644097339790827520,NCAA OHIO VALLEY,644097340822597632,11,121,241,347683464398749696,9,2251,Logan,Thomas,WAS,TE,Active,6
644097339790827520,NCAA OHIO VALLEY,644097340822597632,11,122,242,594242128851296256,10,6943,Gabriel,Davis,BUF,WR,Active,0
644097339790827520,NCAA OHIO VALLEY,644097340822597632,11,123,243,69768813763510272,8,5038,Michael,Gallup,DAL,WR,Active,2
644097339790827520,NCAA OHIO VALLEY,644097340822597632,11,124,244,468944645166985216,3,6870,Bryan,Edwards,LV,WR,Active,0
644097339790827520,NCAA OHIO VALLEY,644097340822597632,11,125,245,474662041341128704,5,4187,Brian,Hill,ATL,RB,Active,3
644097339790827520,NCAA OHIO VALLEY,644097340822597632,11,126,246,601198801197260800,2,PIT,Pittsburgh,Steelers,PIT,DEF,,
644097339790827520,NCAA OHIO VALLEY,644097340822597632,11,127,247,635700695584043008,7,6804,Jordan,Love,GB,QB,Active,0
644097339790827520,NCAA OHIO VALLEY,644097340822597632,11,128,248,571753677428977664,1,5119,Jason,Sanders,MIA,K,Active,2
644097339790827520,NCAA OHIO VALLEY,644097340822597632,11,129,249,331558449374593024,6,6149,Darius,Slayton,NYG,WR,Active,1
644097339790827520,NCAA OHIO VALLEY,644097340822597632,11,130,250,594242128851296256,10,6805,K.J.,Hamler,DEN,WR,Injured Reserve,0
644097339790827520,NCAA OHIO VALLEY,644097340822597632,11,131,251,474662041341128704,5,5284,Jeffery,Wilson,SF,RB,Active,2
644097339790827520,NCAA OHIO VALLEY,644097340822597632,11,132,252,638193564806897664,11,7042,Tyler,Bass,BUF,K,Active,0
644097339790827520,NCAA OHIO VALLEY,644097340822597632,12,133,265,638193564806897664,11,2410,Jamison,Crowder,NYJ,WR,Active,5
644097339790827520,NCAA OHIO VALLEY,644097340822597632,12,134,266,472879969664495616,4,2431,Mike,Davis,CAR,RB,Active,5
644097339790827520,NCAA OHIO VALLEY,644097340822597632,12,135,267,594242128851296256,10,6869,Adam,Trautman,NO,TE,Active,0
644097339790827520,NCAA OHIO VALLEY,644097340822597632,12,136,268,331558449374593024,6,4985,Rashaad,Penny,SEA,RB,Inactive,2
644097339790827520,NCAA OHIO VALLEY,644097340822597632,12,137,269,571753677428977664,1,5001,Dalton,Schultz,DAL,TE,Active,2
644097339790827520,NCAA OHIO VALLEY,644097340822597632,12,138,270,635700695584043008,7,6885,Ke'Shawn,Vaughn,TB,RB,Active,0
644097339790827520,NCAA OHIO VALLEY,644097340822597632,12,139,271,601198801197260800,2,536,Antonio,Brown,TB,WR,Active,10
644097339790827520,NCAA OHIO VALLEY,644097340822597632,12,140,272,474662041341128704,5,4157,Tarik,Cohen,CHI,RB,Injured Reserve,3
644097339790827520,NCAA OHIO VALLEY,644097340822597632,12,141,273,468944645166985216,3,7064,Darrynton,Evans,TEN,RB,Active,0
644097339790827520,NCAA OHIO VALLEY,644097340822597632,12,142,274,69768813763510272,8,5987,Alexander,Mattison,MIN,RB,Active,1
644097339790827520,NCAA OHIO VALLEY,644097340822597632,12,143,275,327689364916146176,12,5947,Jakobi,Meyers,NE,WR,Active,1
644097339790827520,NCAA OHIO VALLEY,644097340822597632,12,144,276,347683464398749696,9,5916,Darrell,Henderson,LAR,RB,Injured Reserve,1
644097339790827520,NCAA OHIO VALLEY,644097340822597632,13,145,289,347683464398749696,9,5917,Mecole,Hardman,KC,WR,Active,1
644097339790827520,NCAA OHIO VALLEY,644097340822597632,13,146,290,327689364916146176,12,6909,Lynn,Bowden,MIA,RB,Active,0
644097339790827520,NCAA OHIO VALLEY,644097340822597632,13,147,291,69768813763510272,8,3163,Jared,Goff,LAR,QB,Active,4
644097339790827520,NCAA OHIO VALLEY,644097340822597632,13,148,292,468944645166985216,3,1166,Kirk,Cousins,MIN,QB,Active,8
644097339790827520,NCAA OHIO VALLEY,644097340822597632,13,149,293,474662041341128704,5,4068,Mike,Williams,LAC,WR,Active,3
644097339790827520,NCAA OHIO VALLEY,644097340822597632,13,150,294,601198801197260800,2,6931,DeeJay,Dallas,SEA,RB,Inactive,0
644097339790827520,NCAA OHIO VALLEY,644097340822597632,13,151,295,635700695584043008,7,4152,Marlon,Mack,IND,RB,Injured Reserve,3
644097339790827520,NCAA OHIO VALLEY,644097340822597632,13,152,296,571753677428977664,1,3664,J.D.,McKissic,WAS,RB,Active,4
644097339790827520,NCAA OHIO VALLEY,644097340822597632,13,153,297,331558449374593024,6,6148,Preston,Williams,MIA,WR,Injured Reserve,1
644097339790827520,NCAA OHIO VALLEY,644097340822597632,13,154,298,594242128851296256,10,5110,Russell,Gage,ATL,WR,Active,2
644097339790827520,NCAA OHIO VALLEY,644097340822597632,13,155,299,472879969664495616,4,6156,Benny,Snell,PIT,RB,Active,1
644097339790827520,NCAA OHIO VALLEY,644097340822597632,13,156,300,638193564806897664,11,6908,La'Mical,Perine,NYJ,RB,Reserve/COVID-19,0
644097339790827520,NCAA OHIO VALLEY,644097340822597632,14,157,313,638193564806897664,11,4962,Sony,Michel,NE,RB,Active,2
644097339790827520,NCAA OHIO VALLEY,644097340822597632,14,158,314,472879969664495616,4,3200,Sterling,Shepard,NYG,WR,Active,4
644097339790827520,NCAA OHIO VALLEY,644097340822597632,14,159,315,594242128851296256,10,5248,Gus,Edwards,BAL,RB,Active,2
644097339790827520,NCAA OHIO VALLEY,644097340822597632,14,160,316,331558449374593024,6,7062,Rodrigo,Blankenship,IND,K,Active,0
644097339790827520,NCAA OHIO VALLEY,644097340822597632,14,161,317,571753677428977664,1,4973,Hayden,Hurst,ATL,TE,Active,2
644097339790827520,NCAA OHIO VALLEY,644097340822597632,14,162,318,635700695584043008,7,4351,Tim,Patrick,DEN,WR,Active,3
644097339790827520,NCAA OHIO VALLEY,644097340822597632,14,163,319,327689364916146176,12,167,Tom,Brady,TB,QB,Active,20
644097339790827520,NCAA OHIO VALLEY,644097340822597632,14,164,320,474662041341128704,5,4227,Harrison,Butker,KC,K,Active,3
644097339790827520,NCAA OHIO VALLEY,644097340822597632,14,165,321,468944645166985216,3,1067,Marvin,Jones,DET,WR,Active,8
644097339790827520,NCAA OHIO VALLEY,644097340822597632,14,166,322,69768813763510272,8,4066,Evan,Engram,NYG,TE,Active,3
644097339790827520,NCAA OHIO VALLEY,644097340822597632,14,167,323,601198801197260800,2,1339,Zach,Ertz,PHI,TE,Active,7
644097339790827520,NCAA OHIO VALLEY,644097340822597632,14,168,324,347683464398749696,9,6853,Van,Jefferson,LAR,WR,Active,0
644097339790827520,NCAA OHIO VALLEY,644097340822597632,15,169,337,347683464398749696,9,5095,Daniel,Carlson,LV,K,Active,2
644097339790827520,NCAA OHIO VALLEY,644097340822597632,15,170,338,327689364916146176,12,6857,Collin,Johnson,JAX,WR,Injured Reserve,0
644097339790827520,NCAA OHIO VALLEY,644097340822597632,15,171,339,69768813763510272,8,5185,Allen,Lazard,GB,WR,Active,2
644097339790827520,NCAA OHIO VALLEY,644097340822597632,15,172,340,468944645166985216,3,1264,Justin,Tucker,BAL,K,Active,8
644097339790827520,NCAA OHIO VALLEY,644097340822597632,15,173,341,474662041341128704,5,5004,Ito,Smith,ATL,RB,Active,2
644097339790827520,NCAA OHIO VALLEY,644097340822597632,15,174,342,601198801197260800,2,6824,Donovan,Peoples-Jones,CLE,WR,Active,0
644097339790827520,NCAA OHIO VALLEY,644097340822597632,15,175,343,635700695584043008,7,3202,Austin,Hooper,CLE,TE,Active,4
644097339790827520,NCAA OHIO VALLEY,644097340822597632,15,176,344,571753677428977664,1,BAL,Baltimore,Ravens,BAL,DEF,,
644097339790827520,NCAA OHIO VALLEY,644097340822597632,15,177,345,331558449374593024,6,WAS,Washington,Football Team,WAS,DEF,,
644097339790827520,NCAA OHIO VALLEY,644097340822597632,15,178,346,594242128851296256,10,3678,Wil,Lutz,NO,K,Active,4
644097339790827520,NCAA OHIO VALLEY,644097340822597632,15,179,347,472879969664495616,4,MIA,Miami,Dolphins,MIA,DEF,,
644097339790827520,NCAA OHIO VALLEY,644097340822597632,15,180,348,638193564806897664,11,TB,Tampa Bay,Buccaneers,TB,DEF,,
644097339790827520,NCAA OHIO VALLEY,644097340822597632,16,181,361,638193564806897664,11,6960,Tyler,Johnson,TB,WR,Active,0
644097339790827520,NCAA OHIO VALLEY,644097340822597632,16,182,362,472879969664495616,4,5024,James,Washington,PIT,WR,Active,2
644097339790827520,NCAA OHIO VALLEY,644097340822597632,16,183,363,594242128851296256,10,5870,Daniel,Jones,NYG,QB,Active,1
644097339790827520,NCAA OHIO VALLEY,644097340822597632,16,184,364,331558449374593024,6,3161,Carson,Wentz,PHI,QB,Active,4
644097339790827520,NCAA OHIO VALLEY,644097340822597632,16,185,365,571753677428977664,1,5170,Phillip,Lindsay,DEN,RB,Injured Reserve,2
644097339790827520,NCAA OHIO VALLEY,644097340822597632,16,186,366,635700695584043008,7,SF,San Francisco,49ers,SF,DEF,,
644097339790827520,NCAA OHIO VALLEY,644097340822597632,16,187,367,601198801197260800,2,24,Matt,Ryan,ATL,QB,Active,12
644097339790827520,NCAA OHIO VALLEY,644097340822597632,16,188,368,474662041341128704,5,LAR,Los Angeles,Rams,LAR,DEF,,
644097339790827520,NCAA OHIO VALLEY,644097340822597632,16,189,369,468944645166985216,3,IND,Indianapolis,Colts,IND,DEF,,
644097339790827520,NCAA OHIO VALLEY,644097340822597632,16,190,370,69768813763510272,8,6847,Devin,Duvernay,BAL,WR,Active,0
644097339790827520,NCAA OHIO VALLEY,644097340822597632,16,191,371,327689364916146176,12,1266,Greg,Zuerlein,DAL,K,Active,8
644097339790827520,NCAA OHIO VALLEY,644097340822597632,16,192,372,347683464398749696,9,7045,Joshua,Kelley,LAC,RB,Active,0
644097339790827520,NCAA OHIO VALLEY,644097340822597632,17,193,385,347683464398749696,9,4943,Sam,Darnold,NYJ,QB,Active,2
644097339790827520,NCAA OHIO VALLEY,644097340822597632,17,194,386,327689364916146176,12,3271,Tyler,Higbee,LAR,TE,Active,4
644097339790827520,NCAA OHIO VALLEY,644097340822597632,17,195,387,69768813763510272,8,5878,N'Keal,Harry,NE,WR,Active,1
644097339790827520,NCAA OHIO VALLEY,644097340822597632,17,196,388,468944645166985216,3,515,Rob,Gronkowski,TB,TE,Active,10
644097339790827520,NCAA OHIO VALLEY,644097340822597632,17,197,389,474662041341128704,5,4381,Taysom,Hill,NO,QB,Active,3
644097339790827520,NCAA OHIO VALLEY,644097340822597632,17,198,390,601198801197260800,2,5122,Boston,Scott,PHI,RB,Active,2
644097339790827520,NCAA OHIO VALLEY,644097340822597632,17,199,391,635700695584043008,7,4195,Jake,Elliott,PHI,K,Active,3
644097339790827520,NCAA OHIO VALLEY,644097340822597632,17,200,392,571753677428977664,1,1144,Cole,Beasley,BUF,WR,Active,8
644097339790827520,NCAA OHIO VALLEY,644097340822597632,17,201,393,331558449374593024,6,6843,Albert,Okwuegbunam,DEN,TE,Injured Reserve,0
644097339790827520,NCAA OHIO VALLEY,644097340822597632,17,202,394,594242128851296256,10,6918,Salvon,Ahmed,MIA,RB,Active,0
644097339790827520,NCAA OHIO VALLEY,644097340822597632,17,203,395,472879969664495616,4,4150,Wayne,Gallman,NYG,RB,Active,3
644097339790827520,NCAA OHIO VALLEY,644097340822597632,17,204,396,638193564806897664,11,5906,Dawson,Knox,BUF,TE,Active,1
644097339790827520,NCAA OHIO VALLEY,644097340822597632,18,205,409,638193564806897664,11,5026,Tre'Quan,Smith,NO,WR,Injured Reserve,2
644097339790827520,NCAA OHIO VALLEY,644097340822597632,18,206,410,472879969664495616,4,2028,Derek,Carr,LV,QB,Active,6
644097339790827520,NCAA OHIO VALLEY,644097340822597632,18,207,411,594242128851296256,10,6234,Deonte,Harris,NO,WR,Active,1
644097339790827520,NCAA OHIO VALLEY,644097340822597632,18,208,412,331558449374593024,6,4571,Blake,Jarwin,DAL,TE,Injured Reserve,3
644097339790827520,NCAA OHIO VALLEY,644097340822597632,18,209,413,571753677428977664,1,1848,James,White,NE,RB,Active,6
644097339790827520,NCAA OHIO VALLEY,644097340822597632,18,210,414,635700695584043008,7,2325,Nelson,Agholor,LV,WR,Active,5
644097339790827520,NCAA OHIO VALLEY,644097340822597632,18,211,415,601198801197260800,2,2747,Jason,Myers,SEA,K,Active,5
644097339790827520,NCAA OHIO VALLEY,644097340822597632,18,212,416,474662041341128704,5,3328,Rashard,Higgins,CLE,WR,Active,4
644097339790827520,NCAA OHIO VALLEY,644097340822597632,18,213,417,468944645166985216,3,1476,Latavius,Murray,NO,RB,Active,7
644097339790827520,NCAA OHIO VALLEY,644097340822597632,18,214,418,69768813763510272,8,5007,Keke,Coutee,HOU,WR,Active,2
644097339790827520,NCAA OHIO VALLEY,644097340822597632,18,215,419,327689364916146176,12,SEA,Seattle,Seahawks,SEA,DEF,,
644097339790827520,NCAA OHIO VALLEY,644097340822597632,18,216,420,347683464398749696,9,4455,Matt,Breida,MIA,RB,Active,3
644097339790827520,NCAA OHIO VALLEY,644097340822597632,19,217,433,347683464398749696,9,5009,Christopher,Herndon,NYJ,TE,Active,2
644097339790827520,NCAA OHIO VALLEY,644097340822597632,19,218,434,327689364916146176,12,6906,Antonio,Gandy-Golden,WAS,WR,Active,0
644097339790827520,NCAA OHIO VALLEY,644097340822597632,19,219,435,69768813763510272,8,BUF,Buffalo,Bills,BUF,DEF,,
644097339790827520,NCAA OHIO VALLEY,644097340822597632,19,220,436,468944645166985216,3,2238,John,Brown,BUF,WR,Active,6
644097339790827520,NCAA OHIO VALLEY,644097340822597632,19,221,437,474662041341128704,5,5854,Drew,Lock,DEN,QB,Active,1
644097339790827520,NCAA OHIO VALLEY,644097340822597632,19,222,438,601198801197260800,2,CAR,Carolina,Panthers,CAR,DEF,,
644097339790827520,NCAA OHIO VALLEY,644097340822597632,19,223,439,635700695584043008,7,4622,Keelan,Cole,JAX,WR,Active,3
644097339790827520,NCAA OHIO VALLEY,644097340822597632,19,224,440,571753677428977664,1,5955,Hunter,Renfrow,LV,WR,Active,1
644097339790827520,NCAA OHIO VALLEY,644097340822597632,19,225,441,331558449374593024,6,6878,Anthony,McFarland,PIT,RB,Active,0
644097339790827520,NCAA OHIO VALLEY,644097340822597632,19,226,442,594242128851296256,10,TEN,Tennessee,Titans,TEN,DEF,,
644097339790827520,NCAA OHIO VALLEY,644097340822597632,19,227,443,472879969664495616,4,6744,Greg,Ward,PHI,WR,Active,3
644097339790827520,NCAA OHIO VALLEY,644097340822597632,19,228,444,638193564806897664,11,6823,Jacob,Eason,IND,QB,Active,0
644097339790827520,NCAA OHIO VALLEY,644097340822597632,20,229,457,638193564806897664,11,4055,O.J.,Howard,TB,TE,Injured Reserve,3
644097339790827520,NCAA OHIO VALLEY,644097340822597632,20,230,458,472879969664495616,4,6850,Harrison,Bryant,CLE,TE,Active,0
644097339790827520,NCAA OHIO VALLEY,644097340822597632,20,231,459,594242128851296256,10,5915,Andy,Isabella,ARI,WR,Active,1
644097339790827520,NCAA OHIO VALLEY,644097340822597632,20,232,460,331558449374593024,6,6951,Eno,Benjamin,ARI,RB,Active,0
644097339790827520,NCAA OHIO VALLEY,644097340822597632,20,233,461,571753677428977664,1,2118,Eric,Ebron,PIT,TE,Active,6
644097339790827520,NCAA OHIO VALLEY,644097340822597632,20,234,462,635700695584043008,7,4319,Zach,Pascal,IND,WR,Active,3
644097339790827520,NCAA OHIO VALLEY,644097340822597632,20,235,463,601198801197260800,2,NYG,New York,Giants,NYG,DEF,,
644097339790827520,NCAA OHIO VALLEY,644097340822597632,20,236,464,474662041341128704,5,NO,New Orleans,Saints,NO,DEF,,
644097339790827520,NCAA OHIO VALLEY,644097340822597632,20,237,465,468944645166985216,3,CLE,Cleveland,Browns,CLE,DEF,,
644097339790827520,NCAA OHIO VALLEY,644097340822597632,20,238,466,69768813763510272,8,GB,Green Bay,Packers,GB,DEF,,
644097339790827520,NCAA OHIO VALLEY,644097340822597632,20,239,467,327689364916146176,12,2382,Duke,Johnson,HOU,RB,Active,5
644097339790827520,NCAA OHIO VALLEY,644097340822597632,20,240,468,347683464398749696,9,NYJ,New York,Jets,NYJ,DEF,,
644097339790827520,NCAA OHIO VALLEY,644097340822597632,21,241,481,347683464398749696,9,LAC,Los Angeles,Chargers,LAC,DEF,,
644097339790827520,NCAA OHIO VALLEY,644097340822597632,21,242,482,327689364916146176,12,6973,J.J.,Taylor,NE,RB,Active,0
644097339790827520,NCAA OHIO VALLEY,644097340822597632,21,243,483,69768813763510272,8,PHI,Philadelphia,Eagles,PHI,DEF,,
644097339790827520,NCAA OHIO VALLEY,644097340822597632,21,244,484,468944645166985216,3,MIN,Minnesota,Vikings,MIN,DEF,,
644097339790827520,NCAA OHIO VALLEY,644097340822597632,21,245,485,474662041341128704,5,6822,Jake,Fromm,BUF,QB,Active,0
644097339790827520,NCAA OHIO VALLEY,644097340822597632,21,246,486,601198801197260800,2,DAL,Dallas,Cowboys,DAL,DEF,,
644097339790827520,NCAA OHIO VALLEY,644097340822597632,21,247,487,635700695584043008,7,6290,Scott,Miller,TB,WR,Active,1
644097339790827520,NCAA OHIO VALLEY,644097340822597632,21,248,488,571753677428977664,1,ARI,Arizona,Cardinals,ARI,DEF,,
644097339790827520,NCAA OHIO VALLEY,644097340822597632,21,249,489,331558449374593024,6,5068,Kerryon,Johnson,DET,RB,Active,2
644097339790827520,NCAA OHIO VALLEY,644097340822597632,21,250,490,594242128851296256,10,JAX,Jacksonville,Jaguars,JAX,DEF,,
644097339790827520,NCAA OHIO VALLEY,644097340822597632,21,251,491,594242128851296256,10,KC,Kansas City,Chiefs,KC,DEF,,
644097339790827520,NCAA OHIO VALLEY,644097340822597632,21,252,492,638193564806897664,11,NE,New England,Patriots,NE,DEF,,
644097339790827520,NCAA OHIO VALLEY,644097340822597632,22,253,505,638193564806897664,11,1110,T.Y.,Hilton,IND,WR,Active,8
644097339790827520,NCAA OHIO VALLEY,644097340822597632,22,254,506,594242128851296256,10,7101,Rodney,Smith,CAR,RB,Active,0
644097339790827520,NCAA OHIO VALLEY,644097340822597632,22,255,507,472879969664495616,4,6996,Jamycal,Hasty,SF,RB,Injured Reserve,0
644097339790827520,NCAA OHIO VALLEY,644097340822597632,22,256,508,331558449374593024,6,6919,Thaddeus,Moss,WAS,TE,Injured Reserve,0
644097339790827520,NCAA OHIO VALLEY,644097340822597632,22,257,509,571753677428977664,1,5131,Justin,Jackson,LAC,RB,Active,2
644097339790827520,NCAA OHIO VALLEY,644097340822597632,22,258,510,635700695584043008,7,CHI,Chicago,Bears,CHI,DEF,,
644097339790827520,NCAA OHIO VALLEY,644097340822597632,22,259,511,601198801197260800,2,ATL,Atlanta,Falcons,ATL,DEF,,
644097339790827520,NCAA OHIO VALLEY,644097340822597632,22,260,512,474662041341128704,5,5086,Marquez,Valdes-Scantling,GB,WR,Active,2
644097339790827520,NCAA OHIO VALLEY,644097340822597632,22,261,513,468944645166985216,3,6528,Joey,Slye,CAR,K,Active,1
644097339790827520,NCAA OHIO VALLEY,644097340822597632,22,262,514,69768813763510272,8,59,Mason,Crosby,GB,K,Active,13
644097339790827520,NCAA OHIO VALLEY,644097340822597632,22,263,515,327689364916146176,12,4033,David,Njoku,CLE,TE,Active,3
644097339790827520,NCAA OHIO VALLEY,644097340822597632,22,264,516,347683464398749696,9,3451,Ka'imi,Fairbairn,HOU,K,Active,4
644097339790827520,NCAA OHIO VALLEY,644097340822597632,23,265,529,347683464398749696,9,6059,Travis,Fulgham,PHI,WR,Active,1
644097339790827520,NCAA OHIO VALLEY,644097340822597632,23,266,530,327689364916146176,12,1817,Sammy,Watkins,KC,WR,Inactive,6
644097339790827520,NCAA OHIO VALLEY,644097340822597632,23,267,531,69768813763510272,8,4995,Ian,Thomas,CAR,TE,Active,2
644097339790827520,NCAA OHIO VALLEY,644097340822597632,23,268,532,468944645166985216,3,138,Ben,Roethlisberger,PIT,QB,Active,16
644097339790827520,NCAA OHIO VALLEY,644097340822597632,23,269,533,474662041341128704,5,2306,Jameis,Winston,NO,QB,Active,5
644097339790827520,NCAA OHIO VALLEY,644097340822597632,23,270,534,601198801197260800,2,DEN,Denver,Broncos,DEN,DEF,,
644097339790827520,NCAA OHIO VALLEY,644097340822597632,23,271,535,635700695584043008,7,CIN,Cincinnati,Bengals,CIN,DEF,,
644097339790827520,NCAA OHIO VALLEY,644097340822597632,23,272,536,571753677428977664,1,344,Julian,Edelman,NE,WR,Injured Reserve,11
644097339790827520,NCAA OHIO VALLEY,644097340822597632,23,273,537,331558449374593024,6,5432,Cam,Sims,WAS,WR,Active,2
644097339790827520,NCAA OHIO VALLEY,644097340822597632,23,274,538,472879969664495616,4,LV,Las Vegas,Raiders,LV,DEF,,
644097339790827520,NCAA OHIO VALLEY,644097340822597632,23,275,539,594242128851296256,10,4171,Josh,Reynolds,LAR,WR,Active,3
644097339790827520,NCAA OHIO VALLEY,644097340822597632,23,276,540,638193564806897664,11,3976,Mitchell,Trubisky,CHI,QB,Active,3
644097339790827520,NCAA OHIO VALLEY,644097340822597632,24,277,553,638193564806897664,11,6989,Marquez,Callaway,NO,WR,Active,0
644097339790827520,NCAA OHIO VALLEY,644097340822597632,24,278,554,472879969664495616,4,5965,Miles,Boykin,BAL,WR,Active,1
644097339790827520,NCAA OHIO VALLEY,644097340822597632,24,279,555,594242128851296256,10,4994,Kalen,Ballage,LAC,RB,Active,2
644097339790827520,NCAA OHIO VALLEY,644097340822597632,24,280,556,331558449374593024,6,6039,Ty,Johnson,NYJ,RB,Active,1
644097339790827520,NCAA OHIO VALLEY,644097340822597632,24,281,557,571753677428977664,1,830,A.J.,Green,CIN,WR,Active,9
644097339790827520,NCAA OHIO VALLEY,644097340822597632,24,282,558,635700695584043008,7,6011,Gardner,Minshew,JAX,QB,Active,1
644097339790827520,NCAA OHIO VALLEY,644097340822597632,24,283,559,601198801197260800,2,4089,Gerald,Everett,LAR,TE,Active,3
644097339790827520,NCAA OHIO VALLEY,644097340822597632,24,284,560,474662041341128704,5,DET,Detroit,Lions,DET,DEF,,
644097339790827520,NCAA OHIO VALLEY,644097340822597632,24,285,561,468944645166985216,3,1386,Giovani,Bernard,CIN,RB,Active,7
644097339790827520,NCAA OHIO VALLEY,644097340822597632,24,286,562,69768813763510272,8,6083,Matt,Gay,LAR,K,Active,1
644097339790827520,NCAA OHIO VALLEY,644097340822597632,24,287,563,327689364916146176,12,HOU,Houston,Texans,HOU,DEF,,
644097339790827520,NCAA OHIO VALLEY,644097340822597632,24,288,564,347683464398749696,9,4038,John,Ross,CIN,WR,Injured Reserve,3
644097339790827520,NCAA OHIO VALLEY,644097340822597632,25,289,577,347683464398749696,9,5995,Justice,Hill,BAL,RB,Active,1
644097339790827520,NCAA OHIO VALLEY,644097340822597632,25,290,578,327689364916146176,12,1433,Brandon,McManus,DEN,K,Active,7
644097339790827520,NCAA OHIO VALLEY,644097340822597632,25,291,579,69768813763510272,8,5013,Anthony,Miller,CHI,WR,Active,2
644097339790827520,NCAA OHIO VALLEY,644097340822597632,25,292,580,468944645166985216,3,6421,Jalen,Guyton,LAC,WR,Active,1
644097339790827520,NCAA OHIO VALLEY,644097340822597632,25,293,581,474662041341128704,5,6927,Quez,Watkins,PHI,WR,Active,0
644097339790827520,NCAA OHIO VALLEY,644097340822597632,25,294,582,601198801197260800,2,1837,Jimmy,Garoppolo,SF,QB,Injured Reserve,6
644097339790827520,NCAA OHIO VALLEY,644097340822597632,25,295,583,635700695584043008,7,2257,Carlos,Hyde,SEA,RB,Active,6
644097339790827520,NCAA OHIO VALLEY,644097340822597632,25,296,584,571753677428977664,1,2152,Teddy,Bridgewater,CAR,QB,Active,6
644097339790827520,NCAA OHIO VALLEY,644097340822597632,25,297,585,331558449374593024,6,5889,Bryce,Love,WAS,RB,Injured Reserve,1
644097339790827520,NCAA OHIO VALLEY,644097340822597632,25,298,586,472879969664495616,4,503,Graham,Gano,NYG,K,Active,11
644097339790827520,NCAA OHIO VALLEY,644097340822597632,25,299,587,594242128851296256,10,4233,Zane,Gonzalez,ARI,K,Injured Reserve,3
644097339790827520,NCAA OHIO VALLEY,644097340822597632,25,300,588,638193564806897664,11,5230,Michael,Badgley,LAC,K,Active,2
644097339790827520,NCAA OHIO VALLEY,644097340822597632,26,301,601,638193564806897664,11,5046,Royce,Freeman,DEN,RB,Active,2
644097339790827520,NCAA OHIO VALLEY,644097340822597632,26,302,602,594242128851296256,10,7135,Freddie,Swain,SEA,WR,Active,0
644097339790827520,NCAA OHIO VALLEY,644097340822597632,26,303,603,594242128851296256,10,4274,David,Moore,SEA,WR,Active,3
644097339790827520,NCAA OHIO VALLEY,644097340822597632,26,304,604,331558449374593024,6,5130,Auden,Tate,CIN,WR,Injured Reserve,2
644097339790827520,NCAA OHIO VALLEY,644097340822597632,26,305,605,571753677428977664,1,1945,Chris,Boswell,PIT,K,Active,6
644097339790827520,NCAA OHIO VALLEY,644097340822597632,26,306,606,635700695584043008,7,2378,Tevin,Coleman,SF,RB,Active,5
644097339790827520,NCAA OHIO VALLEY,644097340822597632,26,307,607,601198801197260800,2,391,Ryan,Succop,TB,K,Active,11
644097339790827520,NCAA OHIO VALLEY,644097340822597632,26,308,608,474662041341128704,5,5549,Darrel,Williams,KC,RB,Active,2
644097339790827520,NCAA OHIO VALLEY,644097340822597632,26,309,609,468944645166985216,3,2671,Josh,Lambo,JAX,K,Injured Reserve,5
644097339790827520,NCAA OHIO VALLEY,644097340822597632,26,310,610,594242128851296256,10,4741,Dan,Arnold,ARI,TE,Active,3
644097339790827520,NCAA OHIO VALLEY,644097340822597632,26,311,611,327689364916146176,12,4147,Samaje,Perine,CIN,RB,Active,3
644097339790827520,NCAA OHIO VALLEY,644097340822597632,26,312,612,347683464398749696,9,6007,Ryquell,Armstead,JAX,RB,Reserve/COVID-19,1
644097339790827520,NCAA OHIO VALLEY,644097340822597632,27,313,625,347683464398749696,9,5100,Jordan,Wilkins,IND,RB,Reserve/COVID-19,2
644097339790827520,NCAA OHIO VALLEY,644097340822597632,27,314,626,327689364916146176,12,6866,K.J.,Hill,LAC,WR,Active,0
644097339790827520,NCAA OHIO VALLEY,644097340822597632,27,315,627,594242128851296256,10,6063,Tyron,Johnson,LAC,WR,Active,1
644097339790827520,NCAA OHIO VALLEY,644097340822597632,27,316,628,468944645166985216,3,5911,Jalen,Hurd,SF,WR,Injured Reserve,1
644097339790827520,NCAA OHIO VALLEY,644097340822597632,27,317,629,474662041341128704,5,1833,Damien,Williams,KC,RB,Voluntary Opt Out,6
644097339790827520,NCAA OHIO VALLEY,644097340822597632,27,318,630,601198801197260800,2,2583,Tyrell,Williams,LV,WR,Injured Reserve,5
644097339790827520,NCAA OHIO VALLEY,644097340822597632,27,319,631,635700695584043008,7,6402,Steven,Sims,WAS,WR,Active,1
644097339790827520,NCAA OHIO VALLEY,644097340822597632,27,320,632,571753677428977664,1,2588,Malcolm,Brown,LAR,RB,Active,5
644097339790827520,NCAA OHIO VALLEY,644097340822597632,27,321,633,331558449374593024,6,2331,Breshad,Perriman,NYJ,WR,Active,5
644097339790827520,NCAA OHIO VALLEY,644097340822597632,27,322,634,594242128851296256,10,5323,Equanimeous,St. Brown,GB,WR,Active,2
644097339790827520,NCAA OHIO VALLEY,644097340822597632,27,323,635,594242128851296256,10,2711,Taylor,Heinicke,WAS,QB,Active,5
644097339790827520,NCAA OHIO VALLEY,644097340822597632,27,324,636,638193564806897664,11,1387,Rex,Burkhead,NE,RB,Injured Reserve,7
644097339790827520,NCAA OHIO VALLEY,644097340822597632,28,325,649,638193564806897664,11,2334,Phillip,Dorsett,SEA,WR,Injured Reserve,5
644097339790827520,NCAA OHIO VALLEY,644097340822597632,28,326,650,594242128851296256,10,5127,Kyle,Allen,WAS,QB,Injured Reserve,2
644097339790827520,NCAA OHIO VALLEY,644097340822597632,28,327,651,594242128851296256,10,4335,Phillip,Walker,CAR,QB,Active,3
644097339790827520,NCAA OHIO VALLEY,644097340822597632,28,328,652,331558449374593024,6,5863,J.J.,Arcega-Whiteside,PHI,WR,Active,1
644097339790827520,NCAA OHIO VALLEY,644097340822597632,28,329,653,594242128851296256,10,7083,Tyler,Huntley,BAL,QB,Active,0
644097339790827520,NCAA OHIO VALLEY,644097340822597632,28,330,654,635700695584043008,7,1099,Randy,Bullock,CIN,K,Active,8
644097339790827520,NCAA OHIO VALLEY,644097340822597632,28,331,655,601198801197260800,2,954,Cam,Newton,NE,QB,Active,9
644097339790827520,NCAA OHIO VALLEY,644097340822597632,28,332,656,474662041341128704,5,2307,Marcus,Mariota,LV,QB,Active,5
644097339790827520,NCAA OHIO VALLEY,644097340822597632,28,333,657,468944645166985216,3,7085,Isaiah,Coulter,HOU,WR,Active,0
644097339790827520,NCAA OHIO VALLEY,644097340822597632,28,334,658,594242128851296256,10,6012,Travis,Homer,SEA,RB,Injured Reserve,1
644097339790827520,NCAA OHIO VALLEY,644097340822597632,28,335,659,327689364916146176,12,4718,Dare,Ogunbowale,JAX,RB,Active,3
644097339790827520,NCAA OHIO VALLEY,644097340822597632,28,336,660,347683464398749696,9,3286,Demarcus,Robinson,KC,WR,Active,4
644097339790827520,NCAA OHIO VALLEY,644097340822597632,29,337,673,347683464398749696,9,3594,Peyton,Barber,WAS,RB,Active,4
644097339790827520,NCAA OHIO VALLEY,644097340822597632,29,338,674,327689364916146176,12,5162,Reggie,Bonnafon,CAR,RB,Injured Reserve,2
644097339790827520,NCAA OHIO VALLEY,644097340822597632,29,339,675,594242128851296256,10,4972,Mason,Rudolph,PIT,QB,Active,2
644097339790827520,NCAA OHIO VALLEY,644097340822597632,29,340,676,468944645166985216,3,5310,Antonio,Callaway,KC,WR,Injured Reserve,2
644097339790827520,NCAA OHIO VALLEY,644097340822597632,29,341,677,474662041341128704,5,616,Jimmy,Graham,CHI,TE,Active,10
644097339790827520,NCAA OHIO VALLEY,644097340822597632,29,342,678,601198801197260800,2,2346,Devin,Funchess,GB,WR,Voluntary Opt Out,5
644097339790827520,NCAA OHIO VALLEY,644097340822597632,29,343,679,635700695584043008,7,2161,Jerick,McKinnon,SF,RB,Active,6
644097339790827520,NCAA OHIO VALLEY,644097340822597632,29,344,680,594242128851296256,10,4435,Anthony,Firkser,TEN,TE,Active,3
644097339790827520,NCAA OHIO VALLEY,644097340822597632,29,345,681,331558449374593024,6,7203,Antonio,Williams,BUF,RB,Inactive,0
644097339790827520,NCAA OHIO VALLEY,644097340822597632,29,346,682,594242128851296256,10,7021,Rico,Dowdle,DAL,RB,Active,0
644097339790827520,NCAA OHIO VALLEY,644097340822597632,29,347,683,472879969664495616,4,4992,Dante,Pettis,NYG,WR,Active,2
644097339790827520,NCAA OHIO VALLEY,644097340822597632,29,348,684,638193564806897664,11,6956,Devin,Asiasi,NE,TE,Active,0
644097339790827520,NCAA OHIO VALLEY,644097340822597632,30,349,697,638193564806897664,11,5845,Dwayne,Haskins,WAS,QB,Active,1
644097339790827520,NCAA OHIO VALLEY,644097340822597632,30,350,698,472879969664495616,4,5010,Will,Dissly,SEA,TE,Active,2
644097339790827520,NCAA OHIO VALLEY,644097340822597632,30,351,699,571753677428977664,1,4454,Kendrick,Bourne,SF,WR,Active,3
644097339790827520,NCAA OHIO VALLEY,644097340822597632,30,352,700,331558449374593024,6,6074,Donald,Parham,LAC,TE,Active,1
644097339790827520,NCAA OHIO VALLEY,644097340822597632,30,353,701,571753677428977664,1,6136,Jarrett,Stidham,NE,QB,Active,1
644097339790827520,NCAA OHIO VALLEY,644097340822597632,30,354,702,635700695584043008,7,2673,Damiere,Byrd,NE,WR,Active,5
644097339790827520,NCAA OHIO VALLEY,644097340822597632,30,355,703,601198801197260800,2,2460,C.J.,Uzomah,CIN,TE,Injured Reserve,5
644097339790827520,NCAA OHIO VALLEY,644097340822597632,30,356,704,474662041341128704,5,4146,Dede,Westbrook,JAX,WR,Injured Reserve,3
644097339790827520,NCAA OHIO VALLEY,644097340822597632,30,357,705,468944645166985216,3,7107,Jason,Huntley,PHI,RB,Active,0
644097339790827520,NCAA OHIO VALLEY,644097340822597632,30,358,706,69768813763510272,8,7082,Dalton,Keene,NE,TE,Active,0
644097339790827520,NCAA OHIO VALLEY,644097340822597632,30,359,707,327689364916146176,12,331,Philip,Rivers,IND,QB,Active,16
644097339790827520,NCAA OHIO VALLEY,644097340822597632,30,360,708,347683464398749696,9,1500,Jordan,Reed,SF,TE,Active,7
644097339790827520,NCAA OHIO VALLEY,644097340822597632,31,361,721,347683464398749696,9,6920,Isaiah,Hodgins,BUF,WR,Injured Reserve,0
644097339790827520,NCAA OHIO VALLEY,644097340822597632,31,362,722,327689364916146176,12,538,Emmanuel,Sanders,NO,WR,Active,10
644097339790827520,NCAA OHIO VALLEY,644097340822597632,31,363,723,69768813763510272,8,5107,Jaylen,Samuels,PIT,RB,Active,2
644097339790827520,NCAA OHIO VALLEY,644097340822597632,31,364,724,468944645166985216,3,6846,Hunter,Bryant,DET,TE,Active,0
644097339790827520,NCAA OHIO VALLEY,644097340822597632,31,365,725,474662041341128704,5,6001,Drew,Sample,CIN,TE,Active,1
644097339790827520,NCAA OHIO VALLEY,644097340822597632,31,366,726,601198801197260800,2,956,Mark,Ingram,BAL,RB,Inactive,9
644097339790827520,NCAA OHIO VALLEY,644097340822597632,31,367,727,635700695584043008,7,3306,Jordan,Howard,PHI,RB,Active,4
644097339790827520,NCAA OHIO VALLEY,644097340822597632,31,368,728,571753677428977664,1,642,Golden,Tate,NYG,WR,Active,10
644097339790827520,NCAA OHIO VALLEY,644097340822597632,31,369,729,331558449374593024,6,5962,KeeSean,Johnson,ARI,WR,Active,1
644097339790827520,NCAA OHIO VALLEY,644097340822597632,31,370,730,571753677428977664,1,928,Randall,Cobb,HOU,WR,Injured Reserve,9
644097339790827520,NCAA OHIO VALLEY,644097340822597632,31,371,731,472879969664495616,4,333,Ryan,Fitzpatrick,MIA,QB,Active,15
644097339790827520,NCAA OHIO VALLEY,644097340822597632,31,372,732,638193564806897664,11,3257,Jacoby,Brissett,IND,QB,Active,4
644097339790827520,NCAA OHIO VALLEY,644097340822597632,32,373,745,638193564806897664,11,3209,Devontae,Booker,LV,RB,Active,4
644097339790827520,NCAA OHIO VALLEY,644097340822597632,32,374,746,472879969664495616,4,232,Frank,Gore,NYJ,RB,Injured Reserve,15
644097339790827520,NCAA OHIO VALLEY,644097340822597632,32,375,747,472879969664495616,4,1244,Josh,Gordon,SEA,WR,Inactive,8
644097339790827520,NCAA OHIO VALLEY,644097340822597632,32,376,748,331558449374593024,6,6865,Colby,Parkinson,SEA,TE,Active,0
644097339790827520,NCAA OHIO VALLEY,644097340822597632,32,377,749,571753677428977664,1,2168,Devonta,Freeman,BUF,RB,Active,6
644097339790827520,NCAA OHIO VALLEY,644097340822597632,32,378,750,635700695584043008,7,1706,Jack,Doyle,IND,TE,Active,7
644097339790827520,NCAA OHIO VALLEY,644097340822597632,32,379,751,601198801197260800,2,6957,James,Proche,BAL,WR,Inactive,0
644097339790827520,NCAA OHIO VALLEY,644097340822597632,32,380,752,474662041341128704,5,4175,Chad,Hansen,HOU,WR,Active,3
644097339790827520,NCAA OHIO VALLEY,644097340822597632,32,381,753,468944645166985216,3,5133,Tyler,Conklin,MIN,TE,Active,2
644097339790827520,NCAA OHIO VALLEY,644097340822597632,32,382,754,69768813763510272,8,6271,Olamide,Zaccheaus,ATL,WR,Injured Reserve,1
644097339790827520,NCAA OHIO VALLEY,644097340822597632,32,383,755,327689364916146176,12,1502,Chris,Thompson,JAX,RB,Injured Reserve,7
644097339790827520,NCAA OHIO VALLEY,644097340822597632,32,384,756,347683464398749696,9,5032,Jordan,Akins,HOU,TE,Active,2
644097339790827520,NCAA OHIO VALLEY,644097340822597632,33,385,769,347683464398749696,9,2381,Chris,Conley,JAX,WR,Active,5
644097339790827520,NCAA OHIO VALLEY,644097340822597632,33,386,770,327689364916146176,12,829,Andy,Dalton,DAL,QB,Active,9
644097339790827520,NCAA OHIO VALLEY,644097340822597632,33,387,771,69768813763510272,8,4219,Jeremy,McNichols,TEN,RB,Active,3
644097339790827520,NCAA OHIO VALLEY,644097340822597632,33,388,772,468944645166985216,3,6699,Gunner,Olszewski,NE,WR,Active,1
644097339790827520,NCAA OHIO VALLEY,644097340822597632,33,389,773,474662041341128704,5,1535,Cordarrelle,Patterson,CHI,RB,Active,7
644097339790827520,NCAA OHIO VALLEY,644097340822597632,33,390,774,601198801197260800,2,5973,Josh,Oliver,JAX,TE,Injured Reserve,1
644097339790827520,NCAA OHIO VALLEY,644097340822597632,33,391,775,635700695584043008,7,367,Jared,Cook,NO,TE,Active,11
644097339790827520,NCAA OHIO VALLEY,644097340822597632,33,392,776,571753677428977664,1,2822,Adam,Humphries,TEN,WR,Injured Reserve,5
644097339790827520,NCAA OHIO VALLEY,644097340822597632,33,393,777,331558449374593024,6,6144,Trayveon,Williams,CIN,RB,Active,1
644097339790827520,NCAA OHIO VALLEY,644097340822597632,33,394,778,472879969664495616,4,3342,Jakeem,Grant,MIA,WR,Active,4
644097339790827520,NCAA OHIO VALLEY,644097340822597632,33,395,779,472879969664495616,4,49,Robbie,Gould,SF,K,Active,15
644097339790827520,NCAA OHIO VALLEY,644097340822597632,33,396,780,638193564806897664,11,1911,Willie,Snead,BAL,WR,Active,6
644097339790827520,NCAA OHIO VALLEY,644097340822597632,34,397,793,638193564806897664,11,1555,Kenny,Stills,BUF,WR,Active,7
644097339790827520,NCAA OHIO VALLEY,644097340822597632,34,398,794,594242128851296256,10,6219,Austin,Seibert,CIN,K,Active,1
644097339790827520,NCAA OHIO VALLEY,644097340822597632,34,399,795,69768813763510272,8,17,Matt,Prater,DET,K,Active,14
644097339790827520,NCAA OHIO VALLEY,644097340822597632,34,400,796,331558449374593024,6,4863,Josh,Rosen,SF,QB,Active,2
644097339790827520,NCAA OHIO VALLEY,644097340822597632,34,401,797,571753677428977664,1,6178,Darwin,Thompson,KC,RB,Active,1
644097339790827520,NCAA OHIO VALLEY,644097340822597632,34,402,798,635700695584043008,7,1149,Alshon,Jeffery,PHI,WR,Active,8
644097339790827520,NCAA OHIO VALLEY,644097340822597632,34,403,799,601198801197260800,2,7086,John,Hightower,PHI,WR,Active,0
644097339790827520,NCAA OHIO VALLEY,644097340822597632,34,404,800,474662041341128704,5,6139,Jace,Sternberger,GB,TE,Active,1
644097339790827520,NCAA OHIO VALLEY,644097340822597632,34,405,801,468944645166985216,3,3155,Laquon,Treadwell,ATL,WR,Active,4
644097339790827520,NCAA OHIO VALLEY,644097340822597632,34,406,802,69768813763510272,8,5884,Kelvin,Harmon,WAS,WR,Injured Reserve,1
644097339790827520,NCAA OHIO VALLEY,644097340822597632,34,407,803,327689364916146176,12,1029,Nick,Foles,CHI,QB,Active,8
644097339790827520,NCAA OHIO VALLEY,644097340822597632,34,408,804,347683464398749696,9,6913,Joe,Reed,LAC,WR,Active,0
644097339790827520,NCAA OHIO VALLEY,644097340822597632,35,409,817,347683464398749696,9,4421,Jacob,Hollister,SEA,TE,Active,3
644097339790827520,NCAA OHIO VALLEY,644097340822597632,35,410,818,327689364916146176,12,7438,Kristian,Wilkerson,NE,WR,Injured Reserve,0
644097339790827520,NCAA OHIO VALLEY,644097340822597632,35,411,819,69768813763510272,8,147,DeSean,Jackson,PHI,WR,Active,12
644097339790827520,NCAA OHIO VALLEY,644097340822597632,35,412,820,468944645166985216,3,184,Adrian,Peterson,DET,RB,Active,13
644097339790827520,NCAA OHIO VALLEY,644097340822597632,35,413,821,474662041341128704,5,7152,Sam,Sloman,TEN,K,Active,0
644097339790827520,NCAA OHIO VALLEY,644097340822597632,35,414,822,601198801197260800,2,7496,Nick,Westbrook-Ikhine,TEN,WR,Active,0
644097339790827520,NCAA OHIO VALLEY,644097340822597632,35,415,823,635700695584043008,7,1793,Trey,Burton,IND,TE,Active,6
644097339790827520,NCAA OHIO VALLEY,644097340822597632,35,416,824,571753677428977664,1,110,Stephen,Gostkowski,TEN,K,Active,14
644097339790827520,NCAA OHIO VALLEY,644097340822597632,35,417,825,331558449374593024,6,7109,Malcolm,Perry,MIA,QB,Active,0
644097339790827520,NCAA OHIO VALLEY,644097340822597632,35,418,826,69768813763510272,8,4054,Mo,Alie-Cox,IND,TE,Active,3
644097339790827520,NCAA OHIO VALLEY,644097340822597632,35,419,827,594242128851296256,10,5806,John,Wolford,LAR,QB,Active,2
644097339790827520,NCAA OHIO VALLEY,644097340822597632,35,420,828,638193564806897664,11,6018,Zach,Gentry,PIT,TE,Injured Reserve,1
644097339790827520,NCAA OHIO VALLEY,644097340822597632,36,421,841,638193564806897664,11,5096,Ray-Ray,McCloud,PIT,WR,Active,2
644097339790827520,NCAA OHIO VALLEY,644097340822597632,36,422,842,472879969664495616,4,4949,Derrius,Guice,,RB,Inactive,2
644097339790827520,NCAA OHIO VALLEY,644097340822597632,36,423,843,472879969664495616,4,788,Dion,Lewis,NYG,RB,Active,9
644097339790827520,NCAA OHIO VALLEY,644097340822597632,36,424,844,331558449374593024,6,5985,Foster,Moreau,LV,TE,Active,1
644097339790827520,NCAA OHIO VALLEY,644097340822597632,36,425,845,571753677428977664,1,1388,Tyler,Eifert,JAX,TE,Active,7
644097339790827520,NCAA OHIO VALLEY,644097340822597632,36,426,846,635700695584043008,7,5974,Trace,McSorley,BAL,QB,Injured Reserve,1
644097339790827520,NCAA OHIO VALLEY,644097340822597632,36,427,847,601198801197260800,2,3300,DeAndre,Washington,MIA,RB,Active,4
644097339790827520,NCAA OHIO VALLEY,644097340822597632,36,428,848,474662041341128704,5,5886,Hakeem,Butler,PHI,TE,Injured Reserve,1
644097339790827520,NCAA OHIO VALLEY,644097340822597632,36,429,849,468944645166985216,3,7502,Dominique,Dafney,GB,TE,Active,0
644097339790827520,NCAA OHIO VALLEY,644097340822597632,36,430,850,69768813763510272,8,943,Kyle,Rudolph,MIN,TE,Injured Reserve,9
644097339790827520,NCAA OHIO VALLEY,644097340822597632,36,431,851,327689364916146176,12,6926,Brycen,Hopkins,LAR,TE,Active,0
644097339790827520,NCAA OHIO VALLEY,644097340822597632,36,432,852,347683464398749696,9,2399,Ty,Montgomery,NO,RB,Active,5
644097339790827520,NCAA OHIO VALLEY,644097340822597632,37,433,865,347683464398749696,9,7121,Justin,Rohrwasser,NE,K,Injured Reserve,0
644097339790827520,NCAA OHIO VALLEY,644097340822597632,37,434,866,327689364916146176,12,899,Dan,Bailey,MIN,K,Active,9
644097339790827520,NCAA OHIO VALLEY,644097340822597632,37,435,867,69768813763510272,8,3868,Jalen,Richard,LV,RB,Reserve/COVID-19,4
644097339790827520,NCAA OHIO VALLEY,644097340822597632,37,436,868,468944645166985216,3,5189,Eddy,Pineiro,CHI,K,Injured Reserve,2
644097339790827520,NCAA OHIO VALLEY,644097340822597632,37,437,869,474662041341128704,5,4252,Isaiah,Ford,MIA,WR,Active,3
644097339790827520,NCAA OHIO VALLEY,644097340822597632,37,438,870,601198801197260800,2,6068,Devine,Ozigbo,JAX,RB,Active,1
644097339790827520,NCAA OHIO VALLEY,644097340822597632,37,439,871,635700695584043008,7,1379,Kyle,Juszczyk,SF,RB,Active,7
644097339790827520,NCAA OHIO VALLEY,644097340822597632,37,440,872,571753677428977664,1,5209,Mike,Boone,MIN,RB,Active,2
644097339790827520,NCAA OHIO VALLEY,644097340822597632,37,441,873,331558449374593024,6,4197,Isaiah,McKenzie,BUF,WR,Active,3
644097339790827520,NCAA OHIO VALLEY,644097340822597632,37,442,874,472879969664495616,4,4226,Alex,Armah,CAR,RB,Active,3
644097339790827520,NCAA OHIO VALLEY,644097340822597632,37,443,875,472879969664495616,4,289,Drew,Brees,NO,QB,Active,19
644097339790827520,NCAA OHIO VALLEY,644097340822597632,37,444,876,638193564806897664,11,1974,Cody,Parkey,CLE,K,Active,6
644097339790827520,NCAA OHIO VALLEY,644097340822597632,38,445,889,638193564806897664,11,3503,Geronimo,Allison,DET,WR,Voluntary Opt Out,4
644097339790827520,NCAA OHIO VALLEY,644097340822597632,38,446,890,472879969664495616,4,268,Alex,Smith,WAS,QB,Active,15
644097339790827520,NCAA OHIO VALLEY,644097340822597632,38,447,891,472879969664495616,4,676,LeSean,McCoy,TB,RB,Active,11
644097339790827520,NCAA OHIO VALLEY,644097340822597632,38,448,892,331558449374593024,6,4443,Pharaoh,Brown,HOU,TE,Active,3
644097339790827520,NCAA OHIO VALLEY,644097340822597632,38,449,893,571753677428977664,1,491,Danny,Amendola,DET,WR,Active,12
644097339790827520,NCAA OHIO VALLEY,644097340822597632,38,450,894,635700695584043008,7,827,Tyrod,Taylor,LAC,QB,Active,9
644097339790827520,NCAA OHIO VALLEY,644097340822597632,38,451,895,601198801197260800,2,2020,Cairo,Santos,CHI,K,Active,6
644097339790827520,NCAA OHIO VALLEY,644097340822597632,38,452,896,474662041341128704,5,1111,Andrew,Luck,,QB,Active,8
644097339790827520,NCAA OHIO VALLEY,644097340822597632,38,453,897,468944645166985216,3,5113,Cedrick,Wilson,DAL,WR,Active,2
644097339790827520,NCAA OHIO VALLEY,644097340822597632,38,454,898,69768813763510272,8,223,Larry,Fitzgerald,ARI,WR,Active,16
644097339790827520,NCAA OHIO VALLEY,644097340822597632,38,455,899,327689364916146176,12,4464,Nick,Mullens,SF,QB,Injured Reserve,3
644097339790827520,NCAA OHIO VALLEY,644097340822597632,38,456,900,347683464398749696,9,6311,Patrick,Laird,MIA,RB,Active,1
644097339790827520,NCAA OHIO VALLEY,644097340822597632,39,457,913,347683464398749696,9,6557,Jeff,Smith,NYJ,WR,Active,1
644097339790827520,NCAA OHIO VALLEY,644097340822597632,39,458,914,327689364916146176,12,574,Dez,Bryant,BAL,WR,Active,10
644097339790827520,NCAA OHIO VALLEY,644097340822597632,39,459,915,69768813763510272,8,1737,Case,Keenum,CLE,QB,Active,8
644097339790827520,NCAA OHIO VALLEY,644097340822597632,39,460,916,468944645166985216,3,6088,Olabisi,Johnson,MIN,WR,Active,1
644097339790827520,NCAA OHIO VALLEY,644097340822597632,39,461,917,474662041341128704,5,7050,Josiah,Deguara,GB,TE,Injured Reserve,0
644097339790827520,NCAA OHIO VALLEY,644097340822597632,39,462,918,601198801197260800,2,7049,Jauan,Jennings,SF,WR,Injured Reserve,0
644097339790827520,NCAA OHIO VALLEY,644097340822597632,39,463,919,635700695584043008,7,6115,Wes,Hills,,RB,Inactive,1
644097339790827520,NCAA OHIO VALLEY,644097340822597632,39,464,920,571753677428977664,1,4218,Trent,Taylor,SF,WR,Active,3
644097339790827520,NCAA OHIO VALLEY,644097340822597632,39,465,921,331558449374593024,6,7407,Isaiah,Wright,WAS,WR,Active,0
644097339790827520,NCAA OHIO VALLEY,644097340822597632,39,466,922,69768813763510272,8,3201,Roberto,Aguayo,NE,K,Injured Reserve,4
644097339790827520,NCAA OHIO VALLEY,644097340822597632,39,467,923,472879969664495616,4,1169,Robert,Griffin,BAL,QB,Active,8
644097339790827520,NCAA OHIO VALLEY,644097340822597632,39,468,924,638193564806897664,11,3178,Josh,Doctson,NYJ,WR,Voluntary Opt Out,4
644097339790827520,NCAA OHIO VALLEY,644097340822597632,40,469,937,638193564806897664,11,5570,Chad,Beebe,MIN,WR,Active,2
644097339790827520,NCAA OHIO VALLEY,644097340822597632,40,470,938,472879969664495616,4,2214,Cameron,Brate,TB,TE,Active,6
644097339790827520,NCAA OHIO VALLEY,644097340822597632,40,471,939,69768813763510272,8,7426,Seth,Dawkins,,WR,Inactive,0
644097339790827520,NCAA OHIO VALLEY,644097340822597632,40,472,940,331558449374593024,6,7103,Tavien,Feaster,DET,RB,Active,0
644097339790827520,NCAA OHIO VALLEY,644097340822597632,40,473,941,571753677428977664,1,2073,Keith,Smith,ATL,RB,Active,6
644097339790827520,NCAA OHIO VALLEY,644097340822597632,40,474,942,635700695584043008,7,4186,T.J.,Logan,TB,RB,Injured Reserve,3
644097339790827520,NCAA OHIO VALLEY,644097340822597632,40,475,943,601198801197260800,2,1592,Darren,Fells,HOU,TE,Active,7
644097339790827520,NCAA OHIO VALLEY,644097340822597632,40,476,944,474662041341128704,5,6223,Juwann,Winfree,GB,WR,Injured Reserve,1
644097339790827520,NCAA OHIO VALLEY,644097340822597632,40,477,945,468944645166985216,3,7065,Eli,Wolf,BAL,TE,Injured Reserve,0
644097339790827520,NCAA OHIO VALLEY,644097340822597632,40,478,946,69768813763510272,8,7094,Lirim,Hajrullahu,CAR,K,Injured Reserve,0
644097339790827520,NCAA OHIO VALLEY,644097340822597632,40,479,947,327689364916146176,12,6164,Kahale,Warring,HOU,TE,Active,1
644097339790827520,NCAA OHIO VALLEY,644097340822597632,40,480,948,347683464398749696,9,5250,Robert,Foster,WAS,WR,Active,2
644097339790827520,NCAA OHIO VALLEY,644097340822597632,41,481,961,347683464398749696,9,7446,Tucker,McCann,TEN,K,Injured Reserve,0
644097339790827520,NCAA OHIO VALLEY,644097340822597632,41,482,962,327689364916146176,12,7318,Gabe,Nabers,LAC,RB,Active,0
644097339790827520,NCAA OHIO VALLEY,644097340822597632,41,483,963,69768813763510272,8,462,Brett,Favre,,QB,Inactive,20
644097339790827520,NCAA OHIO VALLEY,644097340822597632,41,484,964,468944645166985216,3,650,Nick,Folk,NE,K,Active,13
644097339790827520,NCAA OHIO VALLEY,644097340822597632,41,485,965,474662041341128704,5,7436,Mason,Kinsey,TEN,WR,Injured Reserve,0
644097339790827520,NCAA OHIO VALLEY,644097340822597632,41,486,966,601198801197260800,2,6146,Kaden,Smith,NYG,TE,Active,1
644097339790827520,NCAA OHIO VALLEY,644097340822597632,41,487,967,635700695584043008,7,7084,Jake,Luton,JAX,QB,Active,0
644097339790827520,NCAA OHIO VALLEY,644097340822597632,41,488,968,571753677428977664,1,3362,Jeff,Driskel,DEN,QB,Active,4
644097339790827520,NCAA OHIO VALLEY,644097340822597632,41,489,969,331558449374593024,6,461,Michael,Vick,,QB,Inactive,19
644097339790827520,NCAA OHIO VALLEY,644097340822597632,41,490,970,327689364916146176,12,6939,Binjimen,Victor,BAL,WR,Injured Reserve,0
644097339790827520,NCAA OHIO VALLEY,644097340822597632,41,491,971,472879969664495616,4,980,Colin,Kaepernick,,QB,Inactive,9
644097339790827520,NCAA OHIO VALLEY,644097340822597632,41,492,972,638193564806897664,11,654,LaDainian,Tomlinson,,RB,Inactive,11
787469647648763904,NCAA MOUNTAIN WEST,787469647648763905,1,1,1,467489585379667968,7,8155,Breece,Hall,NYJ,RB,Active,0
787469647648763904,NCAA MOUNTAIN WEST,787469647648763905,1,2,2,444590065046253568,12,8151,Ken,Walker,SEA,RB,Active,0
787469647648763904,NCAA MOUNTAIN WEST,787469647648763905,1,3,3,571767410708901888,4,8135,Treylon,Burks,TEN,WR,Active,0
787469647648763904,NCAA MOUNTAIN WEST,787469647648763905,1,4,4,444590065046253568,11,8112,Drake,London,ATL,WR,Active,0
787469647648763904,NCAA MOUNTAIN WEST,787469647648763905,1,5,5,589001974318403584,9,8146,Garrett,Wilson,NYJ,WR,Active,0
787469647648763904,NCAA MOUNTAIN WEST,787469647648763905,1,6,6,560626155833876480,3,8137,George,Pickens,PIT,WR,Active,0
787469647648763904,NCAA MOUNTAIN WEST,787469647648763905,1,7,7,571767410708901888,11,8148,Jameson,Williams,DET,WR,Active,0
787469647648763904,NCAA MOUNTAIN WEST,787469647648763905,1,8,8,596835723861082112,1,8144,Chris,Olave,NO,WR,Active,0
787469647648763904,NCAA MOUNTAIN WEST,787469647648763905,1,9,9,596835723861082112,1,8138,James,Cook,BUF,RB,Active,0
787469647648763904,NCAA MOUNTAIN WEST,787469647648763905,1,10,10,814354227357908992,10,8167,Christian,Watson,GB,WR,Active,0
787469647648763904,NCAA MOUNTAIN WEST,787469647648763905,1,11,11,757350771300880384,5,8168,Skyy,Moore,KC,WR,Active,0
787469647648763904,NCAA MOUNTAIN WEST,787469647648763905,1,12,12,325726913966395392,8,8129,Dameon,Pierce,HOU,RB,Active,0
787469647648763904,NCAA MOUNTAIN WEST,787469647648763905,2,13,25,463106510101147648,2,8160,Kenny,Pickett,PIT,QB,Active,0
787469647648763904,NCAA MOUNTAIN WEST,787469647648763905,2,14,26,596835723861082112,1,8153,Isaiah,Spiller,LAC,RB,Active,0
787469647648763904,NCAA MOUNTAIN WEST,787469647648763905,2,15,27,482448684026425344,6,8147,John,Metchie,HOU,WR,Active,0
787469647648763904,NCAA MOUNTAIN WEST,787469647648763905,2,16,28,444590065046253568,12,8130,Trey,McBride,ARI,TE,Active,0
787469647648763904,NCAA MOUNTAIN WEST,787469647648763905,2,17,29,589001974318403584,9,8136,Rachaad,White,TB,RB,Active,0
787469647648763904,NCAA MOUNTAIN WEST,787469647648763905,2,18,30,560626155833876480,3,8119,Jahan,Dotson,WAS,WR,Active,0
787469647648763904,NCAA MOUNTAIN WEST,787469647648763905,2,19,31,571767410708901888,11,8118,David,Bell,CLE,WR,Active,0
787469647648763904,NCAA MOUNTAIN WEST,787469647648763905,2,20,32,596835723861082112,1,8142,Alec,Pierce,IND,WR,Active,0
787469647648763904,NCAA MOUNTAIN WEST,787469647648763905,2,21,33,814354227357908992,10,8132,Tyler,Allgeier,ATL,RB,Active,0
787469647648763904,NCAA MOUNTAIN WEST,787469647648763905,2,22,34,589001974318403584,9,8117,Jalen,Tolbert,DAL,WR,Active,0
787469647648763904,NCAA MOUNTAIN WEST,787469647648763905,2,23,35,814354227357908992,10,8211,Tyrion,Davis-Price,SF,RB,Active,0
787469647648763904,NCAA MOUNTAIN WEST,787469647648763905,2,24,36,325726913966395392,8,8154,Brian,Robinson,WAS,RB,Active,0
787469647648763904,NCAA MOUNTAIN WEST,787469647648763905,3,25,49,757350771300880384,5,8221,Keaontay,Ingram,ARI,RB,Active,0
787469647648763904,NCAA MOUNTAIN WEST,787469647648763905,3,26,50,596835723861082112,1,8139,Zamir,White,LV,RB,Active,0
787469647648763904,NCAA MOUNTAIN WEST,787469647648763905,3,27,51,482448684026425344,6,8176,Danny,Gray,SF,WR,Active,0
787469647648763904,NCAA MOUNTAIN WEST,787469647648763905,3,28,52,444590065046253568,12,8123,Hassan,Haskins,TEN,RB,Active,0
787469647648763904,NCAA MOUNTAIN WEST,787469647648763905,3,29,53,589001974318403584,9,8161,Malik,Willis,TEN,QB,Active,0
787469647648763904,NCAA MOUNTAIN WEST,787469647648763905,3,30,54,560626155833876480,3,8219,Jelani,Woods,IND,TE,Active,0
787469647648763904,NCAA MOUNTAIN WEST,787469647648763905,3,31,55,482448684026425344,6,8188,Tyquan,Thornton,NE,WR,Active,0
787469647648763904,NCAA MOUNTAIN WEST,787469647648763905,3,32,56,757350771300880384,5,8225,Daniel,Bellinger,NYG,TE,Active,0
787469647648763904,NCAA MOUNTAIN WEST,787469647648763905,3,33,57,814354227357908992,10,8159,Desmond,Ridder,ATL,QB,Active,0
787469647648763904,NCAA MOUNTAIN WEST,787469647648763905,3,34,58,814354227357908992,10,8121,Romeo,Doubs,GB,WR,Active,0
787469647648763904,NCAA MOUNTAIN WEST,787469647648763905,3,35,59,757350771300880384,5,8164,Matt,Corral,CAR,QB,Active,0
787469647648763904,NCAA MOUNTAIN WEST,787469647648763905,3,36,60,325726913966395392,8,8140,Justyn,Ross,KC,WR,Active,0
787469647648763904,NCAA MOUNTAIN WEST,787469647648763905,4,37,73,463106510101147648,2,8172,Greg,Dulcich,DEN,TE,Active,0
787469647648763904,NCAA MOUNTAIN WEST,787469647648763905,4,38,74,571767410708901888,4,8126,Wan'Dale,Robinson,NYG,WR,Active,0
787469647648763904,NCAA MOUNTAIN WEST,787469647648763905,4,39,75,482448684026425344,6,8150,Kyren,Williams,LAR,RB,Active,0
787469647648763904,NCAA MOUNTAIN WEST,787469647648763905,4,40,76,814354227357908992,10,8223,Velus,Jones,CHI,WR,Active,0
787469647648763904,NCAA MOUNTAIN WEST,787469647648763905,4,41,77,589001974318403584,9,8125,Calvin,Austin,PIT,WR,Active,0
787469647648763904,NCAA MOUNTAIN WEST,787469647648763905,4,42,78,560626155833876480,3,8205,Isaih,Pacheco,KC,RB,Active,0
787469647648763904,NCAA MOUNTAIN WEST,787469647648763905,4,43,79,571767410708901888,4,8162,Sam,Howell,WAS,QB,Active,0
787469647648763904,NCAA MOUNTAIN WEST,787469647648763905,4,44,80,757350771300880384,5,8171,Kyle,Philips,TEN,WR,Active,0
787469647648763904,NCAA MOUNTAIN WEST,787469647648763905,4,45,81,463106510101147648,2,8258,Cade,York,CLE,K,Active,0
787469647648763904,NCAA MOUNTAIN WEST,787469647648763905,4,46,82,814354227357908992,10,8110,Jake,Ferguson,DAL,TE,Active,0
787469647648763904,NCAA MOUNTAIN WEST,787469647648763905,4,47,83,757350771300880384,5,8204,Bo,Melton,SEA,WR,Active,0
787469647648763904,NCAA MOUNTAIN WEST,787469647648763905,4,48,84,325726913966395392,8,8111,Cade,Otton,TB,TE,Active,0
787469620847190016,NCAA BIG EAST & CO.,787469620847190017,1,1,1,456159345906806784,7,8155,Breece,Hall,NYJ,RB,Active,0
787469620847190016,NCAA BIG EAST & CO.,787469620847190017,1,2,2,746553377818841088,1,8112,Drake,London,ATL,WR,Active,0
787469620847190016,NCAA BIG EAST & CO.,787469620847190017,1,3,3,802480422482206720,9,8151,Ken,Walker,SEA,RB,Active,0
787469620847190016,NCAA BIG EAST & CO.,787469620847190017,1,4,4,338858684358623232,10,8135,Treylon,Burks,TEN,WR,Active,0
787469620847190016,NCAA BIG EAST & CO.,787469620847190017,1,5,5,443323427143544832,6,8146,Garrett,Wilson,NYJ,WR,Active,0
787469620847190016,NCAA BIG EAST & CO.,787469620847190017,1,6,6,456159345906806784,7,8144,Chris,Olave,NO,WR,Active,0
787469620847190016,NCAA BIG EAST & CO.,787469620847190017,1,7,7,746553377818841088,1,8138,James,Cook,BUF,RB,Active,0
787469620847190016,NCAA BIG EAST & CO.,787469620847190017,1,8,8,802480422482206720,9,8168,Skyy,Moore,KC,WR,Active,0
787469620847190016,NCAA BIG EAST & CO.,787469620847190017,1,9,9,746553377818841088,1,8137,George,Pickens,PIT,WR,Active,0
787469620847190016,NCAA BIG EAST & CO.,787469620847190017,1,10,10,456167283761344512,8,8148,Jameson,Williams,DET,WR,Active,0
787469620847190016,NCAA BIG EAST & CO.,787469620847190017,1,11,11,746553377818841088,1,8136,Rachaad,White,TB,RB,Active,0
787469620847190016,NCAA BIG EAST & CO.,787469620847190017,1,12,12,333005257409847296,3,8167,Christian,Watson,GB,WR,Active,0
787469620847190016,NCAA BIG EAST & CO.,787469620847190017,2,13,25,456159345906806784,7,8126,Wan'Dale,Robinson,NYG,WR,Active,0
787469620847190016,NCAA BIG EAST & CO.,787469620847190017,2,14,26,746553377818841088,1,8161,Malik,Willis,TEN,QB,Active,0
787469620847190016,NCAA BIG EAST & CO.,787469620847190017,2,15,27,802480422482206720,9,8119,Jahan,Dotson,WAS,WR,Active,0
787469620847190016,NCAA BIG EAST & CO.,787469620847190017,2,16,28,338858684358623232,10,8153,Isaiah,Spiller,LAC,RB,Active,0
787469620847190016,NCAA BIG EAST & CO.,787469620847190017,2,17,29,836025225756934144,5,8147,John,Metchie,HOU,WR,Active,0
787469620847190016,NCAA BIG EAST & CO.,787469620847190017,2,18,30,389656085486649344,2,8160,Kenny,Pickett,PIT,QB,Active,0
787469620847190016,NCAA BIG EAST & CO.,787469620847190017,2,19,31,456182244336201728,11,8118,David,Bell,CLE,WR,Active,0
787469620847190016,NCAA BIG EAST & CO.,787469620847190017,2,20,32,456159345906806784,7,8142,Alec,Pierce,IND,WR,Active,0
787469620847190016,NCAA BIG EAST & CO.,787469620847190017,2,21,33,746553377818841088,1,8140,Justyn,Ross,KC,WR,Active,0
787469620847190016,NCAA BIG EAST & CO.,787469620847190017,2,22,34,456167283761344512,8,8129,Dameon,Pierce,HOU,RB,Active,0
787469620847190016,NCAA BIG EAST & CO.,787469620847190017,2,23,35,746553377818841088,1,8139,Zamir,White,LV,RB,Active,0
787469620847190016,NCAA BIG EAST & CO.,787469620847190017,2,24,36,333005257409847296,3,8132,Tyler,Allgeier,ATL,RB,Active,0
787469620847190016,NCAA BIG EAST & CO.,787469620847190017,3,25,49,836025225756934144,5,8154,Brian,Robinson,WAS,RB,Active,0
787469620847190016,NCAA BIG EAST & CO.,787469620847190017,3,26,50,64174089933570048,12,8211,Tyrion,Davis-Price,SF,RB,Active,0
787469620847190016,NCAA BIG EAST & CO.,787469620847190017,3,27,51,802480422482206720,9,8130,Trey,McBride,ARI,TE,Active,0
787469620847190016,NCAA BIG EAST & CO.,787469620847190017,3,28,52,338858684358623232,10,8219,Jelani,Woods,IND,TE,Active,0
787469620847190016,NCAA BIG EAST & CO.,787469620847190017,3,29,53,443323427143544832,6,8172,Greg,Dulcich,DEN,TE,Active,0
787469620847190016,NCAA BIG EAST & CO.,787469620847190017,3,30,54,389656085486649344,2,8123,Hassan,Haskins,TEN,RB,Active,0
787469620847190016,NCAA BIG EAST & CO.,787469620847190017,3,31,55,456182244336201728,11,8159,Desmond,Ridder,ATL,QB,Active,0
787469620847190016,NCAA BIG EAST & CO.,787469620847190017,3,32,56,802480422482206720,9,8221,Keaontay,Ingram,ARI,RB,Active,0
787469620847190016,NCAA BIG EAST & CO.,787469620847190017,3,33,57,456129190995947520,4,8164,Matt,Corral,CAR,QB,Active,0
787469620847190016,NCAA BIG EAST & CO.,787469620847190017,3,34,58,333005257409847296,3,8134,Khalil,Shakir,BUF,WR,Active,0
787469620847190016,NCAA BIG EAST & CO.,787469620847190017,3,35,59,746553377818841088,1,8223,Velus,Jones,CHI,WR,Active,0
787469620847190016,NCAA BIG EAST & CO.,787469620847190017,3,36,60,333005257409847296,3,8145,Jeremy,Ruckert,NYJ,TE,Active,0
787469620847190016,NCAA BIG EAST & CO.,787469620847190017,4,37,73,836025225756934144,5,8121,Romeo,Doubs,GB,WR,Active,0
787469620847190016,NCAA BIG EAST & CO.,787469620847190017,4,38,74,64174089933570048,12,8188,Tyquan,Thornton,NE,WR,Active,0
787469620847190016,NCAA BIG EAST & CO.,787469620847190017,4,39,75,802480422482206720,9,8150,Kyren,Williams,LAR,RB,Active,0
787469620847190016,NCAA BIG EAST & CO.,787469620847190017,4,40,76,338858684358623232,10,8116,Pierre,Strong,NE,RB,Active,0
787469620847190016,NCAA BIG EAST & CO.,787469620847190017,4,41,77,443323427143544832,6,8176,Danny,Gray,SF,WR,Active,0
787469620847190016,NCAA BIG EAST & CO.,787469620847190017,4,42,78,389656085486649344,2,8125,Calvin,Austin,PIT,WR,Active,0
787469620847190016,NCAA BIG EAST & CO.,787469620847190017,4,43,79,456182244336201728,11,8258,Cade,York,CLE,K,Active,0
787469620847190016,NCAA BIG EAST & CO.,787469620847190017,4,44,80,443323427143544832,6,8111,Cade,Otton,TB,TE,Active,0
787469620847190016,NCAA BIG EAST & CO.,787469620847190017,4,45,81,456129190995947520,4,8225,Daniel,Bellinger,NYG,TE,Active,0
787469620847190016,NCAA BIG EAST & CO.,787469620847190017,4,46,82,836025225756934144,5,8205,Isaih,Pacheco,KC,RB,Active,0
787469620847190016,NCAA BIG EAST & CO.,787469620847190017,4,47,83,746553377818841088,1,8162,Sam,Howell,WAS,QB,Active,0
787469620847190016,NCAA BIG EAST & CO.,787469620847190017,4,48,84,333005257409847296,3,8208,Tyler,Badie,BAL,RB,Active,0
787469585417945088,NCAA OHIO VALLEY,787469585417945089,1,1,1,347683464398749696,9,8155,Breece,Hall,NYJ,RB,Active,0
787469585417945088,NCAA OHIO VALLEY,787469585417945089,1,2,2,331558449374593024,6,8151,Kenneth,Walker,SEA,RB,Active,0
787469585417945088,NCAA OHIO VALLEY,787469585417945089,1,3,3,571753677428977664,1,8112,Drake,London,ATL,WR,Active,0
787469585417945088,NCAA OHIO VALLEY,787469585417945089,1,4,4,331558449374593024,6,8135,Treylon,Burks,TEN,WR,Active,0
787469585417945088,NCAA OHIO VALLEY,787469585417945089,1,5,5,327689364916146176,12,8146,Garrett,Wilson,NYJ,WR,Active,0
787469585417945088,NCAA OHIO VALLEY,787469585417945089,1,6,6,635700695584043008,7,8138,James,Cook,BUF,RB,Active,0
787469585417945088,NCAA OHIO VALLEY,787469585417945089,1,7,7,327689364916146176,12,8148,Jameson,Williams,DET,WR,Active,0
787469585417945088,NCAA OHIO VALLEY,787469585417945089,1,8,8,594242128851296256,10,8167,Christian,Watson,GB,WR,Active,0
787469585417945088,NCAA OHIO VALLEY,787469585417945089,1,9,9,327689364916146176,12,8144,Chris,Olave,NO,WR,Active,0
787469585417945088,NCAA OHIO VALLEY,787469585417945089,1,10,10,472879969664495616,4,8168,Skyy,Moore,KC,WR,Active,0
787469585417945088,NCAA OHIO VALLEY,787469585417945089,1,11,11,69768813763510272,8,8119,Jahan,Dotson,WAS,WR,Active,0
787469585417945088,NCAA OHIO VALLEY,787469585417945089,1,12,12,638193564806897664,11,8137,George,Pickens,PIT,WR,Active,0
787469585417945088,NCAA OHIO VALLEY,787469585417945089,2,13,25,474662041341128704,5,8153,Isaiah,Spiller,LAC,RB,Active,0
787469585417945088,NCAA OHIO VALLEY,787469585417945089,2,14,26,594242128851296256,10,8142,Alec,Pierce,IND,WR,Active,0
787469585417945088,NCAA OHIO VALLEY,787469585417945089,2,15,27,571753677428977664,1,8126,Wan'Dale,Robinson,NYG,WR,Active,0
787469585417945088,NCAA OHIO VALLEY,787469585417945089,2,16,28,474662041341128704,5,8129,Dameon,Pierce,HOU,RB,Active,0
787469585417945088,NCAA OHIO VALLEY,787469585417945089,2,17,29,472879969664495616,4,8118,David,Bell,CLE,WR,Active,0
787469585417945088,NCAA OHIO VALLEY,787469585417945089,2,18,30,474662041341128704,5,8139,Zamir,White,LV,RB,Active,0
787469585417945088,NCAA OHIO VALLEY,787469585417945089,2,19,31,594242128851296256,10,8136,Rachaad,White,TB,RB,Active,0
787469585417945088,NCAA OHIO VALLEY,787469585417945089,2,20,32,69768813763510272,8,8160,Kenny,Pickett,PIT,QB,Active,0
787469585417945088,NCAA OHIO VALLEY,787469585417945089,2,21,33,474662041341128704,5,8132,Tyler,Allgeier,ATL,RB,Active,0
787469585417945088,NCAA OHIO VALLEY,787469585417945089,2,22,34,327689364916146176,12,8147,John,Metchie,HOU,WR,Active,0
787469585417945088,NCAA OHIO VALLEY,787469585417945089,2,23,35,468944645166985216,3,8188,Tyquan,Thornton,NE,WR,Active,0
787469585417945088,NCAA OHIO VALLEY,787469585417945089,2,24,36,638193564806897664,11,8164,Matt,Corral,CAR,QB,Active,0
787469585417945088,NCAA OHIO VALLEY,787469585417945089,3,25,49,347683464398749696,9,8123,Hassan,Haskins,TEN,RB,Active,0
787469585417945088,NCAA OHIO VALLEY,787469585417945089,3,26,50,571753677428977664,1,8130,Trey,McBride,ARI,TE,Active,0
787469585417945088,NCAA OHIO VALLEY,787469585417945089,3,27,51,571753677428977664,1,8117,Jalen,Tolbert,DAL,WR,Active,0
787469585417945088,NCAA OHIO VALLEY,787469585417945089,3,28,52,601198801197260800,2,8211,Tyrion,Davis-Price,SF,RB,Active,0
787469585417945088,NCAA OHIO VALLEY,787469585417945089,3,29,53,69768813763510272,8,8154,Brian,Robinson,WAS,RB,Active,0
787469585417945088,NCAA OHIO VALLEY,787469585417945089,3,30,54,635700695584043008,7,8208,Tyler,Badie,BAL,RB,Active,0
787469585417945088,NCAA OHIO VALLEY,787469585417945089,3,31,55,331558449374593024,6,8219,Jelani,Woods,IND,TE,Active,0
787469585417945088,NCAA OHIO VALLEY,787469585417945089,3,32,56,327689364916146176,12,8172,Greg,Dulcich,DEN,TE,Active,0
787469585417945088,NCAA OHIO VALLEY,787469585417945089,3,33,57,601198801197260800,2,8223,Velus,Jones,CHI,WR,Active,0
787469585417945088,NCAA OHIO VALLEY,787469585417945089,3,34,58,638193564806897664,11,8121,Romeo,Doubs,GB,WR,Active,0
787469585417945088,NCAA OHIO VALLEY,787469585417945089,3,35,59,347683464398749696,9,8221,Keaontay,Ingram,ARI,RB,Active,0
787469585417945088,NCAA OHIO VALLEY,787469585417945089,3,36,60,327689364916146176,12,8159,Desmond,Ridder,ATL,QB,Active,0
787469585417945088,NCAA OHIO VALLEY,787469585417945089,4,37,73,601198801197260800,2,8176,Danny,Gray,SF,WR,Active,0
787469585417945088,NCAA OHIO VALLEY,787469585417945089,4,38,74,571753677428977664,1,8162,Sam,Howell,WAS,QB,Active,0
787469585417945088,NCAA OHIO VALLEY,787469585417945089,4,39,75,571753677428977664,1,8150,Kyren,Williams,LAR,RB,Active,0
787469585417945088,NCAA OHIO VALLEY,787469585417945089,4,40,76,474662041341128704,5,8174,Kevin,Harris,NE,RB,Active,0
787469585417945088,NCAA OHIO VALLEY,787469585417945089,4,41,77,69768813763510272,8,8145,Jeremy,Ruckert,NYJ,TE,Active,0
787469585417945088,NCAA OHIO VALLEY,787469585417945089,4,42,78,635700695584043008,7,8125,Calvin,Austin,PIT,WR,Active,0
787469585417945088,NCAA OHIO VALLEY,787469585417945089,4,43,79,327689364916146176,12,8140,Justyn,Ross,,WR,Active,0
787469585417945088,NCAA OHIO VALLEY,787469585417945089,4,44,80,331558449374593024,6,8205,Isaih,Pacheco,KC,RB,Active,0
787469585417945088,NCAA OHIO VALLEY,787469585417945089,4,45,81,601198801197260800,2,8111,Cade,Otton,TB,TE,Active,0
787469585417945088,NCAA OHIO VALLEY,787469585417945089,4,46,82,472879969664495616,4,8258,Cade,York,CLE,K,Active,0
787469585417945088,NCAA OHIO VALLEY,787469585417945089,4,47,83,468944645166985216,3,8171,Kyle,Philips,TEN,WR,Active,0
787469585417945088,NCAA OHIO VALLEY,787469585417945089,4,48,84,594242128851296256,10,8204,Bo,Melton,SEA,WR,Active,0
787469538403921920,NCAA HISTORICALLY BLACK,787469538403921921,1,1,1,519656908428791808,5,8155,Breece,Hall,NYJ,RB,Active,0
787469538403921920,NCAA HISTORICALLY BLACK,787469538403921921,1,2,2,467835045181124608,8,8112,Drake,London,ATL,WR,Active,0
787469538403921920,NCAA HISTORICALLY BLACK,787469538403921921,1,3,3,519656908428791808,5,8144,Chris,Olave,NO,WR,Active,0
787469538403921920,NCAA HISTORICALLY BLACK,787469538403921921,1,4,4,640052303377952768,3,8151,Ken,Walker,SEA,RB,Active,0
787469538403921920,NCAA HISTORICALLY BLACK,787469538403921921,1,5,5,640052303377952768,3,8135,Treylon,Burks,TEN,WR,Active,0
787469538403921920,NCAA HISTORICALLY BLACK,787469538403921921,1,6,6,519728067978186752,7,8146,Garrett,Wilson,NYJ,WR,Active,0
787469538403921920,NCAA HISTORICALLY BLACK,787469538403921921,1,7,7,467835045181124608,8,8138,James,Cook,BUF,RB,Active,0
787469538403921920,NCAA HISTORICALLY BLACK,787469538403921921,1,8,8,692168840821411840,6,8148,Jameson,Williams,DET,WR,Active,0
787469538403921920,NCAA HISTORICALLY BLACK,787469538403921921,1,9,9,519656908428791808,5,8168,Skyy,Moore,KC,WR,Active,0
787469538403921920,NCAA HISTORICALLY BLACK,787469538403921921,1,10,10,640086413861294080,4,8167,Christian,Watson,GB,WR,Active,0
787469538403921920,NCAA HISTORICALLY BLACK,787469538403921921,1,11,11,467835045181124608,8,8129,Dameon,Pierce,HOU,RB,Active,0
787469538403921920,NCAA HISTORICALLY BLACK,787469538403921921,1,12,12,519656908428791808,5,8119,Jahan,Dotson,WAS,WR,Active,0
787469538403921920,NCAA HISTORICALLY BLACK,787469538403921921,2,13,25,471427194132885504,1,8137,George,Pickens,PIT,WR,Active,0
787469538403921920,NCAA HISTORICALLY BLACK,787469538403921921,2,14,26,,2,8153,Isaiah,Spiller,LAC,RB,Active,0
787469538403921920,NCAA HISTORICALLY BLACK,787469538403921921,2,15,27,519656908428791808,5,8130,Trey,McBride,ARI,TE,Active,0
787469538403921920,NCAA HISTORICALLY BLACK,787469538403921921,2,16,28,327614483000217600,11,8132,Tyler,Allgeier,ATL,RB,Active,0
787469538403921920,NCAA HISTORICALLY BLACK,787469538403921921,2,17,29,640052303377952768,3,8147,John,Metchie,HOU,WR,Active,0
787469538403921920,NCAA HISTORICALLY BLACK,787469538403921921,2,18,30,519728067978186752,7,8142,Alec,Pierce,IND,WR,Active,0
787469538403921920,NCAA HISTORICALLY BLACK,787469538403921921,2,19,31,467835045181124608,8,8117,Jalen,Tolbert,DAL,WR,Active,0
787469538403921920,NCAA HISTORICALLY BLACK,787469538403921921,2,20,32,692168840821411840,6,8160,Kenny,Pickett,PIT,QB,Active,0
787469538403921920,NCAA HISTORICALLY BLACK,787469538403921921,2,21,33,631893934183882752,9,8136,Rachaad,White,TB,RB,Active,0
787469538403921920,NCAA HISTORICALLY BLACK,787469538403921921,2,22,34,640086413861294080,4,8126,Wan'Dale,Robinson,NYG,WR,Active,0
787469538403921920,NCAA HISTORICALLY BLACK,787469538403921921,2,23,35,327614483000217600,11,8118,David,Bell,CLE,WR,Active,0
787469538403921920,NCAA HISTORICALLY BLACK,787469538403921921,2,24,36,694233255825719296,10,8139,Zamir,White,LV,RB,Active,0
787469538403921920,NCAA HISTORICALLY BLACK,787469538403921921,3,25,49,471427194132885504,1,8188,Tyquan,Thornton,NE,WR,Active,0
787469538403921920,NCAA HISTORICALLY BLACK,787469538403921921,3,26,50,,2,8161,Malik,Willis,TEN,QB,Active,0
787469538403921920,NCAA HISTORICALLY BLACK,787469538403921921,3,27,51,519656908428791808,5,8140,Justyn,Ross,KC,WR,Active,0
787469538403921920,NCAA HISTORICALLY BLACK,787469538403921921,3,28,52,520088376557371392,12,8221,Keaontay,Ingram,ARI,RB,Active,0
787469538403921920,NCAA HISTORICALLY BLACK,787469538403921921,3,29,53,640052303377952768,3,8116,Pierre,Strong,NE,RB,Active,0
787469538403921920,NCAA HISTORICALLY BLACK,787469538403921921,3,30,54,519728067978186752,7,8225,Daniel,Bellinger,NYG,TE,Active,0
787469538403921920,NCAA HISTORICALLY BLACK,787469538403921921,3,31,55,467835045181124608,8,8121,Romeo,Doubs,GB,WR,Active,0
787469538403921920,NCAA HISTORICALLY BLACK,787469538403921921,3,32,56,467835045181124608,8,8159,Desmond,Ridder,ATL,QB,Active,0
787469538403921920,NCAA HISTORICALLY BLACK,787469538403921921,3,33,57,631893934183882752,9,8134,Khalil,Shakir,BUF,WR,Active,0
787469538403921920,NCAA HISTORICALLY BLACK,787469538403921921,3,34,58,640086413861294080,4,8162,Sam,Howell,WAS,QB,Active,0
787469538403921920,NCAA HISTORICALLY BLACK,787469538403921921,3,35,59,520088376557371392,12,8150,Kyren,Williams,LAR,RB,Active,0
787469538403921920,NCAA HISTORICALLY BLACK,787469538403921921,3,36,60,694233255825719296,10,8125,Calvin,Austin,PIT,WR,Active,0
787469538403921920,NCAA HISTORICALLY BLACK,787469538403921921,4,37,73,471427194132885504,1,8223,Velus,Jones,CHI,WR,Active,0
787469538403921920,NCAA HISTORICALLY BLACK,787469538403921921,4,38,74,,2,8172,Greg,Dulcich,DEN,TE,Active,0
787469538403921920,NCAA HISTORICALLY BLACK,787469538403921921,4,39,75,519656908428791808,5,8123,Hassan,Haskins,TEN,RB,Active,0
787469538403921920,NCAA HISTORICALLY BLACK,787469538403921921,4,40,76,520088376557371392,12,8164,Matt,Corral,CAR,QB,Active,0
787469538403921920,NCAA HISTORICALLY BLACK,787469538403921921,4,41,77,640052303377952768,3,8176,Danny,Gray,SF,WR,Active,0
787469538403921920,NCAA HISTORICALLY BLACK,787469538403921921,4,42,78,519728067978186752,7,8145,Jeremy,Ruckert,NYJ,TE,Active,0
787469538403921920,NCAA HISTORICALLY BLACK,787469538403921921,4,43,79,467835045181124608,8,8110,Jake,Ferguson,DAL,TE,Active,0
787469538403921920,NCAA HISTORICALLY BLACK,787469538403921921,4,44,80,692168840821411840,6,8115,Jalen,Wydermyer,BUF,TE,Active,0
787469538403921920,NCAA HISTORICALLY BLACK,787469538403921921,4,45,81,631893934183882752,9,8111,Cade,Otton,TB,TE,Active,0
787469538403921920,NCAA HISTORICALLY BLACK,787469538403921921,4,46,82,640086413861294080,4,8171,Kyle,Philips,TEN,WR,Active,0
787469538403921920,NCAA HISTORICALLY BLACK,787469538403921921,4,47,83,520088376557371392,12,8208,Tyler,Badie,BAL,RB,Active,0
787469538403921920,NCAA HISTORICALLY BLACK,787469538403921921,4,48,84,694233255825719296,10,8258,Cade,York,CLE,K,Active,0
787469508792152064,NCAA WILD,787469508792152065,1,1,1,505166677990699008,10,8155,Breece,Hall,NYJ,RB,Active,0
787469508792152064,NCAA WILD,787469508792152065,1,2,2,457579310098673664,1,8135,Treylon,Burks,TEN,WR,Active,0
787469508792152064,NCAA WILD,787469508792152065,1,3,3,457579310098673664,1,8151,Ken,Walker,SEA,RB,Active,0
787469508792152064,NCAA WILD,787469508792152065,1,4,4,603083535368134656,9,8112,Drake,London,ATL,WR,Active,0
787469508792152064,NCAA WILD,787469508792152065,1,5,5,434740393972592640,11,8148,Jameson,Williams,DET,WR,Active,0
787469508792152064,NCAA WILD,787469508792152065,1,6,6,457579310098673664,1,8146,Garrett,Wilson,NYJ,WR,Active,0
787469508792152064,NCAA WILD,787469508792152065,1,7,7,203496917160697856,6,8144,Chris,Olave,NO,WR,Active,0
787469508792152064,NCAA WILD,787469508792152065,1,8,8,448446449538035712,12,8138,James,Cook,BUF,RB,Active,0
787469508792152064,NCAA WILD,787469508792152065,1,9,9,635935003657723904,4,8167,Christian,Watson,GB,WR,Active,0
787469508792152064,NCAA WILD,787469508792152065,1,10,10,441392312380026880,3,8129,Dameon,Pierce,HOU,RB,Active,0
787469508792152064,NCAA WILD,787469508792152065,1,11,11,462714981117325312,8,8168,Skyy,Moore,KC,WR,Active,0
787469508792152064,NCAA WILD,787469508792152065,1,12,12,635686851117670400,2,8137,George,Pickens,PIT,WR,Active,0
787469508792152064,NCAA WILD,787469508792152065,2,13,25,203496917160697856,6,8119,Jahan,Dotson,WAS,WR,Active,0
787469508792152064,NCAA WILD,787469508792152065,2,14,26,603460801289863168,7,8147,John,Metchie,HOU,WR,Active,0
787469508792152064,NCAA WILD,787469508792152065,2,15,27,505166677990699008,10,8118,David,Bell,CLE,WR,Active,0
787469508792152064,NCAA WILD,787469508792152065,2,16,28,603083535368134656,9,8153,Isaiah,Spiller,LAC,RB,Active,0
787469508792152064,NCAA WILD,787469508792152065,2,17,29,505166677990699008,10,8136,Rachaad,White,TB,RB,Active,0
787469508792152064,NCAA WILD,787469508792152065,2,18,30,635686851117670400,2,8132,Tyler,Allgeier,ATL,RB,Active,0
787469508792152064,NCAA WILD,787469508792152065,2,19,31,203496917160697856,6,8130,Trey,McBride,ARI,TE,Active,0
787469508792152064,NCAA WILD,787469508792152065,2,20,32,457579310098673664,1,8142,Alec,Pierce,IND,WR,Active,0
787469508792152064,NCAA WILD,787469508792152065,2,21,33,457579310098673664,1,8219,Jelani,Woods,IND,TE,Active,0
787469508792152064,NCAA WILD,787469508792152065,2,22,34,441392312380026880,3,8221,Keaontay,Ingram,ARI,RB,Active,0
787469508792152064,NCAA WILD,787469508792152065,2,23,35,462714981117325312,8,8160,Kenny,Pickett,PIT,QB,Active,0
787469508792152064,NCAA WILD,787469508792152065,2,24,36,457579310098673664,1,8161,Malik,Willis,TEN,QB,Active,0
787469508792152064,NCAA WILD,787469508792152065,3,25,49,203496917160697856,6,8117,Jalen,Tolbert,DAL,WR,Active,0
787469508792152064,NCAA WILD,787469508792152065,3,26,50,603460801289863168,7,8126,Wan'Dale,Robinson,NYG,WR,Active,0
787469508792152064,NCAA WILD,787469508792152065,3,27,51,642578171354484736,5,8188,Tyquan,Thornton,NE,WR,Active,0
787469508792152064,NCAA WILD,787469508792152065,3,28,52,603083535368134656,9,8211,Tyrion,Davis-Price,SF,RB,Active,0
787469508792152064,NCAA WILD,787469508792152065,3,29,53,603083535368134656,9,8154,Brian,Robinson,WAS,RB,Active,0
787469508792152064,NCAA WILD,787469508792152065,3,30,54,434740393972592640,11,8159,Desmond,Ridder,ATL,QB,Active,0
787469508792152064,NCAA WILD,787469508792152065,3,31,55,203496917160697856,6,8164,Matt,Corral,CAR,QB,Active,0
787469508792152064,NCAA WILD,787469508792152065,3,32,56,448446449538035712,12,8140,Justyn,Ross,KC,WR,Active,0
787469508792152064,NCAA WILD,787469508792152065,3,33,57,457579310098673664,1,8123,Hassan,Haskins,TEN,RB,Active,0
787469508792152064,NCAA WILD,787469508792152065,3,34,58,441392312380026880,3,8121,Romeo,Doubs,GB,WR,Active,0
787469508792152064,NCAA WILD,787469508792152065,3,35,59,462714981117325312,8,8150,Kyren,Williams,LAR,RB,Active,0
787469508792152064,NCAA WILD,787469508792152065,3,36,60,635686851117670400,2,8134,Khalil,Shakir,BUF,WR,Active,0
787469508792152064,NCAA WILD,787469508792152065,4,37,73,203496917160697856,6,8172,Greg,Dulcich,DEN,TE,Active,0
787469508792152064,NCAA WILD,787469508792152065,4,38,74,603460801289863168,7,8223,Velus,Jones,CHI,WR,Active,0
787469508792152064,NCAA WILD,787469508792152065,4,39,75,642578171354484736,5,8189,Trestan,Ebner,CHI,RB,Active,0
787469508792152064,NCAA WILD,787469508792152065,4,40,76,603083535368134656,9,8125,Calvin,Austin,PIT,WR,Active,0
787469508792152064,NCAA WILD,787469508792152065,4,41,77,434740393972592640,11,8176,Danny,Gray,SF,WR,Active,0
787469508792152064,NCAA WILD,787469508792152065,4,42,78,635686851117670400,2,8116,Pierre,Strong,NE,RB,Active,0
787469508792152064,NCAA WILD,787469508792152065,4,43,79,203496917160697856,6,8190,Abram,Smith,NO,RB,Active,0
787469508792152064,NCAA WILD,787469508792152065,4,44,80,448446449538035712,12,8225,Daniel,Bellinger,NYG,TE,Active,0
787469508792152064,NCAA WILD,787469508792152065,4,45,81,635686851117670400,2,8162,Sam,Howell,WAS,QB,Active,0
787469508792152064,NCAA WILD,787469508792152065,4,46,82,441392312380026880,3,8171,Kyle,Philips,TEN,WR,Active,0
787469508792152064,NCAA WILD,787469508792152065,4,47,83,603083535368134656,9,8179,Snoop,Conner,JAX,RB,Active,0
787469508792152064,NCAA WILD,787469508792152065,4,48,84,457579310098673664,1,8258,Cade,York,CLE,K,Active,0
787469482338717696,NCAA PIONEER,787469482338717697,1,1,1,468638573403303936,2,8155,Breece,Hall,NYJ,RB,Active,0
787469482338717696,NCAA PIONEER,787469482338717697,1,2,2,519675297838780416,12,8151,Ken,Walker,SEA,RB,Active,0
787469482338717696,NCAA PIONEER,787469482338717697,1,3,3,432164755709370368,5,8112,Drake,London,ATL,WR,Active,0
787469482338717696,NCAA PIONEER,787469482338717697,1,4,4,459110344502013952,3,8138,James,Cook,BUF,RB,Active,0
787469482338717696,NCAA PIONEER,787469482338717697,1,5,5,398884413687001088,7,8135,Treylon,Burks,TEN,WR,Active,0
787469482338717696,NCAA PIONEER,787469482338717697,1,6,6,602687087556231168,9,8146,Garrett,Wilson,NYJ,WR,Active,0
787469482338717696,NCAA PIONEER,787469482338717697,1,7,7,475385751685558272,10,8144,Chris,Olave,NO,WR,Active,0
787469482338717696,NCAA PIONEER,787469482338717697,1,8,8,437042046633504768,11,8168,Skyy,Moore,KC,WR,Active,0
787469482338717696,NCAA PIONEER,787469482338717697,1,9,9,339931221767249920,8,8148,Jameson,Williams,DET,WR,Active,0
787469482338717696,NCAA PIONEER,787469482338717697,1,10,10,468638573403303936,2,8119,Jahan,Dotson,WAS,WR,Active,0
787469482338717696,NCAA PIONEER,787469482338717697,1,11,11,468638573403303936,2,8130,Trey,McBride,ARI,TE,Active,0
787469482338717696,NCAA PIONEER,787469482338717697,1,12,12,519675297838780416,12,8167,Christian,Watson,GB,WR,Active,0
787469482338717696,NCAA PIONEER,787469482338717697,2,13,25,519675297838780416,12,8137,George,Pickens,PIT,WR,Active,0
787469482338717696,NCAA PIONEER,787469482338717697,2,14,26,439351925129867264,4,8136,Rachaad,White,TB,RB,Active,0
787469482338717696,NCAA PIONEER,787469482338717697,2,15,27,432164755709370368,5,8129,Dameon,Pierce,HOU,RB,Active,0
787469482338717696,NCAA PIONEER,787469482338717697,2,16,28,459110344502013952,3,8153,Isaiah,Spiller,LAC,RB,Active,0
787469482338717696,NCAA PIONEER,787469482338717697,2,17,29,439351925129867264,4,8147,John,Metchie,HOU,WR,Active,0
787469482338717696,NCAA PIONEER,787469482338717697,2,18,30,602687087556231168,9,8142,Alec,Pierce,IND,WR,Active,0
787469482338717696,NCAA PIONEER,787469482338717697,2,19,31,475385751685558272,10,8161,Malik,Willis,TEN,QB,Active,0
787469482338717696,NCAA PIONEER,787469482338717697,2,20,32,437042046633504768,11,8118,David,Bell,CLE,WR,Active,0
787469482338717696,NCAA PIONEER,787469482338717697,2,21,33,339931221767249920,8,8160,Kenny,Pickett,PIT,QB,Active,0
787469482338717696,NCAA PIONEER,787469482338717697,2,22,34,602687087556231168,9,8159,Desmond,Ridder,ATL,QB,Active,0
787469482338717696,NCAA PIONEER,787469482338717697,2,23,35,439351925129867264,4,8126,Wan'Dale,Robinson,NYG,WR,Active,0
787469482338717696,NCAA PIONEER,787469482338717697,2,24,36,455753261765357568,6,8132,Tyler,Allgeier,ATL,RB,Active,0
787469482338717696,NCAA PIONEER,787469482338717697,3,25,49,468638573403303936,2,8139,Zamir,White,LV,RB,Active,0
787469482338717696,NCAA PIONEER,787469482338717697,3,26,50,439351925129867264,4,8117,Jalen,Tolbert,DAL,WR,Active,0
787469482338717696,NCAA PIONEER,787469482338717697,3,27,51,432164755709370368,5,8164,Matt,Corral,CAR,QB,Active,0
787469482338717696,NCAA PIONEER,787469482338717697,3,28,52,459110344502013952,3,8221,Keaontay,Ingram,ARI,RB,Active,0
787469482338717696,NCAA PIONEER,787469482338717697,3,29,53,398884413687001088,7,8154,Brian,Robinson,WAS,RB,Active,0
787469482338717696,NCAA PIONEER,787469482338717697,3,30,54,602687087556231168,9,8123,Hassan,Haskins,TEN,RB,Active,0
787469482338717696,NCAA PIONEER,787469482338717697,3,31,55,475385751685558272,10,8219,Jelani,Woods,IND,TE,Active,0
787469482338717696,NCAA PIONEER,787469482338717697,3,32,56,437042046633504768,11,8121,Romeo,Doubs,GB,WR,Active,0
787469482338717696,NCAA PIONEER,787469482338717697,3,33,57,439351925129867264,4,8188,Tyquan,Thornton,NE,WR,Active,0
787469482338717696,NCAA PIONEER,787469482338717697,3,34,58,439351925129867264,4,8116,Pierre,Strong,NE,RB,Active,0
787469482338717696,NCAA PIONEER,787469482338717697,3,35,59,439351925129867264,4,8134,Khalil,Shakir,BUF,WR,Active,0
787469482338717696,NCAA PIONEER,787469482338717697,3,36,60,455753261765357568,6,8150,Kyren,Williams,LAR,RB,Active,0
787469482338717696,NCAA PIONEER,787469482338717697,4,37,73,468638573403303936,2,8223,Velus,Jones,CHI,WR,Active,0
787469482338717696,NCAA PIONEER,787469482338717697,4,38,74,439351925129867264,4,8225,Daniel,Bellinger,NYG,TE,Active,0
787469482338717696,NCAA PIONEER,787469482338717697,4,39,75,432164755709370368,5,8172,Greg,Dulcich,DEN,TE,Active,0
787469482338717696,NCAA PIONEER,787469482338717697,4,40,76,459110344502013952,3,8205,Isaih,Pacheco,KC,RB,Active,0
787469482338717696,NCAA PIONEER,787469482338717697,4,41,77,398884413687001088,7,8208,Tyler,Badie,BAL,RB,Active,0
787469482338717696,NCAA PIONEER,787469482338717697,4,42,78,602687087556231168,9,8162,Sam,Howell,WAS,QB,Active,0
787469482338717696,NCAA PIONEER,787469482338717697,4,43,79,475385751685558272,10,8258,Cade,York,CLE,K,Active,0
787469482338717696,NCAA PIONEER,787469482338717697,4,44,80,437042046633504768,11,8179,Snoop,Conner,JAX,RB,Active,0
787469482338717696,NCAA PIONEER,787469482338717697,4,45,81,339931221767249920,8,8125,Calvin,Austin,PIT,WR,Active,0
787469482338717696,NCAA PIONEER,787469482338717697,4,46,82,439351925129867264,4,8176,Danny,Gray,SF,WR,Active,0
787469482338717696,NCAA PIONEER,787469482338717697,4,47,83,439351925129867264,4,8171,Kyle,Philips,TEN,WR,Active,0
787469482338717696,NCAA PIONEER,787469482338717697,4,48,84,455753261765357568,6,8204,Bo,Melton,SEA,WR,Active,0
787469399828365312,NCAA IVY,787469399828365313,1,1,1,570803989783429120,4,8155,Breece,Hall,NYJ,RB,Active,0
787469399828365312,NCAA IVY,787469399828365313,1,2,2,446519431196045312,9,8151,Ken,Walker,SEA,RB,Active,0
787469399828365312,NCAA IVY,787469399828365313,1,3,3,461688192555282432,8,8112,Drake,London,ATL,WR,Active,0
787469399828365312,NCAA IVY,787469399828365313,1,4,4,826571292240109568,7,8135,Treylon,Burks,TEN,WR,Active,0
787469399828365312,NCAA IVY,787469399828365313,1,5,5,826571292240109568,7,8144,Chris,Olave,NO,WR,Active,0
787469399828365312,NCAA IVY,787469399828365313,1,6,6,460895027179024384,11,8146,Garrett,Wilson,NYJ,WR,Active,0
787469399828365312,NCAA IVY,787469399828365313,1,7,7,461688192555282432,8,8138,James,Cook,BUF,RB,Active,0
787469399828365312,NCAA IVY,787469399828365313,1,8,8,395321276102627328,5,8148,Jameson,Williams,DET,WR,Active,0
787469399828365312,NCAA IVY,787469399828365313,1,9,9,570803989783429120,4,8167,Christian,Watson,GB,WR,Active,0
787469399828365312,NCAA IVY,787469399828365313,1,10,10,461688192555282432,8,8153,Isaiah,Spiller,LAC,RB,Active,0
787469399828365312,NCAA IVY,787469399828365313,1,11,11,463212708402032640,2,8137,George,Pickens,PIT,WR,Active,0
787469399828365312,NCAA IVY,787469399828365313,1,12,12,446519431196045312,9,8168,Skyy,Moore,KC,WR,Active,0
787469399828365312,NCAA IVY,787469399828365313,2,13,25,587867701595119616,10,8129,Dameon,Pierce,HOU,RB,Active,0
787469399828365312,NCAA IVY,787469399828365313,2,14,26,480124073456693248,3,8119,Jahan,Dotson,WAS,WR,Active,0
787469399828365312,NCAA IVY,787469399828365313,2,15,27,461688192555282432,8,8136,Rachaad,White,TB,RB,Active,0
787469399828365312,NCAA IVY,787469399828365313,2,16,28,570803989783429120,4,8130,Trey,McBride,ARI,TE,Active,0
787469399828365312,NCAA IVY,787469399828365313,2,17,29,460895027179024384,11,8118,David,Bell,CLE,WR,Active,0
787469399828365312,NCAA IVY,787469399828365313,2,18,30,587867701595119616,10,8160,Kenny,Pickett,PIT,QB,Active,0
787469399828365312,NCAA IVY,787469399828365313,2,19,31,464595147808567296,12,8132,Tyler,Allgeier,ATL,RB,Active,0
787469399828365312,NCAA IVY,787469399828365313,2,20,32,464595147808567296,12,8147,John,Metchie,HOU,WR,Active,0
787469399828365312,NCAA IVY,787469399828365313,2,21,33,461688192555282432,8,8142,Alec,Pierce,IND,WR,Active,0
787469399828365312,NCAA IVY,787469399828365313,2,22,34,570803989783429120,4,8117,Jalen,Tolbert,DAL,WR,Active,0
787469399828365312,NCAA IVY,787469399828365313,2,23,35,460895027179024384,11,8219,Jelani,Woods,IND,TE,Active,0
787469399828365312,NCAA IVY,787469399828365313,2,24,36,446519431196045312,9,8139,Zamir,White,LV,RB,Active,0
787469399828365312,NCAA IVY,787469399828365313,3,25,49,461688192555282432,8,8161,Malik,Willis,TEN,QB,Active,0
787469399828365312,NCAA IVY,787469399828365313,3,26,50,570803989783429120,4,8126,Wan'Dale,Robinson,NYG,WR,Active,0
787469399828365312,NCAA IVY,787469399828365313,3,27,51,461688192555282432,8,8154,Brian,Robinson,WAS,RB,Active,0
787469399828365312,NCAA IVY,787469399828365313,3,28,52,470912510262767616,1,8140,Justyn,Ross,KC,WR,Active,0
787469399828365312,NCAA IVY,787469399828365313,3,29,53,480124073456693248,3,8211,Tyrion,Davis-Price,SF,RB,Active,0
787469399828365312,NCAA IVY,787469399828365313,3,30,54,460895027179024384,11,8221,Keaontay,Ingram,ARI,RB,Active,0
787469399828365312,NCAA IVY,787469399828365313,3,31,55,570803989783429120,4,8188,Tyquan,Thornton,NE,WR,Active,0
787469399828365312,NCAA IVY,787469399828365313,3,32,56,395321276102627328,5,8159,Desmond,Ridder,ATL,QB,Active,0
787469399828365312,NCAA IVY,787469399828365313,3,33,57,480124073456693248,3,8150,Kyren,Williams,LAR,RB,Active,0
787469399828365312,NCAA IVY,787469399828365313,3,34,58,470912510262767616,1,8121,Romeo,Doubs,GB,WR,Active,0
787469399828365312,NCAA IVY,787469399828365313,3,35,59,463212708402032640,2,8164,Matt,Corral,CAR,QB,Active,0
787469399828365312,NCAA IVY,787469399828365313,3,36,60,446519431196045312,9,8116,Pierre,Strong,NE,RB,Active,0
787469399828365312,NCAA IVY,787469399828365313,4,37,73,826571292240109568,7,8125,Calvin,Austin,PIT,WR,Active,0
787469399828365312,NCAA IVY,787469399828365313,4,38,74,508415252621357056,6,8223,Velus,Jones,CHI,WR,Active,0
787469399828365312,NCAA IVY,787469399828365313,4,39,75,460895027179024384,11,8205,Isaih,Pacheco,KC,RB,Active,0
787469399828365312,NCAA IVY,787469399828365313,4,40,76,570803989783429120,4,8172,Greg,Dulcich,DEN,TE,Active,0
787469399828365312,NCAA IVY,787469399828365313,4,41,77,570803989783429120,4,8176,Danny,Gray,SF,WR,Active,0
787469399828365312,NCAA IVY,787469399828365313,4,42,78,460895027179024384,11,8208,Tyler,Badie,BAL,RB,Active,0
787469399828365312,NCAA IVY,787469399828365313,4,43,79,460895027179024384,11,8171,Kyle,Philips,TEN,WR,Active,0
787469399828365312,NCAA IVY,787469399828365313,4,44,80,464595147808567296,12,8179,Snoop,Conner,JAX,RB,Active,0
787469399828365312,NCAA IVY,787469399828365313,4,45,81,480124073456693248,3,8145,Jeremy,Ruckert,NYJ,TE,Active,0
787469399828365312,NCAA IVY,787469399828365313,4,46,82,470912510262767616,1,8225,Daniel,Bellinger,NYG,TE,Active,0
787469399828365312,NCAA IVY,787469399828365313,4,47,83,463212708402032640,2,8230,Ty,Chandler,MIN,RB,Active,0
787469399828365312,NCAA IVY,787469399828365313,4,48,84,446519431196045312,9,8162,Sam,Howell,WAS,QB,Active,0
787469368543035392,NCAA USA,787469368543035393,1,1,1,560611777479667712,6,8155,Breece,Hall,NYJ,RB,Active,0
787469368543035392,NCAA USA,787469368543035393,1,2,2,720107653187047424,5,8151,Ken,Walker,SEA,RB,Active,0
787469368543035392,NCAA USA,787469368543035393,1,3,3,389658700735868928,1,8112,Drake,London,ATL,WR,Active,0
787469368543035392,NCAA USA,787469368543035393,1,4,4,464625836192952320,2,8146,Garrett,Wilson,NYJ,WR,Active,0
787469368543035392,NCAA USA,787469368543035393,1,5,5,692542511834558464,4,8167,Christian,Watson,GB,WR,Active,0
787469368543035392,NCAA USA,787469368543035393,1,6,6,720107653187047424,5,8135,Treylon,Burks,TEN,WR,Active,0
787469368543035392,NCAA USA,787469368543035393,1,7,7,650627977721245696,12,8144,Chris,Olave,NO,WR,Active,0
787469368543035392,NCAA USA,787469368543035393,1,8,8,720107653187047424,5,8148,Jameson,Williams,DET,WR,Active,0
787469368543035392,NCAA USA,787469368543035393,1,9,9,725895632845357056,11,8138,James,Cook,BUF,RB,Active,0
787469368543035392,NCAA USA,787469368543035393,1,10,10,560611777479667712,6,8160,Kenny,Pickett,PIT,QB,Active,0
787469368543035392,NCAA USA,787469368543035393,1,11,11,590358219562455040,10,8137,George,Pickens,PIT,WR,Active,0
787469368543035392,NCAA USA,787469368543035393,1,12,12,605439246030925824,8,8168,Skyy,Moore,KC,WR,Active,0
787469368543035392,NCAA USA,787469368543035393,2,13,25,560611777479667712,6,8136,Rachaad,White,TB,RB,Active,0
787469368543035392,NCAA USA,787469368543035393,2,14,26,720107653187047424,5,8119,Jahan,Dotson,WAS,WR,Active,0
787469368543035392,NCAA USA,787469368543035393,2,15,27,389658700735868928,1,8129,Dameon,Pierce,HOU,RB,Active,0
787469368543035392,NCAA USA,787469368543035393,2,16,28,464625836192952320,2,8142,Alec,Pierce,IND,WR,Active,0
787469368543035392,NCAA USA,787469368543035393,2,17,29,560611777479667712,6,8132,Tyler,Allgeier,ATL,RB,Active,0
787469368543035392,NCAA USA,787469368543035393,2,18,30,651857322645241856,7,8153,Isaiah,Spiller,LAC,RB,Active,0
787469368543035392,NCAA USA,787469368543035393,2,19,31,720107653187047424,5,8118,David,Bell,CLE,WR,Active,0
787469368543035392,NCAA USA,787469368543035393,2,20,32,560611777479667712,6,8221,Keaontay,Ingram,ARI,RB,Active,0
787469368543035392,NCAA USA,787469368543035393,2,21,33,720107653187047424,5,8139,Zamir,White,LV,RB,Active,0
787469368543035392,NCAA USA,787469368543035393,2,22,34,826900217294094336,9,8147,John,Metchie,HOU,WR,Active,0
787469368543035392,NCAA USA,787469368543035393,2,23,35,590358219562455040,10,8130,Trey,McBride,ARI,TE,Active,0
787469368543035392,NCAA USA,787469368543035393,2,24,36,89528070197100544,3,8154,Brian,Robinson,WAS,RB,Active,0
787469368543035392,NCAA USA,787469368543035393,3,25,49,389658700735868928,1,8211,Tyrion,Davis-Price,SF,RB,Active,0
787469368543035392,NCAA USA,787469368543035393,3,26,50,720107653187047424,5,8117,Jalen,Tolbert,DAL,WR,Active,0
787469368543035392,NCAA USA,787469368543035393,3,27,51,560611777479667712,6,8121,Romeo,Doubs,GB,WR,Active,0
787469368543035392,NCAA USA,787469368543035393,3,28,52,464625836192952320,2,8159,Desmond,Ridder,ATL,QB,Active,0
787469368543035392,NCAA USA,787469368543035393,3,29,53,692542511834558464,4,8140,Justyn,Ross,KC,WR,Active,0
787469368543035392,NCAA USA,787469368543035393,3,30,54,651857322645241856,7,8123,Hassan,Haskins,TEN,RB,Active,0
787469368543035392,NCAA USA,787469368543035393,3,31,55,650627977721245696,12,8172,Greg,Dulcich,DEN,TE,Active,0
787469368543035392,NCAA USA,787469368543035393,3,32,56,605439246030925824,8,8219,Jelani,Woods,IND,TE,Active,0
787469368543035392,NCAA USA,787469368543035393,3,33,57,725895632845357056,11,8161,Malik,Willis,TEN,QB,Active,0
787469368543035392,NCAA USA,787469368543035393,3,34,58,826900217294094336,9,8134,Khalil,Shakir,BUF,WR,Active,0
787469368543035392,NCAA USA,787469368543035393,3,35,59,590358219562455040,10,8116,Pierre,Strong,NE,RB,Active,0
787469368543035392,NCAA USA,787469368543035393,3,36,60,605439246030925824,8,8223,Velus,Jones,CHI,WR,Active,0
787469368543035392,NCAA USA,787469368543035393,4,37,73,590358219562455040,10,8188,Tyquan,Thornton,NE,WR,Active,0
787469368543035392,NCAA USA,787469368543035393,4,38,74,720107653187047424,5,8164,Matt,Corral,CAR,QB,Active,0
787469368543035392,NCAA USA,787469368543035393,4,39,75,560611777479667712,6,8162,Sam,Howell,WAS,QB,Active,0
787469368543035392,NCAA USA,787469368543035393,4,40,76,464625836192952320,2,8125,Calvin,Austin,PIT,WR,Active,0
787469368543035392,NCAA USA,787469368543035393,4,41,77,692542511834558464,4,8205,Isaih,Pacheco,KC,RB,Active,0
787469368543035392,NCAA USA,787469368543035393,4,42,78,651857322645241856,7,8150,Kyren,Williams,LAR,RB,Active,0
787469368543035392,NCAA USA,787469368543035393,4,43,79,650627977721245696,12,8115,Jalen,Wydermyer,BUF,TE,Active,0
787469368543035392,NCAA USA,787469368543035393,4,44,80,89528070197100544,3,8258,Cade,York,CLE,K,Active,0
787469368543035392,NCAA USA,787469368543035393,4,45,81,725895632845357056,11,8145,Jeremy,Ruckert,NYJ,TE,Active,0
787469368543035392,NCAA USA,787469368543035393,4,46,82,826900217294094336,9,8208,Tyler,Badie,BAL,RB,Active,0
787469368543035392,NCAA USA,787469368543035393,4,47,83,590358219562455040,10,8179,Snoop,Conner,JAX,RB,Active,0
787469368543035392,NCAA USA,787469368543035393,4,48,84,605439246030925824,8,8230,Ty,Chandler,MIN,RB,Active,0
787428947523657728,NCAA BIG SKY,787428947523657729,1,1,1,437413803001376768,8,8155,Breece,Hall,NYJ,RB,Active,0
787428947523657728,NCAA BIG SKY,787428947523657729,1,2,2,437413803001376768,8,8151,Ken,Walker,SEA,RB,Active,0
787428947523657728,NCAA BIG SKY,787428947523657729,1,3,3,519767126595325952,12,8112,Drake,London,ATL,WR,Active,0
787428947523657728,NCAA BIG SKY,787428947523657729,1,4,4,437413803001376768,8,8146,Garrett,Wilson,NYJ,WR,Active,0
787428947523657728,NCAA BIG SKY,787428947523657729,1,5,5,424793511431262208,6,8138,James,Cook,BUF,RB,Active,0
787428947523657728,NCAA BIG SKY,787428947523657729,1,6,6,891425488877494272,1,8135,Treylon,Burks,TEN,WR,Active,0
787428947523657728,NCAA BIG SKY,787428947523657729,1,7,7,437413803001376768,8,8144,Chris,Olave,NO,WR,Active,0
787428947523657728,NCAA BIG SKY,787428947523657729,1,8,8,437413803001376768,8,8148,Jameson,Williams,DET,WR,Active,0
787428947523657728,NCAA BIG SKY,787428947523657729,1,9,9,437413803001376768,8,8167,Christian,Watson,GB,WR,Active,0
787428947523657728,NCAA BIG SKY,787428947523657729,1,10,10,449327253101211648,3,8129,Dameon,Pierce,HOU,RB,Active,0
787428947523657728,NCAA BIG SKY,787428947523657729,1,11,11,465934519652839424,5,8168,Skyy,Moore,KC,WR,Active,0
787428947523657728,NCAA BIG SKY,787428947523657729,1,12,12,519767126595325952,12,8136,Rachaad,White,TB,RB,Active,0
787428947523657728,NCAA BIG SKY,787428947523657729,2,13,25,437413803001376768,8,8137,George,Pickens,PIT,WR,Active,0
787428947523657728,NCAA BIG SKY,787428947523657729,2,14,26,519439276311531520,4,8130,Trey,McBride,ARI,TE,Active,0
787428947523657728,NCAA BIG SKY,787428947523657729,2,15,27,449327253101211648,3,8118,David,Bell,CLE,WR,Active,0
787428947523657728,NCAA BIG SKY,787428947523657729,2,16,28,439255136309604352,2,8153,Isaiah,Spiller,LAC,RB,Active,0
787428947523657728,NCAA BIG SKY,787428947523657729,2,17,29,424793511431262208,6,8161,Malik,Willis,TEN,QB,Active,0
787428947523657728,NCAA BIG SKY,787428947523657729,2,18,30,519439276311531520,4,8132,Tyler,Allgeier,ATL,RB,Active,0
787428947523657728,NCAA BIG SKY,787428947523657729,2,19,31,891425488877494272,1,8119,Jahan,Dotson,WAS,WR,Active,0
787428947523657728,NCAA BIG SKY,787428947523657729,2,20,32,78892531970359296,7,8154,Brian,Robinson,WAS,RB,Active,0
787428947523657728,NCAA BIG SKY,787428947523657729,2,21,33,439255136309604352,2,8126,Wan'Dale,Robinson,NYG,WR,Active,0
787428947523657728,NCAA BIG SKY,787428947523657729,2,22,34,450023004458446848,10,8147,John,Metchie,HOU,WR,Active,0
787428947523657728,NCAA BIG SKY,787428947523657729,2,23,35,465934519652839424,5,8160,Kenny,Pickett,PIT,QB,Active,0
787428947523657728,NCAA BIG SKY,787428947523657729,2,24,36,465934519652839424,5,8142,Alec,Pierce,IND,WR,Active,0
787428947523657728,NCAA BIG SKY,787428947523657729,3,25,49,437413803001376768,8,8139,Zamir,White,LV,RB,Active,0
787428947523657728,NCAA BIG SKY,787428947523657729,3,26,50,448641292377780224,9,8143,Jerome,Ford,CLE,RB,Active,0
787428947523657728,NCAA BIG SKY,787428947523657729,3,27,51,449327253101211648,3,8117,Jalen,Tolbert,DAL,WR,Active,0
787428947523657728,NCAA BIG SKY,787428947523657729,3,28,52,439255136309604352,2,8150,Kyren,Williams,LAR,RB,Active,0
787428947523657728,NCAA BIG SKY,787428947523657729,3,29,53,424793511431262208,6,8172,Greg,Dulcich,DEN,TE,Active,0
787428947523657728,NCAA BIG SKY,787428947523657729,3,30,54,519439276311531520,4,8219,Jelani,Woods,IND,TE,Active,0
787428947523657728,NCAA BIG SKY,787428947523657729,3,31,55,891425488877494272,1,8221,Keaontay,Ingram,ARI,RB,Active,0
787428947523657728,NCAA BIG SKY,787428947523657729,3,32,56,78892531970359296,7,8211,Tyrion,Davis-Price,SF,RB,Active,0
787428947523657728,NCAA BIG SKY,787428947523657729,3,33,57,437413803001376768,8,8123,Hassan,Haskins,TEN,RB,Active,0
787428947523657728,NCAA BIG SKY,787428947523657729,3,34,58,437413803001376768,8,8205,Isaih,Pacheco,KC,RB,Active,0
787428947523657728,NCAA BIG SKY,787428947523657729,3,35,59,465934519652839424,5,8116,Pierre,Strong,NE,RB,Active,0
787428947523657728,NCAA BIG SKY,787428947523657729,3,36,60,439255136309604352,2,8140,Justyn,Ross,KC,WR,Active,0
787428947523657728,NCAA BIG SKY,787428947523657729,4,37,73,78892531970359296,7,8121,Romeo,Doubs,GB,WR,Active,0
787428947523657728,NCAA BIG SKY,787428947523657729,4,38,74,448641292377780224,9,8258,Cade,York,CLE,K,Active,0
787428947523657728,NCAA BIG SKY,787428947523657729,4,39,75,449327253101211648,3,8190,Abram,Smith,NO,RB,Active,0
787428947523657728,NCAA BIG SKY,787428947523657729,4,40,76,424793511431262208,6,8159,Desmond,Ridder,ATL,QB,Active,0
787428947523657728,NCAA BIG SKY,787428947523657729,4,41,77,424793511431262208,6,8184,D'Vonte,Price,IND,RB,Active,0
787428947523657728,NCAA BIG SKY,787428947523657729,4,42,78,519439276311531520,4,8164,Matt,Corral,CAR,QB,Active,0
787428947523657728,NCAA BIG SKY,787428947523657729,4,43,79,604388962898866176,11,8134,Khalil,Shakir,BUF,WR,Active,0
787428947523657728,NCAA BIG SKY,787428947523657729,4,44,80,78892531970359296,7,8171,Kyle,Philips,TEN,WR,Active,0
787428947523657728,NCAA BIG SKY,787428947523657729,4,45,81,450023004458446848,10,8188,Tyquan,Thornton,NE,WR,Active,0
787428947523657728,NCAA BIG SKY,787428947523657729,4,46,82,439255136309604352,2,8125,Calvin,Austin,PIT,WR,Active,0
787428947523657728,NCAA BIG SKY,787428947523657729,4,47,83,465934519652839424,5,8223,Velus,Jones,CHI,WR,Active,0
787428947523657728,NCAA BIG SKY,787428947523657729,4,48,84,448641292377780224,9,8202,Michael,Woods,CLE,WR,Active,0
787428905404465152,NCAA SUN BELT,787428905404465153,1,1,1,465297932204109824,12,8155,Breece,Hall,NYJ,RB,Active,0
787428905404465152,NCAA SUN BELT,787428905404465153,1,2,2,380128482900062208,9,8135,Treylon,Burks,TEN,WR,Active,0
787428905404465152,NCAA SUN BELT,787428905404465153,1,3,3,547214728132608000,7,8112,Drake,London,ATL,WR,Active,0
787428905404465152,NCAA SUN BELT,787428905404465153,1,4,4,380128482900062208,9,8146,Garrett,Wilson,NYJ,WR,Active,0
787428905404465152,NCAA SUN BELT,787428905404465153,1,5,5,547214728132608000,7,8151,Ken,Walker,SEA,RB,Active,0
787428905404465152,NCAA SUN BELT,787428905404465153,1,6,6,461681329860243456,11,8144,Chris,Olave,NO,WR,Active,0
787428905404465152,NCAA SUN BELT,787428905404465153,1,7,7,546466738316963840,5,8148,Jameson,Williams,DET,WR,Active,0
787428905404465152,NCAA SUN BELT,787428905404465153,1,8,8,441362521463451648,8,8168,Skyy,Moore,KC,WR,Active,0
787428905404465152,NCAA SUN BELT,787428905404465153,1,9,9,380128482900062208,9,8129,Dameon,Pierce,HOU,RB,Active,0
787428905404465152,NCAA SUN BELT,787428905404465153,1,10,10,547214728132608000,7,8167,Christian,Watson,GB,WR,Active,0
787428905404465152,NCAA SUN BELT,787428905404465153,1,11,11,380128482900062208,9,8137,George,Pickens,PIT,WR,Active,0
787428905404465152,NCAA SUN BELT,787428905404465153,1,12,12,380128482900062208,9,8119,Jahan,Dotson,WAS,WR,Active,0
787428905404465152,NCAA SUN BELT,787428905404465153,2,13,25,465297932204109824,12,8138,James,Cook,BUF,RB,Active,0
787428905404465152,NCAA SUN BELT,787428905404465153,2,14,26,465019661495300096,6,8136,Rachaad,White,TB,RB,Active,0
787428905404465152,NCAA SUN BELT,787428905404465153,2,15,27,380128482900062208,9,8118,David,Bell,CLE,WR,Active,0
787428905404465152,NCAA SUN BELT,787428905404465153,2,16,28,546466738316963840,5,8147,John,Metchie,HOU,WR,Active,0
787428905404465152,NCAA SUN BELT,787428905404465153,2,17,29,441330448283463680,10,8153,Isaiah,Spiller,LAC,RB,Active,0
787428905404465152,NCAA SUN BELT,787428905404465153,2,18,30,461681329860243456,11,8142,Alec,Pierce,IND,WR,Active,0
787428905404465152,NCAA SUN BELT,787428905404465153,2,19,31,547214728132608000,7,8126,Wan'Dale,Robinson,NYG,WR,Active,0
787428905404465152,NCAA SUN BELT,787428905404465153,2,20,32,441362521463451648,8,8117,Jalen,Tolbert,DAL,WR,Active,0
787428905404465152,NCAA SUN BELT,787428905404465153,2,21,33,547214728132608000,7,8211,Tyrion,Davis-Price,SF,RB,Active,0
787428905404465152,NCAA SUN BELT,787428905404465153,2,22,34,465019661495300096,6,8139,Zamir,White,LV,RB,Active,0
787428905404465152,NCAA SUN BELT,787428905404465153,2,23,35,441330448283463680,10,8160,Kenny,Pickett,PIT,QB,Active,0
787428905404465152,NCAA SUN BELT,787428905404465153,2,24,36,546466738316963840,5,8132,Tyler,Allgeier,ATL,RB,Active,0
787428905404465152,NCAA SUN BELT,787428905404465153,3,25,49,441362521463451648,8,8130,Trey,McBride,ARI,TE,Active,0
787428905404465152,NCAA SUN BELT,787428905404465153,3,26,50,547214728132608000,7,8219,Jelani,Woods,IND,TE,Active,0
787428905404465152,NCAA SUN BELT,787428905404465153,3,27,51,465019661495300096,6,8134,Khalil,Shakir,BUF,WR,Active,0
787428905404465152,NCAA SUN BELT,787428905404465153,3,28,52,465297932204109824,12,8121,Romeo,Doubs,GB,WR,Active,0
787428905404465152,NCAA SUN BELT,787428905404465153,3,29,53,546466738316963840,5,8125,Calvin,Austin,PIT,WR,Active,0
787428905404465152,NCAA SUN BELT,787428905404465153,3,30,54,465019661495300096,6,8140,Justyn,Ross,KC,WR,Active,0
787428905404465152,NCAA SUN BELT,787428905404465153,3,31,55,481957045667360768,3,8188,Tyquan,Thornton,NE,WR,Active,0
787428905404465152,NCAA SUN BELT,787428905404465153,3,32,56,441362521463451648,8,8159,Desmond,Ridder,ATL,QB,Active,0
787428905404465152,NCAA SUN BELT,787428905404465153,3,33,57,465297932204109824,12,8221,Keaontay,Ingram,ARI,RB,Active,0
787428905404465152,NCAA SUN BELT,787428905404465153,3,34,58,429733810611949568,1,8223,Velus,Jones,CHI,WR,Active,0
787428905404465152,NCAA SUN BELT,787428905404465153,3,35,59,441330448283463680,10,8123,Hassan,Haskins,TEN,RB,Active,0
787428905404465152,NCAA SUN BELT,787428905404465153,3,36,60,547214728132608000,7,8164,Matt,Corral,CAR,QB,Active,0
787428905404465152,NCAA SUN BELT,787428905404465153,4,37,73,465297932204109824,12,8205,Isaih,Pacheco,KC,RB,Active,0
787428905404465152,NCAA SUN BELT,787428905404465153,4,38,74,465019661495300096,6,8150,Kyren,Williams,LAR,RB,Active,0
787428905404465152,NCAA SUN BELT,787428905404465153,4,39,75,380128482900062208,9,8172,Greg,Dulcich,DEN,TE,Active,0
787428905404465152,NCAA SUN BELT,787428905404465153,4,40,76,547214728132608000,7,8179,Snoop,Conner,JAX,RB,Active,0
787428905404465152,NCAA SUN BELT,787428905404465153,4,41,77,546466738316963840,5,8116,Pierre,Strong,NE,RB,Active,0
787428905404465152,NCAA SUN BELT,787428905404465153,4,42,78,546466738316963840,5,8171,Kyle,Philips,TEN,WR,Active,0
787428905404465152,NCAA SUN BELT,787428905404465153,4,43,79,481957045667360768,3,8225,Daniel,Bellinger,NYG,TE,Active,0
787428905404465152,NCAA SUN BELT,787428905404465153,4,44,80,441362521463451648,8,8258,Cade,York,CLE,K,Active,0
787428905404465152,NCAA SUN BELT,787428905404465153,4,45,81,461681329860243456,11,8208,Tyler,Badie,BAL,RB,Active,0
787428905404465152,NCAA SUN BELT,787428905404465153,4,46,82,429733810611949568,1,8143,Jerome,Ford,CLE,RB,Active,0
787428905404465152,NCAA SUN BELT,787428905404465153,4,47,83,441330448283463680,10,8111,Cade,Otton,TB,TE,Active,0
787428905404465152,NCAA SUN BELT,787428905404465153,4,48,84,458650904741015552,2,8230,Ty,Chandler,MIN,RB,Active,0
787428859766263808,NCAA SEC,787428859766263809,1,1,1,461680102409760768,7,8155,Breece,Hall,NYJ,RB,Active,0
787428859766263808,NCAA SEC,787428859766263809,1,2,2,560284880620699648,11,8151,Ken,Walker,SEA,RB,Active,0
787428859766263808,NCAA SEC,787428859766263809,1,3,3,457957045534978048,3,8112,Drake,London,ATL,WR,Active,0
787428859766263808,NCAA SEC,787428859766263809,1,4,4,441458152391569408,1,8167,Christian,Watson,GB,WR,Active,0
787428859766263808,NCAA SEC,787428859766263809,1,5,5,749707909142802432,8,8135,Treylon,Burks,TEN,WR,Active,0
787428859766263808,NCAA SEC,787428859766263809,1,6,6,445468333035220992,12,8148,Jameson,Williams,DET,WR,Active,0
787428859766263808,NCAA SEC,787428859766263809,1,7,7,692038679077650432,2,8146,Garrett,Wilson,NYJ,WR,Active,0
787428859766263808,NCAA SEC,787428859766263809,1,8,8,510556455562792960,6,8144,Chris,Olave,NO,WR,Active,0
787428859766263808,NCAA SEC,787428859766263809,1,9,9,510483000784015360,10,8168,Skyy,Moore,KC,WR,Active,0
787428859766263808,NCAA SEC,787428859766263809,1,10,10,560284880620699648,11,8137,George,Pickens,PIT,WR,Active,0
787428859766263808,NCAA SEC,787428859766263809,1,11,11,562032371824951296,5,8138,James,Cook,BUF,RB,Active,0
787428859766263808,NCAA SEC,787428859766263809,1,12,12,445468333035220992,12,8119,Jahan,Dotson,WAS,WR,Active,0
787428859766263808,NCAA SEC,787428859766263809,2,13,25,461680102409760768,7,8147,John,Metchie,HOU,WR,Active,0
787428859766263808,NCAA SEC,787428859766263809,2,14,26,560284880620699648,11,8153,Isaiah,Spiller,LAC,RB,Active,0
787428859766263808,NCAA SEC,787428859766263809,2,15,27,457957045534978048,3,8129,Dameon,Pierce,HOU,RB,Active,0
787428859766263808,NCAA SEC,787428859766263809,2,16,28,441458152391569408,1,8211,Tyrion,Davis-Price,SF,RB,Active,0
787428859766263808,NCAA SEC,787428859766263809,2,17,29,749707909142802432,8,8136,Rachaad,White,TB,RB,Active,0
787428859766263808,NCAA SEC,787428859766263809,2,18,30,510556455562792960,6,8118,David,Bell,CLE,WR,Active,0
787428859766263808,NCAA SEC,787428859766263809,2,19,31,692038679077650432,2,8117,Jalen,Tolbert,DAL,WR,Active,0
787428859766263808,NCAA SEC,787428859766263809,2,20,32,510556455562792960,6,8132,Tyler,Allgeier,ATL,RB,Active,0
787428859766263808,NCAA SEC,787428859766263809,2,21,33,441458152391569408,1,8134,Khalil,Shakir,BUF,WR,Active,0
787428859766263808,NCAA SEC,787428859766263809,2,22,34,560284880620699648,11,8142,Alec,Pierce,IND,WR,Active,0
787428859766263808,NCAA SEC,787428859766263809,2,23,35,562032371824951296,5,8126,Wan'Dale,Robinson,NYG,WR,Active,0
787428859766263808,NCAA SEC,787428859766263809,2,24,36,503639845369802752,9,8140,Justyn,Ross,KC,WR,Active,0
787428859766263808,NCAA SEC,787428859766263809,3,25,49,461680102409760768,7,8139,Zamir,White,LV,RB,Active,0
787428859766263808,NCAA SEC,787428859766263809,3,26,50,560284880620699648,11,8160,Kenny,Pickett,PIT,QB,Active,0
787428859766263808,NCAA SEC,787428859766263809,3,27,51,457957045534978048,3,8154,Brian,Robinson,WAS,RB,Active,0
787428859766263808,NCAA SEC,787428859766263809,3,28,52,441458152391569408,1,8121,Romeo,Doubs,GB,WR,Active,0
787428859766263808,NCAA SEC,787428859766263809,3,29,53,749707909142802432,8,8221,Keaontay,Ingram,ARI,RB,Active,0
787428859766263808,NCAA SEC,787428859766263809,3,30,54,461680102409760768,7,8125,Calvin,Austin,PIT,WR,Active,0
787428859766263808,NCAA SEC,787428859766263809,3,31,55,692038679077650432,2,8159,Desmond,Ridder,ATL,QB,Active,0
787428859766263808,NCAA SEC,787428859766263809,3,32,56,510556455562792960,6,8219,Jelani,Woods,IND,TE,Active,0
787428859766263808,NCAA SEC,787428859766263809,3,33,57,510483000784015360,10,8161,Malik,Willis,TEN,QB,Active,0
787428859766263808,NCAA SEC,787428859766263809,3,34,58,446524535810813952,4,8123,Hassan,Haskins,TEN,RB,Active,0
787428859766263808,NCAA SEC,787428859766263809,3,35,59,562032371824951296,5,8164,Matt,Corral,CAR,QB,Active,0
787428859766263808,NCAA SEC,787428859766263809,3,36,60,461680102409760768,7,8131,Isaiah,Likely,BAL,TE,Active,0
787428859766263808,NCAA SEC,787428859766263809,4,37,73,461680102409760768,7,8162,Sam,Howell,WAS,QB,Active,0
787428859766263808,NCAA SEC,787428859766263809,4,38,74,560284880620699648,11,8223,Velus,Jones,CHI,WR,Active,0
787428859766263808,NCAA SEC,787428859766263809,4,39,75,457957045534978048,3,8172,Greg,Dulcich,DEN,TE,Active,0
787428859766263808,NCAA SEC,787428859766263809,4,40,76,441458152391569408,1,8235,Samori,Toure,GB,WR,Active,0
787428859766263808,NCAA SEC,787428859766263809,4,41,77,749707909142802432,8,8205,Isaih,Pacheco,KC,RB,Active,0
787428859766263808,NCAA SEC,787428859766263809,4,42,78,445468333035220992,12,8190,Abram,Smith,NO,RB,Active,0
787428859766263808,NCAA SEC,787428859766263809,4,43,79,692038679077650432,2,8110,Jake,Ferguson,DAL,TE,Active,0
787428859766263808,NCAA SEC,787428859766263809,4,44,80,510556455562792960,6,8258,Cade,York,CLE,K,Active,0
787428859766263808,NCAA SEC,787428859766263809,4,45,81,510483000784015360,10,8176,Danny,Gray,SF,WR,Active,0
787428859766263808,NCAA SEC,787428859766263809,4,46,82,446524535810813952,4,8208,Tyler,Badie,BAL,RB,Active,0
787428859766263808,NCAA SEC,787428859766263809,4,47,83,562032371824951296,5,8145,Jeremy,Ruckert,NYJ,TE,Active,0
787428859766263808,NCAA SEC,787428859766263809,4,48,84,461680102409760768,7,8116,Pierre,Strong,NE,RB,Active,0
787428826962571264,NCAA BIG 12,787428826962571265,1,1,1,425386065373691904,7,8155,Breece,Hall,NYJ,RB,Active,0
787428826962571264,NCAA BIG 12,787428826962571265,1,2,2,619190004979138560,11,8146,Garrett,Wilson,NYJ,WR,Active,0
787428826962571264,NCAA BIG 12,787428826962571265,1,3,3,446397791615315968,12,8112,Drake,London,ATL,WR,Active,0
787428826962571264,NCAA BIG 12,787428826962571265,1,4,4,619190004979138560,11,8144,Chris,Olave,NO,WR,Active,0
787428826962571264,NCAA BIG 12,787428826962571265,1,5,5,335910160469880832,6,8151,Kenneth,Walker,SEA,RB,Active,0
787428826962571264,NCAA BIG 12,787428826962571265,1,6,6,425386065373691904,7,8135,Treylon,Burks,TEN,WR,Active,0
787428826962571264,NCAA BIG 12,787428826962571265,1,7,7,446397791615315968,12,8148,Jameson,Williams,DET,WR,Active,0
787428826962571264,NCAA BIG 12,787428826962571265,1,8,8,667752373111824384,2,8119,Jahan,Dotson,WAS,WR,Active,0
787428826962571264,NCAA BIG 12,787428826962571265,1,9,9,464117743042424832,5,8137,George,Pickens,PIT,WR,Active,0
787428826962571264,NCAA BIG 12,787428826962571265,1,10,10,425386065373691904,7,8167,Christian,Watson,GB,WR,Active,0
787428826962571264,NCAA BIG 12,787428826962571265,1,11,11,446530486903238656,1,8168,Skyy,Moore,KC,WR,Active,0
787428826962571264,NCAA BIG 12,787428826962571265,1,12,12,464117743042424832,5,8136,Rachaad,White,TB,RB,Active,0
787428826962571264,NCAA BIG 12,787428826962571265,2,13,25,425386065373691904,7,8138,James,Cook,BUF,RB,Active,0
787428826962571264,NCAA BIG 12,787428826962571265,2,14,26,446397791615315968,12,8129,Dameon,Pierce,HOU,RB,Active,0
787428826962571264,NCAA BIG 12,787428826962571265,2,15,27,667752373111824384,2,8147,John,Metchie,HOU,WR,Active,0
787428826962571264,NCAA BIG 12,787428826962571265,2,16,28,619190004979138560,11,8153,Isaiah,Spiller,LAC,RB,Active,0
787428826962571264,NCAA BIG 12,787428826962571265,2,17,29,335910160469880832,6,8132,Tyler,Allgeier,ATL,RB,Active,0
787428826962571264,NCAA BIG 12,787428826962571265,2,18,30,446397791615315968,12,8139,Zamir,White,LV,RB,Active,0
787428826962571264,NCAA BIG 12,787428826962571265,2,19,31,543929284962770944,8,8142,Alec,Pierce,IND,WR,Active,0
787428826962571264,NCAA BIG 12,787428826962571265,2,20,32,667752373111824384,2,8154,Brian,Robinson,WAS,RB,Active,0
787428826962571264,NCAA BIG 12,787428826962571265,2,21,33,453230006181556224,10,8118,David,Bell,CLE,WR,Active,0
787428826962571264,NCAA BIG 12,787428826962571265,2,22,34,425386065373691904,7,8117,Jalen,Tolbert,DAL,WR,Active,0
787428826962571264,NCAA BIG 12,787428826962571265,2,23,35,464117743042424832,5,8126,Wan'Dale,Robinson,NYG,WR,Active,0
787428826962571264,NCAA BIG 12,787428826962571265,2,24,36,464117743042424832,5,8219,Jelani,Woods,IND,TE,Active,0
787428826962571264,NCAA BIG 12,787428826962571265,3,25,49,425386065373691904,7,8121,Romeo,Doubs,GB,WR,Active,0
787428826962571264,NCAA BIG 12,787428826962571265,3,26,50,619190004979138560,11,8188,Tyquan,Thornton,NE,WR,Active,0
787428826962571264,NCAA BIG 12,787428826962571265,3,27,51,446530486903238656,1,8159,Desmond,Ridder,ATL,QB,Active,0
787428826962571264,NCAA BIG 12,787428826962571265,3,28,52,619190004979138560,11,8172,Greg,Dulcich,DEN,TE,Active,0
787428826962571264,NCAA BIG 12,787428826962571265,3,29,53,335910160469880832,6,8223,Velus,Jones,CHI,WR,Active,0
787428826962571264,NCAA BIG 12,787428826962571265,3,30,54,425386065373691904,7,8140,Justyn,Ross,KC,WR,Active,0
787428826962571264,NCAA BIG 12,787428826962571265,3,31,55,453230006181556224,10,8161,Malik,Willis,TEN,QB,Active,0
787428826962571264,NCAA BIG 12,787428826962571265,3,32,56,667752373111824384,2,8123,Hassan,Haskins,TEN,RB,Active,0
787428826962571264,NCAA BIG 12,787428826962571265,3,33,57,543929284962770944,8,8205,Isaih,Pacheco,KC,RB,Active,0
787428826962571264,NCAA BIG 12,787428826962571265,3,34,58,453230006181556224,10,8164,Matt,Corral,CAR,QB,Active,0
787428826962571264,NCAA BIG 12,787428826962571265,3,35,59,453711063846744064,9,8171,Kyle,Philips,TEN,WR,Active,0
787428826962571264,NCAA BIG 12,787428826962571265,3,36,60,425362114291437568,4,8134,Khalil,Shakir,BUF,WR,Active,0
787428826962571264,NCAA BIG 12,787428826962571265,4,37,73,425362114291437568,4,8125,Calvin,Austin,PIT,WR,Active,0
787428826962571264,NCAA BIG 12,787428826962571265,4,38,74,453230006181556224,10,8116,Pierre,Strong,NE,RB,Active,0
787428826962571264,NCAA BIG 12,787428826962571265,4,39,75,446530486903238656,1,8258,Cade,York,CLE,K,Active,0
787428826962571264,NCAA BIG 12,787428826962571265,4,40,76,619190004979138560,11,8162,Sam,Howell,WAS,QB,Active,0
787428826962571264,NCAA BIG 12,787428826962571265,4,41,77,335910160469880832,6,8110,Jake,Ferguson,DAL,TE,Active,0
787428826962571264,NCAA BIG 12,787428826962571265,4,42,78,619190004979138560,11,8145,Jeremy,Ruckert,NYJ,TE,Active,0
787428826962571264,NCAA BIG 12,787428826962571265,4,43,79,446530486903238656,1,8176,Danny,Gray,SF,WR,Active,0
787428826962571264,NCAA BIG 12,787428826962571265,4,44,80,446530486903238656,1,8150,Kyren,Williams,LAR,RB,Active,0
787428826962571264,NCAA BIG 12,787428826962571265,4,45,81,335910160469880832,6,8174,Kevin,Harris,NE,RB,Active,0
787428826962571264,NCAA BIG 12,787428826962571265,4,46,82,619190004979138560,11,8204,Bo,Melton,SEA,WR,Active,0
787428826962571264,NCAA BIG 12,787428826962571265,4,47,83,453711063846744064,9,8143,Jerome,Ford,CLE,RB,Active,0
787428826962571264,NCAA BIG 12,787428826962571265,4,48,84,464117743042424832,5,8120,Jerrion,Ealy,KC,RB,Active,0
787122703772614656,NCAA ACC,787122703772614657,1,1,1,302575527556825088,12,8155,Breece,Hall,NYJ,RB,Active,0
787122703772614656,NCAA ACC,787122703772614657,1,2,2,571754879825395712,1,8112,Drake,London,ATL,WR,Active,0
787122703772614656,NCAA ACC,787122703772614657,1,3,3,468618720470626304,5,8146,Garrett,Wilson,NYJ,WR,Active,0
787122703772614656,NCAA ACC,787122703772614657,1,4,4,468618720470626304,5,8138,James,Cook,BUF,RB,Active,0
787122703772614656,NCAA ACC,787122703772614657,1,5,5,463453800313647104,6,8151,Ken,Walker,SEA,RB,Active,0
787122703772614656,NCAA ACC,787122703772614657,1,6,6,412321968218451968,9,8148,Jameson,Williams,DET,WR,Active,0
787122703772614656,NCAA ACC,787122703772614657,1,7,7,456168604006608896,8,8135,Treylon,Burks,TEN,WR,Active,0
787122703772614656,NCAA ACC,787122703772614657,1,8,8,713189676609003520,10,8144,Chris,Olave,NO,WR,Active,0
787122703772614656,NCAA ACC,787122703772614657,1,9,9,568115266901286912,2,8168,Skyy,Moore,KC,WR,Active,0
787122703772614656,NCAA ACC,787122703772614657,1,10,10,453658285061435392,7,8129,Dameon,Pierce,HOU,RB,Active,0
787122703772614656,NCAA ACC,787122703772614657,1,11,11,713189676609003520,10,8137,George,Pickens,PIT,WR,Active,0
787122703772614656,NCAA ACC,787122703772614657,1,12,12,455836851501002752,4,8167,Christian,Watson,GB,WR,Active,0
787122703772614656,NCAA ACC,787122703772614657,2,13,25,468627640945733632,3,8119,Jahan,Dotson,WAS,WR,Active,0
787122703772614656,NCAA ACC,787122703772614657,2,14,26,571754879825395712,1,8153,Isaiah,Spiller,LAC,RB,Active,0
787122703772614656,NCAA ACC,787122703772614657,2,15,27,455836851501002752,4,8132,Tyler,Allgeier,ATL,RB,Active,0
787122703772614656,NCAA ACC,787122703772614657,2,16,28,302575527556825088,12,8136,Rachaad,White,TB,RB,Active,0
787122703772614656,NCAA ACC,787122703772614657,2,17,29,463453800313647104,6,8147,John,Metchie,HOU,WR,Active,0
787122703772614656,NCAA ACC,787122703772614657,2,18,30,412321968218451968,9,8117,Jalen,Tolbert,DAL,WR,Active,0
787122703772614656,NCAA ACC,787122703772614657,2,19,31,456168604006608896,8,8154,Brian,Robinson,WAS,RB,Active,0
787122703772614656,NCAA ACC,787122703772614657,2,20,32,713189676609003520,10,8160,Kenny,Pickett,PIT,QB,Active,0
787122703772614656,NCAA ACC,787122703772614657,2,21,33,302575527556825088,12,8139,Zamir,White,LV,RB,Active,0
787122703772614656,NCAA ACC,787122703772614657,2,22,34,453658285061435392,7,8118,David,Bell,CLE,WR,Active,0
787122703772614656,NCAA ACC,787122703772614657,2,23,35,302575527556825088,12,8211,Tyrion,Davis-Price,SF,RB,Active,0
787122703772614656,NCAA ACC,787122703772614657,2,24,36,455836851501002752,4,8126,Wan'Dale,Robinson,NYG,WR,Active,0
787122703772614656,NCAA ACC,787122703772614657,3,25,49,468627640945733632,3,8221,Keaontay,Ingram,ARI,RB,Active,0
787122703772614656,NCAA ACC,787122703772614657,3,26,50,571754879825395712,1,8134,Khalil,Shakir,BUF,WR,Active,0
787122703772614656,NCAA ACC,787122703772614657,3,27,51,468618720470626304,5,8208,Tyler,Badie,BAL,RB,Active,0
787122703772614656,NCAA ACC,787122703772614657,3,28,52,568115266901286912,2,8150,Kyren,Williams,LAR,RB,Active,0
787122703772614656,NCAA ACC,787122703772614657,3,29,53,463453800313647104,6,8130,Trey,McBride,ARI,TE,Active,0
787122703772614656,NCAA ACC,787122703772614657,3,30,54,412321968218451968,9,8164,Matt,Corral,CAR,QB,Active,0
787122703772614656,NCAA ACC,787122703772614657,3,31,55,571754879825395712,1,8140,Justyn,Ross,KC,WR,Active,0
787122703772614656,NCAA ACC,787122703772614657,3,32,56,713189676609003520,10,8190,Abram,Smith,NO,RB,Active,0
787122703772614656,NCAA ACC,787122703772614657,3,33,57,568115266901286912,2,8121,Romeo,Doubs,GB,WR,Active,0
787122703772614656,NCAA ACC,787122703772614657,3,34,58,453658285061435392,7,8188,Tyquan,Thornton,NE,WR,Active,0
787122703772614656,NCAA ACC,787122703772614657,3,35,59,302575527556825088,12,8219,Jelani,Woods,IND,TE,Active,0
787122703772614656,NCAA ACC,787122703772614657,3,36,60,455836851501002752,4,8123,Hassan,Haskins,TEN,RB,Active,0
787122703772614656,NCAA ACC,787122703772614657,4,37,73,468627640945733632,3,8116,Pierre,Strong,NE,RB,Active,0
787122703772614656,NCAA ACC,787122703772614657,4,38,74,571754879825395712,1,8223,Velus,Jones,CHI,WR,Active,0
787122703772614656,NCAA ACC,787122703772614657,4,39,75,468618720470626304,5,8258,Cade,York,CLE,K,Active,0
787122703772614656,NCAA ACC,787122703772614657,4,40,76,455836851501002752,4,8161,Malik,Willis,TEN,QB,Active,0
787122703772614656,NCAA ACC,787122703772614657,4,41,77,463453800313647104,6,8172,Greg,Dulcich,DEN,TE,Active,0
787122703772614656,NCAA ACC,787122703772614657,4,42,78,412321968218451968,9,8189,Trestan,Ebner,CHI,RB,Active,0
787122703772614656,NCAA ACC,787122703772614657,4,43,79,456168604006608896,8,8162,Sam,Howell,WAS,QB,Active,0
787122703772614656,NCAA ACC,787122703772614657,4,44,80,455836851501002752,4,8171,Kyle,Philips,TEN,WR,Active,0
787122703772614656,NCAA ACC,787122703772614657,4,45,81,568115266901286912,2,8125,Calvin,Austin,PIT,WR,Active,0
787122703772614656,NCAA ACC,787122703772614657,4,46,82,453658285061435392,7,8179,Snoop,Conner,JAX,RB,Active,0
787122703772614656,NCAA ACC,787122703772614657,4,47,83,568115266901286912,2,8205,Isaih,Pacheco,KC,RB,Active,0
787122703772614656,NCAA ACC,787122703772614657,4,48,84,468627640945733632,3,8225,Daniel,Bellinger,NYG,TE,Active,0
787122632301649920,NCAA PAC 12,787122632301649921,1,1,1,611968410179424256,8,8151,Ken,Walker,SEA,RB,Active,0
787122632301649920,NCAA PAC 12,787122632301649921,1,2,2,597246797479469056,7,8155,Breece,Hall,NYJ,RB,Active,0
787122632301649920,NCAA PAC 12,787122632301649921,1,3,3,76460245878456320,11,8112,Drake,London,ATL,WR,Active,0
787122632301649920,NCAA PAC 12,787122632301649921,1,4,4,519390092788297728,9,8167,Christian,Watson,GB,WR,Active,0
787122632301649920,NCAA PAC 12,787122632301649921,1,5,5,619963570297352192,5,8135,Treylon,Burks,TEN,WR,Active,0
787122632301649920,NCAA PAC 12,787122632301649921,1,6,6,450806182555152384,12,8146,Garrett,Wilson,NYJ,WR,Active,0
787122632301649920,NCAA PAC 12,787122632301649921,1,7,7,470320542868566016,3,8144,Chris,Olave,NO,WR,Active,0
787122632301649920,NCAA PAC 12,787122632301649921,1,8,8,597246797479469056,7,8148,Jameson,Williams,DET,WR,Active,0
787122632301649920,NCAA PAC 12,787122632301649921,1,9,9,477666723663704064,4,8138,James,Cook,BUF,RB,Active,0
787122632301649920,NCAA PAC 12,787122632301649921,1,10,10,477666723663704064,4,8168,Skyy,Moore,KC,WR,Active,0
787122632301649920,NCAA PAC 12,787122632301649921,1,11,11,470320542868566016,3,8129,Dameon,Pierce,HOU,RB,Active,0
787122632301649920,NCAA PAC 12,787122632301649921,1,12,12,338823136923381760,6,8137,George,Pickens,PIT,WR,Active,0
787122632301649920,NCAA PAC 12,787122632301649921,2,13,25,477666723663704064,4,8153,Isaiah,Spiller,LAC,RB,Active,0
787122632301649920,NCAA PAC 12,787122632301649921,2,14,26,519390092788297728,9,8130,Trey,McBride,ARI,TE,Active,0
787122632301649920,NCAA PAC 12,787122632301649921,2,15,27,519390092788297728,9,8119,Jahan,Dotson,WAS,WR,Active,0
787122632301649920,NCAA PAC 12,787122632301649921,2,16,28,519390092788297728,9,8136,Rachaad,White,TB,RB,Active,0
787122632301649920,NCAA PAC 12,787122632301649921,2,17,29,619963570297352192,5,8132,Tyler,Allgeier,ATL,RB,Active,0
787122632301649920,NCAA PAC 12,787122632301649921,2,18,30,519390092788297728,9,8160,Kenny,Pickett,PIT,QB,Active,0
787122632301649920,NCAA PAC 12,787122632301649921,2,19,31,477666723663704064,4,8161,Malik,Willis,TEN,QB,Active,0
787122632301649920,NCAA PAC 12,787122632301649921,2,20,32,597246797479469056,7,8117,Jalen,Tolbert,DAL,WR,Active,0
787122632301649920,NCAA PAC 12,787122632301649921,2,21,33,597246797479469056,7,8142,Alec,Pierce,IND,WR,Active,0
787122632301649920,NCAA PAC 12,787122632301649921,2,22,34,597246797479469056,7,8139,Zamir,White,LV,RB,Active,0
787122632301649920,NCAA PAC 12,787122632301649921,2,23,35,470320542868566016,3,8159,Desmond,Ridder,ATL,QB,Active,0
787122632301649920,NCAA PAC 12,787122632301649921,2,24,36,338823136923381760,6,8147,John,Metchie,HOU,WR,Active,0
787122632301649920,NCAA PAC 12,787122632301649921,3,25,49,611968410179424256,8,8116,Pierre,Strong,NE,RB,Active,0
787122632301649920,NCAA PAC 12,787122632301649921,3,26,50,470320542868566016,3,8154,Brian,Robinson,WAS,RB,Active,0
787122632301649920,NCAA PAC 12,787122632301649921,3,27,51,477666723663704064,4,8211,Tyrion,Davis-Price,SF,RB,Active,0
787122632301649920,NCAA PAC 12,787122632301649921,3,28,52,611968410179424256,8,8125,Calvin,Austin,PIT,WR,Active,0
787122632301649920,NCAA PAC 12,787122632301649921,3,29,53,619963570297352192,5,8219,Jelani,Woods,IND,TE,Active,0
787122632301649920,NCAA PAC 12,787122632301649921,3,30,54,470320542868566016,3,8164,Matt,Corral,CAR,QB,Active,0
787122632301649920,NCAA PAC 12,787122632301649921,3,31,55,597246797479469056,7,8140,Justyn,Ross,KC,WR,Active,0
787122632301649920,NCAA PAC 12,787122632301649921,3,32,56,450806182555152384,12,8123,Hassan,Haskins,TEN,RB,Active,0
787122632301649920,NCAA PAC 12,787122632301649921,3,33,57,709857172258881536,2,8134,Khalil,Shakir,BUF,WR,Active,0
787122632301649920,NCAA PAC 12,787122632301649921,3,34,58,534619662650601472,10,8121,Romeo,Doubs,GB,WR,Active,0
787122632301649920,NCAA PAC 12,787122632301649921,3,35,59,597246797479469056,7,8205,Isaih,Pacheco,KC,RB,Active,0
787122632301649920,NCAA PAC 12,787122632301649921,3,36,60,519390092788297728,9,8223,Velus,Jones,CHI,WR,Active,0
787122632301649920,NCAA PAC 12,787122632301649921,4,37,73,611968410179424256,8,8162,Sam,Howell,WAS,QB,Active,0
787122632301649920,NCAA PAC 12,787122632301649921,4,38,74,470320542868566016,3,8221,Keaontay,Ingram,ARI,RB,Active,0
787122632301649920,NCAA PAC 12,787122632301649921,4,39,75,534619662650601472,10,8188,Tyquan,Thornton,NE,WR,Active,0
787122632301649920,NCAA PAC 12,787122632301649921,4,40,76,534619662650601472,10,8172,Greg,Dulcich,DEN,TE,Active,0
787122632301649920,NCAA PAC 12,787122632301649921,4,41,77,619963570297352192,5,8150,Kyren,Williams,LAR,RB,Active,0
787122632301649920,NCAA PAC 12,787122632301649921,4,42,78,76460245878456320,11,8208,Tyler,Badie,BAL,RB,Active,0
787122632301649920,NCAA PAC 12,787122632301649921,4,43,79,519390092788297728,9,8258,Cade,York,CLE,K,Active,0
787122632301649920,NCAA PAC 12,787122632301649921,4,44,80,534619662650601472,10,8171,Kyle,Philips,TEN,WR,Active,0
787122632301649920,NCAA PAC 12,787122632301649921,4,45,81,709857172258881536,2,8179,Snoop,Conner,JAX,RB,Active,0
787122632301649920,NCAA PAC 12,787122632301649921,4,46,82,534619662650601472,10,8210,Chigoziem,Okonkwo,TEN,TE,Active,0
787122632301649920,NCAA PAC 12,787122632301649921,4,47,83,597246797479469056,7,8230,Ty,Chandler,MIN,RB,Active,0
787122632301649920,NCAA PAC 12,787122632301649921,4,48,84,338823136923381760,6,8176,Danny,Gray,SF,WR,Active,0
921152489498468352,NCAA MOUNTAIN WEST,921152489498468353,1,1,1,467489585379667968,7,9509,Bijan,Robinson,ATL,RB,Active,0
921152489498468352,NCAA MOUNTAIN WEST,921152489498468353,1,2,2,482448684026425344,6,9221,Jahmyr,Gibbs,DET,RB,Active,0
921152489498468352,NCAA MOUNTAIN WEST,921152489498468353,1,3,3,814354227357908992,10,9229,Anthony,Richardson,IND,QB,Active,0
921152489498468352,NCAA MOUNTAIN WEST,921152489498468353,1,4,4,463106510101147648,2,9488,Jaxon,Smith-Njigba,SEA,WR,Active,0
921152489498468352,NCAA MOUNTAIN WEST,921152489498468353,1,5,5,838238893672349696,5,9228,Bryce,Young,CAR,QB,Active,0
921152489498468352,NCAA MOUNTAIN WEST,921152489498468353,1,6,6,467489585379667968,7,9754,Quentin,Johnston,LAC,WR,Active,0
921152489498468352,NCAA MOUNTAIN WEST,921152489498468353,1,7,7,838238893672349696,5,10236,Dalton,Kincaid,BUF,TE,Active,0
921152489498468352,NCAA MOUNTAIN WEST,921152489498468353,1,8,8,589001974318403584,9,9756,Jordan,Addison,MIN,WR,Active,0
921152489498468352,NCAA MOUNTAIN WEST,921152489498468353,1,9,9,325726913966395392,8,9997,Zay,Flowers,BAL,WR,Active,0
921152489498468352,NCAA MOUNTAIN WEST,921152489498468353,1,10,10,560626155833876480,3,9482,Michael,Mayer,LV,TE,Active,0
921152489498468352,NCAA MOUNTAIN WEST,921152489498468353,1,11,11,467489585379667968,7,9226,Devon,Achane,MIA,RB,Active,0
921152489498468352,NCAA MOUNTAIN WEST,921152489498468353,1,12,12,467489585379667968,7,9757,Kendre,Miller,NO,RB,Active,0
921152489498468352,NCAA MOUNTAIN WEST,921152489498468353,2,13,25,814354227357908992,10,10225,Jonathan,Mingo,CAR,WR,Active,0
921152489498468352,NCAA MOUNTAIN WEST,921152489498468353,2,14,26,482448684026425344,6,9758,C.J.,Stroud,HOU,QB,Active,0
921152489498468352,NCAA MOUNTAIN WEST,921152489498468353,2,15,27,702897403514159104,11,9753,Zach,Charbonnet,SEA,RB,Active,0
921152489498468352,NCAA MOUNTAIN WEST,921152489498468353,2,16,28,702897403514159104,11,10859,Sam,LaPorta,DET,TE,Active,0
921152489498468352,NCAA MOUNTAIN WEST,921152489498468353,2,17,29,838238893672349696,5,9508,Tyjae,Spears,TEN,RB,Active,0
921152489498468352,NCAA MOUNTAIN WEST,921152489498468353,2,18,30,467489585379667968,7,10229,Rashee,Rice,KC,WR,Active,0
921152489498468352,NCAA MOUNTAIN WEST,921152489498468353,2,19,31,463106510101147648,2,10235,Roschon,Johnson,CHI,RB,Active,0
921152489498468352,NCAA MOUNTAIN WEST,921152489498468353,2,20,32,589001974318403584,9,9494,Marvin,Mims,DEN,WR,Active,0
921152489498468352,NCAA MOUNTAIN WEST,921152489498468353,2,21,33,325726913966395392,8,10222,Jayden,Reed,GB,WR,Active,0
921152489498468352,NCAA MOUNTAIN WEST,921152489498468353,2,22,34,560626155833876480,3,9500,Josh,Downs,IND,WR,Active,0
921152489498468352,NCAA MOUNTAIN WEST,921152489498468353,2,23,35,814354227357908992,10,9224,Chase,Brown,CIN,RB,Active,0
921152489498468352,NCAA MOUNTAIN WEST,921152489498468353,2,24,36,814354227357908992,10,10871,Luke,Schoonmaker,DAL,TE,Active,0
921152489498468352,NCAA MOUNTAIN WEST,921152489498468353,3,25,49,467489585379667968,7,9502,Tank,Dell,HOU,WR,Active,0
921152489498468352,NCAA MOUNTAIN WEST,921152489498468353,3,26,50,482448684026425344,6,9481,Luke,Musgrave,GB,TE,Active,0
921152489498468352,NCAA MOUNTAIN WEST,921152489498468353,3,27,51,463106510101147648,2,9505,Deuce,Vaughn,DAL,RB,Active,0
921152489498468352,NCAA MOUNTAIN WEST,921152489498468353,3,28,52,702897403514159104,11,9227,Israel,Abanikanda,NYJ,RB,Active,0
921152489498468352,NCAA MOUNTAIN WEST,921152489498468353,3,29,53,444590065046253568,12,9479,Darnell,Washington,PIT,TE,Active,0
921152489498468352,NCAA MOUNTAIN WEST,921152489498468353,3,30,54,467489585379667968,7,10232,Michael,Wilson,ARI,WR,Active,0
921152489498468352,NCAA MOUNTAIN WEST,921152489498468353,3,31,55,838238893672349696,5,9222,Zach,Evans,LAR,RB,Active,0
921152489498468352,NCAA MOUNTAIN WEST,921152489498468353,3,32,56,589001974318403584,9,9220,Evan,Hull,IND,RB,Active,0
921152489498468352,NCAA MOUNTAIN WEST,921152489498468353,3,33,57,325726913966395392,8,9512,DeWayne,McBride,MIN,RB,Active,0
921152489498468352,NCAA MOUNTAIN WEST,921152489498468353,3,34,58,560626155833876480,3,10223,Eric,Gray,NYG,RB,Active,0
921152489498468352,NCAA MOUNTAIN WEST,921152489498468353,3,35,59,702897403514159104,11,9506,Sean,Tucker,TB,RB,Active,0
921152489498468352,NCAA MOUNTAIN WEST,921152489498468353,3,36,60,838238893672349696,5,9504,Kayshon,Boutte,NE,WR,Active,0
921152489498468352,NCAA MOUNTAIN WEST,921152489498468353,4,37,73,467489585379667968,7,10219,Chris,Rodriguez,WAS,RB,Active,0
921152489498468352,NCAA MOUNTAIN WEST,921152489498468353,4,38,74,482448684026425344,6,10216,Kenny,McIntosh,SEA,RB,Active,0
921152489498468352,NCAA MOUNTAIN WEST,921152489498468353,4,39,75,702897403514159104,11,9493,Puka,Nacua,LAR,WR,Active,0
921152489498468352,NCAA MOUNTAIN WEST,921152489498468353,4,40,76,463106510101147648,2,9998,Hendon,Hooker,DET,QB,Active,0
921152489498468352,NCAA MOUNTAIN WEST,921152489498468353,4,41,77,838238893672349696,5,10857,Stetson,Bennett,LAR,QB,Active,0
921152489498468352,NCAA MOUNTAIN WEST,921152489498468353,4,42,78,467489585379667968,7,9490,Tyler,Scott,CHI,WR,Active,0
921152489498468352,NCAA MOUNTAIN WEST,921152489498468353,4,43,79,814354227357908992,10,10937,Jake,Moody,SF,K,Active,0
921152489498468352,NCAA MOUNTAIN WEST,921152489498468353,4,44,80,589001974318403584,9,10863,A.T.,Perry,NO,WR,Active,0
921152489498468352,NCAA MOUNTAIN WEST,921152489498468353,4,45,81,325726913966395392,8,10213,Tre,Tucker,LV,WR,Active,0
921152489498468352,NCAA MOUNTAIN WEST,921152489498468353,4,46,82,560626155833876480,3,9487,Parker,Washington,JAX,WR,Active,0
921152489498468352,NCAA MOUNTAIN WEST,921152489498468353,4,47,83,463106510101147648,2,10218,Xavier,Hutchinson,HOU,WR,Active,0
921152489498468352,NCAA MOUNTAIN WEST,921152489498468353,4,48,84,838238893672349696,5,10955,Chad,Ryland,NE,K,Active,0
921152450353090560,NCAA OHIO VALLEY,921152450353090561,1,1,1,300814106795974656,12,9509,Bijan,Robinson,ATL,RB,Active,0
921152450353090560,NCAA OHIO VALLEY,921152450353090561,1,2,2,635700695584043008,7,9221,Jahmyr,Gibbs,DET,RB,Active,0
921152450353090560,NCAA OHIO VALLEY,921152450353090561,1,3,3,472879969664495616,4,9488,Jaxon,Smith-Njigba,SEA,WR,Active,0
921152450353090560,NCAA OHIO VALLEY,921152450353090561,1,4,4,69768813763510272,8,9756,Jordan,Addison,MIN,WR,Active,0
921152450353090560,NCAA OHIO VALLEY,921152450353090561,1,5,5,300814106795974656,12,9997,Zay,Flowers,BAL,WR,Active,0
921152450353090560,NCAA OHIO VALLEY,921152450353090561,1,6,6,474662041341128704,5,9754,Quentin,Johnston,LAC,WR,Active,0
921152450353090560,NCAA OHIO VALLEY,921152450353090561,1,7,7,468944645166985216,3,9753,Zach,Charbonnet,SEA,RB,Active,0
921152450353090560,NCAA OHIO VALLEY,921152450353090561,1,8,8,474662041341128704,5,9229,Anthony,Richardson,IND,QB,Active,0
921152450353090560,NCAA OHIO VALLEY,921152450353090561,1,9,9,594242128851296256,10,9226,Devon,Achane,MIA,RB,Active,0
921152450353090560,NCAA OHIO VALLEY,921152450353090561,1,10,10,300814106795974656,12,9757,Kendre,Miller,NO,RB,Active,0
921152450353090560,NCAA OHIO VALLEY,921152450353090561,1,11,11,594242128851296256,10,10236,Dalton,Kincaid,BUF,TE,Active,0
921152450353090560,NCAA OHIO VALLEY,921152450353090561,1,12,12,300814106795974656,12,10225,Jonathan,Mingo,CAR,WR,Active,0
921152450353090560,NCAA OHIO VALLEY,921152450353090561,2,13,25,594242128851296256,10,10229,Rashee,Rice,KC,WR,Active,0
921152450353090560,NCAA OHIO VALLEY,921152450353090561,2,14,26,635700695584043008,7,9482,Michael,Mayer,LV,TE,Active,0
921152450353090560,NCAA OHIO VALLEY,921152450353090561,2,15,27,472879969664495616,4,9500,Josh,Downs,IND,WR,Active,0
921152450353090560,NCAA OHIO VALLEY,921152450353090561,2,16,28,594242128851296256,10,9228,Bryce,Young,CAR,QB,Active,0
921152450353090560,NCAA OHIO VALLEY,921152450353090561,2,17,29,571753677428977664,1,9508,Tyjae,Spears,TEN,RB,Active,0
921152450353090560,NCAA OHIO VALLEY,921152450353090561,2,18,30,474662041341128704,5,10222,Jayden,Reed,GB,WR,Active,0
921152450353090560,NCAA OHIO VALLEY,921152450353090561,2,19,31,468944645166985216,3,9758,C.J.,Stroud,HOU,QB,Active,0
921152450353090560,NCAA OHIO VALLEY,921152450353090561,2,20,32,331558449374593024,6,10235,Roschon,Johnson,CHI,RB,Active,0
921152450353090560,NCAA OHIO VALLEY,921152450353090561,2,21,33,474662041341128704,5,10859,Sam,LaPorta,DET,TE,Active,0
921152450353090560,NCAA OHIO VALLEY,921152450353090561,2,22,34,594242128851296256,10,9225,Tank,Bigsby,JAX,RB,Active,0
921152450353090560,NCAA OHIO VALLEY,921152450353090561,2,23,35,594242128851296256,10,9497,Jalin,Hyatt,NYG,WR,Active,0
921152450353090560,NCAA OHIO VALLEY,921152450353090561,2,24,36,594242128851296256,10,9481,Luke,Musgrave,GB,TE,Active,0
921152450353090560,NCAA OHIO VALLEY,921152450353090561,3,25,49,571753677428977664,1,9494,Marvin,Mims,DEN,WR,Active,0
921152450353090560,NCAA OHIO VALLEY,921152450353090561,3,26,50,635700695584043008,7,9224,Chase,Brown,CIN,RB,Active,0
921152450353090560,NCAA OHIO VALLEY,921152450353090561,3,27,51,472879969664495616,4,10444,Cedric,Tillman,CLE,WR,Active,0
921152450353090560,NCAA OHIO VALLEY,921152450353090561,3,28,52,69768813763510272,8,9999,Will,Levis,TEN,QB,Active,0
921152450353090560,NCAA OHIO VALLEY,921152450353090561,3,29,53,571753677428977664,1,9479,Darnell,Washington,PIT,TE,Active,0
921152450353090560,NCAA OHIO VALLEY,921152450353090561,3,30,54,347683464398749696,9,9504,Kayshon,Boutte,NE,WR,Active,0
921152450353090560,NCAA OHIO VALLEY,921152450353090561,3,31,55,468944645166985216,3,9502,Tank,Dell,HOU,WR,Active,0
921152450353090560,NCAA OHIO VALLEY,921152450353090561,3,32,56,472879969664495616,4,9222,Zach,Evans,LAR,RB,Active,0
921152450353090560,NCAA OHIO VALLEY,921152450353090561,3,33,57,474662041341128704,5,10232,Michael,Wilson,ARI,WR,Active,0
921152450353090560,NCAA OHIO VALLEY,921152450353090561,3,34,58,638193564806897664,11,9505,Deuce,Vaughn,DAL,RB,Active,0
921152450353090560,NCAA OHIO VALLEY,921152450353090561,3,35,59,594242128851296256,10,9512,DeWayne,McBride,MIN,RB,Active,0
921152450353090560,NCAA OHIO VALLEY,921152450353090561,3,36,60,601198801197260800,2,10871,Luke,Schoonmaker,DAL,TE,Active,0
921152450353090560,NCAA OHIO VALLEY,921152450353090561,4,37,73,300814106795974656,12,9227,Israel,Abanikanda,NYJ,RB,Active,0
921152450353090560,NCAA OHIO VALLEY,921152450353090561,4,38,74,635700695584043008,7,9490,Tyler,Scott,CHI,WR,Active,0
921152450353090560,NCAA OHIO VALLEY,921152450353090561,4,39,75,472879969664495616,4,9220,Evan,Hull,IND,RB,Active,0
921152450353090560,NCAA OHIO VALLEY,921152450353090561,4,40,76,594242128851296256,10,10218,Xavier,Hutchinson,HOU,WR,Active,0
921152450353090560,NCAA OHIO VALLEY,921152450353090561,4,41,77,571753677428977664,1,10223,Eric,Gray,NYG,RB,Active,0
921152450353090560,NCAA OHIO VALLEY,921152450353090561,4,42,78,601198801197260800,2,9487,Parker,Washington,JAX,WR,Active,0
921152450353090560,NCAA OHIO VALLEY,921152450353090561,4,43,79,468944645166985216,3,9484,Tucker,Kraft,GB,TE,Active,0
921152450353090560,NCAA OHIO VALLEY,921152450353090561,4,44,80,638193564806897664,11,9480,Brenton,Strange,JAX,TE,Active,0
921152450353090560,NCAA OHIO VALLEY,921152450353090561,4,45,81,474662041341128704,5,10213,Tre,Tucker,LV,WR,Active,0
921152450353090560,NCAA OHIO VALLEY,921152450353090561,4,46,82,331558449374593024,6,9492,Trey,Palmer,TB,WR,Active,0
921152450353090560,NCAA OHIO VALLEY,921152450353090561,4,47,83,300814106795974656,12,9506,Sean,Tucker,,RB,Active,0
921152450353090560,NCAA OHIO VALLEY,921152450353090561,4,48,84,601198801197260800,2,9998,Hendon,Hooker,DET,QB,Active,0
921152417742311424,NCAA HISTORICALLY BLACK,921152417742311425,1,1,1,471427194132885504,1,9509,Bijan,Robinson,ATL,RB,Active,0
921152417742311424,NCAA HISTORICALLY BLACK,921152417742311425,1,2,2,519728067978186752,7,9221,Jahmyr,Gibbs,DET,RB,Active,0
921152417742311424,NCAA HISTORICALLY BLACK,921152417742311425,1,3,3,445360519348482048,9,9488,Jaxon,Smith-Njigba,SEA,WR,Active,0
921152417742311424,NCAA HISTORICALLY BLACK,921152417742311425,1,4,4,445360519348482048,9,9229,Anthony,Richardson,IND,QB,Active,0
921152417742311424,NCAA HISTORICALLY BLACK,921152417742311425,1,5,5,520088376557371392,12,9756,Jordan,Addison,MIN,WR,Active,0
921152417742311424,NCAA HISTORICALLY BLACK,921152417742311425,1,6,6,471080793406435328,4,9754,Quentin,Johnston,LAC,WR,Active,0
921152417742311424,NCAA HISTORICALLY BLACK,921152417742311425,1,7,7,519656908428791808,5,9997,Zay,Flowers,BAL,WR,Active,0
921152417742311424,NCAA HISTORICALLY BLACK,921152417742311425,1,8,8,327614483000217600,11,10229,Rashee,Rice,KC,WR,Active,0
921152417742311424,NCAA HISTORICALLY BLACK,921152417742311425,1,9,9,694233255825719296,10,9753,Zach,Charbonnet,SEA,RB,Active,0
921152417742311424,NCAA HISTORICALLY BLACK,921152417742311425,1,10,10,692168840821411840,6,9228,Bryce,Young,CAR,QB,Active,0
921152417742311424,NCAA HISTORICALLY BLACK,921152417742311425,1,11,11,640052303377952768,3,10236,Dalton,Kincaid,BUF,TE,Active,0
921152417742311424,NCAA HISTORICALLY BLACK,921152417742311425,1,12,12,467835045181124608,8,9226,Devon,Achane,MIA,RB,Active,0
921152417742311424,NCAA HISTORICALLY BLACK,921152417742311425,2,13,25,726970553457537024,2,9758,C.J.,Stroud,HOU,QB,Active,0
921152417742311424,NCAA HISTORICALLY BLACK,921152417742311425,2,14,26,519728067978186752,7,10225,Jonathan,Mingo,CAR,WR,Active,0
921152417742311424,NCAA HISTORICALLY BLACK,921152417742311425,2,15,27,471427194132885504,1,9757,Kendre,Miller,NO,RB,Active,0
921152417742311424,NCAA HISTORICALLY BLACK,921152417742311425,2,16,28,445360519348482048,9,9500,Josh,Downs,IND,WR,Active,0
921152417742311424,NCAA HISTORICALLY BLACK,921152417742311425,2,17,29,520088376557371392,12,9482,Michael,Mayer,LV,TE,Active,0
921152417742311424,NCAA HISTORICALLY BLACK,921152417742311425,2,18,30,471080793406435328,4,9494,Marvin,Mims,DEN,WR,Active,0
921152417742311424,NCAA HISTORICALLY BLACK,921152417742311425,2,19,31,519656908428791808,5,10859,Sam,LaPorta,DET,TE,Active,0
921152417742311424,NCAA HISTORICALLY BLACK,921152417742311425,2,20,32,327614483000217600,11,10235,Roschon,Johnson,CHI,RB,Active,0
921152417742311424,NCAA HISTORICALLY BLACK,921152417742311425,2,21,33,694233255825719296,10,9224,Chase,Brown,CIN,RB,Active,0
921152417742311424,NCAA HISTORICALLY BLACK,921152417742311425,2,22,34,692168840821411840,6,9497,Jalin,Hyatt,NYG,WR,Active,0
921152417742311424,NCAA HISTORICALLY BLACK,921152417742311425,2,23,35,640052303377952768,3,9508,Tyjae,Spears,TEN,RB,Active,0
921152417742311424,NCAA HISTORICALLY BLACK,921152417742311425,2,24,36,467835045181124608,8,10222,Jayden,Reed,GB,WR,Active,0
921152417742311424,NCAA HISTORICALLY BLACK,921152417742311425,3,25,49,726970553457537024,2,10937,Jake,Moody,SF,K,Active,0
921152417742311424,NCAA HISTORICALLY BLACK,921152417742311425,3,26,50,519728067978186752,7,10223,Eric,Gray,NYG,RB,Active,0
921152417742311424,NCAA HISTORICALLY BLACK,921152417742311425,3,27,51,471427194132885504,1,9481,Luke,Musgrave,GB,TE,Active,0
921152417742311424,NCAA HISTORICALLY BLACK,921152417742311425,3,28,52,445360519348482048,9,9227,Israel,Abanikanda,NYJ,RB,Active,0
921152417742311424,NCAA HISTORICALLY BLACK,921152417742311425,3,29,53,520088376557371392,12,9999,Will,Levis,TEN,QB,Active,0
921152417742311424,NCAA HISTORICALLY BLACK,921152417742311425,3,30,54,471080793406435328,4,9222,Zach,Evans,LAR,RB,Active,0
921152417742311424,NCAA HISTORICALLY BLACK,921152417742311425,3,31,55,519656908428791808,5,9220,Evan,Hull,IND,RB,Active,0
921152417742311424,NCAA HISTORICALLY BLACK,921152417742311425,3,32,56,327614483000217600,11,9502,Tank,Dell,HOU,WR,Active,0
921152417742311424,NCAA HISTORICALLY BLACK,921152417742311425,3,33,57,467835045181124608,8,10871,Luke,Schoonmaker,DAL,TE,Active,0
921152417742311424,NCAA HISTORICALLY BLACK,921152417742311425,3,34,58,471427194132885504,1,9505,Deuce,Vaughn,DAL,RB,Active,0
921152417742311424,NCAA HISTORICALLY BLACK,921152417742311425,3,35,59,640052303377952768,3,10863,A.T.,Perry,NO,WR,Active,0
921152417742311424,NCAA HISTORICALLY BLACK,921152417742311425,3,36,60,467835045181124608,8,9479,Darnell,Washington,PIT,TE,Active,0
921152417742311424,NCAA HISTORICALLY BLACK,921152417742311425,4,37,73,726970553457537024,2,10219,Chris,Rodriguez,WAS,RB,Active,0
921152417742311424,NCAA HISTORICALLY BLACK,921152417742311425,4,38,74,519728067978186752,7,9493,Puka,Nacua,LAR,WR,Active,0
921152417742311424,NCAA HISTORICALLY BLACK,921152417742311425,4,39,75,471427194132885504,1,10232,Michael,Wilson,ARI,WR,Active,0
921152417742311424,NCAA HISTORICALLY BLACK,921152417742311425,4,40,76,445360519348482048,9,9506,Sean,Tucker,TB,RB,Active,0
921152417742311424,NCAA HISTORICALLY BLACK,921152417742311425,4,41,77,520088376557371392,12,9490,Tyler,Scott,CHI,WR,Active,0
921152417742311424,NCAA HISTORICALLY BLACK,921152417742311425,4,42,78,471080793406435328,4,9512,DeWayne,McBride,MIN,RB,Active,0
921152417742311424,NCAA HISTORICALLY BLACK,921152417742311425,4,43,79,519656908428791808,5,9998,Hendon,Hooker,DET,QB,Active,0
921152417742311424,NCAA HISTORICALLY BLACK,921152417742311425,4,44,80,327614483000217600,11,10218,Xavier,Hutchinson,HOU,WR,Active,0
921152417742311424,NCAA HISTORICALLY BLACK,921152417742311425,4,45,81,694233255825719296,10,9480,Brenton,Strange,JAX,TE,Active,0
921152417742311424,NCAA HISTORICALLY BLACK,921152417742311425,4,46,82,692168840821411840,6,9487,Parker,Washington,JAX,WR,Active,0
921152417742311424,NCAA HISTORICALLY BLACK,921152417742311425,4,47,83,640052303377952768,3,10862,Dorian,Thompson-Robinson,CLE,QB,Active,0
921152417742311424,NCAA HISTORICALLY BLACK,921152417742311425,4,48,84,467835045181124608,8,10217,Clayton,Tune,ARI,QB,Active,0
921152384695357440,NCAA USA,921152384695357441,1,1,1,866509840124641280,5,9509,Bijan,Robinson,ATL,RB,Active,0
921152384695357440,NCAA USA,921152384695357441,1,2,2,692542511834558464,4,9221,Jahmyr,Gibbs,DET,RB,Active,0
921152384695357440,NCAA USA,921152384695357441,1,3,3,599286882408394752,3,9488,Jaxon,Smith-Njigba,SEA,WR,Active,0
921152384695357440,NCAA USA,921152384695357441,1,4,4,651857322645241856,7,9754,Quentin,Johnston,LAC,WR,Active,0
921152384695357440,NCAA USA,921152384695357441,1,5,5,787224085817044992,9,9758,C.J.,Stroud,HOU,QB,Active,0
921152384695357440,NCAA USA,921152384695357441,1,6,6,692542511834558464,4,9756,Jordan,Addison,MIN,WR,Active,0
921152384695357440,NCAA USA,921152384695357441,1,7,7,389658700735868928,1,9997,Zay,Flowers,BAL,WR,Active,0
921152384695357440,NCAA USA,921152384695357441,1,8,8,866509840124641280,5,10236,Dalton,Kincaid,BUF,TE,Active,0
921152384695357440,NCAA USA,921152384695357441,1,9,9,464625836192952320,2,9228,Bryce,Young,CAR,QB,Active,0
921152384695357440,NCAA USA,921152384695357441,1,10,10,560611777479667712,6,9757,Kendre,Miller,NO,RB,Active,0
921152384695357440,NCAA USA,921152384695357441,1,11,11,650627977721245696,12,9753,Zach,Charbonnet,SEA,RB,Active,0
921152384695357440,NCAA USA,921152384695357441,1,12,12,605439246030925824,8,9229,Anthony,Richardson,IND,QB,Active,0
921152384695357440,NCAA USA,921152384695357441,2,13,25,866509840124641280,5,9482,Michael,Mayer,LV,TE,Active,0
921152384695357440,NCAA USA,921152384695357441,2,14,26,692542511834558464,4,9497,Jalin,Hyatt,NYG,WR,Active,0
921152384695357440,NCAA USA,921152384695357441,2,15,27,599286882408394752,3,9226,Devon,Achane,MIA,RB,Active,0
921152384695357440,NCAA USA,921152384695357441,2,16,28,651857322645241856,7,10859,Sam,LaPorta,DET,TE,Active,0
921152384695357440,NCAA USA,921152384695357441,2,17,29,560611777479667712,6,10235,Roschon,Johnson,CHI,RB,Active,0
921152384695357440,NCAA USA,921152384695357441,2,18,30,787224085817044992,9,10229,Rashee,Rice,KC,WR,Active,0
921152384695357440,NCAA USA,921152384695357441,2,19,31,389658700735868928,1,9225,Tank,Bigsby,JAX,RB,Active,0
921152384695357440,NCAA USA,921152384695357441,2,20,32,650627977721245696,12,10225,Jonathan,Mingo,CAR,WR,Active,0
921152384695357440,NCAA USA,921152384695357441,2,21,33,866509840124641280,5,9500,Josh,Downs,IND,WR,Active,0
921152384695357440,NCAA USA,921152384695357441,2,22,34,560611777479667712,6,10222,Jayden,Reed,GB,WR,Active,0
921152384695357440,NCAA USA,921152384695357441,2,23,35,590358219562455040,10,9494,Marvin,Mims,DEN,WR,Active,0
921152384695357440,NCAA USA,921152384695357441,2,24,36,787224085817044992,9,9481,Luke,Musgrave,GB,TE,Active,0
921152384695357440,NCAA USA,921152384695357441,3,25,49,866509840124641280,5,9502,Tank,Dell,HOU,WR,Active,0
921152384695357440,NCAA USA,921152384695357441,3,26,50,692542511834558464,4,10210,Cameron,Latu,SF,TE,Active,0
921152384695357440,NCAA USA,921152384695357441,3,27,51,599286882408394752,3,9999,Will,Levis,TEN,QB,Active,0
921152384695357440,NCAA USA,921152384695357441,3,28,52,651857322645241856,7,10871,Luke,Schoonmaker,DAL,TE,Active,0
921152384695357440,NCAA USA,921152384695357441,3,29,53,560611777479667712,6,9222,Zach,Evans,LAR,RB,Active,0
921152384695357440,NCAA USA,921152384695357441,3,30,54,560611777479667712,6,9493,Puka,Nacua,LAR,WR,Active,0
921152384695357440,NCAA USA,921152384695357441,3,31,55,389658700735868928,1,9490,Tyler,Scott,CHI,WR,Active,0
921152384695357440,NCAA USA,921152384695357441,3,32,56,460257215329071104,11,9504,Kayshon,Boutte,NE,WR,Active,0
921152384695357440,NCAA USA,921152384695357441,3,33,57,464625836192952320,2,9505,Deuce,Vaughn,DAL,RB,Active,0
921152384695357440,NCAA USA,921152384695357441,3,34,58,787224085817044992,9,10863,A.T.,Perry,NO,WR,Active,0
921152384695357440,NCAA USA,921152384695357441,3,35,59,590358219562455040,10,9479,Darnell,Washington,PIT,TE,Active,0
921152384695357440,NCAA USA,921152384695357441,3,36,60,866509840124641280,5,9227,Israel,Abanikanda,NYJ,RB,Active,0
921152384695357440,NCAA USA,921152384695357441,4,37,73,866509840124641280,5,9998,Hendon,Hooker,DET,QB,Active,0
921152384695357440,NCAA USA,921152384695357441,4,38,74,692542511834558464,4,10218,Xavier,Hutchinson,HOU,WR,Active,0
921152384695357440,NCAA USA,921152384695357441,4,39,75,599286882408394752,3,10232,Michael,Wilson,ARI,WR,Active,0
921152384695357440,NCAA USA,921152384695357441,4,40,76,651857322645241856,7,9512,DeWayne,McBride,MIN,RB,Active,0
921152384695357440,NCAA USA,921152384695357441,4,41,77,560611777479667712,6,9484,Tucker,Kraft,GB,TE,Active,0
921152384695357440,NCAA USA,921152384695357441,4,42,78,605439246030925824,8,10223,Eric,Gray,NYG,RB,Active,0
921152384695357440,NCAA USA,921152384695357441,4,43,79,389658700735868928,1,9480,Brenton,Strange,JAX,TE,Active,0
921152384695357440,NCAA USA,921152384695357441,4,44,80,460257215329071104,11,9220,Evan,Hull,IND,RB,Active,0
921152384695357440,NCAA USA,921152384695357441,4,45,81,464625836192952320,2,9506,Sean,Tucker,TB,RB,Active,0
921152384695357440,NCAA USA,921152384695357441,4,46,82,787224085817044992,9,10857,Stetson,Bennett,LAR,QB,Active,0
921152384695357440,NCAA USA,921152384695357441,4,47,83,590358219562455040,10,10937,Jake,Moody,SF,K,Active,0
921152384695357440,NCAA USA,921152384695357441,4,48,84,560611777479667712,6,10870,Deneric,Prince,KC,RB,Active,0
921152355658248192,NCAA IVY,921152355658248193,1,1,1,570803989783429120,4,9509,Bijan,Robinson,ATL,RB,Active,0
921152355658248192,NCAA IVY,921152355658248193,1,2,2,480124073456693248,3,9221,Jahmyr,Gibbs,DET,RB,Active,0
921152355658248192,NCAA IVY,921152355658248193,1,3,3,826571292240109568,7,9488,Jaxon,Smith-Njigba,SEA,WR,Active,0
921152355658248192,NCAA IVY,921152355658248193,1,4,4,461688192555282432,8,9754,Quentin,Johnston,LAC,WR,Active,0
921152355658248192,NCAA IVY,921152355658248193,1,5,5,463212708402032640,2,9756,Jordan,Addison,MIN,WR,Active,0
921152355658248192,NCAA IVY,921152355658248193,1,6,6,470912510262767616,1,9997,Zay,Flowers,BAL,WR,Active,0
921152355658248192,NCAA IVY,921152355658248193,1,7,7,461688192555282432,8,9757,Kendre,Miller,NO,RB,Active,0
921152355658248192,NCAA IVY,921152355658248193,1,8,8,570803989783429120,4,10236,Dalton,Kincaid,BUF,TE,Active,0
921152355658248192,NCAA IVY,921152355658248193,1,9,9,1017588201080369152,6,9753,Zach,Charbonnet,SEA,RB,Active,0
921152355658248192,NCAA IVY,921152355658248193,1,10,10,82696315553071104,9,9226,Devon,Achane,MIA,RB,Active,0
921152355658248192,NCAA IVY,921152355658248193,1,11,11,464595147808567296,12,10229,Rashee,Rice,KC,WR,Active,0
921152355658248192,NCAA IVY,921152355658248193,1,12,12,470912510262767616,1,9482,Michael,Mayer,LV,TE,Active,0
921152355658248192,NCAA IVY,921152355658248193,2,13,25,570803989783429120,4,9229,Anthony,Richardson,IND,QB,Active,0
921152355658248192,NCAA IVY,921152355658248193,2,14,26,480124073456693248,3,10225,Jonathan,Mingo,CAR,WR,Active,0
921152355658248192,NCAA IVY,921152355658248193,2,15,27,395321276102627328,5,10859,Sam,LaPorta,DET,TE,Active,0
921152355658248192,NCAA IVY,921152355658248193,2,16,28,461688192555282432,8,9758,C.J.,Stroud,HOU,QB,Active,0
921152355658248192,NCAA IVY,921152355658248193,2,17,29,463212708402032640,2,9228,Bryce,Young,CAR,QB,Active,0
921152355658248192,NCAA IVY,921152355658248193,2,18,30,461688192555282432,8,9225,Tank,Bigsby,JAX,RB,Active,0
921152355658248192,NCAA IVY,921152355658248193,2,19,31,570803989783429120,4,9481,Luke,Musgrave,GB,TE,Active,0
921152355658248192,NCAA IVY,921152355658248193,2,20,32,826571292240109568,7,10222,Jayden,Reed,GB,WR,Active,0
921152355658248192,NCAA IVY,921152355658248193,2,21,33,1017588201080369152,6,9500,Josh,Downs,IND,WR,Active,0
921152355658248192,NCAA IVY,921152355658248193,2,22,34,82696315553071104,9,9494,Marvin,Mims,DEN,WR,Active,0
921152355658248192,NCAA IVY,921152355658248193,2,23,35,464595147808567296,12,9508,Tyjae,Spears,TEN,RB,Active,0
921152355658248192,NCAA IVY,921152355658248193,2,24,36,395321276102627328,5,10235,Roschon,Johnson,CHI,RB,Active,0
921152355658248192,NCAA IVY,921152355658248193,3,25,49,826571292240109568,7,9497,Jalin,Hyatt,NYG,WR,Active,0
921152355658248192,NCAA IVY,921152355658248193,3,26,50,480124073456693248,3,9505,Deuce,Vaughn,DAL,RB,Active,0
921152355658248192,NCAA IVY,921152355658248193,3,27,51,460895027179024384,11,10444,Cedric,Tillman,CLE,WR,Active,0
921152355658248192,NCAA IVY,921152355658248193,3,28,52,460895027179024384,11,10223,Eric,Gray,NYG,RB,Active,0
921152355658248192,NCAA IVY,921152355658248193,3,29,53,463212708402032640,2,9479,Darnell,Washington,PIT,TE,Active,0
921152355658248192,NCAA IVY,921152355658248193,3,30,54,460895027179024384,11,9222,Zach,Evans,LAR,RB,Active,0
921152355658248192,NCAA IVY,921152355658248193,3,31,55,460895027179024384,11,9999,Will,Levis,TEN,QB,Active,0
921152355658248192,NCAA IVY,921152355658248193,3,32,56,461688192555282432,8,9502,Tank,Dell,HOU,WR,Active,0
921152355658248192,NCAA IVY,921152355658248193,3,33,57,1017588201080369152,6,9480,Brenton,Strange,JAX,TE,Active,0
921152355658248192,NCAA IVY,921152355658248193,3,34,58,82696315553071104,9,9227,Israel,Abanikanda,NYJ,RB,Active,0
921152355658248192,NCAA IVY,921152355658248193,3,35,59,464595147808567296,12,9504,Kayshon,Boutte,NE,WR,Active,0
921152355658248192,NCAA IVY,921152355658248193,3,36,60,470912510262767616,1,10871,Luke,Schoonmaker,DAL,TE,Active,0
921152355658248192,NCAA IVY,921152355658248193,4,37,73,570803989783429120,4,9220,Evan,Hull,IND,RB,Active,0
921152355658248192,NCAA IVY,921152355658248193,4,38,74,480124073456693248,3,9492,Trey,Palmer,TB,WR,Active,0
921152355658248192,NCAA IVY,921152355658248193,4,39,75,460895027179024384,11,10232,Michael,Wilson,ARI,WR,Active,0
921152355658248192,NCAA IVY,921152355658248193,4,40,76,461688192555282432,8,10863,A.T.,Perry,NO,WR,Active,0
921152355658248192,NCAA IVY,921152355658248193,4,41,77,463212708402032640,2,9486,Dontayvion,Wicks,GB,WR,Active,0
921152355658248192,NCAA IVY,921152355658248193,4,42,78,460895027179024384,11,9512,DeWayne,McBride,MIN,RB,Active,0
921152355658248192,NCAA IVY,921152355658248193,4,43,79,826571292240109568,7,9490,Tyler,Scott,CHI,WR,Active,0
921152355658248192,NCAA IVY,921152355658248193,4,44,80,826571292240109568,7,9487,Parker,Washington,JAX,WR,Active,0
921152355658248192,NCAA IVY,921152355658248193,4,45,81,1017588201080369152,6,9998,Hendon,Hooker,DET,QB,Active,0
921152355658248192,NCAA IVY,921152355658248193,4,46,82,82696315553071104,9,9484,Tucker,Kraft,GB,TE,Active,0
921152355658248192,NCAA IVY,921152355658248193,4,47,83,464595147808567296,12,10218,Xavier,Hutchinson,HOU,WR,Active,0
921152355658248192,NCAA IVY,921152355658248193,4,48,84,470912510262767616,1,10219,Chris,Rodriguez,WAS,RB,Active,0
921152324230262784,NCAA WILD,921152324230262785,1,1,1,203496917160697856,6,9509,Bijan,Robinson,ATL,RB,Active,0
921152324230262784,NCAA WILD,921152324230262785,1,2,2,457579310098673664,1,9221,Jahmyr,Gibbs,DET,RB,Active,0
921152324230262784,NCAA WILD,921152324230262785,1,3,3,545391514915762176,2,9488,Jaxon,Smith-Njigba,SEA,WR,Active,0
921152324230262784,NCAA WILD,921152324230262785,1,4,4,434740393972592640,11,9756,Jordan,Addison,MIN,WR,Active,0
921152324230262784,NCAA WILD,921152324230262785,1,5,5,457579310098673664,1,9754,Quentin,Johnston,LAC,WR,Active,0
921152324230262784,NCAA WILD,921152324230262785,1,6,6,457579310098673664,1,9997,Zay,Flowers,BAL,WR,Active,0
921152324230262784,NCAA WILD,921152324230262785,1,7,7,434740393972592640,11,10236,Dalton,Kincaid,BUF,TE,Active,0
921152324230262784,NCAA WILD,921152324230262785,1,8,8,434740393972592640,11,9229,Anthony,Richardson,IND,QB,Active,0
921152324230262784,NCAA WILD,921152324230262785,1,9,9,603083535368134656,9,9753,Zach,Charbonnet,SEA,RB,Active,0
921152324230262784,NCAA WILD,921152324230262785,1,10,10,457579310098673664,1,9482,Michael,Mayer,LV,TE,Active,0
921152324230262784,NCAA WILD,921152324230262785,1,11,11,505166677990699008,10,9757,Kendre,Miller,NO,RB,Active,0
921152324230262784,NCAA WILD,921152324230262785,1,12,12,505166677990699008,10,9226,Devon,Achane,MIA,RB,Active,0
921152324230262784,NCAA WILD,921152324230262785,2,13,25,203496917160697856,6,10225,Jonathan,Mingo,CAR,WR,Active,0
921152324230262784,NCAA WILD,921152324230262785,2,14,26,457579310098673664,1,9228,Bryce,Young,CAR,QB,Active,0
921152324230262784,NCAA WILD,921152324230262785,2,15,27,457579310098673664,1,10229,Rashee,Rice,KC,WR,Active,0
921152324230262784,NCAA WILD,921152324230262785,2,16,28,603460801289863168,7,9758,C.J.,Stroud,HOU,QB,Active,0
921152324230262784,NCAA WILD,921152324230262785,2,17,29,203496917160697856,6,9500,Josh,Downs,IND,WR,Active,0
921152324230262784,NCAA WILD,921152324230262785,2,18,30,448446449538035712,12,9497,Jalin,Hyatt,NYG,WR,Active,0
921152324230262784,NCAA WILD,921152324230262785,2,19,31,603460801289863168,7,9494,Marvin,Mims,DEN,WR,Active,0
921152324230262784,NCAA WILD,921152324230262785,2,20,32,434740393972592640,11,9225,Tank,Bigsby,JAX,RB,Active,0
921152324230262784,NCAA WILD,921152324230262785,2,21,33,603083535368134656,9,10235,Roschon,Johnson,CHI,RB,Active,0
921152324230262784,NCAA WILD,921152324230262785,2,22,34,434740393972592640,11,10222,Jayden,Reed,GB,WR,Active,0
921152324230262784,NCAA WILD,921152324230262785,2,23,35,441392312380026880,3,9481,Luke,Musgrave,GB,TE,Active,0
921152324230262784,NCAA WILD,921152324230262785,2,24,36,434740393972592640,11,9508,Tyjae,Spears,TEN,RB,Active,0
921152324230262784,NCAA WILD,921152324230262785,3,25,49,203496917160697856,6,9479,Darnell,Washington,PIT,TE,Active,0
921152324230262784,NCAA WILD,921152324230262785,3,26,50,434740393972592640,11,10444,Cedric,Tillman,CLE,WR,Active,0
921152324230262784,NCAA WILD,921152324230262785,3,27,51,545391514915762176,2,9224,Chase,Brown,CIN,RB,Active,0
921152324230262784,NCAA WILD,921152324230262785,3,28,52,505166677990699008,10,10871,Luke,Schoonmaker,DAL,TE,Active,0
921152324230262784,NCAA WILD,921152324230262785,3,29,53,457579310098673664,1,9999,Will,Levis,TEN,QB,Active,0
921152324230262784,NCAA WILD,921152324230262785,3,30,54,603460801289863168,7,9222,Zach,Evans,LAR,RB,Active,0
921152324230262784,NCAA WILD,921152324230262785,3,31,55,505166677990699008,10,9493,Puka,Nacua,LAR,WR,Active,0
921152324230262784,NCAA WILD,921152324230262785,3,32,56,434740393972592640,11,9512,DeWayne,McBride,MIN,RB,Active,0
921152324230262784,NCAA WILD,921152324230262785,3,33,57,603083535368134656,9,10232,Michael,Wilson,ARI,WR,Active,0
921152324230262784,NCAA WILD,921152324230262785,3,34,58,635935003657723904,4,9504,Kayshon,Boutte,NE,WR,Active,0
921152324230262784,NCAA WILD,921152324230262785,3,35,59,434740393972592640,11,9502,Tank,Dell,HOU,WR,Active,0
921152324230262784,NCAA WILD,921152324230262785,3,36,60,457579310098673664,1,9505,Deuce,Vaughn,DAL,RB,Active,0
921152324230262784,NCAA WILD,921152324230262785,4,37,73,203496917160697856,6,9484,Tucker,Kraft,GB,TE,Active,0
921152324230262784,NCAA WILD,921152324230262785,4,38,74,434740393972592640,11,10218,Xavier,Hutchinson,HOU,WR,Active,0
921152324230262784,NCAA WILD,921152324230262785,4,39,75,545391514915762176,2,10863,A.T.,Perry,NO,WR,Active,0
921152324230262784,NCAA WILD,921152324230262785,4,40,76,603460801289863168,7,10223,Eric,Gray,NYG,RB,Active,0
921152324230262784,NCAA WILD,921152324230262785,4,41,77,642578171354484736,5,9220,Evan,Hull,IND,RB,Active,0
921152324230262784,NCAA WILD,921152324230262785,4,42,78,434740393972592640,11,9487,Parker,Washington,JAX,WR,Active,0
921152324230262784,NCAA WILD,921152324230262785,4,43,79,457579310098673664,1,9506,Sean,Tucker,TB,RB,Active,0
921152324230262784,NCAA WILD,921152324230262785,4,44,80,505166677990699008,10,10210,Cameron,Latu,SF,TE,Active,0
921152324230262784,NCAA WILD,921152324230262785,4,45,81,603083535368134656,9,9998,Hendon,Hooker,DET,QB,Active,0
921152324230262784,NCAA WILD,921152324230262785,4,46,82,635935003657723904,4,10219,Chris,Rodriguez,WAS,RB,Active,0
921152324230262784,NCAA WILD,921152324230262785,4,47,83,441392312380026880,3,10213,Tre,Tucker,LV,WR,Active,0
921152324230262784,NCAA WILD,921152324230262785,4,48,84,603460801289863168,7,9480,Brenton,Strange,JAX,TE,Active,0
921152273420525568,NCAA BIG SKY,921152273420525569,1,1,1,424793511431262208,6,9509,Bijan,Robinson,ATL,RB,Active,0
921152273420525568,NCAA BIG SKY,921152273420525569,1,2,2,449327253101211648,3,9221,Jahmyr,Gibbs,DET,RB,Active,0
921152273420525568,NCAA BIG SKY,921152273420525569,1,3,3,449327253101211648,3,9488,Jaxon,Smith-Njigba,SEA,WR,Active,0
921152273420525568,NCAA BIG SKY,921152273420525569,1,4,4,448641292377780224,9,9229,Anthony,Richardson,IND,QB,Active,0
921152273420525568,NCAA BIG SKY,921152273420525569,1,5,5,424793511431262208,6,9758,C.J.,Stroud,HOU,QB,Active,0
921152273420525568,NCAA BIG SKY,921152273420525569,1,6,6,439255136309604352,2,9756,Jordan,Addison,MIN,WR,Active,0
921152273420525568,NCAA BIG SKY,921152273420525569,1,7,7,456258200757334016,1,9228,Bryce,Young,CAR,QB,Active,0
921152273420525568,NCAA BIG SKY,921152273420525569,1,8,8,424793511431262208,6,9226,Devon,Achane,MIA,RB,Active,0
921152273420525568,NCAA BIG SKY,921152273420525569,1,9,9,519767126595325952,12,9754,Quentin,Johnston,LAC,WR,Active,0
921152273420525568,NCAA BIG SKY,921152273420525569,1,10,10,456258200757334016,1,9997,Zay,Flowers,BAL,WR,Active,0
921152273420525568,NCAA BIG SKY,921152273420525569,1,11,11,456258200757334016,1,9753,Zach,Charbonnet,SEA,RB,Active,0
921152273420525568,NCAA BIG SKY,921152273420525569,1,12,12,437413803001376768,8,9482,Michael,Mayer,LV,TE,Active,0
921152273420525568,NCAA BIG SKY,921152273420525569,2,13,25,456258200757334016,1,10236,Dalton,Kincaid,BUF,TE,Active,0
921152273420525568,NCAA BIG SKY,921152273420525569,2,14,26,449327253101211648,3,10859,Sam,LaPorta,DET,TE,Active,0
921152273420525568,NCAA BIG SKY,921152273420525569,2,15,27,437413803001376768,8,10225,Jonathan,Mingo,CAR,WR,Active,0
921152273420525568,NCAA BIG SKY,921152273420525569,2,16,28,437413803001376768,8,9757,Kendre,Miller,NO,RB,Active,0
921152273420525568,NCAA BIG SKY,921152273420525569,2,17,29,424793511431262208,6,10229,Rashee,Rice,KC,WR,Active,0
921152273420525568,NCAA BIG SKY,921152273420525569,2,18,30,465934519652839424,5,10235,Roschon,Johnson,CHI,RB,Active,0
921152273420525568,NCAA BIG SKY,921152273420525569,2,19,31,456258200757334016,1,9494,Marvin,Mims,DEN,WR,Active,0
921152273420525568,NCAA BIG SKY,921152273420525569,2,20,32,424793511431262208,6,9224,Chase,Brown,CIN,RB,Active,0
921152273420525568,NCAA BIG SKY,921152273420525569,2,21,33,424793511431262208,6,9998,Hendon,Hooker,DET,QB,Active,0
921152273420525568,NCAA BIG SKY,921152273420525569,2,22,34,604388962898866176,11,9999,Will,Levis,TEN,QB,Active,0
921152273420525568,NCAA BIG SKY,921152273420525569,2,23,35,437413803001376768,8,9504,Kayshon,Boutte,NE,WR,Active,0
921152273420525568,NCAA BIG SKY,921152273420525569,2,24,36,78892531970359296,7,9508,Tyjae,Spears,TEN,RB,Active,0
921152273420525568,NCAA BIG SKY,921152273420525569,3,25,49,456258200757334016,1,9500,Josh,Downs,IND,WR,Active,0
921152273420525568,NCAA BIG SKY,921152273420525569,3,26,50,449327253101211648,3,10444,Cedric,Tillman,CLE,WR,Active,0
921152273420525568,NCAA BIG SKY,921152273420525569,3,27,51,465934519652839424,5,9227,Israel,Abanikanda,NYJ,RB,Active,0
921152273420525568,NCAA BIG SKY,921152273420525569,3,28,52,448641292377780224,9,10222,Jayden,Reed,GB,WR,Active,0
921152273420525568,NCAA BIG SKY,921152273420525569,3,29,53,424793511431262208,6,9222,Zach,Evans,LAR,RB,Active,0
921152273420525568,NCAA BIG SKY,921152273420525569,3,30,54,465934519652839424,5,9481,Luke,Musgrave,GB,TE,Active,0
921152273420525568,NCAA BIG SKY,921152273420525569,3,31,55,450023004458446848,10,10223,Eric,Gray,NYG,RB,Active,0
921152273420525568,NCAA BIG SKY,921152273420525569,3,32,56,424793511431262208,6,10871,Luke,Schoonmaker,DAL,TE,Active,0
921152273420525568,NCAA BIG SKY,921152273420525569,3,33,57,465934519652839424,5,10232,Michael,Wilson,ARI,WR,Active,0
921152273420525568,NCAA BIG SKY,921152273420525569,3,34,58,604388962898866176,11,9480,Brenton,Strange,JAX,TE,Active,0
921152273420525568,NCAA BIG SKY,921152273420525569,3,35,59,437413803001376768,8,9492,Trey,Palmer,TB,WR,Active,0
921152273420525568,NCAA BIG SKY,921152273420525569,3,36,60,78892531970359296,7,9502,Tank,Dell,HOU,WR,Active,0
921152273420525568,NCAA BIG SKY,921152273420525569,4,37,73,78892531970359296,7,9505,Deuce,Vaughn,DAL,RB,Active,0
921152273420525568,NCAA BIG SKY,921152273420525569,4,38,74,449327253101211648,3,9506,Sean,Tucker,,RB,Active,0
921152273420525568,NCAA BIG SKY,921152273420525569,4,39,75,439255136309604352,2,10863,A.T.,Perry,NO,WR,Active,0
921152273420525568,NCAA BIG SKY,921152273420525569,4,40,76,448641292377780224,9,9490,Tyler,Scott,CHI,WR,Active,0
921152273420525568,NCAA BIG SKY,921152273420525569,4,41,77,424793511431262208,6,10234,Derius,Davis,LAC,WR,Active,0
921152273420525568,NCAA BIG SKY,921152273420525569,4,42,78,465934519652839424,5,9512,DeWayne,McBride,MIN,RB,Active,0
921152273420525568,NCAA BIG SKY,921152273420525569,4,43,79,450023004458446848,10,9484,Tucker,Kraft,GB,TE,Active,0
921152273420525568,NCAA BIG SKY,921152273420525569,4,44,80,424793511431262208,6,10937,Jake,Moody,SF,K,Active,0
921152273420525568,NCAA BIG SKY,921152273420525569,4,45,81,519767126595325952,12,10215,Jake,Haener,NO,QB,Active,0
921152273420525568,NCAA BIG SKY,921152273420525569,4,46,82,519439276311531520,4,10216,Kenny,McIntosh,SEA,RB,Active,0
921152273420525568,NCAA BIG SKY,921152273420525569,4,47,83,437413803001376768,8,10218,Xavier,Hutchinson,HOU,WR,Active,0
921152273420525568,NCAA BIG SKY,921152273420525569,4,48,84,456258200757334016,1,9220,Evan,Hull,IND,RB,Active,0
921152239639564288,NCAA PIONEER,921152239639564289,1,1,1,437042046633504768,11,9509,Bijan,Robinson,ATL,RB,Active,0
921152239639564288,NCAA PIONEER,921152239639564289,1,2,2,804937403319046144,10,9221,Jahmyr,Gibbs,DET,RB,Active,0
921152239639564288,NCAA PIONEER,921152239639564289,1,3,3,459110344502013952,3,9488,Jaxon,Smith-Njigba,SEA,WR,Active,0
921152239639564288,NCAA PIONEER,921152239639564289,1,4,4,468638573403303936,2,9756,Jordan,Addison,MIN,WR,Active,0
921152239639564288,NCAA PIONEER,921152239639564289,1,5,5,602687087556231168,9,9754,Quentin,Johnston,LAC,WR,Active,0
921152239639564288,NCAA PIONEER,921152239639564289,1,6,6,455753261765357568,6,9226,Devon,Achane,MIA,RB,Active,0
921152239639564288,NCAA PIONEER,921152239639564289,1,7,7,439351925129867264,4,9997,Zay,Flowers,BAL,WR,Active,0
921152239639564288,NCAA PIONEER,921152239639564289,1,8,8,439351925129867264,4,9229,Anthony,Richardson,IND,QB,Active,0
921152239639564288,NCAA PIONEER,921152239639564289,1,9,9,533363986486435840,1,10236,Dalton,Kincaid,BUF,TE,Active,0
921152239639564288,NCAA PIONEER,921152239639564289,1,10,10,398884413687001088,7,9757,Kendre,Miller,NO,RB,Active,0
921152239639564288,NCAA PIONEER,921152239639564289,1,11,11,439351925129867264,4,9753,Zach,Charbonnet,SEA,RB,Active,0
921152239639564288,NCAA PIONEER,921152239639564289,1,12,12,602687087556231168,9,9494,Marvin,Mims,DEN,WR,Active,0
921152239639564288,NCAA PIONEER,921152239639564289,2,13,25,439351925129867264,4,10225,Jonathan,Mingo,CAR,WR,Active,0
921152239639564288,NCAA PIONEER,921152239639564289,2,14,26,804937403319046144,10,9482,Michael,Mayer,LV,TE,Active,0
921152239639564288,NCAA PIONEER,921152239639564289,2,15,27,459110344502013952,3,9228,Bryce,Young,CAR,QB,Active,0
921152239639564288,NCAA PIONEER,921152239639564289,2,16,28,468638573403303936,2,9758,C.J.,Stroud,HOU,QB,Active,0
921152239639564288,NCAA PIONEER,921152239639564289,2,17,29,602687087556231168,9,9225,Tank,Bigsby,JAX,RB,Active,0
921152239639564288,NCAA PIONEER,921152239639564289,2,18,30,468638573403303936,2,9508,Tyjae,Spears,TEN,RB,Active,0
921152239639564288,NCAA PIONEER,921152239639564289,2,19,31,437042046633504768,11,10229,Rashee,Rice,KC,WR,Active,0
921152239639564288,NCAA PIONEER,921152239639564289,2,20,32,398884413687001088,7,10235,Roschon,Johnson,CHI,RB,Active,0
921152239639564288,NCAA PIONEER,921152239639564289,2,21,33,398884413687001088,7,9500,Josh,Downs,IND,WR,Active,0
921152239639564288,NCAA PIONEER,921152239639564289,2,22,34,339931221767249920,8,9224,Chase,Brown,CIN,RB,Active,0
921152239639564288,NCAA PIONEER,921152239639564289,2,23,35,439351925129867264,4,10222,Jayden,Reed,GB,WR,Active,0
921152239639564288,NCAA PIONEER,921152239639564289,2,24,36,439351925129867264,4,10859,Sam,LaPorta,DET,TE,Active,0
921152239639564288,NCAA PIONEER,921152239639564289,3,25,49,439351925129867264,4,9497,Jalin,Hyatt,NYG,WR,Active,0
921152239639564288,NCAA PIONEER,921152239639564289,3,26,50,804937403319046144,10,10444,Cedric,Tillman,CLE,WR,Active,0
921152239639564288,NCAA PIONEER,921152239639564289,3,27,51,459110344502013952,3,9490,Tyler,Scott,CHI,WR,Active,0
921152239639564288,NCAA PIONEER,921152239639564289,3,28,52,455753261765357568,6,9481,Luke,Musgrave,GB,TE,Active,0
921152239639564288,NCAA PIONEER,921152239639564289,3,29,53,602687087556231168,9,9502,Tank,Dell,HOU,WR,Active,0
921152239639564288,NCAA PIONEER,921152239639564289,3,30,54,455753261765357568,6,9504,Kayshon,Boutte,NE,WR,Active,0
921152239639564288,NCAA PIONEER,921152239639564289,3,31,55,437042046633504768,11,10232,Michael,Wilson,ARI,WR,Active,0
921152239639564288,NCAA PIONEER,921152239639564289,3,32,56,398884413687001088,7,9227,Israel,Abanikanda,NYJ,RB,Active,0
921152239639564288,NCAA PIONEER,921152239639564289,3,33,57,455753261765357568,6,9222,Zach,Evans,LAR,RB,Active,0
921152239639564288,NCAA PIONEER,921152239639564289,3,34,58,519675297838780416,12,10871,Luke,Schoonmaker,DAL,TE,Active,0
921152239639564288,NCAA PIONEER,921152239639564289,3,35,59,432164755709370368,5,10219,Chris,Rodriguez,WAS,RB,Active,0
921152239639564288,NCAA PIONEER,921152239639564289,3,36,60,519675297838780416,12,9505,Deuce,Vaughn,DAL,RB,Active,0
921152239639564288,NCAA PIONEER,921152239639564289,4,37,73,468638573403303936,2,9479,Darnell,Washington,PIT,TE,Active,0
921152239639564288,NCAA PIONEER,921152239639564289,4,38,74,804937403319046144,10,9998,Hendon,Hooker,DET,QB,Active,0
921152239639564288,NCAA PIONEER,921152239639564289,4,39,75,459110344502013952,3,10863,A.T.,Perry,NO,WR,Active,0
921152239639564288,NCAA PIONEER,921152239639564289,4,40,76,455753261765357568,6,9487,Parker,Washington,JAX,WR,Active,0
921152239639564288,NCAA PIONEER,921152239639564289,4,41,77,602687087556231168,9,10223,Eric,Gray,NYG,RB,Active,0
921152239639564288,NCAA PIONEER,921152239639564289,4,42,78,455753261765357568,6,9506,Sean,Tucker,,RB,Active,0
921152239639564288,NCAA PIONEER,921152239639564289,4,43,79,437042046633504768,11,10213,Tre,Tucker,LV,WR,Active,0
921152239639564288,NCAA PIONEER,921152239639564289,4,44,80,398884413687001088,7,9512,DeWayne,McBride,MIN,RB,Active,0
921152239639564288,NCAA PIONEER,921152239639564289,4,45,81,455753261765357568,6,10218,Xavier,Hutchinson,HOU,WR,Active,0
921152239639564288,NCAA PIONEER,921152239639564289,4,46,82,339931221767249920,8,9493,Puka,Nacua,LAR,WR,Active,0
921152239639564288,NCAA PIONEER,921152239639564289,4,47,83,432164755709370368,5,10857,Stetson,Bennett,LAR,QB,Active,0
921152239639564288,NCAA PIONEER,921152239639564289,4,48,84,519675297838780416,12,10955,Chad,Ryland,NE,K,Active,0
921152207104335872,NCAA SUN BELT,921152207104335873,1,1,1,429733810611949568,1,9509,Bijan,Robinson,ATL,RB,Active,0
921152207104335872,NCAA SUN BELT,921152207104335873,1,2,2,380128482900062208,9,9221,Jahmyr,Gibbs,DET,RB,Active,0
921152207104335872,NCAA SUN BELT,921152207104335873,1,3,3,546466738316963840,5,9488,Jaxon,Smith-Njigba,SEA,WR,Active,0
921152207104335872,NCAA SUN BELT,921152207104335873,1,4,4,461681329860243456,11,9756,Jordan,Addison,MIN,WR,Active,0
921152207104335872,NCAA SUN BELT,921152207104335873,1,5,5,380128482900062208,9,9754,Quentin,Johnston,LAC,WR,Active,0
921152207104335872,NCAA SUN BELT,921152207104335873,1,6,6,465297932204109824,12,9753,Zach,Charbonnet,SEA,RB,Active,0
921152207104335872,NCAA SUN BELT,921152207104335873,1,7,7,429733810611949568,1,9997,Zay,Flowers,BAL,WR,Active,0
921152207104335872,NCAA SUN BELT,921152207104335873,1,8,8,465019661495300096,6,10236,Dalton,Kincaid,BUF,TE,Active,0
921152207104335872,NCAA SUN BELT,921152207104335873,1,9,9,465019661495300096,6,10229,Rashee,Rice,KC,WR,Active,0
921152207104335872,NCAA SUN BELT,921152207104335873,1,10,10,429733810611949568,1,9482,Michael,Mayer,LV,TE,Active,0
921152207104335872,NCAA SUN BELT,921152207104335873,1,11,11,429733810611949568,1,9229,Anthony,Richardson,IND,QB,Active,0
921152207104335872,NCAA SUN BELT,921152207104335873,1,12,12,429733810611949568,1,10225,Jonathan,Mingo,CAR,WR,Active,0
921152207104335872,NCAA SUN BELT,921152207104335873,2,13,25,429733810611949568,1,9226,Devon,Achane,MIA,RB,Active,0
921152207104335872,NCAA SUN BELT,921152207104335873,2,14,26,380128482900062208,9,9228,Bryce,Young,CAR,QB,Active,0
921152207104335872,NCAA SUN BELT,921152207104335873,2,15,27,429733810611949568,1,9757,Kendre,Miller,NO,RB,Active,0
921152207104335872,NCAA SUN BELT,921152207104335873,2,16,28,429733810611949568,1,9225,Tank,Bigsby,JAX,RB,Active,0
921152207104335872,NCAA SUN BELT,921152207104335873,2,17,29,447283305738399744,4,9497,Jalin,Hyatt,NYG,WR,Active,0
921152207104335872,NCAA SUN BELT,921152207104335873,2,18,30,465297932204109824,12,10859,Sam,LaPorta,DET,TE,Active,0
921152207104335872,NCAA SUN BELT,921152207104335873,2,19,31,461681329860243456,11,9481,Luke,Musgrave,GB,TE,Active,0
921152207104335872,NCAA SUN BELT,921152207104335873,2,20,32,546466738316963840,5,9500,Josh,Downs,IND,WR,Active,0
921152207104335872,NCAA SUN BELT,921152207104335873,2,21,33,441330448283463680,10,10222,Jayden,Reed,GB,WR,Active,0
921152207104335872,NCAA SUN BELT,921152207104335873,2,22,34,429733810611949568,1,9508,Tyjae,Spears,TEN,RB,Active,0
921152207104335872,NCAA SUN BELT,921152207104335873,2,23,35,429733810611949568,1,10235,Roschon,Johnson,CHI,RB,Active,0
921152207104335872,NCAA SUN BELT,921152207104335873,2,24,36,441362521463451648,8,9224,Chase,Brown,CIN,RB,Active,0
921152207104335872,NCAA SUN BELT,921152207104335873,3,25,49,380128482900062208,9,9758,C.J.,Stroud,HOU,QB,Active,0
921152207104335872,NCAA SUN BELT,921152207104335873,3,26,50,380128482900062208,9,9227,Israel,Abanikanda,NYJ,RB,Active,0
921152207104335872,NCAA SUN BELT,921152207104335873,3,27,51,441362521463451648,8,9504,Kayshon,Boutte,NE,WR,Active,0
921152207104335872,NCAA SUN BELT,921152207104335873,3,28,52,461681329860243456,11,9505,Deuce,Vaughn,DAL,RB,Active,0
921152207104335872,NCAA SUN BELT,921152207104335873,3,29,53,447283305738399744,4,10223,Eric,Gray,NYG,RB,Active,0
921152207104335872,NCAA SUN BELT,921152207104335873,3,30,54,465019661495300096,6,9512,DeWayne,McBride,MIN,RB,Active,0
921152207104335872,NCAA SUN BELT,921152207104335873,3,31,55,465019661495300096,6,9499,Bryce,Ford-Wheaton,NYG,WR,Active,0
921152207104335872,NCAA SUN BELT,921152207104335873,3,32,56,465297932204109824,12,10871,Luke,Schoonmaker,DAL,TE,Active,0
921152207104335872,NCAA SUN BELT,921152207104335873,3,33,57,441330448283463680,10,9222,Zach,Evans,LAR,RB,Active,0
921152207104335872,NCAA SUN BELT,921152207104335873,3,34,58,481957045667360768,3,9999,Will,Levis,TEN,QB,Active,0
921152207104335872,NCAA SUN BELT,921152207104335873,3,35,59,481957045667360768,3,9502,Tank,Dell,HOU,WR,Active,0
921152207104335872,NCAA SUN BELT,921152207104335873,3,36,60,441362521463451648,8,9480,Brenton,Strange,JAX,TE,Active,0
921152207104335872,NCAA SUN BELT,921152207104335873,4,37,73,429733810611949568,1,10444,Cedric,Tillman,CLE,WR,Active,0
921152207104335872,NCAA SUN BELT,921152207104335873,4,38,74,465019661495300096,6,10870,Deneric,Prince,KC,RB,Active,0
921152207104335872,NCAA SUN BELT,921152207104335873,4,39,75,546466738316963840,5,9479,Darnell,Washington,PIT,TE,Active,0
921152207104335872,NCAA SUN BELT,921152207104335873,4,40,76,481957045667360768,3,10232,Michael,Wilson,ARI,WR,Active,0
921152207104335872,NCAA SUN BELT,921152207104335873,4,41,77,447283305738399744,4,9484,Tucker,Kraft,GB,TE,Active,0
921152207104335872,NCAA SUN BELT,921152207104335873,4,42,78,429733810611949568,1,9220,Evan,Hull,IND,RB,Active,0
921152207104335872,NCAA SUN BELT,921152207104335873,4,43,79,461681329860243456,11,9487,Parker,Washington,JAX,WR,Active,0
921152207104335872,NCAA SUN BELT,921152207104335873,4,44,80,429733810611949568,1,10937,Jake,Moody,SF,K,Active,0
921152207104335872,NCAA SUN BELT,921152207104335873,4,45,81,441330448283463680,10,10218,Xavier,Hutchinson,HOU,WR,Active,0
921152207104335872,NCAA SUN BELT,921152207104335873,4,46,82,481957045667360768,3,9998,Hendon,Hooker,DET,QB,Active,0
921152207104335872,NCAA SUN BELT,921152207104335873,4,47,83,380128482900062208,9,10216,Kenny,McIntosh,SEA,RB,Active,0
921152207104335872,NCAA SUN BELT,921152207104335873,4,48,84,441362521463451648,8,10863,A.T.,Perry,NO,WR,Active,0
921152169275957248,NCAA BIG EAST & CO.,921152169275957249,1,1,1,456159345906806784,7,9509,Bijan,Robinson,ATL,RB,Active,0
921152169275957248,NCAA BIG EAST & CO.,921152169275957249,1,2,2,64174089933570048,12,9221,Jahmyr,Gibbs,DET,RB,Active,0
921152169275957248,NCAA BIG EAST & CO.,921152169275957249,1,3,3,333005257409847296,3,9756,Jordan,Addison,MIN,WR,Active,0
921152169275957248,NCAA BIG EAST & CO.,921152169275957249,1,4,4,389656085486649344,2,9228,Bryce,Young,CAR,QB,Active,0
921152169275957248,NCAA BIG EAST & CO.,921152169275957249,1,5,5,456129190995947520,4,9488,Jaxon,Smith-Njigba,SEA,WR,Active,0
921152169275957248,NCAA BIG EAST & CO.,921152169275957249,1,6,6,802480422482206720,9,9754,Quentin,Johnston,LAC,WR,Active,0
921152169275957248,NCAA BIG EAST & CO.,921152169275957249,1,7,7,802480422482206720,9,9997,Zay,Flowers,BAL,WR,Active,0
921152169275957248,NCAA BIG EAST & CO.,921152169275957249,1,8,8,456182244336201728,11,9753,Zach,Charbonnet,SEA,RB,Active,0
921152169275957248,NCAA BIG EAST & CO.,921152169275957249,1,9,9,802480422482206720,9,9482,Michael,Mayer,LV,TE,Active,0
921152169275957248,NCAA BIG EAST & CO.,921152169275957249,1,10,10,802480422482206720,9,9229,Anthony,Richardson,IND,QB,Active,0
921152169275957248,NCAA BIG EAST & CO.,921152169275957249,1,11,11,443323427143544832,6,10225,Jonathan,Mingo,CAR,WR,Active,0
921152169275957248,NCAA BIG EAST & CO.,921152169275957249,1,12,12,836025225756934144,5,10236,Dalton,Kincaid,BUF,TE,Active,0
921152169275957248,NCAA BIG EAST & CO.,921152169275957249,2,13,25,836025225756934144,5,9226,Devon,Achane,MIA,RB,Active,0
921152169275957248,NCAA BIG EAST & CO.,921152169275957249,2,14,26,802480422482206720,9,9757,Kendre,Miller,NO,RB,Active,0
921152169275957248,NCAA BIG EAST & CO.,921152169275957249,2,15,27,333005257409847296,3,9508,Tyjae,Spears,TEN,RB,Active,0
921152169275957248,NCAA BIG EAST & CO.,921152169275957249,2,16,28,836025225756934144,5,9758,C.J.,Stroud,HOU,QB,Active,0
921152169275957248,NCAA BIG EAST & CO.,921152169275957249,2,17,29,456129190995947520,4,10229,Rashee,Rice,KC,WR,Active,0
921152169275957248,NCAA BIG EAST & CO.,921152169275957249,2,18,30,64174089933570048,12,9500,Josh,Downs,IND,WR,Active,0
921152169275957248,NCAA BIG EAST & CO.,921152169275957249,2,19,31,338858684358623232,10,9225,Tank,Bigsby,JAX,RB,Active,0
921152169275957248,NCAA BIG EAST & CO.,921152169275957249,2,20,32,64174089933570048,12,10235,Roschon,Johnson,CHI,RB,Active,0
921152169275957248,NCAA BIG EAST & CO.,921152169275957249,2,21,33,802480422482206720,9,10859,Sam,LaPorta,DET,TE,Active,0
921152169275957248,NCAA BIG EAST & CO.,921152169275957249,2,22,34,456159345906806784,7,9497,Jalin,Hyatt,NYG,WR,Active,0
921152169275957248,NCAA BIG EAST & CO.,921152169275957249,2,23,35,443323427143544832,6,10222,Jayden,Reed,GB,WR,Active,0
921152169275957248,NCAA BIG EAST & CO.,921152169275957249,2,24,36,333005257409847296,3,9481,Luke,Musgrave,GB,TE,Active,0
921152169275957248,NCAA BIG EAST & CO.,921152169275957249,3,25,49,836025225756934144,5,9224,Chase,Brown,CIN,RB,Active,0
921152169275957248,NCAA BIG EAST & CO.,921152169275957249,3,26,50,64174089933570048,12,9227,Israel,Abanikanda,NYJ,RB,Active,0
921152169275957248,NCAA BIG EAST & CO.,921152169275957249,3,27,51,333005257409847296,3,9505,Deuce,Vaughn,DAL,RB,Active,0
921152169275957248,NCAA BIG EAST & CO.,921152169275957249,3,28,52,389656085486649344,2,9999,Will,Levis,TEN,QB,Active,0
921152169275957248,NCAA BIG EAST & CO.,921152169275957249,3,29,53,456129190995947520,4,9222,Zach,Evans,LAR,RB,Active,0
921152169275957248,NCAA BIG EAST & CO.,921152169275957249,3,30,54,64174089933570048,12,10444,Cedric,Tillman,CLE,WR,Active,0
921152169275957248,NCAA BIG EAST & CO.,921152169275957249,3,31,55,338858684358623232,10,9479,Darnell,Washington,PIT,TE,Active,0
921152169275957248,NCAA BIG EAST & CO.,921152169275957249,3,32,56,456182244336201728,11,10937,Jake,Moody,SF,K,Active,0
921152169275957248,NCAA BIG EAST & CO.,921152169275957249,3,33,57,596439270961508352,1,9512,DeWayne,McBride,MIN,RB,Active,0
921152169275957248,NCAA BIG EAST & CO.,921152169275957249,3,34,58,333005257409847296,3,10223,Eric,Gray,NYG,RB,Active,0
921152169275957248,NCAA BIG EAST & CO.,921152169275957249,3,35,59,443323427143544832,6,10871,Luke,Schoonmaker,DAL,TE,Active,0
921152169275957248,NCAA BIG EAST & CO.,921152169275957249,3,36,60,456167283761344512,8,9487,Parker,Washington,JAX,WR,Active,0
921152169275957248,NCAA BIG EAST & CO.,921152169275957249,4,37,73,836025225756934144,5,9502,Tank,Dell,HOU,WR,Active,0
921152169275957248,NCAA BIG EAST & CO.,921152169275957249,4,38,74,802480422482206720,9,10955,Chad,Ryland,NE,K,Active,0
921152169275957248,NCAA BIG EAST & CO.,921152169275957249,4,39,75,333005257409847296,3,9504,Kayshon,Boutte,NE,WR,Active,0
921152169275957248,NCAA BIG EAST & CO.,921152169275957249,4,40,76,836025225756934144,5,11008,Anders,Carlson,GB,K,Active,0
921152169275957248,NCAA BIG EAST & CO.,921152169275957249,4,41,77,456129190995947520,4,10218,Xavier,Hutchinson,HOU,WR,Active,0
921152169275957248,NCAA BIG EAST & CO.,921152169275957249,4,42,78,64174089933570048,12,9489,Justin,Shorter,BUF,WR,Active,0
921152169275957248,NCAA BIG EAST & CO.,921152169275957249,4,43,79,338858684358623232,10,9998,Hendon,Hooker,DET,QB,Active,0
921152169275957248,NCAA BIG EAST & CO.,921152169275957249,4,44,80,456182244336201728,11,10210,Cameron,Latu,SF,TE,Active,0
921152169275957248,NCAA BIG EAST & CO.,921152169275957249,4,45,81,596439270961508352,1,10232,Michael,Wilson,ARI,WR,Active,0
921152169275957248,NCAA BIG EAST & CO.,921152169275957249,4,46,82,456167283761344512,8,9480,Brenton,Strange,JAX,TE,Active,0
921152169275957248,NCAA BIG EAST & CO.,921152169275957249,4,47,83,443323427143544832,6,9220,Evan,Hull,IND,RB,Active,0
921152169275957248,NCAA BIG EAST & CO.,921152169275957249,4,48,84,456167283761344512,8,10219,Chris,Rodriguez,WAS,RB,Active,0
921152118084460544,NCAA SEC,921152118084460545,1,1,1,510483000784015360,10,9509,Bijan,Robinson,ATL,RB,Active,0
921152118084460544,NCAA SEC,921152118084460545,1,2,2,634614368377589760,8,9221,Jahmyr,Gibbs,DET,RB,Active,0
921152118084460544,NCAA SEC,921152118084460545,1,3,3,445468333035220992,12,9488,Jaxon,Smith-Njigba,SEA,WR,Active,0
921152118084460544,NCAA SEC,921152118084460545,1,4,4,510556455562792960,6,9754,Quentin,Johnston,LAC,WR,Active,0
921152118084460544,NCAA SEC,921152118084460545,1,5,5,510483000784015360,10,9756,Jordan,Addison,MIN,WR,Active,0
921152118084460544,NCAA SEC,921152118084460545,1,6,6,457957045534978048,3,9997,Zay,Flowers,BAL,WR,Active,0
921152118084460544,NCAA SEC,921152118084460545,1,7,7,510483000784015360,10,10236,Dalton,Kincaid,BUF,TE,Active,0
921152118084460544,NCAA SEC,921152118084460545,1,8,8,510483000784015360,10,9229,Anthony,Richardson,IND,QB,Active,0
921152118084460544,NCAA SEC,921152118084460545,1,9,9,510556455562792960,6,9226,Devon,Achane,MIA,RB,Active,0
921152118084460544,NCAA SEC,921152118084460545,1,10,10,445468333035220992,12,9753,Zach,Charbonnet,SEA,RB,Active,0
921152118084460544,NCAA SEC,921152118084460545,1,11,11,508516852143693824,2,9482,Michael,Mayer,LV,TE,Active,0
921152118084460544,NCAA SEC,921152118084460545,1,12,12,560284880620699648,11,10225,Jonathan,Mingo,CAR,WR,Active,0
921152118084460544,NCAA SEC,921152118084460545,2,13,25,510483000784015360,10,9228,Bryce,Young,CAR,QB,Active,0
921152118084460544,NCAA SEC,921152118084460545,2,14,26,634614368377589760,8,9500,Josh,Downs,IND,WR,Active,0
921152118084460544,NCAA SEC,921152118084460545,2,15,27,445468333035220992,12,9757,Kendre,Miller,NO,RB,Active,0
921152118084460544,NCAA SEC,921152118084460545,2,16,28,461680102409760768,7,10859,Sam,LaPorta,DET,TE,Active,0
921152118084460544,NCAA SEC,921152118084460545,2,17,29,457957045534978048,3,9758,C.J.,Stroud,HOU,QB,Active,0
921152118084460544,NCAA SEC,921152118084460545,2,18,30,508516852143693824,2,9225,Tank,Bigsby,JAX,RB,Active,0
921152118084460544,NCAA SEC,921152118084460545,2,19,31,441458152391569408,1,9494,Marvin,Mims,DEN,WR,Active,0
921152118084460544,NCAA SEC,921152118084460545,2,20,32,560284880620699648,11,9497,Jalin,Hyatt,NYG,WR,Active,0
921152118084460544,NCAA SEC,921152118084460545,2,21,33,510556455562792960,6,10229,Rashee,Rice,KC,WR,Active,0
921152118084460544,NCAA SEC,921152118084460545,2,22,34,445468333035220992,12,10222,Jayden,Reed,GB,WR,Active,0
921152118084460544,NCAA SEC,921152118084460545,2,23,35,445468333035220992,12,9508,Tyjae,Spears,TEN,RB,Active,0
921152118084460544,NCAA SEC,921152118084460545,2,24,36,562032371824951296,5,9224,Chase,Brown,CIN,RB,Active,0
921152118084460544,NCAA SEC,921152118084460545,3,25,49,510483000784015360,10,10235,Roschon,Johnson,CHI,RB,Active,0
921152118084460544,NCAA SEC,921152118084460545,3,26,50,634614368377589760,8,9999,Will,Levis,TEN,QB,Active,0
921152118084460544,NCAA SEC,921152118084460545,3,27,51,508521974461227008,9,9479,Darnell,Washington,PIT,TE,Active,0
921152118084460544,NCAA SEC,921152118084460545,3,28,52,461680102409760768,7,10223,Eric,Gray,NYG,RB,Active,0
921152118084460544,NCAA SEC,921152118084460545,3,29,53,457957045534978048,3,9222,Zach,Evans,LAR,RB,Active,0
921152118084460544,NCAA SEC,921152118084460545,3,30,54,508516852143693824,2,10444,Cedric,Tillman,CLE,WR,Active,0
921152118084460544,NCAA SEC,921152118084460545,3,31,55,441458152391569408,1,9227,Israel,Abanikanda,NYJ,RB,Active,0
921152118084460544,NCAA SEC,921152118084460545,3,32,56,510483000784015360,10,9481,Luke,Musgrave,GB,TE,Active,0
921152118084460544,NCAA SEC,921152118084460545,3,33,57,441458152391569408,1,9480,Brenton,Strange,JAX,TE,Active,0
921152118084460544,NCAA SEC,921152118084460545,3,34,58,441458152391569408,1,10871,Luke,Schoonmaker,DAL,TE,Active,0
921152118084460544,NCAA SEC,921152118084460545,3,35,59,508516852143693824,2,9502,Tank,Dell,HOU,WR,Active,0
921152118084460544,NCAA SEC,921152118084460545,3,36,60,562032371824951296,5,10937,Jake,Moody,SF,K,Active,0
921152118084460544,NCAA SEC,921152118084460545,4,37,73,510483000784015360,10,9505,Deuce,Vaughn,DAL,RB,Active,0
921152118084460544,NCAA SEC,921152118084460545,4,38,74,634614368377589760,8,9504,Kayshon,Boutte,NE,WR,Active,0
921152118084460544,NCAA SEC,921152118084460545,4,39,75,445468333035220992,12,9998,Hendon,Hooker,DET,QB,Active,0
921152118084460544,NCAA SEC,921152118084460545,4,40,76,461680102409760768,7,10862,Dorian,Thompson-Robinson,CLE,QB,Active,0
921152118084460544,NCAA SEC,921152118084460545,4,41,77,508521974461227008,9,10857,Stetson,Bennett,LAR,QB,Active,0
921152118084460544,NCAA SEC,921152118084460545,4,42,78,508521974461227008,9,10955,Chad,Ryland,NE,K,Active,0
921152118084460544,NCAA SEC,921152118084460545,4,43,79,441458152391569408,1,10217,Clayton,Tune,ARI,QB,Active,0
921152118084460544,NCAA SEC,921152118084460545,4,44,80,560284880620699648,11,9220,Evan,Hull,IND,RB,Active,0
921152118084460544,NCAA SEC,921152118084460545,4,45,81,510556455562792960,6,10232,Michael,Wilson,ARI,WR,Active,0
921152118084460544,NCAA SEC,921152118084460545,4,46,82,446524535810813952,4,9512,DeWayne,McBride,MIN,RB,Active,0
921152118084460544,NCAA SEC,921152118084460545,4,47,83,508521974461227008,9,10213,Tre,Tucker,LV,WR,Active,0
921152118084460544,NCAA SEC,921152118084460545,4,48,84,562032371824951296,5,10863,A.T.,Perry,NO,WR,Active,0
921152073054457856,NCAA BIG 12,921152073054457857,1,1,1,464117743042424832,5,9509,Bijan,Robinson,ATL,RB,Active,0
921152073054457856,NCAA BIG 12,921152073054457857,1,2,2,820771678849171456,12,9221,Jahmyr,Gibbs,DET,RB,Active,0
921152073054457856,NCAA BIG 12,921152073054457857,1,3,3,543929284962770944,8,9754,Quentin,Johnston,LAC,WR,Active,0
921152073054457856,NCAA BIG 12,921152073054457857,1,4,4,425386065373691904,7,9488,Jaxon,Smith-Njigba,SEA,WR,Active,0
921152073054457856,NCAA BIG 12,921152073054457857,1,5,5,425362114291437568,4,9756,Jordan,Addison,MIN,WR,Active,0
921152073054457856,NCAA BIG 12,921152073054457857,1,6,6,425386065373691904,7,9997,Zay,Flowers,BAL,WR,Active,0
921152073054457856,NCAA BIG 12,921152073054457857,1,7,7,989926421084557312,10,9226,Devon,Achane,MIA,RB,Active,0
921152073054457856,NCAA BIG 12,921152073054457857,1,8,8,667752373111824384,2,10236,Dalton,Kincaid,BUF,TE,Active,0
921152073054457856,NCAA BIG 12,921152073054457857,1,9,9,820771678849171456,12,9757,Kendre,Miller,NO,RB,Active,0
921152073054457856,NCAA BIG 12,921152073054457857,1,10,10,619190004979138560,11,9482,Michael,Mayer,LV,TE,Active,0
921152073054457856,NCAA BIG 12,921152073054457857,1,11,11,446530486903238656,1,9753,Zach,Charbonnet,SEA,RB,Active,0
921152073054457856,NCAA BIG 12,921152073054457857,1,12,12,335910160469880832,6,9494,Marvin,Mims,DEN,WR,Active,0
921152073054457856,NCAA BIG 12,921152073054457857,2,13,25,820771678849171456,12,9229,Anthony,Richardson,IND,QB,Active,0
921152073054457856,NCAA BIG 12,921152073054457857,2,14,26,667752373111824384,2,10229,Rashee,Rice,KC,WR,Active,0
921152073054457856,NCAA BIG 12,921152073054457857,2,15,27,543929284962770944,8,10225,Jonathan,Mingo,CAR,WR,Active,0
921152073054457856,NCAA BIG 12,921152073054457857,2,16,28,533541056352481280,3,9228,Bryce,Young,CAR,QB,Active,0
921152073054457856,NCAA BIG 12,921152073054457857,2,17,29,989926421084557312,10,10235,Roschon,Johnson,CHI,RB,Active,0
921152073054457856,NCAA BIG 12,921152073054457857,2,18,30,453711063846744064,9,9225,Tank,Bigsby,JAX,RB,Active,0
921152073054457856,NCAA BIG 12,921152073054457857,2,19,31,619190004979138560,11,9508,Tyjae,Spears,TEN,RB,Active,0
921152073054457856,NCAA BIG 12,921152073054457857,2,20,32,464117743042424832,5,9758,C.J.,Stroud,HOU,QB,Active,0
921152073054457856,NCAA BIG 12,921152073054457857,2,21,33,543929284962770944,8,10859,Sam,LaPorta,DET,TE,Active,0
921152073054457856,NCAA BIG 12,921152073054457857,2,22,34,464117743042424832,5,9500,Josh,Downs,IND,WR,Active,0
921152073054457856,NCAA BIG 12,921152073054457857,2,23,35,425362114291437568,4,10222,Jayden,Reed,GB,WR,Active,0
921152073054457856,NCAA BIG 12,921152073054457857,2,24,36,989926421084557312,10,9497,Jalin,Hyatt,NYG,WR,Active,0
921152073054457856,NCAA BIG 12,921152073054457857,3,25,49,425362114291437568,4,9222,Zach,Evans,LAR,RB,Active,0
921152073054457856,NCAA BIG 12,921152073054457857,3,26,50,989926421084557312,10,9504,Kayshon,Boutte,NE,WR,Active,0
921152073054457856,NCAA BIG 12,921152073054457857,3,27,51,989926421084557312,10,9502,Tank,Dell,HOU,WR,Active,0
921152073054457856,NCAA BIG 12,921152073054457857,3,28,52,989926421084557312,10,9493,Puka,Nacua,LAR,WR,Active,0
921152073054457856,NCAA BIG 12,921152073054457857,3,29,53,989926421084557312,10,10871,Luke,Schoonmaker,DAL,TE,Active,0
921152073054457856,NCAA BIG 12,921152073054457857,3,30,54,453711063846744064,9,9479,Darnell,Washington,PIT,TE,Active,0
921152073054457856,NCAA BIG 12,921152073054457857,3,31,55,619190004979138560,11,9998,Hendon,Hooker,DET,QB,Active,0
921152073054457856,NCAA BIG 12,921152073054457857,3,32,56,989926421084557312,10,9505,Deuce,Vaughn,DAL,RB,Active,0
921152073054457856,NCAA BIG 12,921152073054457857,3,33,57,543929284962770944,8,9480,Brenton,Strange,JAX,TE,Active,0
921152073054457856,NCAA BIG 12,921152073054457857,3,34,58,989926421084557312,10,10218,Xavier,Hutchinson,HOU,WR,Active,0
921152073054457856,NCAA BIG 12,921152073054457857,3,35,59,667752373111824384,2,10223,Eric,Gray,NYG,RB,Active,0
921152073054457856,NCAA BIG 12,921152073054457857,3,36,60,335910160469880832,6,9512,DeWayne,McBride,MIN,RB,Active,0
921152073054457856,NCAA BIG 12,921152073054457857,4,37,73,543929284962770944,8,10232,Michael,Wilson,ARI,WR,Active,0
921152073054457856,NCAA BIG 12,921152073054457857,4,38,74,335910160469880832,6,9484,Tucker,Kraft,GB,TE,Active,0
921152073054457856,NCAA BIG 12,921152073054457857,4,39,75,989926421084557312,10,9489,Justin,Shorter,BUF,WR,Active,0
921152073054457856,NCAA BIG 12,921152073054457857,4,40,76,425386065373691904,7,9227,Israel,Abanikanda,NYJ,RB,Active,0
921152073054457856,NCAA BIG 12,921152073054457857,4,41,77,543929284962770944,8,10219,Chris,Rodriguez,WAS,RB,Active,0
921152073054457856,NCAA BIG 12,921152073054457857,4,42,78,453711063846744064,9,10862,Dorian,Thompson-Robinson,CLE,QB,Active,0
921152073054457856,NCAA BIG 12,921152073054457857,4,43,79,619190004979138560,11,10213,Tre,Tucker,LV,WR,Active,0
921152073054457856,NCAA BIG 12,921152073054457857,4,44,80,425362114291437568,4,10937,Jake,Moody,SF,K,Active,0
921152073054457856,NCAA BIG 12,921152073054457857,4,45,81,425386065373691904,7,9506,Sean,Tucker,,RB,Active,0
921152073054457856,NCAA BIG 12,921152073054457857,4,46,82,989926421084557312,10,10863,A.T.,Perry,NO,WR,Active,0
921152073054457856,NCAA BIG 12,921152073054457857,4,47,83,425386065373691904,7,10857,Stetson,Bennett,LAR,QB,Active,0
921152073054457856,NCAA BIG 12,921152073054457857,4,48,84,335910160469880832,6,10216,Kenny,McIntosh,SEA,RB,Active,0
921152041332871168,NCAA ACC,921152041332871169,1,1,1,713189676609003520,10,9509,Bijan,Robinson,ATL,RB,Active,0
921152041332871168,NCAA ACC,921152041332871169,1,2,2,302575527556825088,12,9221,Jahmyr,Gibbs,DET,RB,Active,0
921152041332871168,NCAA ACC,921152041332871169,1,3,3,302575527556825088,12,9488,Jaxon,Smith-Njigba,SEA,WR,Active,0
921152041332871168,NCAA ACC,921152041332871169,1,4,4,468618720470626304,5,10236,Dalton,Kincaid,BUF,TE,Active,0
921152041332871168,NCAA ACC,921152041332871169,1,5,5,453658285061435392,7,9756,Jordan,Addison,MIN,WR,Active,0
921152041332871168,NCAA ACC,921152041332871169,1,6,6,456168604006608896,8,9754,Quentin,Johnston,LAC,WR,Active,0
921152041332871168,NCAA ACC,921152041332871169,1,7,7,456168604006608896,8,9997,Zay,Flowers,BAL,WR,Active,0
921152041332871168,NCAA ACC,921152041332871169,1,8,8,455836851501002752,4,9229,Anthony,Richardson,IND,QB,Active,0
921152041332871168,NCAA ACC,921152041332871169,1,9,9,455836851501002752,4,10225,Jonathan,Mingo,CAR,WR,Active,0
921152041332871168,NCAA ACC,921152041332871169,1,10,10,463453800313647104,6,9226,Devon,Achane,MIA,RB,Active,0
921152041332871168,NCAA ACC,921152041332871169,1,11,11,568115266901286912,2,9228,Bryce,Young,CAR,QB,Active,0
921152041332871168,NCAA ACC,921152041332871169,1,12,12,713189676609003520,10,9753,Zach,Charbonnet,SEA,RB,Active,0
921152041332871168,NCAA ACC,921152041332871169,2,13,25,713189676609003520,10,9482,Michael,Mayer,LV,TE,Active,0
921152041332871168,NCAA ACC,921152041332871169,2,14,26,455836851501002752,4,10859,Sam,LaPorta,DET,TE,Active,0
921152041332871168,NCAA ACC,921152041332871169,2,15,27,668318967567323136,9,9497,Jalin,Hyatt,NYG,WR,Active,0
921152041332871168,NCAA ACC,921152041332871169,2,16,28,468618720470626304,5,9758,C.J.,Stroud,HOU,QB,Active,0
921152041332871168,NCAA ACC,921152041332871169,2,17,29,302575527556825088,12,10235,Roschon,Johnson,CHI,RB,Active,0
921152041332871168,NCAA ACC,921152041332871169,2,18,30,456168604006608896,8,9757,Kendre,Miller,NO,RB,Active,0
921152041332871168,NCAA ACC,921152041332871169,2,19,31,455836851501002752,4,10222,Jayden,Reed,GB,WR,Active,0
921152041332871168,NCAA ACC,921152041332871169,2,20,32,468618720470626304,5,10229,Rashee,Rice,KC,WR,Active,0
921152041332871168,NCAA ACC,921152041332871169,2,21,33,668318967567323136,9,9500,Josh,Downs,IND,WR,Active,0
921152041332871168,NCAA ACC,921152041332871169,2,22,34,463453800313647104,6,9225,Tank,Bigsby,JAX,RB,Active,0
921152041332871168,NCAA ACC,921152041332871169,2,23,35,568115266901286912,2,9479,Darnell,Washington,PIT,TE,Active,0
921152041332871168,NCAA ACC,921152041332871169,2,24,36,713189676609003520,10,9481,Luke,Musgrave,GB,TE,Active,0
921152041332871168,NCAA ACC,921152041332871169,3,25,49,713189676609003520,10,9494,Marvin,Mims,DEN,WR,Active,0
921152041332871168,NCAA ACC,921152041332871169,3,26,50,455836851501002752,4,9508,Tyjae,Spears,TEN,RB,Active,0
921152041332871168,NCAA ACC,921152041332871169,3,27,51,668318967567323136,9,9502,Tank,Dell,HOU,WR,Active,0
921152041332871168,NCAA ACC,921152041332871169,3,28,52,825796864786964480,3,9222,Zach,Evans,LAR,RB,Active,0
921152041332871168,NCAA ACC,921152041332871169,3,29,53,453658285061435392,7,9224,Chase,Brown,CIN,RB,Active,0
921152041332871168,NCAA ACC,921152041332871169,3,30,54,825796864786964480,3,9505,Deuce,Vaughn,DAL,RB,Active,0
921152041332871168,NCAA ACC,921152041332871169,3,31,55,458070829909929984,11,9999,Will,Levis,TEN,QB,Active,0
921152041332871168,NCAA ACC,921152041332871169,3,32,56,825796864786964480,3,9504,Kayshon,Boutte,NE,WR,Active,0
921152041332871168,NCAA ACC,921152041332871169,3,33,57,458070829909929984,11,10444,Cedric,Tillman,CLE,WR,Active,0
921152041332871168,NCAA ACC,921152041332871169,3,34,58,463453800313647104,6,9490,Tyler,Scott,CHI,WR,Active,0
921152041332871168,NCAA ACC,921152041332871169,3,35,59,568115266901286912,2,10937,Jake,Moody,SF,K,Active,0
921152041332871168,NCAA ACC,921152041332871169,3,36,60,571754879825395712,1,10223,Eric,Gray,NYG,RB,Active,0
921152041332871168,NCAA ACC,921152041332871169,4,37,73,455836851501002752,4,9220,Evan,Hull,IND,RB,Active,0
921152041332871168,NCAA ACC,921152041332871169,4,38,74,571754879825395712,1,9227,Israel,Abanikanda,NYJ,RB,Active,0
921152041332871168,NCAA ACC,921152041332871169,4,39,75,668318967567323136,9,10219,Chris,Rodriguez,WAS,RB,Active,0
921152041332871168,NCAA ACC,921152041332871169,4,40,76,468618720470626304,5,9512,DeWayne,McBride,MIN,RB,Active,0
921152041332871168,NCAA ACC,921152041332871169,4,41,77,453658285061435392,7,9998,Hendon,Hooker,DET,QB,Active,0
921152041332871168,NCAA ACC,921152041332871169,4,42,78,456168604006608896,8,10232,Michael,Wilson,ARI,WR,Active,0
921152041332871168,NCAA ACC,921152041332871169,4,43,79,458070829909929984,11,10871,Luke,Schoonmaker,DAL,TE,Active,0
921152041332871168,NCAA ACC,921152041332871169,4,44,80,468618720470626304,5,9489,Justin,Shorter,BUF,WR,Active,0
921152041332871168,NCAA ACC,921152041332871169,4,45,81,668318967567323136,9,9480,Brenton,Strange,JAX,TE,Active,0
921152041332871168,NCAA ACC,921152041332871169,4,46,82,463453800313647104,6,9506,Sean,Tucker,,RB,Active,0
921152041332871168,NCAA ACC,921152041332871169,4,47,83,568115266901286912,2,10218,Xavier,Hutchinson,HOU,WR,Active,0
921152041332871168,NCAA ACC,921152041332871169,4,48,84,825796864786964480,3,10216,Kenny,McIntosh,SEA,RB,Active,0
921151976868155392,NCAA PAC 12,921151976868155393,1,1,1,470320542868566016,3,9509,Bijan,Robinson,ATL,RB,Active,0
921151976868155392,NCAA PAC 12,921151976868155393,1,2,2,611968410179424256,8,9221,Jahmyr,Gibbs,DET,RB,Active,0
921151976868155392,NCAA PAC 12,921151976868155393,1,3,3,611968410179424256,8,9488,Jaxon,Smith-Njigba,SEA,WR,Active,0
921151976868155392,NCAA PAC 12,921151976868155393,1,4,4,611968410179424256,8,9482,Michael,Mayer,LV,TE,Active,0
921151976868155392,NCAA PAC 12,921151976868155393,1,5,5,338823136923381760,6,9756,Jordan,Addison,MIN,WR,Active,0
921151976868155392,NCAA PAC 12,921151976868155393,1,6,6,338823136923381760,6,9753,Zach,Charbonnet,SEA,RB,Active,0
921151976868155392,NCAA PAC 12,921151976868155393,1,7,7,619963570297352192,5,9754,Quentin,Johnston,LAC,WR,Active,0
921151976868155392,NCAA PAC 12,921151976868155393,1,8,8,611968410179424256,8,9758,C.J.,Stroud,HOU,QB,Active,0
921151976868155392,NCAA PAC 12,921151976868155393,1,9,9,76460245878456320,11,9997,Zay,Flowers,BAL,WR,Active,0
921151976868155392,NCAA PAC 12,921151976868155393,1,10,10,477666723663704064,4,9229,Anthony,Richardson,IND,QB,Active,0
921151976868155392,NCAA PAC 12,921151976868155393,1,11,11,519390092788297728,9,9226,Devon,Achane,MIA,RB,Active,0
921151976868155392,NCAA PAC 12,921151976868155393,1,12,12,470320542868566016,3,10236,Dalton,Kincaid,BUF,TE,Active,0
921151976868155392,NCAA PAC 12,921151976868155393,2,13,25,470320542868566016,3,9228,Bryce,Young,CAR,QB,Active,0
921151976868155392,NCAA PAC 12,921151976868155393,2,14,26,611968410179424256,8,10225,Jonathan,Mingo,CAR,WR,Active,0
921151976868155392,NCAA PAC 12,921151976868155393,2,15,27,477666723663704064,4,9757,Kendre,Miller,NO,RB,Active,0
921151976868155392,NCAA PAC 12,921151976868155393,2,16,28,338823136923381760,6,10859,Sam,LaPorta,DET,TE,Active,0
921151976868155392,NCAA PAC 12,921151976868155393,2,17,29,470320542868566016,3,9494,Marvin,Mims,DEN,WR,Active,0
921151976868155392,NCAA PAC 12,921151976868155393,2,18,30,477666723663704064,4,10229,Rashee,Rice,KC,WR,Active,0
921151976868155392,NCAA PAC 12,921151976868155393,2,19,31,619963570297352192,5,10222,Jayden,Reed,GB,WR,Active,0
921151976868155392,NCAA PAC 12,921151976868155393,2,20,32,477666723663704064,4,9508,Tyjae,Spears,TEN,RB,Active,0
921151976868155392,NCAA PAC 12,921151976868155393,2,21,33,338823136923381760,6,10235,Roschon,Johnson,CHI,RB,Active,0
921151976868155392,NCAA PAC 12,921151976868155393,2,22,34,477666723663704064,4,9500,Josh,Downs,IND,WR,Active,0
921151976868155392,NCAA PAC 12,921151976868155393,2,23,35,477666723663704064,4,9481,Luke,Musgrave,GB,TE,Active,0
921151976868155392,NCAA PAC 12,921151976868155393,2,24,36,477666723663704064,4,9497,Jalin,Hyatt,NYG,WR,Active,0
921151976868155392,NCAA PAC 12,921151976868155393,3,25,49,437465313911500800,1,10444,Cedric,Tillman,CLE,WR,Active,0
921151976868155392,NCAA PAC 12,921151976868155393,3,26,50,611968410179424256,8,9999,Will,Levis,TEN,QB,Active,0
921151976868155392,NCAA PAC 12,921151976868155393,3,27,51,611968410179424256,8,9504,Kayshon,Boutte,NE,WR,Active,0
921151976868155392,NCAA PAC 12,921151976868155393,3,28,52,450806182555152384,12,9224,Chase,Brown,CIN,RB,Active,0
921151976868155392,NCAA PAC 12,921151976868155393,3,29,53,597246797479469056,7,9227,Israel,Abanikanda,NYJ,RB,Active,0
921151976868155392,NCAA PAC 12,921151976868155393,3,30,54,519390092788297728,9,9502,Tank,Dell,HOU,WR,Active,0
921151976868155392,NCAA PAC 12,921151976868155393,3,31,55,619963570297352192,5,10862,Dorian,Thompson-Robinson,CLE,QB,Active,0
921151976868155392,NCAA PAC 12,921151976868155393,3,32,56,611968410179424256,8,10213,Tre,Tucker,LV,WR,Active,0
921151976868155392,NCAA PAC 12,921151976868155393,3,33,57,611968410179424256,8,9490,Tyler,Scott,CHI,WR,Active,0
921151976868155392,NCAA PAC 12,921151976868155393,3,34,58,477666723663704064,4,9222,Zach,Evans,LAR,RB,Active,0
921151976868155392,NCAA PAC 12,921151976868155393,3,35,59,338823136923381760,6,9998,Hendon,Hooker,DET,QB,Active,0
921151976868155392,NCAA PAC 12,921151976868155393,3,36,60,534619662650601472,10,9479,Darnell,Washington,PIT,TE,Active,0
921151976868155392,NCAA PAC 12,921151976868155393,4,37,73,437465313911500800,1,9220,Evan,Hull,IND,RB,Active,0
921151976868155392,NCAA PAC 12,921151976868155393,4,38,74,477666723663704064,4,10232,Michael,Wilson,ARI,WR,Active,0
921151976868155392,NCAA PAC 12,921151976868155393,4,39,75,76460245878456320,11,10223,Eric,Gray,NYG,RB,Active,0
921151976868155392,NCAA PAC 12,921151976868155393,4,40,76,519390092788297728,9,9512,DeWayne,McBride,MIN,RB,Active,0
921151976868155392,NCAA PAC 12,921151976868155393,4,41,77,470320542868566016,3,10871,Luke,Schoonmaker,DAL,TE,Active,0
921151976868155392,NCAA PAC 12,921151976868155393,4,42,78,709857172258881536,2,10218,Xavier,Hutchinson,HOU,WR,Active,0
921151976868155392,NCAA PAC 12,921151976868155393,4,43,79,619963570297352192,5,9493,Puka,Nacua,LAR,WR,Active,0
921151976868155392,NCAA PAC 12,921151976868155393,4,44,80,450806182555152384,12,10219,Chris,Rodriguez,WAS,RB,Active,0
921151976868155392,NCAA PAC 12,921151976868155393,4,45,81,76460245878456320,11,9480,Brenton,Strange,JAX,TE,Active,0
921151976868155392,NCAA PAC 12,921151976868155393,4,46,82,338823136923381760,6,11053,Antoine,Green,DET,WR,Active,0
921151976868155392,NCAA PAC 12,921151976868155393,4,47,83,450806182555152384,12,9487,Parker,Washington,JAX,WR,Active,0
921151976868155392,NCAA PAC 12,921151976868155393,4,48,84,534619662650601472,10,10651,Mohamed,Ibrahim,DET,RB,Active,0
919305562058285056,NCAA BIG 10,919305562058285057,1,1,1,870064363892060160,5,9509,Bijan,Robinson,ATL,RB,Active,0
919305562058285056,NCAA BIG 10,919305562058285057,1,2,2,438178170542223360,2,9221,Jahmyr,Gibbs,DET,RB,Active,0
919305562058285056,NCAA BIG 10,919305562058285057,1,3,3,459225788735025152,10,9488,Jaxon,Smith-Njigba,SEA,WR,Active,0
919305562058285056,NCAA BIG 10,919305562058285057,1,4,4,456550391375458304,3,9754,Quentin,Johnston,LAC,WR,Active,0
919305562058285056,NCAA BIG 10,919305562058285057,1,5,5,460511267564548096,6,9756,Jordan,Addison,MIN,WR,Active,0
919305562058285056,NCAA BIG 10,919305562058285057,1,6,6,388919621245210624,11,9229,Anthony,Richardson,IND,QB,Active,0
919305562058285056,NCAA BIG 10,919305562058285057,1,7,7,734978696263380992,4,9997,Zay,Flowers,BAL,WR,Active,0
919305562058285056,NCAA BIG 10,919305562058285057,1,8,8,438178170542223360,2,10236,Dalton,Kincaid,BUF,TE,Active,0
919305562058285056,NCAA BIG 10,919305562058285057,1,9,9,438178170542223360,2,9226,Devon,Achane,MIA,RB,Active,0
919305562058285056,NCAA BIG 10,919305562058285057,1,10,10,438178170542223360,2,9757,Kendre,Miller,NO,RB,Active,0
919305562058285056,NCAA BIG 10,919305562058285057,1,11,11,734978696263380992,4,9753,Zach,Charbonnet,SEA,RB,Active,0
919305562058285056,NCAA BIG 10,919305562058285057,1,12,12,438178170542223360,2,9494,Marvin,Mims,DEN,WR,Active,0
919305562058285056,NCAA BIG 10,919305562058285057,2,13,25,870064363892060160,5,9228,Bryce,Young,CAR,QB,Active,0
919305562058285056,NCAA BIG 10,919305562058285057,2,14,26,734978696263380992,4,9497,Jalin,Hyatt,NYG,WR,Active,0
919305562058285056,NCAA BIG 10,919305562058285057,2,15,27,459225788735025152,10,9482,Michael,Mayer,LV,TE,Active,0
919305562058285056,NCAA BIG 10,919305562058285057,2,16,28,438178170542223360,2,10225,Jonathan,Mingo,CAR,WR,Active,0
919305562058285056,NCAA BIG 10,919305562058285057,2,17,29,460511267564548096,6,10229,Rashee,Rice,KC,WR,Active,0
919305562058285056,NCAA BIG 10,919305562058285057,2,18,30,438178170542223360,2,9758,C.J.,Stroud,HOU,QB,Active,0
919305562058285056,NCAA BIG 10,919305562058285057,2,19,31,459225788735025152,10,10235,Roschon,Johnson,CHI,RB,Active,0
919305562058285056,NCAA BIG 10,919305562058285057,2,20,32,870064363892060160,5,9500,Josh,Downs,IND,WR,Active,0
919305562058285056,NCAA BIG 10,919305562058285057,2,21,33,443870183853912064,12,9508,Tyjae,Spears,TEN,RB,Active,0
919305562058285056,NCAA BIG 10,919305562058285057,2,22,34,460518714907815936,7,9225,Tank,Bigsby,JAX,RB,Active,0
919305562058285056,NCAA BIG 10,919305562058285057,2,23,35,870064363892060160,5,10859,Sam,LaPorta,DET,TE,Active,0
919305562058285056,NCAA BIG 10,919305562058285057,2,24,36,438178170542223360,2,10222,Jayden,Reed,GB,WR,Active,0
919305562058285056,NCAA BIG 10,919305562058285057,3,25,49,870064363892060160,5,9999,Will,Levis,TEN,QB,Active,0
919305562058285056,NCAA BIG 10,919305562058285057,3,26,50,734978696263380992,4,9504,Kayshon,Boutte,NE,WR,Active,0
919305562058285056,NCAA BIG 10,919305562058285057,3,27,51,438178170542223360,2,10232,Michael,Wilson,ARI,WR,Active,0
919305562058285056,NCAA BIG 10,919305562058285057,3,28,52,460511267564548096,6,9227,Israel,Abanikanda,NYJ,RB,Active,0
919305562058285056,NCAA BIG 10,919305562058285057,3,29,53,460518714907815936,7,9998,Hendon,Hooker,DET,QB,Active,0
919305562058285056,NCAA BIG 10,919305562058285057,3,30,54,443870183853912064,12,9220,Evan,Hull,IND,RB,Active,0
919305562058285056,NCAA BIG 10,919305562058285057,3,31,55,519694666546008064,8,9505,Deuce,Vaughn,DAL,RB,Active,0
919305562058285056,NCAA BIG 10,919305562058285057,3,32,56,559208653427675136,9,9481,Luke,Musgrave,GB,TE,Active,0
919305562058285056,NCAA BIG 10,919305562058285057,3,33,57,870064363892060160,5,9224,Chase,Brown,CIN,RB,Active,0
919305562058285056,NCAA BIG 10,919305562058285057,3,34,58,438178170542223360,2,9502,Tank,Dell,HOU,WR,Active,0
919305562058285056,NCAA BIG 10,919305562058285057,3,35,59,559208653427675136,9,9479,Darnell,Washington,PIT,TE,Active,0
919305562058285056,NCAA BIG 10,919305562058285057,3,36,60,443870183853912064,12,9222,Zach,Evans,LAR,RB,Active,0
919305562058285056,NCAA BIG 10,919305562058285057,4,37,73,460511267564548096,6,10223,Eric,Gray,NYG,RB,Active,0
919305562058285056,NCAA BIG 10,919305562058285057,4,38,74,734978696263380992,4,10871,Luke,Schoonmaker,DAL,TE,Active,0
919305562058285056,NCAA BIG 10,919305562058285057,4,39,75,460518714907815936,7,9487,Parker,Washington,JAX,WR,Active,0
919305562058285056,NCAA BIG 10,919305562058285057,4,40,76,443870183853912064,12,10937,Jake,Moody,SF,K,Active,0
919305562058285056,NCAA BIG 10,919305562058285057,4,41,77,460511267564548096,6,10857,Stetson,Bennett,LAR,QB,Active,0
919305562058285056,NCAA BIG 10,919305562058285057,4,42,78,340600026956906496,1,10218,Xavier,Hutchinson,HOU,WR,Active,0
919305562058285056,NCAA BIG 10,919305562058285057,4,43,79,519694666546008064,8,10234,Derius,Davis,LAC,WR,Active,0
919305562058285056,NCAA BIG 10,919305562058285057,4,44,80,438178170542223360,2,9493,Puka,Nacua,LAR,WR,Active,0
919305562058285056,NCAA BIG 10,919305562058285057,4,45,81,460511267564548096,6,9490,Tyler,Scott,CHI,WR,Active,0
919305562058285056,NCAA BIG 10,919305562058285057,4,46,82,460518714907815936,7,9512,DeWayne,McBride,MIN,RB,Active,0
919305562058285056,NCAA BIG 10,919305562058285057,4,47,83,438178170542223360,2,9506,Sean,Tucker,,RB,Active,0
919305562058285056,NCAA BIG 10,919305562058285057,4,48,84,870064363892060160,5,10955,Chad,Ryland,NE,K,Active,0
1051381777098473472,NCAA PAC 12,1051381777098473473,1,1,1,450806182555152384,12,11628,Marvin,Harrison,ARI,WR,Active,0
1051381777098473472,NCAA PAC 12,1051381777098473473,1,2,2,76460245878456320,11,11632,Malik,Nabers,NYG,WR,Active,0
1051381777098473472,NCAA PAC 12,1051381777098473473,1,3,3,477666723663704064,4,11604,Brock,Bowers,LV,TE,Active,0
1051381777098473472,NCAA PAC 12,1051381777098473473,1,4,4,338823136923381760,6,11637,Keon,Coleman,BUF,WR,Active,0
1051381777098473472,NCAA PAC 12,1051381777098473473,1,5,5,454372407956729856,5,11583,Jonathon,Brooks,CAR,RB,Active,0
1051381777098473472,NCAA PAC 12,1051381777098473473,1,6,6,709857172258881536,2,11620,Rome,Odunze,CHI,WR,Active,0
1051381777098473472,NCAA PAC 12,1051381777098473473,1,7,7,477666723663704064,4,11624,Xavier,Worthy,KC,WR,Active,0
1051381777098473472,NCAA PAC 12,1051381777098473473,1,8,8,470320542868566016,3,11635,Ladd,McConkey,LAC,WR,Active,0
1051381777098473472,NCAA PAC 12,1051381777098473473,1,9,9,477666723663704064,4,11631,Brian,Thomas,JAX,WR,Active,0
1051381777098473472,NCAA PAC 12,1051381777098473473,1,10,10,519390092788297728,9,11627,Troy,Franklin,DEN,WR,Active,0
1051381777098473472,NCAA PAC 12,1051381777098473473,1,11,11,470320542868566016,3,11589,Trey,Benson,ARI,RB,Active,0
1051381777098473472,NCAA PAC 12,1051381777098473473,1,12,12,709857172258881536,2,11626,Xavier,Legette,CAR,WR,Active,0
1051381777098473472,NCAA PAC 12,1051381777098473473,2,13,25,917575404431831040,1,11560,Caleb,Williams,CHI,QB,Active,0
1051381777098473472,NCAA PAC 12,1051381777098473473,2,14,26,450806182555152384,12,11566,Jayden,Daniels,WAS,QB,Active,0
1051381777098473472,NCAA PAC 12,1051381777098473473,2,15,27,477666723663704064,4,11581,MarShawn,Lloyd,GB,RB,Active,0
1051381777098473472,NCAA PAC 12,1051381777098473473,2,16,28,470320542868566016,3,11625,Adonai,Mitchell,IND,WR,Active,0
1051381777098473472,NCAA PAC 12,1051381777098473473,2,17,29,454372407956729856,5,11619,Ja'Lynn,Polk,NE,WR,Active,0
1051381777098473472,NCAA PAC 12,1051381777098473473,2,18,30,460348260653985792,8,11586,Blake,Corum,LAR,RB,Active,0
1051381777098473472,NCAA PAC 12,1051381777098473473,2,19,31,917575404431831040,1,11638,Ricky,Pearsall,SF,WR,Active,0
1051381777098473472,NCAA PAC 12,1051381777098473473,2,20,32,470320542868566016,3,11640,Jermaine,Burton,CIN,WR,Active,0
1051381777098473472,NCAA PAC 12,1051381777098473473,2,21,33,917575404431831040,1,11643,Jaylen,Wright,MIA,RB,Active,0
1051381777098473472,NCAA PAC 12,1051381777098473473,2,22,34,519390092788297728,9,11563,Bo,Nix,DEN,QB,Active,0
1051381777098473472,NCAA PAC 12,1051381777098473473,2,23,35,519390092788297728,9,11584,Bucky,Irving,TB,RB,Active,0
1051381777098473472,NCAA PAC 12,1051381777098473473,2,24,36,534619662650601472,10,11645,Javon,Baker,NE,WR,Active,0
1051381777098473472,NCAA PAC 12,1051381777098473473,3,25,49,519390092788297728,9,11630,Roman,Wilson,PIT,WR,Active,0
1051381777098473472,NCAA PAC 12,1051381777098473473,3,26,50,709857172258881536,2,11564,Drake,Maye,NE,QB,Active,0
1051381777098473472,NCAA PAC 12,1051381777098473473,3,27,51,338823136923381760,6,11650,Luke,McCaffrey,WAS,WR,Active,0
1051381777098473472,NCAA PAC 12,1051381777098473473,3,28,52,470320542868566016,3,11596,Ben,Sinnott,WAS,TE,Active,0
1051381777098473472,NCAA PAC 12,1051381777098473473,3,29,53,454372407956729856,5,11565,J.J.,McCarthy,MIN,QB,Active,0
1051381777098473472,NCAA PAC 12,1051381777098473473,3,30,54,460348260653985792,8,11647,Kimani,Vidal,LAC,RB,Active,0
1051381777098473472,NCAA PAC 12,1051381777098473473,3,31,55,917575404431831040,1,11617,Malachi,Corley,NYJ,WR,Active,0
1051381777098473472,NCAA PAC 12,1051381777098473473,3,32,56,917575404431831040,1,11600,Ja'Tavion,Sanders,CAR,TE,Active,0
1051381777098473472,NCAA PAC 12,1051381777098473473,3,33,57,917575404431831040,1,11618,Jalen,McMillan,TB,WR,Active,0
1051381777098473472,NCAA PAC 12,1051381777098473473,3,34,58,709857172258881536,2,11576,Braelon,Allen,NYJ,RB,Active,0
1051381777098473472,NCAA PAC 12,1051381777098473473,3,35,59,917575404431831040,1,11655,Tyrone,Tracy,NYG,RB,Active,0
1051381777098473472,NCAA PAC 12,1051381777098473473,3,36,60,709857172258881536,2,11597,Theo,Johnson,NYG,TE,Active,0
1051381777098473472,NCAA PAC 12,1051381777098473473,4,37,73,519390092788297728,9,11577,Will,Shipley,PHI,RB,Active,0
1051381777098473472,NCAA PAC 12,1051381777098473473,4,38,74,917575404431831040,1,11574,Dylan,Laube,LV,RB,Active,0
1051381777098473472,NCAA PAC 12,1051381777098473473,4,39,75,917575404431831040,1,11575,Ray,Davis,BUF,RB,Active,0
1051381777098473472,NCAA PAC 12,1051381777098473473,4,40,76,470320542868566016,3,11579,Audric,Estime,DEN,RB,Active,0
1051381777098473472,NCAA PAC 12,1051381777098473473,4,41,77,454372407956729856,5,11621,Brenden,Rice,LAC,WR,Active,0
1051381777098473472,NCAA PAC 12,1051381777098473473,4,42,78,460348260653985792,8,11629,Devontez,Walker,BAL,WR,Active,0
1051381777098473472,NCAA PAC 12,1051381777098473473,4,43,79,450806182555152384,12,11559,Michael,Penix,ATL,QB,Active,0
1051381777098473472,NCAA PAC 12,1051381777098473473,4,44,80,597246797479469056,7,11651,Isaac,Guerendo,SF,RB,Active,0
1051381777098473472,NCAA PAC 12,1051381777098473473,4,45,81,338823136923381760,6,11573,Frank,Gore,BUF,RB,Active,0
1051381777098473472,NCAA PAC 12,1051381777098473473,4,46,82,76460245878456320,11,11595,Jared,Wiley,KC,TE,Active,0
1051381777098473472,NCAA PAC 12,1051381777098473473,4,47,83,597246797479469056,7,11570,Rasheen,Ali,BAL,RB,Active,0
1051381777098473472,NCAA PAC 12,1051381777098473473,4,48,84,534619662650601472,10,11610,Malik,Washington,MIA,WR,Active,0
1051381725097500672,NCAA ACC,1051381725097500673,1,1,1,571754879825395712,1,11628,Marvin,Harrison,ARI,WR,Active,0
1051381725097500672,NCAA ACC,1051381725097500673,1,2,2,455836851501002752,4,11632,Malik,Nabers,NYG,WR,Active,0
1051381725097500672,NCAA ACC,1051381725097500673,1,3,3,463453800313647104,6,11560,Caleb,Williams,CHI,QB,Active,0
1051381725097500672,NCAA ACC,1051381725097500673,1,4,4,458070829909929984,11,11620,Rome,Odunze,CHI,WR,Active,0
1051381725097500672,NCAA ACC,1051381725097500673,1,5,5,1051650955357368320,3,11604,Brock,Bowers,LV,TE,Active,0
1051381725097500672,NCAA ACC,1051381725097500673,1,6,6,468618720470626304,5,11637,Keon,Coleman,BUF,WR,Active,0
1051381725097500672,NCAA ACC,1051381725097500673,1,7,7,453658285061435392,7,11566,Jayden,Daniels,WAS,QB,Active,0
1051381725097500672,NCAA ACC,1051381725097500673,1,8,8,568115266901286912,2,11565,J.J.,McCarthy,MIN,QB,Active,0
1051381725097500672,NCAA ACC,1051381725097500673,1,9,9,668318967567323136,9,11583,Jonathon,Brooks,CAR,RB,Active,0
1051381725097500672,NCAA ACC,1051381725097500673,1,10,10,456168604006608896,8,11564,Drake,Maye,NE,QB,Active,0
1051381725097500672,NCAA ACC,1051381725097500673,1,11,11,455836851501002752,4,11624,Xavier,Worthy,KC,WR,Active,0
1051381725097500672,NCAA ACC,1051381725097500673,1,12,12,455836851501002752,4,11631,Brian,Thomas,JAX,WR,Active,0
1051381725097500672,NCAA ACC,1051381725097500673,2,13,25,571754879825395712,1,11635,Ladd,McConkey,LAC,WR,Active,0
1051381725097500672,NCAA ACC,1051381725097500673,2,14,26,456168604006608896,8,11589,Trey,Benson,ARI,RB,Active,0
1051381725097500672,NCAA ACC,1051381725097500673,2,15,27,463453800313647104,6,11626,Xavier,Legette,CAR,WR,Active,0
1051381725097500672,NCAA ACC,1051381725097500673,2,16,28,455836851501002752,4,11638,Ricky,Pearsall,SF,WR,Active,0
1051381725097500672,NCAA ACC,1051381725097500673,2,17,29,668318967567323136,9,11627,Troy,Franklin,DEN,WR,Active,0
1051381725097500672,NCAA ACC,1051381725097500673,2,18,30,468618720470626304,5,11596,Ben,Sinnott,WAS,TE,Active,0
1051381725097500672,NCAA ACC,1051381725097500673,2,19,31,453658285061435392,7,11630,Roman,Wilson,PIT,WR,Active,0
1051381725097500672,NCAA ACC,1051381725097500673,2,20,32,568115266901286912,2,11625,Adonai,Mitchell,IND,WR,Active,0
1051381725097500672,NCAA ACC,1051381725097500673,2,21,33,1051650955357368320,3,11586,Blake,Corum,LAR,RB,Active,0
1051381725097500672,NCAA ACC,1051381725097500673,2,22,34,456168604006608896,8,11619,Ja'Lynn,Polk,NE,WR,Active,0
1051381725097500672,NCAA ACC,1051381725097500673,2,23,35,458070829909929984,11,11643,Jaylen,Wright,MIA,RB,Active,0
1051381725097500672,NCAA ACC,1051381725097500673,2,24,36,455836851501002752,4,11581,MarShawn,Lloyd,GB,RB,Active,0
1051381725097500672,NCAA ACC,1051381725097500673,3,25,49,571754879825395712,1,11563,Bo,Nix,DEN,QB,Active,0
1051381725097500672,NCAA ACC,1051381725097500673,3,26,50,668318967567323136,9,11600,Ja'Tavion,Sanders,CAR,TE,Active,0
1051381725097500672,NCAA ACC,1051381725097500673,3,27,51,463453800313647104,6,11629,Devontez,Walker,BAL,WR,Active,0
1051381725097500672,NCAA ACC,1051381725097500673,3,28,52,458070829909929984,11,11650,Luke,McCaffrey,WAS,WR,Active,0
1051381725097500672,NCAA ACC,1051381725097500673,3,29,53,468618720470626304,5,11618,Jalen,McMillan,TB,WR,Active,0
1051381725097500672,NCAA ACC,1051381725097500673,3,30,54,713189676609003520,10,11559,Michael,Penix,ATL,QB,Active,0
1051381725097500672,NCAA ACC,1051381725097500673,3,31,55,453658285061435392,7,11645,Javon,Baker,NE,WR,Active,0
1051381725097500672,NCAA ACC,1051381725097500673,3,32,56,568115266901286912,2,11647,Kimani,Vidal,LAC,RB,Active,0
1051381725097500672,NCAA ACC,1051381725097500673,3,33,57,713189676609003520,10,11584,Bucky,Irving,TB,RB,Active,0
1051381725097500672,NCAA ACC,1051381725097500673,3,34,58,456168604006608896,8,11640,Jermaine,Burton,CIN,WR,Active,0
1051381725097500672,NCAA ACC,1051381725097500673,3,35,59,456168604006608896,8,11576,Braelon,Allen,NYJ,RB,Active,0
1051381725097500672,NCAA ACC,1051381725097500673,3,36,60,713189676609003520,10,11579,Audric,Estime,DEN,RB,Active,0
1051381725097500672,NCAA ACC,1051381725097500673,4,37,73,571754879825395712,1,11621,Brenden,Rice,LAC,WR,Active,0
1051381725097500672,NCAA ACC,1051381725097500673,4,38,74,1051650955357368320,3,11575,Ray,Davis,BUF,RB,Active,0
1051381725097500672,NCAA ACC,1051381725097500673,4,39,75,463453800313647104,6,11577,Will,Shipley,PHI,RB,Active,0
1051381725097500672,NCAA ACC,1051381725097500673,4,40,76,458070829909929984,11,11651,Isaac,Guerendo,SF,RB,Active,0
1051381725097500672,NCAA ACC,1051381725097500673,4,41,77,668318967567323136,9,11610,Malik,Washington,MIA,WR,Active,0
1051381725097500672,NCAA ACC,1051381725097500673,4,42,78,468618720470626304,5,11655,Tyrone,Tracy,NYG,RB,Active,0
1051381725097500672,NCAA ACC,1051381725097500673,4,43,79,453658285061435392,7,11574,Dylan,Laube,LV,RB,Active,0
1051381725097500672,NCAA ACC,1051381725097500673,4,44,80,568115266901286912,2,11597,Theo,Johnson,NYG,TE,Active,0
1051381725097500672,NCAA ACC,1051381725097500673,4,45,81,713189676609003520,10,11616,Jacob,Cowing,SF,WR,Active,0
1051381725097500672,NCAA ACC,1051381725097500673,4,46,82,455836851501002752,4,11592,Erick,All,CIN,TE,Active,0
1051381725097500672,NCAA ACC,1051381725097500673,4,47,83,668318967567323136,9,11562,Spencer,Rattler,NO,QB,Active,0
1051381725097500672,NCAA ACC,1051381725097500673,4,48,84,463453800313647104,6,11595,Jared,Wiley,KC,TE,Active,0
1051381689932468224,NCAA BIG 12,1051381689932468225,1,1,1,453711063846744064,9,11628,Marvin,Harrison,ARI,WR,Active,0
1051381689932468224,NCAA BIG 12,1051381689932468225,1,2,2,533541056352481280,3,11632,Malik,Nabers,NYG,WR,Active,0
1051381689932468224,NCAA BIG 12,1051381689932468225,1,3,3,989926421084557312,10,11620,Rome,Odunze,CHI,WR,Active,0
1051381689932468224,NCAA BIG 12,1051381689932468225,1,4,4,453711063846744064,9,11604,Brock,Bowers,LV,TE,Active,0
1051381689932468224,NCAA BIG 12,1051381689932468225,1,5,5,425386065373691904,7,11624,Xavier,Worthy,KC,WR,Active,0
1051381689932468224,NCAA BIG 12,1051381689932468225,1,6,6,543929284962770944,8,11583,Jonathon,Brooks,CAR,RB,Active,0
1051381689932468224,NCAA BIG 12,1051381689932468225,1,7,7,820771678849171456,12,11635,Ladd,McConkey,LAC,WR,Active,0
1051381689932468224,NCAA BIG 12,1051381689932468225,1,8,8,619190004979138560,11,11560,Caleb,Williams,CHI,QB,Active,0
1051381689932468224,NCAA BIG 12,1051381689932468225,1,9,9,335910160469880832,6,11637,Keon,Coleman,BUF,WR,Active,0
1051381689932468224,NCAA BIG 12,1051381689932468225,1,10,10,425362114291437568,4,11589,Trey,Benson,ARI,RB,Active,0
1051381689932468224,NCAA BIG 12,1051381689932468225,1,11,11,453711063846744064,9,11631,Brian,Thomas,JAX,WR,Active,0
1051381689932468224,NCAA BIG 12,1051381689932468225,1,12,12,464117743042424832,5,11625,Adonai,Mitchell,IND,WR,Active,0
1051381689932468224,NCAA BIG 12,1051381689932468225,2,13,25,533541056352481280,3,11566,Jayden,Daniels,WAS,QB,Active,0
1051381689932468224,NCAA BIG 12,1051381689932468225,2,14,26,425362114291437568,4,11626,Xavier,Legette,CAR,WR,Active,0
1051381689932468224,NCAA BIG 12,1051381689932468225,2,15,27,425386065373691904,7,11638,Ricky,Pearsall,SF,WR,Active,0
1051381689932468224,NCAA BIG 12,1051381689932468225,2,16,28,446530486903238656,1,11630,Roman,Wilson,PIT,WR,Active,0
1051381689932468224,NCAA BIG 12,1051381689932468225,2,17,29,425386065373691904,7,11565,J.J.,McCarthy,MIN,QB,Active,0
1051381689932468224,NCAA BIG 12,1051381689932468225,2,18,30,425362114291437568,4,11586,Blake,Corum,LAR,RB,Active,0
1051381689932468224,NCAA BIG 12,1051381689932468225,2,19,31,667752373111824384,2,11627,Troy,Franklin,DEN,WR,Active,0
1051381689932468224,NCAA BIG 12,1051381689932468225,2,20,32,619190004979138560,11,11643,Jaylen,Wright,MIA,RB,Active,0
1051381689932468224,NCAA BIG 12,1051381689932468225,2,21,33,464117743042424832,5,11619,Ja'Lynn,Polk,NE,WR,Active,0
1051381689932468224,NCAA BIG 12,1051381689932468225,2,22,34,619190004979138560,11,11617,Malachi,Corley,NYJ,WR,Active,0
1051381689932468224,NCAA BIG 12,1051381689932468225,2,23,35,453711063846744064,9,11564,Drake,Maye,NE,QB,Active,0
1051381689932468224,NCAA BIG 12,1051381689932468225,2,24,36,425362114291437568,4,11581,MarShawn,Lloyd,GB,RB,Active,0
1051381689932468224,NCAA BIG 12,1051381689932468225,3,25,49,667752373111824384,2,11600,Ja'Tavion,Sanders,CAR,TE,Active,0
1051381689932468224,NCAA BIG 12,1051381689932468225,3,26,50,425386065373691904,7,11618,Jalen,McMillan,TB,WR,Active,0
1051381689932468224,NCAA BIG 12,1051381689932468225,3,27,51,533541056352481280,3,11645,Javon,Baker,NE,WR,Active,0
1051381689932468224,NCAA BIG 12,1051381689932468225,3,28,52,533541056352481280,3,11584,Bucky,Irving,TB,RB,Active,0
1051381689932468224,NCAA BIG 12,1051381689932468225,3,29,53,425362114291437568,4,11559,Michael,Penix,ATL,QB,Active,0
1051381689932468224,NCAA BIG 12,1051381689932468225,3,30,54,667752373111824384,2,11650,Luke,McCaffrey,WAS,WR,Active,0
1051381689932468224,NCAA BIG 12,1051381689932468225,3,31,55,425362114291437568,4,11575,Ray,Davis,BUF,RB,Active,0
1051381689932468224,NCAA BIG 12,1051381689932468225,3,32,56,335910160469880832,6,11610,Malik,Washington,MIA,WR,Active,0
1051381689932468224,NCAA BIG 12,1051381689932468225,3,33,57,533541056352481280,3,11579,Audric,Estime,DEN,RB,Active,0
1051381689932468224,NCAA BIG 12,1051381689932468225,3,34,58,425386065373691904,7,11576,Braelon,Allen,NYJ,RB,Active,0
1051381689932468224,NCAA BIG 12,1051381689932468225,3,35,59,667752373111824384,2,11629,Devontez,Walker,BAL,WR,Active,0
1051381689932468224,NCAA BIG 12,1051381689932468225,3,36,60,453711063846744064,9,11651,Isaac,Guerendo,SF,RB,Active,0
1051381689932468224,NCAA BIG 12,1051381689932468225,4,37,73,425386065373691904,7,11577,Will,Shipley,PHI,RB,Active,0
1051381689932468224,NCAA BIG 12,1051381689932468225,4,38,74,425386065373691904,7,11597,Theo,Johnson,NYG,TE,Active,0
1051381689932468224,NCAA BIG 12,1051381689932468225,4,39,75,989926421084557312,10,11573,Frank,Gore,BUF,RB,Active,0
1051381689932468224,NCAA BIG 12,1051381689932468225,4,40,76,446530486903238656,1,11621,Brenden,Rice,LAC,WR,Active,0
1051381689932468224,NCAA BIG 12,1051381689932468225,4,41,77,425386065373691904,7,11792,Will,Reichard,MIN,K,Active,0
1051381689932468224,NCAA BIG 12,1051381689932468225,4,42,78,425362114291437568,4,11570,Rasheen,Ali,BAL,RB,Active,0
1051381689932468224,NCAA BIG 12,1051381689932468225,4,43,79,335910160469880832,6,11574,Dylan,Laube,LV,RB,Active,0
1051381689932468224,NCAA BIG 12,1051381689932468225,4,44,80,619190004979138560,11,11599,Cade,Stover,HOU,TE,Active,0
1051381689932468224,NCAA BIG 12,1051381689932468225,4,45,81,820771678849171456,12,11655,Tyrone,Tracy,NYG,RB,Active,0
1051381689932468224,NCAA BIG 12,1051381689932468225,4,46,82,989926421084557312,10,11592,Erick,All,CIN,TE,Active,0
1051381689932468224,NCAA BIG 12,1051381689932468225,4,47,83,667752373111824384,2,11562,Spencer,Rattler,NO,QB,Active,0
1051381689932468224,NCAA BIG 12,1051381689932468225,4,48,84,464117743042424832,5,11789,Joshua,Karty,LAR,K,Active,0
1051381651198078976,NCAA SEC,1051381651198078977,1,1,1,1113534815812308992,9,11560,Caleb,Williams,CHI,QB,Active,0
1051381651198078976,NCAA SEC,1051381651198078977,1,2,2,446524535810813952,4,11628,Marvin,Harrison,ARI,WR,Active,0
1051381651198078976,NCAA SEC,1051381651198078977,1,3,3,560284880620699648,11,11632,Malik,Nabers,NYG,WR,Active,0
1051381651198078976,NCAA SEC,1051381651198078977,1,4,4,510483000784015360,10,11620,Rome,Odunze,CHI,WR,Active,0
1051381651198078976,NCAA SEC,1051381651198078977,1,5,5,461680102409760768,7,11624,Xavier,Worthy,KC,WR,Active,0
1051381651198078976,NCAA SEC,1051381651198078977,1,6,6,1113534815812308992,9,11604,Brock,Bowers,LV,TE,Active,0
1051381651198078976,NCAA SEC,1051381651198078977,1,7,7,1113534815812308992,9,11583,Jonathon,Brooks,CAR,RB,Active,0
1051381651198078976,NCAA SEC,1051381651198078977,1,8,8,560284880620699648,11,11637,Keon,Coleman,BUF,WR,Active,0
1051381651198078976,NCAA SEC,1051381651198078977,1,9,9,445468333035220992,12,11566,Jayden,Daniels,WAS,QB,Active,0
1051381651198078976,NCAA SEC,1051381651198078977,1,10,10,510483000784015360,10,11631,Brian,Thomas,JAX,WR,Active,0
1051381651198078976,NCAA SEC,1051381651198078977,1,11,11,634614368377589760,8,11564,Drake,Maye,NE,QB,Active,0
1051381651198078976,NCAA SEC,1051381651198078977,1,12,12,445468333035220992,12,11589,Trey,Benson,ARI,RB,Active,0
1051381651198078976,NCAA SEC,1051381651198078977,2,13,25,1113534815812308992,9,11635,Ladd,McConkey,LAC,WR,Active,0
1051381651198078976,NCAA SEC,1051381651198078977,2,14,26,445468333035220992,12,11596,Ben,Sinnott,WAS,TE,Active,0
1051381651198078976,NCAA SEC,1051381651198078977,2,15,27,560284880620699648,11,11586,Blake,Corum,LAR,RB,Active,0
1051381651198078976,NCAA SEC,1051381651198078977,2,16,28,510483000784015360,10,11638,Ricky,Pearsall,SF,WR,Active,0
1051381651198078976,NCAA SEC,1051381651198078977,2,17,29,461680102409760768,7,11625,Adonai,Mitchell,IND,WR,Active,0
1051381651198078976,NCAA SEC,1051381651198078977,2,18,30,457957045534978048,3,11626,Xavier,Legette,CAR,WR,Active,0
1051381651198078976,NCAA SEC,1051381651198078977,2,19,31,441458152391569408,1,11627,Troy,Franklin,DEN,WR,Active,0
1051381651198078976,NCAA SEC,1051381651198078977,2,20,32,562032371824951296,5,11619,Ja'Lynn,Polk,NE,WR,Active,0
1051381651198078976,NCAA SEC,1051381651198078977,2,21,33,445468333035220992,12,11630,Roman,Wilson,PIT,WR,Active,0
1051381651198078976,NCAA SEC,1051381651198078977,2,22,34,510483000784015360,10,11581,MarShawn,Lloyd,GB,RB,Active,0
1051381651198078976,NCAA SEC,1051381651198078977,2,23,35,634614368377589760,8,11617,Malachi,Corley,NYJ,WR,Active,0
1051381651198078976,NCAA SEC,1051381651198078977,2,24,36,510556455562792960,6,11618,Jalen,McMillan,TB,WR,Active,0
1051381651198078976,NCAA SEC,1051381651198078977,3,25,49,1113534815812308992,9,11640,Jermaine,Burton,CIN,WR,Active,0
1051381651198078976,NCAA SEC,1051381651198078977,3,26,50,1113534815812308992,9,11575,Ray,Davis,BUF,RB,Active,0
1051381651198078976,NCAA SEC,1051381651198078977,3,27,51,560284880620699648,11,11584,Bucky,Irving,TB,RB,Active,0
1051381651198078976,NCAA SEC,1051381651198078977,3,28,52,510483000784015360,10,11643,Jaylen,Wright,MIA,RB,Active,0
1051381651198078976,NCAA SEC,1051381651198078977,3,29,53,461680102409760768,7,11600,Ja'Tavion,Sanders,CAR,TE,Active,0
1051381651198078976,NCAA SEC,1051381651198078977,3,30,54,457957045534978048,3,11576,Braelon,Allen,NYJ,RB,Active,0
1051381651198078976,NCAA SEC,1051381651198078977,3,31,55,441458152391569408,1,11650,Luke,McCaffrey,WAS,WR,Active,0
1051381651198078976,NCAA SEC,1051381651198078977,3,32,56,562032371824951296,5,11563,Bo,Nix,DEN,QB,Active,0
1051381651198078976,NCAA SEC,1051381651198078977,3,33,57,445468333035220992,12,11577,Will,Shipley,PHI,RB,Active,0
1051381651198078976,NCAA SEC,1051381651198078977,3,34,58,508516852143693824,2,11645,Javon,Baker,NE,WR,Active,0
1051381651198078976,NCAA SEC,1051381651198078977,3,35,59,634614368377589760,8,11647,Kimani,Vidal,LAC,RB,Active,0
1051381651198078976,NCAA SEC,1051381651198078977,3,36,60,510556455562792960,6,11559,Michael,Penix,ATL,QB,Active,0
1051381651198078976,NCAA SEC,1051381651198078977,4,37,73,1113534815812308992,9,11655,Tyrone,Tracy,NYG,RB,Active,0
1051381651198078976,NCAA SEC,1051381651198078977,4,38,74,445468333035220992,12,11562,Spencer,Rattler,NO,QB,Active,0
1051381651198078976,NCAA SEC,1051381651198078977,4,39,75,560284880620699648,11,11597,Theo,Johnson,NYG,TE,Active,0
1051381651198078976,NCAA SEC,1051381651198078977,4,40,76,510483000784015360,10,11629,Devontez,Walker,BAL,WR,Active,0
1051381651198078976,NCAA SEC,1051381651198078977,4,41,77,461680102409760768,7,11616,Jacob,Cowing,SF,WR,Active,0
1051381651198078976,NCAA SEC,1051381651198078977,4,42,78,457957045534978048,3,11599,Cade,Stover,HOU,TE,Active,0
1051381651198078976,NCAA SEC,1051381651198078977,4,43,79,441458152391569408,1,11579,Audric,Estime,DEN,RB,Active,0
1051381651198078976,NCAA SEC,1051381651198078977,4,44,80,562032371824951296,5,11651,Isaac,Guerendo,SF,RB,Active,0
1051381651198078976,NCAA SEC,1051381651198078977,4,45,81,445468333035220992,12,11621,Brenden,Rice,LAC,WR,Active,0
1051381651198078976,NCAA SEC,1051381651198078977,4,46,82,508516852143693824,2,11595,Jared,Wiley,KC,TE,Active,0
1051381651198078976,NCAA SEC,1051381651198078977,4,47,83,634614368377589760,8,11610,Malik,Washington,MIA,WR,Active,0
1051381651198078976,NCAA SEC,1051381651198078977,4,48,84,510556455562792960,6,11623,Jordan,Whittington,LAR,WR,Active,0
1051381610739847168,NCAA BIG EAST & CO.,1051381610739847169,1,1,1,456182244336201728,11,11628,Marvin,Harrison,ARI,WR,Active,0
1051381610739847168,NCAA BIG EAST & CO.,1051381610739847169,1,2,2,456159345906806784,7,11632,Malik,Nabers,NYG,WR,Active,0
1051381610739847168,NCAA BIG EAST & CO.,1051381610739847169,1,3,3,694934737214582784,3,11566,Jayden,Daniels,WAS,QB,Active,0
1051381610739847168,NCAA BIG EAST & CO.,1051381610739847169,1,4,4,1171256102760251392,2,11620,Rome,Odunze,CHI,WR,Active,0
1051381610739847168,NCAA BIG EAST & CO.,1051381610739847169,1,5,5,525476420444688384,10,11560,Caleb,Williams,CHI,QB,Active,0
1051381610739847168,NCAA BIG EAST & CO.,1051381610739847169,1,6,6,64174089933570048,12,11604,Brock,Bowers,LV,TE,Active,0
1051381610739847168,NCAA BIG EAST & CO.,1051381610739847169,1,7,7,443323427143544832,6,11583,Jonathon,Brooks,CAR,RB,Active,0
1051381610739847168,NCAA BIG EAST & CO.,1051381610739847169,1,8,8,1087519270663258112,1,11624,Xavier,Worthy,KC,WR,Active,0
1051381610739847168,NCAA BIG EAST & CO.,1051381610739847169,1,9,9,456129190995947520,4,11631,Brian,Thomas,JAX,WR,Active,0
1051381610739847168,NCAA BIG EAST & CO.,1051381610739847169,1,10,10,456167283761344512,8,11635,Ladd,McConkey,LAC,WR,Active,0
1051381610739847168,NCAA BIG EAST & CO.,1051381610739847169,1,11,11,64174089933570048,12,11589,Trey,Benson,ARI,RB,Active,0
1051381610739847168,NCAA BIG EAST & CO.,1051381610739847169,1,12,12,525476420444688384,10,11627,Troy,Franklin,DEN,WR,Active,0
1051381610739847168,NCAA BIG EAST & CO.,1051381610739847169,2,13,25,456182244336201728,11,11637,Keon,Coleman,BUF,WR,Active,0
1051381610739847168,NCAA BIG EAST & CO.,1051381610739847169,2,14,26,456159345906806784,7,11586,Blake,Corum,LAR,RB,Active,0
1051381610739847168,NCAA BIG EAST & CO.,1051381610739847169,2,15,27,694934737214582784,3,11625,Adonai,Mitchell,IND,WR,Active,0
1051381610739847168,NCAA BIG EAST & CO.,1051381610739847169,2,16,28,836025225756934144,5,11626,Xavier,Legette,CAR,WR,Active,0
1051381610739847168,NCAA BIG EAST & CO.,1051381610739847169,2,17,29,802480422482206720,9,11638,Ricky,Pearsall,SF,WR,Active,0
1051381610739847168,NCAA BIG EAST & CO.,1051381610739847169,2,18,30,64174089933570048,12,11619,Ja'Lynn,Polk,NE,WR,Active,0
1051381610739847168,NCAA BIG EAST & CO.,1051381610739847169,2,19,31,443323427143544832,6,11565,J.J.,McCarthy,MIN,QB,Active,0
1051381610739847168,NCAA BIG EAST & CO.,1051381610739847169,2,20,32,836025225756934144,5,11581,MarShawn,Lloyd,GB,RB,Active,0
1051381610739847168,NCAA BIG EAST & CO.,1051381610739847169,2,21,33,456129190995947520,4,11640,Jermaine,Burton,CIN,WR,Active,0
1051381610739847168,NCAA BIG EAST & CO.,1051381610739847169,2,22,34,456167283761344512,8,11630,Roman,Wilson,PIT,WR,Active,0
1051381610739847168,NCAA BIG EAST & CO.,1051381610739847169,2,23,35,64174089933570048,12,11643,Jaylen,Wright,MIA,RB,Active,0
1051381610739847168,NCAA BIG EAST & CO.,1051381610739847169,2,24,36,1087519270663258112,1,11596,Ben,Sinnott,WAS,TE,Active,0
1051381610739847168,NCAA BIG EAST & CO.,1051381610739847169,3,25,49,456182244336201728,11,11559,Michael,Penix,ATL,QB,Active,0
1051381610739847168,NCAA BIG EAST & CO.,1051381610739847169,3,26,50,525476420444688384,10,11563,Bo,Nix,DEN,QB,Active,0
1051381610739847168,NCAA BIG EAST & CO.,1051381610739847169,3,27,51,694934737214582784,3,11575,Ray,Davis,BUF,RB,Active,0
1051381610739847168,NCAA BIG EAST & CO.,1051381610739847169,3,28,52,1171256102760251392,2,11576,Braelon,Allen,NYJ,RB,Active,0
1051381610739847168,NCAA BIG EAST & CO.,1051381610739847169,3,29,53,802480422482206720,9,11600,Ja'Tavion,Sanders,CAR,TE,Active,0
1051381610739847168,NCAA BIG EAST & CO.,1051381610739847169,3,30,54,1087519270663258112,1,11562,Spencer,Rattler,NO,QB,Active,0
1051381610739847168,NCAA BIG EAST & CO.,1051381610739847169,3,31,55,443323427143544832,6,11650,Luke,McCaffrey,WAS,WR,Active,0
1051381610739847168,NCAA BIG EAST & CO.,1051381610739847169,3,32,56,836025225756934144,5,11645,Javon,Baker,NE,WR,Active,0
1051381610739847168,NCAA BIG EAST & CO.,1051381610739847169,3,33,57,456129190995947520,4,11618,Jalen,McMillan,TB,WR,Active,0
1051381610739847168,NCAA BIG EAST & CO.,1051381610739847169,3,34,58,836025225756934144,5,11584,Bucky,Irving,TB,RB,Active,0
1051381610739847168,NCAA BIG EAST & CO.,1051381610739847169,3,35,59,64174089933570048,12,11629,Devontez,Walker,BAL,WR,Active,0
1051381610739847168,NCAA BIG EAST & CO.,1051381610739847169,3,36,60,694934737214582784,3,11579,Audric,Estime,DEN,RB,Active,0
1051381610739847168,NCAA BIG EAST & CO.,1051381610739847169,4,37,73,456182244336201728,11,11655,Tyrone,Tracy,NYG,RB,Active,0
1051381610739847168,NCAA BIG EAST & CO.,1051381610739847169,4,38,74,525476420444688384,10,11621,Brenden,Rice,LAC,WR,Active,0
1051381610739847168,NCAA BIG EAST & CO.,1051381610739847169,4,39,75,694934737214582784,3,11597,Theo,Johnson,NYG,TE,Active,0
1051381610739847168,NCAA BIG EAST & CO.,1051381610739847169,4,40,76,1171256102760251392,2,11595,Jared,Wiley,KC,TE,Active,0
1051381610739847168,NCAA BIG EAST & CO.,1051381610739847169,4,41,77,802480422482206720,9,11592,Erick,All,CIN,TE,Active,0
1051381610739847168,NCAA BIG EAST & CO.,1051381610739847169,4,42,78,1087519270663258112,1,11647,Kimani,Vidal,LAC,RB,Active,0
1051381610739847168,NCAA BIG EAST & CO.,1051381610739847169,4,43,79,443323427143544832,6,11651,Isaac,Guerendo,SF,RB,Active,0
1051381610739847168,NCAA BIG EAST & CO.,1051381610739847169,4,44,80,525476420444688384,10,11577,Will,Shipley,PHI,RB,Active,0
1051381610739847168,NCAA BIG EAST & CO.,1051381610739847169,4,45,81,456129190995947520,4,11599,Cade,Stover,HOU,TE,Active,0
1051381610739847168,NCAA BIG EAST & CO.,1051381610739847169,4,46,82,456167283761344512,8,11570,Rasheen,Ali,BAL,RB,Active,0
1051381610739847168,NCAA BIG EAST & CO.,1051381610739847169,4,47,83,64174089933570048,12,11615,Ainias,Smith,PHI,WR,Active,0
1051381610739847168,NCAA BIG EAST & CO.,1051381610739847169,4,48,84,694934737214582784,3,11636,Johnny,Wilson,PHI,WR,Active,0
1051381539596021760,NCAA PIONEER,1051381539596021761,1,1,1,398884413687001088,7,11628,Marvin,Harrison,ARI,WR,Active,0
1051381539596021760,NCAA PIONEER,1051381539596021761,1,2,2,439351925129867264,4,11632,Malik,Nabers,NYG,WR,Active,0
1051381539596021760,NCAA PIONEER,1051381539596021761,1,3,3,602687087556231168,9,11620,Rome,Odunze,CHI,WR,Active,0
1051381539596021760,NCAA PIONEER,1051381539596021761,1,4,4,459110344502013952,3,11624,Xavier,Worthy,KC,WR,Active,0
1051381539596021760,NCAA PIONEER,1051381539596021761,1,5,5,468638573403303936,2,11604,Brock,Bowers,LV,TE,Active,0
1051381539596021760,NCAA PIONEER,1051381539596021761,1,6,6,315736569111650304,10,11560,Caleb,Williams,CHI,QB,Active,0
1051381539596021760,NCAA PIONEER,1051381539596021761,1,7,7,455753261765357568,6,11635,Ladd,McConkey,LAC,WR,Active,0
1051381539596021760,NCAA PIONEER,1051381539596021761,1,8,8,533363986486435840,1,11583,Jonathon,Brooks,CAR,RB,Active,0
1051381539596021760,NCAA PIONEER,1051381539596021761,1,9,9,439351925129867264,4,11631,Brian,Thomas,JAX,WR,Active,0
1051381539596021760,NCAA PIONEER,1051381539596021761,1,10,10,339931221767249920,8,11566,Jayden,Daniels,WAS,QB,Active,0
1051381539596021760,NCAA PIONEER,1051381539596021761,1,11,11,439351925129867264,4,11589,Trey,Benson,ARI,RB,Active,0
1051381539596021760,NCAA PIONEER,1051381539596021761,1,12,12,872594465284677632,12,11637,Keon,Coleman,BUF,WR,Active,0
1051381539596021760,NCAA PIONEER,1051381539596021761,2,13,25,439351925129867264,4,11638,Ricky,Pearsall,SF,WR,Active,0
1051381539596021760,NCAA PIONEER,1051381539596021761,2,14,26,439351925129867264,4,11586,Blake,Corum,LAR,RB,Active,0
1051381539596021760,NCAA PIONEER,1051381539596021761,2,15,27,602687087556231168,9,11625,Adonai,Mitchell,IND,WR,Active,0
1051381539596021760,NCAA PIONEER,1051381539596021761,2,16,28,459110344502013952,3,11627,Troy,Franklin,DEN,WR,Active,0
1051381539596021760,NCAA PIONEER,1051381539596021761,2,17,29,468638573403303936,2,11565,J.J.,McCarthy,MIN,QB,Active,0
1051381539596021760,NCAA PIONEER,1051381539596021761,2,18,30,398884413687001088,7,11564,Drake,Maye,NE,QB,Active,0
1051381539596021760,NCAA PIONEER,1051381539596021761,2,19,31,455753261765357568,6,11626,Xavier,Legette,CAR,WR,Active,0
1051381539596021760,NCAA PIONEER,1051381539596021761,2,20,32,602687087556231168,9,11619,Ja'Lynn,Polk,NE,WR,Active,0
1051381539596021760,NCAA PIONEER,1051381539596021761,2,21,33,432164755709370368,5,11630,Roman,Wilson,PIT,WR,Active,0
1051381539596021760,NCAA PIONEER,1051381539596021761,2,22,34,339931221767249920,8,11643,Jaylen,Wright,MIA,RB,Active,0
1051381539596021760,NCAA PIONEER,1051381539596021761,2,23,35,439351925129867264,4,11640,Jermaine,Burton,CIN,WR,Active,0
1051381539596021760,NCAA PIONEER,1051381539596021761,2,24,36,439351925129867264,4,11581,MarShawn,Lloyd,GB,RB,Active,0
1051381539596021760,NCAA PIONEER,1051381539596021761,3,25,49,315736569111650304,10,11617,Malachi,Corley,NYJ,WR,Active,0
1051381539596021760,NCAA PIONEER,1051381539596021761,3,26,50,398884413687001088,7,11559,Michael,Penix,ATL,QB,Active,0
1051381539596021760,NCAA PIONEER,1051381539596021761,3,27,51,872594465284677632,12,11629,Devontez,Walker,BAL,WR,Active,0
1051381539596021760,NCAA PIONEER,1051381539596021761,3,28,52,459110344502013952,3,11596,Ben,Sinnott,WAS,TE,Active,0
1051381539596021760,NCAA PIONEER,1051381539596021761,3,29,53,468638573403303936,2,11576,Braelon,Allen,NYJ,RB,Active,0
1051381539596021760,NCAA PIONEER,1051381539596021761,3,30,54,398884413687001088,7,11645,Javon,Baker,NE,WR,Active,0
1051381539596021760,NCAA PIONEER,1051381539596021761,3,31,55,455753261765357568,6,11600,Ja'Tavion,Sanders,CAR,TE,Active,0
1051381539596021760,NCAA PIONEER,1051381539596021761,3,32,56,533363986486435840,1,11577,Will,Shipley,PHI,RB,Active,0
1051381539596021760,NCAA PIONEER,1051381539596021761,3,33,57,398884413687001088,7,11618,Jalen,McMillan,TB,WR,Active,0
1051381539596021760,NCAA PIONEER,1051381539596021761,3,34,58,339931221767249920,8,11575,Ray,Davis,BUF,RB,Active,0
1051381539596021760,NCAA PIONEER,1051381539596021761,3,35,59,398884413687001088,7,11647,Kimani,Vidal,LAC,RB,Active,0
1051381539596021760,NCAA PIONEER,1051381539596021761,3,36,60,872594465284677632,12,11599,Cade,Stover,HOU,TE,Active,0
1051381539596021760,NCAA PIONEER,1051381539596021761,4,37,73,315736569111650304,10,11579,Audric,Estime,DEN,RB,Active,0
1051381539596021760,NCAA PIONEER,1051381539596021761,4,38,74,432164755709370368,5,11597,Theo,Johnson,NYG,TE,Active,0
1051381539596021760,NCAA PIONEER,1051381539596021761,4,39,75,602687087556231168,9,11574,Dylan,Laube,LV,RB,Active,0
1051381539596021760,NCAA PIONEER,1051381539596021761,4,40,76,459110344502013952,3,11621,Brenden,Rice,LAC,WR,Active,0
1051381539596021760,NCAA PIONEER,1051381539596021761,4,41,77,468638573403303936,2,11789,Joshua,Karty,LAR,K,Active,0
1051381539596021760,NCAA PIONEER,1051381539596021761,4,42,78,398884413687001088,7,11651,Isaac,Guerendo,SF,RB,Active,0
1051381539596021760,NCAA PIONEER,1051381539596021761,4,43,79,455753261765357568,6,11652,Louis,Rees-Zammit,KC,RB,Active,0
1051381539596021760,NCAA PIONEER,1051381539596021761,4,44,80,533363986486435840,1,11610,Malik,Washington,MIA,WR,Active,0
1051381539596021760,NCAA PIONEER,1051381539596021761,4,45,81,432164755709370368,5,11655,Tyrone,Tracy,NYG,RB,Active,0
1051381539596021760,NCAA PIONEER,1051381539596021761,4,46,82,339931221767249920,8,11595,Jared,Wiley,KC,TE,Active,0
1051381539596021760,NCAA PIONEER,1051381539596021761,4,47,83,437042046633504768,11,11616,Jacob,Cowing,SF,WR,Active,0
1051381539596021760,NCAA PIONEER,1051381539596021761,4,48,84,872594465284677632,12,11748,Bub,Means,NO,WR,Active,0
1051381505785810944,NCAA BIG SKY,1051381505785810945,1,1,1,448641292377780224,9,11628,Marvin,Harrison,ARI,WR,Active,0
1051381505785810944,NCAA BIG SKY,1051381505785810945,1,2,2,456258200757334016,1,11632,Malik,Nabers,NYG,WR,Active,0
1051381505785810944,NCAA BIG SKY,1051381505785810945,1,3,3,465934519652839424,5,11620,Rome,Odunze,CHI,WR,Active,0
1051381505785810944,NCAA BIG SKY,1051381505785810945,1,4,4,334014945886748672,10,11604,Brock,Bowers,LV,TE,Active,0
1051381505785810944,NCAA BIG SKY,1051381505785810945,1,5,5,604388962898866176,11,11560,Caleb,Williams,CHI,QB,Active,0
1051381505785810944,NCAA BIG SKY,1051381505785810945,1,6,6,456258200757334016,1,11624,Xavier,Worthy,KC,WR,Active,0
1051381505785810944,NCAA BIG SKY,1051381505785810945,1,7,7,439255136309604352,2,11583,Jonathon,Brooks,CAR,RB,Active,0
1051381505785810944,NCAA BIG SKY,1051381505785810945,1,8,8,449327253101211648,3,11631,Brian,Thomas,JAX,WR,Active,0
1051381505785810944,NCAA BIG SKY,1051381505785810945,1,9,9,465934519652839424,5,11635,Ladd,McConkey,LAC,WR,Active,0
1051381505785810944,NCAA BIG SKY,1051381505785810945,1,10,10,439255136309604352,2,11566,Jayden,Daniels,WAS,QB,Active,0
1051381505785810944,NCAA BIG SKY,1051381505785810945,1,11,11,78892531970359296,7,11637,Keon,Coleman,BUF,WR,Active,0
1051381505785810944,NCAA BIG SKY,1051381505785810945,1,12,12,334014945886748672,10,11625,Adonai,Mitchell,IND,WR,Active,0
1051381505785810944,NCAA BIG SKY,1051381505785810945,2,13,25,448641292377780224,9,11565,J.J.,McCarthy,MIN,QB,Active,0
1051381505785810944,NCAA BIG SKY,1051381505785810945,2,14,26,456258200757334016,1,11589,Trey,Benson,ARI,RB,Active,0
1051381505785810944,NCAA BIG SKY,1051381505785810945,2,15,27,465934519652839424,5,11638,Ricky,Pearsall,SF,WR,Active,0
1051381505785810944,NCAA BIG SKY,1051381505785810945,2,16,28,334014945886748672,10,11626,Xavier,Legette,CAR,WR,Active,0
1051381505785810944,NCAA BIG SKY,1051381505785810945,2,17,29,604388962898866176,11,11564,Drake,Maye,NE,QB,Active,0
1051381505785810944,NCAA BIG SKY,1051381505785810945,2,18,30,456258200757334016,1,11643,Jaylen,Wright,MIA,RB,Active,0
1051381505785810944,NCAA BIG SKY,1051381505785810945,2,19,31,465934519652839424,5,11586,Blake,Corum,LAR,RB,Active,0
1051381505785810944,NCAA BIG SKY,1051381505785810945,2,20,32,449327253101211648,3,11627,Troy,Franklin,DEN,WR,Active,0
1051381505785810944,NCAA BIG SKY,1051381505785810945,2,21,33,424793511431262208,6,11617,Malachi,Corley,NYJ,WR,Active,0
1051381505785810944,NCAA BIG SKY,1051381505785810945,2,22,34,424793511431262208,6,11579,Audric,Estime,DEN,RB,Active,0
1051381505785810944,NCAA BIG SKY,1051381505785810945,2,23,35,78892531970359296,7,11581,MarShawn,Lloyd,GB,RB,Active,0
1051381505785810944,NCAA BIG SKY,1051381505785810945,2,24,36,334014945886748672,10,11559,Michael,Penix,ATL,QB,Active,0
1051381505785810944,NCAA BIG SKY,1051381505785810945,3,25,49,448641292377780224,9,11576,Braelon,Allen,NYJ,RB,Active,0
1051381505785810944,NCAA BIG SKY,1051381505785810945,3,26,50,456258200757334016,1,11596,Ben,Sinnott,WAS,TE,Active,0
1051381505785810944,NCAA BIG SKY,1051381505785810945,3,27,51,465934519652839424,5,11645,Javon,Baker,NE,WR,Active,0
1051381505785810944,NCAA BIG SKY,1051381505785810945,3,28,52,334014945886748672,10,11600,Ja'Tavion,Sanders,CAR,TE,Active,0
1051381505785810944,NCAA BIG SKY,1051381505785810945,3,29,53,604388962898866176,11,11577,Will,Shipley,PHI,RB,Active,0
1051381505785810944,NCAA BIG SKY,1051381505785810945,3,30,54,519439276311531520,4,11621,Brenden,Rice,LAC,WR,Active,0
1051381505785810944,NCAA BIG SKY,1051381505785810945,3,31,55,439255136309604352,2,11640,Jermaine,Burton,CIN,WR,Active,0
1051381505785810944,NCAA BIG SKY,1051381505785810945,3,32,56,519439276311531520,4,11567,Jordan,Travis,NYJ,QB,Active,0
1051381505785810944,NCAA BIG SKY,1051381505785810945,3,33,57,439255136309604352,2,11618,Jalen,McMillan,TB,WR,Active,0
1051381505785810944,NCAA BIG SKY,1051381505785810945,3,34,58,424793511431262208,6,11575,Ray,Davis,BUF,RB,Active,0
1051381505785810944,NCAA BIG SKY,1051381505785810945,3,35,59,78892531970359296,7,11597,Theo,Johnson,NYG,TE,Active,0
1051381505785810944,NCAA BIG SKY,1051381505785810945,3,36,60,519439276311531520,4,11647,Kimani,Vidal,LAC,RB,Active,0
1051381505785810944,NCAA BIG SKY,1051381505785810945,4,37,73,448641292377780224,9,11633,Jamari,Thrash,CLE,WR,Active,0
1051381505785810944,NCAA BIG SKY,1051381505785810945,4,38,74,456258200757334016,1,11629,Devontez,Walker,BAL,WR,Active,0
1051381505785810944,NCAA BIG SKY,1051381505785810945,4,39,75,465934519652839424,5,11651,Isaac,Guerendo,SF,RB,Active,0
1051381505785810944,NCAA BIG SKY,1051381505785810945,4,40,76,334014945886748672,10,11636,Johnny,Wilson,PHI,WR,Active,0
1051381505785810944,NCAA BIG SKY,1051381505785810945,4,41,77,604388962898866176,11,11573,Frank,Gore,BUF,RB,Active,0
1051381505785810944,NCAA BIG SKY,1051381505785810945,4,42,78,519439276311531520,4,11599,Cade,Stover,HOU,TE,Active,0
1051381505785810944,NCAA BIG SKY,1051381505785810945,4,43,79,465934519652839424,5,11655,Tyrone,Tracy,NYG,RB,Active,0
1051381505785810944,NCAA BIG SKY,1051381505785810945,4,44,80,439255136309604352,2,11574,Dylan,Laube,LV,RB,Active,0
1051381505785810944,NCAA BIG SKY,1051381505785810945,4,45,81,519767126595325952,12,11792,Will,Reichard,MIN,K,Active,0
1051381505785810944,NCAA BIG SKY,1051381505785810945,4,46,82,424793511431262208,6,11595,Jared,Wiley,KC,TE,Active,0
1051381505785810944,NCAA BIG SKY,1051381505785810945,4,47,83,78892531970359296,7,11562,Spencer,Rattler,NO,QB,Active,0
1051381505785810944,NCAA BIG SKY,1051381505785810945,4,48,84,449327253101211648,3,11588,Jawhar,Jordan,HOU,RB,Active,0
1051381464723570688,NCAA WILD,1051381464723570689,1,1,1,457579310098673664,1,11628,Marvin,Harrison,ARI,WR,Active,0
1051381464723570688,NCAA WILD,1051381464723570689,1,2,2,545391514915762176,2,11632,Malik,Nabers,NYG,WR,Active,0
1051381464723570688,NCAA WILD,1051381464723570689,1,3,3,462714981117325312,8,11620,Rome,Odunze,CHI,WR,Active,0
1051381464723570688,NCAA WILD,1051381464723570689,1,4,4,635935003657723904,4,11604,Brock,Bowers,LV,TE,Active,0
1051381464723570688,NCAA WILD,1051381464723570689,1,5,5,203496917160697856,6,11560,Caleb,Williams,CHI,QB,Active,0
1051381464723570688,NCAA WILD,1051381464723570689,1,6,6,434740393972592640,11,11583,Jonathon,Brooks,CAR,RB,Active,0
1051381464723570688,NCAA WILD,1051381464723570689,1,7,7,603083535368134656,9,11566,Jayden,Daniels,WAS,QB,Active,0
1051381464723570688,NCAA WILD,1051381464723570689,1,8,8,603460801289863168,7,11589,Trey,Benson,ARI,RB,Active,0
1051381464723570688,NCAA WILD,1051381464723570689,1,9,9,434740393972592640,11,11565,J.J.,McCarthy,MIN,QB,Active,0
1051381464723570688,NCAA WILD,1051381464723570689,1,10,10,434740393972592640,11,11586,Blake,Corum,LAR,RB,Active,0
1051381464723570688,NCAA WILD,1051381464723570689,1,11,11,434740393972592640,11,11624,Xavier,Worthy,KC,WR,Active,0
1051381464723570688,NCAA WILD,1051381464723570689,1,12,12,434740393972592640,11,11635,Ladd,McConkey,LAC,WR,Active,0
1051381464723570688,NCAA WILD,1051381464723570689,2,13,25,434740393972592640,11,11631,Brian,Thomas,JAX,WR,Active,0
1051381464723570688,NCAA WILD,1051381464723570689,2,14,26,545391514915762176,2,11637,Keon,Coleman,BUF,WR,Active,0
1051381464723570688,NCAA WILD,1051381464723570689,2,15,27,545391514915762176,2,11564,Drake,Maye,NE,QB,Active,0
1051381464723570688,NCAA WILD,1051381464723570689,2,16,28,635935003657723904,4,11626,Xavier,Legette,CAR,WR,Active,0
1051381464723570688,NCAA WILD,1051381464723570689,2,17,29,203496917160697856,6,11638,Ricky,Pearsall,SF,WR,Active,0
1051381464723570688,NCAA WILD,1051381464723570689,2,18,30,434740393972592640,11,11625,Adonai,Mitchell,IND,WR,Active,0
1051381464723570688,NCAA WILD,1051381464723570689,2,19,31,603083535368134656,9,11643,Jaylen,Wright,MIA,RB,Active,0
1051381464723570688,NCAA WILD,1051381464723570689,2,20,32,505166677990699008,10,11640,Jermaine,Burton,CIN,WR,Active,0
1051381464723570688,NCAA WILD,1051381464723570689,2,21,33,457579310098673664,1,11581,MarShawn,Lloyd,GB,RB,Active,0
1051381464723570688,NCAA WILD,1051381464723570689,2,22,34,434740393972592640,11,11559,Michael,Penix,ATL,QB,Active,0
1051381464723570688,NCAA WILD,1051381464723570689,2,23,35,505166677990699008,10,11645,Javon,Baker,NE,WR,Active,0
1051381464723570688,NCAA WILD,1051381464723570689,2,24,36,434740393972592640,11,11627,Troy,Franklin,DEN,WR,Active,0
1051381464723570688,NCAA WILD,1051381464723570689,3,25,49,462714981117325312,8,11596,Ben,Sinnott,WAS,TE,Active,0
1051381464723570688,NCAA WILD,1051381464723570689,3,26,50,545391514915762176,2,11617,Malachi,Corley,NYJ,WR,Active,0
1051381464723570688,NCAA WILD,1051381464723570689,3,27,51,434740393972592640,11,11579,Audric,Estime,DEN,RB,Active,0
1051381464723570688,NCAA WILD,1051381464723570689,3,28,52,635935003657723904,4,11576,Braelon,Allen,NYJ,RB,Active,0
1051381464723570688,NCAA WILD,1051381464723570689,3,29,53,203496917160697856,6,11630,Roman,Wilson,PIT,WR,Active,0
1051381464723570688,NCAA WILD,1051381464723570689,3,30,54,434740393972592640,11,11575,Ray,Davis,BUF,RB,Active,0
1051381464723570688,NCAA WILD,1051381464723570689,3,31,55,603083535368134656,9,11647,Kimani,Vidal,LAC,RB,Active,0
1051381464723570688,NCAA WILD,1051381464723570689,3,32,56,434740393972592640,11,11655,Tyrone,Tracy,NYG,RB,Active,0
1051381464723570688,NCAA WILD,1051381464723570689,3,33,57,642578171354484736,5,11650,Luke,McCaffrey,WAS,WR,Active,0
1051381464723570688,NCAA WILD,1051381464723570689,3,34,58,457579310098673664,1,11563,Bo,Nix,DEN,QB,Active,0
1051381464723570688,NCAA WILD,1051381464723570689,3,35,59,462714981117325312,8,11600,Ja'Tavion,Sanders,CAR,TE,Active,0
1051381464723570688,NCAA WILD,1051381464723570689,3,36,60,441392312380026880,3,11584,Bucky,Irving,TB,RB,Active,0
1051381464723570688,NCAA WILD,1051381464723570689,4,37,73,603460801289863168,7,11618,Jalen,McMillan,TB,WR,Active,0
1051381464723570688,NCAA WILD,1051381464723570689,4,38,74,545391514915762176,2,11577,Will,Shipley,PHI,RB,Active,0
1051381464723570688,NCAA WILD,1051381464723570689,4,39,75,603460801289863168,7,11629,Devontez,Walker,BAL,WR,Active,0
1051381464723570688,NCAA WILD,1051381464723570689,4,40,76,635935003657723904,4,11562,Spencer,Rattler,NO,QB,Active,0
1051381464723570688,NCAA WILD,1051381464723570689,4,41,77,203496917160697856,6,11592,Erick,All,CIN,TE,Active,0
1051381464723570688,NCAA WILD,1051381464723570689,4,42,78,441392312380026880,3,11651,Isaac,Guerendo,SF,RB,Active,0
1051381464723570688,NCAA WILD,1051381464723570689,4,43,79,603083535368134656,9,11597,Theo,Johnson,NYG,TE,Active,0
1051381464723570688,NCAA WILD,1051381464723570689,4,44,80,448446449538035712,12,11595,Jared,Wiley,KC,TE,Active,0
1051381464723570688,NCAA WILD,1051381464723570689,4,45,81,642578171354484736,5,11621,Brenden,Rice,LAC,WR,Active,0
1051381464723570688,NCAA WILD,1051381464723570689,4,46,82,457579310098673664,1,11789,Joshua,Karty,LAR,K,Active,0
1051381464723570688,NCAA WILD,1051381464723570689,4,47,83,603460801289863168,7,11599,Cade,Stover,HOU,TE,Active,0
1051381464723570688,NCAA WILD,1051381464723570689,4,48,84,441392312380026880,3,11610,Malik,Washington,MIA,WR,Active,0
1051381408469598208,NCAA IVY,1051381408469598209,1,1,1,570803989783429120,4,11628,Marvin,Harrison,ARI,WR,Active,0
1051381408469598208,NCAA IVY,1051381408469598209,1,2,2,395321276102627328,5,11632,Malik,Nabers,NYG,WR,Active,0
1051381408469598208,NCAA IVY,1051381408469598209,1,3,3,470912510262767616,1,11620,Rome,Odunze,CHI,WR,Active,0
1051381408469598208,NCAA IVY,1051381408469598209,1,4,4,461688192555282432,8,11560,Caleb,Williams,CHI,QB,Active,0
1051381408469598208,NCAA IVY,1051381408469598209,1,5,5,463212708402032640,2,11604,Brock,Bowers,LV,TE,Active,0
1051381408469598208,NCAA IVY,1051381408469598209,1,6,6,464595147808567296,12,11624,Xavier,Worthy,KC,WR,Active,0
1051381408469598208,NCAA IVY,1051381408469598209,1,7,7,480124073456693248,3,11583,Jonathon,Brooks,CAR,RB,Active,0
1051381408469598208,NCAA IVY,1051381408469598209,1,8,8,82696315553071104,9,11635,Ladd,McConkey,LAC,WR,Active,0
1051381408469598208,NCAA IVY,1051381408469598209,1,9,9,395321276102627328,5,11631,Brian,Thomas,JAX,WR,Active,0
1051381408469598208,NCAA IVY,1051381408469598209,1,10,10,460895027179024384,11,11566,Jayden,Daniels,WAS,QB,Active,0
1051381408469598208,NCAA IVY,1051381408469598209,1,11,11,1017588201080369152,6,11637,Keon,Coleman,BUF,WR,Active,0
1051381408469598208,NCAA IVY,1051381408469598209,1,12,12,470912510262767616,1,11564,Drake,Maye,NE,QB,Active,0
1051381408469598208,NCAA IVY,1051381408469598209,2,13,25,570803989783429120,4,11589,Trey,Benson,ARI,RB,Active,0
1051381408469598208,NCAA IVY,1051381408469598209,2,14,26,82696315553071104,9,11638,Ricky,Pearsall,SF,WR,Active,0
1051381408469598208,NCAA IVY,1051381408469598209,2,15,27,470912510262767616,1,11625,Adonai,Mitchell,IND,WR,Active,0
1051381408469598208,NCAA IVY,1051381408469598209,2,16,28,470912510262767616,1,11586,Blake,Corum,LAR,RB,Active,0
1051381408469598208,NCAA IVY,1051381408469598209,2,17,29,82696315553071104,9,11565,J.J.,McCarthy,MIN,QB,Active,0
1051381408469598208,NCAA IVY,1051381408469598209,2,18,30,464595147808567296,12,11626,Xavier,Legette,CAR,WR,Active,0
1051381408469598208,NCAA IVY,1051381408469598209,2,19,31,480124073456693248,3,11627,Troy,Franklin,DEN,WR,Active,0
1051381408469598208,NCAA IVY,1051381408469598209,2,20,32,82696315553071104,9,11640,Jermaine,Burton,CIN,WR,Active,0
1051381408469598208,NCAA IVY,1051381408469598209,2,21,33,470912510262767616,1,11630,Roman,Wilson,PIT,WR,Active,0
1051381408469598208,NCAA IVY,1051381408469598209,2,22,34,470912510262767616,1,11619,Ja'Lynn,Polk,NE,WR,Active,0
1051381408469598208,NCAA IVY,1051381408469598209,2,23,35,1017588201080369152,6,11563,Bo,Nix,DEN,QB,Active,0
1051381408469598208,NCAA IVY,1051381408469598209,2,24,36,460895027179024384,11,11643,Jaylen,Wright,MIA,RB,Active,0
1051381408469598208,NCAA IVY,1051381408469598209,3,25,49,570803989783429120,4,11559,Michael,Penix,ATL,QB,Active,0
1051381408469598208,NCAA IVY,1051381408469598209,3,26,50,1142198466060402688,10,11567,Jordan,Travis,NYJ,QB,Active,0
1051381408469598208,NCAA IVY,1051381408469598209,3,27,51,470912510262767616,1,11645,Javon,Baker,NE,WR,Active,0
1051381408469598208,NCAA IVY,1051381408469598209,3,28,52,461688192555282432,8,11600,Ja'Tavion,Sanders,CAR,TE,Active,0
1051381408469598208,NCAA IVY,1051381408469598209,3,29,53,463212708402032640,2,11581,MarShawn,Lloyd,GB,RB,Active,0
1051381408469598208,NCAA IVY,1051381408469598209,3,30,54,464595147808567296,12,11584,Bucky,Irving,TB,RB,Active,0
1051381408469598208,NCAA IVY,1051381408469598209,3,31,55,480124073456693248,3,11597,Theo,Johnson,NYG,TE,Active,0
1051381408469598208,NCAA IVY,1051381408469598209,3,32,56,82696315553071104,9,11575,Ray,Davis,BUF,RB,Active,0
1051381408469598208,NCAA IVY,1051381408469598209,3,33,57,395321276102627328,5,11576,Braelon,Allen,NYJ,RB,Active,0
1051381408469598208,NCAA IVY,1051381408469598209,3,34,58,460895027179024384,11,11655,Tyrone,Tracy,NYG,RB,Active,0
1051381408469598208,NCAA IVY,1051381408469598209,3,35,59,1017588201080369152,6,11618,Jalen,McMillan,TB,WR,Active,0
1051381408469598208,NCAA IVY,1051381408469598209,3,36,60,460895027179024384,11,11647,Kimani,Vidal,LAC,RB,Active,0
1051381408469598208,NCAA IVY,1051381408469598209,4,37,73,570803989783429120,4,11592,Erick,All,CIN,TE,Active,0
1051381408469598208,NCAA IVY,1051381408469598209,4,38,74,1142198466060402688,10,11621,Brenden,Rice,LAC,WR,Active,0
1051381408469598208,NCAA IVY,1051381408469598209,4,39,75,460895027179024384,11,11651,Isaac,Guerendo,SF,RB,Active,0
1051381408469598208,NCAA IVY,1051381408469598209,4,40,76,1142198466060402688,10,11573,Frank,Gore,BUF,RB,Active,0
1051381408469598208,NCAA IVY,1051381408469598209,4,41,77,463212708402032640,2,11629,Devontez,Walker,BAL,WR,Active,0
1051381408469598208,NCAA IVY,1051381408469598209,4,42,78,464595147808567296,12,11574,Dylan,Laube,LV,RB,Active,0
1051381408469598208,NCAA IVY,1051381408469598209,4,43,79,480124073456693248,3,11577,Will,Shipley,PHI,RB,Active,0
1051381408469598208,NCAA IVY,1051381408469598209,4,44,80,1142198466060402688,10,11650,Luke,McCaffrey,WAS,WR,Active,0
1051381408469598208,NCAA IVY,1051381408469598209,4,45,81,395321276102627328,5,11579,Audric,Estime,DEN,RB,Active,0
1051381408469598208,NCAA IVY,1051381408469598209,4,46,82,826571292240109568,7,11610,Malik,Washington,MIA,WR,Active,0
1051381408469598208,NCAA IVY,1051381408469598209,4,47,83,1017588201080369152,6,11595,Jared,Wiley,KC,TE,Active,0
1051381408469598208,NCAA IVY,1051381408469598209,4,48,84,460895027179024384,11,11599,Cade,Stover,HOU,TE,Active,0
1051381357190053888,NCAA USA,1051381357190053889,1,1,1,692542511834558464,4,11604,Brock,Bowers,LV,TE,Active,0
1051381357190053888,NCAA USA,1051381357190053889,1,2,2,560611777479667712,6,11628,Marvin,Harrison,ARI,WR,Active,0
1051381357190053888,NCAA USA,1051381357190053889,1,3,3,389658700735868928,1,11632,Malik,Nabers,NYG,WR,Active,0
1051381357190053888,NCAA USA,1051381357190053889,1,4,4,866509840124641280,5,11560,Caleb,Williams,CHI,QB,Active,0
1051381357190053888,NCAA USA,1051381357190053889,1,5,5,605439246030925824,8,11583,Jonathon,Brooks,CAR,RB,Active,0
1051381357190053888,NCAA USA,1051381357190053889,1,6,6,460257215329071104,11,11620,Rome,Odunze,CHI,WR,Active,0
1051381357190053888,NCAA USA,1051381357190053889,1,7,7,787224085817044992,9,11566,Jayden,Daniels,WAS,QB,Active,0
1051381357190053888,NCAA USA,1051381357190053889,1,8,8,590358219562455040,10,11624,Xavier,Worthy,KC,WR,Active,0
1051381357190053888,NCAA USA,1051381357190053889,1,9,9,651857322645241856,7,11625,Adonai,Mitchell,IND,WR,Active,0
1051381357190053888,NCAA USA,1051381357190053889,1,10,10,599286882408394752,3,11565,J.J.,McCarthy,MIN,QB,Active,0
1051381357190053888,NCAA USA,1051381357190053889,1,11,11,460257215329071104,11,11631,Brian,Thomas,JAX,WR,Active,0
1051381357190053888,NCAA USA,1051381357190053889,1,12,12,460257215329071104,11,11589,Trey,Benson,ARI,RB,Active,0
1051381357190053888,NCAA USA,1051381357190053889,2,13,25,692542511834558464,4,11635,Ladd,McConkey,LAC,WR,Active,0
1051381357190053888,NCAA USA,1051381357190053889,2,14,26,460257215329071104,11,11637,Keon,Coleman,BUF,WR,Active,0
1051381357190053888,NCAA USA,1051381357190053889,2,15,27,389658700735868928,1,11626,Xavier,Legette,CAR,WR,Active,0
1051381357190053888,NCAA USA,1051381357190053889,2,16,28,866509840124641280,5,11619,Ja'Lynn,Polk,NE,WR,Active,0
1051381357190053888,NCAA USA,1051381357190053889,2,17,29,605439246030925824,8,11630,Roman,Wilson,PIT,WR,Active,0
1051381357190053888,NCAA USA,1051381357190053889,2,18,30,599286882408394752,3,11617,Malachi,Corley,NYJ,WR,Active,0
1051381357190053888,NCAA USA,1051381357190053889,2,19,31,560611777479667712,6,11638,Ricky,Pearsall,SF,WR,Active,0
1051381357190053888,NCAA USA,1051381357190053889,2,20,32,590358219562455040,10,11586,Blake,Corum,LAR,RB,Active,0
1051381357190053888,NCAA USA,1051381357190053889,2,21,33,651857322645241856,7,11640,Jermaine,Burton,CIN,WR,Active,0
1051381357190053888,NCAA USA,1051381357190053889,2,22,34,599286882408394752,3,11564,Drake,Maye,NE,QB,Active,0
1051381357190053888,NCAA USA,1051381357190053889,2,23,35,866509840124641280,5,11627,Troy,Franklin,DEN,WR,Active,0
1051381357190053888,NCAA USA,1051381357190053889,2,24,36,560611777479667712,6,11581,MarShawn,Lloyd,GB,RB,Active,0
1051381357190053888,NCAA USA,1051381357190053889,3,25,49,692542511834558464,4,11559,Michael,Penix,ATL,QB,Active,0
1051381357190053888,NCAA USA,1051381357190053889,3,26,50,460257215329071104,11,11643,Jaylen,Wright,MIA,RB,Active,0
1051381357190053888,NCAA USA,1051381357190053889,3,27,51,389658700735868928,1,11600,Ja'Tavion,Sanders,CAR,TE,Active,0
1051381357190053888,NCAA USA,1051381357190053889,3,28,52,866509840124641280,5,11576,Braelon,Allen,NYJ,RB,Active,0
1051381357190053888,NCAA USA,1051381357190053889,3,29,53,464625836192952320,2,11629,Devontez,Walker,BAL,WR,Active,0
1051381357190053888,NCAA USA,1051381357190053889,3,30,54,650627977721245696,12,11597,Theo,Johnson,NYG,TE,Active,0
1051381357190053888,NCAA USA,1051381357190053889,3,31,55,605439246030925824,8,11647,Kimani,Vidal,LAC,RB,Active,0
1051381357190053888,NCAA USA,1051381357190053889,3,32,56,590358219562455040,10,11621,Brenden,Rice,LAC,WR,Active,0
1051381357190053888,NCAA USA,1051381357190053889,3,33,57,651857322645241856,7,11645,Javon,Baker,NE,WR,Active,0
1051381357190053888,NCAA USA,1051381357190053889,3,34,58,650627977721245696,12,11618,Jalen,McMillan,TB,WR,Active,0
1051381357190053888,NCAA USA,1051381357190053889,3,35,59,866509840124641280,5,11655,Tyrone,Tracy,NYG,RB,Active,0
1051381357190053888,NCAA USA,1051381357190053889,3,36,60,650627977721245696,12,11562,Spencer,Rattler,NO,QB,Active,0
1051381357190053888,NCAA USA,1051381357190053889,4,37,73,692542511834558464,4,11577,Will,Shipley,PHI,RB,Active,0
1051381357190053888,NCAA USA,1051381357190053889,4,38,74,460257215329071104,11,11575,Ray,Davis,BUF,RB,Active,0
1051381357190053888,NCAA USA,1051381357190053889,4,39,75,389658700735868928,1,11567,Jordan,Travis,NYJ,QB,Active,0
1051381357190053888,NCAA USA,1051381357190053889,4,40,76,866509840124641280,5,11651,Isaac,Guerendo,SF,RB,Active,0
1051381357190053888,NCAA USA,1051381357190053889,4,41,77,464625836192952320,2,11616,Jacob,Cowing,SF,WR,Active,0
1051381357190053888,NCAA USA,1051381357190053889,4,42,78,787224085817044992,9,11633,Jamari,Thrash,CLE,WR,Active,0
1051381357190053888,NCAA USA,1051381357190053889,4,43,79,787224085817044992,9,11584,Bucky,Irving,TB,RB,Active,0
1051381357190053888,NCAA USA,1051381357190053889,4,44,80,590358219562455040,10,11592,Erick,All,CIN,TE,Active,0
1051381357190053888,NCAA USA,1051381357190053889,4,45,81,651857322645241856,7,11579,Audric,Estime,DEN,RB,Active,0
1051381357190053888,NCAA USA,1051381357190053889,4,46,82,599286882408394752,3,11610,Malik,Washington,MIA,WR,Active,0
1051381357190053888,NCAA USA,1051381357190053889,4,47,83,560611777479667712,6,11574,Dylan,Laube,LV,RB,Active,0
1051381357190053888,NCAA USA,1051381357190053889,4,48,84,650627977721245696,12,11792,Will,Reichard,MIN,K,Active,0
1051381274868289536,NCAA OHIO VALLEY,1051381274868289537,1,1,1,347683464398749696,9,11628,Marvin,Harrison,ARI,WR,Active,0
1051381274868289536,NCAA OHIO VALLEY,1051381274868289537,1,2,2,474662041341128704,5,11632,Malik,Nabers,NYG,WR,Active,0
1051381274868289536,NCAA OHIO VALLEY,1051381274868289537,1,3,3,594242128851296256,10,11620,Rome,Odunze,CHI,WR,Active,0
1051381274868289536,NCAA OHIO VALLEY,1051381274868289537,1,4,4,69768813763510272,8,11624,Xavier,Worthy,KC,WR,Active,0
1051381274868289536,NCAA OHIO VALLEY,1051381274868289537,1,5,5,571753677428977664,1,11604,Brock,Bowers,LV,TE,Active,0
1051381274868289536,NCAA OHIO VALLEY,1051381274868289537,1,6,6,474662041341128704,5,11583,Jonathon,Brooks,CAR,RB,Active,0
1051381274868289536,NCAA OHIO VALLEY,1051381274868289537,1,7,7,594242128851296256,10,11560,Caleb,Williams,CHI,QB,Active,0
1051381274868289536,NCAA OHIO VALLEY,1051381274868289537,1,8,8,472879969664495616,4,11631,Brian,Thomas,JAX,WR,Active,0
1051381274868289536,NCAA OHIO VALLEY,1051381274868289537,1,9,9,468944645166985216,3,11635,Ladd,McConkey,LAC,WR,Active,0
1051381274868289536,NCAA OHIO VALLEY,1051381274868289537,1,10,10,474662041341128704,5,11637,Keon,Coleman,BUF,WR,Active,0
1051381274868289536,NCAA OHIO VALLEY,1051381274868289537,1,11,11,69768813763510272,8,11586,Blake,Corum,LAR,RB,Active,0
1051381274868289536,NCAA OHIO VALLEY,1051381274868289537,1,12,12,347683464398749696,9,11566,Jayden,Daniels,WAS,QB,Active,0
1051381274868289536,NCAA OHIO VALLEY,1051381274868289537,2,13,25,347683464398749696,9,11589,Trey,Benson,ARI,RB,Active,0
1051381274868289536,NCAA OHIO VALLEY,1051381274868289537,2,14,26,347683464398749696,9,11626,Xavier,Legette,CAR,WR,Active,0
1051381274868289536,NCAA OHIO VALLEY,1051381274868289537,2,15,27,594242128851296256,10,11638,Ricky,Pearsall,SF,WR,Active,0
1051381274868289536,NCAA OHIO VALLEY,1051381274868289537,2,16,28,472879969664495616,4,11564,Drake,Maye,NE,QB,Active,0
1051381274868289536,NCAA OHIO VALLEY,1051381274868289537,2,17,29,571753677428977664,1,11625,Adonai,Mitchell,IND,WR,Active,0
1051381274868289536,NCAA OHIO VALLEY,1051381274868289537,2,18,30,474662041341128704,5,11643,Jaylen,Wright,MIA,RB,Active,0
1051381274868289536,NCAA OHIO VALLEY,1051381274868289537,2,19,31,635700695584043008,7,11619,Ja'Lynn,Polk,NE,WR,Active,0
1051381274868289536,NCAA OHIO VALLEY,1051381274868289537,2,20,32,594242128851296256,10,11581,MarShawn,Lloyd,GB,RB,Active,0
1051381274868289536,NCAA OHIO VALLEY,1051381274868289537,2,21,33,468944645166985216,3,11565,J.J.,McCarthy,MIN,QB,Active,0
1051381274868289536,NCAA OHIO VALLEY,1051381274868289537,2,22,34,347683464398749696,9,11627,Troy,Franklin,DEN,WR,Active,0
1051381274868289536,NCAA OHIO VALLEY,1051381274868289537,2,23,35,474662041341128704,5,11630,Roman,Wilson,PIT,WR,Active,0
1051381274868289536,NCAA OHIO VALLEY,1051381274868289537,2,24,36,347683464398749696,9,11600,Ja'Tavion,Sanders,CAR,TE,Active,0
1051381274868289536,NCAA OHIO VALLEY,1051381274868289537,3,25,49,331558449374593024,6,11650,Luke,McCaffrey,WAS,WR,Active,0
1051381274868289536,NCAA OHIO VALLEY,1051381274868289537,3,26,50,594242128851296256,10,11617,Malachi,Corley,NYJ,WR,Active,0
1051381274868289536,NCAA OHIO VALLEY,1051381274868289537,3,27,51,472879969664495616,4,11640,Jermaine,Burton,CIN,WR,Active,0
1051381274868289536,NCAA OHIO VALLEY,1051381274868289537,3,28,52,69768813763510272,8,11597,Theo,Johnson,NYG,TE,Active,0
1051381274868289536,NCAA OHIO VALLEY,1051381274868289537,3,29,53,571753677428977664,1,11645,Javon,Baker,NE,WR,Active,0
1051381274868289536,NCAA OHIO VALLEY,1051381274868289537,3,30,54,300814106795974656,12,11563,Bo,Nix,DEN,QB,Active,0
1051381274868289536,NCAA OHIO VALLEY,1051381274868289537,3,31,55,347683464398749696,9,11576,Braelon,Allen,NYJ,RB,Active,0
1051381274868289536,NCAA OHIO VALLEY,1051381274868289537,3,32,56,472879969664495616,4,11596,Ben,Sinnott,WAS,TE,Active,0
1051381274868289536,NCAA OHIO VALLEY,1051381274868289537,3,33,57,347683464398749696,9,11618,Jalen,McMillan,TB,WR,Active,0
1051381274868289536,NCAA OHIO VALLEY,1051381274868289537,3,34,58,594242128851296256,10,11647,Kimani,Vidal,LAC,RB,Active,0
1051381274868289536,NCAA OHIO VALLEY,1051381274868289537,3,35,59,638193564806897664,11,11584,Bucky,Irving,TB,RB,Active,0
1051381274868289536,NCAA OHIO VALLEY,1051381274868289537,3,36,60,594242128851296256,10,11559,Michael,Penix,ATL,QB,Active,0
1051381274868289536,NCAA OHIO VALLEY,1051381274868289537,4,37,73,331558449374593024,6,11621,Brenden,Rice,LAC,WR,Active,0
1051381274868289536,NCAA OHIO VALLEY,1051381274868289537,4,38,74,300814106795974656,12,11579,Audric,Estime,DEN,RB,Active,0
1051381274868289536,NCAA OHIO VALLEY,1051381274868289537,4,39,75,69768813763510272,8,11651,Isaac,Guerendo,SF,RB,Active,0
1051381274868289536,NCAA OHIO VALLEY,1051381274868289537,4,40,76,69768813763510272,8,11592,Erick,All,CIN,TE,Active,0
1051381274868289536,NCAA OHIO VALLEY,1051381274868289537,4,41,77,571753677428977664,1,11575,Ray,Davis,BUF,RB,Active,0
1051381274868289536,NCAA OHIO VALLEY,1051381274868289537,4,42,78,300814106795974656,12,11595,Jared,Wiley,KC,TE,Active,0
1051381274868289536,NCAA OHIO VALLEY,1051381274868289537,4,43,79,635700695584043008,7,11577,Will,Shipley,PHI,RB,Active,0
1051381274868289536,NCAA OHIO VALLEY,1051381274868289537,4,44,80,472879969664495616,4,11655,Tyrone,Tracy,NYG,RB,Active,0
1051381274868289536,NCAA OHIO VALLEY,1051381274868289537,4,45,81,468944645166985216,3,11629,Devontez,Walker,BAL,WR,Active,0
1051381274868289536,NCAA OHIO VALLEY,1051381274868289537,4,46,82,347683464398749696,9,11567,Jordan,Travis,NYJ,QB,Active,0
1051381274868289536,NCAA OHIO VALLEY,1051381274868289537,4,47,83,638193564806897664,11,11610,Malik,Washington,MIA,WR,Active,0
1051381274868289536,NCAA OHIO VALLEY,1051381274868289537,4,48,84,331558449374593024,6,11573,Frank,Gore,BUF,RB,Active,0
1051381233009295360,NCAA MOUNTAIN WEST,1051381233009295361,1,1,1,838238893672349696,5,11632,Malik,Nabers,NYG,WR,Active,0
1051381233009295360,NCAA MOUNTAIN WEST,1051381233009295361,1,2,2,837430327189295104,6,11628,Marvin,Harrison,ARI,WR,Active,0
1051381233009295360,NCAA MOUNTAIN WEST,1051381233009295361,1,3,3,560626155833876480,3,11604,Brock,Bowers,LV,TE,Active,0
1051381233009295360,NCAA MOUNTAIN WEST,1051381233009295361,1,4,4,463106510101147648,2,11620,Rome,Odunze,CHI,WR,Active,0
1051381233009295360,NCAA MOUNTAIN WEST,1051381233009295361,1,5,5,814354227357908992,10,11624,Xavier,Worthy,KC,WR,Active,0
1051381233009295360,NCAA MOUNTAIN WEST,1051381233009295361,1,6,6,325726913966395392,8,11583,Jonathon,Brooks,CAR,RB,Active,0
1051381233009295360,NCAA MOUNTAIN WEST,1051381233009295361,1,7,7,702897403514159104,11,11589,Trey,Benson,ARI,RB,Active,0
1051381233009295360,NCAA MOUNTAIN WEST,1051381233009295361,1,8,8,467489585379667968,7,11560,Caleb,Williams,CHI,QB,Active,0
1051381233009295360,NCAA MOUNTAIN WEST,1051381233009295361,1,9,9,463106510101147648,2,11635,Ladd,McConkey,LAC,WR,Active,0
1051381233009295360,NCAA MOUNTAIN WEST,1051381233009295361,1,10,10,589001974318403584,9,11631,Brian,Thomas,JAX,WR,Active,0
1051381233009295360,NCAA MOUNTAIN WEST,1051381233009295361,1,11,11,838238893672349696,5,11566,Jayden,Daniels,WAS,QB,Active,0
1051381233009295360,NCAA MOUNTAIN WEST,1051381233009295361,1,12,12,838238893672349696,5,11626,Xavier,Legette,CAR,WR,Active,0
1051381233009295360,NCAA MOUNTAIN WEST,1051381233009295361,2,13,25,463106510101147648,2,11565,J.J.,McCarthy,MIN,QB,Active,0
1051381233009295360,NCAA MOUNTAIN WEST,1051381233009295361,2,14,26,837430327189295104,6,11586,Blake,Corum,LAR,RB,Active,0
1051381233009295360,NCAA MOUNTAIN WEST,1051381233009295361,2,15,27,560626155833876480,3,11637,Keon,Coleman,BUF,WR,Active,0
1051381233009295360,NCAA MOUNTAIN WEST,1051381233009295361,2,16,28,814354227357908992,10,11643,Jaylen,Wright,MIA,RB,Active,0
1051381233009295360,NCAA MOUNTAIN WEST,1051381233009295361,2,17,29,702897403514159104,11,11625,Adonai,Mitchell,IND,WR,Active,0
1051381233009295360,NCAA MOUNTAIN WEST,1051381233009295361,2,18,30,325726913966395392,8,11638,Ricky,Pearsall,SF,WR,Active,0
1051381233009295360,NCAA MOUNTAIN WEST,1051381233009295361,2,19,31,702897403514159104,11,11627,Troy,Franklin,DEN,WR,Active,0
1051381233009295360,NCAA MOUNTAIN WEST,1051381233009295361,2,20,32,814354227357908992,10,11564,Drake,Maye,NE,QB,Active,0
1051381233009295360,NCAA MOUNTAIN WEST,1051381233009295361,2,21,33,838238893672349696,5,11559,Michael,Penix,ATL,QB,Active,0
1051381233009295360,NCAA MOUNTAIN WEST,1051381233009295361,2,22,34,589001974318403584,9,11581,MarShawn,Lloyd,GB,RB,Active,0
1051381233009295360,NCAA MOUNTAIN WEST,1051381233009295361,2,23,35,325726913966395392,8,11640,Jermaine,Burton,CIN,WR,Active,0
1051381233009295360,NCAA MOUNTAIN WEST,1051381233009295361,2,24,36,702897403514159104,11,11596,Ben,Sinnott,WAS,TE,Active,0
1051381233009295360,NCAA MOUNTAIN WEST,1051381233009295361,3,25,49,596835723861082112,1,11619,Ja'Lynn,Polk,NE,WR,Active,0
1051381233009295360,NCAA MOUNTAIN WEST,1051381233009295361,3,26,50,837430327189295104,6,11650,Luke,McCaffrey,WAS,WR,Active,0
1051381233009295360,NCAA MOUNTAIN WEST,1051381233009295361,3,27,51,560626155833876480,3,11630,Roman,Wilson,PIT,WR,Active,0
1051381233009295360,NCAA MOUNTAIN WEST,1051381233009295361,3,28,52,463106510101147648,2,11575,Ray,Davis,BUF,RB,Active,0
1051381233009295360,NCAA MOUNTAIN WEST,1051381233009295361,3,29,53,814354227357908992,10,11617,Malachi,Corley,NYJ,WR,Active,0
1051381233009295360,NCAA MOUNTAIN WEST,1051381233009295361,3,30,54,596835723861082112,1,11600,Ja'Tavion,Sanders,CAR,TE,Active,0
1051381233009295360,NCAA MOUNTAIN WEST,1051381233009295361,3,31,55,838238893672349696,5,11576,Braelon,Allen,NYJ,RB,Active,0
1051381233009295360,NCAA MOUNTAIN WEST,1051381233009295361,3,32,56,467489585379667968,7,11584,Bucky,Irving,TB,RB,Active,0
1051381233009295360,NCAA MOUNTAIN WEST,1051381233009295361,3,33,57,814354227357908992,10,11579,Audric,Estime,DEN,RB,Active,0
1051381233009295360,NCAA MOUNTAIN WEST,1051381233009295361,3,34,58,589001974318403584,9,11645,Javon,Baker,NE,WR,Active,0
1051381233009295360,NCAA MOUNTAIN WEST,1051381233009295361,3,35,59,702897403514159104,11,11647,Kimani,Vidal,LAC,RB,Active,0
1051381233009295360,NCAA MOUNTAIN WEST,1051381233009295361,3,36,60,702897403514159104,11,11577,Will,Shipley,PHI,RB,Active,0
1051381233009295360,NCAA MOUNTAIN WEST,1051381233009295361,4,37,73,734939566091436032,12,11655,Tyrone,Tracy,NYG,RB,Active,0
1051381233009295360,NCAA MOUNTAIN WEST,1051381233009295361,4,38,74,838238893672349696,5,11597,Theo,Johnson,NYG,TE,Active,0
1051381233009295360,NCAA MOUNTAIN WEST,1051381233009295361,4,39,75,838238893672349696,5,11618,Jalen,McMillan,TB,WR,Active,0
1051381233009295360,NCAA MOUNTAIN WEST,1051381233009295361,4,40,76,814354227357908992,10,11651,Isaac,Guerendo,SF,RB,Active,0
1051381233009295360,NCAA MOUNTAIN WEST,1051381233009295361,4,41,77,734939566091436032,12,11629,Devontez,Walker,BAL,WR,Active,0
1051381233009295360,NCAA MOUNTAIN WEST,1051381233009295361,4,42,78,325726913966395392,8,11574,Dylan,Laube,LV,RB,Active,0
1051381233009295360,NCAA MOUNTAIN WEST,1051381233009295361,4,43,79,702897403514159104,11,11621,Brenden,Rice,LAC,WR,Active,0
1051381233009295360,NCAA MOUNTAIN WEST,1051381233009295361,4,44,80,467489585379667968,7,11599,Cade,Stover,HOU,TE,Active,0
1051381233009295360,NCAA MOUNTAIN WEST,1051381233009295361,4,45,81,702897403514159104,11,11557,Joe,Milton,NE,QB,Active,0
1051381233009295360,NCAA MOUNTAIN WEST,1051381233009295361,4,46,82,589001974318403584,9,11610,Malik,Washington,MIA,WR,Active,0
1051381233009295360,NCAA MOUNTAIN WEST,1051381233009295361,4,47,83,596835723861082112,1,11792,Will,Reichard,MIN,K,Active,0
1051381233009295360,NCAA MOUNTAIN WEST,1051381233009295361,4,48,84,596835723861082112,1,11562,Spencer,Rattler,NO,QB,Active,0
1051228339672961024,NCAA BIG 10,1051228339672961025,1,1,1,456550391375458304,3,11628,Marvin,Harrison,ARI,WR,Active,0
1051228339672961024,NCAA BIG 10,1051228339672961025,1,2,2,385118789936812032,5,11632,Malik,Nabers,NYG,WR,Active,0
1051228339672961024,NCAA BIG 10,1051228339672961025,1,3,3,459225788735025152,10,11620,Rome,Odunze,CHI,WR,Active,0
1051228339672961024,NCAA BIG 10,1051228339672961025,1,4,4,459225788735025152,10,11604,Brock,Bowers,LV,TE,Active,0
1051228339672961024,NCAA BIG 10,1051228339672961025,1,5,5,572115807636807680,4,11637,Keon,Coleman,BUF,WR,Active,0
1051228339672961024,NCAA BIG 10,1051228339672961025,1,6,6,471056290550902784,11,11631,Brian,Thomas,JAX,WR,Active,0
1051228339672961024,NCAA BIG 10,1051228339672961025,1,7,7,460511267564548096,6,11624,Xavier,Worthy,KC,WR,Active,0
1051228339672961024,NCAA BIG 10,1051228339672961025,1,8,8,459225788735025152,10,11583,Jonathon,Brooks,CAR,RB,Active,0
1051228339672961024,NCAA BIG 10,1051228339672961025,1,9,9,438178170542223360,2,11635,Ladd,McConkey,LAC,WR,Active,0
1051228339672961024,NCAA BIG 10,1051228339672961025,1,10,10,460511267564548096,6,11560,Caleb,Williams,CHI,QB,Active,0
1051228339672961024,NCAA BIG 10,1051228339672961025,1,11,11,438178170542223360,2,11589,Trey,Benson,ARI,RB,Active,0
1051228339672961024,NCAA BIG 10,1051228339672961025,1,12,12,456550391375458304,3,11638,Ricky,Pearsall,SF,WR,Active,0
1051228339672961024,NCAA BIG 10,1051228339672961025,2,13,25,456550391375458304,3,11626,Xavier,Legette,CAR,WR,Active,0
1051228339672961024,NCAA BIG 10,1051228339672961025,2,14,26,456550391375458304,3,11566,Jayden,Daniels,WAS,QB,Active,0
1051228339672961024,NCAA BIG 10,1051228339672961025,2,15,27,385118789936812032,5,11564,Drake,Maye,NE,QB,Active,0
1051228339672961024,NCAA BIG 10,1051228339672961025,2,16,28,443870183853912064,12,11625,Adonai,Mitchell,IND,WR,Active,0
1051228339672961024,NCAA BIG 10,1051228339672961025,2,17,29,572115807636807680,4,11586,Blake,Corum,LAR,RB,Active,0
1051228339672961024,NCAA BIG 10,1051228339672961025,2,18,30,385118789936812032,5,11627,Troy,Franklin,DEN,WR,Active,0
1051228339672961024,NCAA BIG 10,1051228339672961025,2,19,31,438178170542223360,2,11565,J.J.,McCarthy,MIN,QB,Active,0
1051228339672961024,NCAA BIG 10,1051228339672961025,2,20,32,443870183853912064,12,11645,Javon,Baker,NE,WR,Active,0
1051228339672961024,NCAA BIG 10,1051228339672961025,2,21,33,459225788735025152,10,11630,Roman,Wilson,PIT,WR,Active,0
1051228339672961024,NCAA BIG 10,1051228339672961025,2,22,34,460511267564548096,6,11643,Jaylen,Wright,MIA,RB,Active,0
1051228339672961024,NCAA BIG 10,1051228339672961025,2,23,35,459225788735025152,10,11581,MarShawn,Lloyd,GB,RB,Active,0
1051228339672961024,NCAA BIG 10,1051228339672961025,2,24,36,385118789936812032,5,11576,Braelon,Allen,NYJ,RB,Active,0
1051228339672961024,NCAA BIG 10,1051228339672961025,3,25,49,456550391375458304,3,11640,Jermaine,Burton,CIN,WR,Active,0
1051228339672961024,NCAA BIG 10,1051228339672961025,3,26,50,438178170542223360,2,11618,Jalen,McMillan,TB,WR,Active,0
1051228339672961024,NCAA BIG 10,1051228339672961025,3,27,51,459225788735025152,10,11596,Ben,Sinnott,WAS,TE,Active,0
1051228339672961024,NCAA BIG 10,1051228339672961025,3,28,52,443870183853912064,12,11563,Bo,Nix,DEN,QB,Active,0
1051228339672961024,NCAA BIG 10,1051228339672961025,3,29,53,572115807636807680,4,11559,Michael,Penix,ATL,QB,Active,0
1051228339672961024,NCAA BIG 10,1051228339672961025,3,30,54,438178170542223360,2,11650,Luke,McCaffrey,WAS,WR,Active,0
1051228339672961024,NCAA BIG 10,1051228339672961025,3,31,55,438178170542223360,2,11600,Ja'Tavion,Sanders,CAR,TE,Active,0
1051228339672961024,NCAA BIG 10,1051228339672961025,3,32,56,438178170542223360,2,11579,Audric,Estime,DEN,RB,Active,0
1051228339672961024,NCAA BIG 10,1051228339672961025,3,33,57,438178170542223360,2,11647,Kimani,Vidal,LAC,RB,Active,0
1051228339672961024,NCAA BIG 10,1051228339672961025,3,34,58,443870183853912064,12,11621,Brenden,Rice,LAC,WR,Active,0
1051228339672961024,NCAA BIG 10,1051228339672961025,3,35,59,519694666546008064,8,11629,Devontez,Walker,BAL,WR,Active,0
1051228339672961024,NCAA BIG 10,1051228339672961025,3,36,60,438178170542223360,2,11562,Spencer,Rattler,NO,QB,Active,0
1051228339672961024,NCAA BIG 10,1051228339672961025,4,37,73,456550391375458304,3,11616,Jacob,Cowing,SF,WR,Active,0
1051228339672961024,NCAA BIG 10,1051228339672961025,4,38,74,460511267564548096,6,11584,Bucky,Irving,TB,RB,Active,0
1051228339672961024,NCAA BIG 10,1051228339672961025,4,39,75,459225788735025152,10,11575,Ray,Davis,BUF,RB,Active,0
1051228339672961024,NCAA BIG 10,1051228339672961025,4,40,76,471056290550902784,11,11610,Malik,Washington,MIA,WR,Active,0
1051228339672961024,NCAA BIG 10,1051228339672961025,4,41,77,572115807636807680,4,11599,Cade,Stover,HOU,TE,Active,0
1051228339672961024,NCAA BIG 10,1051228339672961025,4,42,78,460518714907815936,7,11577,Will,Shipley,PHI,RB,Active,0
1051228339672961024,NCAA BIG 10,1051228339672961025,4,43,79,460518714907815936,7,11651,Isaac,Guerendo,SF,RB,Active,0
1051228339672961024,NCAA BIG 10,1051228339672961025,4,44,80,385118789936812032,5,11597,Theo,Johnson,NYG,TE,Active,0
1051228339672961024,NCAA BIG 10,1051228339672961025,4,45,81,471056290550902784,11,11571,Isaiah,Davis,NYJ,RB,Active,0
1051228339672961024,NCAA BIG 10,1051228339672961025,4,46,82,460511267564548096,6,11570,Rasheen,Ali,BAL,RB,Active,0
1051228339672961024,NCAA BIG 10,1051228339672961025,4,47,83,471056290550902784,11,11568,Blake,Watson,DEN,RB,Active,0
1051228339672961024,NCAA BIG 10,1051228339672961025,4,48,84,471056290550902784,11,11636,Johnny,Wilson,PHI,WR,Active,0
1051381575037931520,NCAA SUN BELT,1051381575037931521,1,1,1,481957045667360768,3,11628,Marvin,Harrison,ARI,WR,Active,0
1051381575037931520,NCAA SUN BELT,1051381575037931521,1,2,2,380128482900062208,9,11632,Malik,Nabers,NYG,WR,Active,0
1051381575037931520,NCAA SUN BELT,1051381575037931521,1,3,3,546466738316963840,5,11620,Rome,Odunze,CHI,WR,Active,0
1051381575037931520,NCAA SUN BELT,1051381575037931521,1,4,4,,11,11624,Xavier,Worthy,KC,WR,Active,0
1051381575037931520,NCAA SUN BELT,1051381575037931521,1,5,5,380128482900062208,9,11604,Brock,Bowers,LV,TE,Active,0
1051381575037931520,NCAA SUN BELT,1051381575037931521,1,6,6,447283305738399744,4,11637,Keon,Coleman,BUF,WR,Active,0
1051381575037931520,NCAA SUN BELT,1051381575037931521,1,7,7,465297932204109824,12,11560,Caleb,Williams,CHI,QB,Active,0
1051381575037931520,NCAA SUN BELT,1051381575037931521,1,8,8,481957045667360768,3,11566,Jayden,Daniels,WAS,QB,Active,0
1051381575037931520,NCAA SUN BELT,1051381575037931521,1,9,9,546466738316963840,5,11635,Ladd,McConkey,LAC,WR,Active,0
1051381575037931520,NCAA SUN BELT,1051381575037931521,1,10,10,481957045667360768,3,11583,Jonathon,Brooks,CAR,RB,Active,0
1051381575037931520,NCAA SUN BELT,1051381575037931521,1,11,11,546466738316963840,5,11631,Brian,Thomas,JAX,WR,Active,0
1051381575037931520,NCAA SUN BELT,1051381575037931521,1,12,12,546466738316963840,5,11589,Trey,Benson,ARI,RB,Active,0
1051381575037931520,NCAA SUN BELT,1051381575037931521,2,13,25,481957045667360768,3,11625,Adonai,Mitchell,IND,WR,Active,0
1051381575037931520,NCAA SUN BELT,1051381575037931521,2,14,26,465297932204109824,12,11626,Xavier,Legette,CAR,WR,Active,0
1051381575037931520,NCAA SUN BELT,1051381575037931521,2,15,27,546466738316963840,5,11586,Blake,Corum,LAR,RB,Active,0
1051381575037931520,NCAA SUN BELT,1051381575037931521,2,16,28,546466738316963840,5,11638,Ricky,Pearsall,SF,WR,Active,0
1051381575037931520,NCAA SUN BELT,1051381575037931521,2,17,29,546466738316963840,5,11565,J.J.,McCarthy,MIN,QB,Inactive,0
1051381575037931520,NCAA SUN BELT,1051381575037931521,2,18,30,447283305738399744,4,11619,Ja'Lynn,Polk,NE,WR,Active,0
1051381575037931520,NCAA SUN BELT,1051381575037931521,2,19,31,481957045667360768,3,11581,MarShawn,Lloyd,GB,RB,Active,0
1051381575037931520,NCAA SUN BELT,1051381575037931521,2,20,32,429733810611949568,1,11640,Jermaine,Burton,CIN,WR,Active,0
1051381575037931520,NCAA SUN BELT,1051381575037931521,2,21,33,481957045667360768,3,11650,Luke,McCaffrey,WAS,WR,Active,0
1051381575037931520,NCAA SUN BELT,1051381575037931521,2,22,34,465297932204109824,12,11627,Troy,Franklin,DEN,WR,Active,0
1051381575037931520,NCAA SUN BELT,1051381575037931521,2,23,35,481957045667360768,3,11564,Drake,Maye,NE,QB,Active,0
1051381575037931520,NCAA SUN BELT,1051381575037931521,2,24,36,481957045667360768,3,11596,Ben,Sinnott,WAS,TE,Active,0
1051381575037931520,NCAA SUN BELT,1051381575037931521,3,25,49,546466738316963840,5,11630,Roman,Wilson,PIT,WR,Active,0
1051381575037931520,NCAA SUN BELT,1051381575037931521,3,26,50,465297932204109824,12,11563,Bo,Nix,DEN,QB,Active,0
1051381575037931520,NCAA SUN BELT,1051381575037931521,3,27,51,441362521463451648,8,11600,Ja'Tavion,Sanders,CAR,TE,Active,0
1051381575037931520,NCAA SUN BELT,1051381575037931521,3,28,52,465297932204109824,12,11575,Ray,Davis,BUF,RB,Active,0
1051381575037931520,NCAA SUN BELT,1051381575037931521,3,29,53,465019661495300096,6,11655,Tyrone,Tracy,NYG,RB,Active,0
1051381575037931520,NCAA SUN BELT,1051381575037931521,3,30,54,447283305738399744,4,11584,Bucky,Irving,TB,RB,Active,0
1051381575037931520,NCAA SUN BELT,1051381575037931521,3,31,55,441362521463451648,8,11647,Kimani,Vidal,LAC,RB,Active,0
1051381575037931520,NCAA SUN BELT,1051381575037931521,3,32,56,481957045667360768,3,11579,Audric,Estime,DEN,RB,Active,0
1051381575037931520,NCAA SUN BELT,1051381575037931521,3,33,57,546466738316963840,5,11576,Braelon,Allen,NYJ,RB,Active,0
1051381575037931520,NCAA SUN BELT,1051381575037931521,3,34,58,481957045667360768,3,11618,Jalen,McMillan,TB,WR,Active,0
1051381575037931520,NCAA SUN BELT,1051381575037931521,3,35,59,380128482900062208,9,11559,Michael,Penix,ATL,QB,Active,0
1051381575037931520,NCAA SUN BELT,1051381575037931521,3,36,60,441362521463451648,8,11617,Malachi,Corley,NYJ,WR,Active,0
1051381575037931520,NCAA SUN BELT,1051381575037931521,4,37,73,380128482900062208,9,11597,Theo,Johnson,NYG,TE,Active,0
1051381575037931520,NCAA SUN BELT,1051381575037931521,4,38,74,481957045667360768,3,11577,Will,Shipley,PHI,RB,Active,0
1051381575037931520,NCAA SUN BELT,1051381575037931521,4,39,75,481957045667360768,3,11573,Frank,Gore,BUF,RB,Active,0
1051381575037931520,NCAA SUN BELT,1051381575037931521,4,40,76,,11,11651,Isaac,Guerendo,SF,RB,Active,0
1051381575037931520,NCAA SUN BELT,1051381575037931521,4,41,77,465019661495300096,6,11582,Carson,Steele,KC,RB,Active,0
1051381575037931520,NCAA SUN BELT,1051381575037931521,4,42,78,380128482900062208,9,11562,Spencer,Rattler,NO,QB,Active,0
1051381575037931520,NCAA SUN BELT,1051381575037931521,4,43,79,465297932204109824,12,11621,Brenden,Rice,LAC,WR,Active,0
1051381575037931520,NCAA SUN BELT,1051381575037931521,4,44,80,380128482900062208,9,11629,Devontez,Walker,BAL,WR,Active,0
1051381575037931520,NCAA SUN BELT,1051381575037931521,4,45,81,380128482900062208,9,11605,Jaheim,Bell,NE,TE,Active,0
1051381575037931520,NCAA SUN BELT,1051381575037931521,4,46,82,441330448283463680,10,11574,Dylan,Laube,LV,RB,Active,0
1051381575037931520,NCAA SUN BELT,1051381575037931521,4,47,83,546466738316963840,5,11592,Erick,All,CIN,TE,Active,0
1051381575037931520,NCAA SUN BELT,1051381575037931521,4,48,84,441362521463451648,8,11792,Will,Reichard,MIN,K,Active,0
1051381320515002368,NCAA HISTORICALLY BLACK,1051381320515002369,1,1,1,692168840821411840,6,11628,Marvin,Harrison,ARI,WR,Active,0
1051381320515002368,NCAA HISTORICALLY BLACK,1051381320515002369,1,2,2,471427194132885504,1,11632,Malik,Nabers,NYG,WR,Active,0
1051381320515002368,NCAA HISTORICALLY BLACK,1051381320515002369,1,3,3,519656908428791808,5,11620,Rome,Odunze,CHI,WR,Active,0
1051381320515002368,NCAA HISTORICALLY BLACK,1051381320515002369,1,4,4,471080793406435328,4,11604,Brock,Bowers,LV,TE,Active,0
1051381320515002368,NCAA HISTORICALLY BLACK,1051381320515002369,1,5,5,726970553457537024,2,11583,Jonathon,Brooks,CAR,RB,Active,0
1051381320515002368,NCAA HISTORICALLY BLACK,1051381320515002369,1,6,6,519728067978186752,7,11560,Caleb,Williams,CHI,QB,Active,0
1051381320515002368,NCAA HISTORICALLY BLACK,1051381320515002369,1,7,7,471427194132885504,1,11624,Xavier,Worthy,KC,WR,Active,0
1051381320515002368,NCAA HISTORICALLY BLACK,1051381320515002369,1,8,8,640052303377952768,3,11637,Keon,Coleman,BUF,WR,Active,0
1051381320515002368,NCAA HISTORICALLY BLACK,1051381320515002369,1,9,9,327614483000217600,11,11631,Brian,Thomas,JAX,WR,Active,0
1051381320515002368,NCAA HISTORICALLY BLACK,1051381320515002369,1,10,10,,9,11589,Trey,Benson,ARI,RB,Active,0
1051381320515002368,NCAA HISTORICALLY BLACK,1051381320515002369,1,11,11,694233255825719296,10,11586,Blake,Corum,LAR,RB,Active,0
1051381320515002368,NCAA HISTORICALLY BLACK,1051381320515002369,1,12,12,467835045181124608,8,11635,Ladd,McConkey,LAC,WR,Active,0
1051381320515002368,NCAA HISTORICALLY BLACK,1051381320515002369,2,13,25,692168840821411840,6,11566,Jayden,Daniels,WAS,QB,Active,0
1051381320515002368,NCAA HISTORICALLY BLACK,1051381320515002369,2,14,26,471427194132885504,1,11626,Xavier,Legette,CAR,WR,Active,0
1051381320515002368,NCAA HISTORICALLY BLACK,1051381320515002369,2,15,27,519656908428791808,5,11565,J.J.,McCarthy,MIN,QB,Active,0
1051381320515002368,NCAA HISTORICALLY BLACK,1051381320515002369,2,16,28,471080793406435328,4,11625,Adonai,Mitchell,IND,WR,Active,0
1051381320515002368,NCAA HISTORICALLY BLACK,1051381320515002369,2,17,29,726970553457537024,2,11627,Troy,Franklin,DEN,WR,Active,0
1051381320515002368,NCAA HISTORICALLY BLACK,1051381320515002369,2,18,30,519728067978186752,7,11630,Roman,Wilson,PIT,WR,Active,0
1051381320515002368,NCAA HISTORICALLY BLACK,1051381320515002369,2,19,31,471427194132885504,1,11638,Ricky,Pearsall,SF,WR,Active,0
1051381320515002368,NCAA HISTORICALLY BLACK,1051381320515002369,2,20,32,640052303377952768,3,11619,Ja'Lynn,Polk,NE,WR,Active,0
1051381320515002368,NCAA HISTORICALLY BLACK,1051381320515002369,2,21,33,327614483000217600,11,11564,Drake,Maye,NE,QB,Active,0
1051381320515002368,NCAA HISTORICALLY BLACK,1051381320515002369,2,22,34,,9,11596,Ben,Sinnott,WAS,TE,Active,0
1051381320515002368,NCAA HISTORICALLY BLACK,1051381320515002369,2,23,35,694233255825719296,10,11643,Jaylen,Wright,MIA,RB,Active,0
1051381320515002368,NCAA HISTORICALLY BLACK,1051381320515002369,2,24,36,467835045181124608,8,11647,Kimani,Vidal,LAC,RB,Active,0
1051381320515002368,NCAA HISTORICALLY BLACK,1051381320515002369,3,25,49,471427194132885504,1,11581,MarShawn,Lloyd,GB,RB,Active,0
1051381320515002368,NCAA HISTORICALLY BLACK,1051381320515002369,3,26,50,471427194132885504,1,11640,Jermaine,Burton,CIN,WR,Active,0
1051381320515002368,NCAA HISTORICALLY BLACK,1051381320515002369,3,27,51,519656908428791808,5,11575,Ray,Davis,BUF,RB,Active,0
1051381320515002368,NCAA HISTORICALLY BLACK,1051381320515002369,3,28,52,471080793406435328,4,11576,Braelon,Allen,NYJ,RB,Active,0
1051381320515002368,NCAA HISTORICALLY BLACK,1051381320515002369,3,29,53,726970553457537024,2,11618,Jalen,McMillan,TB,WR,Active,0
1051381320515002368,NCAA HISTORICALLY BLACK,1051381320515002369,3,30,54,519728067978186752,7,11600,Ja'Tavion,Sanders,CAR,TE,Active,0
1051381320515002368,NCAA HISTORICALLY BLACK,1051381320515002369,3,31,55,520088376557371392,12,11563,Bo,Nix,DEN,QB,Active,0
1051381320515002368,NCAA HISTORICALLY BLACK,1051381320515002369,3,32,56,640052303377952768,3,11629,Devontez,Walker,BAL,WR,Active,0
1051381320515002368,NCAA HISTORICALLY BLACK,1051381320515002369,3,33,57,327614483000217600,11,11621,Brenden,Rice,LAC,WR,Active,0
1051381320515002368,NCAA HISTORICALLY BLACK,1051381320515002369,3,34,58,,9,11597,Theo,Johnson,NYG,TE,Active,0
1051381320515002368,NCAA HISTORICALLY BLACK,1051381320515002369,3,35,59,694233255825719296,10,11792,Will,Reichard,MIN,K,Active,0
1051381320515002368,NCAA HISTORICALLY BLACK,1051381320515002369,3,36,60,467835045181124608,8,11615,Ainias,Smith,PHI,WR,Active,0
1051381320515002368,NCAA HISTORICALLY BLACK,1051381320515002369,4,37,73,520088376557371392,12,11655,Tyrone,Tracy,NYG,RB,Active,0
1051381320515002368,NCAA HISTORICALLY BLACK,1051381320515002369,4,38,74,471427194132885504,1,11559,Michael,Penix,ATL,QB,Active,0
1051381320515002368,NCAA HISTORICALLY BLACK,1051381320515002369,4,39,75,519656908428791808,5,11592,Erick,All,CIN,TE,Active,0
1051381320515002368,NCAA HISTORICALLY BLACK,1051381320515002369,4,40,76,471080793406435328,4,11577,Will,Shipley,PHI,RB,Active,0
1051381320515002368,NCAA HISTORICALLY BLACK,1051381320515002369,4,41,77,726970553457537024,2,11599,Cade,Stover,HOU,TE,Active,0
1051381320515002368,NCAA HISTORICALLY BLACK,1051381320515002369,4,42,78,519728067978186752,7,11651,Isaac,Guerendo,SF,RB,Active,0
1051381320515002368,NCAA HISTORICALLY BLACK,1051381320515002369,4,43,79,520088376557371392,12,11595,Jared,Wiley,KC,TE,Active,0
1051381320515002368,NCAA HISTORICALLY BLACK,1051381320515002369,4,44,80,640052303377952768,3,11815,Cornelius,Johnson,LAC,WR,Active,0
1051381320515002368,NCAA HISTORICALLY BLACK,1051381320515002369,4,45,81,327614483000217600,11,11573,Frank,Gore,BUF,RB,Active,0
1051381320515002368,NCAA HISTORICALLY BLACK,1051381320515002369,4,46,82,,9,11789,Joshua,Karty,LAR,K,Active,0
1051381320515002368,NCAA HISTORICALLY BLACK,1051381320515002369,4,47,83,694233255825719296,10,11610,Malik,Washington,MIA,WR,Active,0
1051381320515002368,NCAA HISTORICALLY BLACK,1051381320515002369,4,48,84,467835045181124608,8,11562,Spencer,Rattler,NO,QB,Active,0
1197684159036805120,NCAA OHIO VALLEY,1197684159049379840,1,1,1,426756284365160448,8,12527,Ashton,Jeanty,LV,RB,Active,0
1197684159036805120,NCAA OHIO VALLEY,1197684159049379840,1,2,2,,9,12526,Tetairoa,McMillan,CAR,WR,Active,0
1197684159036805120,NCAA OHIO VALLEY,1197684159049379840,1,3,3,571753677428977664,1,12507,Omarion,Hampton,LAC,RB,Active,0
1197684159036805120,NCAA OHIO VALLEY,1197684159049379840,1,4,4,468944645166985216,3,12489,RJ,Harvey,DEN,RB,Active,0
1197684159036805120,NCAA OHIO VALLEY,1197684159049379840,1,5,5,474662041341128704,5,12529,TreVeyon,Henderson,NE,RB,Active,0
1197684159036805120,NCAA OHIO VALLEY,1197684159049379840,1,6,6,635700695584043008,7,12530,Travis,Hunter,JAX,WR,Active,0
1197684159036805120,NCAA OHIO VALLEY,1197684159049379840,1,7,7,472879969664495616,4,12512,Quinshon,Judkins,CLE,RB,Active,0
1197684159036805120,NCAA OHIO VALLEY,1197684159049379840,1,8,8,426756284365160448,8,12504,Kaleb,Johnson,PIT,RB,Active,0
1197684159036805120,NCAA OHIO VALLEY,1197684159049379840,1,9,9,601198801197260800,9,12517,Colston,Loveland,CHI,TE,Active,0
1197684159036805120,NCAA OHIO VALLEY,1197684159049379840,1,10,10,300814106795974656,12,12514,Emeka,Egbuka,TB,WR,Active,0
1197684159036805120,NCAA OHIO VALLEY,1197684159049379840,1,11,11,638193564806897664,11,12518,Tyler,Warren,IND,TE,Active,0
1197684159036805120,NCAA OHIO VALLEY,1197684159049379840,1,12,12,594242128851296256,10,12519,Luther,Burden,CHI,WR,Active,0
1197684159036805120,NCAA OHIO VALLEY,1197684159049379840,2,13,25,426756284365160448,8,12501,Matthew,Golden,GB,WR,Active,0
1197684159036805120,NCAA OHIO VALLEY,1197684159049379840,2,14,26,,9,12481,Cam,Skattebo,NYG,RB,Active,0
1197684159036805120,NCAA OHIO VALLEY,1197684159049379840,2,15,27,571753677428977664,1,12522,Cameron,Ward,TEN,QB,Active,0
1197684159036805120,NCAA OHIO VALLEY,1197684159049379840,2,16,28,468944645166985216,3,12484,Jayden,Higgins,HOU,WR,Active,0
1197684159036805120,NCAA OHIO VALLEY,1197684159049379840,2,17,29,594242128851296256,10,12490,Bhayshul,Tuten,JAX,RB,Active,0
1197684159036805120,NCAA OHIO VALLEY,1197684159049379840,2,18,30,635700695584043008,7,12509,Tre,Harris,LAC,WR,Active,0
1197684159036805120,NCAA OHIO VALLEY,1197684159049379840,2,19,31,638193564806897664,11,12457,Jaydon,Blue,DAL,RB,Active,0
1197684159036805120,NCAA OHIO VALLEY,1197684159049379840,2,20,32,300814106795974656,12,12487,Terrance,Ferguson,LAR,TE,Active,0
1197684159036805120,NCAA OHIO VALLEY,1197684159049379840,2,21,33,638193564806897664,11,12483,Jack,Bech,LV,WR,Active,0
1197684159036805120,NCAA OHIO VALLEY,1197684159049379840,2,22,34,300814106795974656,12,12547,Kyle,Williams,NE,WR,Active,0
1197684159036805120,NCAA OHIO VALLEY,1197684159049379840,2,23,35,472879969664495616,4,12508,Jaxson,Dart,NYG,QB,Active,0
1197684159036805120,NCAA OHIO VALLEY,1197684159049379840,2,24,36,594242128851296256,10,12498,Mason,Taylor,NYJ,TE,Active,0
1197684159036805120,NCAA OHIO VALLEY,1197684159049379840,3,25,49,426756284365160448,8,12536,Jaylin,Noel,HOU,WR,Active,0
1197684159036805120,NCAA OHIO VALLEY,1197684159049379840,3,26,50,,9,12476,Devin,Neal,NO,RB,Active,0
1197684159036805120,NCAA OHIO VALLEY,1197684159049379840,3,27,51,571753677428977664,1,12505,Jalen,Royals,KC,WR,Active,0
1197684159036805120,NCAA OHIO VALLEY,1197684159049379840,3,28,52,468944645166985216,3,12521,Elijah,Arroyo,SEA,TE,Active,0
1197684159036805120,NCAA OHIO VALLEY,1197684159049379840,3,29,53,594242128851296256,10,12469,Dylan,Sampson,CLE,RB,Active,0
1197684159036805120,NCAA OHIO VALLEY,1197684159049379840,3,30,54,635700695584043008,7,12499,Elic,Ayomanor,TEN,WR,Active,0
1197684159036805120,NCAA OHIO VALLEY,1197684159049379840,3,31,55,638193564806897664,11,12510,Jalen,Milroe,SEA,QB,Active,0
1197684159036805120,NCAA OHIO VALLEY,1197684159049379840,3,32,56,331558449374593024,6,12467,Jordan,James,SF,RB,Active,0
1197684159036805120,NCAA OHIO VALLEY,1197684159049379840,3,33,57,601198801197260800,2,12492,Pat,Bryant,DEN,WR,Active,0
1197684159036805120,NCAA OHIO VALLEY,1197684159049379840,3,34,58,300814106795974656,12,12531,Trevor,Etienne,CAR,RB,Active,0
1197684159036805120,NCAA OHIO VALLEY,1197684159049379840,3,35,59,638193564806897664,11,12545,Tyler,Shough,NO,QB,Active,0
1197684159036805120,NCAA OHIO VALLEY,1197684159049379840,3,36,60,635700695584043008,7,12524,Shedeur,Sanders,CLE,QB,Active,0
1197684159036805120,NCAA OHIO VALLEY,1197684159049379840,4,37,73,426756284365160448,8,12506,Harold,Fannin,CLE,TE,Active,0
1197684159036805120,NCAA OHIO VALLEY,1197684159049379840,4,38,74,,9,12495,Ollie,Gordon,MIA,RB,Active,0
1197684159036805120,NCAA OHIO VALLEY,1197684159049379840,4,39,75,571753677428977664,1,12535,Isaac,TeSlaa,DET,WR,Active,0
1197684159036805120,NCAA OHIO VALLEY,1197684159049379840,4,40,76,468944645166985216,3,12541,Dont'e,Thornton,LV,WR,Active,0
1197684159036805120,NCAA OHIO VALLEY,1197684159049379840,4,41,77,594242128851296256,10,12497,Tory,Horton,SEA,WR,Active,0
1197684159036805120,NCAA OHIO VALLEY,1197684159049379840,4,42,78,635700695584043008,7,12471,DJ,Giddens,IND,RB,Active,0
1197684159036805120,NCAA OHIO VALLEY,1197684159049379840,4,43,79,638193564806897664,11,12543,Tahj,Brooks,CIN,RB,Active,0
1197684159036805120,NCAA OHIO VALLEY,1197684159049379840,4,44,80,331558449374593024,9,12482,Savion,Williams,GB,WR,Active,0
1197684159036805120,NCAA OHIO VALLEY,1197684159049379840,4,45,81,601198801197260800,2,12523,Jimmy,Horn,CAR,WR,Active,0
1197684159036805120,NCAA OHIO VALLEY,1197684159049379840,4,46,82,594242128851296256,10,12455,Brashard,Smith,KC,RB,Active,0
1197684159036805120,NCAA OHIO VALLEY,1197684159049379840,4,47,83,638193564806897664,11,12520,Xavier,Restrepo,TEN,WR,Active,0
1197684159036805120,NCAA OHIO VALLEY,1197684159049379840,4,48,84,638193564806897664,11,12711,Tyler,Loop,BAL,K,Active,0
1197683891784134656,NCAA MOUNTAIN WEST,1197683891792510976,1,1,1,837430327189295104,6,12527,Ashton,Jeanty,LV,RB,Active,0
1197683891784134656,NCAA MOUNTAIN WEST,1197683891792510976,1,2,2,734939566091436032,12,12507,Omarion,Hampton,LAC,RB,Active,0
1197683891784134656,NCAA MOUNTAIN WEST,1197683891792510976,1,3,3,463106510101147648,2,12530,Travis,Hunter,JAX,WR,Active,0
1197683891784134656,NCAA MOUNTAIN WEST,1197683891792510976,1,4,4,463106510101147648,2,12529,TreVeyon,Henderson,NE,RB,Active,0
1197683891784134656,NCAA MOUNTAIN WEST,1197683891792510976,1,5,5,325726913966395392,8,12526,Tetairoa,McMillan,CAR,WR,Active,0
1197683891784134656,NCAA MOUNTAIN WEST,1197683891792510976,1,6,6,604155835978944512,7,12501,Matthew,Golden,GB,WR,Active,0
1197683891784134656,NCAA MOUNTAIN WEST,1197683891792510976,1,7,7,325726913966395392,8,12512,Quinshon,Judkins,CLE,RB,Active,0
1197683891784134656,NCAA MOUNTAIN WEST,1197683891792510976,1,8,8,589001974318403584,9,12514,Emeka,Egbuka,TB,WR,Active,0
1197683891784134656,NCAA MOUNTAIN WEST,1197683891792510976,1,9,9,702897403514159104,11,12504,Kaleb,Johnson,PIT,RB,Active,0
1197683891784134656,NCAA MOUNTAIN WEST,1197683891792510976,1,10,10,734939566091436032,12,12489,RJ,Harvey,DEN,RB,Active,0
1197683891784134656,NCAA MOUNTAIN WEST,1197683891792510976,1,11,11,814354227357908992,10,12518,Tyler,Warren,IND,TE,Active,0
1197683891784134656,NCAA MOUNTAIN WEST,1197683891792510976,1,12,12,560626155833876480,3,12522,Cameron,Ward,TEN,QB,Active,0
1197683891784134656,NCAA MOUNTAIN WEST,1197683891792510976,2,13,25,837430327189295104,6,12517,Colston,Loveland,CHI,TE,Active,0
1197683891784134656,NCAA MOUNTAIN WEST,1197683891792510976,2,14,26,604155835978944512,7,12519,Luther,Burden,CHI,WR,Active,0
1197683891784134656,NCAA MOUNTAIN WEST,1197683891792510976,2,15,27,405986781335408640,5,12484,Jayden,Higgins,HOU,WR,Active,0
1197683891784134656,NCAA MOUNTAIN WEST,1197683891792510976,2,16,28,325726913966395392,8,12481,Cam,Skattebo,NYG,RB,Active,0
1197683891784134656,NCAA MOUNTAIN WEST,1197683891792510976,2,17,29,596835723861082112,1,12521,Elijah,Arroyo,SEA,TE,Active,0
1197683891784134656,NCAA MOUNTAIN WEST,1197683891792510976,2,18,30,604155835978944512,7,12509,Tre,Harris,LAC,WR,Active,0
1197683891784134656,NCAA MOUNTAIN WEST,1197683891792510976,2,19,31,604155835978944512,7,12483,Jack,Bech,LV,WR,Active,0
1197683891784134656,NCAA MOUNTAIN WEST,1197683891792510976,2,20,32,589001974318403584,9,12508,Jaxson,Dart,NYG,QB,Active,0
1197683891784134656,NCAA MOUNTAIN WEST,1197683891792510976,2,21,33,702897403514159104,11,12510,Jalen,Milroe,SEA,QB,Active,0
1197683891784134656,NCAA MOUNTAIN WEST,1197683891792510976,2,22,34,596835723861082112,1,12469,Dylan,Sampson,CLE,RB,Active,0
1197683891784134656,NCAA MOUNTAIN WEST,1197683891792510976,2,23,35,734939566091436032,12,12536,Jaylin,Noel,HOU,WR,Active,0
1197683891784134656,NCAA MOUNTAIN WEST,1197683891792510976,2,24,36,560626155833876480,3,12498,Mason,Taylor,NYJ,TE,Active,0
1197683891784134656,NCAA MOUNTAIN WEST,1197683891792510976,3,25,49,814354227357908992,10,12457,Jaydon,Blue,DAL,RB,Active,0
1197683891784134656,NCAA MOUNTAIN WEST,1197683891792510976,3,26,50,734939566091436032,12,12545,Tyler,Shough,NO,QB,Active,0
1197683891784134656,NCAA MOUNTAIN WEST,1197683891792510976,3,27,51,405986781335408640,5,12506,Harold,Fannin,CLE,TE,Active,0
1197683891784134656,NCAA MOUNTAIN WEST,1197683891792510976,3,28,52,604155835978944512,7,12476,Devin,Neal,NO,RB,Active,0
1197683891784134656,NCAA MOUNTAIN WEST,1197683891792510976,3,29,53,560626155833876480,3,12531,Trevor,Etienne,CAR,RB,Active,0
1197683891784134656,NCAA MOUNTAIN WEST,1197683891792510976,3,30,54,604155835978944512,7,12495,Ollie,Gordon,MIA,RB,Active,0
1197683891784134656,NCAA MOUNTAIN WEST,1197683891792510976,3,31,55,325726913966395392,8,12492,Pat,Bryant,DEN,WR,Active,0
1197683891784134656,NCAA MOUNTAIN WEST,1197683891792510976,3,32,56,589001974318403584,9,12524,Shedeur,Sanders,CLE,QB,Active,0
1197683891784134656,NCAA MOUNTAIN WEST,1197683891792510976,3,33,57,702897403514159104,11,12467,Jordan,James,SF,RB,Active,0
1197683891784134656,NCAA MOUNTAIN WEST,1197683891792510976,3,34,58,604155835978944512,7,12511,Will,Howard,PIT,QB,Active,0
1197683891784134656,NCAA MOUNTAIN WEST,1197683891792510976,3,35,59,702897403514159104,11,12497,Tory,Horton,SEA,WR,Active,0
1197683891784134656,NCAA MOUNTAIN WEST,1197683891792510976,3,36,60,560626155833876480,3,12505,Jalen,Royals,KC,WR,Active,0
1197683891784134656,NCAA MOUNTAIN WEST,1197683891792510976,4,37,73,837430327189295104,6,12535,Isaac,TeSlaa,DET,WR,Active,0
1197683891784134656,NCAA MOUNTAIN WEST,1197683891792510976,4,38,74,463106510101147648,2,11569,Jarquez,Hunter,LAR,RB,Active,0
1197683891784134656,NCAA MOUNTAIN WEST,1197683891792510976,4,39,75,463106510101147648,2,12499,Elic,Ayomanor,TEN,WR,Active,0
1197683891784134656,NCAA MOUNTAIN WEST,1197683891792510976,4,40,76,604155835978944512,7,12471,DJ,Giddens,IND,RB,Active,0
1197683891784134656,NCAA MOUNTAIN WEST,1197683891792510976,4,41,77,571767410708901888,4,12500,Quinn,Ewers,MIA,QB,Active,0
1197683891784134656,NCAA MOUNTAIN WEST,1197683891792510976,4,42,78,604155835978944512,7,12502,Gunnar,Helm,TEN,TE,Active,0
1197683891784134656,NCAA MOUNTAIN WEST,1197683891792510976,4,43,79,325726913966395392,8,12474,Woody,Marks,HOU,RB,Active,0
1197683891784134656,NCAA MOUNTAIN WEST,1197683891792510976,4,44,80,589001974318403584,9,12496,Tai,Felton,MIN,WR,Active,0
1197683891784134656,NCAA MOUNTAIN WEST,1197683891792510976,4,45,81,702897403514159104,11,12534,Kyle,Monangai,CHI,RB,Active,0
1197683891784134656,NCAA MOUNTAIN WEST,1197683891792510976,4,46,82,596835723861082112,1,12711,Tyler,Loop,BAL,K,Active,0
1197683891784134656,NCAA MOUNTAIN WEST,1197683891792510976,4,47,83,837430327189295104,6,12493,Oronde,Gadsden,LAC,TE,Active,0
1197683891784134656,NCAA MOUNTAIN WEST,1197683891792510976,4,48,84,560626155833876480,3,12486,Dillon,Gabriel,CLE,QB,Active,0
1197683812742483968,NCAA HISTORICALLY BLACK,1197683812750856192,1,1,1,1072700435921838080,5,12527,Ashton,Jeanty,LV,RB,Active,0
1197683812742483968,NCAA HISTORICALLY BLACK,1197683812750856192,1,2,2,1260322259726249984,9,12507,Omarion,Hampton,LAC,RB,Active,0
1197683812742483968,NCAA HISTORICALLY BLACK,1197683812750856192,1,3,3,640052303377952768,3,12526,Tetairoa,McMillan,CAR,WR,Active,0
1197683812742483968,NCAA HISTORICALLY BLACK,1197683812750856192,1,4,4,519728067978186752,7,12529,TreVeyon,Henderson,NE,RB,Active,0
1197683812742483968,NCAA HISTORICALLY BLACK,1197683812750856192,1,5,5,692168840821411840,6,12530,Travis,Hunter,JAX,WR,Active,0
1197683812742483968,NCAA HISTORICALLY BLACK,1197683812750856192,1,6,6,471427194132885504,1,12514,Emeka,Egbuka,TB,WR,Active,0
1197683812742483968,NCAA HISTORICALLY BLACK,1197683812750856192,1,7,7,327614483000217600,11,12501,Matthew,Golden,GB,WR,Active,0
1197683812742483968,NCAA HISTORICALLY BLACK,1197683812750856192,1,8,8,520088376557371392,12,12512,Quinshon,Judkins,CLE,RB,Active,0
1197683812742483968,NCAA HISTORICALLY BLACK,1197683812750856192,1,9,9,471080793406435328,4,12489,RJ,Harvey,DEN,RB,Active,0
1197683812742483968,NCAA HISTORICALLY BLACK,1197683812750856192,1,10,10,467835045181124608,8,12518,Tyler,Warren,IND,TE,Active,0
1197683812742483968,NCAA HISTORICALLY BLACK,1197683812750856192,1,11,11,726970553457537024,2,12504,Kaleb,Johnson,PIT,RB,Active,0
1197683812742483968,NCAA HISTORICALLY BLACK,1197683812750856192,1,12,12,694233255825719296,10,12481,Cam,Skattebo,NYG,RB,Active,0
1197683812742483968,NCAA HISTORICALLY BLACK,1197683812750856192,2,13,25,1072700435921838080,5,12484,Jayden,Higgins,HOU,WR,Active,0
1197683812742483968,NCAA HISTORICALLY BLACK,1197683812750856192,2,14,26,1260322259726249984,9,12519,Luther,Burden,CHI,WR,Active,0
1197683812742483968,NCAA HISTORICALLY BLACK,1197683812750856192,2,15,27,640052303377952768,3,12517,Colston,Loveland,CHI,TE,Active,0
1197683812742483968,NCAA HISTORICALLY BLACK,1197683812750856192,2,16,28,327614483000217600,11,12533,Jacory,Croskey-Merritt,WAS,RB,Active,0
1197683812742483968,NCAA HISTORICALLY BLACK,1197683812750856192,2,17,29,692168840821411840,6,12522,Cam,Ward,TEN,QB,Active,0
1197683812742483968,NCAA HISTORICALLY BLACK,1197683812750856192,2,18,30,471427194132885504,1,12509,Tre',Harris,LAC,WR,Active,0
1197683812742483968,NCAA HISTORICALLY BLACK,1197683812750856192,2,19,31,327614483000217600,11,12498,Mason,Taylor,NYJ,TE,Active,0
1197683812742483968,NCAA HISTORICALLY BLACK,1197683812750856192,2,20,32,471427194132885504,1,12490,Bhayshul,Tuten,JAX,RB,Active,0
1197683812742483968,NCAA HISTORICALLY BLACK,1197683812750856192,2,21,33,471080793406435328,4,12457,Jaydon,Blue,DAL,RB,Active,0
1197683812742483968,NCAA HISTORICALLY BLACK,1197683812750856192,2,22,34,467835045181124608,8,12483,Jack,Bech,LV,WR,Active,0
1197683812742483968,NCAA HISTORICALLY BLACK,1197683812750856192,2,23,35,726970553457537024,2,12547,Kyle,Williams,NE,WR,Active,0
1197683812742483968,NCAA HISTORICALLY BLACK,1197683812750856192,2,24,36,694233255825719296,10,12508,Jaxson,Dart,NYG,QB,Active,0
1197683812742483968,NCAA HISTORICALLY BLACK,1197683812750856192,3,25,49,327614483000217600,11,12495,Ollie,Gordon,MIA,RB,Active,0
1197683812742483968,NCAA HISTORICALLY BLACK,1197683812750856192,3,26,50,1260322259726249984,9,12492,Pat,Bryant,DEN,WR,Active,0
1197683812742483968,NCAA HISTORICALLY BLACK,1197683812750856192,3,27,51,640052303377952768,3,12469,Dylan,Sampson,CLE,RB,Active,0
1197683812742483968,NCAA HISTORICALLY BLACK,1197683812750856192,3,28,52,519728067978186752,7,12521,Elijah,Arroyo,SEA,TE,Active,0
1197683812742483968,NCAA HISTORICALLY BLACK,1197683812750856192,3,29,53,692168840821411840,6,12536,Jaylin,Noel,HOU,WR,Active,0
1197683812742483968,NCAA HISTORICALLY BLACK,1197683812750856192,3,30,54,471427194132885504,1,12535,Isaac,TeSlaa,DET,WR,Active,0
1197683812742483968,NCAA HISTORICALLY BLACK,1197683812750856192,3,31,55,327614483000217600,11,12541,Dont'e,Thornton,LV,WR,Active,0
1197683812742483968,NCAA HISTORICALLY BLACK,1197683812750856192,3,32,56,520088376557371392,12,12499,Elic,Ayomanor,TEN,WR,Active,0
1197683812742483968,NCAA HISTORICALLY BLACK,1197683812750856192,3,33,57,471080793406435328,4,12505,Jalen,Royals,KC,WR,Active,0
1197683812742483968,NCAA HISTORICALLY BLACK,1197683812750856192,3,34,58,467835045181124608,8,12476,Devin,Neal,NO,RB,Active,0
1197683812742483968,NCAA HISTORICALLY BLACK,1197683812750856192,3,35,59,726970553457537024,2,12471,DJ,Giddens,IND,RB,Active,0
1197683812742483968,NCAA HISTORICALLY BLACK,1197683812750856192,3,36,60,694233255825719296,10,12487,Terrance,Ferguson,LAR,TE,Active,0
1197683812742483968,NCAA HISTORICALLY BLACK,1197683812750856192,4,37,73,1072700435921838080,5,12474,Woody,Marks,HOU,RB,Active,0
1197683812742483968,NCAA HISTORICALLY BLACK,1197683812750856192,4,38,74,1260322259726249984,9,11569,Jarquez,Hunter,LAR,RB,Active,0
1197683812742483968,NCAA HISTORICALLY BLACK,1197683812750856192,4,39,75,640052303377952768,3,12534,Kyle,Monangai,CHI,RB,Active,0
1197683812742483968,NCAA HISTORICALLY BLACK,1197683812750856192,4,40,76,519728067978186752,7,12711,Tyler,Loop,BAL,K,Active,0
1197683812742483968,NCAA HISTORICALLY BLACK,1197683812750856192,4,41,77,692168840821411840,6,12531,Trevor,Etienne,CAR,RB,Active,0
1197683812742483968,NCAA HISTORICALLY BLACK,1197683812750856192,4,42,78,471427194132885504,1,12670,KeAndre,Lambert-Smith,LAC,WR,Active,0
1197683812742483968,NCAA HISTORICALLY BLACK,1197683812750856192,4,43,79,327614483000217600,11,12506,Harold,Fannin,CLE,TE,Active,0
1197683812742483968,NCAA HISTORICALLY BLACK,1197683812750856192,4,44,80,520088376557371392,12,12524,Shedeur,Sanders,CLE,QB,Active,0
1197683812742483968,NCAA HISTORICALLY BLACK,1197683812750856192,4,45,81,471080793406435328,4,12497,Tory,Horton,SEA,WR,Active,0
1197683812742483968,NCAA HISTORICALLY BLACK,1197683812750856192,4,46,82,467835045181124608,8,12510,Jalen,Milroe,SEA,QB,Active,0
1197683812742483968,NCAA HISTORICALLY BLACK,1197683812750856192,4,47,83,726970553457537024,2,12503,Isaiah,Bond,CLE,WR,Active,0
1197683812742483968,NCAA HISTORICALLY BLACK,1197683812750856192,4,48,84,694233255825719296,10,12523,Jimmy,Horn,CAR,WR,Active,0
1197683737584746496,NCAA USA,1197683737593122816,1,1,1,605439246030925824,8,12527,Ashton,Jeanty,LV,RB,Active,0
1197683737584746496,NCAA USA,1197683737593122816,1,2,2,81535409754357760,7,12507,Omarion,Hampton,LAC,RB,Active,0
1197683737584746496,NCAA USA,1197683737593122816,1,3,3,692542511834558464,4,12530,Travis,Hunter,JAX,WR,Active,0
1197683737584746496,NCAA USA,1197683737593122816,1,4,4,866509840124641280,5,12526,Tetairoa,McMillan,CAR,WR,Active,0
1197683737584746496,NCAA USA,1197683737593122816,1,5,5,460257215329071104,11,12529,TreVeyon,Henderson,NE,RB,Active,0
1197683737584746496,NCAA USA,1197683737593122816,1,6,6,464625836192952320,2,12512,Quinshon,Judkins,CLE,RB,Active,0
1197683737584746496,NCAA USA,1197683737593122816,1,7,7,605439246030925824,8,12518,Tyler,Warren,IND,TE,Active,0
1197683737584746496,NCAA USA,1197683737593122816,1,8,8,650627977721245696,12,12522,Cameron,Ward,TEN,QB,Active,0
1197683737584746496,NCAA USA,1197683737593122816,1,9,9,599286882408394752,3,12489,RJ,Harvey,DEN,RB,Active,0
1197683737584746496,NCAA USA,1197683737593122816,1,10,10,560611777479667712,6,12514,Emeka,Egbuka,TB,WR,Active,0
1197683737584746496,NCAA USA,1197683737593122816,1,11,11,590358219562455040,10,12504,Kaleb,Johnson,PIT,RB,Active,0
1197683737584746496,NCAA USA,1197683737593122816,1,12,12,389658700735868928,1,12517,Colston,Loveland,CHI,TE,Active,0
1197683737584746496,NCAA USA,1197683737593122816,2,13,25,605439246030925824,8,12484,Jayden,Higgins,HOU,WR,Active,0
1197683737584746496,NCAA USA,1197683737593122816,2,14,26,81535409754357760,7,12501,Matthew,Golden,GB,WR,Active,0
1197683737584746496,NCAA USA,1197683737593122816,2,15,27,692542511834558464,4,12481,Cam,Skattebo,NYG,RB,Active,0
1197683737584746496,NCAA USA,1197683737593122816,2,16,28,866509840124641280,5,12519,Luther,Burden,CHI,WR,Active,0
1197683737584746496,NCAA USA,1197683737593122816,2,17,29,460257215329071104,11,12509,Tre,Harris,LAC,WR,Active,0
1197683737584746496,NCAA USA,1197683737593122816,2,18,30,464625836192952320,2,12483,Jack,Bech,LV,WR,Active,0
1197683737584746496,NCAA USA,1197683737593122816,2,19,31,464625836192952320,2,12490,Bhayshul,Tuten,JAX,RB,Active,0
1197683737584746496,NCAA USA,1197683737593122816,2,20,32,650627977721245696,12,12547,Kyle,Williams,NE,WR,Active,0
1197683737584746496,NCAA USA,1197683737593122816,2,21,33,460257215329071104,11,12498,Mason,Taylor,NYJ,TE,Active,0
1197683737584746496,NCAA USA,1197683737593122816,2,22,34,560611777479667712,6,12476,Devin,Neal,NO,RB,Active,0
1197683737584746496,NCAA USA,1197683737593122816,2,23,35,590358219562455040,10,12510,Jalen,Milroe,SEA,QB,Active,0
1197683737584746496,NCAA USA,1197683737593122816,2,24,36,389658700735868928,1,12457,Jaydon,Blue,DAL,RB,Active,0
1197683737584746496,NCAA USA,1197683737593122816,3,25,49,605439246030925824,8,12469,Dylan,Sampson,CLE,RB,Active,0
1197683737584746496,NCAA USA,1197683737593122816,3,26,50,81535409754357760,7,12487,Terrance,Ferguson,LAR,TE,Active,0
1197683737584746496,NCAA USA,1197683737593122816,3,27,51,692542511834558464,4,12508,Jaxson,Dart,NYG,QB,Active,0
1197683737584746496,NCAA USA,1197683737593122816,3,28,52,866509840124641280,5,12497,Tory,Horton,SEA,WR,Active,0
1197683737584746496,NCAA USA,1197683737593122816,3,29,53,460257215329071104,11,12474,Woody,Marks,HOU,RB,Active,0
1197683737584746496,NCAA USA,1197683737593122816,3,30,54,464625836192952320,2,12536,Jaylin,Noel,HOU,WR,Active,0
1197683737584746496,NCAA USA,1197683737593122816,3,31,55,866509840124641280,5,12499,Elic,Ayomanor,TEN,WR,Active,0
1197683737584746496,NCAA USA,1197683737593122816,3,32,56,787224085817044992,9,12521,Elijah,Arroyo,SEA,TE,Active,0
1197683737584746496,NCAA USA,1197683737593122816,3,33,57,599286882408394752,3,12505,Jalen,Royals,KC,WR,Active,0
1197683737584746496,NCAA USA,1197683737593122816,3,34,58,787224085817044992,9,12506,Harold,Fannin,CLE,TE,Active,0
1197683737584746496,NCAA USA,1197683737593122816,3,35,59,590358219562455040,10,12531,Trevor,Etienne,CAR,RB,Active,0
1197683737584746496,NCAA USA,1197683737593122816,3,36,60,389658700735868928,1,12524,Shedeur,Sanders,CLE,QB,Active,0
1197683737584746496,NCAA USA,1197683737593122816,4,37,73,787224085817044992,9,12495,Ollie,Gordon,MIA,RB,Active,0
1197683737584746496,NCAA USA,1197683737593122816,4,38,74,81535409754357760,7,12545,Tyler,Shough,NO,QB,Active,0
1197683737584746496,NCAA USA,1197683737593122816,4,39,75,692542511834558464,4,12523,Jimmy,Horn,CAR,WR,Active,0
1197683737584746496,NCAA USA,1197683737593122816,4,40,76,787224085817044992,9,12467,Jordan,James,SF,RB,Active,0
1197683737584746496,NCAA USA,1197683737593122816,4,41,77,460257215329071104,11,11569,Jarquez,Hunter,LAR,RB,Active,0
1197683737584746496,NCAA USA,1197683737593122816,4,42,78,464625836192952320,2,12511,Will,Howard,PIT,QB,Active,0
1197683737584746496,NCAA USA,1197683737593122816,4,43,79,787224085817044992,9,12492,Pat,Bryant,DEN,WR,Active,0
1197683737584746496,NCAA USA,1197683737593122816,4,44,80,787224085817044992,9,12471,DJ,Giddens,IND,RB,Active,0
1197683737584746496,NCAA USA,1197683737593122816,4,45,81,599286882408394752,3,12535,Isaac,TeSlaa,DET,WR,Active,0
1197683737584746496,NCAA USA,1197683737593122816,4,46,82,560611777479667712,6,12455,Brashard,Smith,KC,RB,Active,0
1197683737584746496,NCAA USA,1197683737593122816,4,47,83,590358219562455040,10,12520,Xavier,Restrepo,TEN,WR,Active,0
1197683737584746496,NCAA USA,1197683737593122816,4,48,84,389658700735868928,1,12485,Tez,Johnson,TB,WR,Active,0
1197683676763148288,NCAA IVY,1197683676775718912,1,1,1,470912510262767616,1,12527,Ashton,Jeanty,LV,RB,Active,0
1197683676763148288,NCAA IVY,1197683676775718912,1,2,2,470912510262767616,1,12530,Travis,Hunter,JAX,WR,Active,0
1197683676763148288,NCAA IVY,1197683676775718912,1,3,3,480124073456693248,3,12507,Omarion,Hampton,LAC,RB,Active,0
1197683676763148288,NCAA IVY,1197683676775718912,1,4,4,470912510262767616,1,12526,Tetairoa,McMillan,CAR,WR,Active,0
1197683676763148288,NCAA IVY,1197683676775718912,1,5,5,1017588201080369152,6,12514,Emeka,Egbuka,TB,WR,Active,0
1197683676763148288,NCAA IVY,1197683676775718912,1,6,6,570803989783429120,4,12529,TreVeyon,Henderson,NE,RB,Active,0
1197683676763148288,NCAA IVY,1197683676775718912,1,7,7,395321276102627328,5,12512,Quinshon,Judkins,CLE,RB,Active,0
1197683676763148288,NCAA IVY,1197683676775718912,1,8,8,1142198466060402688,10,12489,RJ,Harvey,DEN,RB,Active,0
1197683676763148288,NCAA IVY,1197683676775718912,1,9,9,461688192555282432,8,12518,Tyler,Warren,IND,TE,Active,0
1197683676763148288,NCAA IVY,1197683676775718912,1,10,10,470912510262767616,1,12517,Colston,Loveland,CHI,TE,Active,0
1197683676763148288,NCAA IVY,1197683676775718912,1,11,11,82696315553071104,9,12504,Kaleb,Johnson,PIT,RB,Active,0
1197683676763148288,NCAA IVY,1197683676775718912,1,12,12,470912510262767616,1,12501,Matthew,Golden,GB,WR,Active,0
1197683676763148288,NCAA IVY,1197683676775718912,2,13,25,470912510262767616,1,12519,Luther,Burden,CHI,WR,Active,0
1197683676763148288,NCAA IVY,1197683676775718912,2,14,26,470912510262767616,1,12509,Tre,Harris,LAC,WR,Active,0
1197683676763148288,NCAA IVY,1197683676775718912,2,15,27,480124073456693248,3,12481,Cam,Skattebo,NYG,RB,Active,0
1197683676763148288,NCAA IVY,1197683676775718912,2,16,28,470912510262767616,1,12522,Cameron,Ward,TEN,QB,Active,0
1197683676763148288,NCAA IVY,1197683676775718912,2,17,29,1017588201080369152,6,12469,Dylan,Sampson,CLE,RB,Active,0
1197683676763148288,NCAA IVY,1197683676775718912,2,18,30,570803989783429120,4,12484,Jayden,Higgins,HOU,WR,Active,0
1197683676763148288,NCAA IVY,1197683676775718912,2,19,31,395321276102627328,5,12483,Jack,Bech,LV,WR,Active,0
1197683676763148288,NCAA IVY,1197683676775718912,2,20,32,460895027179024384,11,12521,Elijah,Arroyo,SEA,TE,Active,0
1197683676763148288,NCAA IVY,1197683676775718912,2,21,33,470912510262767616,1,12490,Bhayshul,Tuten,JAX,RB,Active,0
1197683676763148288,NCAA IVY,1197683676775718912,2,22,34,461688192555282432,8,12476,Devin,Neal,NO,RB,Active,0
1197683676763148288,NCAA IVY,1197683676775718912,2,23,35,464595147808567296,12,12506,Harold,Fannin,CLE,TE,Active,0
1197683676763148288,NCAA IVY,1197683676775718912,2,24,36,82696315553071104,9,12487,Terrance,Ferguson,LAR,TE,Active,0
1197683676763148288,NCAA IVY,1197683676775718912,3,25,49,470912510262767616,1,12536,Jaylin,Noel,HOU,WR,Active,0
1197683676763148288,NCAA IVY,1197683676775718912,3,26,50,461688192555282432,8,12498,Mason,Taylor,NYJ,TE,Active,0
1197683676763148288,NCAA IVY,1197683676775718912,3,27,51,480124073456693248,3,12508,Jaxson,Dart,NYG,QB,Active,0
1197683676763148288,NCAA IVY,1197683676775718912,3,28,52,463212708402032640,2,12457,Jaydon,Blue,DAL,RB,Active,0
1197683676763148288,NCAA IVY,1197683676775718912,3,29,53,1017588201080369152,6,12502,Gunnar,Helm,TEN,TE,Active,0
1197683676763148288,NCAA IVY,1197683676775718912,3,30,54,570803989783429120,4,12524,Shedeur,Sanders,CLE,QB,Active,0
1197683676763148288,NCAA IVY,1197683676775718912,3,31,55,395321276102627328,5,12510,Jalen,Milroe,SEA,QB,Active,0
1197683676763148288,NCAA IVY,1197683676775718912,3,32,56,460895027179024384,11,12499,Elic,Ayomanor,TEN,WR,Active,0
1197683676763148288,NCAA IVY,1197683676775718912,3,33,57,470912510262767616,1,12495,Ollie,Gordon,MIA,RB,Active,0
1197683676763148288,NCAA IVY,1197683676775718912,3,34,58,461688192555282432,8,12505,Jalen,Royals,KC,WR,Active,0
1197683676763148288,NCAA IVY,1197683676775718912,3,35,59,82696315553071104,9,12471,DJ,Giddens,IND,RB,Active,0
1197683676763148288,NCAA IVY,1197683676775718912,3,36,60,82696315553071104,9,12492,Pat,Bryant,DEN,WR,Active,0
1197683676763148288,NCAA IVY,1197683676775718912,4,37,73,470912510262767616,1,11569,Jarquez,Hunter,LAR,RB,Active,0
1197683676763148288,NCAA IVY,1197683676775718912,4,38,74,1142198466060402688,10,12520,Xavier,Restrepo,TEN,WR,Active,0
1197683676763148288,NCAA IVY,1197683676775718912,4,39,75,480124073456693248,3,12482,Savion,Williams,GB,WR,Active,0
1197683676763148288,NCAA IVY,1197683676775718912,4,40,76,463212708402032640,2,12473,Mitchell,Evans,CAR,TE,Active,0
1197683676763148288,NCAA IVY,1197683676775718912,4,41,77,1017588201080369152,6,12511,Will,Howard,PIT,QB,Active,0
1197683676763148288,NCAA IVY,1197683676775718912,4,42,78,570803989783429120,4,12467,Jordan,James,SF,RB,Active,0
1197683676763148288,NCAA IVY,1197683676775718912,4,43,79,395321276102627328,5,12493,Oronde,Gadsden,LAC,TE,Active,0
1197683676763148288,NCAA IVY,1197683676775718912,4,44,80,460895027179024384,11,12474,Woody,Marks,HOU,RB,Active,0
1197683676763148288,NCAA IVY,1197683676775718912,4,45,81,1135784589957652480,7,12535,Isaac,TeSlaa,DET,WR,Active,0
1197683676763148288,NCAA IVY,1197683676775718912,4,46,82,1142198466060402688,10,12455,Brashard,Smith,KC,RB,Active,0
1197683676763148288,NCAA IVY,1197683676775718912,4,47,83,464595147808567296,12,12545,Tyler,Shough,NO,QB,Active,0
1197683676763148288,NCAA IVY,1197683676775718912,4,48,84,82696315553071104,9,12497,Tory,Horton,SEA,WR,Active,0
1197683625282244608,NCAA WILD,1197683625290649600,1,1,1,1213324396148572161,7,12527,Ashton,Jeanty,LV,RB,Active,0
1197683625282244608,NCAA WILD,1197683625290649600,1,2,2,434740393972592640,11,12507,Omarion,Hampton,LAC,RB,Active,0
1197683625282244608,NCAA WILD,1197683625290649600,1,3,3,441392312380026880,3,12530,Travis,Hunter,JAX,WR,Active,0
1197683625282244608,NCAA WILD,1197683625290649600,1,4,4,642578171354484736,5,12514,Emeka,Egbuka,TB,WR,Active,0
1197683625282244608,NCAA WILD,1197683625290649600,1,5,5,603083535368134656,9,12529,TreVeyon,Henderson,NE,RB,Active,0
1197683625282244608,NCAA WILD,1197683625290649600,1,6,6,448446449538035712,12,12526,Tetairoa,McMillan,CAR,WR,Active,0
1197683625282244608,NCAA WILD,1197683625290649600,1,7,7,635935003657723904,4,12522,Cameron,Ward,TEN,QB,Active,0
1197683625282244608,NCAA WILD,1197683625290649600,1,8,8,203496917160697856,6,12518,Tyler,Warren,IND,TE,Active,0
1197683625282244608,NCAA WILD,1197683625290649600,1,9,9,545391514915762176,2,12512,Quinshon,Judkins,CLE,RB,Active,0
1197683625282244608,NCAA WILD,1197683625290649600,1,10,10,448446449538035712,12,12501,Matthew,Golden,GB,WR,Active,0
1197683625282244608,NCAA WILD,1197683625290649600,1,11,11,505166677990699008,10,12504,Kaleb,Johnson,PIT,RB,Active,0
1197683625282244608,NCAA WILD,1197683625290649600,1,12,12,505166677990699008,10,12517,Colston,Loveland,CHI,TE,Active,0
1197683625282244608,NCAA WILD,1197683625290649600,2,13,25,1213324396148572161,7,12519,Luther,Burden,CHI,WR,Active,0
1197683625282244608,NCAA WILD,1197683625290649600,2,14,26,434740393972592640,11,12489,RJ,Harvey,DEN,RB,Active,0
1197683625282244608,NCAA WILD,1197683625290649600,2,15,27,441392312380026880,3,12509,Tre,Harris,LAC,WR,Active,0
1197683625282244608,NCAA WILD,1197683625290649600,2,16,28,642578171354484736,5,12484,Jayden,Higgins,HOU,WR,Active,0
1197683625282244608,NCAA WILD,1197683625290649600,2,17,29,603083535368134656,9,12536,Jaylin,Noel,HOU,WR,Active,0
1197683625282244608,NCAA WILD,1197683625290649600,2,18,30,448446449538035712,12,12481,Cam,Skattebo,NYG,RB,Active,0
1197683625282244608,NCAA WILD,1197683625290649600,2,19,31,635935003657723904,4,12499,Elic,Ayomanor,TEN,WR,Active,0
1197683625282244608,NCAA WILD,1197683625290649600,2,20,32,203496917160697856,6,12508,Jaxson,Dart,NYG,QB,Active,0
1197683625282244608,NCAA WILD,1197683625290649600,2,21,33,545391514915762176,2,12483,Jack,Bech,LV,WR,Active,0
1197683625282244608,NCAA WILD,1197683625290649600,2,22,34,448446449538035712,12,12490,Bhayshul,Tuten,JAX,RB,Active,0
1197683625282244608,NCAA WILD,1197683625290649600,2,23,35,441392312380026880,3,12476,Devin,Neal,NO,RB,Active,0
1197683625282244608,NCAA WILD,1197683625290649600,2,24,36,434740393972592640,11,12471,DJ,Giddens,IND,RB,Active,0
1197683625282244608,NCAA WILD,1197683625290649600,3,25,49,1213324396148572161,7,12469,Dylan,Sampson,CLE,RB,Active,0
1197683625282244608,NCAA WILD,1197683625290649600,3,26,50,457579310098673664,1,12510,Jalen,Milroe,SEA,QB,Active,0
1197683625282244608,NCAA WILD,1197683625290649600,3,27,51,441392312380026880,3,12498,Mason,Taylor,NYJ,TE,Active,0
1197683625282244608,NCAA WILD,1197683625290649600,3,28,52,642578171354484736,5,12521,Elijah,Arroyo,SEA,TE,Active,0
1197683625282244608,NCAA WILD,1197683625290649600,3,29,53,603083535368134656,9,12487,Terrance,Ferguson,LAR,TE,Active,0
1197683625282244608,NCAA WILD,1197683625290649600,3,30,54,448446449538035712,12,12495,Ollie,Gordon,MIA,RB,Active,0
1197683625282244608,NCAA WILD,1197683625290649600,3,31,55,635935003657723904,4,12462,Damien,Martinez,SEA,RB,Active,0
1197683625282244608,NCAA WILD,1197683625290649600,3,32,56,203496917160697856,6,12545,Tyler,Shough,NO,QB,Active,0
1197683625282244608,NCAA WILD,1197683625290649600,3,33,57,448446449538035712,12,12524,Shedeur,Sanders,CLE,QB,Active,0
1197683625282244608,NCAA WILD,1197683625290649600,3,34,58,462714981117325312,8,12474,Woody,Marks,HOU,RB,Active,0
1197683625282244608,NCAA WILD,1197683625290649600,3,35,59,505166677990699008,10,12547,Kyle,Williams,NE,WR,Active,0
1197683625282244608,NCAA WILD,1197683625290649600,3,36,60,642578171354484736,5,12506,Harold,Fannin,CLE,TE,Active,0
1197683625282244608,NCAA WILD,1197683625290649600,4,37,73,1213324396148572161,7,12497,Tory,Horton,SEA,WR,Active,0
1197683625282244608,NCAA WILD,1197683625290649600,4,38,74,434740393972592640,11,12531,Trevor,Etienne,CAR,RB,Active,0
1197683625282244608,NCAA WILD,1197683625290649600,4,39,75,441392312380026880,3,11569,Jarquez,Hunter,LAR,RB,Active,0
1197683625282244608,NCAA WILD,1197683625290649600,4,40,76,457579310098673664,1,12492,Pat,Bryant,DEN,WR,Active,0
1197683625282244608,NCAA WILD,1197683625290649600,4,41,77,603083535368134656,9,12500,Quinn,Ewers,MIA,QB,Active,0
1197683625282244608,NCAA WILD,1197683625290649600,4,42,78,1213324396148572161,7,12467,Jordan,James,SF,RB,Active,0
1197683625282244608,NCAA WILD,1197683625290649600,4,43,79,635935003657723904,4,12503,Isaiah,Bond,,WR,Active,0
1197683625282244608,NCAA WILD,1197683625290649600,4,44,80,203496917160697856,6,12516,Kalel,Mullings,TEN,RB,Active,0
1197683625282244608,NCAA WILD,1197683625290649600,4,45,81,545391514915762176,2,12482,Savion,Williams,GB,WR,Active,0
1197683625282244608,NCAA WILD,1197683625290649600,4,46,82,434740393972592640,11,12535,Isaac,TeSlaa,DET,WR,Active,0
1197683625282244608,NCAA WILD,1197683625290649600,4,47,83,505166677990699008,10,12534,Kyle,Monangai,CHI,RB,Active,0
1197683625282244608,NCAA WILD,1197683625290649600,4,48,84,457579310098673664,1,12455,Brashard,Smith,KC,RB,Active,0
1197683509209083904,NCAA BIG SKY,1197683509221662720,1,1,1,465934519652839424,5,12527,Ashton,Jeanty,LV,RB,Active,0
1197683509209083904,NCAA BIG SKY,1197683509221662720,1,2,2,604388962898866176,11,12522,Cam,Ward,TEN,QB,Active,0
1197683509209083904,NCAA BIG SKY,1197683509221662720,1,3,3,456258200757334016,1,12526,Tetairoa,McMillan,CAR,WR,Active,0
1197683509209083904,NCAA BIG SKY,1197683509221662720,1,4,4,456258200757334016,1,12507,Omarion,Hampton,LAC,RB,Active,0
1197683509209083904,NCAA BIG SKY,1197683509221662720,1,5,5,456258200757334016,1,12529,TreVeyon,Henderson,NE,RB,Active,0
1197683509209083904,NCAA BIG SKY,1197683509221662720,1,6,6,449327253101211648,3,12512,Quinshon,Judkins,CLE,RB,Active,0
1197683509209083904,NCAA BIG SKY,1197683509221662720,1,7,7,334014945886748672,10,12514,Emeka,Egbuka,TB,WR,Active,0
1197683509209083904,NCAA BIG SKY,1197683509221662720,1,8,8,456258200757334016,1,12518,Tyler,Warren,IND,TE,Active,0
1197683509209083904,NCAA BIG SKY,1197683509221662720,1,9,9,334014945886748672,10,12530,Travis,Hunter,JAX,WR,Active,0
1197683509209083904,NCAA BIG SKY,1197683509221662720,1,10,10,424793511431262208,6,12517,Colston,Loveland,CHI,TE,Active,0
1197683509209083904,NCAA BIG SKY,1197683509221662720,1,11,11,465934519652839424,5,12504,Kaleb,Johnson,PIT,RB,Active,0
1197683509209083904,NCAA BIG SKY,1197683509221662720,1,12,12,78892531970359296,7,12501,Matthew,Golden,GB,WR,Active,0
1197683509209083904,NCAA BIG SKY,1197683509221662720,2,13,25,465934519652839424,5,12489,RJ,Harvey,DEN,RB,Active,0
1197683509209083904,NCAA BIG SKY,1197683509221662720,2,14,26,604388962898866176,11,12519,Luther,Burden,CHI,WR,Active,0
1197683509209083904,NCAA BIG SKY,1197683509221662720,2,15,27,448641292377780224,9,12524,Shedeur,Sanders,CLE,QB,Active,0
1197683509209083904,NCAA BIG SKY,1197683509221662720,2,16,28,456258200757334016,1,12484,Jayden,Higgins,HOU,WR,Active,0
1197683509209083904,NCAA BIG SKY,1197683509221662720,2,17,29,456258200757334016,1,12508,Jaxson,Dart,NYG,QB,Active,0
1197683509209083904,NCAA BIG SKY,1197683509221662720,2,18,30,439255136309604352,2,12509,Tre,Harris,LAC,WR,Active,0
1197683509209083904,NCAA BIG SKY,1197683509221662720,2,19,31,334014945886748672,10,12481,Cam,Skattebo,NYG,RB,Active,0
1197683509209083904,NCAA BIG SKY,1197683509221662720,2,20,32,465934519652839424,5,12490,Bhayshul,Tuten,JAX,RB,Active,0
1197683509209083904,NCAA BIG SKY,1197683509221662720,2,21,33,334014945886748672,10,12495,Ollie,Gordon,MIA,RB,Active,0
1197683509209083904,NCAA BIG SKY,1197683509221662720,2,22,34,424793511431262208,6,12498,Mason,Taylor,NYJ,TE,Active,0
1197683509209083904,NCAA BIG SKY,1197683509221662720,2,23,35,465934519652839424,5,12487,Terrance,Ferguson,LAR,TE,Active,0
1197683509209083904,NCAA BIG SKY,1197683509221662720,2,24,36,78892531970359296,7,12510,Jalen,Milroe,SEA,QB,Active,0
1197683509209083904,NCAA BIG SKY,1197683509221662720,3,25,49,465934519652839424,5,12536,Jaylin,Noel,HOU,WR,Active,0
1197683509209083904,NCAA BIG SKY,1197683509221662720,3,26,50,604388962898866176,11,12521,Elijah,Arroyo,SEA,TE,Active,0
1197683509209083904,NCAA BIG SKY,1197683509221662720,3,27,51,448641292377780224,9,12469,Dylan,Sampson,CLE,RB,Active,0
1197683509209083904,NCAA BIG SKY,1197683509221662720,3,28,52,439255136309604352,2,12457,Jaydon,Blue,DAL,RB,Active,0
1197683509209083904,NCAA BIG SKY,1197683509221662720,3,29,53,456258200757334016,1,12483,Jack,Bech,LV,WR,Active,0
1197683509209083904,NCAA BIG SKY,1197683509221662720,3,30,54,449327253101211648,3,12506,Harold,Fannin,CLE,TE,Active,0
1197683509209083904,NCAA BIG SKY,1197683509221662720,3,31,55,334014945886748672,10,12502,Gunnar,Helm,TEN,TE,Active,0
1197683509209083904,NCAA BIG SKY,1197683509221662720,3,32,56,519439276311531520,4,12485,Tez,Johnson,TB,WR,Active,0
1197683509209083904,NCAA BIG SKY,1197683509221662720,3,33,57,437413803001376768,8,12455,Brashard,Smith,KC,RB,Active,0
1197683509209083904,NCAA BIG SKY,1197683509221662720,3,34,58,424793511431262208,6,12471,DJ,Giddens,IND,RB,Active,0
1197683509209083904,NCAA BIG SKY,1197683509221662720,3,35,59,449327253101211648,3,12467,Jordan,James,SF,RB,Active,0
1197683509209083904,NCAA BIG SKY,1197683509221662720,3,36,60,78892531970359296,7,12497,Tory,Horton,SEA,WR,Active,0
1197683509209083904,NCAA BIG SKY,1197683509221662720,4,37,73,465934519652839424,5,12492,Pat,Bryant,DEN,WR,Active,0
1197683509209083904,NCAA BIG SKY,1197683509221662720,4,38,74,604388962898866176,11,12531,Trevor,Etienne,CAR,RB,Active,0
1197683509209083904,NCAA BIG SKY,1197683509221662720,4,39,75,448641292377780224,9,12505,Jalen,Royals,KC,WR,Active,0
1197683509209083904,NCAA BIG SKY,1197683509221662720,4,40,76,456258200757334016,1,12547,Kyle,Williams,NE,WR,Active,0
1197683509209083904,NCAA BIG SKY,1197683509221662720,4,41,77,519439276311531520,4,12482,Savion,Williams,GB,WR,Active,0
1197683509209083904,NCAA BIG SKY,1197683509221662720,4,42,78,449327253101211648,3,12511,Will,Howard,PIT,QB,Active,0
1197683509209083904,NCAA BIG SKY,1197683509221662720,4,43,79,334014945886748672,10,12545,Tyler,Shough,NO,QB,Active,0
1197683509209083904,NCAA BIG SKY,1197683509221662720,4,44,80,519439276311531520,4,12486,Dillon,Gabriel,CLE,QB,Active,0
1197683509209083904,NCAA BIG SKY,1197683509221662720,4,45,81,437413803001376768,8,12478,Nick,Nash,ATL,WR,Active,0
1197683509209083904,NCAA BIG SKY,1197683509221662720,4,46,82,424793511431262208,6,12476,Devin,Neal,NO,RB,Active,0
1197683509209083904,NCAA BIG SKY,1197683509221662720,4,47,83,519767126595325952,12,12503,Isaiah,Bond,,WR,Active,0
1197683509209083904,NCAA BIG SKY,1197683509221662720,4,48,84,78892531970359296,7,12520,Xavier,Restrepo,TEN,WR,Active,0
1192383184619986944,NCAA PIONEER,1192383184619986945,1,1,1,398884413687001088,7,12527,Ashton,Jeanty,LV,RB,Active,0
1192383184619986944,NCAA PIONEER,1192383184619986945,1,2,2,459110344502013952,3,12507,Omarion,Hampton,LAC,RB,Active,0
1192383184619986944,NCAA PIONEER,1192383184619986945,1,3,3,315736569111650304,10,12530,Travis,Hunter,JAX,WR,Active,0
1192383184619986944,NCAA PIONEER,1192383184619986945,1,4,4,602687087556231168,9,12526,Tetairoa,McMillan,CAR,WR,Active,0
1192383184619986944,NCAA PIONEER,1192383184619986945,1,5,5,398884413687001088,7,12529,TreVeyon,Henderson,NE,RB,Active,0
1192383184619986944,NCAA PIONEER,1192383184619986945,1,6,6,439351925129867264,4,12512,Quinshon,Judkins,CLE,RB,Active,0
1192383184619986944,NCAA PIONEER,1192383184619986945,1,7,7,455753261765357568,6,12514,Emeka,Egbuka,TB,WR,Active,0
1192383184619986944,NCAA PIONEER,1192383184619986945,1,8,8,325873712534421504,11,12504,Kaleb,Johnson,PIT,RB,Active,0
1192383184619986944,NCAA PIONEER,1192383184619986945,1,9,9,339931221767249920,8,12489,RJ,Harvey,DEN,RB,Active,0
1192383184619986944,NCAA PIONEER,1192383184619986945,1,10,10,602687087556231168,9,12518,Tyler,Warren,IND,TE,Active,0
1192383184619986944,NCAA PIONEER,1192383184619986945,1,11,11,533363986486435840,1,12501,Matthew,Golden,GB,WR,Active,0
1192383184619986944,NCAA PIONEER,1192383184619986945,1,12,12,468638573403303936,2,12519,Luther,Burden,CHI,WR,Active,0
1192383184619986944,NCAA PIONEER,1192383184619986945,2,13,25,398884413687001088,7,12509,Tre,Harris,LAC,WR,Active,0
1192383184619986944,NCAA PIONEER,1192383184619986945,2,14,26,439351925129867264,4,12517,Colston,Loveland,CHI,TE,Active,0
1192383184619986944,NCAA PIONEER,1192383184619986945,2,15,27,398884413687001088,7,12484,Jayden,Higgins,HOU,WR,Active,0
1192383184619986944,NCAA PIONEER,1192383184619986945,2,16,28,602687087556231168,9,12481,Cam,Skattebo,NYG,RB,Active,0
1192383184619986944,NCAA PIONEER,1192383184619986945,2,17,29,432164755709370368,5,12522,Cameron,Ward,TEN,QB,Active,0
1192383184619986944,NCAA PIONEER,1192383184619986945,2,18,30,439351925129867264,4,12483,Jack,Bech,LV,WR,Active,0
1192383184619986944,NCAA PIONEER,1192383184619986945,2,19,31,455753261765357568,6,12498,Mason,Taylor,NYJ,TE,Active,0
1192383184619986944,NCAA PIONEER,1192383184619986945,2,20,32,459110344502013952,3,12547,Kyle,Williams,NE,WR,Active,0
1192383184619986944,NCAA PIONEER,1192383184619986945,2,21,33,339931221767249920,8,12490,Bhayshul,Tuten,JAX,RB,Active,0
1192383184619986944,NCAA PIONEER,1192383184619986945,2,22,34,439351925129867264,4,12508,Jaxson,Dart,NYG,QB,Active,0
1192383184619986944,NCAA PIONEER,1192383184619986945,2,23,35,602687087556231168,9,12457,Jaydon,Blue,DAL,RB,Active,0
1192383184619986944,NCAA PIONEER,1192383184619986945,2,24,36,468638573403303936,2,12469,Dylan,Sampson,CLE,RB,Active,0
1192383184619986944,NCAA PIONEER,1192383184619986945,3,25,49,602687087556231168,9,12536,Jaylin,Noel,HOU,WR,Active,0
1192383184619986944,NCAA PIONEER,1192383184619986945,3,26,50,325873712534421504,11,12492,Pat,Bryant,DEN,WR,Active,0
1192383184619986944,NCAA PIONEER,1192383184619986945,3,27,51,315736569111650304,10,12499,Elic,Ayomanor,TEN,WR,Active,0
1192383184619986944,NCAA PIONEER,1192383184619986945,3,28,52,602687087556231168,9,12495,Ollie,Gordon,MIA,RB,Active,0
1192383184619986944,NCAA PIONEER,1192383184619986945,3,29,53,432164755709370368,5,12521,Elijah,Arroyo,SEA,TE,Active,0
1192383184619986944,NCAA PIONEER,1192383184619986945,3,30,54,439351925129867264,4,11569,Jarquez,Hunter,LAR,RB,Active,0
1192383184619986944,NCAA PIONEER,1192383184619986945,3,31,55,455753261765357568,6,12476,Devin,Neal,NO,RB,Active,0
1192383184619986944,NCAA PIONEER,1192383184619986945,3,32,56,459110344502013952,3,12510,Jalen,Milroe,SEA,QB,Active,0
1192383184619986944,NCAA PIONEER,1192383184619986945,3,33,57,339931221767249920,8,12505,Jalen,Royals,KC,WR,Active,0
1192383184619986944,NCAA PIONEER,1192383184619986945,3,34,58,872594465284677632,12,12531,Trevor,Etienne,CAR,RB,Active,0
1192383184619986944,NCAA PIONEER,1192383184619986945,3,35,59,533363986486435840,1,12524,Shedeur,Sanders,CLE,QB,Active,0
1192383184619986944,NCAA PIONEER,1192383184619986945,3,36,60,468638573403303936,2,12497,Tory,Horton,SEA,WR,Active,0
1192383184619986944,NCAA PIONEER,1192383184619986945,4,37,73,398884413687001088,7,12506,Harold,Fannin,CLE,TE,Active,0
1192383184619986944,NCAA PIONEER,1192383184619986945,4,38,74,325873712534421504,11,12487,Terrance,Ferguson,LAR,TE,Active,0
1192383184619986944,NCAA PIONEER,1192383184619986945,4,39,75,315736569111650304,10,12535,Isaac,TeSlaa,DET,WR,Active,0
1192383184619986944,NCAA PIONEER,1192383184619986945,4,40,76,602687087556231168,9,12543,Tahj,Brooks,CIN,RB,Active,0
1192383184619986944,NCAA PIONEER,1192383184619986945,4,41,77,432164755709370368,5,12471,DJ,Giddens,IND,RB,Active,0
1192383184619986944,NCAA PIONEER,1192383184619986945,4,42,78,439351925129867264,4,12474,Woody,Marks,HOU,RB,Active,0
1192383184619986944,NCAA PIONEER,1192383184619986945,4,43,79,455753261765357568,6,12467,Jordan,James,SF,RB,Active,0
1192383184619986944,NCAA PIONEER,1192383184619986945,4,44,80,459110344502013952,3,12455,Brashard,Smith,KC,RB,Active,0
1192383184619986944,NCAA PIONEER,1192383184619986945,4,45,81,339931221767249920,8,12503,Isaiah,Bond,,WR,Active,0
1192383184619986944,NCAA PIONEER,1192383184619986945,4,46,82,872594465284677632,12,12520,Xavier,Restrepo,TEN,WR,Active,0
1192383184619986944,NCAA PIONEER,1192383184619986945,4,47,83,533363986486435840,1,12534,Kyle,Monangai,CHI,RB,Active,0
1192383184619986944,NCAA PIONEER,1192383184619986945,4,48,84,468638573403303936,2,12541,Dont'e,Thornton,LV,WR,Active,0
1192383143762542592,NCAA SUN BELT,1192383143762542593,1,1,1,546466738316963840,5,12527,Ashton,Jeanty,LV,RB,Active,0
1192383143762542592,NCAA SUN BELT,1192383143762542593,1,2,2,380128482900062208,9,12507,Omarion,Hampton,LAC,RB,Active,0
1192383143762542592,NCAA SUN BELT,1192383143762542593,1,3,3,465297932204109824,12,12529,TreVeyon,Henderson,NE,RB,Active,0
1192383143762542592,NCAA SUN BELT,1192383143762542593,1,4,4,447283305738399744,4,12514,Emeka,Egbuka,TB,WR,Active,0
1192383143762542592,NCAA SUN BELT,1192383143762542593,1,5,5,1235453121577111552,11,12526,Tetairoa,McMillan,CAR,WR,Active,0
1192383143762542592,NCAA SUN BELT,1192383143762542593,1,6,6,481957045667360768,3,12489,RJ,Harvey,DEN,RB,Active,0
1192383143762542592,NCAA SUN BELT,1192383143762542593,1,7,7,481957045667360768,3,12518,Tyler,Warren,IND,TE,Active,0
1192383143762542592,NCAA SUN BELT,1192383143762542593,1,8,8,465019661495300096,6,12504,Kaleb,Johnson,PIT,RB,Active,0
1192383143762542592,NCAA SUN BELT,1192383143762542593,1,9,9,441362521463451648,8,12530,Travis,Hunter,JAX,WR,Active,0
1192383143762542592,NCAA SUN BELT,1192383143762542593,1,10,10,465019661495300096,6,12501,Matthew,Golden,GB,WR,Active,0
1192383143762542592,NCAA SUN BELT,1192383143762542593,1,11,11,380128482900062208,9,12512,Quinshon,Judkins,CLE,RB,Active,0
1192383143762542592,NCAA SUN BELT,1192383143762542593,1,12,12,441330448283463680,10,12481,Cam,Skattebo,NYG,RB,Active,0
1192383143762542592,NCAA SUN BELT,1192383143762542593,2,13,25,546466738316963840,5,12517,Colston,Loveland,CHI,TE,Active,0
1192383143762542592,NCAA SUN BELT,1192383143762542593,2,14,26,380128482900062208,9,12484,Jayden,Higgins,HOU,WR,Active,0
1192383143762542592,NCAA SUN BELT,1192383143762542593,2,15,27,465019661495300096,6,12547,Kyle,Williams,NE,WR,Active,0
1192383143762542592,NCAA SUN BELT,1192383143762542593,2,16,28,447283305738399744,4,12522,Cam,Ward,TEN,QB,Active,0
1192383143762542592,NCAA SUN BELT,1192383143762542593,2,17,29,1235453121577111552,11,12521,Elijah,Arroyo,SEA,TE,Active,0
1192383143762542592,NCAA SUN BELT,1192383143762542593,2,18,30,481957045667360768,3,12509,Tre',Harris,LAC,WR,Active,0
1192383143762542592,NCAA SUN BELT,1192383143762542593,2,19,31,465019661495300096,6,12457,Jaydon,Blue,DAL,RB,Active,0
1192383143762542592,NCAA SUN BELT,1192383143762542593,2,20,32,465019661495300096,6,12495,Ollie,Gordon,MIA,RB,Active,0
1192383143762542592,NCAA SUN BELT,1192383143762542593,2,21,33,441362521463451648,8,12490,Bhayshul,Tuten,JAX,RB,Active,0
1192383143762542592,NCAA SUN BELT,1192383143762542593,2,22,34,873461886535036928,2,12498,Mason,Taylor,NYJ,TE,Active,0
1192383143762542592,NCAA SUN BELT,1192383143762542593,2,23,35,481957045667360768,3,12519,Luther,Burden,CHI,WR,Active,0
1192383143762542592,NCAA SUN BELT,1192383143762542593,2,24,36,481957045667360768,3,12469,Dylan,Sampson,CLE,RB,Active,0
1192383143762542592,NCAA SUN BELT,1192383143762542593,3,25,49,546466738316963840,5,12483,Jack,Bech,LV,WR,Active,0
1192383143762542592,NCAA SUN BELT,1192383143762542593,3,26,50,481957045667360768,3,12508,Jaxson,Dart,NYG,QB,Active,0
1192383143762542592,NCAA SUN BELT,1192383143762542593,3,27,51,481957045667360768,3,12535,Isaac,TeSlaa,DET,WR,Active,0
1192383143762542592,NCAA SUN BELT,1192383143762542593,3,28,52,447283305738399744,4,12533,Jacory,Croskey-Merritt,WAS,RB,Active,0
1192383143762542592,NCAA SUN BELT,1192383143762542593,3,29,53,1235453121577111552,11,12476,Devin,Neal,NO,RB,Active,0
1192383143762542592,NCAA SUN BELT,1192383143762542593,3,30,54,481957045667360768,3,12492,Pat,Bryant,DEN,WR,Active,0
1192383143762542592,NCAA SUN BELT,1192383143762542593,3,31,55,1235453121577111552,11,12505,Jalen,Royals,KC,WR,Active,0
1192383143762542592,NCAA SUN BELT,1192383143762542593,3,32,56,465019661495300096,6,12487,Terrance,Ferguson,LAR,TE,Active,0
1192383143762542592,NCAA SUN BELT,1192383143762542593,3,33,57,441362521463451648,8,12524,Shedeur,Sanders,CLE,QB,Active,0
1192383143762542592,NCAA SUN BELT,1192383143762542593,3,34,58,465019661495300096,6,12471,DJ,Giddens,IND,RB,Active,0
1192383143762542592,NCAA SUN BELT,1192383143762542593,3,35,59,380128482900062208,9,12506,Harold,Fannin,CLE,TE,Active,0
1192383143762542592,NCAA SUN BELT,1192383143762542593,3,36,60,441330448283463680,1,12711,Tyler,Loop,BAL,K,Active,0
1192383143762542592,NCAA SUN BELT,1192383143762542593,4,37,73,546466738316963840,5,12510,Jalen,Milroe,SEA,QB,Active,0
1192383143762542592,NCAA SUN BELT,1192383143762542593,4,38,74,380128482900062208,9,12493,Oronde,Gadsden,LAC,TE,Active,0
1192383143762542592,NCAA SUN BELT,1192383143762542593,4,39,75,465297932204109824,1,12502,Gunnar,Helm,TEN,TE,Active,0
1192383143762542592,NCAA SUN BELT,1192383143762542593,4,40,76,447283305738399744,4,12531,Trevor,Etienne,CAR,RB,Active,0
1192383143762542592,NCAA SUN BELT,1192383143762542593,4,41,77,1235453121577111552,11,12542,Efton,Chism,NE,WR,Active,0
1192383143762542592,NCAA SUN BELT,1192383143762542593,4,42,78,481957045667360768,3,12541,Dont'e,Thornton,LV,WR,Active,0
1192383143762542592,NCAA SUN BELT,1192383143762542593,4,43,79,547214728132608000,7,12503,Isaiah,Bond,CLE,WR,Active,0
1192383143762542592,NCAA SUN BELT,1192383143762542593,4,44,80,481957045667360768,3,12497,Tory,Horton,SEA,WR,Active,0
1192383143762542592,NCAA SUN BELT,1192383143762542593,4,45,81,441362521463451648,8,12534,Kyle,Monangai,CHI,RB,Active,0
1192383143762542592,NCAA SUN BELT,1192383143762542593,4,46,82,873461886535036928,2,12545,Tyler,Shough,NO,QB,Active,0
1192383143762542592,NCAA SUN BELT,1192383143762542593,4,47,83,481957045667360768,3,12486,Dillon,Gabriel,CLE,QB,Active,0
1192383143762542592,NCAA SUN BELT,1192383143762542593,4,48,84,441330448283463680,10,12641,Jaylin,Lane,WAS,WR,Active,0
1192383107391332352,NCAA BIG 12,1192383107391332353,1,1,1,453711063846744064,9,12527,Ashton,Jeanty,LV,RB,Active,0
1192383107391332352,NCAA BIG 12,1192383107391332353,1,2,2,533541056352481280,3,12507,Omarion,Hampton,LAC,RB,Active,0
1192383107391332352,NCAA BIG 12,1192383107391332353,1,3,3,453711063846744064,9,12530,Travis,Hunter,JAX,WR,Active,0
1192383107391332352,NCAA BIG 12,1192383107391332353,1,4,4,453711063846744064,9,12529,TreVeyon,Henderson,NE,RB,Active,0
1192383107391332352,NCAA BIG 12,1192383107391332353,1,5,5,543929284962770944,8,12512,Quinshon,Judkins,CLE,RB,Active,0
1192383107391332352,NCAA BIG 12,1192383107391332353,1,6,6,533541056352481280,3,12526,Tetairoa,McMillan,CAR,WR,Active,0
1192383107391332352,NCAA BIG 12,1192383107391332353,1,7,7,335910160469880832,6,12514,Emeka,Egbuka,TB,WR,Active,0
1192383107391332352,NCAA BIG 12,1192383107391332353,1,8,8,619190004979138560,11,12504,Kaleb,Johnson,PIT,RB,Active,0
1192383107391332352,NCAA BIG 12,1192383107391332353,1,9,9,425386065373691904,7,12518,Tyler,Warren,IND,TE,Active,0
1192383107391332352,NCAA BIG 12,1192383107391332353,1,10,10,425362114291437568,4,12489,RJ,Harvey,DEN,RB,Active,0
1192383107391332352,NCAA BIG 12,1192383107391332353,1,11,11,425362114291437568,4,12517,Colston,Loveland,CHI,TE,Active,0
1192383107391332352,NCAA BIG 12,1192383107391332353,1,12,12,453711063846744064,9,12501,Matthew,Golden,GB,WR,Active,0
1192383107391332352,NCAA BIG 12,1192383107391332353,2,13,25,619190004979138560,11,12519,Luther,Burden,CHI,WR,Active,0
1192383107391332352,NCAA BIG 12,1192383107391332353,2,14,26,667752373111824384,2,12509,Tre,Harris,LAC,WR,Active,0
1192383107391332352,NCAA BIG 12,1192383107391332353,2,15,27,667752373111824384,2,12481,Cam,Skattebo,NYG,RB,Active,0
1192383107391332352,NCAA BIG 12,1192383107391332353,2,16,28,667752373111824384,2,12522,Cameron,Ward,TEN,QB,Active,0
1192383107391332352,NCAA BIG 12,1192383107391332353,2,17,29,543929284962770944,8,12484,Jayden,Higgins,HOU,WR,Active,0
1192383107391332352,NCAA BIG 12,1192383107391332353,2,18,30,425362114291437568,4,12483,Jack,Bech,LV,WR,Active,0
1192383107391332352,NCAA BIG 12,1192383107391332353,2,19,31,335910160469880832,6,12505,Jalen,Royals,KC,WR,Active,0
1192383107391332352,NCAA BIG 12,1192383107391332353,2,20,32,619190004979138560,11,12498,Mason,Taylor,NYJ,TE,Active,0
1192383107391332352,NCAA BIG 12,1192383107391332353,2,21,33,425386065373691904,7,12490,Bhayshul,Tuten,JAX,RB,Active,0
1192383107391332352,NCAA BIG 12,1192383107391332353,2,22,34,446530486903238656,1,12457,Jaydon,Blue,DAL,RB,Active,0
1192383107391332352,NCAA BIG 12,1192383107391332353,2,23,35,667752373111824384,2,12521,Elijah,Arroyo,SEA,TE,Active,0
1192383107391332352,NCAA BIG 12,1192383107391332353,2,24,36,989926421084557312,10,12469,Dylan,Sampson,CLE,RB,Active,0
1192383107391332352,NCAA BIG 12,1192383107391332353,3,25,49,425362114291437568,4,12547,Kyle,Williams,NE,WR,Active,0
1192383107391332352,NCAA BIG 12,1192383107391332353,3,26,50,425386065373691904,7,12499,Elic,Ayomanor,TEN,WR,Active,0
1192383107391332352,NCAA BIG 12,1192383107391332353,3,27,51,425362114291437568,4,12510,Jalen,Milroe,SEA,QB,Active,0
1192383107391332352,NCAA BIG 12,1192383107391332353,3,28,52,335910160469880832,6,12511,Will,Howard,PIT,QB,Active,0
1192383107391332352,NCAA BIG 12,1192383107391332353,3,29,53,543929284962770944,8,12545,Tyler,Shough,NO,QB,Active,0
1192383107391332352,NCAA BIG 12,1192383107391332353,3,30,54,667752373111824384,2,12471,DJ,Giddens,IND,RB,Active,0
1192383107391332352,NCAA BIG 12,1192383107391332353,3,31,55,335910160469880832,6,12495,Ollie,Gordon,MIA,RB,Active,0
1192383107391332352,NCAA BIG 12,1192383107391332353,3,32,56,425362114291437568,4,12506,Harold,Fannin,CLE,TE,Active,0
1192383107391332352,NCAA BIG 12,1192383107391332353,3,33,57,425386065373691904,7,12531,Trevor,Etienne,CAR,RB,Active,0
1192383107391332352,NCAA BIG 12,1192383107391332353,3,34,58,446530486903238656,1,12487,Terrance,Ferguson,LAR,TE,Active,0
1192383107391332352,NCAA BIG 12,1192383107391332353,3,35,59,533541056352481280,3,12492,Pat,Bryant,DEN,WR,Active,0
1192383107391332352,NCAA BIG 12,1192383107391332353,3,36,60,425386065373691904,7,12524,Shedeur,Sanders,CLE,QB,Active,0
1192383107391332352,NCAA BIG 12,1192383107391332353,4,37,73,989926421084557312,10,12502,Gunnar,Helm,TEN,TE,Active,0
1192383107391332352,NCAA BIG 12,1192383107391332353,4,38,74,425386065373691904,7,12467,Jordan,James,SF,RB,Active,0
1192383107391332352,NCAA BIG 12,1192383107391332353,4,39,75,989926421084557312,10,12493,Oronde,Gadsden,LAC,TE,Active,0
1192383107391332352,NCAA BIG 12,1192383107391332353,4,40,76,335910160469880832,6,12462,Damien,Martinez,SEA,RB,Active,0
1192383107391332352,NCAA BIG 12,1192383107391332353,4,41,77,543929284962770944,8,12535,Isaac,TeSlaa,DET,WR,Active,0
1192383107391332352,NCAA BIG 12,1192383107391332353,4,42,78,989926421084557312,10,12500,Quinn,Ewers,MIA,QB,Active,0
1192383107391332352,NCAA BIG 12,1192383107391332353,4,43,79,543929284962770944,8,12482,Savion,Williams,GB,WR,Active,0
1192383107391332352,NCAA BIG 12,1192383107391332353,4,44,80,619190004979138560,11,12539,Arian,Smith,NYJ,WR,Active,0
1192383107391332352,NCAA BIG 12,1192383107391332353,4,45,81,425386065373691904,7,12496,Tai,Felton,MIN,WR,Active,0
1192383107391332352,NCAA BIG 12,1192383107391332353,4,46,82,446530486903238656,1,12474,Woody,Marks,HOU,RB,Active,0
1192383107391332352,NCAA BIG 12,1192383107391332353,4,47,83,543929284962770944,8,12540,Chimere,Dike,TEN,WR,Active,0
1192383107391332352,NCAA BIG 12,1192383107391332353,4,48,84,667752373111824384,2,12497,Tory,Horton,SEA,WR,Active,0
1192383069776863232,NCAA ACC,1192383069776863233,1,1,1,870105403659309056,3,12527,Ashton,Jeanty,LV,RB,Active,0
1192383069776863232,NCAA ACC,1192383069776863233,1,2,2,468618720470626304,5,12507,Omarion,Hampton,LAC,RB,Active,0
1192383069776863232,NCAA ACC,1192383069776863233,1,3,3,453658285061435392,7,12529,TreVeyon,Henderson,NE,RB,Active,0
1192383069776863232,NCAA ACC,1192383069776863233,1,4,4,456168604006608896,8,12530,Travis,Hunter,JAX,WR,Active,0
1192383069776863232,NCAA ACC,1192383069776863233,1,5,5,458070829909929984,11,12526,Tetairoa,McMillan,CAR,WR,Active,0
1192383069776863232,NCAA ACC,1192383069776863233,1,6,6,668318967567323136,9,12512,Quinshon,Judkins,CLE,RB,Active,0
1192383069776863232,NCAA ACC,1192383069776863233,1,7,7,455836851501002752,4,12489,RJ,Harvey,DEN,RB,Active,0
1192383069776863232,NCAA ACC,1192383069776863233,1,8,8,713189676609003520,10,12514,Emeka,Egbuka,TB,WR,Active,0
1192383069776863232,NCAA ACC,1192383069776863233,1,9,9,302575527556825088,12,12504,Kaleb,Johnson,PIT,RB,Active,0
1192383069776863232,NCAA ACC,1192383069776863233,1,10,10,463453800313647104,6,12519,Luther,Burden,CHI,WR,Active,0
1192383069776863232,NCAA ACC,1192383069776863233,1,11,11,568115266901286912,2,12501,Matthew,Golden,GB,WR,Active,0
1192383069776863232,NCAA ACC,1192383069776863233,1,12,12,870105403659309056,3,12518,Tyler,Warren,IND,TE,Active,0
1192383069776863232,NCAA ACC,1192383069776863233,2,13,25,870105403659309056,3,12509,Tre,Harris,LAC,WR,Active,0
1192383069776863232,NCAA ACC,1192383069776863233,2,14,26,468618720470626304,5,12484,Jayden,Higgins,HOU,WR,Active,0
1192383069776863232,NCAA ACC,1192383069776863233,2,15,27,453658285061435392,7,12522,Cameron,Ward,TEN,QB,Active,0
1192383069776863232,NCAA ACC,1192383069776863233,2,16,28,455836851501002752,4,12517,Colston,Loveland,CHI,TE,Active,0
1192383069776863232,NCAA ACC,1192383069776863233,2,17,29,458070829909929984,11,12481,Cam,Skattebo,NYG,RB,Active,0
1192383069776863232,NCAA ACC,1192383069776863233,2,18,30,455836851501002752,4,12483,Jack,Bech,LV,WR,Active,0
1192383069776863232,NCAA ACC,1192383069776863233,2,19,31,668318967567323136,9,12498,Mason,Taylor,NYJ,TE,Active,0
1192383069776863232,NCAA ACC,1192383069776863233,2,20,32,713189676609003520,10,12536,Jaylin,Noel,HOU,WR,Active,0
1192383069776863232,NCAA ACC,1192383069776863233,2,21,33,302575527556825088,12,12490,Bhayshul,Tuten,JAX,RB,Active,0
1192383069776863232,NCAA ACC,1192383069776863233,2,22,34,463453800313647104,6,12505,Jalen,Royals,KC,WR,Active,0
1192383069776863232,NCAA ACC,1192383069776863233,2,23,35,568115266901286912,2,12508,Jaxson,Dart,NYG,QB,Active,0
1192383069776863232,NCAA ACC,1192383069776863233,2,24,36,713189676609003520,10,12469,Dylan,Sampson,CLE,RB,Active,0
1192383069776863232,NCAA ACC,1192383069776863233,3,25,49,455836851501002752,4,12457,Jaydon,Blue,DAL,RB,Active,0
1192383069776863232,NCAA ACC,1192383069776863233,3,26,50,468618720470626304,5,12499,Elic,Ayomanor,TEN,WR,Active,0
1192383069776863232,NCAA ACC,1192383069776863233,3,27,51,453658285061435392,7,12471,DJ,Giddens,IND,RB,Active,0
1192383069776863232,NCAA ACC,1192383069776863233,3,28,52,668318967567323136,9,12476,Devin,Neal,NO,RB,Active,0
1192383069776863232,NCAA ACC,1192383069776863233,3,29,53,458070829909929984,11,12487,Terrance,Ferguson,LAR,TE,Active,0
1192383069776863232,NCAA ACC,1192383069776863233,3,30,54,456168604006608896,8,11569,Jarquez,Hunter,LAR,RB,Active,0
1192383069776863232,NCAA ACC,1192383069776863233,3,31,55,456168604006608896,8,12510,Jalen,Milroe,SEA,QB,Active,0
1192383069776863232,NCAA ACC,1192383069776863233,3,32,56,302575527556825088,12,12521,Elijah,Arroyo,SEA,TE,Active,0
1192383069776863232,NCAA ACC,1192383069776863233,3,33,57,571754879825395712,1,12467,Jordan,James,SF,RB,Active,0
1192383069776863232,NCAA ACC,1192383069776863233,3,34,58,463453800313647104,6,12506,Harold,Fannin,CLE,TE,Active,0
1192383069776863232,NCAA ACC,1192383069776863233,3,35,59,568115266901286912,2,12474,Woody,Marks,HOU,RB,Active,0
1192383069776863232,NCAA ACC,1192383069776863233,3,36,60,302575527556825088,12,12455,Brashard,Smith,KC,RB,Active,0
1192383069776863232,NCAA ACC,1192383069776863233,4,37,73,870105403659309056,3,12535,Isaac,TeSlaa,DET,WR,Active,0
1192383069776863232,NCAA ACC,1192383069776863233,4,38,74,468618720470626304,5,12524,Shedeur,Sanders,CLE,QB,Active,0
1192383069776863232,NCAA ACC,1192383069776863233,4,39,75,453658285061435392,7,12493,Oronde,Gadsden,LAC,TE,Active,0
1192383069776863232,NCAA ACC,1192383069776863233,4,40,76,870105403659309056,3,12497,Tory,Horton,SEA,WR,Active,0
1192383069776863232,NCAA ACC,1192383069776863233,4,41,77,456168604006608896,8,12544,LeQuint,Allen,JAX,RB,Active,0
1192383069776863232,NCAA ACC,1192383069776863233,4,42,78,455836851501002752,4,12547,Kyle,Williams,NE,WR,Active,0
1192383069776863232,NCAA ACC,1192383069776863233,4,43,79,456168604006608896,8,12482,Savion,Williams,GB,WR,Active,0
1192383069776863232,NCAA ACC,1192383069776863233,4,44,80,713189676609003520,10,12478,Nick,Nash,ATL,WR,Active,0
1192383069776863232,NCAA ACC,1192383069776863233,4,45,81,571754879825395712,1,12520,Xavier,Restrepo,TEN,WR,Active,0
1192383069776863232,NCAA ACC,1192383069776863233,4,46,82,463453800313647104,6,12534,Kyle,Monangai,CHI,RB,Active,0
1192383069776863232,NCAA ACC,1192383069776863233,4,47,83,455836851501002752,4,12492,Pat,Bryant,DEN,WR,Active,0
1192383069776863232,NCAA ACC,1192383069776863233,4,48,84,571754879825395712,1,12486,Dillon,Gabriel,CLE,QB,Active,0
1192383038721757184,NCAA PAC 12,1192383038721757185,1,1,1,917575404431831040,1,12527,Ashton,Jeanty,LV,RB,Active,0
1192383038721757184,NCAA PAC 12,1192383038721757185,1,2,2,709857172258881536,2,12507,Omarion,Hampton,LAC,RB,Active,0
1192383038721757184,NCAA PAC 12,1192383038721757185,1,3,3,597246797479469056,7,12530,Travis,Hunter,JAX,WR,Active,0
1192383038721757184,NCAA PAC 12,1192383038721757185,1,4,4,709857172258881536,2,12529,TreVeyon,Henderson,NE,RB,Active,0
1192383038721757184,NCAA PAC 12,1192383038721757185,1,5,5,76460245878456320,11,12512,Quinshon,Judkins,CLE,RB,Active,0
1192383038721757184,NCAA PAC 12,1192383038721757185,1,6,6,470320542868566016,3,12526,Tetairoa,McMillan,CAR,WR,Active,0
1192383038721757184,NCAA PAC 12,1192383038721757185,1,7,7,519390092788297728,9,12489,RJ,Harvey,DEN,RB,Active,0
1192383038721757184,NCAA PAC 12,1192383038721757185,1,8,8,454372407956729856,5,12504,Kaleb,Johnson,PIT,RB,Active,0
1192383038721757184,NCAA PAC 12,1192383038721757185,1,9,9,709857172258881536,2,12514,Emeka,Egbuka,TB,WR,Active,0
1192383038721757184,NCAA PAC 12,1192383038721757185,1,10,10,597246797479469056,7,12518,Tyler,Warren,IND,TE,Active,0
1192383038721757184,NCAA PAC 12,1192383038721757185,1,11,11,917575404431831040,1,12517,Colston,Loveland,CHI,TE,Active,0
1192383038721757184,NCAA PAC 12,1192383038721757185,1,12,12,470320542868566016,3,12501,Matthew,Golden,GB,WR,Active,0
1192383038721757184,NCAA PAC 12,1192383038721757185,2,13,25,338823136923381760,6,12522,Cameron,Ward,TEN,QB,Active,0
1192383038721757184,NCAA PAC 12,1192383038721757185,2,14,26,709857172258881536,2,12519,Luther,Burden,CHI,WR,Active,0
1192383038721757184,NCAA PAC 12,1192383038721757185,2,15,27,477666723663704064,4,12481,Cam,Skattebo,NYG,RB,Active,0
1192383038721757184,NCAA PAC 12,1192383038721757185,2,16,28,470320542868566016,3,12483,Jack,Bech,LV,WR,Active,0
1192383038721757184,NCAA PAC 12,1192383038721757185,2,17,29,709857172258881536,2,12509,Tre,Harris,LAC,WR,Active,0
1192383038721757184,NCAA PAC 12,1192383038721757185,2,18,30,477666723663704064,4,12490,Bhayshul,Tuten,JAX,RB,Active,0
1192383038721757184,NCAA PAC 12,1192383038721757185,2,19,31,519390092788297728,9,12484,Jayden,Higgins,HOU,WR,Active,0
1192383038721757184,NCAA PAC 12,1192383038721757185,2,20,32,917575404431831040,1,12536,Jaylin,Noel,HOU,WR,Active,0
1192383038721757184,NCAA PAC 12,1192383038721757185,2,21,33,534619662650601472,10,12510,Jalen,Milroe,SEA,QB,Active,0
1192383038721757184,NCAA PAC 12,1192383038721757185,2,22,34,519390092788297728,9,12487,Terrance,Ferguson,LAR,TE,Active,0
1192383038721757184,NCAA PAC 12,1192383038721757185,2,23,35,470320542868566016,3,12469,Dylan,Sampson,CLE,RB,Active,0
1192383038721757184,NCAA PAC 12,1192383038721757185,2,24,36,338823136923381760,6,12498,Mason,Taylor,NYJ,TE,Active,0
1192383038721757184,NCAA PAC 12,1192383038721757185,3,25,49,917575404431831040,1,12547,Kyle,Williams,NE,WR,Active,0
1192383038721757184,NCAA PAC 12,1192383038721757185,3,26,50,709857172258881536,2,12457,Jaydon,Blue,DAL,RB,Active,0
1192383038721757184,NCAA PAC 12,1192383038721757185,3,27,51,470320542868566016,3,11569,Jarquez,Hunter,LAR,RB,Active,0
1192383038721757184,NCAA PAC 12,1192383038721757185,3,28,52,470320542868566016,3,12521,Elijah,Arroyo,SEA,TE,Active,0
1192383038721757184,NCAA PAC 12,1192383038721757185,3,29,53,76460245878456320,11,12508,Jaxson,Dart,NYG,QB,Active,0
1192383038721757184,NCAA PAC 12,1192383038721757185,3,30,54,460348260653985792,8,12545,Tyler,Shough,NO,QB,Active,0
1192383038721757184,NCAA PAC 12,1192383038721757185,3,31,55,470320542868566016,3,12511,Will,Howard,PIT,QB,Active,0
1192383038721757184,NCAA PAC 12,1192383038721757185,3,32,56,454372407956729856,5,12476,Devin,Neal,NO,RB,Active,0
1192383038721757184,NCAA PAC 12,1192383038721757185,3,33,57,470320542868566016,3,12499,Elic,Ayomanor,TEN,WR,Active,0
1192383038721757184,NCAA PAC 12,1192383038721757185,3,34,58,477666723663704064,4,12506,Harold,Fannin,CLE,TE,Active,0
1192383038721757184,NCAA PAC 12,1192383038721757185,3,35,59,597246797479469056,7,12505,Jalen,Royals,KC,WR,Active,0
1192383038721757184,NCAA PAC 12,1192383038721757185,3,36,60,519390092788297728,9,12467,Jordan,James,SF,RB,Active,0
1192383038721757184,NCAA PAC 12,1192383038721757185,4,37,73,917575404431831040,1,12495,Ollie,Gordon,MIA,RB,Active,0
1192383038721757184,NCAA PAC 12,1192383038721757185,4,38,74,709857172258881536,2,12471,DJ,Giddens,IND,RB,Active,0
1192383038721757184,NCAA PAC 12,1192383038721757185,4,39,75,519390092788297728,9,12486,Dillon,Gabriel,CLE,QB,Active,0
1192383038721757184,NCAA PAC 12,1192383038721757185,4,40,76,470320542868566016,3,12493,Oronde,Gadsden,LAC,TE,Active,0
1192383038721757184,NCAA PAC 12,1192383038721757185,4,41,77,76460245878456320,11,12524,Shedeur,Sanders,CLE,QB,Active,0
1192383038721757184,NCAA PAC 12,1192383038721757185,4,42,78,477666723663704064,4,12492,Pat,Bryant,DEN,WR,Active,0
1192383038721757184,NCAA PAC 12,1192383038721757185,4,43,79,519390092788297728,9,12485,Tez,Johnson,TB,WR,Active,0
1192383038721757184,NCAA PAC 12,1192383038721757185,4,44,80,454372407956729856,5,12541,Dont'e,Thornton,LV,WR,Active,0
1192383038721757184,NCAA PAC 12,1192383038721757185,4,45,81,470320542868566016,3,12670,KeAndre,Lambert-Smith,LAC,WR,Active,0
1192383038721757184,NCAA PAC 12,1192383038721757185,4,46,82,597246797479469056,7,12455,Brashard,Smith,KC,RB,Active,0
1192383038721757184,NCAA PAC 12,1192383038721757185,4,47,83,597246797479469056,7,12497,Tory,Horton,SEA,WR,Active,0
1192383038721757184,NCAA PAC 12,1192383038721757185,4,48,84,534619662650601472,10,12533,Jacory,Croskey-Merritt,WAS,RB,Active,0
1188461140190814208,NCAA SEC,1188461140190814209,1,1,1,446524535810813952,4,12527,Ashton,Jeanty,LV,RB,Active,0
1188461140190814208,NCAA SEC,1188461140190814209,1,2,2,445468333035220992,12,12507,Omarion,Hampton,LAC,RB,Active,0
1188461140190814208,NCAA SEC,1188461140190814209,1,3,3,1113534815812308992,9,12530,Travis,Hunter,JAX,WR,Active,0
1188461140190814208,NCAA SEC,1188461140190814209,1,4,4,634614368377589760,8,12526,Tetairoa,McMillan,CAR,WR,Active,0
1188461140190814208,NCAA SEC,1188461140190814209,1,5,5,562032371824951296,5,12512,Quinshon,Judkins,CLE,RB,Active,0
1188461140190814208,NCAA SEC,1188461140190814209,1,6,6,738509609173684224,10,12529,TreVeyon,Henderson,NE,RB,Active,0
1188461140190814208,NCAA SEC,1188461140190814209,1,7,7,510556455562792960,6,12514,Emeka,Egbuka,TB,WR,Active,0
1188461140190814208,NCAA SEC,1188461140190814209,1,8,8,560284880620699648,11,12489,RJ,Harvey,DEN,RB,Active,0
1188461140190814208,NCAA SEC,1188461140190814209,1,9,9,461680102409760768,7,12504,Kaleb,Johnson,PIT,RB,Active,0
1188461140190814208,NCAA SEC,1188461140190814209,1,10,10,457957045534978048,3,12518,Tyler,Warren,IND,TE,Active,0
1188461140190814208,NCAA SEC,1188461140190814209,1,11,11,508516852143693824,2,12517,Colston,Loveland,CHI,TE,Active,0
1188461140190814208,NCAA SEC,1188461140190814209,1,12,12,560284880620699648,11,12501,Matthew,Golden,GB,WR,Active,0
1188461140190814208,NCAA SEC,1188461140190814209,2,13,25,560284880620699648,11,12522,Cameron,Ward,TEN,QB,Active,0
1188461140190814208,NCAA SEC,1188461140190814209,2,14,26,445468333035220992,12,12519,Luther,Burden,CHI,WR,Active,0
1188461140190814208,NCAA SEC,1188461140190814209,2,15,27,1113534815812308992,9,12481,Cam,Skattebo,NYG,RB,Active,0
1188461140190814208,NCAA SEC,1188461140190814209,2,16,28,634614368377589760,8,12490,Bhayshul,Tuten,JAX,RB,Active,0
1188461140190814208,NCAA SEC,1188461140190814209,2,17,29,562032371824951296,5,12498,Mason,Taylor,NYJ,TE,Active,0
1188461140190814208,NCAA SEC,1188461140190814209,2,18,30,738509609173684224,10,12484,Jayden,Higgins,HOU,WR,Active,0
1188461140190814208,NCAA SEC,1188461140190814209,2,19,31,510556455562792960,6,12547,Kyle,Williams,NE,WR,Active,0
1188461140190814208,NCAA SEC,1188461140190814209,2,20,32,560284880620699648,11,12509,Tre,Harris,LAC,WR,Active,0
1188461140190814208,NCAA SEC,1188461140190814209,2,21,33,461680102409760768,7,12457,Jaydon,Blue,DAL,RB,Active,0
1188461140190814208,NCAA SEC,1188461140190814209,2,22,34,446524535810813952,4,12483,Jack,Bech,LV,WR,Active,0
1188461140190814208,NCAA SEC,1188461140190814209,2,23,35,508516852143693824,2,12536,Jaylin,Noel,HOU,WR,Active,0
1188461140190814208,NCAA SEC,1188461140190814209,2,24,36,560284880620699648,11,12505,Jalen,Royals,KC,WR,Active,0
1188461140190814208,NCAA SEC,1188461140190814209,3,25,49,560284880620699648,11,12471,DJ,Giddens,IND,RB,Active,0
1188461140190814208,NCAA SEC,1188461140190814209,3,26,50,457957045534978048,3,12499,Elic,Ayomanor,TEN,WR,Active,0
1188461140190814208,NCAA SEC,1188461140190814209,3,27,51,1113534815812308992,9,12487,Terrance,Ferguson,LAR,TE,Active,0
1188461140190814208,NCAA SEC,1188461140190814209,3,28,52,634614368377589760,8,12508,Jaxson,Dart,NYG,QB,Active,0
1188461140190814208,NCAA SEC,1188461140190814209,3,29,53,562032371824951296,5,12469,Dylan,Sampson,CLE,RB,Active,0
1188461140190814208,NCAA SEC,1188461140190814209,3,30,54,738509609173684224,10,12521,Elijah,Arroyo,SEA,TE,Active,0
1188461140190814208,NCAA SEC,1188461140190814209,3,31,55,445468333035220992,12,12476,Devin,Neal,NO,RB,Active,0
1188461140190814208,NCAA SEC,1188461140190814209,3,32,56,457957045534978048,3,12506,Harold,Fannin,CLE,TE,Active,0
1188461140190814208,NCAA SEC,1188461140190814209,3,33,57,461680102409760768,7,12510,Jalen,Milroe,SEA,QB,Active,0
1188461140190814208,NCAA SEC,1188461140190814209,3,34,58,457957045534978048,3,12534,Kyle,Monangai,CHI,RB,Active,0
1188461140190814208,NCAA SEC,1188461140190814209,3,35,59,508516852143693824,2,12495,Ollie,Gordon,MIA,RB,Active,0
1188461140190814208,NCAA SEC,1188461140190814209,3,36,60,441458152391569408,1,12531,Trevor,Etienne,CAR,RB,Active,0
1188461140190814208,NCAA SEC,1188461140190814209,4,37,73,560284880620699648,11,12492,Pat,Bryant,DEN,WR,Active,0
1188461140190814208,NCAA SEC,1188461140190814209,4,38,74,445468333035220992,12,12524,Shedeur,Sanders,CLE,QB,Active,0
1188461140190814208,NCAA SEC,1188461140190814209,4,39,75,1113534815812308992,9,12493,Oronde,Gadsden,LAC,TE,Active,0
1188461140190814208,NCAA SEC,1188461140190814209,4,40,76,634614368377589760,8,12502,Gunnar,Helm,TEN,TE,Active,0
1188461140190814208,NCAA SEC,1188461140190814209,4,41,77,562032371824951296,5,12545,Tyler,Shough,NO,QB,Active,0
1188461140190814208,NCAA SEC,1188461140190814209,4,42,78,738509609173684224,10,12541,Dont'e,Thornton,LV,WR,Active,0
1188461140190814208,NCAA SEC,1188461140190814209,4,43,79,510556455562792960,6,12467,Jordan,James,SF,RB,Active,0
1188461140190814208,NCAA SEC,1188461140190814209,4,44,80,457957045534978048,3,11569,Jarquez,Hunter,LAR,RB,Active,0
1188461140190814208,NCAA SEC,1188461140190814209,4,45,81,461680102409760768,7,12535,Isaac,TeSlaa,DET,WR,Active,0
1188461140190814208,NCAA SEC,1188461140190814209,4,46,82,457957045534978048,3,12511,Will,Howard,PIT,QB,Active,0
1188461140190814208,NCAA SEC,1188461140190814209,4,47,83,508516852143693824,2,12523,Jimmy,Horn,CAR,WR,Active,0
1188461140190814208,NCAA SEC,1188461140190814209,4,48,84,441458152391569408,1,12455,Brashard,Smith,KC,RB,Active,0
1187162832969211904,NCAA BIG 10,1187162832969211905,1,1,1,471056290550902784,11,12527,Ashton,Jeanty,LV,RB,Active,0
1187162832969211904,NCAA BIG 10,1187162832969211905,1,2,2,385118789936812032,5,12507,Omarion,Hampton,LAC,RB,Active,0
1187162832969211904,NCAA BIG 10,1187162832969211905,1,3,3,437465313911500800,3,12530,Travis,Hunter,JAX,WR,Active,0
1187162832969211904,NCAA BIG 10,1187162832969211905,1,4,4,572115807636807680,4,12481,Cam,Skattebo,NYG,RB,Active,0
1187162832969211904,NCAA BIG 10,1187162832969211905,1,5,5,471056290550902784,11,12526,Tetairoa,McMillan,CAR,WR,Active,0
1187162832969211904,NCAA BIG 10,1187162832969211905,1,6,6,459225788735025152,10,12512,Quinshon,Judkins,CLE,RB,Active,0
1187162832969211904,NCAA BIG 10,1187162832969211905,1,7,7,460511267564548096,6,12529,TreVeyon,Henderson,NE,RB,Active,0
1187162832969211904,NCAA BIG 10,1187162832969211905,1,8,8,438178170542223360,2,12517,Colston,Loveland,CHI,TE,Active,0
1187162832969211904,NCAA BIG 10,1187162832969211905,1,9,9,443870183853912064,12,12489,RJ,Harvey,DEN,RB,Active,0
1187162832969211904,NCAA BIG 10,1187162832969211905,1,10,10,471056290550902784,11,12504,Kaleb,Johnson,PIT,RB,Active,0
1187162832969211904,NCAA BIG 10,1187162832969211905,1,11,11,459225788735025152,10,12518,Tyler,Warren,IND,TE,Active,0
1187162832969211904,NCAA BIG 10,1187162832969211905,1,12,12,459225788735025152,10,12519,Luther,Burden,CHI,WR,Active,0
1187162832969211904,NCAA BIG 10,1187162832969211905,2,13,25,1224029555879055360,8,12514,Emeka,Egbuka,TB,WR,Active,0
1187162832969211904,NCAA BIG 10,1187162832969211905,2,14,26,438178170542223360,2,12501,Matthew,Golden,GB,WR,Active,0
1187162832969211904,NCAA BIG 10,1187162832969211905,2,15,27,437465313911500800,3,12522,Cameron,Ward,TEN,QB,Active,0
1187162832969211904,NCAA BIG 10,1187162832969211905,2,16,28,572115807636807680,4,12484,Jayden,Higgins,HOU,WR,Active,0
1187162832969211904,NCAA BIG 10,1187162832969211905,2,17,29,460511267564548096,6,12483,Jack,Bech,LV,WR,Active,0
1187162832969211904,NCAA BIG 10,1187162832969211905,2,18,30,459225788735025152,10,12509,Tre,Harris,LAC,WR,Active,0
1187162832969211904,NCAA BIG 10,1187162832969211905,2,19,31,443870183853912064,12,12536,Jaylin,Noel,HOU,WR,Active,0
1187162832969211904,NCAA BIG 10,1187162832969211905,2,20,32,459225788735025152,10,12476,Devin,Neal,NO,RB,Active,0
1187162832969211904,NCAA BIG 10,1187162832969211905,2,21,33,443870183853912064,12,12487,Terrance,Ferguson,LAR,TE,Active,0
1187162832969211904,NCAA BIG 10,1187162832969211905,2,22,34,385118789936812032,5,12490,Bhayshul,Tuten,JAX,RB,Active,0
1187162832969211904,NCAA BIG 10,1187162832969211905,2,23,35,471056290550902784,11,12469,Dylan,Sampson,CLE,RB,Active,0
1187162832969211904,NCAA BIG 10,1187162832969211905,2,24,36,471056290550902784,11,12457,Jaydon,Blue,DAL,RB,Active,0
1187162832969211904,NCAA BIG 10,1187162832969211905,3,25,49,1224029555879055360,8,12521,Elijah,Arroyo,SEA,TE,Active,0
1187162832969211904,NCAA BIG 10,1187162832969211905,3,26,50,438178170542223360,2,12547,Kyle,Williams,NE,WR,Active,0
1187162832969211904,NCAA BIG 10,1187162832969211905,3,27,51,437465313911500800,3,12499,Elic,Ayomanor,TEN,WR,Active,0
1187162832969211904,NCAA BIG 10,1187162832969211905,3,28,52,572115807636807680,4,12474,Woody,Marks,HOU,RB,Active,0
1187162832969211904,NCAA BIG 10,1187162832969211905,3,29,53,443870183853912064,12,12467,Jordan,James,SF,RB,Active,0
1187162832969211904,NCAA BIG 10,1187162832969211905,3,30,54,459225788735025152,10,12520,Xavier,Restrepo,TEN,WR,Active,0
1187162832969211904,NCAA BIG 10,1187162832969211905,3,31,55,471056290550902784,11,12506,Harold,Fannin,CLE,TE,Active,0
1187162832969211904,NCAA BIG 10,1187162832969211905,3,32,56,438178170542223360,2,12545,Tyler,Shough,NO,QB,Active,0
1187162832969211904,NCAA BIG 10,1187162832969211905,3,33,57,385118789936812032,5,12531,Trevor,Etienne,CAR,RB,Active,0
1187162832969211904,NCAA BIG 10,1187162832969211905,3,34,58,385118789936812032,5,12510,Jalen,Milroe,SEA,QB,Active,0
1187162832969211904,NCAA BIG 10,1187162832969211905,3,35,59,471056290550902784,11,12495,Ollie,Gordon,MIA,RB,Active,0
1187162832969211904,NCAA BIG 10,1187162832969211905,3,36,60,559208653427675136,9,12482,Savion,Williams,GB,WR,Active,0
1187162832969211904,NCAA BIG 10,1187162832969211905,4,37,73,1224029555879055360,8,12524,Shedeur,Sanders,CLE,QB,Active,0
1187162832969211904,NCAA BIG 10,1187162832969211905,4,38,74,438178170542223360,2,11569,Jarquez,Hunter,LAR,RB,Active,0
1187162832969211904,NCAA BIG 10,1187162832969211905,4,39,75,437465313911500800,3,12497,Tory,Horton,SEA,WR,Active,0
1187162832969211904,NCAA BIG 10,1187162832969211905,4,40,76,572115807636807680,4,12502,Gunnar,Helm,TEN,TE,Active,0
1187162832969211904,NCAA BIG 10,1187162832969211905,4,41,77,460518714907815936,7,12496,Tai,Felton,MIN,WR,Active,0
1187162832969211904,NCAA BIG 10,1187162832969211905,4,42,78,459225788735025152,10,12492,Pat,Bryant,DEN,WR,Active,0
1187162832969211904,NCAA BIG 10,1187162832969211905,4,43,79,437465313911500800,3,12534,Kyle,Monangai,CHI,RB,Active,0
1187162832969211904,NCAA BIG 10,1187162832969211905,4,44,80,460518714907815936,7,12541,Dont'e,Thornton,LV,WR,Active,0
1187162832969211904,NCAA BIG 10,1187162832969211905,4,45,81,443870183853912064,12,12455,Brashard,Smith,KC,RB,Active,0
1187162832969211904,NCAA BIG 10,1187162832969211905,4,46,82,460518714907815936,7,12500,Quinn,Ewers,MIA,QB,Active,0
1187162832969211904,NCAA BIG 10,1187162832969211905,4,47,83,437465313911500800,3,12511,Will,Howard,PIT,QB,Active,0
1187162832969211904,NCAA BIG 10,1187162832969211905,4,48,84,559208653427675136,9,12485,Tez,Johnson,TB,WR,Active,0
1183984327853932544,NCAA BIG EAST & CO.,1183984327853932545,1,1,1,1171256102760251392,2,12527,Ashton,Jeanty,LV,RB,Active,0
1183984327853932544,NCAA BIG EAST & CO.,1183984327853932545,1,2,2,456182244336201728,11,12507,Omarion,Hampton,LAC,RB,Active,0
1183984327853932544,NCAA BIG EAST & CO.,1183984327853932545,1,3,3,836025225756934144,5,12526,Tetairoa,McMillan,CAR,WR,Active,0
1183984327853932544,NCAA BIG EAST & CO.,1183984327853932545,1,4,4,718415247781732352,3,12530,Travis,Hunter,JAX,WR,Active,0
1183984327853932544,NCAA BIG EAST & CO.,1183984327853932545,1,5,5,1087519270663258112,1,12529,TreVeyon,Henderson,NE,RB,Active,0
1183984327853932544,NCAA BIG EAST & CO.,1183984327853932545,1,6,6,443323427143544832,6,12512,Quinshon,Judkins,CLE,RB,Active,0
1183984327853932544,NCAA BIG EAST & CO.,1183984327853932545,1,7,7,456167283761344512,8,12504,Kaleb,Johnson,PIT,RB,Active,0
1183984327853932544,NCAA BIG EAST & CO.,1183984327853932545,1,8,8,456167283761344512,8,12518,Tyler,Warren,IND,TE,Active,0
1183984327853932544,NCAA BIG EAST & CO.,1183984327853932545,1,9,9,64174089933570048,12,12514,Emeka,Egbuka,TB,WR,Active,0
1183984327853932544,NCAA BIG EAST & CO.,1183984327853932545,1,10,10,64174089933570048,12,12489,RJ,Harvey,DEN,RB,Active,0
1183984327853932544,NCAA BIG EAST & CO.,1183984327853932545,1,11,11,456167283761344512,8,12501,Matthew,Golden,GB,WR,Active,0
1183984327853932544,NCAA BIG EAST & CO.,1183984327853932545,1,12,12,802480422482206720,9,12481,Cam,Skattebo,NYG,RB,Active,0
1183984327853932544,NCAA BIG EAST & CO.,1183984327853932545,2,13,25,1171256102760251392,2,12517,Colston,Loveland,CHI,TE,Active,0
1183984327853932544,NCAA BIG EAST & CO.,1183984327853932545,2,14,26,456182244336201728,11,12519,Luther,Burden,CHI,WR,Active,0
1183984327853932544,NCAA BIG EAST & CO.,1183984327853932545,2,15,27,456159345906806784,7,12484,Jayden,Higgins,HOU,WR,Active,0
1183984327853932544,NCAA BIG EAST & CO.,1183984327853932545,2,16,28,718415247781732352,3,12498,Mason,Taylor,NYJ,TE,Active,0
1183984327853932544,NCAA BIG EAST & CO.,1183984327853932545,2,17,29,1087519270663258112,1,12509,Tre,Harris,LAC,WR,Active,0
1183984327853932544,NCAA BIG EAST & CO.,1183984327853932545,2,18,30,802480422482206720,10,12522,Cameron,Ward,TEN,QB,Active,0
1183984327853932544,NCAA BIG EAST & CO.,1183984327853932545,2,19,31,1087519270663258112,1,12483,Jack,Bech,LV,WR,Active,0
1183984327853932544,NCAA BIG EAST & CO.,1183984327853932545,2,20,32,456129190995947520,4,12547,Kyle,Williams,NE,WR,Active,0
1183984327853932544,NCAA BIG EAST & CO.,1183984327853932545,2,21,33,836025225756934144,5,12536,Jaylin,Noel,HOU,WR,Active,0
1183984327853932544,NCAA BIG EAST & CO.,1183984327853932545,2,22,34,64174089933570048,12,12505,Jalen,Royals,KC,WR,Active,0
1183984327853932544,NCAA BIG EAST & CO.,1183984327853932545,2,23,35,456159345906806784,7,12508,Jaxson,Dart,NYG,QB,Active,0
1183984327853932544,NCAA BIG EAST & CO.,1183984327853932545,2,24,36,802480422482206720,9,12521,Elijah,Arroyo,SEA,TE,Active,0
1183984327853932544,NCAA BIG EAST & CO.,1183984327853932545,3,25,49,1171256102760251392,2,12510,Jalen,Milroe,SEA,QB,Active,0
1183984327853932544,NCAA BIG EAST & CO.,1183984327853932545,3,26,50,456182244336201728,11,12487,Terrance,Ferguson,LAR,TE,Active,0
1183984327853932544,NCAA BIG EAST & CO.,1183984327853932545,3,27,51,,10,12506,Harold,Fannin,CLE,TE,Active,0
1183984327853932544,NCAA BIG EAST & CO.,1183984327853932545,3,28,52,718415247781732352,3,12469,Dylan,Sampson,CLE,RB,Active,0
1183984327853932544,NCAA BIG EAST & CO.,1183984327853932545,3,29,53,1087519270663258112,1,12471,DJ,Giddens,IND,RB,Active,0
1183984327853932544,NCAA BIG EAST & CO.,1183984327853932545,3,30,54,802480422482206720,9,12478,Nick,Nash,ATL,WR,Active,0
1183984327853932544,NCAA BIG EAST & CO.,1183984327853932545,3,31,55,456167283761344512,8,12467,Jordan,James,SF,RB,Active,0
1183984327853932544,NCAA BIG EAST & CO.,1183984327853932545,3,32,56,456129190995947520,4,12457,Jaydon,Blue,DAL,RB,Active,0
1183984327853932544,NCAA BIG EAST & CO.,1183984327853932545,3,33,57,836025225756934144,10,12495,Ollie,Gordon,MIA,RB,Active,0
1183984327853932544,NCAA BIG EAST & CO.,1183984327853932545,3,34,58,64174089933570048,12,12474,Woody,Marks,HOU,RB,Active,0
1183984327853932544,NCAA BIG EAST & CO.,1183984327853932545,3,35,59,718415247781732352,3,12531,Trevor,Etienne,CAR,RB,Active,0
1183984327853932544,NCAA BIG EAST & CO.,1183984327853932545,3,36,60,64174089933570048,12,12535,Isaac,TeSlaa,DET,WR,Active,0
1183984327853932544,NCAA BIG EAST & CO.,1183984327853932545,4,37,73,1171256102760251392,2,12499,Elic,Ayomanor,TEN,WR,Active,0
1183984327853932544,NCAA BIG EAST & CO.,1183984327853932545,4,38,74,456182244336201728,11,12500,Quinn,Ewers,MIA,QB,Active,0
1183984327853932544,NCAA BIG EAST & CO.,1183984327853932545,4,39,75,836025225756934144,5,12497,Tory,Horton,SEA,WR,Active,0
1183984327853932544,NCAA BIG EAST & CO.,1183984327853932545,4,40,76,718415247781732352,3,12511,Will,Howard,PIT,QB,Active,0
1183984327853932544,NCAA BIG EAST & CO.,1183984327853932545,4,41,77,1087519270663258112,10,12455,Brashard,Smith,KC,RB,Active,0
1183984327853932544,NCAA BIG EAST & CO.,1183984327853932545,4,42,78,802480422482206720,9,12502,Gunnar,Helm,TEN,TE,Active,0
1183984327853932544,NCAA BIG EAST & CO.,1183984327853932545,4,43,79,456167283761344512,10,12493,Oronde,Gadsden,LAC,TE,Active,0
1183984327853932544,NCAA BIG EAST & CO.,1183984327853932545,4,44,80,456129190995947520,4,11569,Jarquez,Hunter,LAR,RB,Active,0
1183984327853932544,NCAA BIG EAST & CO.,1183984327853932545,4,45,81,836025225756934144,5,12534,Kyle,Monangai,CHI,RB,Active,0
1183984327853932544,NCAA BIG EAST & CO.,1183984327853932545,4,46,82,64174089933570048,12,12524,Shedeur,Sanders,CLE,QB,Active,0
1183984327853932544,NCAA BIG EAST & CO.,1183984327853932545,4,47,83,456159345906806784,10,12482,Savion,Williams,GB,WR,Active,0
1183984327853932544,NCAA BIG EAST & CO.,1183984327853932545,4,48,84,802480422482206720,9,12545,Tyler,Shough,NO,QB,Active,0
