Year,LeagueID,LeagueName,Week,RosterID,OwnerID,OwnerName,OpponentRosterID,OpponentName,PointsFor,PointsAgainst,Outcome,IsRegularSeason,StarterPoints,BenchPoints
2026,1331775206619885568,NCAA BIG EAST & CO.,1,1,1087519270663258112,sblau24,2,hurlken,123.0,93.14,Win,True,123.0,0.0
2026,1331775206619885568,NCAA BIG EAST & CO.,1,2,1171256102760251392,hurlken,1,sblau24,93.14,123.0,Loss,True,93.14,0.0
2026,1331775206619885568,NCAA BIG EAST & CO.,1,3,718415247781732352,averagedude23,9,JEANTY,149.56,157.6,Loss,True,149.56,0.0
2026,1331775206619885568,NCAA BIG EAST & CO.,1,9,802480422482206720,JEANTY,3,averagedude23,157.6,149.56,Win,True,157.6,0.0
2026,1331775206619885568,NCAA BIG EAST & CO.,1,4,456129190995947520,vinceA762,6,joonbug,160.32,108.96,Win,True,160.32,-0.0
2026,1331775206619885568,NCAA BIG EAST & CO.,1,6,443323427143544832,joonbug,4,vinceA762,108.96,160.32,Loss,True,108.96,-0.0
2026,1331775206619885568,NCAA BIG EAST & CO.,1,5,836025225756934144,NastyS8ntChance,8,Claser,121.48,128.7,Loss,True,121.48,0.0
2026,1331775206619885568,NCAA BIG EAST & CO.,1,8,456167283761344512,Claser,5,NastyS8ntChance,128.7,121.48,Win,True,128.7,0.0
2026,1331775206619885568,NCAA BIG EAST & CO.,1,7,456159345906806784,CodeKhaos,11,Ianiners,187.8,114.16,Win,True,187.8,0.0
2026,1331775206619885568,NCAA BIG EAST & CO.,1,11,456182244336201728,Ianiners,7,CodeKhaos,114.16,187.8,Loss,True,114.16,0.0
2026,1331775206619885568,NCAA BIG EAST & CO.,1,10,1336086766108549120,MacATac,12,ryno,134.76,131.36,Win,True,134.76,0.0
2026,1331775206619885568,NCAA BIG EAST & CO.,1,12,64174089933570048,ryno,10,MacATac,131.36,134.76,Loss,True,131.36,0.0
2026,1331775206619885568,NCAA BIG EAST & CO.,2,1,1087519270663258112,sblau24,11,Ianiners,99.88,131.78,Loss,True,99.88,0.0
2026,1331775206619885568,NCAA BIG EAST & CO.,2,11,456182244336201728,Ianiners,1,sblau24,131.78,99.88,Win,True,131.78,-0.0
2026,1331775206619885568,NCAA BIG EAST & CO.,2,2,1171256102760251392,hurlken,8,Claser,58.48,132.06,Loss,True,58.48,0.0
2026,1331775206619885568,NCAA BIG EAST & CO.,2,8,456167283761344512,Claser,2,hurlken,132.06,58.48,Win,True,132.06,0.0
2026,1331775206619885568,NCAA BIG EAST & CO.,2,3,718415247781732352,averagedude23,12,ryno,132.84,152.22,Loss,True,132.84,0.0
2026,1331775206619885568,NCAA BIG EAST & CO.,2,12,64174089933570048,ryno,3,averagedude23,152.22,132.84,Win,True,152.22,0.0
2026,1331775206619885568,NCAA BIG EAST & CO.,2,4,456129190995947520,vinceA762,9,JEANTY,137.08,117.08,Win,True,137.08,0.0
2026,1331775206619885568,NCAA BIG EAST & CO.,2,9,802480422482206720,JEANTY,4,vinceA762,117.08,137.08,Loss,True,117.08,0.0
2026,1331775206619885568,NCAA BIG EAST & CO.,2,5,836025225756934144,NastyS8ntChance,7,CodeKhaos,118.1,109.3,Win,True,118.1,-0.0
2026,1331775206619885568,NCAA BIG EAST & CO.,2,7,456159345906806784,CodeKhaos,5,NastyS8ntChance,109.3,118.1,Loss,True,109.3,0.0
2026,1331775206619885568,NCAA BIG EAST & CO.,2,6,443323427143544832,joonbug,10,MacATac,148.98,113.52,Win,True,148.98,0.0
2026,1331775206619885568,NCAA BIG EAST & CO.,2,10,1336086766108549120,MacATac,6,joonbug,113.52,148.98,Loss,True,113.52,-0.0
2026,1331775206619885568,NCAA BIG EAST & CO.,3,1,1087519270663258112,sblau24,8,Claser,142.02,156.88,Loss,True,142.02,0.0
2026,1331775206619885568,NCAA BIG EAST & CO.,3,8,456167283761344512,Claser,1,sblau24,156.88,142.02,Win,True,156.88,-0.0
2026,1331775206619885568,NCAA BIG EAST & CO.,3,2,1171256102760251392,hurlken,7,CodeKhaos,64.14,177.74,Loss,True,64.14,-0.0
2026,1331775206619885568,NCAA BIG EAST & CO.,3,7,456159345906806784,CodeKhaos,2,hurlken,177.74,64.14,Win,True,177.74,0.0
2026,1331775206619885568,NCAA BIG EAST & CO.,3,3,718415247781732352,averagedude23,10,MacATac,121.1,111.3,Win,True,121.1,0.0
2026,1331775206619885568,NCAA BIG EAST & CO.,3,10,1336086766108549120,MacATac,3,averagedude23,111.3,121.1,Loss,True,111.3,-0.0
2026,1331775206619885568,NCAA BIG EAST & CO.,3,4,456129190995947520,vinceA762,12,ryno,133.92,110.96,Win,True,133.92,0.0
2026,1331775206619885568,NCAA BIG EAST & CO.,3,12,64174089933570048,ryno,4,vinceA762,110.96,133.92,Loss,True,110.96,0.0
2026,1331775206619885568,NCAA BIG EAST & CO.,3,5,836025225756934144,NastyS8ntChance,11,Ianiners,116.18,127.34,Loss,True,116.18,-0.0
2026,1331775206619885568,NCAA BIG EAST & CO.,3,11,456182244336201728,Ianiners,5,NastyS8ntChance,127.34,116.18,Win,True,127.34,0.0
2026,1331775206619885568,NCAA BIG EAST & CO.,3,6,443323427143544832,joonbug,9,JEANTY,161.98,135.9,Win,True,161.98,-0.0
2026,1331775206619885568,NCAA BIG EAST & CO.,3,9,802480422482206720,JEANTY,6,joonbug,135.9,161.98,Loss,True,135.9,0.0
2026,1331775206619885568,NCAA BIG EAST & CO.,4,1,1087519270663258112,sblau24,5,NastyS8ntChance,24.0,0.0,Win,True,24.0,0.0
2026,1331775206619885568,NCAA BIG EAST & CO.,4,5,836025225756934144,NastyS8ntChance,1,sblau24,0.0,24.0,Loss,True,0.0,0.0
2026,1331775206619885568,NCAA BIG EAST & CO.,4,2,1171256102760251392,hurlken,11,Ianiners,5.1,16.5,Loss,True,5.1,0.0
2026,1331775206619885568,NCAA BIG EAST & CO.,4,11,456182244336201728,Ianiners,2,hurlken,16.5,5.1,Win,True,16.5,0.0
2026,1331775206619885568,NCAA BIG EAST & CO.,4,3,718415247781732352,averagedude23,6,joonbug,0.0,55.0,Loss,True,0.0,0.0
2026,1331775206619885568,NCAA BIG EAST & CO.,4,6,443323427143544832,joonbug,3,averagedude23,55.0,0.0,Win,True,55.0,0.0
2026,1331775206619885568,NCAA BIG EAST & CO.,4,4,456129190995947520,vinceA762,10,MacATac,7.0,11.7,Loss,True,7.0,0.0
2026,1331775206619885568,NCAA BIG EAST & CO.,4,10,1336086766108549120,MacATac,4,vinceA762,11.7,7.0,Win,True,11.7,0.0
2026,1331775206619885568,NCAA BIG EAST & CO.,4,7,456159345906806784,CodeKhaos,8,Claser,0.0,9.1,Loss,True,0.0,0.0
2026,1331775206619885568,NCAA BIG EAST & CO.,4,8,456167283761344512,Claser,7,CodeKhaos,9.1,0.0,Win,True,9.1,0.0
2026,1331775206619885568,NCAA BIG EAST & CO.,4,9,802480422482206720,JEANTY,12,ryno,0.0,33.1,Loss,True,0.0,0.0
2026,1331775206619885568,NCAA BIG EAST & CO.,4,12,64174089933570048,ryno,9,JEANTY,33.1,0.0,Win,True,33.1,0.0
2026,1331775206619885568,NCAA BIG EAST & CO.,5,1,1087519270663258112,sblau24,7,CodeKhaos,0.0,0.0,,True,0.0,0.0
2026,1331775206619885568,NCAA BIG EAST & CO.,5,7,456159345906806784,CodeKhaos,1,sblau24,0.0,0.0,,True,0.0,0.0
2026,1331775206619885568,NCAA BIG EAST & CO.,5,2,1171256102760251392,hurlken,5,NastyS8ntChance,0.0,0.0,,True,0.0,0.0
2026,1331775206619885568,NCAA BIG EAST & CO.,5,5,836025225756934144,NastyS8ntChance,2,hurlken,0.0,0.0,,True,0.0,0.0
2026,1331775206619885568,NCAA BIG EAST & CO.,5,3,718415247781732352,averagedude23,4,vinceA762,0.0,0.0,,True,0.0,0.0
2026,1331775206619885568,NCAA BIG EAST & CO.,5,4,456129190995947520,vinceA762,3,averagedude23,0.0,0.0,,True,0.0,0.0
2026,1331775206619885568,NCAA BIG EAST & CO.,5,6,443323427143544832,joonbug,12,ryno,0.0,0.0,,True,0.0,0.0
2026,1331775206619885568,NCAA BIG EAST & CO.,5,12,64174089933570048,ryno,6,joonbug,0.0,0.0,,True,0.0,0.0
2026,1331775206619885568,NCAA BIG EAST & CO.,5,8,456167283761344512,Claser,11,Ianiners,0.0,0.0,,True,0.0,0.0
2026,1331775206619885568,NCAA BIG EAST & CO.,5,11,456182244336201728,Ianiners,8,Claser,0.0,0.0,,True,0.0,0.0
2026,1331775206619885568,NCAA BIG EAST & CO.,5,9,802480422482206720,JEANTY,10,MacATac,0.0,0.0,,True,0.0,0.0
2026,1331775206619885568,NCAA BIG EAST & CO.,5,10,1336086766108549120,MacATac,9,JEANTY,0.0,0.0,,True,0.0,0.0
2026,1331775206619885568,NCAA BIG EAST & CO.,6,1,1087519270663258112,sblau24,6,joonbug,0.0,0.0,,True,0.0,0.0
2026,1331775206619885568,NCAA BIG EAST & CO.,6,6,443323427143544832,joonbug,1,sblau24,0.0,0.0,,True,0.0,0.0
2026,1331775206619885568,NCAA BIG EAST & CO.,6,2,1171256102760251392,hurlken,4,vinceA762,0.0,0.0,,True,0.0,0.0
2026,1331775206619885568,NCAA BIG EAST & CO.,6,4,456129190995947520,vinceA762,2,hurlken,0.0,0.0,,True,0.0,0.0
2026,1331775206619885568,NCAA BIG EAST & CO.,6,3,718415247781732352,averagedude23,5,NastyS8ntChance,0.0,0.0,,True,0.0,0.0
2026,1331775206619885568,NCAA BIG EAST & CO.,6,5,836025225756934144,NastyS8ntChance,3,averagedude23,0.0,0.0,,True,0.0,0.0
2026,1331775206619885568,NCAA BIG EAST & CO.,6,7,456159345906806784,CodeKhaos,12,ryno,0.0,0.0,,True,0.0,0.0
2026,1331775206619885568,NCAA BIG EAST & CO.,6,12,64174089933570048,ryno,7,CodeKhaos,0.0,0.0,,True,0.0,0.0
2026,1331775206619885568,NCAA BIG EAST & CO.,6,8,456167283761344512,Claser,9,JEANTY,0.0,0.0,,True,0.0,0.0
2026,1331775206619885568,NCAA BIG EAST & CO.,6,9,802480422482206720,JEANTY,8,Claser,0.0,0.0,,True,0.0,0.0
2026,1331775206619885568,NCAA BIG EAST & CO.,6,10,1336086766108549120,MacATac,11,Ianiners,0.0,0.0,,True,0.0,0.0
2026,1331775206619885568,NCAA BIG EAST & CO.,6,11,456182244336201728,Ianiners,10,MacATac,0.0,0.0,,True,0.0,0.0
2026,1331775206619885568,NCAA BIG EAST & CO.,7,1,1087519270663258112,sblau24,4,vinceA762,0.0,0.0,,True,0.0,0.0
2026,1331775206619885568,NCAA BIG EAST & CO.,7,4,456129190995947520,vinceA762,1,sblau24,0.0,0.0,,True,0.0,0.0
2026,1331775206619885568,NCAA BIG EAST & CO.,7,2,1171256102760251392,hurlken,6,joonbug,0.0,0.0,,True,0.0,0.0
2026,1331775206619885568,NCAA BIG EAST & CO.,7,6,443323427143544832,joonbug,2,hurlken,0.0,0.0,,True,0.0,0.0
2026,1331775206619885568,NCAA BIG EAST & CO.,7,3,718415247781732352,averagedude23,8,Claser,0.0,0.0,,True,0.0,0.0
2026,1331775206619885568,NCAA BIG EAST & CO.,7,8,456167283761344512,Claser,3,averagedude23,0.0,0.0,,True,0.0,0.0
2026,1331775206619885568,NCAA BIG EAST & CO.,7,5,836025225756934144,NastyS8ntChance,9,JEANTY,0.0,0.0,,True,0.0,0.0
2026,1331775206619885568,NCAA BIG EAST & CO.,7,9,802480422482206720,JEANTY,5,NastyS8ntChance,0.0,0.0,,True,0.0,0.0
2026,1331775206619885568,NCAA BIG EAST & CO.,7,7,456159345906806784,CodeKhaos,10,MacATac,0.0,0.0,,True,0.0,0.0
2026,1331775206619885568,NCAA BIG EAST & CO.,7,10,1336086766108549120,MacATac,7,CodeKhaos,0.0,0.0,,True,0.0,0.0
2026,1331775206619885568,NCAA BIG EAST & CO.,7,11,456182244336201728,Ianiners,12,ryno,0.0,0.0,,True,0.0,0.0
2026,1331775206619885568,NCAA BIG EAST & CO.,7,12,64174089933570048,ryno,11,Ianiners,0.0,0.0,,True,0.0,0.0
2026,1331775206619885568,NCAA BIG EAST & CO.,8,1,1087519270663258112,sblau24,10,MacATac,0.0,0.0,,True,0.0,0.0
2026,1331775206619885568,NCAA BIG EAST & CO.,8,10,1336086766108549120,MacATac,1,sblau24,0.0,0.0,,True,0.0,0.0
2026,1331775206619885568,NCAA BIG EAST & CO.,8,2,1171256102760251392,hurlken,12,ryno,0.0,0.0,,True,0.0,0.0
2026,1331775206619885568,NCAA BIG EAST & CO.,8,12,64174089933570048,ryno,2,hurlken,0.0,0.0,,True,0.0,0.0
2026,1331775206619885568,NCAA BIG EAST & CO.,8,3,718415247781732352,averagedude23,11,Ianiners,0.0,0.0,,True,0.0,0.0
2026,1331775206619885568,NCAA BIG EAST & CO.,8,11,456182244336201728,Ianiners,3,averagedude23,0.0,0.0,,True,0.0,0.0
2026,1331775206619885568,NCAA BIG EAST & CO.,8,4,456129190995947520,vinceA762,8,Claser,0.0,0.0,,True,0.0,0.0
2026,1331775206619885568,NCAA BIG EAST & CO.,8,8,456167283761344512,Claser,4,vinceA762,0.0,0.0,,True,0.0,0.0
2026,1331775206619885568,NCAA BIG EAST & CO.,8,5,836025225756934144,NastyS8ntChance,6,joonbug,0.0,0.0,,True,0.0,0.0
2026,1331775206619885568,NCAA BIG EAST & CO.,8,6,443323427143544832,joonbug,5,NastyS8ntChance,0.0,0.0,,True,0.0,0.0
2026,1331775206619885568,NCAA BIG EAST & CO.,8,7,456159345906806784,CodeKhaos,9,JEANTY,0.0,0.0,,True,0.0,0.0
2026,1331775206619885568,NCAA BIG EAST & CO.,8,9,802480422482206720,JEANTY,7,CodeKhaos,0.0,0.0,,True,0.0,0.0
2026,1331775206619885568,NCAA BIG EAST & CO.,9,1,1087519270663258112,sblau24,12,ryno,0.0,0.0,,True,0.0,0.0
2026,1331775206619885568,NCAA BIG EAST & CO.,9,12,64174089933570048,ryno,1,sblau24,0.0,0.0,,True,0.0,0.0
2026,1331775206619885568,NCAA BIG EAST & CO.,9,2,1171256102760251392,hurlken,10,MacATac,0.0,0.0,,True,0.0,0.0
2026,1331775206619885568,NCAA BIG EAST & CO.,9,10,1336086766108549120,MacATac,2,hurlken,0.0,0.0,,True,0.0,0.0
2026,1331775206619885568,NCAA BIG EAST & CO.,9,3,718415247781732352,averagedude23,7,CodeKhaos,0.0,0.0,,True,0.0,0.0
2026,1331775206619885568,NCAA BIG EAST & CO.,9,7,456159345906806784,CodeKhaos,3,averagedude23,0.0,0.0,,True,0.0,0.0
2026,1331775206619885568,NCAA BIG EAST & CO.,9,4,456129190995947520,vinceA762,5,NastyS8ntChance,0.0,0.0,,True,0.0,0.0
2026,1331775206619885568,NCAA BIG EAST & CO.,9,5,836025225756934144,NastyS8ntChance,4,vinceA762,0.0,0.0,,True,0.0,0.0
2026,1331775206619885568,NCAA BIG EAST & CO.,9,6,443323427143544832,joonbug,8,Claser,0.0,0.0,,True,0.0,0.0
2026,1331775206619885568,NCAA BIG EAST & CO.,9,8,456167283761344512,Claser,6,joonbug,0.0,0.0,,True,0.0,0.0
2026,1331775206619885568,NCAA BIG EAST & CO.,9,9,802480422482206720,JEANTY,11,Ianiners,0.0,0.0,,True,0.0,0.0
2026,1331775206619885568,NCAA BIG EAST & CO.,9,11,456182244336201728,Ianiners,9,JEANTY,0.0,0.0,,True,0.0,0.0
2026,1331775206619885568,NCAA BIG EAST & CO.,10,1,1087519270663258112,sblau24,3,averagedude23,0.0,0.0,,True,0.0,0.0
2026,1331775206619885568,NCAA BIG EAST & CO.,10,3,718415247781732352,averagedude23,1,sblau24,0.0,0.0,,True,0.0,0.0
2026,1331775206619885568,NCAA BIG EAST & CO.,10,2,1171256102760251392,hurlken,9,JEANTY,0.0,0.0,,True,0.0,0.0
2026,1331775206619885568,NCAA BIG EAST & CO.,10,9,802480422482206720,JEANTY,2,hurlken,0.0,0.0,,True,0.0,0.0
2026,1331775206619885568,NCAA BIG EAST & CO.,10,4,456129190995947520,vinceA762,7,CodeKhaos,0.0,0.0,,True,0.0,0.0
2026,1331775206619885568,NCAA BIG EAST & CO.,10,7,456159345906806784,CodeKhaos,4,vinceA762,0.0,0.0,,True,0.0,0.0
2026,1331775206619885568,NCAA BIG EAST & CO.,10,5,836025225756934144,NastyS8ntChance,10,MacATac,0.0,0.0,,True,0.0,0.0
2026,1331775206619885568,NCAA BIG EAST & CO.,10,10,1336086766108549120,MacATac,5,NastyS8ntChance,0.0,0.0,,True,0.0,0.0
2026,1331775206619885568,NCAA BIG EAST & CO.,10,6,443323427143544832,joonbug,11,Ianiners,0.0,0.0,,True,0.0,0.0
2026,1331775206619885568,NCAA BIG EAST & CO.,10,11,456182244336201728,Ianiners,6,joonbug,0.0,0.0,,True,0.0,0.0
2026,1331775206619885568,NCAA BIG EAST & CO.,10,8,456167283761344512,Claser,12,ryno,0.0,0.0,,True,0.0,0.0
2026,1331775206619885568,NCAA BIG EAST & CO.,10,12,64174089933570048,ryno,8,Claser,0.0,0.0,,True,0.0,0.0
2026,1331775206619885568,NCAA BIG EAST & CO.,11,1,1087519270663258112,sblau24,9,JEANTY,0.0,0.0,,True,0.0,0.0
2026,1331775206619885568,NCAA BIG EAST & CO.,11,9,802480422482206720,JEANTY,1,sblau24,0.0,0.0,,True,0.0,0.0
2026,1331775206619885568,NCAA BIG EAST & CO.,11,2,1171256102760251392,hurlken,3,averagedude23,0.0,0.0,,True,0.0,0.0
2026,1331775206619885568,NCAA BIG EAST & CO.,11,3,718415247781732352,averagedude23,2,hurlken,0.0,0.0,,True,0.0,0.0
2026,1331775206619885568,NCAA BIG EAST & CO.,11,4,456129190995947520,vinceA762,11,Ianiners,0.0,0.0,,True,0.0,0.0
2026,1331775206619885568,NCAA BIG EAST & CO.,11,11,456182244336201728,Ianiners,4,vinceA762,0.0,0.0,,True,0.0,0.0
2026,1331775206619885568,NCAA BIG EAST & CO.,11,5,836025225756934144,NastyS8ntChance,12,ryno,0.0,0.0,,True,0.0,0.0
2026,1331775206619885568,NCAA BIG EAST & CO.,11,12,64174089933570048,ryno,5,NastyS8ntChance,0.0,0.0,,True,0.0,0.0
2026,1331775206619885568,NCAA BIG EAST & CO.,11,6,443323427143544832,joonbug,7,CodeKhaos,0.0,0.0,,True,0.0,0.0
2026,1331775206619885568,NCAA BIG EAST & CO.,11,7,456159345906806784,CodeKhaos,6,joonbug,0.0,0.0,,True,0.0,0.0
2026,1331775206619885568,NCAA BIG EAST & CO.,11,8,456167283761344512,Claser,10,MacATac,0.0,0.0,,True,0.0,0.0
2026,1331775206619885568,NCAA BIG EAST & CO.,11,10,1336086766108549120,MacATac,8,Claser,0.0,0.0,,True,0.0,0.0
2026,1331775206619885568,NCAA BIG EAST & CO.,12,1,1087519270663258112,sblau24,2,hurlken,0.0,0.0,,False,0.0,0.0
2026,1331775206619885568,NCAA BIG EAST & CO.,12,2,1171256102760251392,hurlken,1,sblau24,0.0,0.0,,False,0.0,0.0
2026,1331775206619885568,NCAA BIG EAST & CO.,12,3,718415247781732352,averagedude23,9,JEANTY,0.0,0.0,,False,0.0,0.0
2026,1331775206619885568,NCAA BIG EAST & CO.,12,9,802480422482206720,JEANTY,3,averagedude23,0.0,0.0,,False,0.0,0.0
2026,1331775206619885568,NCAA BIG EAST & CO.,12,4,456129190995947520,vinceA762,6,joonbug,0.0,0.0,,False,0.0,0.0
2026,1331775206619885568,NCAA BIG EAST & CO.,12,6,443323427143544832,joonbug,4,vinceA762,0.0,0.0,,False,0.0,0.0
2026,1331775206619885568,NCAA BIG EAST & CO.,12,5,836025225756934144,NastyS8ntChance,8,Claser,0.0,0.0,,False,0.0,0.0
2026,1331775206619885568,NCAA BIG EAST & CO.,12,8,456167283761344512,Claser,5,NastyS8ntChance,0.0,0.0,,False,0.0,0.0
2026,1331775206619885568,NCAA BIG EAST & CO.,12,7,456159345906806784,CodeKhaos,11,Ianiners,0.0,0.0,,False,0.0,0.0
2026,1331775206619885568,NCAA BIG EAST & CO.,12,11,456182244336201728,Ianiners,7,CodeKhaos,0.0,0.0,,False,0.0,0.0
2026,1331775206619885568,NCAA BIG EAST & CO.,12,10,1336086766108549120,MacATac,12,ryno,0.0,0.0,,False,0.0,0.0
2026,1331775206619885568,NCAA BIG EAST & CO.,12,12,64174089933570048,ryno,10,MacATac,0.0,0.0,,False,0.0,0.0
2026,1331775206619885568,NCAA BIG EAST & CO.,13,1,1087519270663258112,sblau24,11,Ianiners,0.0,0.0,,False,0.0,0.0
2026,1331775206619885568,NCAA BIG EAST & CO.,13,11,456182244336201728,Ianiners,1,sblau24,0.0,0.0,,False,0.0,0.0
2026,1331775206619885568,NCAA BIG EAST & CO.,13,2,1171256102760251392,hurlken,8,Claser,0.0,0.0,,False,0.0,0.0
2026,1331775206619885568,NCAA BIG EAST & CO.,13,8,456167283761344512,Claser,2,hurlken,0.0,0.0,,False,0.0,0.0
2026,1331775206619885568,NCAA BIG EAST & CO.,13,3,718415247781732352,averagedude23,12,ryno,0.0,0.0,,False,0.0,0.0
2026,1331775206619885568,NCAA BIG EAST & CO.,13,12,64174089933570048,ryno,3,averagedude23,0.0,0.0,,False,0.0,0.0
2026,1331775206619885568,NCAA BIG EAST & CO.,13,4,456129190995947520,vinceA762,9,JEANTY,0.0,0.0,,False,0.0,0.0
2026,1331775206619885568,NCAA BIG EAST & CO.,13,9,802480422482206720,JEANTY,4,vinceA762,0.0,0.0,,False,0.0,0.0
2026,1331775206619885568,NCAA BIG EAST & CO.,13,5,836025225756934144,NastyS8ntChance,7,CodeKhaos,0.0,0.0,,False,0.0,0.0
2026,1331775206619885568,NCAA BIG EAST & CO.,13,7,456159345906806784,CodeKhaos,5,NastyS8ntChance,0.0,0.0,,False,0.0,0.0
2026,1331775206619885568,NCAA BIG EAST & CO.,13,6,443323427143544832,joonbug,10,MacATac,0.0,0.0,,False,0.0,0.0
2026,1331775206619885568,NCAA BIG EAST & CO.,13,10,1336086766108549120,MacATac,6,joonbug,0.0,0.0,,False,0.0,0.0
2026,1331775206619885568,NCAA BIG EAST & CO.,14,1,1087519270663258112,sblau24,8,Claser,0.0,0.0,,False,0.0,0.0
2026,1331775206619885568,NCAA BIG EAST & CO.,14,8,456167283761344512,Claser,1,sblau24,0.0,0.0,,False,0.0,0.0
2026,1331775206619885568,NCAA BIG EAST & CO.,14,2,1171256102760251392,hurlken,7,CodeKhaos,0.0,0.0,,False,0.0,0.0
2026,1331775206619885568,NCAA BIG EAST & CO.,14,7,456159345906806784,CodeKhaos,2,hurlken,0.0,0.0,,False,0.0,0.0
2026,1331775206619885568,NCAA BIG EAST & CO.,14,3,718415247781732352,averagedude23,10,MacATac,0.0,0.0,,False,0.0,0.0
2026,1331775206619885568,NCAA BIG EAST & CO.,14,10,1336086766108549120,MacATac,3,averagedude23,0.0,0.0,,False,0.0,0.0
2026,1331775206619885568,NCAA BIG EAST & CO.,14,4,456129190995947520,vinceA762,12,ryno,0.0,0.0,,False,0.0,0.0
2026,1331775206619885568,NCAA BIG EAST & CO.,14,12,64174089933570048,ryno,4,vinceA762,0.0,0.0,,False,0.0,0.0
2026,1331775206619885568,NCAA BIG EAST & CO.,14,5,836025225756934144,NastyS8ntChance,11,Ianiners,0.0,0.0,,False,0.0,0.0
2026,1331775206619885568,NCAA BIG EAST & CO.,14,11,456182244336201728,Ianiners,5,NastyS8ntChance,0.0,0.0,,False,0.0,0.0
2026,1331775206619885568,NCAA BIG EAST & CO.,14,6,443323427143544832,joonbug,9,JEANTY,0.0,0.0,,False,0.0,0.0
2026,1331775206619885568,NCAA BIG EAST & CO.,14,9,802480422482206720,JEANTY,6,joonbug,0.0,0.0,,False,0.0,0.0
2026,1331775206619885568,NCAA BIG EAST & CO.,15,1,1087519270663258112,sblau24,5,NastyS8ntChance,0.0,0.0,,False,0.0,0.0
2026,1331775206619885568,NCAA BIG EAST & CO.,15,5,836025225756934144,NastyS8ntChance,1,sblau24,0.0,0.0,,False,0.0,0.0
2026,1331775206619885568,NCAA BIG EAST & CO.,15,2,1171256102760251392,hurlken,11,Ianiners,0.0,0.0,,False,0.0,0.0
2026,1331775206619885568,NCAA BIG EAST & CO.,15,11,456182244336201728,Ianiners,2,hurlken,0.0,0.0,,False,0.0,0.0
2026,1331775206619885568,NCAA BIG EAST & CO.,15,3,718415247781732352,averagedude23,6,joonbug,0.0,0.0,,False,0.0,0.0
2026,1331775206619885568,NCAA BIG EAST & CO.,15,6,443323427143544832,joonbug,3,averagedude23,0.0,0.0,,False,0.0,0.0
2026,1331775206619885568,NCAA BIG EAST & CO.,15,4,456129190995947520,vinceA762,10,MacATac,0.0,0.0,,False,0.0,0.0
2026,1331775206619885568,NCAA BIG EAST & CO.,15,10,1336086766108549120,MacATac,4,vinceA762,0.0,0.0,,False,0.0,0.0
2026,1331775206619885568,NCAA BIG EAST & CO.,15,7,456159345906806784,CodeKhaos,8,Claser,0.0,0.0,,False,0.0,0.0
2026,1331775206619885568,NCAA BIG EAST & CO.,15,8,456167283761344512,Claser,7,CodeKhaos,0.0,0.0,,False,0.0,0.0
2026,1331775206619885568,NCAA BIG EAST & CO.,15,9,802480422482206720,JEANTY,12,ryno,0.0,0.0,,False,0.0,0.0
2026,1331775206619885568,NCAA BIG EAST & CO.,15,12,64174089933570048,ryno,9,JEANTY,0.0,0.0,,False,0.0,0.0
2026,1331775206619885568,NCAA BIG EAST & CO.,16,1,1087519270663258112,sblau24,7,CodeKhaos,0.0,0.0,,False,0.0,0.0
2026,1331775206619885568,NCAA BIG EAST & CO.,16,7,456159345906806784,CodeKhaos,1,sblau24,0.0,0.0,,False,0.0,0.0
2026,1331775206619885568,NCAA BIG EAST & CO.,16,2,1171256102760251392,hurlken,5,NastyS8ntChance,0.0,0.0,,False,0.0,0.0
2026,1331775206619885568,NCAA BIG EAST & CO.,16,5,836025225756934144,NastyS8ntChance,2,hurlken,0.0,0.0,,False,0.0,0.0
2026,1331775206619885568,NCAA BIG EAST & CO.,16,3,718415247781732352,averagedude23,4,vinceA762,0.0,0.0,,False,0.0,0.0
2026,1331775206619885568,NCAA BIG EAST & CO.,16,4,456129190995947520,vinceA762,3,averagedude23,0.0,0.0,,False,0.0,0.0
2026,1331775206619885568,NCAA BIG EAST & CO.,16,6,443323427143544832,joonbug,12,ryno,0.0,0.0,,False,0.0,0.0
2026,1331775206619885568,NCAA BIG EAST & CO.,16,12,64174089933570048,ryno,6,joonbug,0.0,0.0,,False,0.0,0.0
2026,1331775206619885568,NCAA BIG EAST & CO.,16,8,456167283761344512,Claser,11,Ianiners,0.0,0.0,,False,0.0,0.0
2026,1331775206619885568,NCAA BIG EAST & CO.,16,11,456182244336201728,Ianiners,8,Claser,0.0,0.0,,False,0.0,0.0
2026,1331775206619885568,NCAA BIG EAST & CO.,16,9,802480422482206720,JEANTY,10,MacATac,0.0,0.0,,False,0.0,0.0
2026,1331775206619885568,NCAA BIG EAST & CO.,16,10,1336086766108549120,MacATac,9,JEANTY,0.0,0.0,,False,0.0,0.0
2026,1331775206619885568,NCAA BIG EAST & CO.,17,1,1087519270663258112,sblau24,6,joonbug,0.0,0.0,,False,0.0,0.0
2026,1331775206619885568,NCAA BIG EAST & CO.,17,6,443323427143544832,joonbug,1,sblau24,0.0,0.0,,False,0.0,0.0
2026,1331775206619885568,NCAA BIG EAST & CO.,17,2,1171256102760251392,hurlken,4,vinceA762,0.0,0.0,,False,0.0,0.0
2026,1331775206619885568,NCAA BIG EAST & CO.,17,4,456129190995947520,vinceA762,2,hurlken,0.0,0.0,,False,0.0,0.0
2026,1331775206619885568,NCAA BIG EAST & CO.,17,3,718415247781732352,averagedude23,5,NastyS8ntChance,0.0,0.0,,False,0.0,0.0
2026,1331775206619885568,NCAA BIG EAST & CO.,17,5,836025225756934144,NastyS8ntChance,3,averagedude23,0.0,0.0,,False,0.0,0.0
2026,1331775206619885568,NCAA BIG EAST & CO.,17,7,456159345906806784,CodeKhaos,12,ryno,0.0,0.0,,False,0.0,0.0
2026,1331775206619885568,NCAA BIG EAST & CO.,17,12,64174089933570048,ryno,7,CodeKhaos,0.0,0.0,,False,0.0,0.0
2026,1331775206619885568,NCAA BIG EAST & CO.,17,8,456167283761344512,Claser,9,JEANTY,0.0,0.0,,False,0.0,0.0
2026,1331775206619885568,NCAA BIG EAST & CO.,17,9,802480422482206720,JEANTY,8,Claser,0.0,0.0,,False,0.0,0.0
2026,1331775206619885568,NCAA BIG EAST & CO.,17,10,1336086766108549120,MacATac,11,Ianiners,0.0,0.0,,False,0.0,0.0
2026,1331775206619885568,NCAA BIG EAST & CO.,17,11,456182244336201728,Ianiners,10,MacATac,0.0,0.0,,False,0.0,0.0
2026,1331775206619885568,NCAA BIG EAST & CO.,18,1,1087519270663258112,sblau24,4,vinceA762,0.0,0.0,,False,0.0,0.0
2026,1331775206619885568,NCAA BIG EAST & CO.,18,4,456129190995947520,vinceA762,1,sblau24,0.0,0.0,,False,0.0,0.0
2026,1331775206619885568,NCAA BIG EAST & CO.,18,2,1171256102760251392,hurlken,6,joonbug,0.0,0.0,,False,0.0,0.0
2026,1331775206619885568,NCAA BIG EAST & CO.,18,6,443323427143544832,joonbug,2,hurlken,0.0,0.0,,False,0.0,0.0
2026,1331775206619885568,NCAA BIG EAST & CO.,18,3,718415247781732352,averagedude23,8,Claser,0.0,0.0,,False,0.0,0.0
2026,1331775206619885568,NCAA BIG EAST & CO.,18,8,456167283761344512,Claser,3,averagedude23,0.0,0.0,,False,0.0,0.0
2026,1331775206619885568,NCAA BIG EAST & CO.,18,5,836025225756934144,NastyS8ntChance,9,JEANTY,0.0,0.0,,False,0.0,0.0
2026,1331775206619885568,NCAA BIG EAST & CO.,18,9,802480422482206720,JEANTY,5,NastyS8ntChance,0.0,0.0,,False,0.0,0.0
2026,1331775206619885568,NCAA BIG EAST & CO.,18,7,456159345906806784,CodeKhaos,10,MacATac,0.0,0.0,,False,0.0,0.0
2026,1331775206619885568,NCAA BIG EAST & CO.,18,10,1336086766108549120,MacATac,7,CodeKhaos,0.0,0.0,,False,0.0,0.0
2026,1331775206619885568,NCAA BIG EAST & CO.,18,11,456182244336201728,Ianiners,12,ryno,0.0,0.0,,False,0.0,0.0
2026,1331775206619885568,NCAA BIG EAST & CO.,18,12,64174089933570048,ryno,11,Ianiners,0.0,0.0,,False,0.0,0.0
2026,1331775170712444928,NCAA SEC,1,1,441458152391569408,tedman546,8,Stumpy44,111.92,128.22,Loss,True,111.92,0.0
2026,1331775170712444928,NCAA SEC,1,8,970737030692937728,Stumpy44,1,tedman546,128.22,111.92,Win,True,128.22,0.0
2026,1331775170712444928,NCAA SEC,1,2,508516852143693824,errand,4,egbdf,141.16,185.66,Loss,True,141.16,0.0
2026,1331775170712444928,NCAA SEC,1,4,1289101953728540672,egbdf,2,errand,185.66,141.16,Win,True,185.66,0.0
2026,1331775170712444928,NCAA SEC,1,3,457957045534978048,ChadLowe,7,kodakjack,123.96,140.96,Loss,True,123.96,0.0
2026,1331775170712444928,NCAA SEC,1,7,461680102409760768,kodakjack,3,ChadLowe,140.96,123.96,Win,True,140.96,0.0
2026,1331775170712444928,NCAA SEC,1,5,562032371824951296,ryank45,11,devbovino,94.74,100.2,Loss,True,94.74,-0.0
2026,1331775170712444928,NCAA SEC,1,11,560284880620699648,devbovino,5,ryank45,100.2,94.74,Win,True,100.2,0.0
2026,1331775170712444928,NCAA SEC,1,6,510556455562792960,thatmansanti,12,JosephMarin07,154.54,131.56,Win,True,154.54,-0.0
2026,1331775170712444928,NCAA SEC,1,12,445468333035220992,JosephMarin07,6,thatmansanti,131.56,154.54,Loss,True,131.56,0.0
2026,1331775170712444928,NCAA SEC,1,9,1136057205582667776,Neilsondug,10,Orphan,124.46,195.6,Loss,True,124.46,-0.0
2026,1331775170712444928,NCAA SEC,1,10,Orphan,Orphan,9,Neilsondug,195.6,124.46,Win,True,195.6,0.0
2026,1331775170712444928,NCAA SEC,2,1,441458152391569408,tedman546,7,kodakjack,87.56,111.58,Loss,True,87.56,0.0
2026,1331775170712444928,NCAA SEC,2,7,461680102409760768,kodakjack,1,tedman546,111.58,87.56,Win,True,111.58,0.0
2026,1331775170712444928,NCAA SEC,2,2,508516852143693824,errand,5,ryank45,186.22,110.32,Win,True,186.22,0.0
2026,1331775170712444928,NCAA SEC,2,5,562032371824951296,ryank45,2,errand,110.32,186.22,Loss,True,110.32,0.0
2026,1331775170712444928,NCAA SEC,2,3,457957045534978048,ChadLowe,10,Orphan,107.9,119.8,Loss,True,107.9,0.0
2026,1331775170712444928,NCAA SEC,2,10,Orphan,Orphan,3,ChadLowe,119.8,107.9,Win,True,119.8,0.0
2026,1331775170712444928,NCAA SEC,2,4,1289101953728540672,egbdf,12,JosephMarin07,160.48,107.74,Win,True,160.48,0.0
2026,1331775170712444928,NCAA SEC,2,12,445468333035220992,JosephMarin07,4,egbdf,107.74,160.48,Loss,True,107.74,-0.0
2026,1331775170712444928,NCAA SEC,2,6,510556455562792960,thatmansanti,11,devbovino,230.68,81.22,Win,True,230.68,0.0
2026,1331775170712444928,NCAA SEC,2,11,560284880620699648,devbovino,6,thatmansanti,81.22,230.68,Loss,True,81.22,0.0
2026,1331775170712444928,NCAA SEC,2,8,970737030692937728,Stumpy44,9,Neilsondug,123.22,106.82,Win,True,123.22,-0.0
2026,1331775170712444928,NCAA SEC,2,9,1136057205582667776,Neilsondug,8,Stumpy44,106.82,123.22,Loss,True,106.82,0.0
2026,1331775170712444928,NCAA SEC,3,1,441458152391569408,tedman546,9,Neilsondug,73.32,82.38,Loss,True,73.32,0.0
2026,1331775170712444928,NCAA SEC,3,9,1136057205582667776,Neilsondug,1,tedman546,82.38,73.32,Win,True,82.38,0.0
2026,1331775170712444928,NCAA SEC,3,2,508516852143693824,errand,6,thatmansanti,138.56,135.86,Win,True,138.56,0.0
2026,1331775170712444928,NCAA SEC,3,6,510556455562792960,thatmansanti,2,errand,135.86,138.56,Loss,True,135.86,0.0
2026,1331775170712444928,NCAA SEC,3,3,457957045534978048,ChadLowe,8,Stumpy44,132.94,145.76,Loss,True,132.94,0.0
2026,1331775170712444928,NCAA SEC,3,8,970737030692937728,Stumpy44,3,ChadLowe,145.76,132.94,Win,True,145.76,0.0
2026,1331775170712444928,NCAA SEC,3,4,1289101953728540672,egbdf,5,ryank45,171.54,119.24,Win,True,171.54,-0.0
2026,1331775170712444928,NCAA SEC,3,5,562032371824951296,ryank45,4,egbdf,119.24,171.54,Loss,True,119.24,-0.0
2026,1331775170712444928,NCAA SEC,3,7,461680102409760768,kodakjack,10,Orphan,125.78,142.1,Loss,True,125.78,0.0
2026,1331775170712444928,NCAA SEC,3,10,Orphan,Orphan,7,kodakjack,142.1,125.78,Win,True,142.1,0.0
2026,1331775170712444928,NCAA SEC,3,11,560284880620699648,devbovino,12,JosephMarin07,92.64,93.96,Loss,True,92.64,0.0
2026,1331775170712444928,NCAA SEC,3,12,445468333035220992,JosephMarin07,11,devbovino,93.96,92.64,Win,True,93.96,0.0
2026,1331775170712444928,NCAA SEC,4,1,441458152391569408,tedman546,10,Orphan,20.1,0.0,Win,True,20.1,0.0
2026,1331775170712444928,NCAA SEC,4,10,Orphan,Orphan,1,tedman546,0.0,20.1,Loss,True,0.0,0.0
2026,1331775170712444928,NCAA SEC,4,2,508516852143693824,errand,11,devbovino,0.0,22.6,Loss,True,0.0,0.0
2026,1331775170712444928,NCAA SEC,4,11,560284880620699648,devbovino,2,errand,22.6,0.0,Win,True,22.6,0.0
2026,1331775170712444928,NCAA SEC,4,3,457957045534978048,ChadLowe,9,Neilsondug,20.8,0.0,Win,True,20.8,0.0
2026,1331775170712444928,NCAA SEC,4,9,1136057205582667776,Neilsondug,3,ChadLowe,0.0,20.8,Loss,True,0.0,0.0
2026,1331775170712444928,NCAA SEC,4,4,1289101953728540672,egbdf,6,thatmansanti,7.0,22.7,Loss,True,7.0,0.0
2026,1331775170712444928,NCAA SEC,4,6,510556455562792960,thatmansanti,4,egbdf,22.7,7.0,Win,True,22.7,0.0
2026,1331775170712444928,NCAA SEC,4,5,562032371824951296,ryank45,12,JosephMarin07,21.6,0.0,Win,True,21.6,0.0
2026,1331775170712444928,NCAA SEC,4,12,445468333035220992,JosephMarin07,5,ryank45,0.0,21.6,Loss,True,0.0,0.0
2026,1331775170712444928,NCAA SEC,4,7,461680102409760768,kodakjack,8,Stumpy44,3.0,13.1,Loss,True,3.0,0.0
2026,1331775170712444928,NCAA SEC,4,8,970737030692937728,Stumpy44,7,kodakjack,13.1,3.0,Win,True,13.1,0.0
2026,1331775170712444928,NCAA SEC,5,1,441458152391569408,tedman546,3,ChadLowe,0.0,0.0,,True,0.0,0.0
2026,1331775170712444928,NCAA SEC,5,3,457957045534978048,ChadLowe,1,tedman546,0.0,0.0,,True,0.0,0.0
2026,1331775170712444928,NCAA SEC,5,2,508516852143693824,errand,12,JosephMarin07,0.0,0.0,,True,0.0,0.0
2026,1331775170712444928,NCAA SEC,5,12,445468333035220992,JosephMarin07,2,errand,0.0,0.0,,True,0.0,0.0
2026,1331775170712444928,NCAA SEC,5,4,1289101953728540672,egbdf,11,devbovino,0.0,0.0,,True,0.0,0.0
2026,1331775170712444928,NCAA SEC,5,11,560284880620699648,devbovino,4,egbdf,0.0,0.0,,True,0.0,0.0
2026,1331775170712444928,NCAA SEC,5,5,562032371824951296,ryank45,6,thatmansanti,0.0,0.0,,True,0.0,0.0
2026,1331775170712444928,NCAA SEC,5,6,510556455562792960,thatmansanti,5,ryank45,0.0,0.0,,True,0.0,0.0
2026,1331775170712444928,NCAA SEC,5,7,461680102409760768,kodakjack,9,Neilsondug,0.0,0.0,,True,0.0,0.0
2026,1331775170712444928,NCAA SEC,5,9,1136057205582667776,Neilsondug,7,kodakjack,0.0,0.0,,True,0.0,0.0
2026,1331775170712444928,NCAA SEC,5,8,970737030692937728,Stumpy44,10,Orphan,0.0,0.0,,True,0.0,0.0
2026,1331775170712444928,NCAA SEC,5,10,Orphan,Orphan,8,Stumpy44,0.0,0.0,,True,0.0,0.0
2026,1331775170712444928,NCAA SEC,6,1,441458152391569408,tedman546,12,JosephMarin07,0.0,0.0,,True,0.0,0.0
2026,1331775170712444928,NCAA SEC,6,12,445468333035220992,JosephMarin07,1,tedman546,0.0,0.0,,True,0.0,0.0
2026,1331775170712444928,NCAA SEC,6,2,508516852143693824,errand,3,ChadLowe,0.0,0.0,,True,0.0,0.0
2026,1331775170712444928,NCAA SEC,6,3,457957045534978048,ChadLowe,2,errand,0.0,0.0,,True,0.0,0.0
2026,1331775170712444928,NCAA SEC,6,4,1289101953728540672,egbdf,7,kodakjack,0.0,0.0,,True,0.0,0.0
2026,1331775170712444928,NCAA SEC,6,7,461680102409760768,kodakjack,4,egbdf,0.0,0.0,,True,0.0,0.0
2026,1331775170712444928,NCAA SEC,6,5,562032371824951296,ryank45,10,Orphan,0.0,0.0,,True,0.0,0.0
2026,1331775170712444928,NCAA SEC,6,10,Orphan,Orphan,5,ryank45,0.0,0.0,,True,0.0,0.0
2026,1331775170712444928,NCAA SEC,6,6,510556455562792960,thatmansanti,8,Stumpy44,0.0,0.0,,True,0.0,0.0
2026,1331775170712444928,NCAA SEC,6,8,970737030692937728,Stumpy44,6,thatmansanti,0.0,0.0,,True,0.0,0.0
2026,1331775170712444928,NCAA SEC,6,9,1136057205582667776,Neilsondug,11,devbovino,0.0,0.0,,True,0.0,0.0
2026,1331775170712444928,NCAA SEC,6,11,560284880620699648,devbovino,9,Neilsondug,0.0,0.0,,True,0.0,0.0
2026,1331775170712444928,NCAA SEC,7,1,441458152391569408,tedman546,6,thatmansanti,0.0,0.0,,True,0.0,0.0
2026,1331775170712444928,NCAA SEC,7,6,510556455562792960,thatmansanti,1,tedman546,0.0,0.0,,True,0.0,0.0
2026,1331775170712444928,NCAA SEC,7,2,508516852143693824,errand,7,kodakjack,0.0,0.0,,True,0.0,0.0
2026,1331775170712444928,NCAA SEC,7,7,461680102409760768,kodakjack,2,errand,0.0,0.0,,True,0.0,0.0
2026,1331775170712444928,NCAA SEC,7,3,457957045534978048,ChadLowe,4,egbdf,0.0,0.0,,True,0.0,0.0
2026,1331775170712444928,NCAA SEC,7,4,1289101953728540672,egbdf,3,ChadLowe,0.0,0.0,,True,0.0,0.0
2026,1331775170712444928,NCAA SEC,7,5,562032371824951296,ryank45,9,Neilsondug,0.0,0.0,,True,0.0,0.0
2026,1331775170712444928,NCAA SEC,7,9,1136057205582667776,Neilsondug,5,ryank45,0.0,0.0,,True,0.0,0.0
2026,1331775170712444928,NCAA SEC,7,8,970737030692937728,Stumpy44,12,JosephMarin07,0.0,0.0,,True,0.0,0.0
2026,1331775170712444928,NCAA SEC,7,12,445468333035220992,JosephMarin07,8,Stumpy44,0.0,0.0,,True,0.0,0.0
2026,1331775170712444928,NCAA SEC,7,10,Orphan,Orphan,11,devbovino,0.0,0.0,,True,0.0,0.0
2026,1331775170712444928,NCAA SEC,7,11,560284880620699648,devbovino,10,Orphan,0.0,0.0,,True,0.0,0.0
2026,1331775170712444928,NCAA SEC,8,1,441458152391569408,tedman546,4,egbdf,0.0,0.0,,True,0.0,0.0
2026,1331775170712444928,NCAA SEC,8,4,1289101953728540672,egbdf,1,tedman546,0.0,0.0,,True,0.0,0.0
2026,1331775170712444928,NCAA SEC,8,2,508516852143693824,errand,8,Stumpy44,0.0,0.0,,True,0.0,0.0
2026,1331775170712444928,NCAA SEC,8,8,970737030692937728,Stumpy44,2,errand,0.0,0.0,,True,0.0,0.0
2026,1331775170712444928,NCAA SEC,8,3,457957045534978048,ChadLowe,11,devbovino,0.0,0.0,,True,0.0,0.0
2026,1331775170712444928,NCAA SEC,8,11,560284880620699648,devbovino,3,ChadLowe,0.0,0.0,,True,0.0,0.0
2026,1331775170712444928,NCAA SEC,8,5,562032371824951296,ryank45,7,kodakjack,0.0,0.0,,True,0.0,0.0
2026,1331775170712444928,NCAA SEC,8,7,461680102409760768,kodakjack,5,ryank45,0.0,0.0,,True,0.0,0.0
2026,1331775170712444928,NCAA SEC,8,6,510556455562792960,thatmansanti,9,Neilsondug,0.0,0.0,,True,0.0,0.0
2026,1331775170712444928,NCAA SEC,8,9,1136057205582667776,Neilsondug,6,thatmansanti,0.0,0.0,,True,0.0,0.0
2026,1331775170712444928,NCAA SEC,8,10,Orphan,Orphan,12,JosephMarin07,0.0,0.0,,True,0.0,0.0
2026,1331775170712444928,NCAA SEC,8,12,445468333035220992,JosephMarin07,10,Orphan,0.0,0.0,,True,0.0,0.0
2026,1331775170712444928,NCAA SEC,9,1,441458152391569408,tedman546,2,errand,0.0,0.0,,True,0.0,0.0
2026,1331775170712444928,NCAA SEC,9,2,508516852143693824,errand,1,tedman546,0.0,0.0,,True,0.0,0.0
2026,1331775170712444928,NCAA SEC,9,3,457957045534978048,ChadLowe,5,ryank45,0.0,0.0,,True,0.0,0.0
2026,1331775170712444928,NCAA SEC,9,5,562032371824951296,ryank45,3,ChadLowe,0.0,0.0,,True,0.0,0.0
2026,1331775170712444928,NCAA SEC,9,4,1289101953728540672,egbdf,8,Stumpy44,0.0,0.0,,True,0.0,0.0
2026,1331775170712444928,NCAA SEC,9,8,970737030692937728,Stumpy44,4,egbdf,0.0,0.0,,True,0.0,0.0
2026,1331775170712444928,NCAA SEC,9,6,510556455562792960,thatmansanti,10,Orphan,0.0,0.0,,True,0.0,0.0
2026,1331775170712444928,NCAA SEC,9,10,Orphan,Orphan,6,thatmansanti,0.0,0.0,,True,0.0,0.0
2026,1331775170712444928,NCAA SEC,9,7,461680102409760768,kodakjack,11,devbovino,0.0,0.0,,True,0.0,0.0
2026,1331775170712444928,NCAA SEC,9,11,560284880620699648,devbovino,7,kodakjack,0.0,0.0,,True,0.0,0.0
2026,1331775170712444928,NCAA SEC,9,9,1136057205582667776,Neilsondug,12,JosephMarin07,0.0,0.0,,True,0.0,0.0
2026,1331775170712444928,NCAA SEC,9,12,445468333035220992,JosephMarin07,9,Neilsondug,0.0,0.0,,True,0.0,0.0
2026,1331775170712444928,NCAA SEC,10,1,441458152391569408,tedman546,5,ryank45,0.0,0.0,,True,0.0,0.0
2026,1331775170712444928,NCAA SEC,10,5,562032371824951296,ryank45,1,tedman546,0.0,0.0,,True,0.0,0.0
2026,1331775170712444928,NCAA SEC,10,2,508516852143693824,errand,9,Neilsondug,0.0,0.0,,True,0.0,0.0
2026,1331775170712444928,NCAA SEC,10,9,1136057205582667776,Neilsondug,2,errand,0.0,0.0,,True,0.0,0.0
2026,1331775170712444928,NCAA SEC,10,3,457957045534978048,ChadLowe,6,thatmansanti,0.0,0.0,,True,0.0,0.0
2026,1331775170712444928,NCAA SEC,10,6,510556455562792960,thatmansanti,3,ChadLowe,0.0,0.0,,True,0.0,0.0
2026,1331775170712444928,NCAA SEC,10,4,1289101953728540672,egbdf,10,Orphan,0.0,0.0,,True,0.0,0.0
2026,1331775170712444928,NCAA SEC,10,10,Orphan,Orphan,4,egbdf,0.0,0.0,,True,0.0,0.0
2026,1331775170712444928,NCAA SEC,10,7,461680102409760768,kodakjack,12,JosephMarin07,0.0,0.0,,True,0.0,0.0
2026,1331775170712444928,NCAA SEC,10,12,445468333035220992,JosephMarin07,7,kodakjack,0.0,0.0,,True,0.0,0.0
2026,1331775170712444928,NCAA SEC,10,8,970737030692937728,Stumpy44,11,devbovino,0.0,0.0,,True,0.0,0.0
2026,1331775170712444928,NCAA SEC,10,11,560284880620699648,devbovino,8,Stumpy44,0.0,0.0,,True,0.0,0.0
2026,1331775170712444928,NCAA SEC,11,1,441458152391569408,tedman546,11,devbovino,0.0,0.0,,True,0.0,0.0
2026,1331775170712444928,NCAA SEC,11,11,560284880620699648,devbovino,1,tedman546,0.0,0.0,,True,0.0,0.0
2026,1331775170712444928,NCAA SEC,11,2,508516852143693824,errand,10,Orphan,0.0,0.0,,True,0.0,0.0
2026,1331775170712444928,NCAA SEC,11,10,Orphan,Orphan,2,errand,0.0,0.0,,True,0.0,0.0
2026,1331775170712444928,NCAA SEC,11,3,457957045534978048,ChadLowe,12,JosephMarin07,0.0,0.0,,True,0.0,0.0
2026,1331775170712444928,NCAA SEC,11,12,445468333035220992,JosephMarin07,3,ChadLowe,0.0,0.0,,True,0.0,0.0
2026,1331775170712444928,NCAA SEC,11,4,1289101953728540672,egbdf,9,Neilsondug,0.0,0.0,,True,0.0,0.0
2026,1331775170712444928,NCAA SEC,11,9,1136057205582667776,Neilsondug,4,egbdf,0.0,0.0,,True,0.0,0.0
2026,1331775170712444928,NCAA SEC,11,5,562032371824951296,ryank45,8,Stumpy44,0.0,0.0,,True,0.0,0.0
2026,1331775170712444928,NCAA SEC,11,8,970737030692937728,Stumpy44,5,ryank45,0.0,0.0,,True,0.0,0.0
2026,1331775170712444928,NCAA SEC,11,6,510556455562792960,thatmansanti,7,kodakjack,0.0,0.0,,True,0.0,0.0
2026,1331775170712444928,NCAA SEC,11,7,461680102409760768,kodakjack,6,thatmansanti,0.0,0.0,,True,0.0,0.0
2026,1331775170712444928,NCAA SEC,12,1,441458152391569408,tedman546,8,Stumpy44,0.0,0.0,,False,0.0,0.0
2026,1331775170712444928,NCAA SEC,12,8,970737030692937728,Stumpy44,1,tedman546,0.0,0.0,,False,0.0,0.0
2026,1331775170712444928,NCAA SEC,12,2,508516852143693824,errand,4,egbdf,0.0,0.0,,False,0.0,0.0
2026,1331775170712444928,NCAA SEC,12,4,1289101953728540672,egbdf,2,errand,0.0,0.0,,False,0.0,0.0
2026,1331775170712444928,NCAA SEC,12,3,457957045534978048,ChadLowe,7,kodakjack,0.0,0.0,,False,0.0,0.0
2026,1331775170712444928,NCAA SEC,12,7,461680102409760768,kodakjack,3,ChadLowe,0.0,0.0,,False,0.0,0.0
2026,1331775170712444928,NCAA SEC,12,5,562032371824951296,ryank45,11,devbovino,0.0,0.0,,False,0.0,0.0
2026,1331775170712444928,NCAA SEC,12,11,560284880620699648,devbovino,5,ryank45,0.0,0.0,,False,0.0,0.0
2026,1331775170712444928,NCAA SEC,12,6,510556455562792960,thatmansanti,12,JosephMarin07,0.0,0.0,,False,0.0,0.0
2026,1331775170712444928,NCAA SEC,12,12,445468333035220992,JosephMarin07,6,thatmansanti,0.0,0.0,,False,0.0,0.0
2026,1331775170712444928,NCAA SEC,12,9,1136057205582667776,Neilsondug,10,Orphan,0.0,0.0,,False,0.0,0.0
2026,1331775170712444928,NCAA SEC,12,10,Orphan,Orphan,9,Neilsondug,0.0,0.0,,False,0.0,0.0
2026,1331775170712444928,NCAA SEC,13,1,441458152391569408,tedman546,7,kodakjack,0.0,0.0,,False,0.0,0.0
2026,1331775170712444928,NCAA SEC,13,7,461680102409760768,kodakjack,1,tedman546,0.0,0.0,,False,0.0,0.0
2026,1331775170712444928,NCAA SEC,13,2,508516852143693824,errand,5,ryank45,0.0,0.0,,False,0.0,0.0
2026,1331775170712444928,NCAA SEC,13,5,562032371824951296,ryank45,2,errand,0.0,0.0,,False,0.0,0.0
2026,1331775170712444928,NCAA SEC,13,3,457957045534978048,ChadLowe,10,Orphan,0.0,0.0,,False,0.0,0.0
2026,1331775170712444928,NCAA SEC,13,10,Orphan,Orphan,3,ChadLowe,0.0,0.0,,False,0.0,0.0
2026,1331775170712444928,NCAA SEC,13,4,1289101953728540672,egbdf,12,JosephMarin07,0.0,0.0,,False,0.0,0.0
2026,1331775170712444928,NCAA SEC,13,12,445468333035220992,JosephMarin07,4,egbdf,0.0,0.0,,False,0.0,0.0
2026,1331775170712444928,NCAA SEC,13,6,510556455562792960,thatmansanti,11,devbovino,0.0,0.0,,False,0.0,0.0
2026,1331775170712444928,NCAA SEC,13,11,560284880620699648,devbovino,6,thatmansanti,0.0,0.0,,False,0.0,0.0
2026,1331775170712444928,NCAA SEC,13,8,970737030692937728,Stumpy44,9,Neilsondug,0.0,0.0,,False,0.0,0.0
2026,1331775170712444928,NCAA SEC,13,9,1136057205582667776,Neilsondug,8,Stumpy44,0.0,0.0,,False,0.0,0.0
2026,1331775170712444928,NCAA SEC,14,1,441458152391569408,tedman546,9,Neilsondug,0.0,0.0,,False,0.0,0.0
2026,1331775170712444928,NCAA SEC,14,9,1136057205582667776,Neilsondug,1,tedman546,0.0,0.0,,False,0.0,0.0
2026,1331775170712444928,NCAA SEC,14,2,508516852143693824,errand,6,thatmansanti,0.0,0.0,,False,0.0,0.0
2026,1331775170712444928,NCAA SEC,14,6,510556455562792960,thatmansanti,2,errand,0.0,0.0,,False,0.0,0.0
2026,1331775170712444928,NCAA SEC,14,3,457957045534978048,ChadLowe,8,Stumpy44,0.0,0.0,,False,0.0,0.0
2026,1331775170712444928,NCAA SEC,14,8,970737030692937728,Stumpy44,3,ChadLowe,0.0,0.0,,False,0.0,0.0
2026,1331775170712444928,NCAA SEC,14,4,1289101953728540672,egbdf,5,ryank45,0.0,0.0,,False,0.0,0.0
2026,1331775170712444928,NCAA SEC,14,5,562032371824951296,ryank45,4,egbdf,0.0,0.0,,False,0.0,0.0
2026,1331775170712444928,NCAA SEC,14,7,461680102409760768,kodakjack,10,Orphan,0.0,0.0,,False,0.0,0.0
2026,1331775170712444928,NCAA SEC,14,10,Orphan,Orphan,7,kodakjack,0.0,0.0,,False,0.0,0.0
2026,1331775170712444928,NCAA SEC,14,11,560284880620699648,devbovino,12,JosephMarin07,0.0,0.0,,False,0.0,0.0
2026,1331775170712444928,NCAA SEC,14,12,445468333035220992,JosephMarin07,11,devbovino,0.0,0.0,,False,0.0,0.0
2026,1331775170712444928,NCAA SEC,15,1,441458152391569408,tedman546,10,Orphan,0.0,0.0,,False,0.0,0.0
2026,1331775170712444928,NCAA SEC,15,10,Orphan,Orphan,1,tedman546,0.0,0.0,,False,0.0,0.0
2026,1331775170712444928,NCAA SEC,15,2,508516852143693824,errand,11,devbovino,0.0,0.0,,False,0.0,0.0
2026,1331775170712444928,NCAA SEC,15,11,560284880620699648,devbovino,2,errand,0.0,0.0,,False,0.0,0.0
2026,1331775170712444928,NCAA SEC,15,3,457957045534978048,ChadLowe,9,Neilsondug,0.0,0.0,,False,0.0,0.0
2026,1331775170712444928,NCAA SEC,15,9,1136057205582667776,Neilsondug,3,ChadLowe,0.0,0.0,,False,0.0,0.0
2026,1331775170712444928,NCAA SEC,15,4,1289101953728540672,egbdf,6,thatmansanti,0.0,0.0,,False,0.0,0.0
2026,1331775170712444928,NCAA SEC,15,6,510556455562792960,thatmansanti,4,egbdf,0.0,0.0,,False,0.0,0.0
2026,1331775170712444928,NCAA SEC,15,5,562032371824951296,ryank45,12,JosephMarin07,0.0,0.0,,False,0.0,0.0
2026,1331775170712444928,NCAA SEC,15,12,445468333035220992,JosephMarin07,5,ryank45,0.0,0.0,,False,0.0,0.0
2026,1331775170712444928,NCAA SEC,15,7,461680102409760768,kodakjack,8,Stumpy44,0.0,0.0,,False,0.0,0.0
2026,1331775170712444928,NCAA SEC,15,8,970737030692937728,Stumpy44,7,kodakjack,0.0,0.0,,False,0.0,0.0
2026,1331775170712444928,NCAA SEC,16,1,441458152391569408,tedman546,3,ChadLowe,0.0,0.0,,False,0.0,0.0
2026,1331775170712444928,NCAA SEC,16,3,457957045534978048,ChadLowe,1,tedman546,0.0,0.0,,False,0.0,0.0
2026,1331775170712444928,NCAA SEC,16,2,508516852143693824,errand,12,JosephMarin07,0.0,0.0,,False,0.0,0.0
2026,1331775170712444928,NCAA SEC,16,12,445468333035220992,JosephMarin07,2,errand,0.0,0.0,,False,0.0,0.0
2026,1331775170712444928,NCAA SEC,16,4,1289101953728540672,egbdf,11,devbovino,0.0,0.0,,False,0.0,0.0
2026,1331775170712444928,NCAA SEC,16,11,560284880620699648,devbovino,4,egbdf,0.0,0.0,,False,0.0,0.0
2026,1331775170712444928,NCAA SEC,16,5,562032371824951296,ryank45,6,thatmansanti,0.0,0.0,,False,0.0,0.0
2026,1331775170712444928,NCAA SEC,16,6,510556455562792960,thatmansanti,5,ryank45,0.0,0.0,,False,0.0,0.0
2026,1331775170712444928,NCAA SEC,16,7,461680102409760768,kodakjack,9,Neilsondug,0.0,0.0,,False,0.0,0.0
2026,1331775170712444928,NCAA SEC,16,9,1136057205582667776,Neilsondug,7,kodakjack,0.0,0.0,,False,0.0,0.0
2026,1331775170712444928,NCAA SEC,16,8,970737030692937728,Stumpy44,10,Orphan,0.0,0.0,,False,0.0,0.0
2026,1331775170712444928,NCAA SEC,16,10,Orphan,Orphan,8,Stumpy44,0.0,0.0,,False,0.0,0.0
2026,1331775170712444928,NCAA SEC,17,1,441458152391569408,tedman546,12,JosephMarin07,0.0,0.0,,False,0.0,0.0
2026,1331775170712444928,NCAA SEC,17,12,445468333035220992,JosephMarin07,1,tedman546,0.0,0.0,,False,0.0,0.0
2026,1331775170712444928,NCAA SEC,17,2,508516852143693824,errand,3,ChadLowe,0.0,0.0,,False,0.0,0.0
2026,1331775170712444928,NCAA SEC,17,3,457957045534978048,ChadLowe,2,errand,0.0,0.0,,False,0.0,0.0
2026,1331775170712444928,NCAA SEC,17,4,1289101953728540672,egbdf,7,kodakjack,0.0,0.0,,False,0.0,0.0
2026,1331775170712444928,NCAA SEC,17,7,461680102409760768,kodakjack,4,egbdf,0.0,0.0,,False,0.0,0.0
2026,1331775170712444928,NCAA SEC,17,5,562032371824951296,ryank45,10,Orphan,0.0,0.0,,False,0.0,0.0
2026,1331775170712444928,NCAA SEC,17,10,Orphan,Orphan,5,ryank45,0.0,0.0,,False,0.0,0.0
2026,1331775170712444928,NCAA SEC,17,6,510556455562792960,thatmansanti,8,Stumpy44,0.0,0.0,,False,0.0,0.0
2026,1331775170712444928,NCAA SEC,17,8,970737030692937728,Stumpy44,6,thatmansanti,0.0,0.0,,False,0.0,0.0
2026,1331775170712444928,NCAA SEC,17,9,1136057205582667776,Neilsondug,11,devbovino,0.0,0.0,,False,0.0,0.0
2026,1331775170712444928,NCAA SEC,17,11,560284880620699648,devbovino,9,Neilsondug,0.0,0.0,,False,0.0,0.0
2026,1331775170712444928,NCAA SEC,18,1,441458152391569408,tedman546,6,thatmansanti,0.0,0.0,,False,0.0,0.0
2026,1331775170712444928,NCAA SEC,18,6,510556455562792960,thatmansanti,1,tedman546,0.0,0.0,,False,0.0,0.0
2026,1331775170712444928,NCAA SEC,18,2,508516852143693824,errand,7,kodakjack,0.0,0.0,,False,0.0,0.0
2026,1331775170712444928,NCAA SEC,18,7,461680102409760768,kodakjack,2,errand,0.0,0.0,,False,0.0,0.0
2026,1331775170712444928,NCAA SEC,18,3,457957045534978048,ChadLowe,4,egbdf,0.0,0.0,,False,0.0,0.0
2026,1331775170712444928,NCAA SEC,18,4,1289101953728540672,egbdf,3,ChadLowe,0.0,0.0,,False,0.0,0.0
2026,1331775170712444928,NCAA SEC,18,5,562032371824951296,ryank45,9,Neilsondug,0.0,0.0,,False,0.0,0.0
2026,1331775170712444928,NCAA SEC,18,9,1136057205582667776,Neilsondug,5,ryank45,0.0,0.0,,False,0.0,0.0
2026,1331775170712444928,NCAA SEC,18,8,970737030692937728,Stumpy44,12,JosephMarin07,0.0,0.0,,False,0.0,0.0
2026,1331775170712444928,NCAA SEC,18,12,445468333035220992,JosephMarin07,8,Stumpy44,0.0,0.0,,False,0.0,0.0
2026,1331775170712444928,NCAA SEC,18,10,Orphan,Orphan,11,devbovino,0.0,0.0,,False,0.0,0.0
2026,1331775170712444928,NCAA SEC,18,11,560284880620699648,devbovino,10,Orphan,0.0,0.0,,False,0.0,0.0
2026,1331775106527006720,NCAA PAC 12,1,1,917575404431831040,nshox2,11,seniormeow,94.46,141.0,Loss,True,94.46,0.0
2026,1331775106527006720,NCAA PAC 12,1,11,76460245878456320,seniormeow,1,nshox2,141.0,94.46,Win,True,141.0,0.0
2026,1331775106527006720,NCAA PAC 12,1,2,709857172258881536,KamaraGOAT41,12,lmerkouSaints,154.42,171.36,Loss,True,154.42,-0.0
2026,1331775106527006720,NCAA PAC 12,1,12,450806182555152384,lmerkouSaints,2,KamaraGOAT41,171.36,154.42,Win,True,171.36,0.0
2026,1331775106527006720,NCAA PAC 12,1,3,470320542868566016,Dunebuggy619,6,samggannon,178.88,100.76,Win,True,178.88,0.0
2026,1331775106527006720,NCAA PAC 12,1,6,338823136923381760,samggannon,3,Dunebuggy619,100.76,178.88,Loss,True,100.76,0.0
2026,1331775106527006720,NCAA PAC 12,1,4,477666723663704064,chzhead412,5,laynemercer,170.0,105.04,Win,True,170.0,0.0
2026,1331775106527006720,NCAA PAC 12,1,5,454372407956729856,laynemercer,4,chzhead412,105.04,170.0,Loss,True,105.04,0.0
2026,1331775106527006720,NCAA PAC 12,1,7,597246797479469056,wrightc214,8,keppin,139.4,179.32,Loss,True,139.4,0.0
2026,1331775106527006720,NCAA PAC 12,1,8,460348260653985792,keppin,7,wrightc214,179.32,139.4,Win,True,179.32,0.0
2026,1331775106527006720,NCAA PAC 12,1,9,519390092788297728,ScottyW13,10,ImagineWiigons,85.16,89.06,Loss,True,85.16,0.0
2026,1331775106527006720,NCAA PAC 12,1,10,534619662650601472,ImagineWiigons,9,ScottyW13,89.06,85.16,Win,True,89.06,0.0
2026,1331775106527006720,NCAA PAC 12,2,1,917575404431831040,nshox2,12,lmerkouSaints,85.92,141.14,Loss,True,85.92,0.0
2026,1331775106527006720,NCAA PAC 12,2,12,450806182555152384,lmerkouSaints,1,nshox2,141.14,85.92,Win,True,141.14,-0.0
2026,1331775106527006720,NCAA PAC 12,2,2,709857172258881536,KamaraGOAT41,7,wrightc214,165.96,216.68,Loss,True,165.96,0.0
2026,1331775106527006720,NCAA PAC 12,2,7,597246797479469056,wrightc214,2,KamaraGOAT41,216.68,165.96,Win,True,216.68,0.0
2026,1331775106527006720,NCAA PAC 12,2,3,470320542868566016,Dunebuggy619,4,chzhead412,117.9,141.96,Loss,True,117.9,0.0
2026,1331775106527006720,NCAA PAC 12,2,4,477666723663704064,chzhead412,3,Dunebuggy619,141.96,117.9,Win,True,141.96,0.0
2026,1331775106527006720,NCAA PAC 12,2,5,454372407956729856,laynemercer,10,ImagineWiigons,82.58,103.18,Loss,True,82.58,0.0
2026,1331775106527006720,NCAA PAC 12,2,10,534619662650601472,ImagineWiigons,5,laynemercer,103.18,82.58,Win,True,103.18,0.0
2026,1331775106527006720,NCAA PAC 12,2,6,338823136923381760,samggannon,9,ScottyW13,99.0,66.08,Win,True,99.0,0.0
2026,1331775106527006720,NCAA PAC 12,2,9,519390092788297728,ScottyW13,6,samggannon,66.08,99.0,Loss,True,66.08,0.0
2026,1331775106527006720,NCAA PAC 12,2,8,460348260653985792,keppin,11,seniormeow,115.32,88.3,Win,True,115.32,0.0
2026,1331775106527006720,NCAA PAC 12,2,11,76460245878456320,seniormeow,8,keppin,88.3,115.32,Loss,True,88.3,0.0
2026,1331775106527006720,NCAA PAC 12,3,1,917575404431831040,nshox2,2,KamaraGOAT41,121.54,132.68,Loss,True,121.54,0.0
2026,1331775106527006720,NCAA PAC 12,3,2,709857172258881536,KamaraGOAT41,1,nshox2,132.68,121.54,Win,True,132.68,0.0
2026,1331775106527006720,NCAA PAC 12,3,3,470320542868566016,Dunebuggy619,10,ImagineWiigons,119.78,89.7,Win,True,119.78,-0.0
2026,1331775106527006720,NCAA PAC 12,3,10,534619662650601472,ImagineWiigons,3,Dunebuggy619,89.7,119.78,Loss,True,89.7,0.0
2026,1331775106527006720,NCAA PAC 12,3,4,477666723663704064,chzhead412,6,samggannon,165.88,143.84,Win,True,165.88,0.0
2026,1331775106527006720,NCAA PAC 12,3,6,338823136923381760,samggannon,4,chzhead412,143.84,165.88,Loss,True,143.84,0.0
2026,1331775106527006720,NCAA PAC 12,3,5,454372407956729856,laynemercer,9,ScottyW13,137.58,80.54,Win,True,137.58,0.0
2026,1331775106527006720,NCAA PAC 12,3,9,519390092788297728,ScottyW13,5,laynemercer,80.54,137.58,Loss,True,80.54,0.0
2026,1331775106527006720,NCAA PAC 12,3,7,597246797479469056,wrightc214,11,seniormeow,145.64,123.86,Win,True,145.64,-0.0
2026,1331775106527006720,NCAA PAC 12,3,11,76460245878456320,seniormeow,7,wrightc214,123.86,145.64,Loss,True,123.86,0.0
2026,1331775106527006720,NCAA PAC 12,3,8,460348260653985792,keppin,12,lmerkouSaints,183.96,122.18,Win,True,183.96,0.0
2026,1331775106527006720,NCAA PAC 12,3,12,450806182555152384,lmerkouSaints,8,keppin,122.18,183.96,Loss,True,122.18,0.0
2026,1331775106527006720,NCAA PAC 12,4,1,917575404431831040,nshox2,8,keppin,22.4,0.0,Win,True,22.4,0.0
2026,1331775106527006720,NCAA PAC 12,4,8,460348260653985792,keppin,1,nshox2,0.0,22.4,Loss,True,0.0,0.0
2026,1331775106527006720,NCAA PAC 12,4,2,709857172258881536,KamaraGOAT41,11,seniormeow,0.0,46.2,Loss,True,0.0,0.0
2026,1331775106527006720,NCAA PAC 12,4,11,76460245878456320,seniormeow,2,KamaraGOAT41,46.2,0.0,Win,True,46.2,0.0
2026,1331775106527006720,NCAA PAC 12,4,3,470320542868566016,Dunebuggy619,5,laynemercer,7.0,33.36,Loss,True,7.0,0.0
2026,1331775106527006720,NCAA PAC 12,4,5,454372407956729856,laynemercer,3,Dunebuggy619,33.36,7.0,Win,True,33.36,0.0
2026,1331775106527006720,NCAA PAC 12,4,4,477666723663704064,chzhead412,9,ScottyW13,0.0,8.44,Loss,True,0.0,0.0
2026,1331775106527006720,NCAA PAC 12,4,9,519390092788297728,ScottyW13,4,chzhead412,8.44,0.0,Win,True,8.44,0.0
2026,1331775106527006720,NCAA PAC 12,4,6,338823136923381760,samggannon,10,ImagineWiigons,3.0,0.0,Win,True,3.0,0.0
2026,1331775106527006720,NCAA PAC 12,4,10,534619662650601472,ImagineWiigons,6,samggannon,0.0,3.0,Loss,True,0.0,0.0
2026,1331775106527006720,NCAA PAC 12,4,7,597246797479469056,wrightc214,12,lmerkouSaints,48.3,4.6,Win,True,48.3,-0.0
2026,1331775106527006720,NCAA PAC 12,4,12,450806182555152384,lmerkouSaints,7,wrightc214,4.6,48.3,Loss,True,4.6,0.0
2026,1331775106527006720,NCAA PAC 12,5,1,917575404431831040,nshox2,7,wrightc214,0.0,0.0,,True,0.0,0.0
2026,1331775106527006720,NCAA PAC 12,5,7,597246797479469056,wrightc214,1,nshox2,0.0,0.0,,True,0.0,0.0
2026,1331775106527006720,NCAA PAC 12,5,2,709857172258881536,KamaraGOAT41,8,keppin,0.0,0.0,,True,0.0,0.0
2026,1331775106527006720,NCAA PAC 12,5,8,460348260653985792,keppin,2,KamaraGOAT41,0.0,0.0,,True,0.0,0.0
2026,1331775106527006720,NCAA PAC 12,5,3,470320542868566016,Dunebuggy619,9,ScottyW13,0.0,0.0,,True,0.0,0.0
2026,1331775106527006720,NCAA PAC 12,5,9,519390092788297728,ScottyW13,3,Dunebuggy619,0.0,0.0,,True,0.0,0.0
2026,1331775106527006720,NCAA PAC 12,5,4,477666723663704064,chzhead412,10,ImagineWiigons,0.0,0.0,,True,0.0,0.0
2026,1331775106527006720,NCAA PAC 12,5,10,534619662650601472,ImagineWiigons,4,chzhead412,0.0,0.0,,True,0.0,0.0
2026,1331775106527006720,NCAA PAC 12,5,5,454372407956729856,laynemercer,6,samggannon,0.0,0.0,,True,0.0,0.0
2026,1331775106527006720,NCAA PAC 12,5,6,338823136923381760,samggannon,5,laynemercer,0.0,0.0,,True,0.0,0.0
2026,1331775106527006720,NCAA PAC 12,5,11,76460245878456320,seniormeow,12,lmerkouSaints,0.0,0.0,,True,0.0,0.0
2026,1331775106527006720,NCAA PAC 12,5,12,450806182555152384,lmerkouSaints,11,seniormeow,0.0,0.0,,True,0.0,0.0
2026,1331775106527006720,NCAA PAC 12,6,1,917575404431831040,nshox2,5,laynemercer,0.0,0.0,,True,0.0,0.0
2026,1331775106527006720,NCAA PAC 12,6,5,454372407956729856,laynemercer,1,nshox2,0.0,0.0,,True,0.0,0.0
2026,1331775106527006720,NCAA PAC 12,6,2,709857172258881536,KamaraGOAT41,9,ScottyW13,0.0,0.0,,True,0.0,0.0
2026,1331775106527006720,NCAA PAC 12,6,9,519390092788297728,ScottyW13,2,KamaraGOAT41,0.0,0.0,,True,0.0,0.0
2026,1331775106527006720,NCAA PAC 12,6,3,470320542868566016,Dunebuggy619,8,keppin,0.0,0.0,,True,0.0,0.0
2026,1331775106527006720,NCAA PAC 12,6,8,460348260653985792,keppin,3,Dunebuggy619,0.0,0.0,,True,0.0,0.0
2026,1331775106527006720,NCAA PAC 12,6,4,477666723663704064,chzhead412,11,seniormeow,0.0,0.0,,True,0.0,0.0
2026,1331775106527006720,NCAA PAC 12,6,11,76460245878456320,seniormeow,4,chzhead412,0.0,0.0,,True,0.0,0.0
2026,1331775106527006720,NCAA PAC 12,6,6,338823136923381760,samggannon,7,wrightc214,0.0,0.0,,True,0.0,0.0
2026,1331775106527006720,NCAA PAC 12,6,7,597246797479469056,wrightc214,6,samggannon,0.0,0.0,,True,0.0,0.0
2026,1331775106527006720,NCAA PAC 12,6,10,534619662650601472,ImagineWiigons,12,lmerkouSaints,0.0,0.0,,True,0.0,0.0
2026,1331775106527006720,NCAA PAC 12,6,12,450806182555152384,lmerkouSaints,10,ImagineWiigons,0.0,0.0,,True,0.0,0.0
2026,1331775106527006720,NCAA PAC 12,7,1,917575404431831040,nshox2,4,chzhead412,0.0,0.0,,True,0.0,0.0
2026,1331775106527006720,NCAA PAC 12,7,4,477666723663704064,chzhead412,1,nshox2,0.0,0.0,,True,0.0,0.0
2026,1331775106527006720,NCAA PAC 12,7,2,709857172258881536,KamaraGOAT41,10,ImagineWiigons,0.0,0.0,,True,0.0,0.0
2026,1331775106527006720,NCAA PAC 12,7,10,534619662650601472,ImagineWiigons,2,KamaraGOAT41,0.0,0.0,,True,0.0,0.0
2026,1331775106527006720,NCAA PAC 12,7,3,470320542868566016,Dunebuggy619,7,wrightc214,0.0,0.0,,True,0.0,0.0
2026,1331775106527006720,NCAA PAC 12,7,7,597246797479469056,wrightc214,3,Dunebuggy619,0.0,0.0,,True,0.0,0.0
2026,1331775106527006720,NCAA PAC 12,7,5,454372407956729856,laynemercer,11,seniormeow,0.0,0.0,,True,0.0,0.0
2026,1331775106527006720,NCAA PAC 12,7,11,76460245878456320,seniormeow,5,laynemercer,0.0,0.0,,True,0.0,0.0
2026,1331775106527006720,NCAA PAC 12,7,6,338823136923381760,samggannon,8,keppin,0.0,0.0,,True,0.0,0.0
2026,1331775106527006720,NCAA PAC 12,7,8,460348260653985792,keppin,6,samggannon,0.0,0.0,,True,0.0,0.0
2026,1331775106527006720,NCAA PAC 12,7,9,519390092788297728,ScottyW13,12,lmerkouSaints,0.0,0.0,,True,0.0,0.0
2026,1331775106527006720,NCAA PAC 12,7,12,450806182555152384,lmerkouSaints,9,ScottyW13,0.0,0.0,,True,0.0,0.0
2026,1331775106527006720,NCAA PAC 12,8,1,917575404431831040,nshox2,10,ImagineWiigons,0.0,0.0,,True,0.0,0.0
2026,1331775106527006720,NCAA PAC 12,8,10,534619662650601472,ImagineWiigons,1,nshox2,0.0,0.0,,True,0.0,0.0
2026,1331775106527006720,NCAA PAC 12,8,2,709857172258881536,KamaraGOAT41,6,samggannon,0.0,0.0,,True,0.0,0.0
2026,1331775106527006720,NCAA PAC 12,8,6,338823136923381760,samggannon,2,KamaraGOAT41,0.0,0.0,,True,0.0,0.0
2026,1331775106527006720,NCAA PAC 12,8,3,470320542868566016,Dunebuggy619,12,lmerkouSaints,0.0,0.0,,True,0.0,0.0
2026,1331775106527006720,NCAA PAC 12,8,12,450806182555152384,lmerkouSaints,3,Dunebuggy619,0.0,0.0,,True,0.0,0.0
2026,1331775106527006720,NCAA PAC 12,8,4,477666723663704064,chzhead412,7,wrightc214,0.0,0.0,,True,0.0,0.0
2026,1331775106527006720,NCAA PAC 12,8,7,597246797479469056,wrightc214,4,chzhead412,0.0,0.0,,True,0.0,0.0
2026,1331775106527006720,NCAA PAC 12,8,5,454372407956729856,laynemercer,8,keppin,0.0,0.0,,True,0.0,0.0
2026,1331775106527006720,NCAA PAC 12,8,8,460348260653985792,keppin,5,laynemercer,0.0,0.0,,True,0.0,0.0
2026,1331775106527006720,NCAA PAC 12,8,9,519390092788297728,ScottyW13,11,seniormeow,0.0,0.0,,True,0.0,0.0
2026,1331775106527006720,NCAA PAC 12,8,11,76460245878456320,seniormeow,9,ScottyW13,0.0,0.0,,True,0.0,0.0
2026,1331775106527006720,NCAA PAC 12,9,1,917575404431831040,nshox2,9,ScottyW13,0.0,0.0,,True,0.0,0.0
2026,1331775106527006720,NCAA PAC 12,9,9,519390092788297728,ScottyW13,1,nshox2,0.0,0.0,,True,0.0,0.0
2026,1331775106527006720,NCAA PAC 12,9,2,709857172258881536,KamaraGOAT41,3,Dunebuggy619,0.0,0.0,,True,0.0,0.0
2026,1331775106527006720,NCAA PAC 12,9,3,470320542868566016,Dunebuggy619,2,KamaraGOAT41,0.0,0.0,,True,0.0,0.0
2026,1331775106527006720,NCAA PAC 12,9,4,477666723663704064,chzhead412,8,keppin,0.0,0.0,,True,0.0,0.0
2026,1331775106527006720,NCAA PAC 12,9,8,460348260653985792,keppin,4,chzhead412,0.0,0.0,,True,0.0,0.0
2026,1331775106527006720,NCAA PAC 12,9,5,454372407956729856,laynemercer,7,wrightc214,0.0,0.0,,True,0.0,0.0
2026,1331775106527006720,NCAA PAC 12,9,7,597246797479469056,wrightc214,5,laynemercer,0.0,0.0,,True,0.0,0.0
2026,1331775106527006720,NCAA PAC 12,9,6,338823136923381760,samggannon,12,lmerkouSaints,0.0,0.0,,True,0.0,0.0
2026,1331775106527006720,NCAA PAC 12,9,12,450806182555152384,lmerkouSaints,6,samggannon,0.0,0.0,,True,0.0,0.0
2026,1331775106527006720,NCAA PAC 12,9,10,534619662650601472,ImagineWiigons,11,seniormeow,0.0,0.0,,True,0.0,0.0
2026,1331775106527006720,NCAA PAC 12,9,11,76460245878456320,seniormeow,10,ImagineWiigons,0.0,0.0,,True,0.0,0.0
2026,1331775106527006720,NCAA PAC 12,10,1,917575404431831040,nshox2,3,Dunebuggy619,0.0,0.0,,True,0.0,0.0
2026,1331775106527006720,NCAA PAC 12,10,3,470320542868566016,Dunebuggy619,1,nshox2,0.0,0.0,,True,0.0,0.0
2026,1331775106527006720,NCAA PAC 12,10,2,709857172258881536,KamaraGOAT41,4,chzhead412,0.0,0.0,,True,0.0,0.0
2026,1331775106527006720,NCAA PAC 12,10,4,477666723663704064,chzhead412,2,KamaraGOAT41,0.0,0.0,,True,0.0,0.0
2026,1331775106527006720,NCAA PAC 12,10,5,454372407956729856,laynemercer,12,lmerkouSaints,0.0,0.0,,True,0.0,0.0
2026,1331775106527006720,NCAA PAC 12,10,12,450806182555152384,lmerkouSaints,5,laynemercer,0.0,0.0,,True,0.0,0.0
2026,1331775106527006720,NCAA PAC 12,10,6,338823136923381760,samggannon,11,seniormeow,0.0,0.0,,True,0.0,0.0
2026,1331775106527006720,NCAA PAC 12,10,11,76460245878456320,seniormeow,6,samggannon,0.0,0.0,,True,0.0,0.0
2026,1331775106527006720,NCAA PAC 12,10,7,597246797479469056,wrightc214,9,ScottyW13,0.0,0.0,,True,0.0,0.0
2026,1331775106527006720,NCAA PAC 12,10,9,519390092788297728,ScottyW13,7,wrightc214,0.0,0.0,,True,0.0,0.0
2026,1331775106527006720,NCAA PAC 12,10,8,460348260653985792,keppin,10,ImagineWiigons,0.0,0.0,,True,0.0,0.0
2026,1331775106527006720,NCAA PAC 12,10,10,534619662650601472,ImagineWiigons,8,keppin,0.0,0.0,,True,0.0,0.0
2026,1331775106527006720,NCAA PAC 12,11,1,917575404431831040,nshox2,6,samggannon,0.0,0.0,,True,0.0,0.0
2026,1331775106527006720,NCAA PAC 12,11,6,338823136923381760,samggannon,1,nshox2,0.0,0.0,,True,0.0,0.0
2026,1331775106527006720,NCAA PAC 12,11,2,709857172258881536,KamaraGOAT41,5,laynemercer,0.0,0.0,,True,0.0,0.0
2026,1331775106527006720,NCAA PAC 12,11,5,454372407956729856,laynemercer,2,KamaraGOAT41,0.0,0.0,,True,0.0,0.0
2026,1331775106527006720,NCAA PAC 12,11,3,470320542868566016,Dunebuggy619,11,seniormeow,0.0,0.0,,True,0.0,0.0
2026,1331775106527006720,NCAA PAC 12,11,11,76460245878456320,seniormeow,3,Dunebuggy619,0.0,0.0,,True,0.0,0.0
2026,1331775106527006720,NCAA PAC 12,11,4,477666723663704064,chzhead412,12,lmerkouSaints,0.0,0.0,,True,0.0,0.0
2026,1331775106527006720,NCAA PAC 12,11,12,450806182555152384,lmerkouSaints,4,chzhead412,0.0,0.0,,True,0.0,0.0
2026,1331775106527006720,NCAA PAC 12,11,7,597246797479469056,wrightc214,10,ImagineWiigons,0.0,0.0,,True,0.0,0.0
2026,1331775106527006720,NCAA PAC 12,11,10,534619662650601472,ImagineWiigons,7,wrightc214,0.0,0.0,,True,0.0,0.0
2026,1331775106527006720,NCAA PAC 12,11,8,460348260653985792,keppin,9,ScottyW13,0.0,0.0,,True,0.0,0.0
2026,1331775106527006720,NCAA PAC 12,11,9,519390092788297728,ScottyW13,8,keppin,0.0,0.0,,True,0.0,0.0
2026,1331775106527006720,NCAA PAC 12,12,1,917575404431831040,nshox2,11,seniormeow,0.0,0.0,,False,0.0,0.0
2026,1331775106527006720,NCAA PAC 12,12,11,76460245878456320,seniormeow,1,nshox2,0.0,0.0,,False,0.0,0.0
2026,1331775106527006720,NCAA PAC 12,12,2,709857172258881536,KamaraGOAT41,12,lmerkouSaints,0.0,0.0,,False,0.0,0.0
2026,1331775106527006720,NCAA PAC 12,12,12,450806182555152384,lmerkouSaints,2,KamaraGOAT41,0.0,0.0,,False,0.0,0.0
2026,1331775106527006720,NCAA PAC 12,12,3,470320542868566016,Dunebuggy619,6,samggannon,0.0,0.0,,False,0.0,0.0
2026,1331775106527006720,NCAA PAC 12,12,6,338823136923381760,samggannon,3,Dunebuggy619,0.0,0.0,,False,0.0,0.0
2026,1331775106527006720,NCAA PAC 12,12,4,477666723663704064,chzhead412,5,laynemercer,0.0,0.0,,False,0.0,0.0
2026,1331775106527006720,NCAA PAC 12,12,5,454372407956729856,laynemercer,4,chzhead412,0.0,0.0,,False,0.0,0.0
2026,1331775106527006720,NCAA PAC 12,12,7,597246797479469056,wrightc214,8,keppin,0.0,0.0,,False,0.0,0.0
2026,1331775106527006720,NCAA PAC 12,12,8,460348260653985792,keppin,7,wrightc214,0.0,0.0,,False,0.0,0.0
2026,1331775106527006720,NCAA PAC 12,12,9,519390092788297728,ScottyW13,10,ImagineWiigons,0.0,0.0,,False,0.0,0.0
2026,1331775106527006720,NCAA PAC 12,12,10,534619662650601472,ImagineWiigons,9,ScottyW13,0.0,0.0,,False,0.0,0.0
2026,1331775106527006720,NCAA PAC 12,13,1,917575404431831040,nshox2,12,lmerkouSaints,0.0,0.0,,False,0.0,0.0
2026,1331775106527006720,NCAA PAC 12,13,12,450806182555152384,lmerkouSaints,1,nshox2,0.0,0.0,,False,0.0,0.0
2026,1331775106527006720,NCAA PAC 12,13,2,709857172258881536,KamaraGOAT41,7,wrightc214,0.0,0.0,,False,0.0,0.0
2026,1331775106527006720,NCAA PAC 12,13,7,597246797479469056,wrightc214,2,KamaraGOAT41,0.0,0.0,,False,0.0,0.0
2026,1331775106527006720,NCAA PAC 12,13,3,470320542868566016,Dunebuggy619,4,chzhead412,0.0,0.0,,False,0.0,0.0
2026,1331775106527006720,NCAA PAC 12,13,4,477666723663704064,chzhead412,3,Dunebuggy619,0.0,0.0,,False,0.0,0.0
2026,1331775106527006720,NCAA PAC 12,13,5,454372407956729856,laynemercer,10,ImagineWiigons,0.0,0.0,,False,0.0,0.0
2026,1331775106527006720,NCAA PAC 12,13,10,534619662650601472,ImagineWiigons,5,laynemercer,0.0,0.0,,False,0.0,0.0
2026,1331775106527006720,NCAA PAC 12,13,6,338823136923381760,samggannon,9,ScottyW13,0.0,0.0,,False,0.0,0.0
2026,1331775106527006720,NCAA PAC 12,13,9,519390092788297728,ScottyW13,6,samggannon,0.0,0.0,,False,0.0,0.0
2026,1331775106527006720,NCAA PAC 12,13,8,460348260653985792,keppin,11,seniormeow,0.0,0.0,,False,0.0,0.0
2026,1331775106527006720,NCAA PAC 12,13,11,76460245878456320,seniormeow,8,keppin,0.0,0.0,,False,0.0,0.0
2026,1331775106527006720,NCAA PAC 12,14,1,917575404431831040,nshox2,2,KamaraGOAT41,0.0,0.0,,False,0.0,0.0
2026,1331775106527006720,NCAA PAC 12,14,2,709857172258881536,KamaraGOAT41,1,nshox2,0.0,0.0,,False,0.0,0.0
2026,1331775106527006720,NCAA PAC 12,14,3,470320542868566016,Dunebuggy619,10,ImagineWiigons,0.0,0.0,,False,0.0,0.0
2026,1331775106527006720,NCAA PAC 12,14,10,534619662650601472,ImagineWiigons,3,Dunebuggy619,0.0,0.0,,False,0.0,0.0
2026,1331775106527006720,NCAA PAC 12,14,4,477666723663704064,chzhead412,6,samggannon,0.0,0.0,,False,0.0,0.0
2026,1331775106527006720,NCAA PAC 12,14,6,338823136923381760,samggannon,4,chzhead412,0.0,0.0,,False,0.0,0.0
2026,1331775106527006720,NCAA PAC 12,14,5,454372407956729856,laynemercer,9,ScottyW13,0.0,0.0,,False,0.0,0.0
2026,1331775106527006720,NCAA PAC 12,14,9,519390092788297728,ScottyW13,5,laynemercer,0.0,0.0,,False,0.0,0.0
2026,1331775106527006720,NCAA PAC 12,14,7,597246797479469056,wrightc214,11,seniormeow,0.0,0.0,,False,0.0,0.0
2026,1331775106527006720,NCAA PAC 12,14,11,76460245878456320,seniormeow,7,wrightc214,0.0,0.0,,False,0.0,0.0
2026,1331775106527006720,NCAA PAC 12,14,8,460348260653985792,keppin,12,lmerkouSaints,0.0,0.0,,False,0.0,0.0
2026,1331775106527006720,NCAA PAC 12,14,12,450806182555152384,lmerkouSaints,8,keppin,0.0,0.0,,False,0.0,0.0
2026,1331775106527006720,NCAA PAC 12,15,1,917575404431831040,nshox2,8,keppin,0.0,0.0,,False,0.0,0.0
2026,1331775106527006720,NCAA PAC 12,15,8,460348260653985792,keppin,1,nshox2,0.0,0.0,,False,0.0,0.0
2026,1331775106527006720,NCAA PAC 12,15,2,709857172258881536,KamaraGOAT41,11,seniormeow,0.0,0.0,,False,0.0,0.0
2026,1331775106527006720,NCAA PAC 12,15,11,76460245878456320,seniormeow,2,KamaraGOAT41,0.0,0.0,,False,0.0,0.0
2026,1331775106527006720,NCAA PAC 12,15,3,470320542868566016,Dunebuggy619,5,laynemercer,0.0,0.0,,False,0.0,0.0
2026,1331775106527006720,NCAA PAC 12,15,5,454372407956729856,laynemercer,3,Dunebuggy619,0.0,0.0,,False,0.0,0.0
2026,1331775106527006720,NCAA PAC 12,15,4,477666723663704064,chzhead412,9,ScottyW13,0.0,0.0,,False,0.0,0.0
2026,1331775106527006720,NCAA PAC 12,15,9,519390092788297728,ScottyW13,4,chzhead412,0.0,0.0,,False,0.0,0.0
2026,1331775106527006720,NCAA PAC 12,15,6,338823136923381760,samggannon,10,ImagineWiigons,0.0,0.0,,False,0.0,0.0
2026,1331775106527006720,NCAA PAC 12,15,10,534619662650601472,ImagineWiigons,6,samggannon,0.0,0.0,,False,0.0,0.0
2026,1331775106527006720,NCAA PAC 12,15,7,597246797479469056,wrightc214,12,lmerkouSaints,0.0,0.0,,False,0.0,0.0
2026,1331775106527006720,NCAA PAC 12,15,12,450806182555152384,lmerkouSaints,7,wrightc214,0.0,0.0,,False,0.0,0.0
2026,1331775106527006720,NCAA PAC 12,16,1,917575404431831040,nshox2,7,wrightc214,0.0,0.0,,False,0.0,0.0
2026,1331775106527006720,NCAA PAC 12,16,7,597246797479469056,wrightc214,1,nshox2,0.0,0.0,,False,0.0,0.0
2026,1331775106527006720,NCAA PAC 12,16,2,709857172258881536,KamaraGOAT41,8,keppin,0.0,0.0,,False,0.0,0.0
2026,1331775106527006720,NCAA PAC 12,16,8,460348260653985792,keppin,2,KamaraGOAT41,0.0,0.0,,False,0.0,0.0
2026,1331775106527006720,NCAA PAC 12,16,3,470320542868566016,Dunebuggy619,9,ScottyW13,0.0,0.0,,False,0.0,0.0
2026,1331775106527006720,NCAA PAC 12,16,9,519390092788297728,ScottyW13,3,Dunebuggy619,0.0,0.0,,False,0.0,0.0
2026,1331775106527006720,NCAA PAC 12,16,4,477666723663704064,chzhead412,10,ImagineWiigons,0.0,0.0,,False,0.0,0.0
2026,1331775106527006720,NCAA PAC 12,16,10,534619662650601472,ImagineWiigons,4,chzhead412,0.0,0.0,,False,0.0,0.0
2026,1331775106527006720,NCAA PAC 12,16,5,454372407956729856,laynemercer,6,samggannon,0.0,0.0,,False,0.0,0.0
2026,1331775106527006720,NCAA PAC 12,16,6,338823136923381760,samggannon,5,laynemercer,0.0,0.0,,False,0.0,0.0
2026,1331775106527006720,NCAA PAC 12,16,11,76460245878456320,seniormeow,12,lmerkouSaints,0.0,0.0,,False,0.0,0.0
2026,1331775106527006720,NCAA PAC 12,16,12,450806182555152384,lmerkouSaints,11,seniormeow,0.0,0.0,,False,0.0,0.0
2026,1331775106527006720,NCAA PAC 12,17,1,917575404431831040,nshox2,5,laynemercer,0.0,0.0,,False,0.0,0.0
2026,1331775106527006720,NCAA PAC 12,17,5,454372407956729856,laynemercer,1,nshox2,0.0,0.0,,False,0.0,0.0
2026,1331775106527006720,NCAA PAC 12,17,2,709857172258881536,KamaraGOAT41,9,ScottyW13,0.0,0.0,,False,0.0,0.0
2026,1331775106527006720,NCAA PAC 12,17,9,519390092788297728,ScottyW13,2,KamaraGOAT41,0.0,0.0,,False,0.0,0.0
2026,1331775106527006720,NCAA PAC 12,17,3,470320542868566016,Dunebuggy619,8,keppin,0.0,0.0,,False,0.0,0.0
2026,1331775106527006720,NCAA PAC 12,17,8,460348260653985792,keppin,3,Dunebuggy619,0.0,0.0,,False,0.0,0.0
2026,1331775106527006720,NCAA PAC 12,17,4,477666723663704064,chzhead412,11,seniormeow,0.0,0.0,,False,0.0,0.0
2026,1331775106527006720,NCAA PAC 12,17,11,76460245878456320,seniormeow,4,chzhead412,0.0,0.0,,False,0.0,0.0
2026,1331775106527006720,NCAA PAC 12,17,6,338823136923381760,samggannon,7,wrightc214,0.0,0.0,,False,0.0,0.0
2026,1331775106527006720,NCAA PAC 12,17,7,597246797479469056,wrightc214,6,samggannon,0.0,0.0,,False,0.0,0.0
2026,1331775106527006720,NCAA PAC 12,17,10,534619662650601472,ImagineWiigons,12,lmerkouSaints,0.0,0.0,,False,0.0,0.0
2026,1331775106527006720,NCAA PAC 12,17,12,450806182555152384,lmerkouSaints,10,ImagineWiigons,0.0,0.0,,False,0.0,0.0
2026,1331775106527006720,NCAA PAC 12,18,1,917575404431831040,nshox2,4,chzhead412,0.0,0.0,,False,0.0,0.0
2026,1331775106527006720,NCAA PAC 12,18,4,477666723663704064,chzhead412,1,nshox2,0.0,0.0,,False,0.0,0.0
2026,1331775106527006720,NCAA PAC 12,18,2,709857172258881536,KamaraGOAT41,10,ImagineWiigons,0.0,0.0,,False,0.0,0.0
2026,1331775106527006720,NCAA PAC 12,18,10,534619662650601472,ImagineWiigons,2,KamaraGOAT41,0.0,0.0,,False,0.0,0.0
2026,1331775106527006720,NCAA PAC 12,18,3,470320542868566016,Dunebuggy619,7,wrightc214,0.0,0.0,,False,0.0,0.0
2026,1331775106527006720,NCAA PAC 12,18,7,597246797479469056,wrightc214,3,Dunebuggy619,0.0,0.0,,False,0.0,0.0
2026,1331775106527006720,NCAA PAC 12,18,5,454372407956729856,laynemercer,11,seniormeow,0.0,0.0,,False,0.0,0.0
2026,1331775106527006720,NCAA PAC 12,18,11,76460245878456320,seniormeow,5,laynemercer,0.0,0.0,,False,0.0,0.0
2026,1331775106527006720,NCAA PAC 12,18,6,338823136923381760,samggannon,8,keppin,0.0,0.0,,False,0.0,0.0
2026,1331775106527006720,NCAA PAC 12,18,8,460348260653985792,keppin,6,samggannon,0.0,0.0,,False,0.0,0.0
2026,1331775106527006720,NCAA PAC 12,18,9,519390092788297728,ScottyW13,12,lmerkouSaints,0.0,0.0,,False,0.0,0.0
2026,1331775106527006720,NCAA PAC 12,18,12,450806182555152384,lmerkouSaints,9,ScottyW13,0.0,0.0,,False,0.0,0.0
2026,1331774915392577536,NCAA ACC,1,1,571754879825395712,ChrisW21,4,landonh12,166.06,101.78,Win,True,166.06,0.0
2026,1331774915392577536,NCAA ACC,1,4,455836851501002752,landonh12,1,ChrisW21,101.78,166.06,Loss,True,101.78,0.0
2026,1331774915392577536,NCAA ACC,1,2,568115266901286912,MattyBent,3,spendawg,126.9,149.1,Loss,True,126.9,0.0
2026,1331774915392577536,NCAA ACC,1,3,870105403659309056,spendawg,2,MattyBent,149.1,126.9,Win,True,149.1,0.0
2026,1331774915392577536,NCAA ACC,1,5,468618720470626304,Yarby,8,eperedetto,162.96,152.12,Win,True,162.96,0.0
2026,1331774915392577536,NCAA ACC,1,8,456168604006608896,eperedetto,5,Yarby,152.12,162.96,Loss,True,152.12,0.0
2026,1331774915392577536,NCAA ACC,1,6,463453800313647104,WhiskyScientist,10,EerieHush,160.56,187.1,Loss,True,160.56,0.0
2026,1331774915392577536,NCAA ACC,1,10,1357479935924510720,EerieHush,6,WhiskyScientist,187.1,160.56,Win,True,187.1,-0.0
2026,1331774915392577536,NCAA ACC,1,7,453658285061435392,fatalbeast,9,markandrewsisthegoat,155.22,146.16,Win,True,155.22,0.0
2026,1331774915392577536,NCAA ACC,1,9,668318967567323136,markandrewsisthegoat,7,fatalbeast,146.16,155.22,Loss,True,146.16,0.0
2026,1331774915392577536,NCAA ACC,1,11,458070829909929984,Campbell8,12,dilbennett,110.84,139.56,Loss,True,110.84,0.0
2026,1331774915392577536,NCAA ACC,1,12,302575527556825088,dilbennett,11,Campbell8,139.56,110.84,Win,True,139.56,0.0
2026,1331774915392577536,NCAA ACC,2,1,571754879825395712,ChrisW21,2,MattyBent,144.98,105.6,Win,True,144.98,-0.0
2026,1331774915392577536,NCAA ACC,2,2,568115266901286912,MattyBent,1,ChrisW21,105.6,144.98,Loss,True,105.6,-0.0
2026,1331774915392577536,NCAA ACC,2,3,870105403659309056,spendawg,7,fatalbeast,135.08,102.86,Win,True,135.08,0.0
2026,1331774915392577536,NCAA ACC,2,7,453658285061435392,fatalbeast,3,spendawg,102.86,135.08,Loss,True,102.86,0.0
2026,1331774915392577536,NCAA ACC,2,4,455836851501002752,landonh12,9,markandrewsisthegoat,107.9,129.0,Loss,True,107.9,0.0
2026,1331774915392577536,NCAA ACC,2,9,668318967567323136,markandrewsisthegoat,4,landonh12,129.0,107.9,Win,True,129.0,0.0
2026,1331774915392577536,NCAA ACC,2,5,468618720470626304,Yarby,11,Campbell8,163.92,132.48,Win,True,163.92,-0.0
2026,1331774915392577536,NCAA ACC,2,11,458070829909929984,Campbell8,5,Yarby,132.48,163.92,Loss,True,132.48,-0.0
2026,1331774915392577536,NCAA ACC,2,6,463453800313647104,WhiskyScientist,8,eperedetto,128.42,106.82,Win,True,128.42,-0.0
2026,1331774915392577536,NCAA ACC,2,8,456168604006608896,eperedetto,6,WhiskyScientist,106.82,128.42,Loss,True,106.82,0.0
2026,1331774915392577536,NCAA ACC,2,10,1357479935924510720,EerieHush,12,dilbennett,96.26,193.38,Loss,True,96.26,0.0
2026,1331774915392577536,NCAA ACC,2,12,302575527556825088,dilbennett,10,EerieHush,193.38,96.26,Win,True,193.38,0.0
2026,1331774915392577536,NCAA ACC,3,1,571754879825395712,ChrisW21,3,spendawg,148.14,159.48,Loss,True,148.14,0.0
2026,1331774915392577536,NCAA ACC,3,3,870105403659309056,spendawg,1,ChrisW21,159.48,148.14,Win,True,159.48,-0.0
2026,1331774915392577536,NCAA ACC,3,2,568115266901286912,MattyBent,9,markandrewsisthegoat,119.54,100.34,Win,True,119.54,0.0
2026,1331774915392577536,NCAA ACC,3,9,668318967567323136,markandrewsisthegoat,2,MattyBent,100.34,119.54,Loss,True,100.34,0.0
2026,1331774915392577536,NCAA ACC,3,4,455836851501002752,landonh12,7,fatalbeast,124.98,110.92,Win,True,124.98,0.0
2026,1331774915392577536,NCAA ACC,3,7,453658285061435392,fatalbeast,4,landonh12,110.92,124.98,Loss,True,110.92,-0.0
2026,1331774915392577536,NCAA ACC,3,5,468618720470626304,Yarby,6,WhiskyScientist,138.36,125.84,Win,True,138.36,0.0
2026,1331774915392577536,NCAA ACC,3,6,463453800313647104,WhiskyScientist,5,Yarby,125.84,138.36,Loss,True,125.84,0.0
2026,1331774915392577536,NCAA ACC,3,8,456168604006608896,eperedetto,12,dilbennett,113.36,186.44,Loss,True,113.36,0.0
2026,1331774915392577536,NCAA ACC,3,12,302575527556825088,dilbennett,8,eperedetto,186.44,113.36,Win,True,186.44,0.0
2026,1331774915392577536,NCAA ACC,3,10,1357479935924510720,EerieHush,11,Campbell8,149.4,117.56,Win,True,149.4,0.0
2026,1331774915392577536,NCAA ACC,3,11,458070829909929984,Campbell8,10,EerieHush,117.56,149.4,Loss,True,117.56,0.0
2026,1331774915392577536,NCAA ACC,4,1,571754879825395712,ChrisW21,9,markandrewsisthegoat,0.0,37.1,Loss,True,0.0,0.0
2026,1331774915392577536,NCAA ACC,4,9,668318967567323136,markandrewsisthegoat,1,ChrisW21,37.1,0.0,Win,True,37.1,0.0
2026,1331774915392577536,NCAA ACC,4,2,568115266901286912,MattyBent,7,fatalbeast,16.5,22.6,Loss,True,16.5,0.0
2026,1331774915392577536,NCAA ACC,4,7,453658285061435392,fatalbeast,2,MattyBent,22.6,16.5,Win,True,22.6,0.0
2026,1331774915392577536,NCAA ACC,4,3,870105403659309056,spendawg,4,landonh12,13.7,0.0,Win,True,13.7,0.0
2026,1331774915392577536,NCAA ACC,4,4,455836851501002752,landonh12,3,spendawg,0.0,13.7,Loss,True,0.0,0.0
2026,1331774915392577536,NCAA ACC,4,5,468618720470626304,Yarby,12,dilbennett,27.4,0.0,Win,True,27.4,0.0
2026,1331774915392577536,NCAA ACC,4,12,302575527556825088,dilbennett,5,Yarby,0.0,27.4,Loss,True,0.0,0.0
2026,1331774915392577536,NCAA ACC,4,6,463453800313647104,WhiskyScientist,11,Campbell8,0.0,26.2,Loss,True,0.0,0.0
2026,1331774915392577536,NCAA ACC,4,11,458070829909929984,Campbell8,6,WhiskyScientist,26.2,0.0,Win,True,26.2,0.0
2026,1331774915392577536,NCAA ACC,4,8,456168604006608896,eperedetto,10,EerieHush,20.12,0.0,Win,True,20.12,0.0
2026,1331774915392577536,NCAA ACC,4,10,1357479935924510720,EerieHush,8,eperedetto,0.0,20.12,Loss,True,0.0,0.0
2026,1331774915392577536,NCAA ACC,5,1,571754879825395712,ChrisW21,7,fatalbeast,0.0,0.0,,True,0.0,0.0
2026,1331774915392577536,NCAA ACC,5,7,453658285061435392,fatalbeast,1,ChrisW21,0.0,0.0,,True,0.0,0.0
2026,1331774915392577536,NCAA ACC,5,2,568115266901286912,MattyBent,4,landonh12,0.0,0.0,,True,0.0,0.0
2026,1331774915392577536,NCAA ACC,5,4,455836851501002752,landonh12,2,MattyBent,0.0,0.0,,True,0.0,0.0
2026,1331774915392577536,NCAA ACC,5,3,870105403659309056,spendawg,9,markandrewsisthegoat,0.0,0.0,,True,0.0,0.0
2026,1331774915392577536,NCAA ACC,5,9,668318967567323136,markandrewsisthegoat,3,spendawg,0.0,0.0,,True,0.0,0.0
2026,1331774915392577536,NCAA ACC,5,5,468618720470626304,Yarby,10,EerieHush,0.0,0.0,,True,0.0,0.0
2026,1331774915392577536,NCAA ACC,5,10,1357479935924510720,EerieHush,5,Yarby,0.0,0.0,,True,0.0,0.0
2026,1331774915392577536,NCAA ACC,5,6,463453800313647104,WhiskyScientist,12,dilbennett,0.0,0.0,,True,0.0,0.0
2026,1331774915392577536,NCAA ACC,5,12,302575527556825088,dilbennett,6,WhiskyScientist,0.0,0.0,,True,0.0,0.0
2026,1331774915392577536,NCAA ACC,5,8,456168604006608896,eperedetto,11,Campbell8,0.0,0.0,,True,0.0,0.0
2026,1331774915392577536,NCAA ACC,5,11,458070829909929984,Campbell8,8,eperedetto,0.0,0.0,,True,0.0,0.0
2026,1331774915392577536,NCAA ACC,6,1,571754879825395712,ChrisW21,10,EerieHush,0.0,0.0,,True,0.0,0.0
2026,1331774915392577536,NCAA ACC,6,10,1357479935924510720,EerieHush,1,ChrisW21,0.0,0.0,,True,0.0,0.0
2026,1331774915392577536,NCAA ACC,6,2,568115266901286912,MattyBent,12,dilbennett,0.0,0.0,,True,0.0,0.0
2026,1331774915392577536,NCAA ACC,6,12,302575527556825088,dilbennett,2,MattyBent,0.0,0.0,,True,0.0,0.0
2026,1331774915392577536,NCAA ACC,6,3,870105403659309056,spendawg,11,Campbell8,0.0,0.0,,True,0.0,0.0
2026,1331774915392577536,NCAA ACC,6,11,458070829909929984,Campbell8,3,spendawg,0.0,0.0,,True,0.0,0.0
2026,1331774915392577536,NCAA ACC,6,4,455836851501002752,landonh12,6,WhiskyScientist,0.0,0.0,,True,0.0,0.0
2026,1331774915392577536,NCAA ACC,6,6,463453800313647104,WhiskyScientist,4,landonh12,0.0,0.0,,True,0.0,0.0
2026,1331774915392577536,NCAA ACC,6,5,468618720470626304,Yarby,7,fatalbeast,0.0,0.0,,True,0.0,0.0
2026,1331774915392577536,NCAA ACC,6,7,453658285061435392,fatalbeast,5,Yarby,0.0,0.0,,True,0.0,0.0
2026,1331774915392577536,NCAA ACC,6,8,456168604006608896,eperedetto,9,markandrewsisthegoat,0.0,0.0,,True,0.0,0.0
2026,1331774915392577536,NCAA ACC,6,9,668318967567323136,markandrewsisthegoat,8,eperedetto,0.0,0.0,,True,0.0,0.0
2026,1331774915392577536,NCAA ACC,7,1,571754879825395712,ChrisW21,6,WhiskyScientist,0.0,0.0,,True,0.0,0.0
2026,1331774915392577536,NCAA ACC,7,6,463453800313647104,WhiskyScientist,1,ChrisW21,0.0,0.0,,True,0.0,0.0
2026,1331774915392577536,NCAA ACC,7,2,568115266901286912,MattyBent,11,Campbell8,0.0,0.0,,True,0.0,0.0
2026,1331774915392577536,NCAA ACC,7,11,458070829909929984,Campbell8,2,MattyBent,0.0,0.0,,True,0.0,0.0
2026,1331774915392577536,NCAA ACC,7,3,870105403659309056,spendawg,12,dilbennett,0.0,0.0,,True,0.0,0.0
2026,1331774915392577536,NCAA ACC,7,12,302575527556825088,dilbennett,3,spendawg,0.0,0.0,,True,0.0,0.0
2026,1331774915392577536,NCAA ACC,7,4,455836851501002752,landonh12,10,EerieHush,0.0,0.0,,True,0.0,0.0
2026,1331774915392577536,NCAA ACC,7,10,1357479935924510720,EerieHush,4,landonh12,0.0,0.0,,True,0.0,0.0
2026,1331774915392577536,NCAA ACC,7,5,468618720470626304,Yarby,9,markandrewsisthegoat,0.0,0.0,,True,0.0,0.0
2026,1331774915392577536,NCAA ACC,7,9,668318967567323136,markandrewsisthegoat,5,Yarby,0.0,0.0,,True,0.0,0.0
2026,1331774915392577536,NCAA ACC,7,7,453658285061435392,fatalbeast,8,eperedetto,0.0,0.0,,True,0.0,0.0
2026,1331774915392577536,NCAA ACC,7,8,456168604006608896,eperedetto,7,fatalbeast,0.0,0.0,,True,0.0,0.0
2026,1331774915392577536,NCAA ACC,8,1,571754879825395712,ChrisW21,12,dilbennett,0.0,0.0,,True,0.0,0.0
2026,1331774915392577536,NCAA ACC,8,12,302575527556825088,dilbennett,1,ChrisW21,0.0,0.0,,True,0.0,0.0
2026,1331774915392577536,NCAA ACC,8,2,568115266901286912,MattyBent,8,eperedetto,0.0,0.0,,True,0.0,0.0
2026,1331774915392577536,NCAA ACC,8,8,456168604006608896,eperedetto,2,MattyBent,0.0,0.0,,True,0.0,0.0
2026,1331774915392577536,NCAA ACC,8,3,870105403659309056,spendawg,5,Yarby,0.0,0.0,,True,0.0,0.0
2026,1331774915392577536,NCAA ACC,8,5,468618720470626304,Yarby,3,spendawg,0.0,0.0,,True,0.0,0.0
2026,1331774915392577536,NCAA ACC,8,4,455836851501002752,landonh12,11,Campbell8,0.0,0.0,,True,0.0,0.0
2026,1331774915392577536,NCAA ACC,8,11,458070829909929984,Campbell8,4,landonh12,0.0,0.0,,True,0.0,0.0
2026,1331774915392577536,NCAA ACC,8,6,463453800313647104,WhiskyScientist,7,fatalbeast,0.0,0.0,,True,0.0,0.0
2026,1331774915392577536,NCAA ACC,8,7,453658285061435392,fatalbeast,6,WhiskyScientist,0.0,0.0,,True,0.0,0.0
2026,1331774915392577536,NCAA ACC,8,9,668318967567323136,markandrewsisthegoat,10,EerieHush,0.0,0.0,,True,0.0,0.0
2026,1331774915392577536,NCAA ACC,8,10,1357479935924510720,EerieHush,9,markandrewsisthegoat,0.0,0.0,,True,0.0,0.0
2026,1331774915392577536,NCAA ACC,9,1,571754879825395712,ChrisW21,11,Campbell8,0.0,0.0,,True,0.0,0.0
2026,1331774915392577536,NCAA ACC,9,11,458070829909929984,Campbell8,1,ChrisW21,0.0,0.0,,True,0.0,0.0
2026,1331774915392577536,NCAA ACC,9,2,568115266901286912,MattyBent,5,Yarby,0.0,0.0,,True,0.0,0.0
2026,1331774915392577536,NCAA ACC,9,5,468618720470626304,Yarby,2,MattyBent,0.0,0.0,,True,0.0,0.0
2026,1331774915392577536,NCAA ACC,9,3,870105403659309056,spendawg,8,eperedetto,0.0,0.0,,True,0.0,0.0
2026,1331774915392577536,NCAA ACC,9,8,456168604006608896,eperedetto,3,spendawg,0.0,0.0,,True,0.0,0.0
2026,1331774915392577536,NCAA ACC,9,4,455836851501002752,landonh12,12,dilbennett,0.0,0.0,,True,0.0,0.0
2026,1331774915392577536,NCAA ACC,9,12,302575527556825088,dilbennett,4,landonh12,0.0,0.0,,True,0.0,0.0
2026,1331774915392577536,NCAA ACC,9,6,463453800313647104,WhiskyScientist,9,markandrewsisthegoat,0.0,0.0,,True,0.0,0.0
2026,1331774915392577536,NCAA ACC,9,9,668318967567323136,markandrewsisthegoat,6,WhiskyScientist,0.0,0.0,,True,0.0,0.0
2026,1331774915392577536,NCAA ACC,9,7,453658285061435392,fatalbeast,10,EerieHush,0.0,0.0,,True,0.0,0.0
2026,1331774915392577536,NCAA ACC,9,10,1357479935924510720,EerieHush,7,fatalbeast,0.0,0.0,,True,0.0,0.0
2026,1331774915392577536,NCAA ACC,10,1,571754879825395712,ChrisW21,8,eperedetto,0.0,0.0,,True,0.0,0.0
2026,1331774915392577536,NCAA ACC,10,8,456168604006608896,eperedetto,1,ChrisW21,0.0,0.0,,True,0.0,0.0
2026,1331774915392577536,NCAA ACC,10,2,568115266901286912,MattyBent,10,EerieHush,0.0,0.0,,True,0.0,0.0
2026,1331774915392577536,NCAA ACC,10,10,1357479935924510720,EerieHush,2,MattyBent,0.0,0.0,,True,0.0,0.0
2026,1331774915392577536,NCAA ACC,10,3,870105403659309056,spendawg,6,WhiskyScientist,0.0,0.0,,True,0.0,0.0
2026,1331774915392577536,NCAA ACC,10,6,463453800313647104,WhiskyScientist,3,spendawg,0.0,0.0,,True,0.0,0.0
2026,1331774915392577536,NCAA ACC,10,4,455836851501002752,landonh12,5,Yarby,0.0,0.0,,True,0.0,0.0
2026,1331774915392577536,NCAA ACC,10,5,468618720470626304,Yarby,4,landonh12,0.0,0.0,,True,0.0,0.0
2026,1331774915392577536,NCAA ACC,10,7,453658285061435392,fatalbeast,11,Campbell8,0.0,0.0,,True,0.0,0.0
2026,1331774915392577536,NCAA ACC,10,11,458070829909929984,Campbell8,7,fatalbeast,0.0,0.0,,True,0.0,0.0
2026,1331774915392577536,NCAA ACC,10,9,668318967567323136,markandrewsisthegoat,12,dilbennett,0.0,0.0,,True,0.0,0.0
2026,1331774915392577536,NCAA ACC,10,12,302575527556825088,dilbennett,9,markandrewsisthegoat,0.0,0.0,,True,0.0,0.0
2026,1331774915392577536,NCAA ACC,11,1,571754879825395712,ChrisW21,5,Yarby,0.0,0.0,,True,0.0,0.0
2026,1331774915392577536,NCAA ACC,11,5,468618720470626304,Yarby,1,ChrisW21,0.0,0.0,,True,0.0,0.0
2026,1331774915392577536,NCAA ACC,11,2,568115266901286912,MattyBent,6,WhiskyScientist,0.0,0.0,,True,0.0,0.0
2026,1331774915392577536,NCAA ACC,11,6,463453800313647104,WhiskyScientist,2,MattyBent,0.0,0.0,,True,0.0,0.0
2026,1331774915392577536,NCAA ACC,11,3,870105403659309056,spendawg,10,EerieHush,0.0,0.0,,True,0.0,0.0
2026,1331774915392577536,NCAA ACC,11,10,1357479935924510720,EerieHush,3,spendawg,0.0,0.0,,True,0.0,0.0
2026,1331774915392577536,NCAA ACC,11,4,455836851501002752,landonh12,8,eperedetto,0.0,0.0,,True,0.0,0.0
2026,1331774915392577536,NCAA ACC,11,8,456168604006608896,eperedetto,4,landonh12,0.0,0.0,,True,0.0,0.0
2026,1331774915392577536,NCAA ACC,11,7,453658285061435392,fatalbeast,12,dilbennett,0.0,0.0,,True,0.0,0.0
2026,1331774915392577536,NCAA ACC,11,12,302575527556825088,dilbennett,7,fatalbeast,0.0,0.0,,True,0.0,0.0
2026,1331774915392577536,NCAA ACC,11,9,668318967567323136,markandrewsisthegoat,11,Campbell8,0.0,0.0,,True,0.0,0.0
2026,1331774915392577536,NCAA ACC,11,11,458070829909929984,Campbell8,9,markandrewsisthegoat,0.0,0.0,,True,0.0,0.0
2026,1331774915392577536,NCAA ACC,12,1,571754879825395712,ChrisW21,4,landonh12,0.0,0.0,,False,0.0,0.0
2026,1331774915392577536,NCAA ACC,12,4,455836851501002752,landonh12,1,ChrisW21,0.0,0.0,,False,0.0,0.0
2026,1331774915392577536,NCAA ACC,12,2,568115266901286912,MattyBent,3,spendawg,0.0,0.0,,False,0.0,0.0
2026,1331774915392577536,NCAA ACC,12,3,870105403659309056,spendawg,2,MattyBent,0.0,0.0,,False,0.0,0.0
2026,1331774915392577536,NCAA ACC,12,5,468618720470626304,Yarby,8,eperedetto,0.0,0.0,,False,0.0,0.0
2026,1331774915392577536,NCAA ACC,12,8,456168604006608896,eperedetto,5,Yarby,0.0,0.0,,False,0.0,0.0
2026,1331774915392577536,NCAA ACC,12,6,463453800313647104,WhiskyScientist,10,EerieHush,0.0,0.0,,False,0.0,0.0
2026,1331774915392577536,NCAA ACC,12,10,1357479935924510720,EerieHush,6,WhiskyScientist,0.0,0.0,,False,0.0,0.0
2026,1331774915392577536,NCAA ACC,12,7,453658285061435392,fatalbeast,9,markandrewsisthegoat,0.0,0.0,,False,0.0,0.0
2026,1331774915392577536,NCAA ACC,12,9,668318967567323136,markandrewsisthegoat,7,fatalbeast,0.0,0.0,,False,0.0,0.0
2026,1331774915392577536,NCAA ACC,12,11,458070829909929984,Campbell8,12,dilbennett,0.0,0.0,,False,0.0,0.0
2026,1331774915392577536,NCAA ACC,12,12,302575527556825088,dilbennett,11,Campbell8,0.0,0.0,,False,0.0,0.0
2026,1331774915392577536,NCAA ACC,13,1,571754879825395712,ChrisW21,2,MattyBent,0.0,0.0,,False,0.0,0.0
2026,1331774915392577536,NCAA ACC,13,2,568115266901286912,MattyBent,1,ChrisW21,0.0,0.0,,False,0.0,0.0
2026,1331774915392577536,NCAA ACC,13,3,870105403659309056,spendawg,7,fatalbeast,0.0,0.0,,False,0.0,0.0
2026,1331774915392577536,NCAA ACC,13,7,453658285061435392,fatalbeast,3,spendawg,0.0,0.0,,False,0.0,0.0
2026,1331774915392577536,NCAA ACC,13,4,455836851501002752,landonh12,9,markandrewsisthegoat,0.0,0.0,,False,0.0,0.0
2026,1331774915392577536,NCAA ACC,13,9,668318967567323136,markandrewsisthegoat,4,landonh12,0.0,0.0,,False,0.0,0.0
2026,1331774915392577536,NCAA ACC,13,5,468618720470626304,Yarby,11,Campbell8,0.0,0.0,,False,0.0,0.0
2026,1331774915392577536,NCAA ACC,13,11,458070829909929984,Campbell8,5,Yarby,0.0,0.0,,False,0.0,0.0
2026,1331774915392577536,NCAA ACC,13,6,463453800313647104,WhiskyScientist,8,eperedetto,0.0,0.0,,False,0.0,0.0
2026,1331774915392577536,NCAA ACC,13,8,456168604006608896,eperedetto,6,WhiskyScientist,0.0,0.0,,False,0.0,0.0
2026,1331774915392577536,NCAA ACC,13,10,1357479935924510720,EerieHush,12,dilbennett,0.0,0.0,,False,0.0,0.0
2026,1331774915392577536,NCAA ACC,13,12,302575527556825088,dilbennett,10,EerieHush,0.0,0.0,,False,0.0,0.0
2026,1331774915392577536,NCAA ACC,14,1,571754879825395712,ChrisW21,3,spendawg,0.0,0.0,,False,0.0,0.0
2026,1331774915392577536,NCAA ACC,14,3,870105403659309056,spendawg,1,ChrisW21,0.0,0.0,,False,0.0,0.0
2026,1331774915392577536,NCAA ACC,14,2,568115266901286912,MattyBent,9,markandrewsisthegoat,0.0,0.0,,False,0.0,0.0
2026,1331774915392577536,NCAA ACC,14,9,668318967567323136,markandrewsisthegoat,2,MattyBent,0.0,0.0,,False,0.0,0.0
2026,1331774915392577536,NCAA ACC,14,4,455836851501002752,landonh12,7,fatalbeast,0.0,0.0,,False,0.0,0.0
2026,1331774915392577536,NCAA ACC,14,7,453658285061435392,fatalbeast,4,landonh12,0.0,0.0,,False,0.0,0.0
2026,1331774915392577536,NCAA ACC,14,5,468618720470626304,Yarby,6,WhiskyScientist,0.0,0.0,,False,0.0,0.0
2026,1331774915392577536,NCAA ACC,14,6,463453800313647104,WhiskyScientist,5,Yarby,0.0,0.0,,False,0.0,0.0
2026,1331774915392577536,NCAA ACC,14,8,456168604006608896,eperedetto,12,dilbennett,0.0,0.0,,False,0.0,0.0
2026,1331774915392577536,NCAA ACC,14,12,302575527556825088,dilbennett,8,eperedetto,0.0,0.0,,False,0.0,0.0
2026,1331774915392577536,NCAA ACC,14,10,1357479935924510720,EerieHush,11,Campbell8,0.0,0.0,,False,0.0,0.0
2026,1331774915392577536,NCAA ACC,14,11,458070829909929984,Campbell8,10,EerieHush,0.0,0.0,,False,0.0,0.0
2026,1331774915392577536,NCAA ACC,15,1,571754879825395712,ChrisW21,9,markandrewsisthegoat,0.0,0.0,,False,0.0,0.0
2026,1331774915392577536,NCAA ACC,15,9,668318967567323136,markandrewsisthegoat,1,ChrisW21,0.0,0.0,,False,0.0,0.0
2026,1331774915392577536,NCAA ACC,15,2,568115266901286912,MattyBent,7,fatalbeast,0.0,0.0,,False,0.0,0.0
2026,1331774915392577536,NCAA ACC,15,7,453658285061435392,fatalbeast,2,MattyBent,0.0,0.0,,False,0.0,0.0
2026,1331774915392577536,NCAA ACC,15,3,870105403659309056,spendawg,4,landonh12,0.0,0.0,,False,0.0,0.0
2026,1331774915392577536,NCAA ACC,15,4,455836851501002752,landonh12,3,spendawg,0.0,0.0,,False,0.0,0.0
2026,1331774915392577536,NCAA ACC,15,5,468618720470626304,Yarby,12,dilbennett,0.0,0.0,,False,0.0,0.0
2026,1331774915392577536,NCAA ACC,15,12,302575527556825088,dilbennett,5,Yarby,0.0,0.0,,False,0.0,0.0
2026,1331774915392577536,NCAA ACC,15,6,463453800313647104,WhiskyScientist,11,Campbell8,0.0,0.0,,False,0.0,0.0
2026,1331774915392577536,NCAA ACC,15,11,458070829909929984,Campbell8,6,WhiskyScientist,0.0,0.0,,False,0.0,0.0
2026,1331774915392577536,NCAA ACC,15,8,456168604006608896,eperedetto,10,EerieHush,0.0,0.0,,False,0.0,0.0
2026,1331774915392577536,NCAA ACC,15,10,1357479935924510720,EerieHush,8,eperedetto,0.0,0.0,,False,0.0,0.0
2026,1331774915392577536,NCAA ACC,16,1,571754879825395712,ChrisW21,7,fatalbeast,0.0,0.0,,False,0.0,0.0
2026,1331774915392577536,NCAA ACC,16,7,453658285061435392,fatalbeast,1,ChrisW21,0.0,0.0,,False,0.0,0.0
2026,1331774915392577536,NCAA ACC,16,2,568115266901286912,MattyBent,4,landonh12,0.0,0.0,,False,0.0,0.0
2026,1331774915392577536,NCAA ACC,16,4,455836851501002752,landonh12,2,MattyBent,0.0,0.0,,False,0.0,0.0
2026,1331774915392577536,NCAA ACC,16,3,870105403659309056,spendawg,9,markandrewsisthegoat,0.0,0.0,,False,0.0,0.0
2026,1331774915392577536,NCAA ACC,16,9,668318967567323136,markandrewsisthegoat,3,spendawg,0.0,0.0,,False,0.0,0.0
2026,1331774915392577536,NCAA ACC,16,5,468618720470626304,Yarby,10,EerieHush,0.0,0.0,,False,0.0,0.0
2026,1331774915392577536,NCAA ACC,16,10,1357479935924510720,EerieHush,5,Yarby,0.0,0.0,,False,0.0,0.0
2026,1331774915392577536,NCAA ACC,16,6,463453800313647104,WhiskyScientist,12,dilbennett,0.0,0.0,,False,0.0,0.0
2026,1331774915392577536,NCAA ACC,16,12,302575527556825088,dilbennett,6,WhiskyScientist,0.0,0.0,,False,0.0,0.0
2026,1331774915392577536,NCAA ACC,16,8,456168604006608896,eperedetto,11,Campbell8,0.0,0.0,,False,0.0,0.0
2026,1331774915392577536,NCAA ACC,16,11,458070829909929984,Campbell8,8,eperedetto,0.0,0.0,,False,0.0,0.0
2026,1331774915392577536,NCAA ACC,17,1,571754879825395712,ChrisW21,10,EerieHush,0.0,0.0,,False,0.0,0.0
2026,1331774915392577536,NCAA ACC,17,10,1357479935924510720,EerieHush,1,ChrisW21,0.0,0.0,,False,0.0,0.0
2026,1331774915392577536,NCAA ACC,17,2,568115266901286912,MattyBent,12,dilbennett,0.0,0.0,,False,0.0,0.0
2026,1331774915392577536,NCAA ACC,17,12,302575527556825088,dilbennett,2,MattyBent,0.0,0.0,,False,0.0,0.0
2026,1331774915392577536,NCAA ACC,17,3,870105403659309056,spendawg,11,Campbell8,0.0,0.0,,False,0.0,0.0
2026,1331774915392577536,NCAA ACC,17,11,458070829909929984,Campbell8,3,spendawg,0.0,0.0,,False,0.0,0.0
2026,1331774915392577536,NCAA ACC,17,4,455836851501002752,landonh12,6,WhiskyScientist,0.0,0.0,,False,0.0,0.0
2026,1331774915392577536,NCAA ACC,17,6,463453800313647104,WhiskyScientist,4,landonh12,0.0,0.0,,False,0.0,0.0
2026,1331774915392577536,NCAA ACC,17,5,468618720470626304,Yarby,7,fatalbeast,0.0,0.0,,False,0.0,0.0
2026,1331774915392577536,NCAA ACC,17,7,453658285061435392,fatalbeast,5,Yarby,0.0,0.0,,False,0.0,0.0
2026,1331774915392577536,NCAA ACC,17,8,456168604006608896,eperedetto,9,markandrewsisthegoat,0.0,0.0,,False,0.0,0.0
2026,1331774915392577536,NCAA ACC,17,9,668318967567323136,markandrewsisthegoat,8,eperedetto,0.0,0.0,,False,0.0,0.0
2026,1331774915392577536,NCAA ACC,18,1,571754879825395712,ChrisW21,6,WhiskyScientist,0.0,0.0,,False,0.0,0.0
2026,1331774915392577536,NCAA ACC,18,6,463453800313647104,WhiskyScientist,1,ChrisW21,0.0,0.0,,False,0.0,0.0
2026,1331774915392577536,NCAA ACC,18,2,568115266901286912,MattyBent,11,Campbell8,0.0,0.0,,False,0.0,0.0
2026,1331774915392577536,NCAA ACC,18,11,458070829909929984,Campbell8,2,MattyBent,0.0,0.0,,False,0.0,0.0
2026,1331774915392577536,NCAA ACC,18,3,870105403659309056,spendawg,12,dilbennett,0.0,0.0,,False,0.0,0.0
2026,1331774915392577536,NCAA ACC,18,12,302575527556825088,dilbennett,3,spendawg,0.0,0.0,,False,0.0,0.0
2026,1331774915392577536,NCAA ACC,18,4,455836851501002752,landonh12,10,EerieHush,0.0,0.0,,False,0.0,0.0
2026,1331774915392577536,NCAA ACC,18,10,1357479935924510720,EerieHush,4,landonh12,0.0,0.0,,False,0.0,0.0
2026,1331774915392577536,NCAA ACC,18,5,468618720470626304,Yarby,9,markandrewsisthegoat,0.0,0.0,,False,0.0,0.0
2026,1331774915392577536,NCAA ACC,18,9,668318967567323136,markandrewsisthegoat,5,Yarby,0.0,0.0,,False,0.0,0.0
2026,1331774915392577536,NCAA ACC,18,7,453658285061435392,fatalbeast,8,eperedetto,0.0,0.0,,False,0.0,0.0
2026,1331774915392577536,NCAA ACC,18,8,456168604006608896,eperedetto,7,fatalbeast,0.0,0.0,,False,0.0,0.0
2026,1331774880181399552,NCAA BIG 12,1,1,Orphan,Orphan,5,robertlouis7,125.16,157.5,Loss,True,125.16,0.0
2026,1331774880181399552,NCAA BIG 12,1,5,464117743042424832,robertlouis7,1,Orphan,157.5,125.16,Win,True,157.5,0.0
2026,1331774880181399552,NCAA BIG 12,1,2,667752373111824384,trev7293,9,rchau56,83.8,112.72,Loss,True,83.8,0.0
2026,1331774880181399552,NCAA BIG 12,1,9,453711063846744064,rchau56,2,trev7293,112.72,83.8,Win,True,112.72,0.0
2026,1331774880181399552,NCAA BIG 12,1,3,533541056352481280,DavidJimm,10,FalconsRULE7,113.76,79.4,Win,True,113.76,0.0
2026,1331774880181399552,NCAA BIG 12,1,10,989926421084557312,FalconsRULE7,3,DavidJimm,79.4,113.76,Loss,True,79.4,0.0
2026,1331774880181399552,NCAA BIG 12,1,4,425362114291437568,deadheadshane,11,CousinMose15,135.16,173.66,Loss,True,135.16,0.0
2026,1331774880181399552,NCAA BIG 12,1,11,619190004979138560,CousinMose15,4,deadheadshane,173.66,135.16,Win,True,173.66,0.0
2026,1331774880181399552,NCAA BIG 12,1,6,335910160469880832,elianbruger,8,alicho,124.46,174.34,Loss,True,124.46,-0.0
2026,1331774880181399552,NCAA BIG 12,1,8,543929284962770944,alicho,6,elianbruger,174.34,124.46,Win,True,174.34,0.0
2026,1331774880181399552,NCAA BIG 12,1,7,425386065373691904,Frankeen,12,Gangly22,198.52,135.46,Win,True,198.52,-0.0
2026,1331774880181399552,NCAA BIG 12,1,12,820771678849171456,Gangly22,7,Frankeen,135.46,198.52,Loss,True,135.46,0.0
2026,1331774880181399552,NCAA BIG 12,2,1,Orphan,Orphan,8,alicho,122.12,145.78,Loss,True,122.12,0.0
2026,1331774880181399552,NCAA BIG 12,2,8,543929284962770944,alicho,1,Orphan,145.78,122.12,Win,True,145.78,-0.0
2026,1331774880181399552,NCAA BIG 12,2,2,667752373111824384,trev7293,10,FalconsRULE7,148.92,78.28,Win,True,148.92,-0.0
2026,1331774880181399552,NCAA BIG 12,2,10,989926421084557312,FalconsRULE7,2,trev7293,78.28,148.92,Loss,True,78.28,0.0
2026,1331774880181399552,NCAA BIG 12,2,3,533541056352481280,DavidJimm,12,Gangly22,102.54,81.08,Win,True,102.54,0.0
2026,1331774880181399552,NCAA BIG 12,2,12,820771678849171456,Gangly22,3,DavidJimm,81.08,102.54,Loss,True,81.08,0.0
2026,1331774880181399552,NCAA BIG 12,2,4,425362114291437568,deadheadshane,5,robertlouis7,124.1,197.06,Loss,True,124.1,0.0
2026,1331774880181399552,NCAA BIG 12,2,5,464117743042424832,robertlouis7,4,deadheadshane,197.06,124.1,Win,True,197.06,0.0
2026,1331774880181399552,NCAA BIG 12,2,6,335910160469880832,elianbruger,11,CousinMose15,105.98,102.92,Win,True,105.98,0.0
2026,1331774880181399552,NCAA BIG 12,2,11,619190004979138560,CousinMose15,6,elianbruger,102.92,105.98,Loss,True,102.92,0.0
2026,1331774880181399552,NCAA BIG 12,2,7,425386065373691904,Frankeen,9,rchau56,158.06,75.32,Win,True,158.06,0.0
2026,1331774880181399552,NCAA BIG 12,2,9,453711063846744064,rchau56,7,Frankeen,75.32,158.06,Loss,True,75.32,0.0
2026,1331774880181399552,NCAA BIG 12,3,1,Orphan,Orphan,6,elianbruger,75.66,129.64,Loss,True,75.66,0.0
2026,1331774880181399552,NCAA BIG 12,3,6,335910160469880832,elianbruger,1,Orphan,129.64,75.66,Win,True,129.64,0.0
2026,1331774880181399552,NCAA BIG 12,3,2,667752373111824384,trev7293,12,Gangly22,126.64,107.74,Win,True,126.64,0.0
2026,1331774880181399552,NCAA BIG 12,3,12,820771678849171456,Gangly22,2,trev7293,107.74,126.64,Loss,True,107.74,0.0
2026,1331774880181399552,NCAA BIG 12,3,3,533541056352481280,DavidJimm,7,Frankeen,99.88,156.48,Loss,True,99.88,0.0
2026,1331774880181399552,NCAA BIG 12,3,7,425386065373691904,Frankeen,3,DavidJimm,156.48,99.88,Win,True,156.48,0.0
2026,1331774880181399552,NCAA BIG 12,3,4,425362114291437568,deadheadshane,8,alicho,172.34,141.76,Win,True,172.34,0.0
2026,1331774880181399552,NCAA BIG 12,3,8,543929284962770944,alicho,4,deadheadshane,141.76,172.34,Loss,True,141.76,0.0
2026,1331774880181399552,NCAA BIG 12,3,5,464117743042424832,robertlouis7,11,CousinMose15,174.18,144.24,Win,True,174.18,0.0
2026,1331774880181399552,NCAA BIG 12,3,11,619190004979138560,CousinMose15,5,robertlouis7,144.24,174.18,Loss,True,144.24,0.0
2026,1331774880181399552,NCAA BIG 12,3,9,453711063846744064,rchau56,10,FalconsRULE7,110.56,80.18,Win,True,110.56,0.0
2026,1331774880181399552,NCAA BIG 12,3,10,989926421084557312,FalconsRULE7,9,rchau56,80.18,110.56,Loss,True,80.18,0.0
2026,1331774880181399552,NCAA BIG 12,4,1,Orphan,Orphan,11,CousinMose15,0.0,0.0,,True,0.0,0.0
2026,1331774880181399552,NCAA BIG 12,4,11,619190004979138560,CousinMose15,1,Orphan,0.0,0.0,,True,0.0,0.0
2026,1331774880181399552,NCAA BIG 12,4,2,667752373111824384,trev7293,7,Frankeen,0.0,16.1,Loss,True,0.0,0.0
2026,1331774880181399552,NCAA BIG 12,4,7,425386065373691904,Frankeen,2,trev7293,16.1,0.0,Win,True,16.1,0.0
2026,1331774880181399552,NCAA BIG 12,4,3,533541056352481280,DavidJimm,9,rchau56,15.0,15.6,Loss,True,15.0,0.0
2026,1331774880181399552,NCAA BIG 12,4,9,453711063846744064,rchau56,3,DavidJimm,15.6,15.0,Win,True,15.6,0.0
2026,1331774880181399552,NCAA BIG 12,4,4,425362114291437568,deadheadshane,6,elianbruger,11.4,0.0,Win,True,11.4,0.0
2026,1331774880181399552,NCAA BIG 12,4,6,335910160469880832,elianbruger,4,deadheadshane,0.0,11.4,Loss,True,0.0,0.0
2026,1331774880181399552,NCAA BIG 12,4,5,464117743042424832,robertlouis7,8,alicho,27.3,21.6,Win,True,27.3,0.0
2026,1331774880181399552,NCAA BIG 12,4,8,543929284962770944,alicho,5,robertlouis7,21.6,27.3,Loss,True,21.6,0.0
2026,1331774880181399552,NCAA BIG 12,4,10,989926421084557312,FalconsRULE7,12,Gangly22,0.0,16.5,Loss,True,0.0,0.0
2026,1331774880181399552,NCAA BIG 12,4,12,820771678849171456,Gangly22,10,FalconsRULE7,16.5,0.0,Win,True,16.5,0.0
2026,1331774880181399552,NCAA BIG 12,5,1,Orphan,Orphan,4,deadheadshane,0.0,0.0,,True,0.0,0.0
2026,1331774880181399552,NCAA BIG 12,5,4,425362114291437568,deadheadshane,1,Orphan,0.0,0.0,,True,0.0,0.0
2026,1331774880181399552,NCAA BIG 12,5,2,667752373111824384,trev7293,3,DavidJimm,0.0,0.0,,True,0.0,0.0
2026,1331774880181399552,NCAA BIG 12,5,3,533541056352481280,DavidJimm,2,trev7293,0.0,0.0,,True,0.0,0.0
2026,1331774880181399552,NCAA BIG 12,5,5,464117743042424832,robertlouis7,6,elianbruger,0.0,0.0,,True,0.0,0.0
2026,1331774880181399552,NCAA BIG 12,5,6,335910160469880832,elianbruger,5,robertlouis7,0.0,0.0,,True,0.0,0.0
2026,1331774880181399552,NCAA BIG 12,5,7,425386065373691904,Frankeen,10,FalconsRULE7,0.0,0.0,,True,0.0,0.0
2026,1331774880181399552,NCAA BIG 12,5,10,989926421084557312,FalconsRULE7,7,Frankeen,0.0,0.0,,True,0.0,0.0
2026,1331774880181399552,NCAA BIG 12,5,8,543929284962770944,alicho,11,CousinMose15,0.0,0.0,,True,0.0,0.0
2026,1331774880181399552,NCAA BIG 12,5,11,619190004979138560,CousinMose15,8,alicho,0.0,0.0,,True,0.0,0.0
2026,1331774880181399552,NCAA BIG 12,5,9,453711063846744064,rchau56,12,Gangly22,0.0,0.0,,True,0.0,0.0
2026,1331774880181399552,NCAA BIG 12,5,12,820771678849171456,Gangly22,9,rchau56,0.0,0.0,,True,0.0,0.0
2026,1331774880181399552,NCAA BIG 12,6,1,Orphan,Orphan,3,DavidJimm,0.0,0.0,,True,0.0,0.0
2026,1331774880181399552,NCAA BIG 12,6,3,533541056352481280,DavidJimm,1,Orphan,0.0,0.0,,True,0.0,0.0
2026,1331774880181399552,NCAA BIG 12,6,2,667752373111824384,trev7293,4,deadheadshane,0.0,0.0,,True,0.0,0.0
2026,1331774880181399552,NCAA BIG 12,6,4,425362114291437568,deadheadshane,2,trev7293,0.0,0.0,,True,0.0,0.0
2026,1331774880181399552,NCAA BIG 12,6,5,464117743042424832,robertlouis7,10,FalconsRULE7,0.0,0.0,,True,0.0,0.0
2026,1331774880181399552,NCAA BIG 12,6,10,989926421084557312,FalconsRULE7,5,robertlouis7,0.0,0.0,,True,0.0,0.0
2026,1331774880181399552,NCAA BIG 12,6,6,335910160469880832,elianbruger,7,Frankeen,0.0,0.0,,True,0.0,0.0
2026,1331774880181399552,NCAA BIG 12,6,7,425386065373691904,Frankeen,6,elianbruger,0.0,0.0,,True,0.0,0.0
2026,1331774880181399552,NCAA BIG 12,6,8,543929284962770944,alicho,12,Gangly22,0.0,0.0,,True,0.0,0.0
2026,1331774880181399552,NCAA BIG 12,6,12,820771678849171456,Gangly22,8,alicho,0.0,0.0,,True,0.0,0.0
2026,1331774880181399552,NCAA BIG 12,6,9,453711063846744064,rchau56,11,CousinMose15,0.0,0.0,,True,0.0,0.0
2026,1331774880181399552,NCAA BIG 12,6,11,619190004979138560,CousinMose15,9,rchau56,0.0,0.0,,True,0.0,0.0
2026,1331774880181399552,NCAA BIG 12,7,1,Orphan,Orphan,10,FalconsRULE7,0.0,0.0,,True,0.0,0.0
2026,1331774880181399552,NCAA BIG 12,7,10,989926421084557312,FalconsRULE7,1,Orphan,0.0,0.0,,True,0.0,0.0
2026,1331774880181399552,NCAA BIG 12,7,2,667752373111824384,trev7293,11,CousinMose15,0.0,0.0,,True,0.0,0.0
2026,1331774880181399552,NCAA BIG 12,7,11,619190004979138560,CousinMose15,2,trev7293,0.0,0.0,,True,0.0,0.0
2026,1331774880181399552,NCAA BIG 12,7,3,533541056352481280,DavidJimm,5,robertlouis7,0.0,0.0,,True,0.0,0.0
2026,1331774880181399552,NCAA BIG 12,7,5,464117743042424832,robertlouis7,3,DavidJimm,0.0,0.0,,True,0.0,0.0
2026,1331774880181399552,NCAA BIG 12,7,4,425362114291437568,deadheadshane,9,rchau56,0.0,0.0,,True,0.0,0.0
2026,1331774880181399552,NCAA BIG 12,7,9,453711063846744064,rchau56,4,deadheadshane,0.0,0.0,,True,0.0,0.0
2026,1331774880181399552,NCAA BIG 12,7,6,335910160469880832,elianbruger,12,Gangly22,0.0,0.0,,True,0.0,0.0
2026,1331774880181399552,NCAA BIG 12,7,12,820771678849171456,Gangly22,6,elianbruger,0.0,0.0,,True,0.0,0.0
2026,1331774880181399552,NCAA BIG 12,7,7,425386065373691904,Frankeen,8,alicho,0.0,0.0,,True,0.0,0.0
2026,1331774880181399552,NCAA BIG 12,7,8,543929284962770944,alicho,7,Frankeen,0.0,0.0,,True,0.0,0.0
2026,1331774880181399552,NCAA BIG 12,8,1,Orphan,Orphan,7,Frankeen,0.0,0.0,,True,0.0,0.0
2026,1331774880181399552,NCAA BIG 12,8,7,425386065373691904,Frankeen,1,Orphan,0.0,0.0,,True,0.0,0.0
2026,1331774880181399552,NCAA BIG 12,8,2,667752373111824384,trev7293,8,alicho,0.0,0.0,,True,0.0,0.0
2026,1331774880181399552,NCAA BIG 12,8,8,543929284962770944,alicho,2,trev7293,0.0,0.0,,True,0.0,0.0
2026,1331774880181399552,NCAA BIG 12,8,3,533541056352481280,DavidJimm,11,CousinMose15,0.0,0.0,,True,0.0,0.0
2026,1331774880181399552,NCAA BIG 12,8,11,619190004979138560,CousinMose15,3,DavidJimm,0.0,0.0,,True,0.0,0.0
2026,1331774880181399552,NCAA BIG 12,8,4,425362114291437568,deadheadshane,10,FalconsRULE7,0.0,0.0,,True,0.0,0.0
2026,1331774880181399552,NCAA BIG 12,8,10,989926421084557312,FalconsRULE7,4,deadheadshane,0.0,0.0,,True,0.0,0.0
2026,1331774880181399552,NCAA BIG 12,8,5,464117743042424832,robertlouis7,12,Gangly22,0.0,0.0,,True,0.0,0.0
2026,1331774880181399552,NCAA BIG 12,8,12,820771678849171456,Gangly22,5,robertlouis7,0.0,0.0,,True,0.0,0.0
2026,1331774880181399552,NCAA BIG 12,8,6,335910160469880832,elianbruger,9,rchau56,0.0,0.0,,True,0.0,0.0
2026,1331774880181399552,NCAA BIG 12,8,9,453711063846744064,rchau56,6,elianbruger,0.0,0.0,,True,0.0,0.0
2026,1331774880181399552,NCAA BIG 12,9,1,Orphan,Orphan,12,Gangly22,0.0,0.0,,True,0.0,0.0
2026,1331774880181399552,NCAA BIG 12,9,12,820771678849171456,Gangly22,1,Orphan,0.0,0.0,,True,0.0,0.0
2026,1331774880181399552,NCAA BIG 12,9,2,667752373111824384,trev7293,6,elianbruger,0.0,0.0,,True,0.0,0.0
2026,1331774880181399552,NCAA BIG 12,9,6,335910160469880832,elianbruger,2,trev7293,0.0,0.0,,True,0.0,0.0
2026,1331774880181399552,NCAA BIG 12,9,3,533541056352481280,DavidJimm,4,deadheadshane,0.0,0.0,,True,0.0,0.0
2026,1331774880181399552,NCAA BIG 12,9,4,425362114291437568,deadheadshane,3,DavidJimm,0.0,0.0,,True,0.0,0.0
2026,1331774880181399552,NCAA BIG 12,9,5,464117743042424832,robertlouis7,7,Frankeen,0.0,0.0,,True,0.0,0.0
2026,1331774880181399552,NCAA BIG 12,9,7,425386065373691904,Frankeen,5,robertlouis7,0.0,0.0,,True,0.0,0.0
2026,1331774880181399552,NCAA BIG 12,9,8,543929284962770944,alicho,9,rchau56,0.0,0.0,,True,0.0,0.0
2026,1331774880181399552,NCAA BIG 12,9,9,453711063846744064,rchau56,8,alicho,0.0,0.0,,True,0.0,0.0
2026,1331774880181399552,NCAA BIG 12,9,10,989926421084557312,FalconsRULE7,11,CousinMose15,0.0,0.0,,True,0.0,0.0
2026,1331774880181399552,NCAA BIG 12,9,11,619190004979138560,CousinMose15,10,FalconsRULE7,0.0,0.0,,True,0.0,0.0
2026,1331774880181399552,NCAA BIG 12,10,1,Orphan,Orphan,9,rchau56,0.0,0.0,,True,0.0,0.0
2026,1331774880181399552,NCAA BIG 12,10,9,453711063846744064,rchau56,1,Orphan,0.0,0.0,,True,0.0,0.0
2026,1331774880181399552,NCAA BIG 12,10,2,667752373111824384,trev7293,5,robertlouis7,0.0,0.0,,True,0.0,0.0
2026,1331774880181399552,NCAA BIG 12,10,5,464117743042424832,robertlouis7,2,trev7293,0.0,0.0,,True,0.0,0.0
2026,1331774880181399552,NCAA BIG 12,10,3,533541056352481280,DavidJimm,6,elianbruger,0.0,0.0,,True,0.0,0.0
2026,1331774880181399552,NCAA BIG 12,10,6,335910160469880832,elianbruger,3,DavidJimm,0.0,0.0,,True,0.0,0.0
2026,1331774880181399552,NCAA BIG 12,10,4,425362114291437568,deadheadshane,12,Gangly22,0.0,0.0,,True,0.0,0.0
2026,1331774880181399552,NCAA BIG 12,10,12,820771678849171456,Gangly22,4,deadheadshane,0.0,0.0,,True,0.0,0.0
2026,1331774880181399552,NCAA BIG 12,10,7,425386065373691904,Frankeen,11,CousinMose15,0.0,0.0,,True,0.0,0.0
2026,1331774880181399552,NCAA BIG 12,10,11,619190004979138560,CousinMose15,7,Frankeen,0.0,0.0,,True,0.0,0.0
2026,1331774880181399552,NCAA BIG 12,10,8,543929284962770944,alicho,10,FalconsRULE7,0.0,0.0,,True,0.0,0.0
2026,1331774880181399552,NCAA BIG 12,10,10,989926421084557312,FalconsRULE7,8,alicho,0.0,0.0,,True,0.0,0.0
2026,1331774880181399552,NCAA BIG 12,11,1,Orphan,Orphan,2,trev7293,0.0,0.0,,True,0.0,0.0
2026,1331774880181399552,NCAA BIG 12,11,2,667752373111824384,trev7293,1,Orphan,0.0,0.0,,True,0.0,0.0
2026,1331774880181399552,NCAA BIG 12,11,3,533541056352481280,DavidJimm,8,alicho,0.0,0.0,,True,0.0,0.0
2026,1331774880181399552,NCAA BIG 12,11,8,543929284962770944,alicho,3,DavidJimm,0.0,0.0,,True,0.0,0.0
2026,1331774880181399552,NCAA BIG 12,11,4,425362114291437568,deadheadshane,7,Frankeen,0.0,0.0,,True,0.0,0.0
2026,1331774880181399552,NCAA BIG 12,11,7,425386065373691904,Frankeen,4,deadheadshane,0.0,0.0,,True,0.0,0.0
2026,1331774880181399552,NCAA BIG 12,11,5,464117743042424832,robertlouis7,9,rchau56,0.0,0.0,,True,0.0,0.0
2026,1331774880181399552,NCAA BIG 12,11,9,453711063846744064,rchau56,5,robertlouis7,0.0,0.0,,True,0.0,0.0
2026,1331774880181399552,NCAA BIG 12,11,6,335910160469880832,elianbruger,10,FalconsRULE7,0.0,0.0,,True,0.0,0.0
2026,1331774880181399552,NCAA BIG 12,11,10,989926421084557312,FalconsRULE7,6,elianbruger,0.0,0.0,,True,0.0,0.0
2026,1331774880181399552,NCAA BIG 12,11,11,619190004979138560,CousinMose15,12,Gangly22,0.0,0.0,,True,0.0,0.0
2026,1331774880181399552,NCAA BIG 12,11,12,820771678849171456,Gangly22,11,CousinMose15,0.0,0.0,,True,0.0,0.0
2026,1331774880181399552,NCAA BIG 12,12,1,Orphan,Orphan,5,robertlouis7,0.0,0.0,,False,0.0,0.0
2026,1331774880181399552,NCAA BIG 12,12,5,464117743042424832,robertlouis7,1,Orphan,0.0,0.0,,False,0.0,0.0
2026,1331774880181399552,NCAA BIG 12,12,2,667752373111824384,trev7293,9,rchau56,0.0,0.0,,False,0.0,0.0
2026,1331774880181399552,NCAA BIG 12,12,9,453711063846744064,rchau56,2,trev7293,0.0,0.0,,False,0.0,0.0
2026,1331774880181399552,NCAA BIG 12,12,3,533541056352481280,DavidJimm,10,FalconsRULE7,0.0,0.0,,False,0.0,0.0
2026,1331774880181399552,NCAA BIG 12,12,10,989926421084557312,FalconsRULE7,3,DavidJimm,0.0,0.0,,False,0.0,0.0
2026,1331774880181399552,NCAA BIG 12,12,4,425362114291437568,deadheadshane,11,CousinMose15,0.0,0.0,,False,0.0,0.0
2026,1331774880181399552,NCAA BIG 12,12,11,619190004979138560,CousinMose15,4,deadheadshane,0.0,0.0,,False,0.0,0.0
2026,1331774880181399552,NCAA BIG 12,12,6,335910160469880832,elianbruger,8,alicho,0.0,0.0,,False,0.0,0.0
2026,1331774880181399552,NCAA BIG 12,12,8,543929284962770944,alicho,6,elianbruger,0.0,0.0,,False,0.0,0.0
2026,1331774880181399552,NCAA BIG 12,12,7,425386065373691904,Frankeen,12,Gangly22,0.0,0.0,,False,0.0,0.0
2026,1331774880181399552,NCAA BIG 12,12,12,820771678849171456,Gangly22,7,Frankeen,0.0,0.0,,False,0.0,0.0
2026,1331774880181399552,NCAA BIG 12,13,1,Orphan,Orphan,8,alicho,0.0,0.0,,False,0.0,0.0
2026,1331774880181399552,NCAA BIG 12,13,8,543929284962770944,alicho,1,Orphan,0.0,0.0,,False,0.0,0.0
2026,1331774880181399552,NCAA BIG 12,13,2,667752373111824384,trev7293,10,FalconsRULE7,0.0,0.0,,False,0.0,0.0
2026,1331774880181399552,NCAA BIG 12,13,10,989926421084557312,FalconsRULE7,2,trev7293,0.0,0.0,,False,0.0,0.0
2026,1331774880181399552,NCAA BIG 12,13,3,533541056352481280,DavidJimm,12,Gangly22,0.0,0.0,,False,0.0,0.0
2026,1331774880181399552,NCAA BIG 12,13,12,820771678849171456,Gangly22,3,DavidJimm,0.0,0.0,,False,0.0,0.0
2026,1331774880181399552,NCAA BIG 12,13,4,425362114291437568,deadheadshane,5,robertlouis7,0.0,0.0,,False,0.0,0.0
2026,1331774880181399552,NCAA BIG 12,13,5,464117743042424832,robertlouis7,4,deadheadshane,0.0,0.0,,False,0.0,0.0
2026,1331774880181399552,NCAA BIG 12,13,6,335910160469880832,elianbruger,11,CousinMose15,0.0,0.0,,False,0.0,0.0
2026,1331774880181399552,NCAA BIG 12,13,11,619190004979138560,CousinMose15,6,elianbruger,0.0,0.0,,False,0.0,0.0
2026,1331774880181399552,NCAA BIG 12,13,7,425386065373691904,Frankeen,9,rchau56,0.0,0.0,,False,0.0,0.0
2026,1331774880181399552,NCAA BIG 12,13,9,453711063846744064,rchau56,7,Frankeen,0.0,0.0,,False,0.0,0.0
2026,1331774880181399552,NCAA BIG 12,14,1,Orphan,Orphan,6,elianbruger,0.0,0.0,,False,0.0,0.0
2026,1331774880181399552,NCAA BIG 12,14,6,335910160469880832,elianbruger,1,Orphan,0.0,0.0,,False,0.0,0.0
2026,1331774880181399552,NCAA BIG 12,14,2,667752373111824384,trev7293,12,Gangly22,0.0,0.0,,False,0.0,0.0
2026,1331774880181399552,NCAA BIG 12,14,12,820771678849171456,Gangly22,2,trev7293,0.0,0.0,,False,0.0,0.0
2026,1331774880181399552,NCAA BIG 12,14,3,533541056352481280,DavidJimm,7,Frankeen,0.0,0.0,,False,0.0,0.0
2026,1331774880181399552,NCAA BIG 12,14,7,425386065373691904,Frankeen,3,DavidJimm,0.0,0.0,,False,0.0,0.0
2026,1331774880181399552,NCAA BIG 12,14,4,425362114291437568,deadheadshane,8,alicho,0.0,0.0,,False,0.0,0.0
2026,1331774880181399552,NCAA BIG 12,14,8,543929284962770944,alicho,4,deadheadshane,0.0,0.0,,False,0.0,0.0
2026,1331774880181399552,NCAA BIG 12,14,5,464117743042424832,robertlouis7,11,CousinMose15,0.0,0.0,,False,0.0,0.0
2026,1331774880181399552,NCAA BIG 12,14,11,619190004979138560,CousinMose15,5,robertlouis7,0.0,0.0,,False,0.0,0.0
2026,1331774880181399552,NCAA BIG 12,14,9,453711063846744064,rchau56,10,FalconsRULE7,0.0,0.0,,False,0.0,0.0
2026,1331774880181399552,NCAA BIG 12,14,10,989926421084557312,FalconsRULE7,9,rchau56,0.0,0.0,,False,0.0,0.0
2026,1331774880181399552,NCAA BIG 12,15,1,Orphan,Orphan,11,CousinMose15,0.0,0.0,,False,0.0,0.0
2026,1331774880181399552,NCAA BIG 12,15,11,619190004979138560,CousinMose15,1,Orphan,0.0,0.0,,False,0.0,0.0
2026,1331774880181399552,NCAA BIG 12,15,2,667752373111824384,trev7293,7,Frankeen,0.0,0.0,,False,0.0,0.0
2026,1331774880181399552,NCAA BIG 12,15,7,425386065373691904,Frankeen,2,trev7293,0.0,0.0,,False,0.0,0.0
2026,1331774880181399552,NCAA BIG 12,15,3,533541056352481280,DavidJimm,9,rchau56,0.0,0.0,,False,0.0,0.0
2026,1331774880181399552,NCAA BIG 12,15,9,453711063846744064,rchau56,3,DavidJimm,0.0,0.0,,False,0.0,0.0
2026,1331774880181399552,NCAA BIG 12,15,4,425362114291437568,deadheadshane,6,elianbruger,0.0,0.0,,False,0.0,0.0
2026,1331774880181399552,NCAA BIG 12,15,6,335910160469880832,elianbruger,4,deadheadshane,0.0,0.0,,False,0.0,0.0
2026,1331774880181399552,NCAA BIG 12,15,5,464117743042424832,robertlouis7,8,alicho,0.0,0.0,,False,0.0,0.0
2026,1331774880181399552,NCAA BIG 12,15,8,543929284962770944,alicho,5,robertlouis7,0.0,0.0,,False,0.0,0.0
2026,1331774880181399552,NCAA BIG 12,15,10,989926421084557312,FalconsRULE7,12,Gangly22,0.0,0.0,,False,0.0,0.0
2026,1331774880181399552,NCAA BIG 12,15,12,820771678849171456,Gangly22,10,FalconsRULE7,0.0,0.0,,False,0.0,0.0
2026,1331774880181399552,NCAA BIG 12,16,1,Orphan,Orphan,4,deadheadshane,0.0,0.0,,False,0.0,0.0
2026,1331774880181399552,NCAA BIG 12,16,4,425362114291437568,deadheadshane,1,Orphan,0.0,0.0,,False,0.0,0.0
2026,1331774880181399552,NCAA BIG 12,16,2,667752373111824384,trev7293,3,DavidJimm,0.0,0.0,,False,0.0,0.0
2026,1331774880181399552,NCAA BIG 12,16,3,533541056352481280,DavidJimm,2,trev7293,0.0,0.0,,False,0.0,0.0
2026,1331774880181399552,NCAA BIG 12,16,5,464117743042424832,robertlouis7,6,elianbruger,0.0,0.0,,False,0.0,0.0
2026,1331774880181399552,NCAA BIG 12,16,6,335910160469880832,elianbruger,5,robertlouis7,0.0,0.0,,False,0.0,0.0
2026,1331774880181399552,NCAA BIG 12,16,7,425386065373691904,Frankeen,10,FalconsRULE7,0.0,0.0,,False,0.0,0.0
2026,1331774880181399552,NCAA BIG 12,16,10,989926421084557312,FalconsRULE7,7,Frankeen,0.0,0.0,,False,0.0,0.0
2026,1331774880181399552,NCAA BIG 12,16,8,543929284962770944,alicho,11,CousinMose15,0.0,0.0,,False,0.0,0.0
2026,1331774880181399552,NCAA BIG 12,16,11,619190004979138560,CousinMose15,8,alicho,0.0,0.0,,False,0.0,0.0
2026,1331774880181399552,NCAA BIG 12,16,9,453711063846744064,rchau56,12,Gangly22,0.0,0.0,,False,0.0,0.0
2026,1331774880181399552,NCAA BIG 12,16,12,820771678849171456,Gangly22,9,rchau56,0.0,0.0,,False,0.0,0.0
2026,1331774880181399552,NCAA BIG 12,17,1,Orphan,Orphan,3,DavidJimm,0.0,0.0,,False,0.0,0.0
2026,1331774880181399552,NCAA BIG 12,17,3,533541056352481280,DavidJimm,1,Orphan,0.0,0.0,,False,0.0,0.0
2026,1331774880181399552,NCAA BIG 12,17,2,667752373111824384,trev7293,4,deadheadshane,0.0,0.0,,False,0.0,0.0
2026,1331774880181399552,NCAA BIG 12,17,4,425362114291437568,deadheadshane,2,trev7293,0.0,0.0,,False,0.0,0.0
2026,1331774880181399552,NCAA BIG 12,17,5,464117743042424832,robertlouis7,10,FalconsRULE7,0.0,0.0,,False,0.0,0.0
2026,1331774880181399552,NCAA BIG 12,17,10,989926421084557312,FalconsRULE7,5,robertlouis7,0.0,0.0,,False,0.0,0.0
2026,1331774880181399552,NCAA BIG 12,17,6,335910160469880832,elianbruger,7,Frankeen,0.0,0.0,,False,0.0,0.0
2026,1331774880181399552,NCAA BIG 12,17,7,425386065373691904,Frankeen,6,elianbruger,0.0,0.0,,False,0.0,0.0
2026,1331774880181399552,NCAA BIG 12,17,8,543929284962770944,alicho,12,Gangly22,0.0,0.0,,False,0.0,0.0
2026,1331774880181399552,NCAA BIG 12,17,12,820771678849171456,Gangly22,8,alicho,0.0,0.0,,False,0.0,0.0
2026,1331774880181399552,NCAA BIG 12,17,9,453711063846744064,rchau56,11,CousinMose15,0.0,0.0,,False,0.0,0.0
2026,1331774880181399552,NCAA BIG 12,17,11,619190004979138560,CousinMose15,9,rchau56,0.0,0.0,,False,0.0,0.0
2026,1331774880181399552,NCAA BIG 12,18,1,Orphan,Orphan,10,FalconsRULE7,0.0,0.0,,False,0.0,0.0
2026,1331774880181399552,NCAA BIG 12,18,10,989926421084557312,FalconsRULE7,1,Orphan,0.0,0.0,,False,0.0,0.0
2026,1331774880181399552,NCAA BIG 12,18,2,667752373111824384,trev7293,11,CousinMose15,0.0,0.0,,False,0.0,0.0
2026,1331774880181399552,NCAA BIG 12,18,11,619190004979138560,CousinMose15,2,trev7293,0.0,0.0,,False,0.0,0.0
2026,1331774880181399552,NCAA BIG 12,18,3,533541056352481280,DavidJimm,5,robertlouis7,0.0,0.0,,False,0.0,0.0
2026,1331774880181399552,NCAA BIG 12,18,5,464117743042424832,robertlouis7,3,DavidJimm,0.0,0.0,,False,0.0,0.0
2026,1331774880181399552,NCAA BIG 12,18,4,425362114291437568,deadheadshane,9,rchau56,0.0,0.0,,False,0.0,0.0
2026,1331774880181399552,NCAA BIG 12,18,9,453711063846744064,rchau56,4,deadheadshane,0.0,0.0,,False,0.0,0.0
2026,1331774880181399552,NCAA BIG 12,18,6,335910160469880832,elianbruger,12,Gangly22,0.0,0.0,,False,0.0,0.0
2026,1331774880181399552,NCAA BIG 12,18,12,820771678849171456,Gangly22,6,elianbruger,0.0,0.0,,False,0.0,0.0
2026,1331774880181399552,NCAA BIG 12,18,7,425386065373691904,Frankeen,8,alicho,0.0,0.0,,False,0.0,0.0
2026,1331774880181399552,NCAA BIG 12,18,8,543929284962770944,alicho,7,Frankeen,0.0,0.0,,False,0.0,0.0
2026,1331774846710849536,NCAA SUN BELT,1,1,751973682779508736,bruceble,6,Raidersforte,152.8,136.26,Win,True,152.8,0.0
2026,1331774846710849536,NCAA SUN BELT,1,6,465019661495300096,Raidersforte,1,bruceble,136.26,152.8,Loss,True,136.26,-0.0
2026,1331774846710849536,NCAA SUN BELT,1,2,873461886535036928,Tommybuckets000,12,utsa,136.76,157.16,Loss,True,136.76,0.0
2026,1331774846710849536,NCAA SUN BELT,1,12,465297932204109824,utsa,2,Tommybuckets000,157.16,136.76,Win,True,157.16,0.0
2026,1331774846710849536,NCAA SUN BELT,1,3,739765296801390592,claym89,5,PackMan1212,134.5,138.62,Loss,True,134.5,0.0
2026,1331774846710849536,NCAA SUN BELT,1,5,546466738316963840,PackMan1212,3,claym89,138.62,134.5,Win,True,138.62,0.0
2026,1331774846710849536,NCAA SUN BELT,1,4,447283305738399744,lucchityler,8,yoboihawks,122.24,179.62,Loss,True,122.24,0.0
2026,1331774846710849536,NCAA SUN BELT,1,8,441362521463451648,yoboihawks,4,lucchityler,179.62,122.24,Win,True,179.62,0.0
2026,1331774846710849536,NCAA SUN BELT,1,7,547214728132608000,alphabeasttt,9,denvermanning,120.36,157.86,Loss,True,120.36,0.0
2026,1331774846710849536,NCAA SUN BELT,1,9,380128482900062208,denvermanning,7,alphabeasttt,157.86,120.36,Win,True,157.86,0.0
2026,1331774846710849536,NCAA SUN BELT,1,10,441330448283463680,Fr3shBC11,11,Resolhjk,84.34,188.16,Loss,True,84.34,0.0
2026,1331774846710849536,NCAA SUN BELT,1,11,1235453121577111552,Resolhjk,10,Fr3shBC11,188.16,84.34,Win,True,188.16,-0.0
2026,1331774846710849536,NCAA SUN BELT,2,1,751973682779508736,bruceble,2,Tommybuckets000,121.02,139.6,Loss,True,121.02,-0.0
2026,1331774846710849536,NCAA SUN BELT,2,2,873461886535036928,Tommybuckets000,1,bruceble,139.6,121.02,Win,True,139.6,-0.0
2026,1331774846710849536,NCAA SUN BELT,2,3,739765296801390592,claym89,11,Resolhjk,108.84,183.72,Loss,True,108.84,0.0
2026,1331774846710849536,NCAA SUN BELT,2,11,1235453121577111552,Resolhjk,3,claym89,183.72,108.84,Win,True,183.72,0.0
2026,1331774846710849536,NCAA SUN BELT,2,4,447283305738399744,lucchityler,12,utsa,90.88,115.72,Loss,True,90.88,-0.0
2026,1331774846710849536,NCAA SUN BELT,2,12,465297932204109824,utsa,4,lucchityler,115.72,90.88,Win,True,115.72,0.0
2026,1331774846710849536,NCAA SUN BELT,2,5,546466738316963840,PackMan1212,7,alphabeasttt,73.6,147.08,Loss,True,73.6,0.0
2026,1331774846710849536,NCAA SUN BELT,2,7,547214728132608000,alphabeasttt,5,PackMan1212,147.08,73.6,Win,True,147.08,0.0
2026,1331774846710849536,NCAA SUN BELT,2,6,465019661495300096,Raidersforte,8,yoboihawks,141.18,131.36,Win,True,141.18,0.0
2026,1331774846710849536,NCAA SUN BELT,2,8,441362521463451648,yoboihawks,6,Raidersforte,131.36,141.18,Loss,True,131.36,0.0
2026,1331774846710849536,NCAA SUN BELT,2,9,380128482900062208,denvermanning,10,Fr3shBC11,119.22,77.98,Win,True,119.22,0.0
2026,1331774846710849536,NCAA SUN BELT,2,10,441330448283463680,Fr3shBC11,9,denvermanning,77.98,119.22,Loss,True,77.98,0.0
2026,1331774846710849536,NCAA SUN BELT,3,1,751973682779508736,bruceble,12,utsa,154.52,121.04,Win,True,154.52,0.0
2026,1331774846710849536,NCAA SUN BELT,3,12,465297932204109824,utsa,1,bruceble,121.04,154.52,Loss,True,121.04,0.0
2026,1331774846710849536,NCAA SUN BELT,3,2,873461886535036928,Tommybuckets000,8,yoboihawks,124.84,135.88,Loss,True,124.84,0.0
2026,1331774846710849536,NCAA SUN BELT,3,8,441362521463451648,yoboihawks,2,Tommybuckets000,135.88,124.84,Win,True,135.88,0.0
2026,1331774846710849536,NCAA SUN BELT,3,3,739765296801390592,claym89,7,alphabeasttt,117.06,146.98,Loss,True,117.06,0.0
2026,1331774846710849536,NCAA SUN BELT,3,7,547214728132608000,alphabeasttt,3,claym89,146.98,117.06,Win,True,146.98,0.0
2026,1331774846710849536,NCAA SUN BELT,3,4,447283305738399744,lucchityler,6,Raidersforte,89.26,130.58,Loss,True,89.26,0.0
2026,1331774846710849536,NCAA SUN BELT,3,6,465019661495300096,Raidersforte,4,lucchityler,130.58,89.26,Win,True,130.58,0.0
2026,1331774846710849536,NCAA SUN BELT,3,5,546466738316963840,PackMan1212,10,Fr3shBC11,127.42,100.28,Win,True,127.42,0.0
2026,1331774846710849536,NCAA SUN BELT,3,10,441330448283463680,Fr3shBC11,5,PackMan1212,100.28,127.42,Loss,True,100.28,0.0
2026,1331774846710849536,NCAA SUN BELT,3,9,380128482900062208,denvermanning,11,Resolhjk,175.74,120.36,Win,True,175.74,0.0
2026,1331774846710849536,NCAA SUN BELT,3,11,1235453121577111552,Resolhjk,9,denvermanning,120.36,175.74,Loss,True,120.36,-0.0
2026,1331774846710849536,NCAA SUN BELT,4,1,751973682779508736,bruceble,8,yoboihawks,7.0,9.2,Loss,True,7.0,0.0
2026,1331774846710849536,NCAA SUN BELT,4,8,441362521463451648,yoboihawks,1,bruceble,9.2,7.0,Win,True,9.2,0.0
2026,1331774846710849536,NCAA SUN BELT,4,2,873461886535036928,Tommybuckets000,4,lucchityler,0.0,15.0,Loss,True,0.0,0.0
2026,1331774846710849536,NCAA SUN BELT,4,4,447283305738399744,lucchityler,2,Tommybuckets000,15.0,0.0,Win,True,15.0,0.0
2026,1331774846710849536,NCAA SUN BELT,4,3,739765296801390592,claym89,10,Fr3shBC11,9.1,24.96,Loss,True,9.1,0.0
2026,1331774846710849536,NCAA SUN BELT,4,10,441330448283463680,Fr3shBC11,3,claym89,24.96,9.1,Win,True,24.96,0.0
2026,1331774846710849536,NCAA SUN BELT,4,5,546466738316963840,PackMan1212,9,denvermanning,0.0,0.0,,True,0.0,0.0
2026,1331774846710849536,NCAA SUN BELT,4,9,380128482900062208,denvermanning,5,PackMan1212,0.0,0.0,,True,0.0,0.0
2026,1331774846710849536,NCAA SUN BELT,4,6,465019661495300096,Raidersforte,12,utsa,22.7,27.0,Loss,True,22.7,0.0
2026,1331774846710849536,NCAA SUN BELT,4,12,465297932204109824,utsa,6,Raidersforte,27.0,22.7,Win,True,27.0,0.0
2026,1331774846710849536,NCAA SUN BELT,4,7,547214728132608000,alphabeasttt,11,Resolhjk,37.1,0.0,Win,True,37.1,0.0
2026,1331774846710849536,NCAA SUN BELT,4,11,1235453121577111552,Resolhjk,7,alphabeasttt,0.0,37.1,Loss,True,0.0,0.0
2026,1331774846710849536,NCAA SUN BELT,5,1,751973682779508736,bruceble,4,lucchityler,0.0,0.0,,True,0.0,0.0
2026,1331774846710849536,NCAA SUN BELT,5,4,447283305738399744,lucchityler,1,bruceble,0.0,0.0,,True,0.0,0.0
2026,1331774846710849536,NCAA SUN BELT,5,2,873461886535036928,Tommybuckets000,6,Raidersforte,0.0,0.0,,True,0.0,0.0
2026,1331774846710849536,NCAA SUN BELT,5,6,465019661495300096,Raidersforte,2,Tommybuckets000,0.0,0.0,,True,0.0,0.0
2026,1331774846710849536,NCAA SUN BELT,5,3,739765296801390592,claym89,9,denvermanning,0.0,0.0,,True,0.0,0.0
2026,1331774846710849536,NCAA SUN BELT,5,9,380128482900062208,denvermanning,3,claym89,0.0,0.0,,True,0.0,0.0
2026,1331774846710849536,NCAA SUN BELT,5,5,546466738316963840,PackMan1212,11,Resolhjk,0.0,0.0,,True,0.0,0.0
2026,1331774846710849536,NCAA SUN BELT,5,11,1235453121577111552,Resolhjk,5,PackMan1212,0.0,0.0,,True,0.0,0.0
2026,1331774846710849536,NCAA SUN BELT,5,7,547214728132608000,alphabeasttt,10,Fr3shBC11,0.0,0.0,,True,0.0,0.0
2026,1331774846710849536,NCAA SUN BELT,5,10,441330448283463680,Fr3shBC11,7,alphabeasttt,0.0,0.0,,True,0.0,0.0
2026,1331774846710849536,NCAA SUN BELT,5,8,441362521463451648,yoboihawks,12,utsa,0.0,0.0,,True,0.0,0.0
2026,1331774846710849536,NCAA SUN BELT,5,12,465297932204109824,utsa,8,yoboihawks,0.0,0.0,,True,0.0,0.0
2026,1331774846710849536,NCAA SUN BELT,6,1,751973682779508736,bruceble,9,denvermanning,0.0,0.0,,True,0.0,0.0
2026,1331774846710849536,NCAA SUN BELT,6,9,380128482900062208,denvermanning,1,bruceble,0.0,0.0,,True,0.0,0.0
2026,1331774846710849536,NCAA SUN BELT,6,2,873461886535036928,Tommybuckets000,10,Fr3shBC11,0.0,0.0,,True,0.0,0.0
2026,1331774846710849536,NCAA SUN BELT,6,10,441330448283463680,Fr3shBC11,2,Tommybuckets000,0.0,0.0,,True,0.0,0.0
2026,1331774846710849536,NCAA SUN BELT,6,3,739765296801390592,claym89,4,lucchityler,0.0,0.0,,True,0.0,0.0
2026,1331774846710849536,NCAA SUN BELT,6,4,447283305738399744,lucchityler,3,claym89,0.0,0.0,,True,0.0,0.0
2026,1331774846710849536,NCAA SUN BELT,6,5,546466738316963840,PackMan1212,8,yoboihawks,0.0,0.0,,True,0.0,0.0
2026,1331774846710849536,NCAA SUN BELT,6,8,441362521463451648,yoboihawks,5,PackMan1212,0.0,0.0,,True,0.0,0.0
2026,1331774846710849536,NCAA SUN BELT,6,6,465019661495300096,Raidersforte,7,alphabeasttt,0.0,0.0,,True,0.0,0.0
2026,1331774846710849536,NCAA SUN BELT,6,7,547214728132608000,alphabeasttt,6,Raidersforte,0.0,0.0,,True,0.0,0.0
2026,1331774846710849536,NCAA SUN BELT,6,11,1235453121577111552,Resolhjk,12,utsa,0.0,0.0,,True,0.0,0.0
2026,1331774846710849536,NCAA SUN BELT,6,12,465297932204109824,utsa,11,Resolhjk,0.0,0.0,,True,0.0,0.0
2026,1331774846710849536,NCAA SUN BELT,7,1,751973682779508736,bruceble,7,alphabeasttt,0.0,0.0,,True,0.0,0.0
2026,1331774846710849536,NCAA SUN BELT,7,7,547214728132608000,alphabeasttt,1,bruceble,0.0,0.0,,True,0.0,0.0
2026,1331774846710849536,NCAA SUN BELT,7,2,873461886535036928,Tommybuckets000,11,Resolhjk,0.0,0.0,,True,0.0,0.0
2026,1331774846710849536,NCAA SUN BELT,7,11,1235453121577111552,Resolhjk,2,Tommybuckets000,0.0,0.0,,True,0.0,0.0
2026,1331774846710849536,NCAA SUN BELT,7,3,739765296801390592,claym89,8,yoboihawks,0.0,0.0,,True,0.0,0.0
2026,1331774846710849536,NCAA SUN BELT,7,8,441362521463451648,yoboihawks,3,claym89,0.0,0.0,,True,0.0,0.0
2026,1331774846710849536,NCAA SUN BELT,7,4,447283305738399744,lucchityler,5,PackMan1212,0.0,0.0,,True,0.0,0.0
2026,1331774846710849536,NCAA SUN BELT,7,5,546466738316963840,PackMan1212,4,lucchityler,0.0,0.0,,True,0.0,0.0
2026,1331774846710849536,NCAA SUN BELT,7,6,465019661495300096,Raidersforte,9,denvermanning,0.0,0.0,,True,0.0,0.0
2026,1331774846710849536,NCAA SUN BELT,7,9,380128482900062208,denvermanning,6,Raidersforte,0.0,0.0,,True,0.0,0.0
2026,1331774846710849536,NCAA SUN BELT,7,10,441330448283463680,Fr3shBC11,12,utsa,0.0,0.0,,True,0.0,0.0
2026,1331774846710849536,NCAA SUN BELT,7,12,465297932204109824,utsa,10,Fr3shBC11,0.0,0.0,,True,0.0,0.0
2026,1331774846710849536,NCAA SUN BELT,8,1,751973682779508736,bruceble,10,Fr3shBC11,0.0,0.0,,True,0.0,0.0
2026,1331774846710849536,NCAA SUN BELT,8,10,441330448283463680,Fr3shBC11,1,bruceble,0.0,0.0,,True,0.0,0.0
2026,1331774846710849536,NCAA SUN BELT,8,2,873461886535036928,Tommybuckets000,5,PackMan1212,0.0,0.0,,True,0.0,0.0
2026,1331774846710849536,NCAA SUN BELT,8,5,546466738316963840,PackMan1212,2,Tommybuckets000,0.0,0.0,,True,0.0,0.0
2026,1331774846710849536,NCAA SUN BELT,8,3,739765296801390592,claym89,12,utsa,0.0,0.0,,True,0.0,0.0
2026,1331774846710849536,NCAA SUN BELT,8,12,465297932204109824,utsa,3,claym89,0.0,0.0,,True,0.0,0.0
2026,1331774846710849536,NCAA SUN BELT,8,4,447283305738399744,lucchityler,7,alphabeasttt,0.0,0.0,,True,0.0,0.0
2026,1331774846710849536,NCAA SUN BELT,8,7,547214728132608000,alphabeasttt,4,lucchityler,0.0,0.0,,True,0.0,0.0
2026,1331774846710849536,NCAA SUN BELT,8,6,465019661495300096,Raidersforte,11,Resolhjk,0.0,0.0,,True,0.0,0.0
2026,1331774846710849536,NCAA SUN BELT,8,11,1235453121577111552,Resolhjk,6,Raidersforte,0.0,0.0,,True,0.0,0.0
2026,1331774846710849536,NCAA SUN BELT,8,8,441362521463451648,yoboihawks,9,denvermanning,0.0,0.0,,True,0.0,0.0
2026,1331774846710849536,NCAA SUN BELT,8,9,380128482900062208,denvermanning,8,yoboihawks,0.0,0.0,,True,0.0,0.0
2026,1331774846710849536,NCAA SUN BELT,9,1,751973682779508736,bruceble,11,Resolhjk,0.0,0.0,,True,0.0,0.0
2026,1331774846710849536,NCAA SUN BELT,9,11,1235453121577111552,Resolhjk,1,bruceble,0.0,0.0,,True,0.0,0.0
2026,1331774846710849536,NCAA SUN BELT,9,2,873461886535036928,Tommybuckets000,3,claym89,0.0,0.0,,True,0.0,0.0
2026,1331774846710849536,NCAA SUN BELT,9,3,739765296801390592,claym89,2,Tommybuckets000,0.0,0.0,,True,0.0,0.0
2026,1331774846710849536,NCAA SUN BELT,9,4,447283305738399744,lucchityler,9,denvermanning,0.0,0.0,,True,0.0,0.0
2026,1331774846710849536,NCAA SUN BELT,9,9,380128482900062208,denvermanning,4,lucchityler,0.0,0.0,,True,0.0,0.0
2026,1331774846710849536,NCAA SUN BELT,9,5,546466738316963840,PackMan1212,12,utsa,0.0,0.0,,True,0.0,0.0
2026,1331774846710849536,NCAA SUN BELT,9,12,465297932204109824,utsa,5,PackMan1212,0.0,0.0,,True,0.0,0.0
2026,1331774846710849536,NCAA SUN BELT,9,6,465019661495300096,Raidersforte,10,Fr3shBC11,0.0,0.0,,True,0.0,0.0
2026,1331774846710849536,NCAA SUN BELT,9,10,441330448283463680,Fr3shBC11,6,Raidersforte,0.0,0.0,,True,0.0,0.0
2026,1331774846710849536,NCAA SUN BELT,9,7,547214728132608000,alphabeasttt,8,yoboihawks,0.0,0.0,,True,0.0,0.0
2026,1331774846710849536,NCAA SUN BELT,9,8,441362521463451648,yoboihawks,7,alphabeasttt,0.0,0.0,,True,0.0,0.0
2026,1331774846710849536,NCAA SUN BELT,10,1,751973682779508736,bruceble,5,PackMan1212,0.0,0.0,,True,0.0,0.0
2026,1331774846710849536,NCAA SUN BELT,10,5,546466738316963840,PackMan1212,1,bruceble,0.0,0.0,,True,0.0,0.0
2026,1331774846710849536,NCAA SUN BELT,10,2,873461886535036928,Tommybuckets000,9,denvermanning,0.0,0.0,,True,0.0,0.0
2026,1331774846710849536,NCAA SUN BELT,10,9,380128482900062208,denvermanning,2,Tommybuckets000,0.0,0.0,,True,0.0,0.0
2026,1331774846710849536,NCAA SUN BELT,10,3,739765296801390592,claym89,6,Raidersforte,0.0,0.0,,True,0.0,0.0
2026,1331774846710849536,NCAA SUN BELT,10,6,465019661495300096,Raidersforte,3,claym89,0.0,0.0,,True,0.0,0.0
2026,1331774846710849536,NCAA SUN BELT,10,4,447283305738399744,lucchityler,11,Resolhjk,0.0,0.0,,True,0.0,0.0
2026,1331774846710849536,NCAA SUN BELT,10,11,1235453121577111552,Resolhjk,4,lucchityler,0.0,0.0,,True,0.0,0.0
2026,1331774846710849536,NCAA SUN BELT,10,7,547214728132608000,alphabeasttt,12,utsa,0.0,0.0,,True,0.0,0.0
2026,1331774846710849536,NCAA SUN BELT,10,12,465297932204109824,utsa,7,alphabeasttt,0.0,0.0,,True,0.0,0.0
2026,1331774846710849536,NCAA SUN BELT,10,8,441362521463451648,yoboihawks,10,Fr3shBC11,0.0,0.0,,True,0.0,0.0
2026,1331774846710849536,NCAA SUN BELT,10,10,441330448283463680,Fr3shBC11,8,yoboihawks,0.0,0.0,,True,0.0,0.0
2026,1331774846710849536,NCAA SUN BELT,11,1,751973682779508736,bruceble,3,claym89,0.0,0.0,,True,0.0,0.0
2026,1331774846710849536,NCAA SUN BELT,11,3,739765296801390592,claym89,1,bruceble,0.0,0.0,,True,0.0,0.0
2026,1331774846710849536,NCAA SUN BELT,11,2,873461886535036928,Tommybuckets000,7,alphabeasttt,0.0,0.0,,True,0.0,0.0
2026,1331774846710849536,NCAA SUN BELT,11,7,547214728132608000,alphabeasttt,2,Tommybuckets000,0.0,0.0,,True,0.0,0.0
2026,1331774846710849536,NCAA SUN BELT,11,4,447283305738399744,lucchityler,10,Fr3shBC11,0.0,0.0,,True,0.0,0.0
2026,1331774846710849536,NCAA SUN BELT,11,10,441330448283463680,Fr3shBC11,4,lucchityler,0.0,0.0,,True,0.0,0.0
2026,1331774846710849536,NCAA SUN BELT,11,5,546466738316963840,PackMan1212,6,Raidersforte,0.0,0.0,,True,0.0,0.0
2026,1331774846710849536,NCAA SUN BELT,11,6,465019661495300096,Raidersforte,5,PackMan1212,0.0,0.0,,True,0.0,0.0
2026,1331774846710849536,NCAA SUN BELT,11,8,441362521463451648,yoboihawks,11,Resolhjk,0.0,0.0,,True,0.0,0.0
2026,1331774846710849536,NCAA SUN BELT,11,11,1235453121577111552,Resolhjk,8,yoboihawks,0.0,0.0,,True,0.0,0.0
2026,1331774846710849536,NCAA SUN BELT,11,9,380128482900062208,denvermanning,12,utsa,0.0,0.0,,True,0.0,0.0
2026,1331774846710849536,NCAA SUN BELT,11,12,465297932204109824,utsa,9,denvermanning,0.0,0.0,,True,0.0,0.0
2026,1331774846710849536,NCAA SUN BELT,12,1,751973682779508736,bruceble,6,Raidersforte,0.0,0.0,,False,0.0,0.0
2026,1331774846710849536,NCAA SUN BELT,12,6,465019661495300096,Raidersforte,1,bruceble,0.0,0.0,,False,0.0,0.0
2026,1331774846710849536,NCAA SUN BELT,12,2,873461886535036928,Tommybuckets000,12,utsa,0.0,0.0,,False,0.0,0.0
2026,1331774846710849536,NCAA SUN BELT,12,12,465297932204109824,utsa,2,Tommybuckets000,0.0,0.0,,False,0.0,0.0
2026,1331774846710849536,NCAA SUN BELT,12,3,739765296801390592,claym89,5,PackMan1212,0.0,0.0,,False,0.0,0.0
2026,1331774846710849536,NCAA SUN BELT,12,5,546466738316963840,PackMan1212,3,claym89,0.0,0.0,,False,0.0,0.0
2026,1331774846710849536,NCAA SUN BELT,12,4,447283305738399744,lucchityler,8,yoboihawks,0.0,0.0,,False,0.0,0.0
2026,1331774846710849536,NCAA SUN BELT,12,8,441362521463451648,yoboihawks,4,lucchityler,0.0,0.0,,False,0.0,0.0
2026,1331774846710849536,NCAA SUN BELT,12,7,547214728132608000,alphabeasttt,9,denvermanning,0.0,0.0,,False,0.0,0.0
2026,1331774846710849536,NCAA SUN BELT,12,9,380128482900062208,denvermanning,7,alphabeasttt,0.0,0.0,,False,0.0,0.0
2026,1331774846710849536,NCAA SUN BELT,12,10,441330448283463680,Fr3shBC11,11,Resolhjk,0.0,0.0,,False,0.0,0.0
2026,1331774846710849536,NCAA SUN BELT,12,11,1235453121577111552,Resolhjk,10,Fr3shBC11,0.0,0.0,,False,0.0,0.0
2026,1331774846710849536,NCAA SUN BELT,13,1,751973682779508736,bruceble,2,Tommybuckets000,0.0,0.0,,False,0.0,0.0
2026,1331774846710849536,NCAA SUN BELT,13,2,873461886535036928,Tommybuckets000,1,bruceble,0.0,0.0,,False,0.0,0.0
2026,1331774846710849536,NCAA SUN BELT,13,3,739765296801390592,claym89,11,Resolhjk,0.0,0.0,,False,0.0,0.0
2026,1331774846710849536,NCAA SUN BELT,13,11,1235453121577111552,Resolhjk,3,claym89,0.0,0.0,,False,0.0,0.0
2026,1331774846710849536,NCAA SUN BELT,13,4,447283305738399744,lucchityler,12,utsa,0.0,0.0,,False,0.0,0.0
2026,1331774846710849536,NCAA SUN BELT,13,12,465297932204109824,utsa,4,lucchityler,0.0,0.0,,False,0.0,0.0
2026,1331774846710849536,NCAA SUN BELT,13,5,546466738316963840,PackMan1212,7,alphabeasttt,0.0,0.0,,False,0.0,0.0
2026,1331774846710849536,NCAA SUN BELT,13,7,547214728132608000,alphabeasttt,5,PackMan1212,0.0,0.0,,False,0.0,0.0
2026,1331774846710849536,NCAA SUN BELT,13,6,465019661495300096,Raidersforte,8,yoboihawks,0.0,0.0,,False,0.0,0.0
2026,1331774846710849536,NCAA SUN BELT,13,8,441362521463451648,yoboihawks,6,Raidersforte,0.0,0.0,,False,0.0,0.0
2026,1331774846710849536,NCAA SUN BELT,13,9,380128482900062208,denvermanning,10,Fr3shBC11,0.0,0.0,,False,0.0,0.0
2026,1331774846710849536,NCAA SUN BELT,13,10,441330448283463680,Fr3shBC11,9,denvermanning,0.0,0.0,,False,0.0,0.0
2026,1331774846710849536,NCAA SUN BELT,14,1,751973682779508736,bruceble,12,utsa,0.0,0.0,,False,0.0,0.0
2026,1331774846710849536,NCAA SUN BELT,14,12,465297932204109824,utsa,1,bruceble,0.0,0.0,,False,0.0,0.0
2026,1331774846710849536,NCAA SUN BELT,14,2,873461886535036928,Tommybuckets000,8,yoboihawks,0.0,0.0,,False,0.0,0.0
2026,1331774846710849536,NCAA SUN BELT,14,8,441362521463451648,yoboihawks,2,Tommybuckets000,0.0,0.0,,False,0.0,0.0
2026,1331774846710849536,NCAA SUN BELT,14,3,739765296801390592,claym89,7,alphabeasttt,0.0,0.0,,False,0.0,0.0
2026,1331774846710849536,NCAA SUN BELT,14,7,547214728132608000,alphabeasttt,3,claym89,0.0,0.0,,False,0.0,0.0
2026,1331774846710849536,NCAA SUN BELT,14,4,447283305738399744,lucchityler,6,Raidersforte,0.0,0.0,,False,0.0,0.0
2026,1331774846710849536,NCAA SUN BELT,14,6,465019661495300096,Raidersforte,4,lucchityler,0.0,0.0,,False,0.0,0.0
2026,1331774846710849536,NCAA SUN BELT,14,5,546466738316963840,PackMan1212,10,Fr3shBC11,0.0,0.0,,False,0.0,0.0
2026,1331774846710849536,NCAA SUN BELT,14,10,441330448283463680,Fr3shBC11,5,PackMan1212,0.0,0.0,,False,0.0,0.0
2026,1331774846710849536,NCAA SUN BELT,14,9,380128482900062208,denvermanning,11,Resolhjk,0.0,0.0,,False,0.0,0.0
2026,1331774846710849536,NCAA SUN BELT,14,11,1235453121577111552,Resolhjk,9,denvermanning,0.0,0.0,,False,0.0,0.0
2026,1331774846710849536,NCAA SUN BELT,15,1,751973682779508736,bruceble,8,yoboihawks,0.0,0.0,,False,0.0,0.0
2026,1331774846710849536,NCAA SUN BELT,15,8,441362521463451648,yoboihawks,1,bruceble,0.0,0.0,,False,0.0,0.0
2026,1331774846710849536,NCAA SUN BELT,15,2,873461886535036928,Tommybuckets000,4,lucchityler,0.0,0.0,,False,0.0,0.0
2026,1331774846710849536,NCAA SUN BELT,15,4,447283305738399744,lucchityler,2,Tommybuckets000,0.0,0.0,,False,0.0,0.0
2026,1331774846710849536,NCAA SUN BELT,15,3,739765296801390592,claym89,10,Fr3shBC11,0.0,0.0,,False,0.0,0.0
2026,1331774846710849536,NCAA SUN BELT,15,10,441330448283463680,Fr3shBC11,3,claym89,0.0,0.0,,False,0.0,0.0
2026,1331774846710849536,NCAA SUN BELT,15,5,546466738316963840,PackMan1212,9,denvermanning,0.0,0.0,,False,0.0,0.0
2026,1331774846710849536,NCAA SUN BELT,15,9,380128482900062208,denvermanning,5,PackMan1212,0.0,0.0,,False,0.0,0.0
2026,1331774846710849536,NCAA SUN BELT,15,6,465019661495300096,Raidersforte,12,utsa,0.0,0.0,,False,0.0,0.0
2026,1331774846710849536,NCAA SUN BELT,15,12,465297932204109824,utsa,6,Raidersforte,0.0,0.0,,False,0.0,0.0
2026,1331774846710849536,NCAA SUN BELT,15,7,547214728132608000,alphabeasttt,11,Resolhjk,0.0,0.0,,False,0.0,0.0
2026,1331774846710849536,NCAA SUN BELT,15,11,1235453121577111552,Resolhjk,7,alphabeasttt,0.0,0.0,,False,0.0,0.0
2026,1331774846710849536,NCAA SUN BELT,16,1,751973682779508736,bruceble,4,lucchityler,0.0,0.0,,False,0.0,0.0
2026,1331774846710849536,NCAA SUN BELT,16,4,447283305738399744,lucchityler,1,bruceble,0.0,0.0,,False,0.0,0.0
2026,1331774846710849536,NCAA SUN BELT,16,2,873461886535036928,Tommybuckets000,6,Raidersforte,0.0,0.0,,False,0.0,0.0
2026,1331774846710849536,NCAA SUN BELT,16,6,465019661495300096,Raidersforte,2,Tommybuckets000,0.0,0.0,,False,0.0,0.0
2026,1331774846710849536,NCAA SUN BELT,16,3,739765296801390592,claym89,9,denvermanning,0.0,0.0,,False,0.0,0.0
2026,1331774846710849536,NCAA SUN BELT,16,9,380128482900062208,denvermanning,3,claym89,0.0,0.0,,False,0.0,0.0
2026,1331774846710849536,NCAA SUN BELT,16,5,546466738316963840,PackMan1212,11,Resolhjk,0.0,0.0,,False,0.0,0.0
2026,1331774846710849536,NCAA SUN BELT,16,11,1235453121577111552,Resolhjk,5,PackMan1212,0.0,0.0,,False,0.0,0.0
2026,1331774846710849536,NCAA SUN BELT,16,7,547214728132608000,alphabeasttt,10,Fr3shBC11,0.0,0.0,,False,0.0,0.0
2026,1331774846710849536,NCAA SUN BELT,16,10,441330448283463680,Fr3shBC11,7,alphabeasttt,0.0,0.0,,False,0.0,0.0
2026,1331774846710849536,NCAA SUN BELT,16,8,441362521463451648,yoboihawks,12,utsa,0.0,0.0,,False,0.0,0.0
2026,1331774846710849536,NCAA SUN BELT,16,12,465297932204109824,utsa,8,yoboihawks,0.0,0.0,,False,0.0,0.0
2026,1331774846710849536,NCAA SUN BELT,17,1,751973682779508736,bruceble,9,denvermanning,0.0,0.0,,False,0.0,0.0
2026,1331774846710849536,NCAA SUN BELT,17,9,380128482900062208,denvermanning,1,bruceble,0.0,0.0,,False,0.0,0.0
2026,1331774846710849536,NCAA SUN BELT,17,2,873461886535036928,Tommybuckets000,10,Fr3shBC11,0.0,0.0,,False,0.0,0.0
2026,1331774846710849536,NCAA SUN BELT,17,10,441330448283463680,Fr3shBC11,2,Tommybuckets000,0.0,0.0,,False,0.0,0.0
2026,1331774846710849536,NCAA SUN BELT,17,3,739765296801390592,claym89,4,lucchityler,0.0,0.0,,False,0.0,0.0
2026,1331774846710849536,NCAA SUN BELT,17,4,447283305738399744,lucchityler,3,claym89,0.0,0.0,,False,0.0,0.0
2026,1331774846710849536,NCAA SUN BELT,17,5,546466738316963840,PackMan1212,8,yoboihawks,0.0,0.0,,False,0.0,0.0
2026,1331774846710849536,NCAA SUN BELT,17,8,441362521463451648,yoboihawks,5,PackMan1212,0.0,0.0,,False,0.0,0.0
2026,1331774846710849536,NCAA SUN BELT,17,6,465019661495300096,Raidersforte,7,alphabeasttt,0.0,0.0,,False,0.0,0.0
2026,1331774846710849536,NCAA SUN BELT,17,7,547214728132608000,alphabeasttt,6,Raidersforte,0.0,0.0,,False,0.0,0.0
2026,1331774846710849536,NCAA SUN BELT,17,11,1235453121577111552,Resolhjk,12,utsa,0.0,0.0,,False,0.0,0.0
2026,1331774846710849536,NCAA SUN BELT,17,12,465297932204109824,utsa,11,Resolhjk,0.0,0.0,,False,0.0,0.0
2026,1331774846710849536,NCAA SUN BELT,18,1,751973682779508736,bruceble,7,alphabeasttt,0.0,0.0,,False,0.0,0.0
2026,1331774846710849536,NCAA SUN BELT,18,7,547214728132608000,alphabeasttt,1,bruceble,0.0,0.0,,False,0.0,0.0
2026,1331774846710849536,NCAA SUN BELT,18,2,873461886535036928,Tommybuckets000,11,Resolhjk,0.0,0.0,,False,0.0,0.0
2026,1331774846710849536,NCAA SUN BELT,18,11,1235453121577111552,Resolhjk,2,Tommybuckets000,0.0,0.0,,False,0.0,0.0
2026,1331774846710849536,NCAA SUN BELT,18,3,739765296801390592,claym89,8,yoboihawks,0.0,0.0,,False,0.0,0.0
2026,1331774846710849536,NCAA SUN BELT,18,8,441362521463451648,yoboihawks,3,claym89,0.0,0.0,,False,0.0,0.0
2026,1331774846710849536,NCAA SUN BELT,18,4,447283305738399744,lucchityler,5,PackMan1212,0.0,0.0,,False,0.0,0.0
2026,1331774846710849536,NCAA SUN BELT,18,5,546466738316963840,PackMan1212,4,lucchityler,0.0,0.0,,False,0.0,0.0
2026,1331774846710849536,NCAA SUN BELT,18,6,465019661495300096,Raidersforte,9,denvermanning,0.0,0.0,,False,0.0,0.0
2026,1331774846710849536,NCAA SUN BELT,18,9,380128482900062208,denvermanning,6,Raidersforte,0.0,0.0,,False,0.0,0.0
2026,1331774846710849536,NCAA SUN BELT,18,10,441330448283463680,Fr3shBC11,12,utsa,0.0,0.0,,False,0.0,0.0
2026,1331774846710849536,NCAA SUN BELT,18,12,465297932204109824,utsa,10,Fr3shBC11,0.0,0.0,,False,0.0,0.0
2026,1331774804222545920,NCAA PIONEER,1,1,993737529142693888,doseofthestars,10,JMullen175,119.72,160.16,Loss,True,119.72,0.0
2026,1331774804222545920,NCAA PIONEER,1,10,315736569111650304,JMullen175,1,doseofthestars,160.16,119.72,Win,True,160.16,0.0
2026,1331774804222545920,NCAA PIONEER,1,2,468638573403303936,DownLoMoJo,11,FatPat1251,128.84,135.44,Loss,True,128.84,0.0
2026,1331774804222545920,NCAA PIONEER,1,11,325873712534421504,FatPat1251,2,DownLoMoJo,135.44,128.84,Win,True,135.44,0.0
2026,1331774804222545920,NCAA PIONEER,1,3,459110344502013952,MyFingerPoints,9,DictatorBerry,127.96,131.1,Loss,True,127.96,0.0
2026,1331774804222545920,NCAA PIONEER,1,9,602687087556231168,DictatorBerry,3,MyFingerPoints,131.1,127.96,Win,True,131.1,-0.0
2026,1331774804222545920,NCAA PIONEER,1,4,439351925129867264,Daphud,12,YikesOnBikes,138.5,146.82,Loss,True,138.5,0.0
2026,1331774804222545920,NCAA PIONEER,1,12,739984250304135168,YikesOnBikes,4,Daphud,146.82,138.5,Win,True,146.82,0.0
2026,1331774804222545920,NCAA PIONEER,1,5,432164755709370368,EBurkhart,6,BDAVIS309,81.96,155.82,Loss,True,81.96,-0.0
2026,1331774804222545920,NCAA PIONEER,1,6,455753261765357568,BDAVIS309,5,EBurkhart,155.82,81.96,Win,True,155.82,0.0
2026,1331774804222545920,NCAA PIONEER,1,7,398884413687001088,Ortizz,8,CrownMeKing,86.12,138.96,Loss,True,86.12,0.0
2026,1331774804222545920,NCAA PIONEER,1,8,339931221767249920,CrownMeKing,7,Ortizz,138.96,86.12,Win,True,138.96,0.0
2026,1331774804222545920,NCAA PIONEER,2,1,993737529142693888,doseofthestars,12,YikesOnBikes,116.28,128.96,Loss,True,116.28,0.0
2026,1331774804222545920,NCAA PIONEER,2,12,739984250304135168,YikesOnBikes,1,doseofthestars,128.96,116.28,Win,True,128.96,0.0
2026,1331774804222545920,NCAA PIONEER,2,2,468638573403303936,DownLoMoJo,5,EBurkhart,92.38,115.32,Loss,True,92.38,0.0
2026,1331774804222545920,NCAA PIONEER,2,5,432164755709370368,EBurkhart,2,DownLoMoJo,115.32,92.38,Win,True,115.32,-0.0
2026,1331774804222545920,NCAA PIONEER,2,3,459110344502013952,MyFingerPoints,6,BDAVIS309,180.68,113.3,Win,True,180.68,0.0
2026,1331774804222545920,NCAA PIONEER,2,6,455753261765357568,BDAVIS309,3,MyFingerPoints,113.3,180.68,Loss,True,113.3,0.0
2026,1331774804222545920,NCAA PIONEER,2,4,439351925129867264,Daphud,8,CrownMeKing,57.6,155.6,Loss,True,57.6,0.0
2026,1331774804222545920,NCAA PIONEER,2,8,339931221767249920,CrownMeKing,4,Daphud,155.6,57.6,Win,True,155.6,0.0
2026,1331774804222545920,NCAA PIONEER,2,7,398884413687001088,Ortizz,10,JMullen175,111.42,115.32,Loss,True,111.42,0.0
2026,1331774804222545920,NCAA PIONEER,2,10,315736569111650304,JMullen175,7,Ortizz,115.32,111.42,Win,True,115.32,0.0
2026,1331774804222545920,NCAA PIONEER,2,9,602687087556231168,DictatorBerry,11,FatPat1251,144.06,128.68,Win,True,144.06,0.0
2026,1331774804222545920,NCAA PIONEER,2,11,325873712534421504,FatPat1251,9,DictatorBerry,128.68,144.06,Loss,True,128.68,0.0
2026,1331774804222545920,NCAA PIONEER,3,1,993737529142693888,doseofthestars,8,CrownMeKing,121.94,123.04,Loss,True,121.94,-0.0
2026,1331774804222545920,NCAA PIONEER,3,8,339931221767249920,CrownMeKing,1,doseofthestars,123.04,121.94,Win,True,123.04,0.0
2026,1331774804222545920,NCAA PIONEER,3,2,468638573403303936,DownLoMoJo,3,MyFingerPoints,138.38,148.6,Loss,True,138.38,0.0
2026,1331774804222545920,NCAA PIONEER,3,3,459110344502013952,MyFingerPoints,2,DownLoMoJo,148.6,138.38,Win,True,148.6,0.0
2026,1331774804222545920,NCAA PIONEER,3,4,439351925129867264,Daphud,7,Ortizz,124.14,111.86,Win,True,124.14,-0.0
2026,1331774804222545920,NCAA PIONEER,3,7,398884413687001088,Ortizz,4,Daphud,111.86,124.14,Loss,True,111.86,-0.0
2026,1331774804222545920,NCAA PIONEER,3,5,432164755709370368,EBurkhart,11,FatPat1251,113.56,169.86,Loss,True,113.56,0.0
2026,1331774804222545920,NCAA PIONEER,3,11,325873712534421504,FatPat1251,5,EBurkhart,169.86,113.56,Win,True,169.86,0.0
2026,1331774804222545920,NCAA PIONEER,3,6,455753261765357568,BDAVIS309,9,DictatorBerry,145.92,122.94,Win,True,145.92,-0.0
2026,1331774804222545920,NCAA PIONEER,3,9,602687087556231168,DictatorBerry,6,BDAVIS309,122.94,145.92,Loss,True,122.94,0.0
2026,1331774804222545920,NCAA PIONEER,3,10,315736569111650304,JMullen175,12,YikesOnBikes,130.4,131.32,Loss,True,130.4,0.0
2026,1331774804222545920,NCAA PIONEER,3,12,739984250304135168,YikesOnBikes,10,JMullen175,131.32,130.4,Win,True,131.32,0.0
2026,1331774804222545920,NCAA PIONEER,4,1,993737529142693888,doseofthestars,4,Daphud,0.0,55.6,Loss,True,0.0,0.0
2026,1331774804222545920,NCAA PIONEER,4,4,439351925129867264,Daphud,1,doseofthestars,55.6,0.0,Win,True,55.6,0.0
2026,1331774804222545920,NCAA PIONEER,4,2,468638573403303936,DownLoMoJo,6,BDAVIS309,12.9,8.5,Win,True,12.9,0.0
2026,1331774804222545920,NCAA PIONEER,4,6,455753261765357568,BDAVIS309,2,DownLoMoJo,8.5,12.9,Loss,True,8.5,0.0
2026,1331774804222545920,NCAA PIONEER,4,3,459110344502013952,MyFingerPoints,11,FatPat1251,7.0,0.0,Win,True,7.0,0.0
2026,1331774804222545920,NCAA PIONEER,4,11,325873712534421504,FatPat1251,3,MyFingerPoints,0.0,7.0,Loss,True,0.0,0.0
2026,1331774804222545920,NCAA PIONEER,4,5,432164755709370368,EBurkhart,9,DictatorBerry,4.6,28.6,Loss,True,4.6,0.0
2026,1331774804222545920,NCAA PIONEER,4,9,602687087556231168,DictatorBerry,5,EBurkhart,28.6,4.6,Win,True,28.6,0.0
2026,1331774804222545920,NCAA PIONEER,4,7,398884413687001088,Ortizz,12,YikesOnBikes,19.7,0.0,Win,True,19.7,0.0
2026,1331774804222545920,NCAA PIONEER,4,12,739984250304135168,YikesOnBikes,7,Ortizz,0.0,19.7,Loss,True,0.0,0.0
2026,1331774804222545920,NCAA PIONEER,4,8,339931221767249920,CrownMeKing,10,JMullen175,0.0,29.3,Loss,True,0.0,0.0
2026,1331774804222545920,NCAA PIONEER,4,10,315736569111650304,JMullen175,8,CrownMeKing,29.3,0.0,Win,True,29.3,0.0
2026,1331774804222545920,NCAA PIONEER,5,1,993737529142693888,doseofthestars,7,Ortizz,0.0,0.0,,True,0.0,0.0
2026,1331774804222545920,NCAA PIONEER,5,7,398884413687001088,Ortizz,1,doseofthestars,0.0,0.0,,True,0.0,0.0
2026,1331774804222545920,NCAA PIONEER,5,2,468638573403303936,DownLoMoJo,9,DictatorBerry,0.0,0.0,,True,0.0,0.0
2026,1331774804222545920,NCAA PIONEER,5,9,602687087556231168,DictatorBerry,2,DownLoMoJo,0.0,0.0,,True,0.0,0.0
2026,1331774804222545920,NCAA PIONEER,5,3,459110344502013952,MyFingerPoints,5,EBurkhart,0.0,0.0,,True,0.0,0.0
2026,1331774804222545920,NCAA PIONEER,5,5,432164755709370368,EBurkhart,3,MyFingerPoints,0.0,0.0,,True,0.0,0.0
2026,1331774804222545920,NCAA PIONEER,5,4,439351925129867264,Daphud,10,JMullen175,0.0,0.0,,True,0.0,0.0
2026,1331774804222545920,NCAA PIONEER,5,10,315736569111650304,JMullen175,4,Daphud,0.0,0.0,,True,0.0,0.0
2026,1331774804222545920,NCAA PIONEER,5,6,455753261765357568,BDAVIS309,11,FatPat1251,0.0,0.0,,True,0.0,0.0
2026,1331774804222545920,NCAA PIONEER,5,11,325873712534421504,FatPat1251,6,BDAVIS309,0.0,0.0,,True,0.0,0.0
2026,1331774804222545920,NCAA PIONEER,5,8,339931221767249920,CrownMeKing,12,YikesOnBikes,0.0,0.0,,True,0.0,0.0
2026,1331774804222545920,NCAA PIONEER,5,12,739984250304135168,YikesOnBikes,8,CrownMeKing,0.0,0.0,,True,0.0,0.0
2026,1331774804222545920,NCAA PIONEER,6,1,993737529142693888,doseofthestars,2,DownLoMoJo,0.0,0.0,,True,0.0,0.0
2026,1331774804222545920,NCAA PIONEER,6,2,468638573403303936,DownLoMoJo,1,doseofthestars,0.0,0.0,,True,0.0,0.0
2026,1331774804222545920,NCAA PIONEER,6,3,459110344502013952,MyFingerPoints,8,CrownMeKing,0.0,0.0,,True,0.0,0.0
2026,1331774804222545920,NCAA PIONEER,6,8,339931221767249920,CrownMeKing,3,MyFingerPoints,0.0,0.0,,True,0.0,0.0
2026,1331774804222545920,NCAA PIONEER,6,4,439351925129867264,Daphud,6,BDAVIS309,0.0,0.0,,True,0.0,0.0
2026,1331774804222545920,NCAA PIONEER,6,6,455753261765357568,BDAVIS309,4,Daphud,0.0,0.0,,True,0.0,0.0
2026,1331774804222545920,NCAA PIONEER,6,5,432164755709370368,EBurkhart,12,YikesOnBikes,0.0,0.0,,True,0.0,0.0
2026,1331774804222545920,NCAA PIONEER,6,12,739984250304135168,YikesOnBikes,5,EBurkhart,0.0,0.0,,True,0.0,0.0
2026,1331774804222545920,NCAA PIONEER,6,7,398884413687001088,Ortizz,9,DictatorBerry,0.0,0.0,,True,0.0,0.0
2026,1331774804222545920,NCAA PIONEER,6,9,602687087556231168,DictatorBerry,7,Ortizz,0.0,0.0,,True,0.0,0.0
2026,1331774804222545920,NCAA PIONEER,6,10,315736569111650304,JMullen175,11,FatPat1251,0.0,0.0,,True,0.0,0.0
2026,1331774804222545920,NCAA PIONEER,6,11,325873712534421504,FatPat1251,10,JMullen175,0.0,0.0,,True,0.0,0.0
2026,1331774804222545920,NCAA PIONEER,7,1,993737529142693888,doseofthestars,11,FatPat1251,0.0,0.0,,True,0.0,0.0
2026,1331774804222545920,NCAA PIONEER,7,11,325873712534421504,FatPat1251,1,doseofthestars,0.0,0.0,,True,0.0,0.0
2026,1331774804222545920,NCAA PIONEER,7,2,468638573403303936,DownLoMoJo,10,JMullen175,0.0,0.0,,True,0.0,0.0
2026,1331774804222545920,NCAA PIONEER,7,10,315736569111650304,JMullen175,2,DownLoMoJo,0.0,0.0,,True,0.0,0.0
2026,1331774804222545920,NCAA PIONEER,7,3,459110344502013952,MyFingerPoints,7,Ortizz,0.0,0.0,,True,0.0,0.0
2026,1331774804222545920,NCAA PIONEER,7,7,398884413687001088,Ortizz,3,MyFingerPoints,0.0,0.0,,True,0.0,0.0
2026,1331774804222545920,NCAA PIONEER,7,4,439351925129867264,Daphud,5,EBurkhart,0.0,0.0,,True,0.0,0.0
2026,1331774804222545920,NCAA PIONEER,7,5,432164755709370368,EBurkhart,4,Daphud,0.0,0.0,,True,0.0,0.0
2026,1331774804222545920,NCAA PIONEER,7,6,455753261765357568,BDAVIS309,12,YikesOnBikes,0.0,0.0,,True,0.0,0.0
2026,1331774804222545920,NCAA PIONEER,7,12,739984250304135168,YikesOnBikes,6,BDAVIS309,0.0,0.0,,True,0.0,0.0
2026,1331774804222545920,NCAA PIONEER,7,8,339931221767249920,CrownMeKing,9,DictatorBerry,0.0,0.0,,True,0.0,0.0
2026,1331774804222545920,NCAA PIONEER,7,9,602687087556231168,DictatorBerry,8,CrownMeKing,0.0,0.0,,True,0.0,0.0
2026,1331774804222545920,NCAA PIONEER,8,1,993737529142693888,doseofthestars,3,MyFingerPoints,0.0,0.0,,True,0.0,0.0
2026,1331774804222545920,NCAA PIONEER,8,3,459110344502013952,MyFingerPoints,1,doseofthestars,0.0,0.0,,True,0.0,0.0
2026,1331774804222545920,NCAA PIONEER,8,2,468638573403303936,DownLoMoJo,4,Daphud,0.0,0.0,,True,0.0,0.0
2026,1331774804222545920,NCAA PIONEER,8,4,439351925129867264,Daphud,2,DownLoMoJo,0.0,0.0,,True,0.0,0.0
2026,1331774804222545920,NCAA PIONEER,8,5,432164755709370368,EBurkhart,7,Ortizz,0.0,0.0,,True,0.0,0.0
2026,1331774804222545920,NCAA PIONEER,8,7,398884413687001088,Ortizz,5,EBurkhart,0.0,0.0,,True,0.0,0.0
2026,1331774804222545920,NCAA PIONEER,8,6,455753261765357568,BDAVIS309,8,CrownMeKing,0.0,0.0,,True,0.0,0.0
2026,1331774804222545920,NCAA PIONEER,8,8,339931221767249920,CrownMeKing,6,BDAVIS309,0.0,0.0,,True,0.0,0.0
2026,1331774804222545920,NCAA PIONEER,8,9,602687087556231168,DictatorBerry,10,JMullen175,0.0,0.0,,True,0.0,0.0
2026,1331774804222545920,NCAA PIONEER,8,10,315736569111650304,JMullen175,9,DictatorBerry,0.0,0.0,,True,0.0,0.0
2026,1331774804222545920,NCAA PIONEER,8,11,325873712534421504,FatPat1251,12,YikesOnBikes,0.0,0.0,,True,0.0,0.0
2026,1331774804222545920,NCAA PIONEER,8,12,739984250304135168,YikesOnBikes,11,FatPat1251,0.0,0.0,,True,0.0,0.0
2026,1331774804222545920,NCAA PIONEER,9,1,993737529142693888,doseofthestars,9,DictatorBerry,0.0,0.0,,True,0.0,0.0
2026,1331774804222545920,NCAA PIONEER,9,9,602687087556231168,DictatorBerry,1,doseofthestars,0.0,0.0,,True,0.0,0.0
2026,1331774804222545920,NCAA PIONEER,9,2,468638573403303936,DownLoMoJo,12,YikesOnBikes,0.0,0.0,,True,0.0,0.0
2026,1331774804222545920,NCAA PIONEER,9,12,739984250304135168,YikesOnBikes,2,DownLoMoJo,0.0,0.0,,True,0.0,0.0
2026,1331774804222545920,NCAA PIONEER,9,3,459110344502013952,MyFingerPoints,10,JMullen175,0.0,0.0,,True,0.0,0.0
2026,1331774804222545920,NCAA PIONEER,9,10,315736569111650304,JMullen175,3,MyFingerPoints,0.0,0.0,,True,0.0,0.0
2026,1331774804222545920,NCAA PIONEER,9,4,439351925129867264,Daphud,11,FatPat1251,0.0,0.0,,True,0.0,0.0
2026,1331774804222545920,NCAA PIONEER,9,11,325873712534421504,FatPat1251,4,Daphud,0.0,0.0,,True,0.0,0.0
2026,1331774804222545920,NCAA PIONEER,9,5,432164755709370368,EBurkhart,8,CrownMeKing,0.0,0.0,,True,0.0,0.0
2026,1331774804222545920,NCAA PIONEER,9,8,339931221767249920,CrownMeKing,5,EBurkhart,0.0,0.0,,True,0.0,0.0
2026,1331774804222545920,NCAA PIONEER,9,6,455753261765357568,BDAVIS309,7,Ortizz,0.0,0.0,,True,0.0,0.0
2026,1331774804222545920,NCAA PIONEER,9,7,398884413687001088,Ortizz,6,BDAVIS309,0.0,0.0,,True,0.0,0.0
2026,1331774804222545920,NCAA PIONEER,10,1,993737529142693888,doseofthestars,6,BDAVIS309,0.0,0.0,,True,0.0,0.0
2026,1331774804222545920,NCAA PIONEER,10,6,455753261765357568,BDAVIS309,1,doseofthestars,0.0,0.0,,True,0.0,0.0
2026,1331774804222545920,NCAA PIONEER,10,2,468638573403303936,DownLoMoJo,8,CrownMeKing,0.0,0.0,,True,0.0,0.0
2026,1331774804222545920,NCAA PIONEER,10,8,339931221767249920,CrownMeKing,2,DownLoMoJo,0.0,0.0,,True,0.0,0.0
2026,1331774804222545920,NCAA PIONEER,10,3,459110344502013952,MyFingerPoints,4,Daphud,0.0,0.0,,True,0.0,0.0
2026,1331774804222545920,NCAA PIONEER,10,4,439351925129867264,Daphud,3,MyFingerPoints,0.0,0.0,,True,0.0,0.0
2026,1331774804222545920,NCAA PIONEER,10,5,432164755709370368,EBurkhart,10,JMullen175,0.0,0.0,,True,0.0,0.0
2026,1331774804222545920,NCAA PIONEER,10,10,315736569111650304,JMullen175,5,EBurkhart,0.0,0.0,,True,0.0,0.0
2026,1331774804222545920,NCAA PIONEER,10,7,398884413687001088,Ortizz,11,FatPat1251,0.0,0.0,,True,0.0,0.0
2026,1331774804222545920,NCAA PIONEER,10,11,325873712534421504,FatPat1251,7,Ortizz,0.0,0.0,,True,0.0,0.0
2026,1331774804222545920,NCAA PIONEER,10,9,602687087556231168,DictatorBerry,12,YikesOnBikes,0.0,0.0,,True,0.0,0.0
2026,1331774804222545920,NCAA PIONEER,10,12,739984250304135168,YikesOnBikes,9,DictatorBerry,0.0,0.0,,True,0.0,0.0
2026,1331774804222545920,NCAA PIONEER,11,1,993737529142693888,doseofthestars,5,EBurkhart,0.0,0.0,,True,0.0,0.0
2026,1331774804222545920,NCAA PIONEER,11,5,432164755709370368,EBurkhart,1,doseofthestars,0.0,0.0,,True,0.0,0.0
2026,1331774804222545920,NCAA PIONEER,11,2,468638573403303936,DownLoMoJo,7,Ortizz,0.0,0.0,,True,0.0,0.0
2026,1331774804222545920,NCAA PIONEER,11,7,398884413687001088,Ortizz,2,DownLoMoJo,0.0,0.0,,True,0.0,0.0
2026,1331774804222545920,NCAA PIONEER,11,3,459110344502013952,MyFingerPoints,12,YikesOnBikes,0.0,0.0,,True,0.0,0.0
2026,1331774804222545920,NCAA PIONEER,11,12,739984250304135168,YikesOnBikes,3,MyFingerPoints,0.0,0.0,,True,0.0,0.0
2026,1331774804222545920,NCAA PIONEER,11,4,439351925129867264,Daphud,9,DictatorBerry,0.0,0.0,,True,0.0,0.0
2026,1331774804222545920,NCAA PIONEER,11,9,602687087556231168,DictatorBerry,4,Daphud,0.0,0.0,,True,0.0,0.0
2026,1331774804222545920,NCAA PIONEER,11,6,455753261765357568,BDAVIS309,10,JMullen175,0.0,0.0,,True,0.0,0.0
2026,1331774804222545920,NCAA PIONEER,11,10,315736569111650304,JMullen175,6,BDAVIS309,0.0,0.0,,True,0.0,0.0
2026,1331774804222545920,NCAA PIONEER,11,8,339931221767249920,CrownMeKing,11,FatPat1251,0.0,0.0,,True,0.0,0.0
2026,1331774804222545920,NCAA PIONEER,11,11,325873712534421504,FatPat1251,8,CrownMeKing,0.0,0.0,,True,0.0,0.0
2026,1331774804222545920,NCAA PIONEER,12,1,993737529142693888,doseofthestars,10,JMullen175,0.0,0.0,,False,0.0,0.0
2026,1331774804222545920,NCAA PIONEER,12,10,315736569111650304,JMullen175,1,doseofthestars,0.0,0.0,,False,0.0,0.0
2026,1331774804222545920,NCAA PIONEER,12,2,468638573403303936,DownLoMoJo,11,FatPat1251,0.0,0.0,,False,0.0,0.0
2026,1331774804222545920,NCAA PIONEER,12,11,325873712534421504,FatPat1251,2,DownLoMoJo,0.0,0.0,,False,0.0,0.0
2026,1331774804222545920,NCAA PIONEER,12,3,459110344502013952,MyFingerPoints,9,DictatorBerry,0.0,0.0,,False,0.0,0.0
2026,1331774804222545920,NCAA PIONEER,12,9,602687087556231168,DictatorBerry,3,MyFingerPoints,0.0,0.0,,False,0.0,0.0
2026,1331774804222545920,NCAA PIONEER,12,4,439351925129867264,Daphud,12,YikesOnBikes,0.0,0.0,,False,0.0,0.0
2026,1331774804222545920,NCAA PIONEER,12,12,739984250304135168,YikesOnBikes,4,Daphud,0.0,0.0,,False,0.0,0.0
2026,1331774804222545920,NCAA PIONEER,12,5,432164755709370368,EBurkhart,6,BDAVIS309,0.0,0.0,,False,0.0,0.0
2026,1331774804222545920,NCAA PIONEER,12,6,455753261765357568,BDAVIS309,5,EBurkhart,0.0,0.0,,False,0.0,0.0
2026,1331774804222545920,NCAA PIONEER,12,7,398884413687001088,Ortizz,8,CrownMeKing,0.0,0.0,,False,0.0,0.0
2026,1331774804222545920,NCAA PIONEER,12,8,339931221767249920,CrownMeKing,7,Ortizz,0.0,0.0,,False,0.0,0.0
2026,1331774804222545920,NCAA PIONEER,13,1,993737529142693888,doseofthestars,12,YikesOnBikes,0.0,0.0,,False,0.0,0.0
2026,1331774804222545920,NCAA PIONEER,13,12,739984250304135168,YikesOnBikes,1,doseofthestars,0.0,0.0,,False,0.0,0.0
2026,1331774804222545920,NCAA PIONEER,13,2,468638573403303936,DownLoMoJo,5,EBurkhart,0.0,0.0,,False,0.0,0.0
2026,1331774804222545920,NCAA PIONEER,13,5,432164755709370368,EBurkhart,2,DownLoMoJo,0.0,0.0,,False,0.0,0.0
2026,1331774804222545920,NCAA PIONEER,13,3,459110344502013952,MyFingerPoints,6,BDAVIS309,0.0,0.0,,False,0.0,0.0
2026,1331774804222545920,NCAA PIONEER,13,6,455753261765357568,BDAVIS309,3,MyFingerPoints,0.0,0.0,,False,0.0,0.0
2026,1331774804222545920,NCAA PIONEER,13,4,439351925129867264,Daphud,8,CrownMeKing,0.0,0.0,,False,0.0,0.0
2026,1331774804222545920,NCAA PIONEER,13,8,339931221767249920,CrownMeKing,4,Daphud,0.0,0.0,,False,0.0,0.0
2026,1331774804222545920,NCAA PIONEER,13,7,398884413687001088,Ortizz,10,JMullen175,0.0,0.0,,False,0.0,0.0
2026,1331774804222545920,NCAA PIONEER,13,10,315736569111650304,JMullen175,7,Ortizz,0.0,0.0,,False,0.0,0.0
2026,1331774804222545920,NCAA PIONEER,13,9,602687087556231168,DictatorBerry,11,FatPat1251,0.0,0.0,,False,0.0,0.0
2026,1331774804222545920,NCAA PIONEER,13,11,325873712534421504,FatPat1251,9,DictatorBerry,0.0,0.0,,False,0.0,0.0
2026,1331774804222545920,NCAA PIONEER,14,1,993737529142693888,doseofthestars,8,CrownMeKing,0.0,0.0,,False,0.0,0.0
2026,1331774804222545920,NCAA PIONEER,14,8,339931221767249920,CrownMeKing,1,doseofthestars,0.0,0.0,,False,0.0,0.0
2026,1331774804222545920,NCAA PIONEER,14,2,468638573403303936,DownLoMoJo,3,MyFingerPoints,0.0,0.0,,False,0.0,0.0
2026,1331774804222545920,NCAA PIONEER,14,3,459110344502013952,MyFingerPoints,2,DownLoMoJo,0.0,0.0,,False,0.0,0.0
2026,1331774804222545920,NCAA PIONEER,14,4,439351925129867264,Daphud,7,Ortizz,0.0,0.0,,False,0.0,0.0
2026,1331774804222545920,NCAA PIONEER,14,7,398884413687001088,Ortizz,4,Daphud,0.0,0.0,,False,0.0,0.0
2026,1331774804222545920,NCAA PIONEER,14,5,432164755709370368,EBurkhart,11,FatPat1251,0.0,0.0,,False,0.0,0.0
2026,1331774804222545920,NCAA PIONEER,14,11,325873712534421504,FatPat1251,5,EBurkhart,0.0,0.0,,False,0.0,0.0
2026,1331774804222545920,NCAA PIONEER,14,6,455753261765357568,BDAVIS309,9,DictatorBerry,0.0,0.0,,False,0.0,0.0
2026,1331774804222545920,NCAA PIONEER,14,9,602687087556231168,DictatorBerry,6,BDAVIS309,0.0,0.0,,False,0.0,0.0
2026,1331774804222545920,NCAA PIONEER,14,10,315736569111650304,JMullen175,12,YikesOnBikes,0.0,0.0,,False,0.0,0.0
2026,1331774804222545920,NCAA PIONEER,14,12,739984250304135168,YikesOnBikes,10,JMullen175,0.0,0.0,,False,0.0,0.0
2026,1331774804222545920,NCAA PIONEER,15,1,993737529142693888,doseofthestars,4,Daphud,0.0,0.0,,False,0.0,0.0
2026,1331774804222545920,NCAA PIONEER,15,4,439351925129867264,Daphud,1,doseofthestars,0.0,0.0,,False,0.0,0.0
2026,1331774804222545920,NCAA PIONEER,15,2,468638573403303936,DownLoMoJo,6,BDAVIS309,0.0,0.0,,False,0.0,0.0
2026,1331774804222545920,NCAA PIONEER,15,6,455753261765357568,BDAVIS309,2,DownLoMoJo,0.0,0.0,,False,0.0,0.0
2026,1331774804222545920,NCAA PIONEER,15,3,459110344502013952,MyFingerPoints,11,FatPat1251,0.0,0.0,,False,0.0,0.0
2026,1331774804222545920,NCAA PIONEER,15,11,325873712534421504,FatPat1251,3,MyFingerPoints,0.0,0.0,,False,0.0,0.0
2026,1331774804222545920,NCAA PIONEER,15,5,432164755709370368,EBurkhart,9,DictatorBerry,0.0,0.0,,False,0.0,0.0
2026,1331774804222545920,NCAA PIONEER,15,9,602687087556231168,DictatorBerry,5,EBurkhart,0.0,0.0,,False,0.0,0.0
2026,1331774804222545920,NCAA PIONEER,15,7,398884413687001088,Ortizz,12,YikesOnBikes,0.0,0.0,,False,0.0,0.0
2026,1331774804222545920,NCAA PIONEER,15,12,739984250304135168,YikesOnBikes,7,Ortizz,0.0,0.0,,False,0.0,0.0
2026,1331774804222545920,NCAA PIONEER,15,8,339931221767249920,CrownMeKing,10,JMullen175,0.0,0.0,,False,0.0,0.0
2026,1331774804222545920,NCAA PIONEER,15,10,315736569111650304,JMullen175,8,CrownMeKing,0.0,0.0,,False,0.0,0.0
2026,1331774804222545920,NCAA PIONEER,16,1,993737529142693888,doseofthestars,7,Ortizz,0.0,0.0,,False,0.0,0.0
2026,1331774804222545920,NCAA PIONEER,16,7,398884413687001088,Ortizz,1,doseofthestars,0.0,0.0,,False,0.0,0.0
2026,1331774804222545920,NCAA PIONEER,16,2,468638573403303936,DownLoMoJo,9,DictatorBerry,0.0,0.0,,False,0.0,0.0
2026,1331774804222545920,NCAA PIONEER,16,9,602687087556231168,DictatorBerry,2,DownLoMoJo,0.0,0.0,,False,0.0,0.0
2026,1331774804222545920,NCAA PIONEER,16,3,459110344502013952,MyFingerPoints,5,EBurkhart,0.0,0.0,,False,0.0,0.0
2026,1331774804222545920,NCAA PIONEER,16,5,432164755709370368,EBurkhart,3,MyFingerPoints,0.0,0.0,,False,0.0,0.0
2026,1331774804222545920,NCAA PIONEER,16,4,439351925129867264,Daphud,10,JMullen175,0.0,0.0,,False,0.0,0.0
2026,1331774804222545920,NCAA PIONEER,16,10,315736569111650304,JMullen175,4,Daphud,0.0,0.0,,False,0.0,0.0
2026,1331774804222545920,NCAA PIONEER,16,6,455753261765357568,BDAVIS309,11,FatPat1251,0.0,0.0,,False,0.0,0.0
2026,1331774804222545920,NCAA PIONEER,16,11,325873712534421504,FatPat1251,6,BDAVIS309,0.0,0.0,,False,0.0,0.0
2026,1331774804222545920,NCAA PIONEER,16,8,339931221767249920,CrownMeKing,12,YikesOnBikes,0.0,0.0,,False,0.0,0.0
2026,1331774804222545920,NCAA PIONEER,16,12,739984250304135168,YikesOnBikes,8,CrownMeKing,0.0,0.0,,False,0.0,0.0
2026,1331774804222545920,NCAA PIONEER,17,1,993737529142693888,doseofthestars,2,DownLoMoJo,0.0,0.0,,False,0.0,0.0
2026,1331774804222545920,NCAA PIONEER,17,2,468638573403303936,DownLoMoJo,1,doseofthestars,0.0,0.0,,False,0.0,0.0
2026,1331774804222545920,NCAA PIONEER,17,3,459110344502013952,MyFingerPoints,8,CrownMeKing,0.0,0.0,,False,0.0,0.0
2026,1331774804222545920,NCAA PIONEER,17,8,339931221767249920,CrownMeKing,3,MyFingerPoints,0.0,0.0,,False,0.0,0.0
2026,1331774804222545920,NCAA PIONEER,17,4,439351925129867264,Daphud,6,BDAVIS309,0.0,0.0,,False,0.0,0.0
2026,1331774804222545920,NCAA PIONEER,17,6,455753261765357568,BDAVIS309,4,Daphud,0.0,0.0,,False,0.0,0.0
2026,1331774804222545920,NCAA PIONEER,17,5,432164755709370368,EBurkhart,12,YikesOnBikes,0.0,0.0,,False,0.0,0.0
2026,1331774804222545920,NCAA PIONEER,17,12,739984250304135168,YikesOnBikes,5,EBurkhart,0.0,0.0,,False,0.0,0.0
2026,1331774804222545920,NCAA PIONEER,17,7,398884413687001088,Ortizz,9,DictatorBerry,0.0,0.0,,False,0.0,0.0
2026,1331774804222545920,NCAA PIONEER,17,9,602687087556231168,DictatorBerry,7,Ortizz,0.0,0.0,,False,0.0,0.0
2026,1331774804222545920,NCAA PIONEER,17,10,315736569111650304,JMullen175,11,FatPat1251,0.0,0.0,,False,0.0,0.0
2026,1331774804222545920,NCAA PIONEER,17,11,325873712534421504,FatPat1251,10,JMullen175,0.0,0.0,,False,0.0,0.0
2026,1331774804222545920,NCAA PIONEER,18,1,993737529142693888,doseofthestars,11,FatPat1251,0.0,0.0,,False,0.0,0.0
2026,1331774804222545920,NCAA PIONEER,18,11,325873712534421504,FatPat1251,1,doseofthestars,0.0,0.0,,False,0.0,0.0
2026,1331774804222545920,NCAA PIONEER,18,2,468638573403303936,DownLoMoJo,10,JMullen175,0.0,0.0,,False,0.0,0.0
2026,1331774804222545920,NCAA PIONEER,18,10,315736569111650304,JMullen175,2,DownLoMoJo,0.0,0.0,,False,0.0,0.0
2026,1331774804222545920,NCAA PIONEER,18,3,459110344502013952,MyFingerPoints,7,Ortizz,0.0,0.0,,False,0.0,0.0
2026,1331774804222545920,NCAA PIONEER,18,7,398884413687001088,Ortizz,3,MyFingerPoints,0.0,0.0,,False,0.0,0.0
2026,1331774804222545920,NCAA PIONEER,18,4,439351925129867264,Daphud,5,EBurkhart,0.0,0.0,,False,0.0,0.0
2026,1331774804222545920,NCAA PIONEER,18,5,432164755709370368,EBurkhart,4,Daphud,0.0,0.0,,False,0.0,0.0
2026,1331774804222545920,NCAA PIONEER,18,6,455753261765357568,BDAVIS309,12,YikesOnBikes,0.0,0.0,,False,0.0,0.0
2026,1331774804222545920,NCAA PIONEER,18,12,739984250304135168,YikesOnBikes,6,BDAVIS309,0.0,0.0,,False,0.0,0.0
2026,1331774804222545920,NCAA PIONEER,18,8,339931221767249920,CrownMeKing,9,DictatorBerry,0.0,0.0,,False,0.0,0.0
2026,1331774804222545920,NCAA PIONEER,18,9,602687087556231168,DictatorBerry,8,CrownMeKing,0.0,0.0,,False,0.0,0.0
2026,1331774741488369664,NCAA IVY,1,1,470912510262767616,FlynnD,7,Hambnr,116.02,114.52,Win,True,116.02,-0.0
2026,1331774741488369664,NCAA IVY,1,7,1135784589957652480,Hambnr,1,FlynnD,114.52,116.02,Loss,True,114.52,0.0
2026,1331774741488369664,NCAA IVY,1,2,730628287012921344,KennethNZ,8,PhilupMynuts,86.36,133.36,Loss,True,86.36,0.0
2026,1331774741488369664,NCAA IVY,1,8,461688192555282432,PhilupMynuts,2,KennethNZ,133.36,86.36,Win,True,133.36,0.0
2026,1331774741488369664,NCAA IVY,1,3,480124073456693248,Jrodr71,9,BrynJ9618,125.5,162.72,Loss,True,125.5,0.0
2026,1331774741488369664,NCAA IVY,1,9,1402806331622043648,BrynJ9618,3,Jrodr71,162.72,125.5,Win,True,162.72,0.0
2026,1331774741488369664,NCAA IVY,1,4,570803989783429120,alecgagnon2001,6,Iloveyyounghoes,138.0,137.84,Win,True,138.0,0.0
2026,1331774741488369664,NCAA IVY,1,6,1017588201080369152,Iloveyyounghoes,4,alecgagnon2001,137.84,138.0,Loss,True,137.84,0.0
2026,1331774741488369664,NCAA IVY,1,5,395321276102627328,ccassidy,11,jtheadrick98,158.6,180.96,Loss,True,158.6,-0.0
2026,1331774741488369664,NCAA IVY,1,11,460895027179024384,jtheadrick98,5,ccassidy,180.96,158.6,Win,True,180.96,0.0
2026,1331774741488369664,NCAA IVY,1,10,1142198466060402688,BLACK93BOIZS,12,cobrapanther99,132.36,113.66,Win,True,132.36,0.0
2026,1331774741488369664,NCAA IVY,1,12,464595147808567296,cobrapanther99,10,BLACK93BOIZS,113.66,132.36,Loss,True,113.66,0.0
2026,1331774741488369664,NCAA IVY,2,1,470912510262767616,FlynnD,11,jtheadrick98,130.28,135.32,Loss,True,130.28,0.0
2026,1331774741488369664,NCAA IVY,2,11,460895027179024384,jtheadrick98,1,FlynnD,135.32,130.28,Win,True,135.32,-0.0
2026,1331774741488369664,NCAA IVY,2,2,730628287012921344,KennethNZ,12,cobrapanther99,107.94,138.98,Loss,True,107.94,0.0
2026,1331774741488369664,NCAA IVY,2,12,464595147808567296,cobrapanther99,2,KennethNZ,138.98,107.94,Win,True,138.98,0.0
2026,1331774741488369664,NCAA IVY,2,3,480124073456693248,Jrodr71,5,ccassidy,87.9,169.46,Loss,True,87.9,0.0
2026,1331774741488369664,NCAA IVY,2,5,395321276102627328,ccassidy,3,Jrodr71,169.46,87.9,Win,True,169.46,0.0
2026,1331774741488369664,NCAA IVY,2,4,570803989783429120,alecgagnon2001,10,BLACK93BOIZS,129.8,112.98,Win,True,129.8,0.0
2026,1331774741488369664,NCAA IVY,2,10,1142198466060402688,BLACK93BOIZS,4,alecgagnon2001,112.98,129.8,Loss,True,112.98,0.0
2026,1331774741488369664,NCAA IVY,2,6,1017588201080369152,Iloveyyounghoes,8,PhilupMynuts,126.32,112.8,Win,True,126.32,-0.0
2026,1331774741488369664,NCAA IVY,2,8,461688192555282432,PhilupMynuts,6,Iloveyyounghoes,112.8,126.32,Loss,True,112.8,-0.0
2026,1331774741488369664,NCAA IVY,2,7,1135784589957652480,Hambnr,9,BrynJ9618,131.16,125.5,Win,True,131.16,0.0
2026,1331774741488369664,NCAA IVY,2,9,1402806331622043648,BrynJ9618,7,Hambnr,125.5,131.16,Loss,True,125.5,0.0
2026,1331774741488369664,NCAA IVY,3,1,470912510262767616,FlynnD,9,BrynJ9618,127.98,106.72,Win,True,127.98,0.0
2026,1331774741488369664,NCAA IVY,3,9,1402806331622043648,BrynJ9618,1,FlynnD,106.72,127.98,Loss,True,106.72,0.0
2026,1331774741488369664,NCAA IVY,3,2,730628287012921344,KennethNZ,4,alecgagnon2001,127.84,133.14,Loss,True,127.84,-0.0
2026,1331774741488369664,NCAA IVY,3,4,570803989783429120,alecgagnon2001,2,KennethNZ,133.14,127.84,Win,True,133.14,0.0
2026,1331774741488369664,NCAA IVY,3,3,480124073456693248,Jrodr71,11,jtheadrick98,125.1,162.76,Loss,True,125.1,-0.0
2026,1331774741488369664,NCAA IVY,3,11,460895027179024384,jtheadrick98,3,Jrodr71,162.76,125.1,Win,True,162.76,0.0
2026,1331774741488369664,NCAA IVY,3,5,395321276102627328,ccassidy,7,Hambnr,133.14,113.86,Win,True,133.14,0.0
2026,1331774741488369664,NCAA IVY,3,7,1135784589957652480,Hambnr,5,ccassidy,113.86,133.14,Loss,True,113.86,0.0
2026,1331774741488369664,NCAA IVY,3,6,1017588201080369152,Iloveyyounghoes,10,BLACK93BOIZS,131.04,104.44,Win,True,131.04,0.0
2026,1331774741488369664,NCAA IVY,3,10,1142198466060402688,BLACK93BOIZS,6,Iloveyyounghoes,104.44,131.04,Loss,True,104.44,0.0
2026,1331774741488369664,NCAA IVY,3,8,461688192555282432,PhilupMynuts,12,cobrapanther99,152.24,161.48,Loss,True,152.24,0.0
2026,1331774741488369664,NCAA IVY,3,12,464595147808567296,cobrapanther99,8,PhilupMynuts,161.48,152.24,Win,True,161.48,0.0
2026,1331774741488369664,NCAA IVY,4,1,470912510262767616,FlynnD,3,Jrodr71,0.0,0.0,,True,0.0,0.0
2026,1331774741488369664,NCAA IVY,4,3,480124073456693248,Jrodr71,1,FlynnD,0.0,0.0,,True,0.0,0.0
2026,1331774741488369664,NCAA IVY,4,2,730628287012921344,KennethNZ,6,Iloveyyounghoes,0.0,8.5,Loss,True,0.0,0.0
2026,1331774741488369664,NCAA IVY,4,6,1017588201080369152,Iloveyyounghoes,2,KennethNZ,8.5,0.0,Win,True,8.5,0.0
2026,1331774741488369664,NCAA IVY,4,4,570803989783429120,alecgagnon2001,12,cobrapanther99,12.9,61.6,Loss,True,12.9,0.0
2026,1331774741488369664,NCAA IVY,4,12,464595147808567296,cobrapanther99,4,alecgagnon2001,61.6,12.9,Win,True,61.6,-0.0
2026,1331774741488369664,NCAA IVY,4,5,395321276102627328,ccassidy,9,BrynJ9618,21.6,18.6,Win,True,21.6,0.0
2026,1331774741488369664,NCAA IVY,4,9,1402806331622043648,BrynJ9618,5,ccassidy,18.6,21.6,Loss,True,18.6,0.0
2026,1331774741488369664,NCAA IVY,4,7,1135784589957652480,Hambnr,11,jtheadrick98,0.0,15.6,Loss,True,0.0,0.0
2026,1331774741488369664,NCAA IVY,4,11,460895027179024384,jtheadrick98,7,Hambnr,15.6,0.0,Win,True,15.6,0.0
2026,1331774741488369664,NCAA IVY,4,8,461688192555282432,PhilupMynuts,10,BLACK93BOIZS,9.1,11.4,Loss,True,9.1,0.0
2026,1331774741488369664,NCAA IVY,4,10,1142198466060402688,BLACK93BOIZS,8,PhilupMynuts,11.4,9.1,Win,True,11.4,0.0
2026,1331774741488369664,NCAA IVY,5,1,470912510262767616,FlynnD,5,ccassidy,0.0,0.0,,True,0.0,0.0
2026,1331774741488369664,NCAA IVY,5,5,395321276102627328,ccassidy,1,FlynnD,0.0,0.0,,True,0.0,0.0
2026,1331774741488369664,NCAA IVY,5,2,730628287012921344,KennethNZ,10,BLACK93BOIZS,0.0,0.0,,True,0.0,0.0
2026,1331774741488369664,NCAA IVY,5,10,1142198466060402688,BLACK93BOIZS,2,KennethNZ,0.0,0.0,,True,0.0,0.0
2026,1331774741488369664,NCAA IVY,5,3,480124073456693248,Jrodr71,7,Hambnr,0.0,0.0,,True,0.0,0.0
2026,1331774741488369664,NCAA IVY,5,7,1135784589957652480,Hambnr,3,Jrodr71,0.0,0.0,,True,0.0,0.0
2026,1331774741488369664,NCAA IVY,5,4,570803989783429120,alecgagnon2001,8,PhilupMynuts,0.0,0.0,,True,0.0,0.0
2026,1331774741488369664,NCAA IVY,5,8,461688192555282432,PhilupMynuts,4,alecgagnon2001,0.0,0.0,,True,0.0,0.0
2026,1331774741488369664,NCAA IVY,5,6,1017588201080369152,Iloveyyounghoes,12,cobrapanther99,0.0,0.0,,True,0.0,0.0
2026,1331774741488369664,NCAA IVY,5,12,464595147808567296,cobrapanther99,6,Iloveyyounghoes,0.0,0.0,,True,0.0,0.0
2026,1331774741488369664,NCAA IVY,5,9,1402806331622043648,BrynJ9618,11,jtheadrick98,0.0,0.0,,True,0.0,0.0
2026,1331774741488369664,NCAA IVY,5,11,460895027179024384,jtheadrick98,9,BrynJ9618,0.0,0.0,,True,0.0,0.0
2026,1331774741488369664,NCAA IVY,6,1,470912510262767616,FlynnD,8,PhilupMynuts,0.0,0.0,,True,0.0,0.0
2026,1331774741488369664,NCAA IVY,6,8,461688192555282432,PhilupMynuts,1,FlynnD,0.0,0.0,,True,0.0,0.0
2026,1331774741488369664,NCAA IVY,6,2,730628287012921344,KennethNZ,7,Hambnr,0.0,0.0,,True,0.0,0.0
2026,1331774741488369664,NCAA IVY,6,7,1135784589957652480,Hambnr,2,KennethNZ,0.0,0.0,,True,0.0,0.0
2026,1331774741488369664,NCAA IVY,6,3,480124073456693248,Jrodr71,10,BLACK93BOIZS,0.0,0.0,,True,0.0,0.0
2026,1331774741488369664,NCAA IVY,6,10,1142198466060402688,BLACK93BOIZS,3,Jrodr71,0.0,0.0,,True,0.0,0.0
2026,1331774741488369664,NCAA IVY,6,4,570803989783429120,alecgagnon2001,5,ccassidy,0.0,0.0,,True,0.0,0.0
2026,1331774741488369664,NCAA IVY,6,5,395321276102627328,ccassidy,4,alecgagnon2001,0.0,0.0,,True,0.0,0.0
2026,1331774741488369664,NCAA IVY,6,6,1017588201080369152,Iloveyyounghoes,11,jtheadrick98,0.0,0.0,,True,0.0,0.0
2026,1331774741488369664,NCAA IVY,6,11,460895027179024384,jtheadrick98,6,Iloveyyounghoes,0.0,0.0,,True,0.0,0.0
2026,1331774741488369664,NCAA IVY,6,9,1402806331622043648,BrynJ9618,12,cobrapanther99,0.0,0.0,,True,0.0,0.0
2026,1331774741488369664,NCAA IVY,6,12,464595147808567296,cobrapanther99,9,BrynJ9618,0.0,0.0,,True,0.0,0.0
2026,1331774741488369664,NCAA IVY,7,1,470912510262767616,FlynnD,2,KennethNZ,0.0,0.0,,True,0.0,0.0
2026,1331774741488369664,NCAA IVY,7,2,730628287012921344,KennethNZ,1,FlynnD,0.0,0.0,,True,0.0,0.0
2026,1331774741488369664,NCAA IVY,7,3,480124073456693248,Jrodr71,12,cobrapanther99,0.0,0.0,,True,0.0,0.0
2026,1331774741488369664,NCAA IVY,7,12,464595147808567296,cobrapanther99,3,Jrodr71,0.0,0.0,,True,0.0,0.0
2026,1331774741488369664,NCAA IVY,7,4,570803989783429120,alecgagnon2001,11,jtheadrick98,0.0,0.0,,True,0.0,0.0
2026,1331774741488369664,NCAA IVY,7,11,460895027179024384,jtheadrick98,4,alecgagnon2001,0.0,0.0,,True,0.0,0.0
2026,1331774741488369664,NCAA IVY,7,5,395321276102627328,ccassidy,6,Iloveyyounghoes,0.0,0.0,,True,0.0,0.0
2026,1331774741488369664,NCAA IVY,7,6,1017588201080369152,Iloveyyounghoes,5,ccassidy,0.0,0.0,,True,0.0,0.0
2026,1331774741488369664,NCAA IVY,7,7,1135784589957652480,Hambnr,8,PhilupMynuts,0.0,0.0,,True,0.0,0.0
2026,1331774741488369664,NCAA IVY,7,8,461688192555282432,PhilupMynuts,7,Hambnr,0.0,0.0,,True,0.0,0.0
2026,1331774741488369664,NCAA IVY,7,9,1402806331622043648,BrynJ9618,10,BLACK93BOIZS,0.0,0.0,,True,0.0,0.0
2026,1331774741488369664,NCAA IVY,7,10,1142198466060402688,BLACK93BOIZS,9,BrynJ9618,0.0,0.0,,True,0.0,0.0
2026,1331774741488369664,NCAA IVY,8,1,470912510262767616,FlynnD,10,BLACK93BOIZS,0.0,0.0,,True,0.0,0.0
2026,1331774741488369664,NCAA IVY,8,10,1142198466060402688,BLACK93BOIZS,1,FlynnD,0.0,0.0,,True,0.0,0.0
2026,1331774741488369664,NCAA IVY,8,2,730628287012921344,KennethNZ,5,ccassidy,0.0,0.0,,True,0.0,0.0
2026,1331774741488369664,NCAA IVY,8,5,395321276102627328,ccassidy,2,KennethNZ,0.0,0.0,,True,0.0,0.0
2026,1331774741488369664,NCAA IVY,8,3,480124073456693248,Jrodr71,6,Iloveyyounghoes,0.0,0.0,,True,0.0,0.0
2026,1331774741488369664,NCAA IVY,8,6,1017588201080369152,Iloveyyounghoes,3,Jrodr71,0.0,0.0,,True,0.0,0.0
2026,1331774741488369664,NCAA IVY,8,4,570803989783429120,alecgagnon2001,9,BrynJ9618,0.0,0.0,,True,0.0,0.0
2026,1331774741488369664,NCAA IVY,8,9,1402806331622043648,BrynJ9618,4,alecgagnon2001,0.0,0.0,,True,0.0,0.0
2026,1331774741488369664,NCAA IVY,8,7,1135784589957652480,Hambnr,12,cobrapanther99,0.0,0.0,,True,0.0,0.0
2026,1331774741488369664,NCAA IVY,8,12,464595147808567296,cobrapanther99,7,Hambnr,0.0,0.0,,True,0.0,0.0
2026,1331774741488369664,NCAA IVY,8,8,461688192555282432,PhilupMynuts,11,jtheadrick98,0.0,0.0,,True,0.0,0.0
2026,1331774741488369664,NCAA IVY,8,11,460895027179024384,jtheadrick98,8,PhilupMynuts,0.0,0.0,,True,0.0,0.0
2026,1331774741488369664,NCAA IVY,9,1,470912510262767616,FlynnD,12,cobrapanther99,0.0,0.0,,True,0.0,0.0
2026,1331774741488369664,NCAA IVY,9,12,464595147808567296,cobrapanther99,1,FlynnD,0.0,0.0,,True,0.0,0.0
2026,1331774741488369664,NCAA IVY,9,2,730628287012921344,KennethNZ,11,jtheadrick98,0.0,0.0,,True,0.0,0.0
2026,1331774741488369664,NCAA IVY,9,11,460895027179024384,jtheadrick98,2,KennethNZ,0.0,0.0,,True,0.0,0.0
2026,1331774741488369664,NCAA IVY,9,3,480124073456693248,Jrodr71,4,alecgagnon2001,0.0,0.0,,True,0.0,0.0
2026,1331774741488369664,NCAA IVY,9,4,570803989783429120,alecgagnon2001,3,Jrodr71,0.0,0.0,,True,0.0,0.0
2026,1331774741488369664,NCAA IVY,9,5,395321276102627328,ccassidy,8,PhilupMynuts,0.0,0.0,,True,0.0,0.0
2026,1331774741488369664,NCAA IVY,9,8,461688192555282432,PhilupMynuts,5,ccassidy,0.0,0.0,,True,0.0,0.0
2026,1331774741488369664,NCAA IVY,9,6,1017588201080369152,Iloveyyounghoes,9,BrynJ9618,0.0,0.0,,True,0.0,0.0
2026,1331774741488369664,NCAA IVY,9,9,1402806331622043648,BrynJ9618,6,Iloveyyounghoes,0.0,0.0,,True,0.0,0.0
2026,1331774741488369664,NCAA IVY,9,7,1135784589957652480,Hambnr,10,BLACK93BOIZS,0.0,0.0,,True,0.0,0.0
2026,1331774741488369664,NCAA IVY,9,10,1142198466060402688,BLACK93BOIZS,7,Hambnr,0.0,0.0,,True,0.0,0.0
2026,1331774741488369664,NCAA IVY,10,1,470912510262767616,FlynnD,6,Iloveyyounghoes,0.0,0.0,,True,0.0,0.0
2026,1331774741488369664,NCAA IVY,10,6,1017588201080369152,Iloveyyounghoes,1,FlynnD,0.0,0.0,,True,0.0,0.0
2026,1331774741488369664,NCAA IVY,10,2,730628287012921344,KennethNZ,9,BrynJ9618,0.0,0.0,,True,0.0,0.0
2026,1331774741488369664,NCAA IVY,10,9,1402806331622043648,BrynJ9618,2,KennethNZ,0.0,0.0,,True,0.0,0.0
2026,1331774741488369664,NCAA IVY,10,3,480124073456693248,Jrodr71,8,PhilupMynuts,0.0,0.0,,True,0.0,0.0
2026,1331774741488369664,NCAA IVY,10,8,461688192555282432,PhilupMynuts,3,Jrodr71,0.0,0.0,,True,0.0,0.0
2026,1331774741488369664,NCAA IVY,10,4,570803989783429120,alecgagnon2001,7,Hambnr,0.0,0.0,,True,0.0,0.0
2026,1331774741488369664,NCAA IVY,10,7,1135784589957652480,Hambnr,4,alecgagnon2001,0.0,0.0,,True,0.0,0.0
2026,1331774741488369664,NCAA IVY,10,5,395321276102627328,ccassidy,12,cobrapanther99,0.0,0.0,,True,0.0,0.0
2026,1331774741488369664,NCAA IVY,10,12,464595147808567296,cobrapanther99,5,ccassidy,0.0,0.0,,True,0.0,0.0
2026,1331774741488369664,NCAA IVY,10,10,1142198466060402688,BLACK93BOIZS,11,jtheadrick98,0.0,0.0,,True,0.0,0.0
2026,1331774741488369664,NCAA IVY,10,11,460895027179024384,jtheadrick98,10,BLACK93BOIZS,0.0,0.0,,True,0.0,0.0
2026,1331774741488369664,NCAA IVY,11,1,470912510262767616,FlynnD,4,alecgagnon2001,0.0,0.0,,True,0.0,0.0
2026,1331774741488369664,NCAA IVY,11,4,570803989783429120,alecgagnon2001,1,FlynnD,0.0,0.0,,True,0.0,0.0
2026,1331774741488369664,NCAA IVY,11,2,730628287012921344,KennethNZ,3,Jrodr71,0.0,0.0,,True,0.0,0.0
2026,1331774741488369664,NCAA IVY,11,3,480124073456693248,Jrodr71,2,KennethNZ,0.0,0.0,,True,0.0,0.0
2026,1331774741488369664,NCAA IVY,11,5,395321276102627328,ccassidy,10,BLACK93BOIZS,0.0,0.0,,True,0.0,0.0
2026,1331774741488369664,NCAA IVY,11,10,1142198466060402688,BLACK93BOIZS,5,ccassidy,0.0,0.0,,True,0.0,0.0
2026,1331774741488369664,NCAA IVY,11,6,1017588201080369152,Iloveyyounghoes,7,Hambnr,0.0,0.0,,True,0.0,0.0
2026,1331774741488369664,NCAA IVY,11,7,1135784589957652480,Hambnr,6,Iloveyyounghoes,0.0,0.0,,True,0.0,0.0
2026,1331774741488369664,NCAA IVY,11,8,461688192555282432,PhilupMynuts,9,BrynJ9618,0.0,0.0,,True,0.0,0.0
2026,1331774741488369664,NCAA IVY,11,9,1402806331622043648,BrynJ9618,8,PhilupMynuts,0.0,0.0,,True,0.0,0.0
2026,1331774741488369664,NCAA IVY,11,11,460895027179024384,jtheadrick98,12,cobrapanther99,0.0,0.0,,True,0.0,0.0
2026,1331774741488369664,NCAA IVY,11,12,464595147808567296,cobrapanther99,11,jtheadrick98,0.0,0.0,,True,0.0,0.0
2026,1331774741488369664,NCAA IVY,12,1,470912510262767616,FlynnD,7,Hambnr,0.0,0.0,,False,0.0,0.0
2026,1331774741488369664,NCAA IVY,12,7,1135784589957652480,Hambnr,1,FlynnD,0.0,0.0,,False,0.0,0.0
2026,1331774741488369664,NCAA IVY,12,2,730628287012921344,KennethNZ,8,PhilupMynuts,0.0,0.0,,False,0.0,0.0
2026,1331774741488369664,NCAA IVY,12,8,461688192555282432,PhilupMynuts,2,KennethNZ,0.0,0.0,,False,0.0,0.0
2026,1331774741488369664,NCAA IVY,12,3,480124073456693248,Jrodr71,9,BrynJ9618,0.0,0.0,,False,0.0,0.0
2026,1331774741488369664,NCAA IVY,12,9,1402806331622043648,BrynJ9618,3,Jrodr71,0.0,0.0,,False,0.0,0.0
2026,1331774741488369664,NCAA IVY,12,4,570803989783429120,alecgagnon2001,6,Iloveyyounghoes,0.0,0.0,,False,0.0,0.0
2026,1331774741488369664,NCAA IVY,12,6,1017588201080369152,Iloveyyounghoes,4,alecgagnon2001,0.0,0.0,,False,0.0,0.0
2026,1331774741488369664,NCAA IVY,12,5,395321276102627328,ccassidy,11,jtheadrick98,0.0,0.0,,False,0.0,0.0
2026,1331774741488369664,NCAA IVY,12,11,460895027179024384,jtheadrick98,5,ccassidy,0.0,0.0,,False,0.0,0.0
2026,1331774741488369664,NCAA IVY,12,10,1142198466060402688,BLACK93BOIZS,12,cobrapanther99,0.0,0.0,,False,0.0,0.0
2026,1331774741488369664,NCAA IVY,12,12,464595147808567296,cobrapanther99,10,BLACK93BOIZS,0.0,0.0,,False,0.0,0.0
2026,1331774741488369664,NCAA IVY,13,1,470912510262767616,FlynnD,11,jtheadrick98,0.0,0.0,,False,0.0,0.0
2026,1331774741488369664,NCAA IVY,13,11,460895027179024384,jtheadrick98,1,FlynnD,0.0,0.0,,False,0.0,0.0
2026,1331774741488369664,NCAA IVY,13,2,730628287012921344,KennethNZ,12,cobrapanther99,0.0,0.0,,False,0.0,0.0
2026,1331774741488369664,NCAA IVY,13,12,464595147808567296,cobrapanther99,2,KennethNZ,0.0,0.0,,False,0.0,0.0
2026,1331774741488369664,NCAA IVY,13,3,480124073456693248,Jrodr71,5,ccassidy,0.0,0.0,,False,0.0,0.0
2026,1331774741488369664,NCAA IVY,13,5,395321276102627328,ccassidy,3,Jrodr71,0.0,0.0,,False,0.0,0.0
2026,1331774741488369664,NCAA IVY,13,4,570803989783429120,alecgagnon2001,10,BLACK93BOIZS,0.0,0.0,,False,0.0,0.0
2026,1331774741488369664,NCAA IVY,13,10,1142198466060402688,BLACK93BOIZS,4,alecgagnon2001,0.0,0.0,,False,0.0,0.0
2026,1331774741488369664,NCAA IVY,13,6,1017588201080369152,Iloveyyounghoes,8,PhilupMynuts,0.0,0.0,,False,0.0,0.0
2026,1331774741488369664,NCAA IVY,13,8,461688192555282432,PhilupMynuts,6,Iloveyyounghoes,0.0,0.0,,False,0.0,0.0
2026,1331774741488369664,NCAA IVY,13,7,1135784589957652480,Hambnr,9,BrynJ9618,0.0,0.0,,False,0.0,0.0
2026,1331774741488369664,NCAA IVY,13,9,1402806331622043648,BrynJ9618,7,Hambnr,0.0,0.0,,False,0.0,0.0
2026,1331774741488369664,NCAA IVY,14,1,470912510262767616,FlynnD,9,BrynJ9618,0.0,0.0,,False,0.0,0.0
2026,1331774741488369664,NCAA IVY,14,9,1402806331622043648,BrynJ9618,1,FlynnD,0.0,0.0,,False,0.0,0.0
2026,1331774741488369664,NCAA IVY,14,2,730628287012921344,KennethNZ,4,alecgagnon2001,0.0,0.0,,False,0.0,0.0
2026,1331774741488369664,NCAA IVY,14,4,570803989783429120,alecgagnon2001,2,KennethNZ,0.0,0.0,,False,0.0,0.0
2026,1331774741488369664,NCAA IVY,14,3,480124073456693248,Jrodr71,11,jtheadrick98,0.0,0.0,,False,0.0,0.0
2026,1331774741488369664,NCAA IVY,14,11,460895027179024384,jtheadrick98,3,Jrodr71,0.0,0.0,,False,0.0,0.0
2026,1331774741488369664,NCAA IVY,14,5,395321276102627328,ccassidy,7,Hambnr,0.0,0.0,,False,0.0,0.0
2026,1331774741488369664,NCAA IVY,14,7,1135784589957652480,Hambnr,5,ccassidy,0.0,0.0,,False,0.0,0.0
2026,1331774741488369664,NCAA IVY,14,6,1017588201080369152,Iloveyyounghoes,10,BLACK93BOIZS,0.0,0.0,,False,0.0,0.0
2026,1331774741488369664,NCAA IVY,14,10,1142198466060402688,BLACK93BOIZS,6,Iloveyyounghoes,0.0,0.0,,False,0.0,0.0
2026,1331774741488369664,NCAA IVY,14,8,461688192555282432,PhilupMynuts,12,cobrapanther99,0.0,0.0,,False,0.0,0.0
2026,1331774741488369664,NCAA IVY,14,12,464595147808567296,cobrapanther99,8,PhilupMynuts,0.0,0.0,,False,0.0,0.0
2026,1331774741488369664,NCAA IVY,15,1,470912510262767616,FlynnD,3,Jrodr71,0.0,0.0,,False,0.0,0.0
2026,1331774741488369664,NCAA IVY,15,3,480124073456693248,Jrodr71,1,FlynnD,0.0,0.0,,False,0.0,0.0
2026,1331774741488369664,NCAA IVY,15,2,730628287012921344,KennethNZ,6,Iloveyyounghoes,0.0,0.0,,False,0.0,0.0
2026,1331774741488369664,NCAA IVY,15,6,1017588201080369152,Iloveyyounghoes,2,KennethNZ,0.0,0.0,,False,0.0,0.0
2026,1331774741488369664,NCAA IVY,15,4,570803989783429120,alecgagnon2001,12,cobrapanther99,0.0,0.0,,False,0.0,0.0
2026,1331774741488369664,NCAA IVY,15,12,464595147808567296,cobrapanther99,4,alecgagnon2001,0.0,0.0,,False,0.0,0.0
2026,1331774741488369664,NCAA IVY,15,5,395321276102627328,ccassidy,9,BrynJ9618,0.0,0.0,,False,0.0,0.0
2026,1331774741488369664,NCAA IVY,15,9,1402806331622043648,BrynJ9618,5,ccassidy,0.0,0.0,,False,0.0,0.0
2026,1331774741488369664,NCAA IVY,15,7,1135784589957652480,Hambnr,11,jtheadrick98,0.0,0.0,,False,0.0,0.0
2026,1331774741488369664,NCAA IVY,15,11,460895027179024384,jtheadrick98,7,Hambnr,0.0,0.0,,False,0.0,0.0
2026,1331774741488369664,NCAA IVY,15,8,461688192555282432,PhilupMynuts,10,BLACK93BOIZS,0.0,0.0,,False,0.0,0.0
2026,1331774741488369664,NCAA IVY,15,10,1142198466060402688,BLACK93BOIZS,8,PhilupMynuts,0.0,0.0,,False,0.0,0.0
2026,1331774741488369664,NCAA IVY,16,1,470912510262767616,FlynnD,5,ccassidy,0.0,0.0,,False,0.0,0.0
2026,1331774741488369664,NCAA IVY,16,5,395321276102627328,ccassidy,1,FlynnD,0.0,0.0,,False,0.0,0.0
2026,1331774741488369664,NCAA IVY,16,2,730628287012921344,KennethNZ,10,BLACK93BOIZS,0.0,0.0,,False,0.0,0.0
2026,1331774741488369664,NCAA IVY,16,10,1142198466060402688,BLACK93BOIZS,2,KennethNZ,0.0,0.0,,False,0.0,0.0
2026,1331774741488369664,NCAA IVY,16,3,480124073456693248,Jrodr71,7,Hambnr,0.0,0.0,,False,0.0,0.0
2026,1331774741488369664,NCAA IVY,16,7,1135784589957652480,Hambnr,3,Jrodr71,0.0,0.0,,False,0.0,0.0
2026,1331774741488369664,NCAA IVY,16,4,570803989783429120,alecgagnon2001,8,PhilupMynuts,0.0,0.0,,False,0.0,0.0
2026,1331774741488369664,NCAA IVY,16,8,461688192555282432,PhilupMynuts,4,alecgagnon2001,0.0,0.0,,False,0.0,0.0
2026,1331774741488369664,NCAA IVY,16,6,1017588201080369152,Iloveyyounghoes,12,cobrapanther99,0.0,0.0,,False,0.0,0.0
2026,1331774741488369664,NCAA IVY,16,12,464595147808567296,cobrapanther99,6,Iloveyyounghoes,0.0,0.0,,False,0.0,0.0
2026,1331774741488369664,NCAA IVY,16,9,1402806331622043648,BrynJ9618,11,jtheadrick98,0.0,0.0,,False,0.0,0.0
2026,1331774741488369664,NCAA IVY,16,11,460895027179024384,jtheadrick98,9,BrynJ9618,0.0,0.0,,False,0.0,0.0
2026,1331774741488369664,NCAA IVY,17,1,470912510262767616,FlynnD,8,PhilupMynuts,0.0,0.0,,False,0.0,0.0
2026,1331774741488369664,NCAA IVY,17,8,461688192555282432,PhilupMynuts,1,FlynnD,0.0,0.0,,False,0.0,0.0
2026,1331774741488369664,NCAA IVY,17,2,730628287012921344,KennethNZ,7,Hambnr,0.0,0.0,,False,0.0,0.0
2026,1331774741488369664,NCAA IVY,17,7,1135784589957652480,Hambnr,2,KennethNZ,0.0,0.0,,False,0.0,0.0
2026,1331774741488369664,NCAA IVY,17,3,480124073456693248,Jrodr71,10,BLACK93BOIZS,0.0,0.0,,False,0.0,0.0
2026,1331774741488369664,NCAA IVY,17,10,1142198466060402688,BLACK93BOIZS,3,Jrodr71,0.0,0.0,,False,0.0,0.0
2026,1331774741488369664,NCAA IVY,17,4,570803989783429120,alecgagnon2001,5,ccassidy,0.0,0.0,,False,0.0,0.0
2026,1331774741488369664,NCAA IVY,17,5,395321276102627328,ccassidy,4,alecgagnon2001,0.0,0.0,,False,0.0,0.0
2026,1331774741488369664,NCAA IVY,17,6,1017588201080369152,Iloveyyounghoes,11,jtheadrick98,0.0,0.0,,False,0.0,0.0
2026,1331774741488369664,NCAA IVY,17,11,460895027179024384,jtheadrick98,6,Iloveyyounghoes,0.0,0.0,,False,0.0,0.0
2026,1331774741488369664,NCAA IVY,17,9,1402806331622043648,BrynJ9618,12,cobrapanther99,0.0,0.0,,False,0.0,0.0
2026,1331774741488369664,NCAA IVY,17,12,464595147808567296,cobrapanther99,9,BrynJ9618,0.0,0.0,,False,0.0,0.0
2026,1331774741488369664,NCAA IVY,18,1,470912510262767616,FlynnD,2,KennethNZ,0.0,0.0,,False,0.0,0.0
2026,1331774741488369664,NCAA IVY,18,2,730628287012921344,KennethNZ,1,FlynnD,0.0,0.0,,False,0.0,0.0
2026,1331774741488369664,NCAA IVY,18,3,480124073456693248,Jrodr71,12,cobrapanther99,0.0,0.0,,False,0.0,0.0
2026,1331774741488369664,NCAA IVY,18,12,464595147808567296,cobrapanther99,3,Jrodr71,0.0,0.0,,False,0.0,0.0
2026,1331774741488369664,NCAA IVY,18,4,570803989783429120,alecgagnon2001,11,jtheadrick98,0.0,0.0,,False,0.0,0.0
2026,1331774741488369664,NCAA IVY,18,11,460895027179024384,jtheadrick98,4,alecgagnon2001,0.0,0.0,,False,0.0,0.0
2026,1331774741488369664,NCAA IVY,18,5,395321276102627328,ccassidy,6,Iloveyyounghoes,0.0,0.0,,False,0.0,0.0
2026,1331774741488369664,NCAA IVY,18,6,1017588201080369152,Iloveyyounghoes,5,ccassidy,0.0,0.0,,False,0.0,0.0
2026,1331774741488369664,NCAA IVY,18,7,1135784589957652480,Hambnr,8,PhilupMynuts,0.0,0.0,,False,0.0,0.0
2026,1331774741488369664,NCAA IVY,18,8,461688192555282432,PhilupMynuts,7,Hambnr,0.0,0.0,,False,0.0,0.0
2026,1331774741488369664,NCAA IVY,18,9,1402806331622043648,BrynJ9618,10,BLACK93BOIZS,0.0,0.0,,False,0.0,0.0
2026,1331774741488369664,NCAA IVY,18,10,1142198466060402688,BLACK93BOIZS,9,BrynJ9618,0.0,0.0,,False,0.0,0.0
2026,1331774695346823168,NCAA USA,1,1,389658700735868928,dh671,5,JustTouchdown1221,119.86,181.76,Loss,True,119.86,0.0
2026,1331774695346823168,NCAA USA,1,5,866509840124641280,JustTouchdown1221,1,dh671,181.76,119.86,Win,True,181.76,-0.0
2026,1331774695346823168,NCAA USA,1,2,Orphan,Orphan,4,GRIDIRONGANG81,124.14,179.0,Loss,True,124.14,0.0
2026,1331774695346823168,NCAA USA,1,4,692542511834558464,GRIDIRONGANG81,2,Orphan,179.0,124.14,Win,True,179.0,0.0
2026,1331774695346823168,NCAA USA,1,3,599286882408394752,Botro,8,krichknowsbest,126.72,144.06,Loss,True,126.72,0.0
2026,1331774695346823168,NCAA USA,1,8,605439246030925824,krichknowsbest,3,Botro,144.06,126.72,Win,True,144.06,-0.0
2026,1331774695346823168,NCAA USA,1,6,560611777479667712,PatrickT21,7,arandrea,141.66,151.74,Loss,True,141.66,-0.0
2026,1331774695346823168,NCAA USA,1,7,81535409754357760,arandrea,6,PatrickT21,151.74,141.66,Win,True,151.74,0.0
2026,1331774695346823168,NCAA USA,1,9,787224085817044992,masshole4eva,12,BroncoZzz,120.06,101.9,Win,True,120.06,0.0
2026,1331774695346823168,NCAA USA,1,12,650627977721245696,BroncoZzz,9,masshole4eva,101.9,120.06,Loss,True,101.9,0.0
2026,1331774695346823168,NCAA USA,1,10,590358219562455040,Woolley69,11,bshouseman,110.86,81.0,Win,True,110.86,0.0
2026,1331774695346823168,NCAA USA,1,11,460257215329071104,bshouseman,10,Woolley69,81.0,110.86,Loss,True,81.0,0.0
2026,1331774695346823168,NCAA USA,2,1,389658700735868928,dh671,8,krichknowsbest,100.16,132.38,Loss,True,100.16,0.0
2026,1331774695346823168,NCAA USA,2,8,605439246030925824,krichknowsbest,1,dh671,132.38,100.16,Win,True,132.38,0.0
2026,1331774695346823168,NCAA USA,2,2,Orphan,Orphan,10,Woolley69,119.78,129.2,Loss,True,119.78,0.0
2026,1331774695346823168,NCAA USA,2,10,590358219562455040,Woolley69,2,Orphan,129.2,119.78,Win,True,129.2,0.0
2026,1331774695346823168,NCAA USA,2,3,599286882408394752,Botro,7,arandrea,172.82,198.18,Loss,True,172.82,-0.0
2026,1331774695346823168,NCAA USA,2,7,81535409754357760,arandrea,3,Botro,198.18,172.82,Win,True,198.18,-0.0
2026,1331774695346823168,NCAA USA,2,4,692542511834558464,GRIDIRONGANG81,9,masshole4eva,125.58,85.14,Win,True,125.58,0.0
2026,1331774695346823168,NCAA USA,2,9,787224085817044992,masshole4eva,4,GRIDIRONGANG81,85.14,125.58,Loss,True,85.14,0.0
2026,1331774695346823168,NCAA USA,2,5,866509840124641280,JustTouchdown1221,6,PatrickT21,118.62,97.12,Win,True,118.62,0.0
2026,1331774695346823168,NCAA USA,2,6,560611777479667712,PatrickT21,5,JustTouchdown1221,97.12,118.62,Loss,True,97.12,0.0
2026,1331774695346823168,NCAA USA,2,11,460257215329071104,bshouseman,12,BroncoZzz,110.58,125.42,Loss,True,110.58,-0.0
2026,1331774695346823168,NCAA USA,2,12,650627977721245696,BroncoZzz,11,bshouseman,125.42,110.58,Win,True,125.42,0.0
2026,1331774695346823168,NCAA USA,3,1,389658700735868928,dh671,3,Botro,115.42,127.32,Loss,True,115.42,0.0
2026,1331774695346823168,NCAA USA,3,3,599286882408394752,Botro,1,dh671,127.32,115.42,Win,True,127.32,-0.0
2026,1331774695346823168,NCAA USA,3,2,Orphan,Orphan,9,masshole4eva,118.48,129.1,Loss,True,118.48,0.0
2026,1331774695346823168,NCAA USA,3,9,787224085817044992,masshole4eva,2,Orphan,129.1,118.48,Win,True,129.1,0.0
2026,1331774695346823168,NCAA USA,3,4,692542511834558464,GRIDIRONGANG81,11,bshouseman,205.38,77.94,Win,True,205.38,0.0
2026,1331774695346823168,NCAA USA,3,11,460257215329071104,bshouseman,4,GRIDIRONGANG81,77.94,205.38,Loss,True,77.94,0.0
2026,1331774695346823168,NCAA USA,3,5,866509840124641280,JustTouchdown1221,7,arandrea,138.88,152.16,Loss,True,138.88,0.0
2026,1331774695346823168,NCAA USA,3,7,81535409754357760,arandrea,5,JustTouchdown1221,152.16,138.88,Win,True,152.16,0.0
2026,1331774695346823168,NCAA USA,3,6,560611777479667712,PatrickT21,8,krichknowsbest,111.06,157.74,Loss,True,111.06,0.0
2026,1331774695346823168,NCAA USA,3,8,605439246030925824,krichknowsbest,6,PatrickT21,157.74,111.06,Win,True,157.74,0.0
2026,1331774695346823168,NCAA USA,3,10,590358219562455040,Woolley69,12,BroncoZzz,104.34,131.98,Loss,True,104.34,-0.0
2026,1331774695346823168,NCAA USA,3,12,650627977721245696,BroncoZzz,10,Woolley69,131.98,104.34,Win,True,131.98,-0.0
2026,1331774695346823168,NCAA USA,4,1,389658700735868928,dh671,6,PatrickT21,22.7,34.5,Loss,True,22.7,0.0
2026,1331774695346823168,NCAA USA,4,6,560611777479667712,PatrickT21,1,dh671,34.5,22.7,Win,True,34.5,0.0
2026,1331774695346823168,NCAA USA,4,2,Orphan,Orphan,12,BroncoZzz,20.0,15.6,Win,True,20.0,0.0
2026,1331774695346823168,NCAA USA,4,12,650627977721245696,BroncoZzz,2,Orphan,15.6,20.0,Loss,True,15.6,0.0
2026,1331774695346823168,NCAA USA,4,3,599286882408394752,Botro,5,JustTouchdown1221,8.5,4.6,Win,True,8.5,0.0
2026,1331774695346823168,NCAA USA,4,5,866509840124641280,JustTouchdown1221,3,Botro,4.6,8.5,Loss,True,4.6,0.0
2026,1331774695346823168,NCAA USA,4,4,692542511834558464,GRIDIRONGANG81,10,Woolley69,7.0,0.0,Win,True,7.0,0.0
2026,1331774695346823168,NCAA USA,4,10,590358219562455040,Woolley69,4,GRIDIRONGANG81,0.0,7.0,Loss,True,0.0,0.0
2026,1331774695346823168,NCAA USA,4,7,81535409754357760,arandrea,8,krichknowsbest,16.0,25.5,Loss,True,16.0,0.0
2026,1331774695346823168,NCAA USA,4,8,605439246030925824,krichknowsbest,7,arandrea,25.5,16.0,Win,True,25.5,0.0
2026,1331774695346823168,NCAA USA,4,9,787224085817044992,masshole4eva,11,bshouseman,11.7,7.0,Win,True,11.7,0.0
2026,1331774695346823168,NCAA USA,4,11,460257215329071104,bshouseman,9,masshole4eva,7.0,11.7,Loss,True,7.0,0.0
2026,1331774695346823168,NCAA USA,5,1,389658700735868928,dh671,7,arandrea,0.0,0.0,,True,0.0,0.0
2026,1331774695346823168,NCAA USA,5,7,81535409754357760,arandrea,1,dh671,0.0,0.0,,True,0.0,0.0
2026,1331774695346823168,NCAA USA,5,2,Orphan,Orphan,11,bshouseman,0.0,0.0,,True,0.0,0.0
2026,1331774695346823168,NCAA USA,5,11,460257215329071104,bshouseman,2,Orphan,0.0,0.0,,True,0.0,0.0
2026,1331774695346823168,NCAA USA,5,3,599286882408394752,Botro,6,PatrickT21,0.0,0.0,,True,0.0,0.0
2026,1331774695346823168,NCAA USA,5,6,560611777479667712,PatrickT21,3,Botro,0.0,0.0,,True,0.0,0.0
2026,1331774695346823168,NCAA USA,5,4,692542511834558464,GRIDIRONGANG81,12,BroncoZzz,0.0,0.0,,True,0.0,0.0
2026,1331774695346823168,NCAA USA,5,12,650627977721245696,BroncoZzz,4,GRIDIRONGANG81,0.0,0.0,,True,0.0,0.0
2026,1331774695346823168,NCAA USA,5,5,866509840124641280,JustTouchdown1221,8,krichknowsbest,0.0,0.0,,True,0.0,0.0
2026,1331774695346823168,NCAA USA,5,8,605439246030925824,krichknowsbest,5,JustTouchdown1221,0.0,0.0,,True,0.0,0.0
2026,1331774695346823168,NCAA USA,5,9,787224085817044992,masshole4eva,10,Woolley69,0.0,0.0,,True,0.0,0.0
2026,1331774695346823168,NCAA USA,5,10,590358219562455040,Woolley69,9,masshole4eva,0.0,0.0,,True,0.0,0.0
2026,1331774695346823168,NCAA USA,6,1,389658700735868928,dh671,9,masshole4eva,0.0,0.0,,True,0.0,0.0
2026,1331774695346823168,NCAA USA,6,9,787224085817044992,masshole4eva,1,dh671,0.0,0.0,,True,0.0,0.0
2026,1331774695346823168,NCAA USA,6,2,Orphan,Orphan,3,Botro,0.0,0.0,,True,0.0,0.0
2026,1331774695346823168,NCAA USA,6,3,599286882408394752,Botro,2,Orphan,0.0,0.0,,True,0.0,0.0
2026,1331774695346823168,NCAA USA,6,4,692542511834558464,GRIDIRONGANG81,8,krichknowsbest,0.0,0.0,,True,0.0,0.0
2026,1331774695346823168,NCAA USA,6,8,605439246030925824,krichknowsbest,4,GRIDIRONGANG81,0.0,0.0,,True,0.0,0.0
2026,1331774695346823168,NCAA USA,6,5,866509840124641280,JustTouchdown1221,12,BroncoZzz,0.0,0.0,,True,0.0,0.0
2026,1331774695346823168,NCAA USA,6,12,650627977721245696,BroncoZzz,5,JustTouchdown1221,0.0,0.0,,True,0.0,0.0
2026,1331774695346823168,NCAA USA,6,6,560611777479667712,PatrickT21,11,bshouseman,0.0,0.0,,True,0.0,0.0
2026,1331774695346823168,NCAA USA,6,11,460257215329071104,bshouseman,6,PatrickT21,0.0,0.0,,True,0.0,0.0
2026,1331774695346823168,NCAA USA,6,7,81535409754357760,arandrea,10,Woolley69,0.0,0.0,,True,0.0,0.0
2026,1331774695346823168,NCAA USA,6,10,590358219562455040,Woolley69,7,arandrea,0.0,0.0,,True,0.0,0.0
2026,1331774695346823168,NCAA USA,7,1,389658700735868928,dh671,12,BroncoZzz,0.0,0.0,,True,0.0,0.0
2026,1331774695346823168,NCAA USA,7,12,650627977721245696,BroncoZzz,1,dh671,0.0,0.0,,True,0.0,0.0
2026,1331774695346823168,NCAA USA,7,2,Orphan,Orphan,8,krichknowsbest,0.0,0.0,,True,0.0,0.0
2026,1331774695346823168,NCAA USA,7,8,605439246030925824,krichknowsbest,2,Orphan,0.0,0.0,,True,0.0,0.0
2026,1331774695346823168,NCAA USA,7,3,599286882408394752,Botro,4,GRIDIRONGANG81,0.0,0.0,,True,0.0,0.0
2026,1331774695346823168,NCAA USA,7,4,692542511834558464,GRIDIRONGANG81,3,Botro,0.0,0.0,,True,0.0,0.0
2026,1331774695346823168,NCAA USA,7,5,866509840124641280,JustTouchdown1221,9,masshole4eva,0.0,0.0,,True,0.0,0.0
2026,1331774695346823168,NCAA USA,7,9,787224085817044992,masshole4eva,5,JustTouchdown1221,0.0,0.0,,True,0.0,0.0
2026,1331774695346823168,NCAA USA,7,6,560611777479667712,PatrickT21,10,Woolley69,0.0,0.0,,True,0.0,0.0
2026,1331774695346823168,NCAA USA,7,10,590358219562455040,Woolley69,6,PatrickT21,0.0,0.0,,True,0.0,0.0
2026,1331774695346823168,NCAA USA,7,7,81535409754357760,arandrea,11,bshouseman,0.0,0.0,,True,0.0,0.0
2026,1331774695346823168,NCAA USA,7,11,460257215329071104,bshouseman,7,arandrea,0.0,0.0,,True,0.0,0.0
2026,1331774695346823168,NCAA USA,8,1,389658700735868928,dh671,11,bshouseman,0.0,0.0,,True,0.0,0.0
2026,1331774695346823168,NCAA USA,8,11,460257215329071104,bshouseman,1,dh671,0.0,0.0,,True,0.0,0.0
2026,1331774695346823168,NCAA USA,8,2,Orphan,Orphan,7,arandrea,0.0,0.0,,True,0.0,0.0
2026,1331774695346823168,NCAA USA,8,7,81535409754357760,arandrea,2,Orphan,0.0,0.0,,True,0.0,0.0
2026,1331774695346823168,NCAA USA,8,3,599286882408394752,Botro,12,BroncoZzz,0.0,0.0,,True,0.0,0.0
2026,1331774695346823168,NCAA USA,8,12,650627977721245696,BroncoZzz,3,Botro,0.0,0.0,,True,0.0,0.0
2026,1331774695346823168,NCAA USA,8,4,692542511834558464,GRIDIRONGANG81,6,PatrickT21,0.0,0.0,,True,0.0,0.0
2026,1331774695346823168,NCAA USA,8,6,560611777479667712,PatrickT21,4,GRIDIRONGANG81,0.0,0.0,,True,0.0,0.0
2026,1331774695346823168,NCAA USA,8,5,866509840124641280,JustTouchdown1221,10,Woolley69,0.0,0.0,,True,0.0,0.0
2026,1331774695346823168,NCAA USA,8,10,590358219562455040,Woolley69,5,JustTouchdown1221,0.0,0.0,,True,0.0,0.0
2026,1331774695346823168,NCAA USA,8,8,605439246030925824,krichknowsbest,9,masshole4eva,0.0,0.0,,True,0.0,0.0
2026,1331774695346823168,NCAA USA,8,9,787224085817044992,masshole4eva,8,krichknowsbest,0.0,0.0,,True,0.0,0.0
2026,1331774695346823168,NCAA USA,9,1,389658700735868928,dh671,10,Woolley69,0.0,0.0,,True,0.0,0.0
2026,1331774695346823168,NCAA USA,9,10,590358219562455040,Woolley69,1,dh671,0.0,0.0,,True,0.0,0.0
2026,1331774695346823168,NCAA USA,9,2,Orphan,Orphan,6,PatrickT21,0.0,0.0,,True,0.0,0.0
2026,1331774695346823168,NCAA USA,9,6,560611777479667712,PatrickT21,2,Orphan,0.0,0.0,,True,0.0,0.0
2026,1331774695346823168,NCAA USA,9,3,599286882408394752,Botro,9,masshole4eva,0.0,0.0,,True,0.0,0.0
2026,1331774695346823168,NCAA USA,9,9,787224085817044992,masshole4eva,3,Botro,0.0,0.0,,True,0.0,0.0
2026,1331774695346823168,NCAA USA,9,4,692542511834558464,GRIDIRONGANG81,7,arandrea,0.0,0.0,,True,0.0,0.0
2026,1331774695346823168,NCAA USA,9,7,81535409754357760,arandrea,4,GRIDIRONGANG81,0.0,0.0,,True,0.0,0.0
2026,1331774695346823168,NCAA USA,9,5,866509840124641280,JustTouchdown1221,11,bshouseman,0.0,0.0,,True,0.0,0.0
2026,1331774695346823168,NCAA USA,9,11,460257215329071104,bshouseman,5,JustTouchdown1221,0.0,0.0,,True,0.0,0.0
2026,1331774695346823168,NCAA USA,9,8,605439246030925824,krichknowsbest,12,BroncoZzz,0.0,0.0,,True,0.0,0.0
2026,1331774695346823168,NCAA USA,9,12,650627977721245696,BroncoZzz,8,krichknowsbest,0.0,0.0,,True,0.0,0.0
2026,1331774695346823168,NCAA USA,10,1,389658700735868928,dh671,4,GRIDIRONGANG81,0.0,0.0,,True,0.0,0.0
2026,1331774695346823168,NCAA USA,10,4,692542511834558464,GRIDIRONGANG81,1,dh671,0.0,0.0,,True,0.0,0.0
2026,1331774695346823168,NCAA USA,10,2,Orphan,Orphan,5,JustTouchdown1221,0.0,0.0,,True,0.0,0.0
2026,1331774695346823168,NCAA USA,10,5,866509840124641280,JustTouchdown1221,2,Orphan,0.0,0.0,,True,0.0,0.0
2026,1331774695346823168,NCAA USA,10,3,599286882408394752,Botro,10,Woolley69,0.0,0.0,,True,0.0,0.0
2026,1331774695346823168,NCAA USA,10,10,590358219562455040,Woolley69,3,Botro,0.0,0.0,,True,0.0,0.0
2026,1331774695346823168,NCAA USA,10,6,560611777479667712,PatrickT21,9,masshole4eva,0.0,0.0,,True,0.0,0.0
2026,1331774695346823168,NCAA USA,10,9,787224085817044992,masshole4eva,6,PatrickT21,0.0,0.0,,True,0.0,0.0
2026,1331774695346823168,NCAA USA,10,7,81535409754357760,arandrea,12,BroncoZzz,0.0,0.0,,True,0.0,0.0
2026,1331774695346823168,NCAA USA,10,12,650627977721245696,BroncoZzz,7,arandrea,0.0,0.0,,True,0.0,0.0
2026,1331774695346823168,NCAA USA,10,8,605439246030925824,krichknowsbest,11,bshouseman,0.0,0.0,,True,0.0,0.0
2026,1331774695346823168,NCAA USA,10,11,460257215329071104,bshouseman,8,krichknowsbest,0.0,0.0,,True,0.0,0.0
2026,1331774695346823168,NCAA USA,11,1,389658700735868928,dh671,2,Orphan,0.0,0.0,,True,0.0,0.0
2026,1331774695346823168,NCAA USA,11,2,Orphan,Orphan,1,dh671,0.0,0.0,,True,0.0,0.0
2026,1331774695346823168,NCAA USA,11,3,599286882408394752,Botro,11,bshouseman,0.0,0.0,,True,0.0,0.0
2026,1331774695346823168,NCAA USA,11,11,460257215329071104,bshouseman,3,Botro,0.0,0.0,,True,0.0,0.0
2026,1331774695346823168,NCAA USA,11,4,692542511834558464,GRIDIRONGANG81,5,JustTouchdown1221,0.0,0.0,,True,0.0,0.0
2026,1331774695346823168,NCAA USA,11,5,866509840124641280,JustTouchdown1221,4,GRIDIRONGANG81,0.0,0.0,,True,0.0,0.0
2026,1331774695346823168,NCAA USA,11,6,560611777479667712,PatrickT21,12,BroncoZzz,0.0,0.0,,True,0.0,0.0
2026,1331774695346823168,NCAA USA,11,12,650627977721245696,BroncoZzz,6,PatrickT21,0.0,0.0,,True,0.0,0.0
2026,1331774695346823168,NCAA USA,11,7,81535409754357760,arandrea,9,masshole4eva,0.0,0.0,,True,0.0,0.0
2026,1331774695346823168,NCAA USA,11,9,787224085817044992,masshole4eva,7,arandrea,0.0,0.0,,True,0.0,0.0
2026,1331774695346823168,NCAA USA,11,8,605439246030925824,krichknowsbest,10,Woolley69,0.0,0.0,,True,0.0,0.0
2026,1331774695346823168,NCAA USA,11,10,590358219562455040,Woolley69,8,krichknowsbest,0.0,0.0,,True,0.0,0.0
2026,1331774695346823168,NCAA USA,12,1,389658700735868928,dh671,5,JustTouchdown1221,0.0,0.0,,False,0.0,0.0
2026,1331774695346823168,NCAA USA,12,5,866509840124641280,JustTouchdown1221,1,dh671,0.0,0.0,,False,0.0,0.0
2026,1331774695346823168,NCAA USA,12,2,Orphan,Orphan,4,GRIDIRONGANG81,0.0,0.0,,False,0.0,0.0
2026,1331774695346823168,NCAA USA,12,4,692542511834558464,GRIDIRONGANG81,2,Orphan,0.0,0.0,,False,0.0,0.0
2026,1331774695346823168,NCAA USA,12,3,599286882408394752,Botro,8,krichknowsbest,0.0,0.0,,False,0.0,0.0
2026,1331774695346823168,NCAA USA,12,8,605439246030925824,krichknowsbest,3,Botro,0.0,0.0,,False,0.0,0.0
2026,1331774695346823168,NCAA USA,12,6,560611777479667712,PatrickT21,7,arandrea,0.0,0.0,,False,0.0,0.0
2026,1331774695346823168,NCAA USA,12,7,81535409754357760,arandrea,6,PatrickT21,0.0,0.0,,False,0.0,0.0
2026,1331774695346823168,NCAA USA,12,9,787224085817044992,masshole4eva,12,BroncoZzz,0.0,0.0,,False,0.0,0.0
2026,1331774695346823168,NCAA USA,12,12,650627977721245696,BroncoZzz,9,masshole4eva,0.0,0.0,,False,0.0,0.0
2026,1331774695346823168,NCAA USA,12,10,590358219562455040,Woolley69,11,bshouseman,0.0,0.0,,False,0.0,0.0
2026,1331774695346823168,NCAA USA,12,11,460257215329071104,bshouseman,10,Woolley69,0.0,0.0,,False,0.0,0.0
2026,1331774695346823168,NCAA USA,13,1,389658700735868928,dh671,8,krichknowsbest,0.0,0.0,,False,0.0,0.0
2026,1331774695346823168,NCAA USA,13,8,605439246030925824,krichknowsbest,1,dh671,0.0,0.0,,False,0.0,0.0
2026,1331774695346823168,NCAA USA,13,2,Orphan,Orphan,10,Woolley69,0.0,0.0,,False,0.0,0.0
2026,1331774695346823168,NCAA USA,13,10,590358219562455040,Woolley69,2,Orphan,0.0,0.0,,False,0.0,0.0
2026,1331774695346823168,NCAA USA,13,3,599286882408394752,Botro,7,arandrea,0.0,0.0,,False,0.0,0.0
2026,1331774695346823168,NCAA USA,13,7,81535409754357760,arandrea,3,Botro,0.0,0.0,,False,0.0,0.0
2026,1331774695346823168,NCAA USA,13,4,692542511834558464,GRIDIRONGANG81,9,masshole4eva,0.0,0.0,,False,0.0,0.0
2026,1331774695346823168,NCAA USA,13,9,787224085817044992,masshole4eva,4,GRIDIRONGANG81,0.0,0.0,,False,0.0,0.0
2026,1331774695346823168,NCAA USA,13,5,866509840124641280,JustTouchdown1221,6,PatrickT21,0.0,0.0,,False,0.0,0.0
2026,1331774695346823168,NCAA USA,13,6,560611777479667712,PatrickT21,5,JustTouchdown1221,0.0,0.0,,False,0.0,0.0
2026,1331774695346823168,NCAA USA,13,11,460257215329071104,bshouseman,12,BroncoZzz,0.0,0.0,,False,0.0,0.0
2026,1331774695346823168,NCAA USA,13,12,650627977721245696,BroncoZzz,11,bshouseman,0.0,0.0,,False,0.0,0.0
2026,1331774695346823168,NCAA USA,14,1,389658700735868928,dh671,3,Botro,0.0,0.0,,False,0.0,0.0
2026,1331774695346823168,NCAA USA,14,3,599286882408394752,Botro,1,dh671,0.0,0.0,,False,0.0,0.0
2026,1331774695346823168,NCAA USA,14,2,Orphan,Orphan,9,masshole4eva,0.0,0.0,,False,0.0,0.0
2026,1331774695346823168,NCAA USA,14,9,787224085817044992,masshole4eva,2,Orphan,0.0,0.0,,False,0.0,0.0
2026,1331774695346823168,NCAA USA,14,4,692542511834558464,GRIDIRONGANG81,11,bshouseman,0.0,0.0,,False,0.0,0.0
2026,1331774695346823168,NCAA USA,14,11,460257215329071104,bshouseman,4,GRIDIRONGANG81,0.0,0.0,,False,0.0,0.0
2026,1331774695346823168,NCAA USA,14,5,866509840124641280,JustTouchdown1221,7,arandrea,0.0,0.0,,False,0.0,0.0
2026,1331774695346823168,NCAA USA,14,7,81535409754357760,arandrea,5,JustTouchdown1221,0.0,0.0,,False,0.0,0.0
2026,1331774695346823168,NCAA USA,14,6,560611777479667712,PatrickT21,8,krichknowsbest,0.0,0.0,,False,0.0,0.0
2026,1331774695346823168,NCAA USA,14,8,605439246030925824,krichknowsbest,6,PatrickT21,0.0,0.0,,False,0.0,0.0
2026,1331774695346823168,NCAA USA,14,10,590358219562455040,Woolley69,12,BroncoZzz,0.0,0.0,,False,0.0,0.0
2026,1331774695346823168,NCAA USA,14,12,650627977721245696,BroncoZzz,10,Woolley69,0.0,0.0,,False,0.0,0.0
2026,1331774695346823168,NCAA USA,15,1,389658700735868928,dh671,6,PatrickT21,0.0,0.0,,False,0.0,0.0
2026,1331774695346823168,NCAA USA,15,6,560611777479667712,PatrickT21,1,dh671,0.0,0.0,,False,0.0,0.0
2026,1331774695346823168,NCAA USA,15,2,Orphan,Orphan,12,BroncoZzz,0.0,0.0,,False,0.0,0.0
2026,1331774695346823168,NCAA USA,15,12,650627977721245696,BroncoZzz,2,Orphan,0.0,0.0,,False,0.0,0.0
2026,1331774695346823168,NCAA USA,15,3,599286882408394752,Botro,5,JustTouchdown1221,0.0,0.0,,False,0.0,0.0
2026,1331774695346823168,NCAA USA,15,5,866509840124641280,JustTouchdown1221,3,Botro,0.0,0.0,,False,0.0,0.0
2026,1331774695346823168,NCAA USA,15,4,692542511834558464,GRIDIRONGANG81,10,Woolley69,0.0,0.0,,False,0.0,0.0
2026,1331774695346823168,NCAA USA,15,10,590358219562455040,Woolley69,4,GRIDIRONGANG81,0.0,0.0,,False,0.0,0.0
2026,1331774695346823168,NCAA USA,15,7,81535409754357760,arandrea,8,krichknowsbest,0.0,0.0,,False,0.0,0.0
2026,1331774695346823168,NCAA USA,15,8,605439246030925824,krichknowsbest,7,arandrea,0.0,0.0,,False,0.0,0.0
2026,1331774695346823168,NCAA USA,15,9,787224085817044992,masshole4eva,11,bshouseman,0.0,0.0,,False,0.0,0.0
2026,1331774695346823168,NCAA USA,15,11,460257215329071104,bshouseman,9,masshole4eva,0.0,0.0,,False,0.0,0.0
2026,1331774695346823168,NCAA USA,16,1,389658700735868928,dh671,7,arandrea,0.0,0.0,,False,0.0,0.0
2026,1331774695346823168,NCAA USA,16,7,81535409754357760,arandrea,1,dh671,0.0,0.0,,False,0.0,0.0
2026,1331774695346823168,NCAA USA,16,2,Orphan,Orphan,11,bshouseman,0.0,0.0,,False,0.0,0.0
2026,1331774695346823168,NCAA USA,16,11,460257215329071104,bshouseman,2,Orphan,0.0,0.0,,False,0.0,0.0
2026,1331774695346823168,NCAA USA,16,3,599286882408394752,Botro,6,PatrickT21,0.0,0.0,,False,0.0,0.0
2026,1331774695346823168,NCAA USA,16,6,560611777479667712,PatrickT21,3,Botro,0.0,0.0,,False,0.0,0.0
2026,1331774695346823168,NCAA USA,16,4,692542511834558464,GRIDIRONGANG81,12,BroncoZzz,0.0,0.0,,False,0.0,0.0
2026,1331774695346823168,NCAA USA,16,12,650627977721245696,BroncoZzz,4,GRIDIRONGANG81,0.0,0.0,,False,0.0,0.0
2026,1331774695346823168,NCAA USA,16,5,866509840124641280,JustTouchdown1221,8,krichknowsbest,0.0,0.0,,False,0.0,0.0
2026,1331774695346823168,NCAA USA,16,8,605439246030925824,krichknowsbest,5,JustTouchdown1221,0.0,0.0,,False,0.0,0.0
2026,1331774695346823168,NCAA USA,16,9,787224085817044992,masshole4eva,10,Woolley69,0.0,0.0,,False,0.0,0.0
2026,1331774695346823168,NCAA USA,16,10,590358219562455040,Woolley69,9,masshole4eva,0.0,0.0,,False,0.0,0.0
2026,1331774695346823168,NCAA USA,17,1,389658700735868928,dh671,9,masshole4eva,0.0,0.0,,False,0.0,0.0
2026,1331774695346823168,NCAA USA,17,9,787224085817044992,masshole4eva,1,dh671,0.0,0.0,,False,0.0,0.0
2026,1331774695346823168,NCAA USA,17,2,Orphan,Orphan,3,Botro,0.0,0.0,,False,0.0,0.0
2026,1331774695346823168,NCAA USA,17,3,599286882408394752,Botro,2,Orphan,0.0,0.0,,False,0.0,0.0
2026,1331774695346823168,NCAA USA,17,4,692542511834558464,GRIDIRONGANG81,8,krichknowsbest,0.0,0.0,,False,0.0,0.0
2026,1331774695346823168,NCAA USA,17,8,605439246030925824,krichknowsbest,4,GRIDIRONGANG81,0.0,0.0,,False,0.0,0.0
2026,1331774695346823168,NCAA USA,17,5,866509840124641280,JustTouchdown1221,12,BroncoZzz,0.0,0.0,,False,0.0,0.0
2026,1331774695346823168,NCAA USA,17,12,650627977721245696,BroncoZzz,5,JustTouchdown1221,0.0,0.0,,False,0.0,0.0
2026,1331774695346823168,NCAA USA,17,6,560611777479667712,PatrickT21,11,bshouseman,0.0,0.0,,False,0.0,0.0
2026,1331774695346823168,NCAA USA,17,11,460257215329071104,bshouseman,6,PatrickT21,0.0,0.0,,False,0.0,0.0
2026,1331774695346823168,NCAA USA,17,7,81535409754357760,arandrea,10,Woolley69,0.0,0.0,,False,0.0,0.0
2026,1331774695346823168,NCAA USA,17,10,590358219562455040,Woolley69,7,arandrea,0.0,0.0,,False,0.0,0.0
2026,1331774695346823168,NCAA USA,18,1,389658700735868928,dh671,12,BroncoZzz,0.0,0.0,,False,0.0,0.0
2026,1331774695346823168,NCAA USA,18,12,650627977721245696,BroncoZzz,1,dh671,0.0,0.0,,False,0.0,0.0
2026,1331774695346823168,NCAA USA,18,2,Orphan,Orphan,8,krichknowsbest,0.0,0.0,,False,0.0,0.0
2026,1331774695346823168,NCAA USA,18,8,605439246030925824,krichknowsbest,2,Orphan,0.0,0.0,,False,0.0,0.0
2026,1331774695346823168,NCAA USA,18,3,599286882408394752,Botro,4,GRIDIRONGANG81,0.0,0.0,,False,0.0,0.0
2026,1331774695346823168,NCAA USA,18,4,692542511834558464,GRIDIRONGANG81,3,Botro,0.0,0.0,,False,0.0,0.0
2026,1331774695346823168,NCAA USA,18,5,866509840124641280,JustTouchdown1221,9,masshole4eva,0.0,0.0,,False,0.0,0.0
2026,1331774695346823168,NCAA USA,18,9,787224085817044992,masshole4eva,5,JustTouchdown1221,0.0,0.0,,False,0.0,0.0
2026,1331774695346823168,NCAA USA,18,6,560611777479667712,PatrickT21,10,Woolley69,0.0,0.0,,False,0.0,0.0
2026,1331774695346823168,NCAA USA,18,10,590358219562455040,Woolley69,6,PatrickT21,0.0,0.0,,False,0.0,0.0
2026,1331774695346823168,NCAA USA,18,7,81535409754357760,arandrea,11,bshouseman,0.0,0.0,,False,0.0,0.0
2026,1331774695346823168,NCAA USA,18,11,460257215329071104,bshouseman,7,arandrea,0.0,0.0,,False,0.0,0.0
2026,1331774630620332032,NCAA HISTORICALLY BLACK,1,1,471427194132885504,PhantomXX,6,DeanFalcon,171.46,121.36,Win,True,171.46,0.0
2026,1331774630620332032,NCAA HISTORICALLY BLACK,1,6,692168840821411840,DeanFalcon,1,PhantomXX,121.36,171.46,Loss,True,121.36,0.0
2026,1331774630620332032,NCAA HISTORICALLY BLACK,1,2,1240179381624655872,B41Pakman,11,Jerryb83,94.14,87.32,Win,True,94.14,0.0
2026,1331774630620332032,NCAA HISTORICALLY BLACK,1,11,327614483000217600,Jerryb83,2,B41Pakman,87.32,94.14,Loss,True,87.32,0.0
2026,1331774630620332032,NCAA HISTORICALLY BLACK,1,3,640052303377952768,lcummings,9,Pookieboom,155.1,134.26,Win,True,155.1,0.0
2026,1331774630620332032,NCAA HISTORICALLY BLACK,1,9,1260322259726249984,Pookieboom,3,lcummings,134.26,155.1,Loss,True,134.26,0.0
2026,1331774630620332032,NCAA HISTORICALLY BLACK,1,4,471080793406435328,memphismaniac,7,StrikerS091,149.76,184.76,Loss,True,149.76,0.0
2026,1331774630620332032,NCAA HISTORICALLY BLACK,1,7,519728067978186752,StrikerS091,4,memphismaniac,184.76,149.76,Win,True,184.76,-0.0
2026,1331774630620332032,NCAA HISTORICALLY BLACK,1,5,1072700435921838080,DaMagic436,10,bb7661KING,203.3,153.9,Win,True,203.3,0.0
2026,1331774630620332032,NCAA HISTORICALLY BLACK,1,10,694233255825719296,bb7661KING,5,DaMagic436,153.9,203.3,Loss,True,153.9,0.0
2026,1331774630620332032,NCAA HISTORICALLY BLACK,1,8,467835045181124608,wblack2012,12,scoobydaeaglemahomes,107.68,107.04,Win,True,107.68,0.0
2026,1331774630620332032,NCAA HISTORICALLY BLACK,1,12,520088376557371392,scoobydaeaglemahomes,8,wblack2012,107.04,107.68,Loss,True,107.04,0.0
2026,1331774630620332032,NCAA HISTORICALLY BLACK,2,1,471427194132885504,PhantomXX,5,DaMagic436,131.82,108.26,Win,True,131.82,0.0
2026,1331774630620332032,NCAA HISTORICALLY BLACK,2,5,1072700435921838080,DaMagic436,1,PhantomXX,108.26,131.82,Loss,True,108.26,0.0
2026,1331774630620332032,NCAA HISTORICALLY BLACK,2,2,1240179381624655872,B41Pakman,4,memphismaniac,96.78,142.6,Loss,True,96.78,0.0
2026,1331774630620332032,NCAA HISTORICALLY BLACK,2,4,471080793406435328,memphismaniac,2,B41Pakman,142.6,96.78,Win,True,142.6,-0.0
2026,1331774630620332032,NCAA HISTORICALLY BLACK,2,3,640052303377952768,lcummings,10,bb7661KING,150.18,116.7,Win,True,150.18,0.0
2026,1331774630620332032,NCAA HISTORICALLY BLACK,2,10,694233255825719296,bb7661KING,3,lcummings,116.7,150.18,Loss,True,116.7,0.0
2026,1331774630620332032,NCAA HISTORICALLY BLACK,2,6,692168840821411840,DeanFalcon,9,Pookieboom,88.24,111.78,Loss,True,88.24,0.0
2026,1331774630620332032,NCAA HISTORICALLY BLACK,2,9,1260322259726249984,Pookieboom,6,DeanFalcon,111.78,88.24,Win,True,111.78,0.0
2026,1331774630620332032,NCAA HISTORICALLY BLACK,2,7,519728067978186752,StrikerS091,8,wblack2012,94.42,167.8,Loss,True,94.42,0.0
2026,1331774630620332032,NCAA HISTORICALLY BLACK,2,8,467835045181124608,wblack2012,7,StrikerS091,167.8,94.42,Win,True,167.8,0.0
2026,1331774630620332032,NCAA HISTORICALLY BLACK,2,11,327614483000217600,Jerryb83,12,scoobydaeaglemahomes,95.68,143.88,Loss,True,95.68,0.0
2026,1331774630620332032,NCAA HISTORICALLY BLACK,2,12,520088376557371392,scoobydaeaglemahomes,11,Jerryb83,143.88,95.68,Win,True,143.88,0.0
2026,1331774630620332032,NCAA HISTORICALLY BLACK,3,1,471427194132885504,PhantomXX,9,Pookieboom,129.66,105.0,Win,True,129.66,0.0
2026,1331774630620332032,NCAA HISTORICALLY BLACK,3,9,1260322259726249984,Pookieboom,1,PhantomXX,105.0,129.66,Loss,True,105.0,0.0
2026,1331774630620332032,NCAA HISTORICALLY BLACK,3,2,1240179381624655872,B41Pakman,7,StrikerS091,101.16,108.5,Loss,True,101.16,0.0
2026,1331774630620332032,NCAA HISTORICALLY BLACK,3,7,519728067978186752,StrikerS091,2,B41Pakman,108.5,101.16,Win,True,108.5,0.0
2026,1331774630620332032,NCAA HISTORICALLY BLACK,3,3,640052303377952768,lcummings,5,DaMagic436,88.4,138.08,Loss,True,88.4,0.0
2026,1331774630620332032,NCAA HISTORICALLY BLACK,3,5,1072700435921838080,DaMagic436,3,lcummings,138.08,88.4,Win,True,138.08,0.0
2026,1331774630620332032,NCAA HISTORICALLY BLACK,3,4,471080793406435328,memphismaniac,12,scoobydaeaglemahomes,143.84,137.38,Win,True,143.84,-0.0
2026,1331774630620332032,NCAA HISTORICALLY BLACK,3,12,520088376557371392,scoobydaeaglemahomes,4,memphismaniac,137.38,143.84,Loss,True,137.38,0.0
2026,1331774630620332032,NCAA HISTORICALLY BLACK,3,6,692168840821411840,DeanFalcon,10,bb7661KING,122.04,110.34,Win,True,122.04,0.0
2026,1331774630620332032,NCAA HISTORICALLY BLACK,3,10,694233255825719296,bb7661KING,6,DeanFalcon,110.34,122.04,Loss,True,110.34,0.0
2026,1331774630620332032,NCAA HISTORICALLY BLACK,3,8,467835045181124608,wblack2012,11,Jerryb83,143.98,152.78,Loss,True,143.98,-0.0
2026,1331774630620332032,NCAA HISTORICALLY BLACK,3,11,327614483000217600,Jerryb83,8,wblack2012,152.78,143.98,Win,True,152.78,0.0
2026,1331774630620332032,NCAA HISTORICALLY BLACK,4,1,471427194132885504,PhantomXX,3,lcummings,15.6,0.0,Win,True,15.6,0.0
2026,1331774630620332032,NCAA HISTORICALLY BLACK,4,3,640052303377952768,lcummings,1,PhantomXX,0.0,15.6,Loss,True,0.0,0.0
2026,1331774630620332032,NCAA HISTORICALLY BLACK,4,2,1240179381624655872,B41Pakman,12,scoobydaeaglemahomes,0.0,44.3,Loss,True,0.0,0.0
2026,1331774630620332032,NCAA HISTORICALLY BLACK,4,12,520088376557371392,scoobydaeaglemahomes,2,B41Pakman,44.3,0.0,Win,True,44.3,0.0
2026,1331774630620332032,NCAA HISTORICALLY BLACK,4,4,471080793406435328,memphismaniac,8,wblack2012,0.0,9.1,Loss,True,0.0,0.0
2026,1331774630620332032,NCAA HISTORICALLY BLACK,4,8,467835045181124608,wblack2012,4,memphismaniac,9.1,0.0,Win,True,9.1,0.0
2026,1331774630620332032,NCAA HISTORICALLY BLACK,4,5,1072700435921838080,DaMagic436,6,DeanFalcon,3.0,0.0,Win,True,3.0,0.0
2026,1331774630620332032,NCAA HISTORICALLY BLACK,4,6,692168840821411840,DeanFalcon,5,DaMagic436,0.0,3.0,Loss,True,0.0,0.0
2026,1331774630620332032,NCAA HISTORICALLY BLACK,4,7,519728067978186752,StrikerS091,11,Jerryb83,0.0,30.1,Loss,True,0.0,0.0
2026,1331774630620332032,NCAA HISTORICALLY BLACK,4,11,327614483000217600,Jerryb83,7,StrikerS091,30.1,0.0,Win,True,30.1,0.0
2026,1331774630620332032,NCAA HISTORICALLY BLACK,4,9,1260322259726249984,Pookieboom,10,bb7661KING,2.5,25.0,Loss,True,2.5,0.0
2026,1331774630620332032,NCAA HISTORICALLY BLACK,4,10,694233255825719296,bb7661KING,9,Pookieboom,25.0,2.5,Win,True,25.0,0.0
2026,1331774630620332032,NCAA HISTORICALLY BLACK,5,1,471427194132885504,PhantomXX,10,bb7661KING,0.0,0.0,,True,0.0,0.0
2026,1331774630620332032,NCAA HISTORICALLY BLACK,5,10,694233255825719296,bb7661KING,1,PhantomXX,0.0,0.0,,True,0.0,0.0
2026,1331774630620332032,NCAA HISTORICALLY BLACK,5,2,1240179381624655872,B41Pakman,8,wblack2012,0.0,0.0,,True,0.0,0.0
2026,1331774630620332032,NCAA HISTORICALLY BLACK,5,8,467835045181124608,wblack2012,2,B41Pakman,0.0,0.0,,True,0.0,0.0
2026,1331774630620332032,NCAA HISTORICALLY BLACK,5,3,640052303377952768,lcummings,6,DeanFalcon,0.0,0.0,,True,0.0,0.0
2026,1331774630620332032,NCAA HISTORICALLY BLACK,5,6,692168840821411840,DeanFalcon,3,lcummings,0.0,0.0,,True,0.0,0.0
2026,1331774630620332032,NCAA HISTORICALLY BLACK,5,4,471080793406435328,memphismaniac,11,Jerryb83,0.0,0.0,,True,0.0,0.0
2026,1331774630620332032,NCAA HISTORICALLY BLACK,5,11,327614483000217600,Jerryb83,4,memphismaniac,0.0,0.0,,True,0.0,0.0
2026,1331774630620332032,NCAA HISTORICALLY BLACK,5,5,1072700435921838080,DaMagic436,9,Pookieboom,0.0,0.0,,True,0.0,0.0
2026,1331774630620332032,NCAA HISTORICALLY BLACK,5,9,1260322259726249984,Pookieboom,5,DaMagic436,0.0,0.0,,True,0.0,0.0
2026,1331774630620332032,NCAA HISTORICALLY BLACK,5,7,519728067978186752,StrikerS091,12,scoobydaeaglemahomes,0.0,0.0,,True,0.0,0.0
2026,1331774630620332032,NCAA HISTORICALLY BLACK,5,12,520088376557371392,scoobydaeaglemahomes,7,StrikerS091,0.0,0.0,,True,0.0,0.0
2026,1331774630620332032,NCAA HISTORICALLY BLACK,6,1,471427194132885504,PhantomXX,7,StrikerS091,0.0,0.0,,True,0.0,0.0
2026,1331774630620332032,NCAA HISTORICALLY BLACK,6,7,519728067978186752,StrikerS091,1,PhantomXX,0.0,0.0,,True,0.0,0.0
2026,1331774630620332032,NCAA HISTORICALLY BLACK,6,2,1240179381624655872,B41Pakman,9,Pookieboom,0.0,0.0,,True,0.0,0.0
2026,1331774630620332032,NCAA HISTORICALLY BLACK,6,9,1260322259726249984,Pookieboom,2,B41Pakman,0.0,0.0,,True,0.0,0.0
2026,1331774630620332032,NCAA HISTORICALLY BLACK,6,3,640052303377952768,lcummings,11,Jerryb83,0.0,0.0,,True,0.0,0.0
2026,1331774630620332032,NCAA HISTORICALLY BLACK,6,11,327614483000217600,Jerryb83,3,lcummings,0.0,0.0,,True,0.0,0.0
2026,1331774630620332032,NCAA HISTORICALLY BLACK,6,4,471080793406435328,memphismaniac,6,DeanFalcon,0.0,0.0,,True,0.0,0.0
2026,1331774630620332032,NCAA HISTORICALLY BLACK,6,6,692168840821411840,DeanFalcon,4,memphismaniac,0.0,0.0,,True,0.0,0.0
2026,1331774630620332032,NCAA HISTORICALLY BLACK,6,5,1072700435921838080,DaMagic436,8,wblack2012,0.0,0.0,,True,0.0,0.0
2026,1331774630620332032,NCAA HISTORICALLY BLACK,6,8,467835045181124608,wblack2012,5,DaMagic436,0.0,0.0,,True,0.0,0.0
2026,1331774630620332032,NCAA HISTORICALLY BLACK,6,10,694233255825719296,bb7661KING,12,scoobydaeaglemahomes,0.0,0.0,,True,0.0,0.0
2026,1331774630620332032,NCAA HISTORICALLY BLACK,6,12,520088376557371392,scoobydaeaglemahomes,10,bb7661KING,0.0,0.0,,True,0.0,0.0
2026,1331774630620332032,NCAA HISTORICALLY BLACK,7,1,471427194132885504,PhantomXX,4,memphismaniac,0.0,0.0,,True,0.0,0.0
2026,1331774630620332032,NCAA HISTORICALLY BLACK,7,4,471080793406435328,memphismaniac,1,PhantomXX,0.0,0.0,,True,0.0,0.0
2026,1331774630620332032,NCAA HISTORICALLY BLACK,7,2,1240179381624655872,B41Pakman,3,lcummings,0.0,0.0,,True,0.0,0.0
2026,1331774630620332032,NCAA HISTORICALLY BLACK,7,3,640052303377952768,lcummings,2,B41Pakman,0.0,0.0,,True,0.0,0.0
2026,1331774630620332032,NCAA HISTORICALLY BLACK,7,5,1072700435921838080,DaMagic436,12,scoobydaeaglemahomes,0.0,0.0,,True,0.0,0.0
2026,1331774630620332032,NCAA HISTORICALLY BLACK,7,12,520088376557371392,scoobydaeaglemahomes,5,DaMagic436,0.0,0.0,,True,0.0,0.0
2026,1331774630620332032,NCAA HISTORICALLY BLACK,7,6,692168840821411840,DeanFalcon,7,StrikerS091,0.0,0.0,,True,0.0,0.0
2026,1331774630620332032,NCAA HISTORICALLY BLACK,7,7,519728067978186752,StrikerS091,6,DeanFalcon,0.0,0.0,,True,0.0,0.0
2026,1331774630620332032,NCAA HISTORICALLY BLACK,7,8,467835045181124608,wblack2012,10,bb7661KING,0.0,0.0,,True,0.0,0.0
2026,1331774630620332032,NCAA HISTORICALLY BLACK,7,10,694233255825719296,bb7661KING,8,wblack2012,0.0,0.0,,True,0.0,0.0
2026,1331774630620332032,NCAA HISTORICALLY BLACK,7,9,1260322259726249984,Pookieboom,11,Jerryb83,0.0,0.0,,True,0.0,0.0
2026,1331774630620332032,NCAA HISTORICALLY BLACK,7,11,327614483000217600,Jerryb83,9,Pookieboom,0.0,0.0,,True,0.0,0.0
2026,1331774630620332032,NCAA HISTORICALLY BLACK,8,1,471427194132885504,PhantomXX,11,Jerryb83,0.0,0.0,,True,0.0,0.0
2026,1331774630620332032,NCAA HISTORICALLY BLACK,8,11,327614483000217600,Jerryb83,1,PhantomXX,0.0,0.0,,True,0.0,0.0
2026,1331774630620332032,NCAA HISTORICALLY BLACK,8,2,1240179381624655872,B41Pakman,6,DeanFalcon,0.0,0.0,,True,0.0,0.0
2026,1331774630620332032,NCAA HISTORICALLY BLACK,8,6,692168840821411840,DeanFalcon,2,B41Pakman,0.0,0.0,,True,0.0,0.0
2026,1331774630620332032,NCAA HISTORICALLY BLACK,8,3,640052303377952768,lcummings,8,wblack2012,0.0,0.0,,True,0.0,0.0
2026,1331774630620332032,NCAA HISTORICALLY BLACK,8,8,467835045181124608,wblack2012,3,lcummings,0.0,0.0,,True,0.0,0.0
2026,1331774630620332032,NCAA HISTORICALLY BLACK,8,4,471080793406435328,memphismaniac,10,bb7661KING,0.0,0.0,,True,0.0,0.0
2026,1331774630620332032,NCAA HISTORICALLY BLACK,8,10,694233255825719296,bb7661KING,4,memphismaniac,0.0,0.0,,True,0.0,0.0
2026,1331774630620332032,NCAA HISTORICALLY BLACK,8,5,1072700435921838080,DaMagic436,7,StrikerS091,0.0,0.0,,True,0.0,0.0
2026,1331774630620332032,NCAA HISTORICALLY BLACK,8,7,519728067978186752,StrikerS091,5,DaMagic436,0.0,0.0,,True,0.0,0.0
2026,1331774630620332032,NCAA HISTORICALLY BLACK,8,9,1260322259726249984,Pookieboom,12,scoobydaeaglemahomes,0.0,0.0,,True,0.0,0.0
2026,1331774630620332032,NCAA HISTORICALLY BLACK,8,12,520088376557371392,scoobydaeaglemahomes,9,Pookieboom,0.0,0.0,,True,0.0,0.0
2026,1331774630620332032,NCAA HISTORICALLY BLACK,9,1,471427194132885504,PhantomXX,2,B41Pakman,0.0,0.0,,True,0.0,0.0
2026,1331774630620332032,NCAA HISTORICALLY BLACK,9,2,1240179381624655872,B41Pakman,1,PhantomXX,0.0,0.0,,True,0.0,0.0
2026,1331774630620332032,NCAA HISTORICALLY BLACK,9,3,640052303377952768,lcummings,12,scoobydaeaglemahomes,0.0,0.0,,True,0.0,0.0
2026,1331774630620332032,NCAA HISTORICALLY BLACK,9,12,520088376557371392,scoobydaeaglemahomes,3,lcummings,0.0,0.0,,True,0.0,0.0
2026,1331774630620332032,NCAA HISTORICALLY BLACK,9,4,471080793406435328,memphismaniac,5,DaMagic436,0.0,0.0,,True,0.0,0.0
2026,1331774630620332032,NCAA HISTORICALLY BLACK,9,5,1072700435921838080,DaMagic436,4,memphismaniac,0.0,0.0,,True,0.0,0.0
2026,1331774630620332032,NCAA HISTORICALLY BLACK,9,6,692168840821411840,DeanFalcon,11,Jerryb83,0.0,0.0,,True,0.0,0.0
2026,1331774630620332032,NCAA HISTORICALLY BLACK,9,11,327614483000217600,Jerryb83,6,DeanFalcon,0.0,0.0,,True,0.0,0.0
2026,1331774630620332032,NCAA HISTORICALLY BLACK,9,7,519728067978186752,StrikerS091,10,bb7661KING,0.0,0.0,,True,0.0,0.0
2026,1331774630620332032,NCAA HISTORICALLY BLACK,9,10,694233255825719296,bb7661KING,7,StrikerS091,0.0,0.0,,True,0.0,0.0
2026,1331774630620332032,NCAA HISTORICALLY BLACK,9,8,467835045181124608,wblack2012,9,Pookieboom,0.0,0.0,,True,0.0,0.0
2026,1331774630620332032,NCAA HISTORICALLY BLACK,9,9,1260322259726249984,Pookieboom,8,wblack2012,0.0,0.0,,True,0.0,0.0
2026,1331774630620332032,NCAA HISTORICALLY BLACK,10,1,471427194132885504,PhantomXX,8,wblack2012,0.0,0.0,,True,0.0,0.0
2026,1331774630620332032,NCAA HISTORICALLY BLACK,10,8,467835045181124608,wblack2012,1,PhantomXX,0.0,0.0,,True,0.0,0.0
2026,1331774630620332032,NCAA HISTORICALLY BLACK,10,2,1240179381624655872,B41Pakman,10,bb7661KING,0.0,0.0,,True,0.0,0.0
2026,1331774630620332032,NCAA HISTORICALLY BLACK,10,10,694233255825719296,bb7661KING,2,B41Pakman,0.0,0.0,,True,0.0,0.0
2026,1331774630620332032,NCAA HISTORICALLY BLACK,10,3,640052303377952768,lcummings,7,StrikerS091,0.0,0.0,,True,0.0,0.0
2026,1331774630620332032,NCAA HISTORICALLY BLACK,10,7,519728067978186752,StrikerS091,3,lcummings,0.0,0.0,,True,0.0,0.0
2026,1331774630620332032,NCAA HISTORICALLY BLACK,10,4,471080793406435328,memphismaniac,9,Pookieboom,0.0,0.0,,True,0.0,0.0
2026,1331774630620332032,NCAA HISTORICALLY BLACK,10,9,1260322259726249984,Pookieboom,4,memphismaniac,0.0,0.0,,True,0.0,0.0
2026,1331774630620332032,NCAA HISTORICALLY BLACK,10,5,1072700435921838080,DaMagic436,11,Jerryb83,0.0,0.0,,True,0.0,0.0
2026,1331774630620332032,NCAA HISTORICALLY BLACK,10,11,327614483000217600,Jerryb83,5,DaMagic436,0.0,0.0,,True,0.0,0.0
2026,1331774630620332032,NCAA HISTORICALLY BLACK,10,6,692168840821411840,DeanFalcon,12,scoobydaeaglemahomes,0.0,0.0,,True,0.0,0.0
2026,1331774630620332032,NCAA HISTORICALLY BLACK,10,12,520088376557371392,scoobydaeaglemahomes,6,DeanFalcon,0.0,0.0,,True,0.0,0.0
2026,1331774630620332032,NCAA HISTORICALLY BLACK,11,1,471427194132885504,PhantomXX,12,scoobydaeaglemahomes,0.0,0.0,,True,0.0,0.0
2026,1331774630620332032,NCAA HISTORICALLY BLACK,11,12,520088376557371392,scoobydaeaglemahomes,1,PhantomXX,0.0,0.0,,True,0.0,0.0
2026,1331774630620332032,NCAA HISTORICALLY BLACK,11,2,1240179381624655872,B41Pakman,5,DaMagic436,0.0,0.0,,True,0.0,0.0
2026,1331774630620332032,NCAA HISTORICALLY BLACK,11,5,1072700435921838080,DaMagic436,2,B41Pakman,0.0,0.0,,True,0.0,0.0
2026,1331774630620332032,NCAA HISTORICALLY BLACK,11,3,640052303377952768,lcummings,4,memphismaniac,0.0,0.0,,True,0.0,0.0
2026,1331774630620332032,NCAA HISTORICALLY BLACK,11,4,471080793406435328,memphismaniac,3,lcummings,0.0,0.0,,True,0.0,0.0
2026,1331774630620332032,NCAA HISTORICALLY BLACK,11,6,692168840821411840,DeanFalcon,8,wblack2012,0.0,0.0,,True,0.0,0.0
2026,1331774630620332032,NCAA HISTORICALLY BLACK,11,8,467835045181124608,wblack2012,6,DeanFalcon,0.0,0.0,,True,0.0,0.0
2026,1331774630620332032,NCAA HISTORICALLY BLACK,11,7,519728067978186752,StrikerS091,9,Pookieboom,0.0,0.0,,True,0.0,0.0
2026,1331774630620332032,NCAA HISTORICALLY BLACK,11,9,1260322259726249984,Pookieboom,7,StrikerS091,0.0,0.0,,True,0.0,0.0
2026,1331774630620332032,NCAA HISTORICALLY BLACK,11,10,694233255825719296,bb7661KING,11,Jerryb83,0.0,0.0,,True,0.0,0.0
2026,1331774630620332032,NCAA HISTORICALLY BLACK,11,11,327614483000217600,Jerryb83,10,bb7661KING,0.0,0.0,,True,0.0,0.0
2026,1331774630620332032,NCAA HISTORICALLY BLACK,12,1,471427194132885504,PhantomXX,6,DeanFalcon,0.0,0.0,,False,0.0,0.0
2026,1331774630620332032,NCAA HISTORICALLY BLACK,12,6,692168840821411840,DeanFalcon,1,PhantomXX,0.0,0.0,,False,0.0,0.0
2026,1331774630620332032,NCAA HISTORICALLY BLACK,12,2,1240179381624655872,B41Pakman,11,Jerryb83,0.0,0.0,,False,0.0,0.0
2026,1331774630620332032,NCAA HISTORICALLY BLACK,12,11,327614483000217600,Jerryb83,2,B41Pakman,0.0,0.0,,False,0.0,0.0
2026,1331774630620332032,NCAA HISTORICALLY BLACK,12,3,640052303377952768,lcummings,9,Pookieboom,0.0,0.0,,False,0.0,0.0
2026,1331774630620332032,NCAA HISTORICALLY BLACK,12,9,1260322259726249984,Pookieboom,3,lcummings,0.0,0.0,,False,0.0,0.0
2026,1331774630620332032,NCAA HISTORICALLY BLACK,12,4,471080793406435328,memphismaniac,7,StrikerS091,0.0,0.0,,False,0.0,0.0
2026,1331774630620332032,NCAA HISTORICALLY BLACK,12,7,519728067978186752,StrikerS091,4,memphismaniac,0.0,0.0,,False,0.0,0.0
2026,1331774630620332032,NCAA HISTORICALLY BLACK,12,5,1072700435921838080,DaMagic436,10,bb7661KING,0.0,0.0,,False,0.0,0.0
2026,1331774630620332032,NCAA HISTORICALLY BLACK,12,10,694233255825719296,bb7661KING,5,DaMagic436,0.0,0.0,,False,0.0,0.0
2026,1331774630620332032,NCAA HISTORICALLY BLACK,12,8,467835045181124608,wblack2012,12,scoobydaeaglemahomes,0.0,0.0,,False,0.0,0.0
2026,1331774630620332032,NCAA HISTORICALLY BLACK,12,12,520088376557371392,scoobydaeaglemahomes,8,wblack2012,0.0,0.0,,False,0.0,0.0
2026,1331774630620332032,NCAA HISTORICALLY BLACK,13,1,471427194132885504,PhantomXX,5,DaMagic436,0.0,0.0,,False,0.0,0.0
2026,1331774630620332032,NCAA HISTORICALLY BLACK,13,5,1072700435921838080,DaMagic436,1,PhantomXX,0.0,0.0,,False,0.0,0.0
2026,1331774630620332032,NCAA HISTORICALLY BLACK,13,2,1240179381624655872,B41Pakman,4,memphismaniac,0.0,0.0,,False,0.0,0.0
2026,1331774630620332032,NCAA HISTORICALLY BLACK,13,4,471080793406435328,memphismaniac,2,B41Pakman,0.0,0.0,,False,0.0,0.0
2026,1331774630620332032,NCAA HISTORICALLY BLACK,13,3,640052303377952768,lcummings,10,bb7661KING,0.0,0.0,,False,0.0,0.0
2026,1331774630620332032,NCAA HISTORICALLY BLACK,13,10,694233255825719296,bb7661KING,3,lcummings,0.0,0.0,,False,0.0,0.0
2026,1331774630620332032,NCAA HISTORICALLY BLACK,13,6,692168840821411840,DeanFalcon,9,Pookieboom,0.0,0.0,,False,0.0,0.0
2026,1331774630620332032,NCAA HISTORICALLY BLACK,13,9,1260322259726249984,Pookieboom,6,DeanFalcon,0.0,0.0,,False,0.0,0.0
2026,1331774630620332032,NCAA HISTORICALLY BLACK,13,7,519728067978186752,StrikerS091,8,wblack2012,0.0,0.0,,False,0.0,0.0
2026,1331774630620332032,NCAA HISTORICALLY BLACK,13,8,467835045181124608,wblack2012,7,StrikerS091,0.0,0.0,,False,0.0,0.0
2026,1331774630620332032,NCAA HISTORICALLY BLACK,13,11,327614483000217600,Jerryb83,12,scoobydaeaglemahomes,0.0,0.0,,False,0.0,0.0
2026,1331774630620332032,NCAA HISTORICALLY BLACK,13,12,520088376557371392,scoobydaeaglemahomes,11,Jerryb83,0.0,0.0,,False,0.0,0.0
2026,1331774630620332032,NCAA HISTORICALLY BLACK,14,1,471427194132885504,PhantomXX,9,Pookieboom,0.0,0.0,,False,0.0,0.0
2026,1331774630620332032,NCAA HISTORICALLY BLACK,14,9,1260322259726249984,Pookieboom,1,PhantomXX,0.0,0.0,,False,0.0,0.0
2026,1331774630620332032,NCAA HISTORICALLY BLACK,14,2,1240179381624655872,B41Pakman,7,StrikerS091,0.0,0.0,,False,0.0,0.0
2026,1331774630620332032,NCAA HISTORICALLY BLACK,14,7,519728067978186752,StrikerS091,2,B41Pakman,0.0,0.0,,False,0.0,0.0
2026,1331774630620332032,NCAA HISTORICALLY BLACK,14,3,640052303377952768,lcummings,5,DaMagic436,0.0,0.0,,False,0.0,0.0
2026,1331774630620332032,NCAA HISTORICALLY BLACK,14,5,1072700435921838080,DaMagic436,3,lcummings,0.0,0.0,,False,0.0,0.0
2026,1331774630620332032,NCAA HISTORICALLY BLACK,14,4,471080793406435328,memphismaniac,12,scoobydaeaglemahomes,0.0,0.0,,False,0.0,0.0
2026,1331774630620332032,NCAA HISTORICALLY BLACK,14,12,520088376557371392,scoobydaeaglemahomes,4,memphismaniac,0.0,0.0,,False,0.0,0.0
2026,1331774630620332032,NCAA HISTORICALLY BLACK,14,6,692168840821411840,DeanFalcon,10,bb7661KING,0.0,0.0,,False,0.0,0.0
2026,1331774630620332032,NCAA HISTORICALLY BLACK,14,10,694233255825719296,bb7661KING,6,DeanFalcon,0.0,0.0,,False,0.0,0.0
2026,1331774630620332032,NCAA HISTORICALLY BLACK,14,8,467835045181124608,wblack2012,11,Jerryb83,0.0,0.0,,False,0.0,0.0
2026,1331774630620332032,NCAA HISTORICALLY BLACK,14,11,327614483000217600,Jerryb83,8,wblack2012,0.0,0.0,,False,0.0,0.0
2026,1331774630620332032,NCAA HISTORICALLY BLACK,15,1,471427194132885504,PhantomXX,3,lcummings,0.0,0.0,,False,0.0,0.0
2026,1331774630620332032,NCAA HISTORICALLY BLACK,15,3,640052303377952768,lcummings,1,PhantomXX,0.0,0.0,,False,0.0,0.0
2026,1331774630620332032,NCAA HISTORICALLY BLACK,15,2,1240179381624655872,B41Pakman,12,scoobydaeaglemahomes,0.0,0.0,,False,0.0,0.0
2026,1331774630620332032,NCAA HISTORICALLY BLACK,15,12,520088376557371392,scoobydaeaglemahomes,2,B41Pakman,0.0,0.0,,False,0.0,0.0
2026,1331774630620332032,NCAA HISTORICALLY BLACK,15,4,471080793406435328,memphismaniac,8,wblack2012,0.0,0.0,,False,0.0,0.0
2026,1331774630620332032,NCAA HISTORICALLY BLACK,15,8,467835045181124608,wblack2012,4,memphismaniac,0.0,0.0,,False,0.0,0.0
2026,1331774630620332032,NCAA HISTORICALLY BLACK,15,5,1072700435921838080,DaMagic436,6,DeanFalcon,0.0,0.0,,False,0.0,0.0
2026,1331774630620332032,NCAA HISTORICALLY BLACK,15,6,692168840821411840,DeanFalcon,5,DaMagic436,0.0,0.0,,False,0.0,0.0
2026,1331774630620332032,NCAA HISTORICALLY BLACK,15,7,519728067978186752,StrikerS091,11,Jerryb83,0.0,0.0,,False,0.0,0.0
2026,1331774630620332032,NCAA HISTORICALLY BLACK,15,11,327614483000217600,Jerryb83,7,StrikerS091,0.0,0.0,,False,0.0,0.0
2026,1331774630620332032,NCAA HISTORICALLY BLACK,15,9,1260322259726249984,Pookieboom,10,bb7661KING,0.0,0.0,,False,0.0,0.0
2026,1331774630620332032,NCAA HISTORICALLY BLACK,15,10,694233255825719296,bb7661KING,9,Pookieboom,0.0,0.0,,False,0.0,0.0
2026,1331774630620332032,NCAA HISTORICALLY BLACK,16,1,471427194132885504,PhantomXX,10,bb7661KING,0.0,0.0,,False,0.0,0.0
2026,1331774630620332032,NCAA HISTORICALLY BLACK,16,10,694233255825719296,bb7661KING,1,PhantomXX,0.0,0.0,,False,0.0,0.0
2026,1331774630620332032,NCAA HISTORICALLY BLACK,16,2,1240179381624655872,B41Pakman,8,wblack2012,0.0,0.0,,False,0.0,0.0
2026,1331774630620332032,NCAA HISTORICALLY BLACK,16,8,467835045181124608,wblack2012,2,B41Pakman,0.0,0.0,,False,0.0,0.0
2026,1331774630620332032,NCAA HISTORICALLY BLACK,16,3,640052303377952768,lcummings,6,DeanFalcon,0.0,0.0,,False,0.0,0.0
2026,1331774630620332032,NCAA HISTORICALLY BLACK,16,6,692168840821411840,DeanFalcon,3,lcummings,0.0,0.0,,False,0.0,0.0
2026,1331774630620332032,NCAA HISTORICALLY BLACK,16,4,471080793406435328,memphismaniac,11,Jerryb83,0.0,0.0,,False,0.0,0.0
2026,1331774630620332032,NCAA HISTORICALLY BLACK,16,11,327614483000217600,Jerryb83,4,memphismaniac,0.0,0.0,,False,0.0,0.0
2026,1331774630620332032,NCAA HISTORICALLY BLACK,16,5,1072700435921838080,DaMagic436,9,Pookieboom,0.0,0.0,,False,0.0,0.0
2026,1331774630620332032,NCAA HISTORICALLY BLACK,16,9,1260322259726249984,Pookieboom,5,DaMagic436,0.0,0.0,,False,0.0,0.0
2026,1331774630620332032,NCAA HISTORICALLY BLACK,16,7,519728067978186752,StrikerS091,12,scoobydaeaglemahomes,0.0,0.0,,False,0.0,0.0
2026,1331774630620332032,NCAA HISTORICALLY BLACK,16,12,520088376557371392,scoobydaeaglemahomes,7,StrikerS091,0.0,0.0,,False,0.0,0.0
2026,1331774630620332032,NCAA HISTORICALLY BLACK,17,1,471427194132885504,PhantomXX,7,StrikerS091,0.0,0.0,,False,0.0,0.0
2026,1331774630620332032,NCAA HISTORICALLY BLACK,17,7,519728067978186752,StrikerS091,1,PhantomXX,0.0,0.0,,False,0.0,0.0
2026,1331774630620332032,NCAA HISTORICALLY BLACK,17,2,1240179381624655872,B41Pakman,9,Pookieboom,0.0,0.0,,False,0.0,0.0
2026,1331774630620332032,NCAA HISTORICALLY BLACK,17,9,1260322259726249984,Pookieboom,2,B41Pakman,0.0,0.0,,False,0.0,0.0
2026,1331774630620332032,NCAA HISTORICALLY BLACK,17,3,640052303377952768,lcummings,11,Jerryb83,0.0,0.0,,False,0.0,0.0
2026,1331774630620332032,NCAA HISTORICALLY BLACK,17,11,327614483000217600,Jerryb83,3,lcummings,0.0,0.0,,False,0.0,0.0
2026,1331774630620332032,NCAA HISTORICALLY BLACK,17,4,471080793406435328,memphismaniac,6,DeanFalcon,0.0,0.0,,False,0.0,0.0
2026,1331774630620332032,NCAA HISTORICALLY BLACK,17,6,692168840821411840,DeanFalcon,4,memphismaniac,0.0,0.0,,False,0.0,0.0
2026,1331774630620332032,NCAA HISTORICALLY BLACK,17,5,1072700435921838080,DaMagic436,8,wblack2012,0.0,0.0,,False,0.0,0.0
2026,1331774630620332032,NCAA HISTORICALLY BLACK,17,8,467835045181124608,wblack2012,5,DaMagic436,0.0,0.0,,False,0.0,0.0
2026,1331774630620332032,NCAA HISTORICALLY BLACK,17,10,694233255825719296,bb7661KING,12,scoobydaeaglemahomes,0.0,0.0,,False,0.0,0.0
2026,1331774630620332032,NCAA HISTORICALLY BLACK,17,12,520088376557371392,scoobydaeaglemahomes,10,bb7661KING,0.0,0.0,,False,0.0,0.0
2026,1331774630620332032,NCAA HISTORICALLY BLACK,18,1,471427194132885504,PhantomXX,4,memphismaniac,0.0,0.0,,False,0.0,0.0
2026,1331774630620332032,NCAA HISTORICALLY BLACK,18,4,471080793406435328,memphismaniac,1,PhantomXX,0.0,0.0,,False,0.0,0.0
2026,1331774630620332032,NCAA HISTORICALLY BLACK,18,2,1240179381624655872,B41Pakman,3,lcummings,0.0,0.0,,False,0.0,0.0
2026,1331774630620332032,NCAA HISTORICALLY BLACK,18,3,640052303377952768,lcummings,2,B41Pakman,0.0,0.0,,False,0.0,0.0
2026,1331774630620332032,NCAA HISTORICALLY BLACK,18,5,1072700435921838080,DaMagic436,12,scoobydaeaglemahomes,0.0,0.0,,False,0.0,0.0
2026,1331774630620332032,NCAA HISTORICALLY BLACK,18,12,520088376557371392,scoobydaeaglemahomes,5,DaMagic436,0.0,0.0,,False,0.0,0.0
2026,1331774630620332032,NCAA HISTORICALLY BLACK,18,6,692168840821411840,DeanFalcon,7,StrikerS091,0.0,0.0,,False,0.0,0.0
2026,1331774630620332032,NCAA HISTORICALLY BLACK,18,7,519728067978186752,StrikerS091,6,DeanFalcon,0.0,0.0,,False,0.0,0.0
2026,1331774630620332032,NCAA HISTORICALLY BLACK,18,8,467835045181124608,wblack2012,10,bb7661KING,0.0,0.0,,False,0.0,0.0
2026,1331774630620332032,NCAA HISTORICALLY BLACK,18,10,694233255825719296,bb7661KING,8,wblack2012,0.0,0.0,,False,0.0,0.0
2026,1331774630620332032,NCAA HISTORICALLY BLACK,18,9,1260322259726249984,Pookieboom,11,Jerryb83,0.0,0.0,,False,0.0,0.0
2026,1331774630620332032,NCAA HISTORICALLY BLACK,18,11,327614483000217600,Jerryb83,9,Pookieboom,0.0,0.0,,False,0.0,0.0
2026,1331774599196585984,NCAA MOUNTAIN WEST,1,1,596835723861082112,RicochetRay,3,HonoredMexican,170.86,106.46,Win,True,170.86,0.0
2026,1331774599196585984,NCAA MOUNTAIN WEST,1,3,560626155833876480,HonoredMexican,1,RicochetRay,106.46,170.86,Loss,True,106.46,-0.0
2026,1331774599196585984,NCAA MOUNTAIN WEST,1,2,463106510101147648,jmdorsey00,8,bkoldham,101.6,182.86,Loss,True,101.6,-0.0
2026,1331774599196585984,NCAA MOUNTAIN WEST,1,8,325726913966395392,bkoldham,2,jmdorsey00,182.86,101.6,Win,True,182.86,0.0
2026,1331774599196585984,NCAA MOUNTAIN WEST,1,4,1132868015638532096,Biggunnz21,12,noahdaboa,84.6,152.66,Loss,True,84.6,0.0
2026,1331774599196585984,NCAA MOUNTAIN WEST,1,12,734939566091436032,noahdaboa,4,Biggunnz21,152.66,84.6,Win,True,152.66,-0.0
2026,1331774599196585984,NCAA MOUNTAIN WEST,1,5,1124191785678430208,Pipedawg21,7,Vikes1819,158.26,152.32,Win,True,158.26,0.0
2026,1331774599196585984,NCAA MOUNTAIN WEST,1,7,604155835978944512,Vikes1819,5,Pipedawg21,152.32,158.26,Loss,True,152.32,0.0
2026,1331774599196585984,NCAA MOUNTAIN WEST,1,6,837430327189295104,KlondikeBar,10,postdeezy,151.14,120.82,Win,True,151.14,-0.0
2026,1331774599196585984,NCAA MOUNTAIN WEST,1,10,1374560757252890624,postdeezy,6,KlondikeBar,120.82,151.14,Loss,True,120.82,0.0
2026,1331774599196585984,NCAA MOUNTAIN WEST,1,9,589001974318403584,Mrhawke19,11,bdub3,95.8,125.36,Loss,True,95.8,-0.0
2026,1331774599196585984,NCAA MOUNTAIN WEST,1,11,702897403514159104,bdub3,9,Mrhawke19,125.36,95.8,Win,True,125.36,0.0
2026,1331774599196585984,NCAA MOUNTAIN WEST,2,1,596835723861082112,RicochetRay,7,Vikes1819,231.82,137.78,Win,True,231.82,0.0
2026,1331774599196585984,NCAA MOUNTAIN WEST,2,7,604155835978944512,Vikes1819,1,RicochetRay,137.78,231.82,Loss,True,137.78,-0.0
2026,1331774599196585984,NCAA MOUNTAIN WEST,2,2,463106510101147648,jmdorsey00,4,Biggunnz21,51.2,98.68,Loss,True,51.2,0.0
2026,1331774599196585984,NCAA MOUNTAIN WEST,2,4,1132868015638532096,Biggunnz21,2,jmdorsey00,98.68,51.2,Win,True,98.68,0.0
2026,1331774599196585984,NCAA MOUNTAIN WEST,2,3,560626155833876480,HonoredMexican,11,bdub3,89.68,107.44,Loss,True,89.68,0.0
2026,1331774599196585984,NCAA MOUNTAIN WEST,2,11,702897403514159104,bdub3,3,HonoredMexican,107.44,89.68,Win,True,107.44,0.0
2026,1331774599196585984,NCAA MOUNTAIN WEST,2,5,1124191785678430208,Pipedawg21,9,Mrhawke19,104.6,127.2,Loss,True,104.6,0.0
2026,1331774599196585984,NCAA MOUNTAIN WEST,2,9,589001974318403584,Mrhawke19,5,Pipedawg21,127.2,104.6,Win,True,127.2,0.0
2026,1331774599196585984,NCAA MOUNTAIN WEST,2,6,837430327189295104,KlondikeBar,8,bkoldham,127.88,114.78,Win,True,127.88,-0.0
2026,1331774599196585984,NCAA MOUNTAIN WEST,2,8,325726913966395392,bkoldham,6,KlondikeBar,114.78,127.88,Loss,True,114.78,0.0
2026,1331774599196585984,NCAA MOUNTAIN WEST,2,10,1374560757252890624,postdeezy,12,noahdaboa,124.42,127.32,Loss,True,124.42,0.0
2026,1331774599196585984,NCAA MOUNTAIN WEST,2,12,734939566091436032,noahdaboa,10,postdeezy,127.32,124.42,Win,True,127.32,-0.0
2026,1331774599196585984,NCAA MOUNTAIN WEST,3,1,596835723861082112,RicochetRay,5,Pipedawg21,153.66,122.24,Win,True,153.66,-0.0
2026,1331774599196585984,NCAA MOUNTAIN WEST,3,5,1124191785678430208,Pipedawg21,1,RicochetRay,122.24,153.66,Loss,True,122.24,0.0
2026,1331774599196585984,NCAA MOUNTAIN WEST,3,2,463106510101147648,jmdorsey00,6,KlondikeBar,137.44,195.26,Loss,True,137.44,0.0
2026,1331774599196585984,NCAA MOUNTAIN WEST,3,6,837430327189295104,KlondikeBar,2,jmdorsey00,195.26,137.44,Win,True,195.26,0.0
2026,1331774599196585984,NCAA MOUNTAIN WEST,3,3,560626155833876480,HonoredMexican,9,Mrhawke19,149.74,100.18,Win,True,149.74,0.0
2026,1331774599196585984,NCAA MOUNTAIN WEST,3,9,589001974318403584,Mrhawke19,3,HonoredMexican,100.18,149.74,Loss,True,100.18,0.0
2026,1331774599196585984,NCAA MOUNTAIN WEST,3,4,1132868015638532096,Biggunnz21,10,postdeezy,112.94,118.36,Loss,True,112.94,0.0
2026,1331774599196585984,NCAA MOUNTAIN WEST,3,10,1374560757252890624,postdeezy,4,Biggunnz21,118.36,112.94,Win,True,118.36,0.0
2026,1331774599196585984,NCAA MOUNTAIN WEST,3,7,604155835978944512,Vikes1819,11,bdub3,144.24,136.9,Win,True,144.24,0.0
2026,1331774599196585984,NCAA MOUNTAIN WEST,3,11,702897403514159104,bdub3,7,Vikes1819,136.9,144.24,Loss,True,136.9,-0.0
2026,1331774599196585984,NCAA MOUNTAIN WEST,3,8,325726913966395392,bkoldham,12,noahdaboa,134.08,124.1,Win,True,134.08,0.0
2026,1331774599196585984,NCAA MOUNTAIN WEST,3,12,734939566091436032,noahdaboa,8,bkoldham,124.1,134.08,Loss,True,124.1,0.0
2026,1331774599196585984,NCAA MOUNTAIN WEST,4,1,596835723861082112,RicochetRay,9,Mrhawke19,22.7,0.0,Win,True,22.7,0.0
2026,1331774599196585984,NCAA MOUNTAIN WEST,4,9,589001974318403584,Mrhawke19,1,RicochetRay,0.0,22.7,Loss,True,0.0,0.0
2026,1331774599196585984,NCAA MOUNTAIN WEST,4,2,463106510101147648,jmdorsey00,10,postdeezy,0.0,16.1,Loss,True,0.0,0.0
2026,1331774599196585984,NCAA MOUNTAIN WEST,4,10,1374560757252890624,postdeezy,2,jmdorsey00,16.1,0.0,Win,True,16.1,0.0
2026,1331774599196585984,NCAA MOUNTAIN WEST,4,3,560626155833876480,HonoredMexican,7,Vikes1819,24.1,7.0,Win,True,24.1,0.0
2026,1331774599196585984,NCAA MOUNTAIN WEST,4,7,604155835978944512,Vikes1819,3,HonoredMexican,7.0,24.1,Loss,True,7.0,0.0
2026,1331774599196585984,NCAA MOUNTAIN WEST,4,4,1132868015638532096,Biggunnz21,8,bkoldham,28.4,0.0,Win,True,28.4,0.0
2026,1331774599196585984,NCAA MOUNTAIN WEST,4,8,325726913966395392,bkoldham,4,Biggunnz21,0.0,28.4,Loss,True,0.0,0.0
2026,1331774599196585984,NCAA MOUNTAIN WEST,4,5,1124191785678430208,Pipedawg21,11,bdub3,11.7,8.0,Win,True,11.7,0.0
2026,1331774599196585984,NCAA MOUNTAIN WEST,4,11,702897403514159104,bdub3,5,Pipedawg21,8.0,11.7,Loss,True,8.0,0.0
2026,1331774599196585984,NCAA MOUNTAIN WEST,4,6,837430327189295104,KlondikeBar,12,noahdaboa,15.6,11.4,Win,True,15.6,0.0
2026,1331774599196585984,NCAA MOUNTAIN WEST,4,12,734939566091436032,noahdaboa,6,KlondikeBar,11.4,15.6,Loss,True,11.4,0.0
2026,1331774599196585984,NCAA MOUNTAIN WEST,5,1,596835723861082112,RicochetRay,11,bdub3,0.0,0.0,,True,0.0,0.0
2026,1331774599196585984,NCAA MOUNTAIN WEST,5,11,702897403514159104,bdub3,1,RicochetRay,0.0,0.0,,True,0.0,0.0
2026,1331774599196585984,NCAA MOUNTAIN WEST,5,2,463106510101147648,jmdorsey00,12,noahdaboa,0.0,0.0,,True,0.0,0.0
2026,1331774599196585984,NCAA MOUNTAIN WEST,5,12,734939566091436032,noahdaboa,2,jmdorsey00,0.0,0.0,,True,0.0,0.0
2026,1331774599196585984,NCAA MOUNTAIN WEST,5,3,560626155833876480,HonoredMexican,5,Pipedawg21,0.0,0.0,,True,0.0,0.0
2026,1331774599196585984,NCAA MOUNTAIN WEST,5,5,1124191785678430208,Pipedawg21,3,HonoredMexican,0.0,0.0,,True,0.0,0.0
2026,1331774599196585984,NCAA MOUNTAIN WEST,5,4,1132868015638532096,Biggunnz21,6,KlondikeBar,0.0,0.0,,True,0.0,0.0
2026,1331774599196585984,NCAA MOUNTAIN WEST,5,6,837430327189295104,KlondikeBar,4,Biggunnz21,0.0,0.0,,True,0.0,0.0
2026,1331774599196585984,NCAA MOUNTAIN WEST,5,7,604155835978944512,Vikes1819,9,Mrhawke19,0.0,0.0,,True,0.0,0.0
2026,1331774599196585984,NCAA MOUNTAIN WEST,5,9,589001974318403584,Mrhawke19,7,Vikes1819,0.0,0.0,,True,0.0,0.0
2026,1331774599196585984,NCAA MOUNTAIN WEST,5,8,325726913966395392,bkoldham,10,postdeezy,0.0,0.0,,True,0.0,0.0
2026,1331774599196585984,NCAA MOUNTAIN WEST,5,10,1374560757252890624,postdeezy,8,bkoldham,0.0,0.0,,True,0.0,0.0
2026,1331774599196585984,NCAA MOUNTAIN WEST,6,1,596835723861082112,RicochetRay,10,postdeezy,0.0,0.0,,True,0.0,0.0
2026,1331774599196585984,NCAA MOUNTAIN WEST,6,10,1374560757252890624,postdeezy,1,RicochetRay,0.0,0.0,,True,0.0,0.0
2026,1331774599196585984,NCAA MOUNTAIN WEST,6,2,463106510101147648,jmdorsey00,9,Mrhawke19,0.0,0.0,,True,0.0,0.0
2026,1331774599196585984,NCAA MOUNTAIN WEST,6,9,589001974318403584,Mrhawke19,2,jmdorsey00,0.0,0.0,,True,0.0,0.0
2026,1331774599196585984,NCAA MOUNTAIN WEST,6,3,560626155833876480,HonoredMexican,6,KlondikeBar,0.0,0.0,,True,0.0,0.0
2026,1331774599196585984,NCAA MOUNTAIN WEST,6,6,837430327189295104,KlondikeBar,3,HonoredMexican,0.0,0.0,,True,0.0,0.0
2026,1331774599196585984,NCAA MOUNTAIN WEST,6,4,1132868015638532096,Biggunnz21,5,Pipedawg21,0.0,0.0,,True,0.0,0.0
2026,1331774599196585984,NCAA MOUNTAIN WEST,6,5,1124191785678430208,Pipedawg21,4,Biggunnz21,0.0,0.0,,True,0.0,0.0
2026,1331774599196585984,NCAA MOUNTAIN WEST,6,7,604155835978944512,Vikes1819,12,noahdaboa,0.0,0.0,,True,0.0,0.0
2026,1331774599196585984,NCAA MOUNTAIN WEST,6,12,734939566091436032,noahdaboa,7,Vikes1819,0.0,0.0,,True,0.0,0.0
2026,1331774599196585984,NCAA MOUNTAIN WEST,6,8,325726913966395392,bkoldham,11,bdub3,0.0,0.0,,True,0.0,0.0
2026,1331774599196585984,NCAA MOUNTAIN WEST,6,11,702897403514159104,bdub3,8,bkoldham,0.0,0.0,,True,0.0,0.0
2026,1331774599196585984,NCAA MOUNTAIN WEST,7,1,596835723861082112,RicochetRay,6,KlondikeBar,0.0,0.0,,True,0.0,0.0
2026,1331774599196585984,NCAA MOUNTAIN WEST,7,6,837430327189295104,KlondikeBar,1,RicochetRay,0.0,0.0,,True,0.0,0.0
2026,1331774599196585984,NCAA MOUNTAIN WEST,7,2,463106510101147648,jmdorsey00,11,bdub3,0.0,0.0,,True,0.0,0.0
2026,1331774599196585984,NCAA MOUNTAIN WEST,7,11,702897403514159104,bdub3,2,jmdorsey00,0.0,0.0,,True,0.0,0.0
2026,1331774599196585984,NCAA MOUNTAIN WEST,7,3,560626155833876480,HonoredMexican,10,postdeezy,0.0,0.0,,True,0.0,0.0
2026,1331774599196585984,NCAA MOUNTAIN WEST,7,10,1374560757252890624,postdeezy,3,HonoredMexican,0.0,0.0,,True,0.0,0.0
2026,1331774599196585984,NCAA MOUNTAIN WEST,7,4,1132868015638532096,Biggunnz21,7,Vikes1819,0.0,0.0,,True,0.0,0.0
2026,1331774599196585984,NCAA MOUNTAIN WEST,7,7,604155835978944512,Vikes1819,4,Biggunnz21,0.0,0.0,,True,0.0,0.0
2026,1331774599196585984,NCAA MOUNTAIN WEST,7,5,1124191785678430208,Pipedawg21,12,noahdaboa,0.0,0.0,,True,0.0,0.0
2026,1331774599196585984,NCAA MOUNTAIN WEST,7,12,734939566091436032,noahdaboa,5,Pipedawg21,0.0,0.0,,True,0.0,0.0
2026,1331774599196585984,NCAA MOUNTAIN WEST,7,8,325726913966395392,bkoldham,9,Mrhawke19,0.0,0.0,,True,0.0,0.0
2026,1331774599196585984,NCAA MOUNTAIN WEST,7,9,589001974318403584,Mrhawke19,8,bkoldham,0.0,0.0,,True,0.0,0.0
2026,1331774599196585984,NCAA MOUNTAIN WEST,8,1,596835723861082112,RicochetRay,4,Biggunnz21,0.0,0.0,,True,0.0,0.0
2026,1331774599196585984,NCAA MOUNTAIN WEST,8,4,1132868015638532096,Biggunnz21,1,RicochetRay,0.0,0.0,,True,0.0,0.0
2026,1331774599196585984,NCAA MOUNTAIN WEST,8,2,463106510101147648,jmdorsey00,5,Pipedawg21,0.0,0.0,,True,0.0,0.0
2026,1331774599196585984,NCAA MOUNTAIN WEST,8,5,1124191785678430208,Pipedawg21,2,jmdorsey00,0.0,0.0,,True,0.0,0.0
2026,1331774599196585984,NCAA MOUNTAIN WEST,8,3,560626155833876480,HonoredMexican,12,noahdaboa,0.0,0.0,,True,0.0,0.0
2026,1331774599196585984,NCAA MOUNTAIN WEST,8,12,734939566091436032,noahdaboa,3,HonoredMexican,0.0,0.0,,True,0.0,0.0
2026,1331774599196585984,NCAA MOUNTAIN WEST,8,6,837430327189295104,KlondikeBar,11,bdub3,0.0,0.0,,True,0.0,0.0
2026,1331774599196585984,NCAA MOUNTAIN WEST,8,11,702897403514159104,bdub3,6,KlondikeBar,0.0,0.0,,True,0.0,0.0
2026,1331774599196585984,NCAA MOUNTAIN WEST,8,7,604155835978944512,Vikes1819,8,bkoldham,0.0,0.0,,True,0.0,0.0
2026,1331774599196585984,NCAA MOUNTAIN WEST,8,8,325726913966395392,bkoldham,7,Vikes1819,0.0,0.0,,True,0.0,0.0
2026,1331774599196585984,NCAA MOUNTAIN WEST,8,9,589001974318403584,Mrhawke19,10,postdeezy,0.0,0.0,,True,0.0,0.0
2026,1331774599196585984,NCAA MOUNTAIN WEST,8,10,1374560757252890624,postdeezy,9,Mrhawke19,0.0,0.0,,True,0.0,0.0
2026,1331774599196585984,NCAA MOUNTAIN WEST,9,1,596835723861082112,RicochetRay,12,noahdaboa,0.0,0.0,,True,0.0,0.0
2026,1331774599196585984,NCAA MOUNTAIN WEST,9,12,734939566091436032,noahdaboa,1,RicochetRay,0.0,0.0,,True,0.0,0.0
2026,1331774599196585984,NCAA MOUNTAIN WEST,9,2,463106510101147648,jmdorsey00,7,Vikes1819,0.0,0.0,,True,0.0,0.0
2026,1331774599196585984,NCAA MOUNTAIN WEST,9,7,604155835978944512,Vikes1819,2,jmdorsey00,0.0,0.0,,True,0.0,0.0
2026,1331774599196585984,NCAA MOUNTAIN WEST,9,3,560626155833876480,HonoredMexican,4,Biggunnz21,0.0,0.0,,True,0.0,0.0
2026,1331774599196585984,NCAA MOUNTAIN WEST,9,4,1132868015638532096,Biggunnz21,3,HonoredMexican,0.0,0.0,,True,0.0,0.0
2026,1331774599196585984,NCAA MOUNTAIN WEST,9,5,1124191785678430208,Pipedawg21,8,bkoldham,0.0,0.0,,True,0.0,0.0
2026,1331774599196585984,NCAA MOUNTAIN WEST,9,8,325726913966395392,bkoldham,5,Pipedawg21,0.0,0.0,,True,0.0,0.0
2026,1331774599196585984,NCAA MOUNTAIN WEST,9,6,837430327189295104,KlondikeBar,9,Mrhawke19,0.0,0.0,,True,0.0,0.0
2026,1331774599196585984,NCAA MOUNTAIN WEST,9,9,589001974318403584,Mrhawke19,6,KlondikeBar,0.0,0.0,,True,0.0,0.0
2026,1331774599196585984,NCAA MOUNTAIN WEST,9,10,1374560757252890624,postdeezy,11,bdub3,0.0,0.0,,True,0.0,0.0
2026,1331774599196585984,NCAA MOUNTAIN WEST,9,11,702897403514159104,bdub3,10,postdeezy,0.0,0.0,,True,0.0,0.0
2026,1331774599196585984,NCAA MOUNTAIN WEST,10,1,596835723861082112,RicochetRay,2,jmdorsey00,0.0,0.0,,True,0.0,0.0
2026,1331774599196585984,NCAA MOUNTAIN WEST,10,2,463106510101147648,jmdorsey00,1,RicochetRay,0.0,0.0,,True,0.0,0.0
2026,1331774599196585984,NCAA MOUNTAIN WEST,10,3,560626155833876480,HonoredMexican,8,bkoldham,0.0,0.0,,True,0.0,0.0
2026,1331774599196585984,NCAA MOUNTAIN WEST,10,8,325726913966395392,bkoldham,3,HonoredMexican,0.0,0.0,,True,0.0,0.0
2026,1331774599196585984,NCAA MOUNTAIN WEST,10,4,1132868015638532096,Biggunnz21,9,Mrhawke19,0.0,0.0,,True,0.0,0.0
2026,1331774599196585984,NCAA MOUNTAIN WEST,10,9,589001974318403584,Mrhawke19,4,Biggunnz21,0.0,0.0,,True,0.0,0.0
2026,1331774599196585984,NCAA MOUNTAIN WEST,10,5,1124191785678430208,Pipedawg21,10,postdeezy,0.0,0.0,,True,0.0,0.0
2026,1331774599196585984,NCAA MOUNTAIN WEST,10,10,1374560757252890624,postdeezy,5,Pipedawg21,0.0,0.0,,True,0.0,0.0
2026,1331774599196585984,NCAA MOUNTAIN WEST,10,6,837430327189295104,KlondikeBar,7,Vikes1819,0.0,0.0,,True,0.0,0.0
2026,1331774599196585984,NCAA MOUNTAIN WEST,10,7,604155835978944512,Vikes1819,6,KlondikeBar,0.0,0.0,,True,0.0,0.0
2026,1331774599196585984,NCAA MOUNTAIN WEST,10,11,702897403514159104,bdub3,12,noahdaboa,0.0,0.0,,True,0.0,0.0
2026,1331774599196585984,NCAA MOUNTAIN WEST,10,12,734939566091436032,noahdaboa,11,bdub3,0.0,0.0,,True,0.0,0.0
2026,1331774599196585984,NCAA MOUNTAIN WEST,11,1,596835723861082112,RicochetRay,8,bkoldham,0.0,0.0,,True,0.0,0.0
2026,1331774599196585984,NCAA MOUNTAIN WEST,11,8,325726913966395392,bkoldham,1,RicochetRay,0.0,0.0,,True,0.0,0.0
2026,1331774599196585984,NCAA MOUNTAIN WEST,11,2,463106510101147648,jmdorsey00,3,HonoredMexican,0.0,0.0,,True,0.0,0.0
2026,1331774599196585984,NCAA MOUNTAIN WEST,11,3,560626155833876480,HonoredMexican,2,jmdorsey00,0.0,0.0,,True,0.0,0.0
2026,1331774599196585984,NCAA MOUNTAIN WEST,11,4,1132868015638532096,Biggunnz21,11,bdub3,0.0,0.0,,True,0.0,0.0
2026,1331774599196585984,NCAA MOUNTAIN WEST,11,11,702897403514159104,bdub3,4,Biggunnz21,0.0,0.0,,True,0.0,0.0
2026,1331774599196585984,NCAA MOUNTAIN WEST,11,5,1124191785678430208,Pipedawg21,6,KlondikeBar,0.0,0.0,,True,0.0,0.0
2026,1331774599196585984,NCAA MOUNTAIN WEST,11,6,837430327189295104,KlondikeBar,5,Pipedawg21,0.0,0.0,,True,0.0,0.0
2026,1331774599196585984,NCAA MOUNTAIN WEST,11,7,604155835978944512,Vikes1819,10,postdeezy,0.0,0.0,,True,0.0,0.0
2026,1331774599196585984,NCAA MOUNTAIN WEST,11,10,1374560757252890624,postdeezy,7,Vikes1819,0.0,0.0,,True,0.0,0.0
2026,1331774599196585984,NCAA MOUNTAIN WEST,11,9,589001974318403584,Mrhawke19,12,noahdaboa,0.0,0.0,,True,0.0,0.0
2026,1331774599196585984,NCAA MOUNTAIN WEST,11,12,734939566091436032,noahdaboa,9,Mrhawke19,0.0,0.0,,True,0.0,0.0
2026,1331774599196585984,NCAA MOUNTAIN WEST,12,1,596835723861082112,RicochetRay,3,HonoredMexican,0.0,0.0,,False,0.0,0.0
2026,1331774599196585984,NCAA MOUNTAIN WEST,12,3,560626155833876480,HonoredMexican,1,RicochetRay,0.0,0.0,,False,0.0,0.0
2026,1331774599196585984,NCAA MOUNTAIN WEST,12,2,463106510101147648,jmdorsey00,8,bkoldham,0.0,0.0,,False,0.0,0.0
2026,1331774599196585984,NCAA MOUNTAIN WEST,12,8,325726913966395392,bkoldham,2,jmdorsey00,0.0,0.0,,False,0.0,0.0
2026,1331774599196585984,NCAA MOUNTAIN WEST,12,4,1132868015638532096,Biggunnz21,12,noahdaboa,0.0,0.0,,False,0.0,0.0
2026,1331774599196585984,NCAA MOUNTAIN WEST,12,12,734939566091436032,noahdaboa,4,Biggunnz21,0.0,0.0,,False,0.0,0.0
2026,1331774599196585984,NCAA MOUNTAIN WEST,12,5,1124191785678430208,Pipedawg21,7,Vikes1819,0.0,0.0,,False,0.0,0.0
2026,1331774599196585984,NCAA MOUNTAIN WEST,12,7,604155835978944512,Vikes1819,5,Pipedawg21,0.0,0.0,,False,0.0,0.0
2026,1331774599196585984,NCAA MOUNTAIN WEST,12,6,837430327189295104,KlondikeBar,10,postdeezy,0.0,0.0,,False,0.0,0.0
2026,1331774599196585984,NCAA MOUNTAIN WEST,12,10,1374560757252890624,postdeezy,6,KlondikeBar,0.0,0.0,,False,0.0,0.0
2026,1331774599196585984,NCAA MOUNTAIN WEST,12,9,589001974318403584,Mrhawke19,11,bdub3,0.0,0.0,,False,0.0,0.0
2026,1331774599196585984,NCAA MOUNTAIN WEST,12,11,702897403514159104,bdub3,9,Mrhawke19,0.0,0.0,,False,0.0,0.0
2026,1331774599196585984,NCAA MOUNTAIN WEST,13,1,596835723861082112,RicochetRay,7,Vikes1819,0.0,0.0,,False,0.0,0.0
2026,1331774599196585984,NCAA MOUNTAIN WEST,13,7,604155835978944512,Vikes1819,1,RicochetRay,0.0,0.0,,False,0.0,0.0
2026,1331774599196585984,NCAA MOUNTAIN WEST,13,2,463106510101147648,jmdorsey00,4,Biggunnz21,0.0,0.0,,False,0.0,0.0
2026,1331774599196585984,NCAA MOUNTAIN WEST,13,4,1132868015638532096,Biggunnz21,2,jmdorsey00,0.0,0.0,,False,0.0,0.0
2026,1331774599196585984,NCAA MOUNTAIN WEST,13,3,560626155833876480,HonoredMexican,11,bdub3,0.0,0.0,,False,0.0,0.0
2026,1331774599196585984,NCAA MOUNTAIN WEST,13,11,702897403514159104,bdub3,3,HonoredMexican,0.0,0.0,,False,0.0,0.0
2026,1331774599196585984,NCAA MOUNTAIN WEST,13,5,1124191785678430208,Pipedawg21,9,Mrhawke19,0.0,0.0,,False,0.0,0.0
2026,1331774599196585984,NCAA MOUNTAIN WEST,13,9,589001974318403584,Mrhawke19,5,Pipedawg21,0.0,0.0,,False,0.0,0.0
2026,1331774599196585984,NCAA MOUNTAIN WEST,13,6,837430327189295104,KlondikeBar,8,bkoldham,0.0,0.0,,False,0.0,0.0
2026,1331774599196585984,NCAA MOUNTAIN WEST,13,8,325726913966395392,bkoldham,6,KlondikeBar,0.0,0.0,,False,0.0,0.0
2026,1331774599196585984,NCAA MOUNTAIN WEST,13,10,1374560757252890624,postdeezy,12,noahdaboa,0.0,0.0,,False,0.0,0.0
2026,1331774599196585984,NCAA MOUNTAIN WEST,13,12,734939566091436032,noahdaboa,10,postdeezy,0.0,0.0,,False,0.0,0.0
2026,1331774599196585984,NCAA MOUNTAIN WEST,14,1,596835723861082112,RicochetRay,5,Pipedawg21,0.0,0.0,,False,0.0,0.0
2026,1331774599196585984,NCAA MOUNTAIN WEST,14,5,1124191785678430208,Pipedawg21,1,RicochetRay,0.0,0.0,,False,0.0,0.0
2026,1331774599196585984,NCAA MOUNTAIN WEST,14,2,463106510101147648,jmdorsey00,6,KlondikeBar,0.0,0.0,,False,0.0,0.0
2026,1331774599196585984,NCAA MOUNTAIN WEST,14,6,837430327189295104,KlondikeBar,2,jmdorsey00,0.0,0.0,,False,0.0,0.0
2026,1331774599196585984,NCAA MOUNTAIN WEST,14,3,560626155833876480,HonoredMexican,9,Mrhawke19,0.0,0.0,,False,0.0,0.0
2026,1331774599196585984,NCAA MOUNTAIN WEST,14,9,589001974318403584,Mrhawke19,3,HonoredMexican,0.0,0.0,,False,0.0,0.0
2026,1331774599196585984,NCAA MOUNTAIN WEST,14,4,1132868015638532096,Biggunnz21,10,postdeezy,0.0,0.0,,False,0.0,0.0
2026,1331774599196585984,NCAA MOUNTAIN WEST,14,10,1374560757252890624,postdeezy,4,Biggunnz21,0.0,0.0,,False,0.0,0.0
2026,1331774599196585984,NCAA MOUNTAIN WEST,14,7,604155835978944512,Vikes1819,11,bdub3,0.0,0.0,,False,0.0,0.0
2026,1331774599196585984,NCAA MOUNTAIN WEST,14,11,702897403514159104,bdub3,7,Vikes1819,0.0,0.0,,False,0.0,0.0
2026,1331774599196585984,NCAA MOUNTAIN WEST,14,8,325726913966395392,bkoldham,12,noahdaboa,0.0,0.0,,False,0.0,0.0
2026,1331774599196585984,NCAA MOUNTAIN WEST,14,12,734939566091436032,noahdaboa,8,bkoldham,0.0,0.0,,False,0.0,0.0
2026,1331774599196585984,NCAA MOUNTAIN WEST,15,1,596835723861082112,RicochetRay,9,Mrhawke19,0.0,0.0,,False,0.0,0.0
2026,1331774599196585984,NCAA MOUNTAIN WEST,15,9,589001974318403584,Mrhawke19,1,RicochetRay,0.0,0.0,,False,0.0,0.0
2026,1331774599196585984,NCAA MOUNTAIN WEST,15,2,463106510101147648,jmdorsey00,10,postdeezy,0.0,0.0,,False,0.0,0.0
2026,1331774599196585984,NCAA MOUNTAIN WEST,15,10,1374560757252890624,postdeezy,2,jmdorsey00,0.0,0.0,,False,0.0,0.0
2026,1331774599196585984,NCAA MOUNTAIN WEST,15,3,560626155833876480,HonoredMexican,7,Vikes1819,0.0,0.0,,False,0.0,0.0
2026,1331774599196585984,NCAA MOUNTAIN WEST,15,7,604155835978944512,Vikes1819,3,HonoredMexican,0.0,0.0,,False,0.0,0.0
2026,1331774599196585984,NCAA MOUNTAIN WEST,15,4,1132868015638532096,Biggunnz21,8,bkoldham,0.0,0.0,,False,0.0,0.0
2026,1331774599196585984,NCAA MOUNTAIN WEST,15,8,325726913966395392,bkoldham,4,Biggunnz21,0.0,0.0,,False,0.0,0.0
2026,1331774599196585984,NCAA MOUNTAIN WEST,15,5,1124191785678430208,Pipedawg21,11,bdub3,0.0,0.0,,False,0.0,0.0
2026,1331774599196585984,NCAA MOUNTAIN WEST,15,11,702897403514159104,bdub3,5,Pipedawg21,0.0,0.0,,False,0.0,0.0
2026,1331774599196585984,NCAA MOUNTAIN WEST,15,6,837430327189295104,KlondikeBar,12,noahdaboa,0.0,0.0,,False,0.0,0.0
2026,1331774599196585984,NCAA MOUNTAIN WEST,15,12,734939566091436032,noahdaboa,6,KlondikeBar,0.0,0.0,,False,0.0,0.0
2026,1331774599196585984,NCAA MOUNTAIN WEST,16,1,596835723861082112,RicochetRay,11,bdub3,0.0,0.0,,False,0.0,0.0
2026,1331774599196585984,NCAA MOUNTAIN WEST,16,11,702897403514159104,bdub3,1,RicochetRay,0.0,0.0,,False,0.0,0.0
2026,1331774599196585984,NCAA MOUNTAIN WEST,16,2,463106510101147648,jmdorsey00,12,noahdaboa,0.0,0.0,,False,0.0,0.0
2026,1331774599196585984,NCAA MOUNTAIN WEST,16,12,734939566091436032,noahdaboa,2,jmdorsey00,0.0,0.0,,False,0.0,0.0
2026,1331774599196585984,NCAA MOUNTAIN WEST,16,3,560626155833876480,HonoredMexican,5,Pipedawg21,0.0,0.0,,False,0.0,0.0
2026,1331774599196585984,NCAA MOUNTAIN WEST,16,5,1124191785678430208,Pipedawg21,3,HonoredMexican,0.0,0.0,,False,0.0,0.0
2026,1331774599196585984,NCAA MOUNTAIN WEST,16,4,1132868015638532096,Biggunnz21,6,KlondikeBar,0.0,0.0,,False,0.0,0.0
2026,1331774599196585984,NCAA MOUNTAIN WEST,16,6,837430327189295104,KlondikeBar,4,Biggunnz21,0.0,0.0,,False,0.0,0.0
2026,1331774599196585984,NCAA MOUNTAIN WEST,16,7,604155835978944512,Vikes1819,9,Mrhawke19,0.0,0.0,,False,0.0,0.0
2026,1331774599196585984,NCAA MOUNTAIN WEST,16,9,589001974318403584,Mrhawke19,7,Vikes1819,0.0,0.0,,False,0.0,0.0
2026,1331774599196585984,NCAA MOUNTAIN WEST,16,8,325726913966395392,bkoldham,10,postdeezy,0.0,0.0,,False,0.0,0.0
2026,1331774599196585984,NCAA MOUNTAIN WEST,16,10,1374560757252890624,postdeezy,8,bkoldham,0.0,0.0,,False,0.0,0.0
2026,1331774599196585984,NCAA MOUNTAIN WEST,17,1,596835723861082112,RicochetRay,10,postdeezy,0.0,0.0,,False,0.0,0.0
2026,1331774599196585984,NCAA MOUNTAIN WEST,17,10,1374560757252890624,postdeezy,1,RicochetRay,0.0,0.0,,False,0.0,0.0
2026,1331774599196585984,NCAA MOUNTAIN WEST,17,2,463106510101147648,jmdorsey00,9,Mrhawke19,0.0,0.0,,False,0.0,0.0
2026,1331774599196585984,NCAA MOUNTAIN WEST,17,9,589001974318403584,Mrhawke19,2,jmdorsey00,0.0,0.0,,False,0.0,0.0
2026,1331774599196585984,NCAA MOUNTAIN WEST,17,3,560626155833876480,HonoredMexican,6,KlondikeBar,0.0,0.0,,False,0.0,0.0
2026,1331774599196585984,NCAA MOUNTAIN WEST,17,6,837430327189295104,KlondikeBar,3,HonoredMexican,0.0,0.0,,False,0.0,0.0
2026,1331774599196585984,NCAA MOUNTAIN WEST,17,4,1132868015638532096,Biggunnz21,5,Pipedawg21,0.0,0.0,,False,0.0,0.0
2026,1331774599196585984,NCAA MOUNTAIN WEST,17,5,1124191785678430208,Pipedawg21,4,Biggunnz21,0.0,0.0,,False,0.0,0.0
2026,1331774599196585984,NCAA MOUNTAIN WEST,17,7,604155835978944512,Vikes1819,12,noahdaboa,0.0,0.0,,False,0.0,0.0
2026,1331774599196585984,NCAA MOUNTAIN WEST,17,12,734939566091436032,noahdaboa,7,Vikes1819,0.0,0.0,,False,0.0,0.0
2026,1331774599196585984,NCAA MOUNTAIN WEST,17,8,325726913966395392,bkoldham,11,bdub3,0.0,0.0,,False,0.0,0.0
2026,1331774599196585984,NCAA MOUNTAIN WEST,17,11,702897403514159104,bdub3,8,bkoldham,0.0,0.0,,False,0.0,0.0
2026,1331774599196585984,NCAA MOUNTAIN WEST,18,1,596835723861082112,RicochetRay,6,KlondikeBar,0.0,0.0,,False,0.0,0.0
2026,1331774599196585984,NCAA MOUNTAIN WEST,18,6,837430327189295104,KlondikeBar,1,RicochetRay,0.0,0.0,,False,0.0,0.0
2026,1331774599196585984,NCAA MOUNTAIN WEST,18,2,463106510101147648,jmdorsey00,11,bdub3,0.0,0.0,,False,0.0,0.0
2026,1331774599196585984,NCAA MOUNTAIN WEST,18,11,702897403514159104,bdub3,2,jmdorsey00,0.0,0.0,,False,0.0,0.0
2026,1331774599196585984,NCAA MOUNTAIN WEST,18,3,560626155833876480,HonoredMexican,10,postdeezy,0.0,0.0,,False,0.0,0.0
2026,1331774599196585984,NCAA MOUNTAIN WEST,18,10,1374560757252890624,postdeezy,3,HonoredMexican,0.0,0.0,,False,0.0,0.0
2026,1331774599196585984,NCAA MOUNTAIN WEST,18,4,1132868015638532096,Biggunnz21,7,Vikes1819,0.0,0.0,,False,0.0,0.0
2026,1331774599196585984,NCAA MOUNTAIN WEST,18,7,604155835978944512,Vikes1819,4,Biggunnz21,0.0,0.0,,False,0.0,0.0
2026,1331774599196585984,NCAA MOUNTAIN WEST,18,5,1124191785678430208,Pipedawg21,12,noahdaboa,0.0,0.0,,False,0.0,0.0
2026,1331774599196585984,NCAA MOUNTAIN WEST,18,12,734939566091436032,noahdaboa,5,Pipedawg21,0.0,0.0,,False,0.0,0.0
2026,1331774599196585984,NCAA MOUNTAIN WEST,18,8,325726913966395392,bkoldham,9,Mrhawke19,0.0,0.0,,False,0.0,0.0
2026,1331774599196585984,NCAA MOUNTAIN WEST,18,9,589001974318403584,Mrhawke19,8,bkoldham,0.0,0.0,,False,0.0,0.0
2026,1331774544905510912,NCAA OHIO VALLEY,1,1,571753677428977664,Mistafyer,4,ethansherwood22,103.8,190.36,Loss,True,103.8,0.0
2026,1331774544905510912,NCAA OHIO VALLEY,1,4,472879969664495616,ethansherwood22,1,Mistafyer,190.36,103.8,Win,True,190.36,0.0
2026,1331774544905510912,NCAA OHIO VALLEY,1,2,601198801197260800,LMarkiewicz04,12,Firephool,130.16,172.96,Loss,True,130.16,0.0
2026,1331774544905510912,NCAA OHIO VALLEY,1,12,300814106795974656,Firephool,2,LMarkiewicz04,172.96,130.16,Win,True,172.96,0.0
2026,1331774544905510912,NCAA OHIO VALLEY,1,3,468944645166985216,srcav,6,leathershoe4,121.42,137.12,Loss,True,121.42,0.0
2026,1331774544905510912,NCAA OHIO VALLEY,1,6,331558449374593024,leathershoe4,3,srcav,137.12,121.42,Win,True,137.12,0.0
2026,1331774544905510912,NCAA OHIO VALLEY,1,5,474662041341128704,Dreev,7,charlielol,100.36,146.2,Loss,True,100.36,0.0
2026,1331774544905510912,NCAA OHIO VALLEY,1,7,635700695584043008,charlielol,5,Dreev,146.2,100.36,Win,True,146.2,0.0
2026,1331774544905510912,NCAA OHIO VALLEY,1,8,426756284365160448,mooremc,9,pontes021,134.74,87.46,Win,True,134.74,0.0
2026,1331774544905510912,NCAA OHIO VALLEY,1,9,997659278062272512,pontes021,8,mooremc,87.46,134.74,Loss,True,87.46,0.0
2026,1331774544905510912,NCAA OHIO VALLEY,1,10,594242128851296256,edgeofdefeat,11,Romantryert,164.36,163.86,Win,True,164.36,0.0
2026,1331774544905510912,NCAA OHIO VALLEY,1,11,638193564806897664,Romantryert,10,edgeofdefeat,163.86,164.36,Loss,True,163.86,0.0
2026,1331774544905510912,NCAA OHIO VALLEY,2,1,571753677428977664,Mistafyer,3,srcav,140.36,94.92,Win,True,140.36,0.0
2026,1331774544905510912,NCAA OHIO VALLEY,2,3,468944645166985216,srcav,1,Mistafyer,94.92,140.36,Loss,True,94.92,0.0
2026,1331774544905510912,NCAA OHIO VALLEY,2,2,601198801197260800,LMarkiewicz04,6,leathershoe4,183.88,125.66,Win,True,183.88,0.0
2026,1331774544905510912,NCAA OHIO VALLEY,2,6,331558449374593024,leathershoe4,2,LMarkiewicz04,125.66,183.88,Loss,True,125.66,-0.0
2026,1331774544905510912,NCAA OHIO VALLEY,2,4,472879969664495616,ethansherwood22,12,Firephool,169.3,135.3,Win,True,169.3,0.0
2026,1331774544905510912,NCAA OHIO VALLEY,2,12,300814106795974656,Firephool,4,ethansherwood22,135.3,169.3,Loss,True,135.3,0.0
2026,1331774544905510912,NCAA OHIO VALLEY,2,5,474662041341128704,Dreev,11,Romantryert,142.68,166.02,Loss,True,142.68,0.0
2026,1331774544905510912,NCAA OHIO VALLEY,2,11,638193564806897664,Romantryert,5,Dreev,166.02,142.68,Win,True,166.02,0.0
2026,1331774544905510912,NCAA OHIO VALLEY,2,7,635700695584043008,charlielol,8,mooremc,140.06,104.08,Win,True,140.06,0.0
2026,1331774544905510912,NCAA OHIO VALLEY,2,8,426756284365160448,mooremc,7,charlielol,104.08,140.06,Loss,True,104.08,0.0
2026,1331774544905510912,NCAA OHIO VALLEY,2,9,997659278062272512,pontes021,10,edgeofdefeat,78.24,75.62,Win,True,78.24,0.0
2026,1331774544905510912,NCAA OHIO VALLEY,2,10,594242128851296256,edgeofdefeat,9,pontes021,75.62,78.24,Loss,True,75.62,0.0
2026,1331774544905510912,NCAA OHIO VALLEY,3,1,571753677428977664,Mistafyer,6,leathershoe4,166.14,136.92,Win,True,166.14,-0.0
2026,1331774544905510912,NCAA OHIO VALLEY,3,6,331558449374593024,leathershoe4,1,Mistafyer,136.92,166.14,Loss,True,136.92,-0.0
2026,1331774544905510912,NCAA OHIO VALLEY,3,2,601198801197260800,LMarkiewicz04,4,ethansherwood22,136.54,133.72,Win,True,136.54,-0.0
2026,1331774544905510912,NCAA OHIO VALLEY,3,4,472879969664495616,ethansherwood22,2,LMarkiewicz04,133.72,136.54,Loss,True,133.72,0.0
2026,1331774544905510912,NCAA OHIO VALLEY,3,3,468944645166985216,srcav,12,Firephool,105.22,161.04,Loss,True,105.22,0.0
2026,1331774544905510912,NCAA OHIO VALLEY,3,12,300814106795974656,Firephool,3,srcav,161.04,105.22,Win,True,161.04,0.0
2026,1331774544905510912,NCAA OHIO VALLEY,3,5,474662041341128704,Dreev,10,edgeofdefeat,102.86,111.94,Loss,True,102.86,0.0
2026,1331774544905510912,NCAA OHIO VALLEY,3,10,594242128851296256,edgeofdefeat,5,Dreev,111.94,102.86,Win,True,111.94,0.0
2026,1331774544905510912,NCAA OHIO VALLEY,3,7,635700695584043008,charlielol,9,pontes021,143.08,94.38,Win,True,143.08,0.0
2026,1331774544905510912,NCAA OHIO VALLEY,3,9,997659278062272512,pontes021,7,charlielol,94.38,143.08,Loss,True,94.38,-0.0
2026,1331774544905510912,NCAA OHIO VALLEY,3,8,426756284365160448,mooremc,11,Romantryert,127.78,143.46,Loss,True,127.78,0.0
2026,1331774544905510912,NCAA OHIO VALLEY,3,11,638193564806897664,Romantryert,8,mooremc,143.46,127.78,Win,True,143.46,0.0
2026,1331774544905510912,NCAA OHIO VALLEY,4,1,571753677428977664,Mistafyer,2,LMarkiewicz04,0.0,15.5,Loss,True,0.0,0.0
2026,1331774544905510912,NCAA OHIO VALLEY,4,2,601198801197260800,LMarkiewicz04,1,Mistafyer,15.5,0.0,Win,True,15.5,0.0
2026,1331774544905510912,NCAA OHIO VALLEY,4,3,468944645166985216,srcav,4,ethansherwood22,13.8,60.9,Loss,True,13.8,0.0
2026,1331774544905510912,NCAA OHIO VALLEY,4,4,472879969664495616,ethansherwood22,3,srcav,60.9,13.8,Win,True,60.9,0.0
2026,1331774544905510912,NCAA OHIO VALLEY,4,5,474662041341128704,Dreev,8,mooremc,16.0,11.7,Win,True,16.0,0.0
2026,1331774544905510912,NCAA OHIO VALLEY,4,8,426756284365160448,mooremc,5,Dreev,11.7,16.0,Loss,True,11.7,0.0
2026,1331774544905510912,NCAA OHIO VALLEY,4,6,331558449374593024,leathershoe4,12,Firephool,20.0,0.0,Win,True,20.0,0.0
2026,1331774544905510912,NCAA OHIO VALLEY,4,12,300814106795974656,Firephool,6,leathershoe4,0.0,20.0,Loss,True,0.0,0.0
2026,1331774544905510912,NCAA OHIO VALLEY,4,7,635700695584043008,charlielol,10,edgeofdefeat,0.0,0.0,,True,0.0,0.0
2026,1331774544905510912,NCAA OHIO VALLEY,4,10,594242128851296256,edgeofdefeat,7,charlielol,0.0,0.0,,True,0.0,0.0
2026,1331774544905510912,NCAA OHIO VALLEY,4,9,997659278062272512,pontes021,11,Romantryert,8.0,9.1,Loss,True,8.0,0.0
2026,1331774544905510912,NCAA OHIO VALLEY,4,11,638193564806897664,Romantryert,9,pontes021,9.1,8.0,Win,True,9.1,0.0
2026,1331774544905510912,NCAA OHIO VALLEY,5,1,571753677428977664,Mistafyer,12,Firephool,0.0,0.0,,True,0.0,0.0
2026,1331774544905510912,NCAA OHIO VALLEY,5,12,300814106795974656,Firephool,1,Mistafyer,0.0,0.0,,True,0.0,0.0
2026,1331774544905510912,NCAA OHIO VALLEY,5,2,601198801197260800,LMarkiewicz04,3,srcav,0.0,0.0,,True,0.0,0.0
2026,1331774544905510912,NCAA OHIO VALLEY,5,3,468944645166985216,srcav,2,LMarkiewicz04,0.0,0.0,,True,0.0,0.0
2026,1331774544905510912,NCAA OHIO VALLEY,5,4,472879969664495616,ethansherwood22,6,leathershoe4,0.0,0.0,,True,0.0,0.0
2026,1331774544905510912,NCAA OHIO VALLEY,5,6,331558449374593024,leathershoe4,4,ethansherwood22,0.0,0.0,,True,0.0,0.0
2026,1331774544905510912,NCAA OHIO VALLEY,5,5,474662041341128704,Dreev,9,pontes021,0.0,0.0,,True,0.0,0.0
2026,1331774544905510912,NCAA OHIO VALLEY,5,9,997659278062272512,pontes021,5,Dreev,0.0,0.0,,True,0.0,0.0
2026,1331774544905510912,NCAA OHIO VALLEY,5,7,635700695584043008,charlielol,11,Romantryert,0.0,0.0,,True,0.0,0.0
2026,1331774544905510912,NCAA OHIO VALLEY,5,11,638193564806897664,Romantryert,7,charlielol,0.0,0.0,,True,0.0,0.0
2026,1331774544905510912,NCAA OHIO VALLEY,5,8,426756284365160448,mooremc,10,edgeofdefeat,0.0,0.0,,True,0.0,0.0
2026,1331774544905510912,NCAA OHIO VALLEY,5,10,594242128851296256,edgeofdefeat,8,mooremc,0.0,0.0,,True,0.0,0.0
2026,1331774544905510912,NCAA OHIO VALLEY,6,1,571753677428977664,Mistafyer,7,charlielol,0.0,0.0,,True,0.0,0.0
2026,1331774544905510912,NCAA OHIO VALLEY,6,7,635700695584043008,charlielol,1,Mistafyer,0.0,0.0,,True,0.0,0.0
2026,1331774544905510912,NCAA OHIO VALLEY,6,2,601198801197260800,LMarkiewicz04,10,edgeofdefeat,0.0,0.0,,True,0.0,0.0
2026,1331774544905510912,NCAA OHIO VALLEY,6,10,594242128851296256,edgeofdefeat,2,LMarkiewicz04,0.0,0.0,,True,0.0,0.0
2026,1331774544905510912,NCAA OHIO VALLEY,6,3,468944645166985216,srcav,8,mooremc,0.0,0.0,,True,0.0,0.0
2026,1331774544905510912,NCAA OHIO VALLEY,6,8,426756284365160448,mooremc,3,srcav,0.0,0.0,,True,0.0,0.0
2026,1331774544905510912,NCAA OHIO VALLEY,6,4,472879969664495616,ethansherwood22,5,Dreev,0.0,0.0,,True,0.0,0.0
2026,1331774544905510912,NCAA OHIO VALLEY,6,5,474662041341128704,Dreev,4,ethansherwood22,0.0,0.0,,True,0.0,0.0
2026,1331774544905510912,NCAA OHIO VALLEY,6,6,331558449374593024,leathershoe4,9,pontes021,0.0,0.0,,True,0.0,0.0
2026,1331774544905510912,NCAA OHIO VALLEY,6,9,997659278062272512,pontes021,6,leathershoe4,0.0,0.0,,True,0.0,0.0
2026,1331774544905510912,NCAA OHIO VALLEY,6,11,638193564806897664,Romantryert,12,Firephool,0.0,0.0,,True,0.0,0.0
2026,1331774544905510912,NCAA OHIO VALLEY,6,12,300814106795974656,Firephool,11,Romantryert,0.0,0.0,,True,0.0,0.0
2026,1331774544905510912,NCAA OHIO VALLEY,7,1,571753677428977664,Mistafyer,5,Dreev,0.0,0.0,,True,0.0,0.0
2026,1331774544905510912,NCAA OHIO VALLEY,7,5,474662041341128704,Dreev,1,Mistafyer,0.0,0.0,,True,0.0,0.0
2026,1331774544905510912,NCAA OHIO VALLEY,7,2,601198801197260800,LMarkiewicz04,11,Romantryert,0.0,0.0,,True,0.0,0.0
2026,1331774544905510912,NCAA OHIO VALLEY,7,11,638193564806897664,Romantryert,2,LMarkiewicz04,0.0,0.0,,True,0.0,0.0
2026,1331774544905510912,NCAA OHIO VALLEY,7,3,468944645166985216,srcav,9,pontes021,0.0,0.0,,True,0.0,0.0
2026,1331774544905510912,NCAA OHIO VALLEY,7,9,997659278062272512,pontes021,3,srcav,0.0,0.0,,True,0.0,0.0
2026,1331774544905510912,NCAA OHIO VALLEY,7,4,472879969664495616,ethansherwood22,7,charlielol,0.0,0.0,,True,0.0,0.0
2026,1331774544905510912,NCAA OHIO VALLEY,7,7,635700695584043008,charlielol,4,ethansherwood22,0.0,0.0,,True,0.0,0.0
2026,1331774544905510912,NCAA OHIO VALLEY,7,6,331558449374593024,leathershoe4,8,mooremc,0.0,0.0,,True,0.0,0.0
2026,1331774544905510912,NCAA OHIO VALLEY,7,8,426756284365160448,mooremc,6,leathershoe4,0.0,0.0,,True,0.0,0.0
2026,1331774544905510912,NCAA OHIO VALLEY,7,10,594242128851296256,edgeofdefeat,12,Firephool,0.0,0.0,,True,0.0,0.0
2026,1331774544905510912,NCAA OHIO VALLEY,7,12,300814106795974656,Firephool,10,edgeofdefeat,0.0,0.0,,True,0.0,0.0
2026,1331774544905510912,NCAA OHIO VALLEY,8,1,571753677428977664,Mistafyer,9,pontes021,0.0,0.0,,True,0.0,0.0
2026,1331774544905510912,NCAA OHIO VALLEY,8,9,997659278062272512,pontes021,1,Mistafyer,0.0,0.0,,True,0.0,0.0
2026,1331774544905510912,NCAA OHIO VALLEY,8,2,601198801197260800,LMarkiewicz04,7,charlielol,0.0,0.0,,True,0.0,0.0
2026,1331774544905510912,NCAA OHIO VALLEY,8,7,635700695584043008,charlielol,2,LMarkiewicz04,0.0,0.0,,True,0.0,0.0
2026,1331774544905510912,NCAA OHIO VALLEY,8,3,468944645166985216,srcav,11,Romantryert,0.0,0.0,,True,0.0,0.0
2026,1331774544905510912,NCAA OHIO VALLEY,8,11,638193564806897664,Romantryert,3,srcav,0.0,0.0,,True,0.0,0.0
2026,1331774544905510912,NCAA OHIO VALLEY,8,4,472879969664495616,ethansherwood22,8,mooremc,0.0,0.0,,True,0.0,0.0
2026,1331774544905510912,NCAA OHIO VALLEY,8,8,426756284365160448,mooremc,4,ethansherwood22,0.0,0.0,,True,0.0,0.0
2026,1331774544905510912,NCAA OHIO VALLEY,8,5,474662041341128704,Dreev,12,Firephool,0.0,0.0,,True,0.0,0.0
2026,1331774544905510912,NCAA OHIO VALLEY,8,12,300814106795974656,Firephool,5,Dreev,0.0,0.0,,True,0.0,0.0
2026,1331774544905510912,NCAA OHIO VALLEY,8,6,331558449374593024,leathershoe4,10,edgeofdefeat,0.0,0.0,,True,0.0,0.0
2026,1331774544905510912,NCAA OHIO VALLEY,8,10,594242128851296256,edgeofdefeat,6,leathershoe4,0.0,0.0,,True,0.0,0.0
2026,1331774544905510912,NCAA OHIO VALLEY,9,1,571753677428977664,Mistafyer,8,mooremc,0.0,0.0,,True,0.0,0.0
2026,1331774544905510912,NCAA OHIO VALLEY,9,8,426756284365160448,mooremc,1,Mistafyer,0.0,0.0,,True,0.0,0.0
2026,1331774544905510912,NCAA OHIO VALLEY,9,2,601198801197260800,LMarkiewicz04,5,Dreev,0.0,0.0,,True,0.0,0.0
2026,1331774544905510912,NCAA OHIO VALLEY,9,5,474662041341128704,Dreev,2,LMarkiewicz04,0.0,0.0,,True,0.0,0.0
2026,1331774544905510912,NCAA OHIO VALLEY,9,3,468944645166985216,srcav,10,edgeofdefeat,0.0,0.0,,True,0.0,0.0
2026,1331774544905510912,NCAA OHIO VALLEY,9,10,594242128851296256,edgeofdefeat,3,srcav,0.0,0.0,,True,0.0,0.0
2026,1331774544905510912,NCAA OHIO VALLEY,9,4,472879969664495616,ethansherwood22,9,pontes021,0.0,0.0,,True,0.0,0.0
2026,1331774544905510912,NCAA OHIO VALLEY,9,9,997659278062272512,pontes021,4,ethansherwood22,0.0,0.0,,True,0.0,0.0
2026,1331774544905510912,NCAA OHIO VALLEY,9,6,331558449374593024,leathershoe4,11,Romantryert,0.0,0.0,,True,0.0,0.0
2026,1331774544905510912,NCAA OHIO VALLEY,9,11,638193564806897664,Romantryert,6,leathershoe4,0.0,0.0,,True,0.0,0.0
2026,1331774544905510912,NCAA OHIO VALLEY,9,7,635700695584043008,charlielol,12,Firephool,0.0,0.0,,True,0.0,0.0
2026,1331774544905510912,NCAA OHIO VALLEY,9,12,300814106795974656,Firephool,7,charlielol,0.0,0.0,,True,0.0,0.0
2026,1331774544905510912,NCAA OHIO VALLEY,10,1,571753677428977664,Mistafyer,10,edgeofdefeat,0.0,0.0,,True,0.0,0.0
2026,1331774544905510912,NCAA OHIO VALLEY,10,10,594242128851296256,edgeofdefeat,1,Mistafyer,0.0,0.0,,True,0.0,0.0
2026,1331774544905510912,NCAA OHIO VALLEY,10,2,601198801197260800,LMarkiewicz04,9,pontes021,0.0,0.0,,True,0.0,0.0
2026,1331774544905510912,NCAA OHIO VALLEY,10,9,997659278062272512,pontes021,2,LMarkiewicz04,0.0,0.0,,True,0.0,0.0
2026,1331774544905510912,NCAA OHIO VALLEY,10,3,468944645166985216,srcav,5,Dreev,0.0,0.0,,True,0.0,0.0
2026,1331774544905510912,NCAA OHIO VALLEY,10,5,474662041341128704,Dreev,3,srcav,0.0,0.0,,True,0.0,0.0
2026,1331774544905510912,NCAA OHIO VALLEY,10,4,472879969664495616,ethansherwood22,11,Romantryert,0.0,0.0,,True,0.0,0.0
2026,1331774544905510912,NCAA OHIO VALLEY,10,11,638193564806897664,Romantryert,4,ethansherwood22,0.0,0.0,,True,0.0,0.0
2026,1331774544905510912,NCAA OHIO VALLEY,10,6,331558449374593024,leathershoe4,7,charlielol,0.0,0.0,,True,0.0,0.0
2026,1331774544905510912,NCAA OHIO VALLEY,10,7,635700695584043008,charlielol,6,leathershoe4,0.0,0.0,,True,0.0,0.0
2026,1331774544905510912,NCAA OHIO VALLEY,10,8,426756284365160448,mooremc,12,Firephool,0.0,0.0,,True,0.0,0.0
2026,1331774544905510912,NCAA OHIO VALLEY,10,12,300814106795974656,Firephool,8,mooremc,0.0,0.0,,True,0.0,0.0
2026,1331774544905510912,NCAA OHIO VALLEY,11,1,571753677428977664,Mistafyer,11,Romantryert,0.0,0.0,,True,0.0,0.0
2026,1331774544905510912,NCAA OHIO VALLEY,11,11,638193564806897664,Romantryert,1,Mistafyer,0.0,0.0,,True,0.0,0.0
2026,1331774544905510912,NCAA OHIO VALLEY,11,2,601198801197260800,LMarkiewicz04,8,mooremc,0.0,0.0,,True,0.0,0.0
2026,1331774544905510912,NCAA OHIO VALLEY,11,8,426756284365160448,mooremc,2,LMarkiewicz04,0.0,0.0,,True,0.0,0.0
2026,1331774544905510912,NCAA OHIO VALLEY,11,3,468944645166985216,srcav,7,charlielol,0.0,0.0,,True,0.0,0.0
2026,1331774544905510912,NCAA OHIO VALLEY,11,7,635700695584043008,charlielol,3,srcav,0.0,0.0,,True,0.0,0.0
2026,1331774544905510912,NCAA OHIO VALLEY,11,4,472879969664495616,ethansherwood22,10,edgeofdefeat,0.0,0.0,,True,0.0,0.0
2026,1331774544905510912,NCAA OHIO VALLEY,11,10,594242128851296256,edgeofdefeat,4,ethansherwood22,0.0,0.0,,True,0.0,0.0
2026,1331774544905510912,NCAA OHIO VALLEY,11,5,474662041341128704,Dreev,6,leathershoe4,0.0,0.0,,True,0.0,0.0
2026,1331774544905510912,NCAA OHIO VALLEY,11,6,331558449374593024,leathershoe4,5,Dreev,0.0,0.0,,True,0.0,0.0
2026,1331774544905510912,NCAA OHIO VALLEY,11,9,997659278062272512,pontes021,12,Firephool,0.0,0.0,,True,0.0,0.0
2026,1331774544905510912,NCAA OHIO VALLEY,11,12,300814106795974656,Firephool,9,pontes021,0.0,0.0,,True,0.0,0.0
2026,1331774544905510912,NCAA OHIO VALLEY,12,1,571753677428977664,Mistafyer,4,ethansherwood22,0.0,0.0,,False,0.0,0.0
2026,1331774544905510912,NCAA OHIO VALLEY,12,4,472879969664495616,ethansherwood22,1,Mistafyer,0.0,0.0,,False,0.0,0.0
2026,1331774544905510912,NCAA OHIO VALLEY,12,2,601198801197260800,LMarkiewicz04,12,Firephool,0.0,0.0,,False,0.0,0.0
2026,1331774544905510912,NCAA OHIO VALLEY,12,12,300814106795974656,Firephool,2,LMarkiewicz04,0.0,0.0,,False,0.0,0.0
2026,1331774544905510912,NCAA OHIO VALLEY,12,3,468944645166985216,srcav,6,leathershoe4,0.0,0.0,,False,0.0,0.0
2026,1331774544905510912,NCAA OHIO VALLEY,12,6,331558449374593024,leathershoe4,3,srcav,0.0,0.0,,False,0.0,0.0
2026,1331774544905510912,NCAA OHIO VALLEY,12,5,474662041341128704,Dreev,7,charlielol,0.0,0.0,,False,0.0,0.0
2026,1331774544905510912,NCAA OHIO VALLEY,12,7,635700695584043008,charlielol,5,Dreev,0.0,0.0,,False,0.0,0.0
2026,1331774544905510912,NCAA OHIO VALLEY,12,8,426756284365160448,mooremc,9,pontes021,0.0,0.0,,False,0.0,0.0
2026,1331774544905510912,NCAA OHIO VALLEY,12,9,997659278062272512,pontes021,8,mooremc,0.0,0.0,,False,0.0,0.0
2026,1331774544905510912,NCAA OHIO VALLEY,12,10,594242128851296256,edgeofdefeat,11,Romantryert,0.0,0.0,,False,0.0,0.0
2026,1331774544905510912,NCAA OHIO VALLEY,12,11,638193564806897664,Romantryert,10,edgeofdefeat,0.0,0.0,,False,0.0,0.0
2026,1331774544905510912,NCAA OHIO VALLEY,13,1,571753677428977664,Mistafyer,3,srcav,0.0,0.0,,False,0.0,0.0
2026,1331774544905510912,NCAA OHIO VALLEY,13,3,468944645166985216,srcav,1,Mistafyer,0.0,0.0,,False,0.0,0.0
2026,1331774544905510912,NCAA OHIO VALLEY,13,2,601198801197260800,LMarkiewicz04,6,leathershoe4,0.0,0.0,,False,0.0,0.0
2026,1331774544905510912,NCAA OHIO VALLEY,13,6,331558449374593024,leathershoe4,2,LMarkiewicz04,0.0,0.0,,False,0.0,0.0
2026,1331774544905510912,NCAA OHIO VALLEY,13,4,472879969664495616,ethansherwood22,12,Firephool,0.0,0.0,,False,0.0,0.0
2026,1331774544905510912,NCAA OHIO VALLEY,13,12,300814106795974656,Firephool,4,ethansherwood22,0.0,0.0,,False,0.0,0.0
2026,1331774544905510912,NCAA OHIO VALLEY,13,5,474662041341128704,Dreev,11,Romantryert,0.0,0.0,,False,0.0,0.0
2026,1331774544905510912,NCAA OHIO VALLEY,13,11,638193564806897664,Romantryert,5,Dreev,0.0,0.0,,False,0.0,0.0
2026,1331774544905510912,NCAA OHIO VALLEY,13,7,635700695584043008,charlielol,8,mooremc,0.0,0.0,,False,0.0,0.0
2026,1331774544905510912,NCAA OHIO VALLEY,13,8,426756284365160448,mooremc,7,charlielol,0.0,0.0,,False,0.0,0.0
2026,1331774544905510912,NCAA OHIO VALLEY,13,9,997659278062272512,pontes021,10,edgeofdefeat,0.0,0.0,,False,0.0,0.0
2026,1331774544905510912,NCAA OHIO VALLEY,13,10,594242128851296256,edgeofdefeat,9,pontes021,0.0,0.0,,False,0.0,0.0
2026,1331774544905510912,NCAA OHIO VALLEY,14,1,571753677428977664,Mistafyer,6,leathershoe4,0.0,0.0,,False,0.0,0.0
2026,1331774544905510912,NCAA OHIO VALLEY,14,6,331558449374593024,leathershoe4,1,Mistafyer,0.0,0.0,,False,0.0,0.0
2026,1331774544905510912,NCAA OHIO VALLEY,14,2,601198801197260800,LMarkiewicz04,4,ethansherwood22,0.0,0.0,,False,0.0,0.0
2026,1331774544905510912,NCAA OHIO VALLEY,14,4,472879969664495616,ethansherwood22,2,LMarkiewicz04,0.0,0.0,,False,0.0,0.0
2026,1331774544905510912,NCAA OHIO VALLEY,14,3,468944645166985216,srcav,12,Firephool,0.0,0.0,,False,0.0,0.0
2026,1331774544905510912,NCAA OHIO VALLEY,14,12,300814106795974656,Firephool,3,srcav,0.0,0.0,,False,0.0,0.0
2026,1331774544905510912,NCAA OHIO VALLEY,14,5,474662041341128704,Dreev,10,edgeofdefeat,0.0,0.0,,False,0.0,0.0
2026,1331774544905510912,NCAA OHIO VALLEY,14,10,594242128851296256,edgeofdefeat,5,Dreev,0.0,0.0,,False,0.0,0.0
2026,1331774544905510912,NCAA OHIO VALLEY,14,7,635700695584043008,charlielol,9,pontes021,0.0,0.0,,False,0.0,0.0
2026,1331774544905510912,NCAA OHIO VALLEY,14,9,997659278062272512,pontes021,7,charlielol,0.0,0.0,,False,0.0,0.0
2026,1331774544905510912,NCAA OHIO VALLEY,14,8,426756284365160448,mooremc,11,Romantryert,0.0,0.0,,False,0.0,0.0
2026,1331774544905510912,NCAA OHIO VALLEY,14,11,638193564806897664,Romantryert,8,mooremc,0.0,0.0,,False,0.0,0.0
2026,1331774544905510912,NCAA OHIO VALLEY,15,1,571753677428977664,Mistafyer,2,LMarkiewicz04,0.0,0.0,,False,0.0,0.0
2026,1331774544905510912,NCAA OHIO VALLEY,15,2,601198801197260800,LMarkiewicz04,1,Mistafyer,0.0,0.0,,False,0.0,0.0
2026,1331774544905510912,NCAA OHIO VALLEY,15,3,468944645166985216,srcav,4,ethansherwood22,0.0,0.0,,False,0.0,0.0
2026,1331774544905510912,NCAA OHIO VALLEY,15,4,472879969664495616,ethansherwood22,3,srcav,0.0,0.0,,False,0.0,0.0
2026,1331774544905510912,NCAA OHIO VALLEY,15,5,474662041341128704,Dreev,8,mooremc,0.0,0.0,,False,0.0,0.0
2026,1331774544905510912,NCAA OHIO VALLEY,15,8,426756284365160448,mooremc,5,Dreev,0.0,0.0,,False,0.0,0.0
2026,1331774544905510912,NCAA OHIO VALLEY,15,6,331558449374593024,leathershoe4,12,Firephool,0.0,0.0,,False,0.0,0.0
2026,1331774544905510912,NCAA OHIO VALLEY,15,12,300814106795974656,Firephool,6,leathershoe4,0.0,0.0,,False,0.0,0.0
2026,1331774544905510912,NCAA OHIO VALLEY,15,7,635700695584043008,charlielol,10,edgeofdefeat,0.0,0.0,,False,0.0,0.0
2026,1331774544905510912,NCAA OHIO VALLEY,15,10,594242128851296256,edgeofdefeat,7,charlielol,0.0,0.0,,False,0.0,0.0
2026,1331774544905510912,NCAA OHIO VALLEY,15,9,997659278062272512,pontes021,11,Romantryert,0.0,0.0,,False,0.0,0.0
2026,1331774544905510912,NCAA OHIO VALLEY,15,11,638193564806897664,Romantryert,9,pontes021,0.0,0.0,,False,0.0,0.0
2026,1331774544905510912,NCAA OHIO VALLEY,16,1,571753677428977664,Mistafyer,12,Firephool,0.0,0.0,,False,0.0,0.0
2026,1331774544905510912,NCAA OHIO VALLEY,16,12,300814106795974656,Firephool,1,Mistafyer,0.0,0.0,,False,0.0,0.0
2026,1331774544905510912,NCAA OHIO VALLEY,16,2,601198801197260800,LMarkiewicz04,3,srcav,0.0,0.0,,False,0.0,0.0
2026,1331774544905510912,NCAA OHIO VALLEY,16,3,468944645166985216,srcav,2,LMarkiewicz04,0.0,0.0,,False,0.0,0.0
2026,1331774544905510912,NCAA OHIO VALLEY,16,4,472879969664495616,ethansherwood22,6,leathershoe4,0.0,0.0,,False,0.0,0.0
2026,1331774544905510912,NCAA OHIO VALLEY,16,6,331558449374593024,leathershoe4,4,ethansherwood22,0.0,0.0,,False,0.0,0.0
2026,1331774544905510912,NCAA OHIO VALLEY,16,5,474662041341128704,Dreev,9,pontes021,0.0,0.0,,False,0.0,0.0
2026,1331774544905510912,NCAA OHIO VALLEY,16,9,997659278062272512,pontes021,5,Dreev,0.0,0.0,,False,0.0,0.0
2026,1331774544905510912,NCAA OHIO VALLEY,16,7,635700695584043008,charlielol,11,Romantryert,0.0,0.0,,False,0.0,0.0
2026,1331774544905510912,NCAA OHIO VALLEY,16,11,638193564806897664,Romantryert,7,charlielol,0.0,0.0,,False,0.0,0.0
2026,1331774544905510912,NCAA OHIO VALLEY,16,8,426756284365160448,mooremc,10,edgeofdefeat,0.0,0.0,,False,0.0,0.0
2026,1331774544905510912,NCAA OHIO VALLEY,16,10,594242128851296256,edgeofdefeat,8,mooremc,0.0,0.0,,False,0.0,0.0
2026,1331774544905510912,NCAA OHIO VALLEY,17,1,571753677428977664,Mistafyer,7,charlielol,0.0,0.0,,False,0.0,0.0
2026,1331774544905510912,NCAA OHIO VALLEY,17,7,635700695584043008,charlielol,1,Mistafyer,0.0,0.0,,False,0.0,0.0
2026,1331774544905510912,NCAA OHIO VALLEY,17,2,601198801197260800,LMarkiewicz04,10,edgeofdefeat,0.0,0.0,,False,0.0,0.0
2026,1331774544905510912,NCAA OHIO VALLEY,17,10,594242128851296256,edgeofdefeat,2,LMarkiewicz04,0.0,0.0,,False,0.0,0.0
2026,1331774544905510912,NCAA OHIO VALLEY,17,3,468944645166985216,srcav,8,mooremc,0.0,0.0,,False,0.0,0.0
2026,1331774544905510912,NCAA OHIO VALLEY,17,8,426756284365160448,mooremc,3,srcav,0.0,0.0,,False,0.0,0.0
2026,1331774544905510912,NCAA OHIO VALLEY,17,4,472879969664495616,ethansherwood22,5,Dreev,0.0,0.0,,False,0.0,0.0
2026,1331774544905510912,NCAA OHIO VALLEY,17,5,474662041341128704,Dreev,4,ethansherwood22,0.0,0.0,,False,0.0,0.0
2026,1331774544905510912,NCAA OHIO VALLEY,17,6,331558449374593024,leathershoe4,9,pontes021,0.0,0.0,,False,0.0,0.0
2026,1331774544905510912,NCAA OHIO VALLEY,17,9,997659278062272512,pontes021,6,leathershoe4,0.0,0.0,,False,0.0,0.0
2026,1331774544905510912,NCAA OHIO VALLEY,17,11,638193564806897664,Romantryert,12,Firephool,0.0,0.0,,False,0.0,0.0
2026,1331774544905510912,NCAA OHIO VALLEY,17,12,300814106795974656,Firephool,11,Romantryert,0.0,0.0,,False,0.0,0.0
2026,1331774544905510912,NCAA OHIO VALLEY,18,1,571753677428977664,Mistafyer,5,Dreev,0.0,0.0,,False,0.0,0.0
2026,1331774544905510912,NCAA OHIO VALLEY,18,5,474662041341128704,Dreev,1,Mistafyer,0.0,0.0,,False,0.0,0.0
2026,1331774544905510912,NCAA OHIO VALLEY,18,2,601198801197260800,LMarkiewicz04,11,Romantryert,0.0,0.0,,False,0.0,0.0
2026,1331774544905510912,NCAA OHIO VALLEY,18,11,638193564806897664,Romantryert,2,LMarkiewicz04,0.0,0.0,,False,0.0,0.0
2026,1331774544905510912,NCAA OHIO VALLEY,18,3,468944645166985216,srcav,9,pontes021,0.0,0.0,,False,0.0,0.0
2026,1331774544905510912,NCAA OHIO VALLEY,18,9,997659278062272512,pontes021,3,srcav,0.0,0.0,,False,0.0,0.0
2026,1331774544905510912,NCAA OHIO VALLEY,18,4,472879969664495616,ethansherwood22,7,charlielol,0.0,0.0,,False,0.0,0.0
2026,1331774544905510912,NCAA OHIO VALLEY,18,7,635700695584043008,charlielol,4,ethansherwood22,0.0,0.0,,False,0.0,0.0
2026,1331774544905510912,NCAA OHIO VALLEY,18,6,331558449374593024,leathershoe4,8,mooremc,0.0,0.0,,False,0.0,0.0
2026,1331774544905510912,NCAA OHIO VALLEY,18,8,426756284365160448,mooremc,6,leathershoe4,0.0,0.0,,False,0.0,0.0
2026,1331774544905510912,NCAA OHIO VALLEY,18,10,594242128851296256,edgeofdefeat,12,Firephool,0.0,0.0,,False,0.0,0.0
2026,1331774544905510912,NCAA OHIO VALLEY,18,12,300814106795974656,Firephool,10,edgeofdefeat,0.0,0.0,,False,0.0,0.0
2026,1331774454493122560,NCAA WILD,1,1,457579310098673664,LanceBoneau,11,TheScorer,105.82,116.84,Loss,True,105.82,0.0
2026,1331774454493122560,NCAA WILD,1,11,1228783119826423808,TheScorer,1,LanceBoneau,116.84,105.82,Win,True,116.84,0.0
2026,1331774454493122560,NCAA WILD,1,2,545391514915762176,Hart123,12,DBGiants,140.02,140.3,Loss,True,140.02,0.0
2026,1331774454493122560,NCAA WILD,1,12,448446449538035712,DBGiants,2,Hart123,140.3,140.02,Win,True,140.3,0.0
2026,1331774454493122560,NCAA WILD,1,3,441392312380026880,4thdownTD,7,mrflack,99.56,80.6,Win,True,99.56,0.0
2026,1331774454493122560,NCAA WILD,1,7,1213324396148572161,mrflack,3,4thdownTD,80.6,99.56,Loss,True,80.6,-0.0
2026,1331774454493122560,NCAA WILD,1,4,635935003657723904,matthewitz,10,olddominion2020,114.7,132.36,Loss,True,114.7,0.0
2026,1331774454493122560,NCAA WILD,1,10,505166677990699008,olddominion2020,4,matthewitz,132.36,114.7,Win,True,132.36,0.0
2026,1331774454493122560,NCAA WILD,1,5,642578171354484736,FareedB,9,MrBarryMcCockiner,123.14,99.56,Win,True,123.14,0.0
2026,1331774454493122560,NCAA WILD,1,9,603083535368134656,MrBarryMcCockiner,5,FareedB,99.56,123.14,Loss,True,99.56,0.0
2026,1331774454493122560,NCAA WILD,1,6,203496917160697856,ThomasHarris,8,lmkl,179.6,163.56,Win,True,179.6,-0.0
2026,1331774454493122560,NCAA WILD,1,8,462714981117325312,lmkl,6,ThomasHarris,163.56,179.6,Loss,True,163.56,-0.0
2026,1331774454493122560,NCAA WILD,2,1,457579310098673664,LanceBoneau,9,MrBarryMcCockiner,213.48,71.34,Win,True,213.48,-0.0
2026,1331774454493122560,NCAA WILD,2,9,603083535368134656,MrBarryMcCockiner,1,LanceBoneau,71.34,213.48,Loss,True,71.34,0.0
2026,1331774454493122560,NCAA WILD,2,2,545391514915762176,Hart123,4,matthewitz,119.82,98.92,Win,True,119.82,0.0
2026,1331774454493122560,NCAA WILD,2,4,635935003657723904,matthewitz,2,Hart123,98.92,119.82,Loss,True,98.92,0.0
2026,1331774454493122560,NCAA WILD,2,3,441392312380026880,4thdownTD,11,TheScorer,116.76,124.32,Loss,True,116.76,-0.0
2026,1331774454493122560,NCAA WILD,2,11,1228783119826423808,TheScorer,3,4thdownTD,124.32,116.76,Win,True,124.32,-0.0
2026,1331774454493122560,NCAA WILD,2,5,642578171354484736,FareedB,7,mrflack,135.8,118.18,Win,True,135.8,0.0
2026,1331774454493122560,NCAA WILD,2,7,1213324396148572161,mrflack,5,FareedB,118.18,135.8,Loss,True,118.18,0.0
2026,1331774454493122560,NCAA WILD,2,6,203496917160697856,ThomasHarris,10,olddominion2020,118.0,184.12,Loss,True,118.0,-0.0
2026,1331774454493122560,NCAA WILD,2,10,505166677990699008,olddominion2020,6,ThomasHarris,184.12,118.0,Win,True,184.12,0.0
2026,1331774454493122560,NCAA WILD,2,8,462714981117325312,lmkl,12,DBGiants,103.7,103.86,Loss,True,103.7,0.0
2026,1331774454493122560,NCAA WILD,2,12,448446449538035712,DBGiants,8,lmkl,103.86,103.7,Win,True,103.86,0.0
2026,1331774454493122560,NCAA WILD,3,1,457579310098673664,LanceBoneau,5,FareedB,210.24,101.6,Win,True,210.24,0.0
2026,1331774454493122560,NCAA WILD,3,5,642578171354484736,FareedB,1,LanceBoneau,101.6,210.24,Loss,True,101.6,-0.0
2026,1331774454493122560,NCAA WILD,3,2,545391514915762176,Hart123,8,lmkl,124.34,110.54,Win,True,124.34,0.0
2026,1331774454493122560,NCAA WILD,3,8,462714981117325312,lmkl,2,Hart123,110.54,124.34,Loss,True,110.54,-0.0
2026,1331774454493122560,NCAA WILD,3,3,441392312380026880,4thdownTD,9,MrBarryMcCockiner,86.82,111.2,Loss,True,86.82,0.0
2026,1331774454493122560,NCAA WILD,3,9,603083535368134656,MrBarryMcCockiner,3,4thdownTD,111.2,86.82,Win,True,111.2,0.0
2026,1331774454493122560,NCAA WILD,3,4,635935003657723904,matthewitz,6,ThomasHarris,155.14,145.9,Win,True,155.14,0.0
2026,1331774454493122560,NCAA WILD,3,6,203496917160697856,ThomasHarris,4,matthewitz,145.9,155.14,Loss,True,145.9,0.0
2026,1331774454493122560,NCAA WILD,3,7,1213324396148572161,mrflack,11,TheScorer,105.5,111.84,Loss,True,105.5,-0.0
2026,1331774454493122560,NCAA WILD,3,11,1228783119826423808,TheScorer,7,mrflack,111.84,105.5,Win,True,111.84,0.0
2026,1331774454493122560,NCAA WILD,3,10,505166677990699008,olddominion2020,12,DBGiants,126.26,126.08,Win,True,126.26,0.0
2026,1331774454493122560,NCAA WILD,3,12,448446449538035712,DBGiants,10,olddominion2020,126.08,126.26,Loss,True,126.08,0.0
2026,1331774454493122560,NCAA WILD,4,1,457579310098673664,LanceBoneau,3,4thdownTD,0.0,0.0,,True,0.0,0.0
2026,1331774454493122560,NCAA WILD,4,3,441392312380026880,4thdownTD,1,LanceBoneau,0.0,0.0,,True,0.0,0.0
2026,1331774454493122560,NCAA WILD,4,2,545391514915762176,Hart123,10,olddominion2020,37.6,22.7,Win,True,37.6,0.0
2026,1331774454493122560,NCAA WILD,4,10,505166677990699008,olddominion2020,2,Hart123,22.7,37.6,Loss,True,22.7,0.0
2026,1331774454493122560,NCAA WILD,4,4,635935003657723904,matthewitz,8,lmkl,0.0,11.4,Loss,True,0.0,0.0
2026,1331774454493122560,NCAA WILD,4,8,462714981117325312,lmkl,4,matthewitz,11.4,0.0,Win,True,11.4,0.0
2026,1331774454493122560,NCAA WILD,4,5,642578171354484736,FareedB,11,TheScorer,7.12,15.6,Loss,True,7.12,0.0
2026,1331774454493122560,NCAA WILD,4,11,1228783119826423808,TheScorer,5,FareedB,15.6,7.12,Win,True,15.6,0.0
2026,1331774454493122560,NCAA WILD,4,6,203496917160697856,ThomasHarris,12,DBGiants,13.7,0.0,Win,True,13.7,0.0
2026,1331774454493122560,NCAA WILD,4,12,448446449538035712,DBGiants,6,ThomasHarris,0.0,13.7,Loss,True,0.0,0.0
2026,1331774454493122560,NCAA WILD,4,7,1213324396148572161,mrflack,9,MrBarryMcCockiner,3.1,0.0,Win,True,3.1,0.0
2026,1331774454493122560,NCAA WILD,4,9,603083535368134656,MrBarryMcCockiner,7,mrflack,0.0,3.1,Loss,True,0.0,0.0
2026,1331774454493122560,NCAA WILD,5,1,457579310098673664,LanceBoneau,7,mrflack,0.0,0.0,,True,0.0,0.0
2026,1331774454493122560,NCAA WILD,5,7,1213324396148572161,mrflack,1,LanceBoneau,0.0,0.0,,True,0.0,0.0
2026,1331774454493122560,NCAA WILD,5,2,545391514915762176,Hart123,6,ThomasHarris,0.0,0.0,,True,0.0,0.0
2026,1331774454493122560,NCAA WILD,5,6,203496917160697856,ThomasHarris,2,Hart123,0.0,0.0,,True,0.0,0.0
2026,1331774454493122560,NCAA WILD,5,3,441392312380026880,4thdownTD,5,FareedB,0.0,0.0,,True,0.0,0.0
2026,1331774454493122560,NCAA WILD,5,5,642578171354484736,FareedB,3,4thdownTD,0.0,0.0,,True,0.0,0.0
2026,1331774454493122560,NCAA WILD,5,4,635935003657723904,matthewitz,12,DBGiants,0.0,0.0,,True,0.0,0.0
2026,1331774454493122560,NCAA WILD,5,12,448446449538035712,DBGiants,4,matthewitz,0.0,0.0,,True,0.0,0.0
2026,1331774454493122560,NCAA WILD,5,8,462714981117325312,lmkl,10,olddominion2020,0.0,0.0,,True,0.0,0.0
2026,1331774454493122560,NCAA WILD,5,10,505166677990699008,olddominion2020,8,lmkl,0.0,0.0,,True,0.0,0.0
2026,1331774454493122560,NCAA WILD,5,9,603083535368134656,MrBarryMcCockiner,11,TheScorer,0.0,0.0,,True,0.0,0.0
2026,1331774454493122560,NCAA WILD,5,11,1228783119826423808,TheScorer,9,MrBarryMcCockiner,0.0,0.0,,True,0.0,0.0
2026,1331774454493122560,NCAA WILD,6,1,457579310098673664,LanceBoneau,6,ThomasHarris,0.0,0.0,,True,0.0,0.0
2026,1331774454493122560,NCAA WILD,6,6,203496917160697856,ThomasHarris,1,LanceBoneau,0.0,0.0,,True,0.0,0.0
2026,1331774454493122560,NCAA WILD,6,2,545391514915762176,Hart123,7,mrflack,0.0,0.0,,True,0.0,0.0
2026,1331774454493122560,NCAA WILD,6,7,1213324396148572161,mrflack,2,Hart123,0.0,0.0,,True,0.0,0.0
2026,1331774454493122560,NCAA WILD,6,3,441392312380026880,4thdownTD,12,DBGiants,0.0,0.0,,True,0.0,0.0
2026,1331774454493122560,NCAA WILD,6,12,448446449538035712,DBGiants,3,4thdownTD,0.0,0.0,,True,0.0,0.0
2026,1331774454493122560,NCAA WILD,6,4,635935003657723904,matthewitz,5,FareedB,0.0,0.0,,True,0.0,0.0
2026,1331774454493122560,NCAA WILD,6,5,642578171354484736,FareedB,4,matthewitz,0.0,0.0,,True,0.0,0.0
2026,1331774454493122560,NCAA WILD,6,8,462714981117325312,lmkl,11,TheScorer,0.0,0.0,,True,0.0,0.0
2026,1331774454493122560,NCAA WILD,6,11,1228783119826423808,TheScorer,8,lmkl,0.0,0.0,,True,0.0,0.0
2026,1331774454493122560,NCAA WILD,6,9,603083535368134656,MrBarryMcCockiner,10,olddominion2020,0.0,0.0,,True,0.0,0.0
2026,1331774454493122560,NCAA WILD,6,10,505166677990699008,olddominion2020,9,MrBarryMcCockiner,0.0,0.0,,True,0.0,0.0
2026,1331774454493122560,NCAA WILD,7,1,457579310098673664,LanceBoneau,8,lmkl,0.0,0.0,,True,0.0,0.0
2026,1331774454493122560,NCAA WILD,7,8,462714981117325312,lmkl,1,LanceBoneau,0.0,0.0,,True,0.0,0.0
2026,1331774454493122560,NCAA WILD,7,2,545391514915762176,Hart123,3,4thdownTD,0.0,0.0,,True,0.0,0.0
2026,1331774454493122560,NCAA WILD,7,3,441392312380026880,4thdownTD,2,Hart123,0.0,0.0,,True,0.0,0.0
2026,1331774454493122560,NCAA WILD,7,4,635935003657723904,matthewitz,9,MrBarryMcCockiner,0.0,0.0,,True,0.0,0.0
2026,1331774454493122560,NCAA WILD,7,9,603083535368134656,MrBarryMcCockiner,4,matthewitz,0.0,0.0,,True,0.0,0.0
2026,1331774454493122560,NCAA WILD,7,5,642578171354484736,FareedB,10,olddominion2020,0.0,0.0,,True,0.0,0.0
2026,1331774454493122560,NCAA WILD,7,10,505166677990699008,olddominion2020,5,FareedB,0.0,0.0,,True,0.0,0.0
2026,1331774454493122560,NCAA WILD,7,6,203496917160697856,ThomasHarris,11,TheScorer,0.0,0.0,,True,0.0,0.0
2026,1331774454493122560,NCAA WILD,7,11,1228783119826423808,TheScorer,6,ThomasHarris,0.0,0.0,,True,0.0,0.0
2026,1331774454493122560,NCAA WILD,7,7,1213324396148572161,mrflack,12,DBGiants,0.0,0.0,,True,0.0,0.0
2026,1331774454493122560,NCAA WILD,7,12,448446449538035712,DBGiants,7,mrflack,0.0,0.0,,True,0.0,0.0
2026,1331774454493122560,NCAA WILD,8,1,457579310098673664,LanceBoneau,10,olddominion2020,0.0,0.0,,True,0.0,0.0
2026,1331774454493122560,NCAA WILD,8,10,505166677990699008,olddominion2020,1,LanceBoneau,0.0,0.0,,True,0.0,0.0
2026,1331774454493122560,NCAA WILD,8,2,545391514915762176,Hart123,5,FareedB,0.0,0.0,,True,0.0,0.0
2026,1331774454493122560,NCAA WILD,8,5,642578171354484736,FareedB,2,Hart123,0.0,0.0,,True,0.0,0.0
2026,1331774454493122560,NCAA WILD,8,3,441392312380026880,4thdownTD,6,ThomasHarris,0.0,0.0,,True,0.0,0.0
2026,1331774454493122560,NCAA WILD,8,6,203496917160697856,ThomasHarris,3,4thdownTD,0.0,0.0,,True,0.0,0.0
2026,1331774454493122560,NCAA WILD,8,4,635935003657723904,matthewitz,11,TheScorer,0.0,0.0,,True,0.0,0.0
2026,1331774454493122560,NCAA WILD,8,11,1228783119826423808,TheScorer,4,matthewitz,0.0,0.0,,True,0.0,0.0
2026,1331774454493122560,NCAA WILD,8,7,1213324396148572161,mrflack,8,lmkl,0.0,0.0,,True,0.0,0.0
2026,1331774454493122560,NCAA WILD,8,8,462714981117325312,lmkl,7,mrflack,0.0,0.0,,True,0.0,0.0
2026,1331774454493122560,NCAA WILD,8,9,603083535368134656,MrBarryMcCockiner,12,DBGiants,0.0,0.0,,True,0.0,0.0
2026,1331774454493122560,NCAA WILD,8,12,448446449538035712,DBGiants,9,MrBarryMcCockiner,0.0,0.0,,True,0.0,0.0
2026,1331774454493122560,NCAA WILD,9,1,457579310098673664,LanceBoneau,4,matthewitz,0.0,0.0,,True,0.0,0.0
2026,1331774454493122560,NCAA WILD,9,4,635935003657723904,matthewitz,1,LanceBoneau,0.0,0.0,,True,0.0,0.0
2026,1331774454493122560,NCAA WILD,9,2,545391514915762176,Hart123,9,MrBarryMcCockiner,0.0,0.0,,True,0.0,0.0
2026,1331774454493122560,NCAA WILD,9,9,603083535368134656,MrBarryMcCockiner,2,Hart123,0.0,0.0,,True,0.0,0.0
2026,1331774454493122560,NCAA WILD,9,3,441392312380026880,4thdownTD,8,lmkl,0.0,0.0,,True,0.0,0.0
2026,1331774454493122560,NCAA WILD,9,8,462714981117325312,lmkl,3,4thdownTD,0.0,0.0,,True,0.0,0.0
2026,1331774454493122560,NCAA WILD,9,5,642578171354484736,FareedB,12,DBGiants,0.0,0.0,,True,0.0,0.0
2026,1331774454493122560,NCAA WILD,9,12,448446449538035712,DBGiants,5,FareedB,0.0,0.0,,True,0.0,0.0
2026,1331774454493122560,NCAA WILD,9,6,203496917160697856,ThomasHarris,7,mrflack,0.0,0.0,,True,0.0,0.0
2026,1331774454493122560,NCAA WILD,9,7,1213324396148572161,mrflack,6,ThomasHarris,0.0,0.0,,True,0.0,0.0
2026,1331774454493122560,NCAA WILD,9,10,505166677990699008,olddominion2020,11,TheScorer,0.0,0.0,,True,0.0,0.0
2026,1331774454493122560,NCAA WILD,9,11,1228783119826423808,TheScorer,10,olddominion2020,0.0,0.0,,True,0.0,0.0
2026,1331774454493122560,NCAA WILD,10,1,457579310098673664,LanceBoneau,12,DBGiants,0.0,0.0,,True,0.0,0.0
2026,1331774454493122560,NCAA WILD,10,12,448446449538035712,DBGiants,1,LanceBoneau,0.0,0.0,,True,0.0,0.0
2026,1331774454493122560,NCAA WILD,10,2,545391514915762176,Hart123,11,TheScorer,0.0,0.0,,True,0.0,0.0
2026,1331774454493122560,NCAA WILD,10,11,1228783119826423808,TheScorer,2,Hart123,0.0,0.0,,True,0.0,0.0
2026,1331774454493122560,NCAA WILD,10,3,441392312380026880,4thdownTD,10,olddominion2020,0.0,0.0,,True,0.0,0.0
2026,1331774454493122560,NCAA WILD,10,10,505166677990699008,olddominion2020,3,4thdownTD,0.0,0.0,,True,0.0,0.0
2026,1331774454493122560,NCAA WILD,10,4,635935003657723904,matthewitz,7,mrflack,0.0,0.0,,True,0.0,0.0
2026,1331774454493122560,NCAA WILD,10,7,1213324396148572161,mrflack,4,matthewitz,0.0,0.0,,True,0.0,0.0
2026,1331774454493122560,NCAA WILD,10,5,642578171354484736,FareedB,8,lmkl,0.0,0.0,,True,0.0,0.0
2026,1331774454493122560,NCAA WILD,10,8,462714981117325312,lmkl,5,FareedB,0.0,0.0,,True,0.0,0.0
2026,1331774454493122560,NCAA WILD,10,6,203496917160697856,ThomasHarris,9,MrBarryMcCockiner,0.0,0.0,,True,0.0,0.0
2026,1331774454493122560,NCAA WILD,10,9,603083535368134656,MrBarryMcCockiner,6,ThomasHarris,0.0,0.0,,True,0.0,0.0
2026,1331774454493122560,NCAA WILD,11,1,457579310098673664,LanceBoneau,2,Hart123,0.0,0.0,,True,0.0,0.0
2026,1331774454493122560,NCAA WILD,11,2,545391514915762176,Hart123,1,LanceBoneau,0.0,0.0,,True,0.0,0.0
2026,1331774454493122560,NCAA WILD,11,3,441392312380026880,4thdownTD,4,matthewitz,0.0,0.0,,True,0.0,0.0
2026,1331774454493122560,NCAA WILD,11,4,635935003657723904,matthewitz,3,4thdownTD,0.0,0.0,,True,0.0,0.0
2026,1331774454493122560,NCAA WILD,11,5,642578171354484736,FareedB,6,ThomasHarris,0.0,0.0,,True,0.0,0.0
2026,1331774454493122560,NCAA WILD,11,6,203496917160697856,ThomasHarris,5,FareedB,0.0,0.0,,True,0.0,0.0
2026,1331774454493122560,NCAA WILD,11,7,1213324396148572161,mrflack,10,olddominion2020,0.0,0.0,,True,0.0,0.0
2026,1331774454493122560,NCAA WILD,11,10,505166677990699008,olddominion2020,7,mrflack,0.0,0.0,,True,0.0,0.0
2026,1331774454493122560,NCAA WILD,11,8,462714981117325312,lmkl,9,MrBarryMcCockiner,0.0,0.0,,True,0.0,0.0
2026,1331774454493122560,NCAA WILD,11,9,603083535368134656,MrBarryMcCockiner,8,lmkl,0.0,0.0,,True,0.0,0.0
2026,1331774454493122560,NCAA WILD,11,11,1228783119826423808,TheScorer,12,DBGiants,0.0,0.0,,True,0.0,0.0
2026,1331774454493122560,NCAA WILD,11,12,448446449538035712,DBGiants,11,TheScorer,0.0,0.0,,True,0.0,0.0
2026,1331774454493122560,NCAA WILD,12,1,457579310098673664,LanceBoneau,11,TheScorer,0.0,0.0,,False,0.0,0.0
2026,1331774454493122560,NCAA WILD,12,11,1228783119826423808,TheScorer,1,LanceBoneau,0.0,0.0,,False,0.0,0.0
2026,1331774454493122560,NCAA WILD,12,2,545391514915762176,Hart123,12,DBGiants,0.0,0.0,,False,0.0,0.0
2026,1331774454493122560,NCAA WILD,12,12,448446449538035712,DBGiants,2,Hart123,0.0,0.0,,False,0.0,0.0
2026,1331774454493122560,NCAA WILD,12,3,441392312380026880,4thdownTD,7,mrflack,0.0,0.0,,False,0.0,0.0
2026,1331774454493122560,NCAA WILD,12,7,1213324396148572161,mrflack,3,4thdownTD,0.0,0.0,,False,0.0,0.0
2026,1331774454493122560,NCAA WILD,12,4,635935003657723904,matthewitz,10,olddominion2020,0.0,0.0,,False,0.0,0.0
2026,1331774454493122560,NCAA WILD,12,10,505166677990699008,olddominion2020,4,matthewitz,0.0,0.0,,False,0.0,0.0
2026,1331774454493122560,NCAA WILD,12,5,642578171354484736,FareedB,9,MrBarryMcCockiner,0.0,0.0,,False,0.0,0.0
2026,1331774454493122560,NCAA WILD,12,9,603083535368134656,MrBarryMcCockiner,5,FareedB,0.0,0.0,,False,0.0,0.0
2026,1331774454493122560,NCAA WILD,12,6,203496917160697856,ThomasHarris,8,lmkl,0.0,0.0,,False,0.0,0.0
2026,1331774454493122560,NCAA WILD,12,8,462714981117325312,lmkl,6,ThomasHarris,0.0,0.0,,False,0.0,0.0
2026,1331774454493122560,NCAA WILD,13,1,457579310098673664,LanceBoneau,9,MrBarryMcCockiner,0.0,0.0,,False,0.0,0.0
2026,1331774454493122560,NCAA WILD,13,9,603083535368134656,MrBarryMcCockiner,1,LanceBoneau,0.0,0.0,,False,0.0,0.0
2026,1331774454493122560,NCAA WILD,13,2,545391514915762176,Hart123,4,matthewitz,0.0,0.0,,False,0.0,0.0
2026,1331774454493122560,NCAA WILD,13,4,635935003657723904,matthewitz,2,Hart123,0.0,0.0,,False,0.0,0.0
2026,1331774454493122560,NCAA WILD,13,3,441392312380026880,4thdownTD,11,TheScorer,0.0,0.0,,False,0.0,0.0
2026,1331774454493122560,NCAA WILD,13,11,1228783119826423808,TheScorer,3,4thdownTD,0.0,0.0,,False,0.0,0.0
2026,1331774454493122560,NCAA WILD,13,5,642578171354484736,FareedB,7,mrflack,0.0,0.0,,False,0.0,0.0
2026,1331774454493122560,NCAA WILD,13,7,1213324396148572161,mrflack,5,FareedB,0.0,0.0,,False,0.0,0.0
2026,1331774454493122560,NCAA WILD,13,6,203496917160697856,ThomasHarris,10,olddominion2020,0.0,0.0,,False,0.0,0.0
2026,1331774454493122560,NCAA WILD,13,10,505166677990699008,olddominion2020,6,ThomasHarris,0.0,0.0,,False,0.0,0.0
2026,1331774454493122560,NCAA WILD,13,8,462714981117325312,lmkl,12,DBGiants,0.0,0.0,,False,0.0,0.0
2026,1331774454493122560,NCAA WILD,13,12,448446449538035712,DBGiants,8,lmkl,0.0,0.0,,False,0.0,0.0
2026,1331774454493122560,NCAA WILD,14,1,457579310098673664,LanceBoneau,5,FareedB,0.0,0.0,,False,0.0,0.0
2026,1331774454493122560,NCAA WILD,14,5,642578171354484736,FareedB,1,LanceBoneau,0.0,0.0,,False,0.0,0.0
2026,1331774454493122560,NCAA WILD,14,2,545391514915762176,Hart123,8,lmkl,0.0,0.0,,False,0.0,0.0
2026,1331774454493122560,NCAA WILD,14,8,462714981117325312,lmkl,2,Hart123,0.0,0.0,,False,0.0,0.0
2026,1331774454493122560,NCAA WILD,14,3,441392312380026880,4thdownTD,9,MrBarryMcCockiner,0.0,0.0,,False,0.0,0.0
2026,1331774454493122560,NCAA WILD,14,9,603083535368134656,MrBarryMcCockiner,3,4thdownTD,0.0,0.0,,False,0.0,0.0
2026,1331774454493122560,NCAA WILD,14,4,635935003657723904,matthewitz,6,ThomasHarris,0.0,0.0,,False,0.0,0.0
2026,1331774454493122560,NCAA WILD,14,6,203496917160697856,ThomasHarris,4,matthewitz,0.0,0.0,,False,0.0,0.0
2026,1331774454493122560,NCAA WILD,14,7,1213324396148572161,mrflack,11,TheScorer,0.0,0.0,,False,0.0,0.0
2026,1331774454493122560,NCAA WILD,14,11,1228783119826423808,TheScorer,7,mrflack,0.0,0.0,,False,0.0,0.0
2026,1331774454493122560,NCAA WILD,14,10,505166677990699008,olddominion2020,12,DBGiants,0.0,0.0,,False,0.0,0.0
2026,1331774454493122560,NCAA WILD,14,12,448446449538035712,DBGiants,10,olddominion2020,0.0,0.0,,False,0.0,0.0
2026,1331774454493122560,NCAA WILD,15,1,457579310098673664,LanceBoneau,3,4thdownTD,0.0,0.0,,False,0.0,0.0
2026,1331774454493122560,NCAA WILD,15,3,441392312380026880,4thdownTD,1,LanceBoneau,0.0,0.0,,False,0.0,0.0
2026,1331774454493122560,NCAA WILD,15,2,545391514915762176,Hart123,10,olddominion2020,0.0,0.0,,False,0.0,0.0
2026,1331774454493122560,NCAA WILD,15,10,505166677990699008,olddominion2020,2,Hart123,0.0,0.0,,False,0.0,0.0
2026,1331774454493122560,NCAA WILD,15,4,635935003657723904,matthewitz,8,lmkl,0.0,0.0,,False,0.0,0.0
2026,1331774454493122560,NCAA WILD,15,8,462714981117325312,lmkl,4,matthewitz,0.0,0.0,,False,0.0,0.0
2026,1331774454493122560,NCAA WILD,15,5,642578171354484736,FareedB,11,TheScorer,0.0,0.0,,False,0.0,0.0
2026,1331774454493122560,NCAA WILD,15,11,1228783119826423808,TheScorer,5,FareedB,0.0,0.0,,False,0.0,0.0
2026,1331774454493122560,NCAA WILD,15,6,203496917160697856,ThomasHarris,12,DBGiants,0.0,0.0,,False,0.0,0.0
2026,1331774454493122560,NCAA WILD,15,12,448446449538035712,DBGiants,6,ThomasHarris,0.0,0.0,,False,0.0,0.0
2026,1331774454493122560,NCAA WILD,15,7,1213324396148572161,mrflack,9,MrBarryMcCockiner,0.0,0.0,,False,0.0,0.0
2026,1331774454493122560,NCAA WILD,15,9,603083535368134656,MrBarryMcCockiner,7,mrflack,0.0,0.0,,False,0.0,0.0
2026,1331774454493122560,NCAA WILD,16,1,457579310098673664,LanceBoneau,7,mrflack,0.0,0.0,,False,0.0,0.0
2026,1331774454493122560,NCAA WILD,16,7,1213324396148572161,mrflack,1,LanceBoneau,0.0,0.0,,False,0.0,0.0
2026,1331774454493122560,NCAA WILD,16,2,545391514915762176,Hart123,6,ThomasHarris,0.0,0.0,,False,0.0,0.0
2026,1331774454493122560,NCAA WILD,16,6,203496917160697856,ThomasHarris,2,Hart123,0.0,0.0,,False,0.0,0.0
2026,1331774454493122560,NCAA WILD,16,3,441392312380026880,4thdownTD,5,FareedB,0.0,0.0,,False,0.0,0.0
2026,1331774454493122560,NCAA WILD,16,5,642578171354484736,FareedB,3,4thdownTD,0.0,0.0,,False,0.0,0.0
2026,1331774454493122560,NCAA WILD,16,4,635935003657723904,matthewitz,12,DBGiants,0.0,0.0,,False,0.0,0.0
2026,1331774454493122560,NCAA WILD,16,12,448446449538035712,DBGiants,4,matthewitz,0.0,0.0,,False,0.0,0.0
2026,1331774454493122560,NCAA WILD,16,8,462714981117325312,lmkl,10,olddominion2020,0.0,0.0,,False,0.0,0.0
2026,1331774454493122560,NCAA WILD,16,10,505166677990699008,olddominion2020,8,lmkl,0.0,0.0,,False,0.0,0.0
2026,1331774454493122560,NCAA WILD,16,9,603083535368134656,MrBarryMcCockiner,11,TheScorer,0.0,0.0,,False,0.0,0.0
2026,1331774454493122560,NCAA WILD,16,11,1228783119826423808,TheScorer,9,MrBarryMcCockiner,0.0,0.0,,False,0.0,0.0
2026,1331774454493122560,NCAA WILD,17,1,457579310098673664,LanceBoneau,6,ThomasHarris,0.0,0.0,,False,0.0,0.0
2026,1331774454493122560,NCAA WILD,17,6,203496917160697856,ThomasHarris,1,LanceBoneau,0.0,0.0,,False,0.0,0.0
2026,1331774454493122560,NCAA WILD,17,2,545391514915762176,Hart123,7,mrflack,0.0,0.0,,False,0.0,0.0
2026,1331774454493122560,NCAA WILD,17,7,1213324396148572161,mrflack,2,Hart123,0.0,0.0,,False,0.0,0.0
2026,1331774454493122560,NCAA WILD,17,3,441392312380026880,4thdownTD,12,DBGiants,0.0,0.0,,False,0.0,0.0
2026,1331774454493122560,NCAA WILD,17,12,448446449538035712,DBGiants,3,4thdownTD,0.0,0.0,,False,0.0,0.0
2026,1331774454493122560,NCAA WILD,17,4,635935003657723904,matthewitz,5,FareedB,0.0,0.0,,False,0.0,0.0
2026,1331774454493122560,NCAA WILD,17,5,642578171354484736,FareedB,4,matthewitz,0.0,0.0,,False,0.0,0.0
2026,1331774454493122560,NCAA WILD,17,8,462714981117325312,lmkl,11,TheScorer,0.0,0.0,,False,0.0,0.0
2026,1331774454493122560,NCAA WILD,17,11,1228783119826423808,TheScorer,8,lmkl,0.0,0.0,,False,0.0,0.0
2026,1331774454493122560,NCAA WILD,17,9,603083535368134656,MrBarryMcCockiner,10,olddominion2020,0.0,0.0,,False,0.0,0.0
2026,1331774454493122560,NCAA WILD,17,10,505166677990699008,olddominion2020,9,MrBarryMcCockiner,0.0,0.0,,False,0.0,0.0
2026,1331774454493122560,NCAA WILD,18,1,457579310098673664,LanceBoneau,8,lmkl,0.0,0.0,,False,0.0,0.0
2026,1331774454493122560,NCAA WILD,18,8,462714981117325312,lmkl,1,LanceBoneau,0.0,0.0,,False,0.0,0.0
2026,1331774454493122560,NCAA WILD,18,2,545391514915762176,Hart123,3,4thdownTD,0.0,0.0,,False,0.0,0.0
2026,1331774454493122560,NCAA WILD,18,3,441392312380026880,4thdownTD,2,Hart123,0.0,0.0,,False,0.0,0.0
2026,1331774454493122560,NCAA WILD,18,4,635935003657723904,matthewitz,9,MrBarryMcCockiner,0.0,0.0,,False,0.0,0.0
2026,1331774454493122560,NCAA WILD,18,9,603083535368134656,MrBarryMcCockiner,4,matthewitz,0.0,0.0,,False,0.0,0.0
2026,1331774454493122560,NCAA WILD,18,5,642578171354484736,FareedB,10,olddominion2020,0.0,0.0,,False,0.0,0.0
2026,1331774454493122560,NCAA WILD,18,10,505166677990699008,olddominion2020,5,FareedB,0.0,0.0,,False,0.0,0.0
2026,1331774454493122560,NCAA WILD,18,6,203496917160697856,ThomasHarris,11,TheScorer,0.0,0.0,,False,0.0,0.0
2026,1331774454493122560,NCAA WILD,18,11,1228783119826423808,TheScorer,6,ThomasHarris,0.0,0.0,,False,0.0,0.0
2026,1331774454493122560,NCAA WILD,18,7,1213324396148572161,mrflack,12,DBGiants,0.0,0.0,,False,0.0,0.0
2026,1331774454493122560,NCAA WILD,18,12,448446449538035712,DBGiants,7,mrflack,0.0,0.0,,False,0.0,0.0
2026,1316899936696016896,NCAA BIG 10,1,1,465720627639087104,Mo00,9,Klashified,164.3,133.36,Win,True,164.3,0.0
2026,1316899936696016896,NCAA BIG 10,1,9,559208653427675136,Klashified,1,Mo00,133.36,164.3,Loss,True,133.36,0.0
2026,1316899936696016896,NCAA BIG 10,1,2,438178170542223360,EthanH,7,linkoftime1,150.82,154.76,Loss,True,150.82,0.0
2026,1316899936696016896,NCAA BIG 10,1,7,460518714907815936,linkoftime1,2,EthanH,154.76,150.82,Win,True,154.76,0.0
2026,1316899936696016896,NCAA BIG 10,1,3,437465313911500800,kfitch3p,11,Schuflakka,82.9,138.36,Loss,True,82.9,0.0
2026,1316899936696016896,NCAA BIG 10,1,11,471056290550902784,Schuflakka,3,kfitch3p,138.36,82.9,Win,True,138.36,0.0
2026,1316899936696016896,NCAA BIG 10,1,4,1354967293209083904,EndZoneAllDay1,8,ChAiNSmOkErTk,130.76,140.2,Loss,True,130.76,0.0
2026,1316899936696016896,NCAA BIG 10,1,8,998438693570539520,ChAiNSmOkErTk,4,EndZoneAllDay1,140.2,130.76,Win,True,140.2,0.0
2026,1316899936696016896,NCAA BIG 10,1,5,856759599565475840,Justahippo,12,chrispychicken,141.82,130.34,Win,True,141.82,0.0
2026,1316899936696016896,NCAA BIG 10,1,12,443870183853912064,chrispychicken,5,Justahippo,130.34,141.82,Loss,True,130.34,0.0
2026,1316899936696016896,NCAA BIG 10,1,6,460511267564548096,laxbro000,10,richardson98,147.46,128.56,Win,True,147.46,0.0
2026,1316899936696016896,NCAA BIG 10,1,10,459225788735025152,richardson98,6,laxbro000,128.56,147.46,Loss,True,128.56,0.0
2026,1316899936696016896,NCAA BIG 10,2,1,465720627639087104,Mo00,12,chrispychicken,138.72,123.62,Win,True,138.72,-0.0
2026,1316899936696016896,NCAA BIG 10,2,12,443870183853912064,chrispychicken,1,Mo00,123.62,138.72,Loss,True,123.62,0.0
2026,1316899936696016896,NCAA BIG 10,2,2,438178170542223360,EthanH,6,laxbro000,133.76,97.92,Win,True,133.76,0.0
2026,1316899936696016896,NCAA BIG 10,2,6,460511267564548096,laxbro000,2,EthanH,97.92,133.76,Loss,True,97.92,0.0
2026,1316899936696016896,NCAA BIG 10,2,3,437465313911500800,kfitch3p,10,richardson98,59.22,117.44,Loss,True,59.22,0.0
2026,1316899936696016896,NCAA BIG 10,2,10,459225788735025152,richardson98,3,kfitch3p,117.44,59.22,Win,True,117.44,-0.0
2026,1316899936696016896,NCAA BIG 10,2,4,1354967293209083904,EndZoneAllDay1,5,Justahippo,78.7,111.88,Loss,True,78.7,0.0
2026,1316899936696016896,NCAA BIG 10,2,5,856759599565475840,Justahippo,4,EndZoneAllDay1,111.88,78.7,Win,True,111.88,-0.0
2026,1316899936696016896,NCAA BIG 10,2,7,460518714907815936,linkoftime1,11,Schuflakka,253.72,118.78,Win,True,253.72,0.0
2026,1316899936696016896,NCAA BIG 10,2,11,471056290550902784,Schuflakka,7,linkoftime1,118.78,253.72,Loss,True,118.78,-0.0
2026,1316899936696016896,NCAA BIG 10,2,8,998438693570539520,ChAiNSmOkErTk,9,Klashified,71.06,173.48,Loss,True,71.06,0.0
2026,1316899936696016896,NCAA BIG 10,2,9,559208653427675136,Klashified,8,ChAiNSmOkErTk,173.48,71.06,Win,True,173.48,0.0
2026,1316899936696016896,NCAA BIG 10,3,1,465720627639087104,Mo00,4,EndZoneAllDay1,122.82,79.34,Win,True,122.82,-0.0
2026,1316899936696016896,NCAA BIG 10,3,4,1354967293209083904,EndZoneAllDay1,1,Mo00,79.34,122.82,Loss,True,79.34,0.0
2026,1316899936696016896,NCAA BIG 10,3,2,438178170542223360,EthanH,10,richardson98,133.52,167.44,Loss,True,133.52,0.0
2026,1316899936696016896,NCAA BIG 10,3,10,459225788735025152,richardson98,2,EthanH,167.44,133.52,Win,True,167.44,0.0
2026,1316899936696016896,NCAA BIG 10,3,3,437465313911500800,kfitch3p,7,linkoftime1,126.04,158.56,Loss,True,126.04,0.0
2026,1316899936696016896,NCAA BIG 10,3,7,460518714907815936,linkoftime1,3,kfitch3p,158.56,126.04,Win,True,158.56,0.0
2026,1316899936696016896,NCAA BIG 10,3,5,856759599565475840,Justahippo,8,ChAiNSmOkErTk,98.94,78.48,Win,True,98.94,0.0
2026,1316899936696016896,NCAA BIG 10,3,8,998438693570539520,ChAiNSmOkErTk,5,Justahippo,78.48,98.94,Loss,True,78.48,0.0
2026,1316899936696016896,NCAA BIG 10,3,6,460511267564548096,laxbro000,11,Schuflakka,89.94,161.38,Loss,True,89.94,-0.0
2026,1316899936696016896,NCAA BIG 10,3,11,471056290550902784,Schuflakka,6,laxbro000,161.38,89.94,Win,True,161.38,0.0
2026,1316899936696016896,NCAA BIG 10,3,9,559208653427675136,Klashified,12,chrispychicken,136.54,155.74,Loss,True,136.54,-0.0
2026,1316899936696016896,NCAA BIG 10,3,12,443870183853912064,chrispychicken,9,Klashified,155.74,136.54,Win,True,155.74,0.0
2026,1316899936696016896,NCAA BIG 10,4,1,465720627639087104,Mo00,5,Justahippo,0.0,7.6,Loss,True,0.0,0.0
2026,1316899936696016896,NCAA BIG 10,4,5,856759599565475840,Justahippo,1,Mo00,7.6,0.0,Win,True,7.6,0.0
2026,1316899936696016896,NCAA BIG 10,4,2,438178170542223360,EthanH,11,Schuflakka,0.0,27.7,Loss,True,0.0,0.0
2026,1316899936696016896,NCAA BIG 10,4,11,471056290550902784,Schuflakka,2,EthanH,27.7,0.0,Win,True,27.7,0.0
2026,1316899936696016896,NCAA BIG 10,4,3,437465313911500800,kfitch3p,6,laxbro000,8.0,11.4,Loss,True,8.0,0.0
2026,1316899936696016896,NCAA BIG 10,4,6,460511267564548096,laxbro000,3,kfitch3p,11.4,8.0,Win,True,11.4,0.0
2026,1316899936696016896,NCAA BIG 10,4,4,1354967293209083904,EndZoneAllDay1,9,Klashified,7.0,8.5,Loss,True,7.0,0.0
2026,1316899936696016896,NCAA BIG 10,4,9,559208653427675136,Klashified,4,EndZoneAllDay1,8.5,7.0,Win,True,8.5,0.0
2026,1316899936696016896,NCAA BIG 10,4,7,460518714907815936,linkoftime1,10,richardson98,22.7,30.7,Loss,True,22.7,0.0
2026,1316899936696016896,NCAA BIG 10,4,10,459225788735025152,richardson98,7,linkoftime1,30.7,22.7,Win,True,30.7,-0.0
2026,1316899936696016896,NCAA BIG 10,4,8,998438693570539520,ChAiNSmOkErTk,12,chrispychicken,3.5,0.0,Win,True,3.5,0.0
2026,1316899936696016896,NCAA BIG 10,4,12,443870183853912064,chrispychicken,8,ChAiNSmOkErTk,0.0,3.5,Loss,True,0.0,0.0
2026,1316899936696016896,NCAA BIG 10,5,1,465720627639087104,Mo00,8,ChAiNSmOkErTk,0.0,0.0,,True,0.0,0.0
2026,1316899936696016896,NCAA BIG 10,5,8,998438693570539520,ChAiNSmOkErTk,1,Mo00,0.0,0.0,,True,0.0,0.0
2026,1316899936696016896,NCAA BIG 10,5,2,438178170542223360,EthanH,3,kfitch3p,0.0,0.0,,True,0.0,0.0
2026,1316899936696016896,NCAA BIG 10,5,3,437465313911500800,kfitch3p,2,EthanH,0.0,0.0,,True,0.0,0.0
2026,1316899936696016896,NCAA BIG 10,5,4,1354967293209083904,EndZoneAllDay1,12,chrispychicken,0.0,0.0,,True,0.0,0.0
2026,1316899936696016896,NCAA BIG 10,5,12,443870183853912064,chrispychicken,4,EndZoneAllDay1,0.0,0.0,,True,0.0,0.0
2026,1316899936696016896,NCAA BIG 10,5,5,856759599565475840,Justahippo,9,Klashified,0.0,0.0,,True,0.0,0.0
2026,1316899936696016896,NCAA BIG 10,5,9,559208653427675136,Klashified,5,Justahippo,0.0,0.0,,True,0.0,0.0
2026,1316899936696016896,NCAA BIG 10,5,6,460511267564548096,laxbro000,7,linkoftime1,0.0,0.0,,True,0.0,0.0
2026,1316899936696016896,NCAA BIG 10,5,7,460518714907815936,linkoftime1,6,laxbro000,0.0,0.0,,True,0.0,0.0
2026,1316899936696016896,NCAA BIG 10,5,10,459225788735025152,richardson98,11,Schuflakka,0.0,0.0,,True,0.0,0.0
2026,1316899936696016896,NCAA BIG 10,5,11,471056290550902784,Schuflakka,10,richardson98,0.0,0.0,,True,0.0,0.0
2026,1316899936696016896,NCAA BIG 10,6,1,465720627639087104,Mo00,11,Schuflakka,0.0,0.0,,True,0.0,0.0
2026,1316899936696016896,NCAA BIG 10,6,11,471056290550902784,Schuflakka,1,Mo00,0.0,0.0,,True,0.0,0.0
2026,1316899936696016896,NCAA BIG 10,6,2,438178170542223360,EthanH,5,Justahippo,0.0,0.0,,True,0.0,0.0
2026,1316899936696016896,NCAA BIG 10,6,5,856759599565475840,Justahippo,2,EthanH,0.0,0.0,,True,0.0,0.0
2026,1316899936696016896,NCAA BIG 10,6,3,437465313911500800,kfitch3p,9,Klashified,0.0,0.0,,True,0.0,0.0
2026,1316899936696016896,NCAA BIG 10,6,9,559208653427675136,Klashified,3,kfitch3p,0.0,0.0,,True,0.0,0.0
2026,1316899936696016896,NCAA BIG 10,6,4,1354967293209083904,EndZoneAllDay1,6,laxbro000,0.0,0.0,,True,0.0,0.0
2026,1316899936696016896,NCAA BIG 10,6,6,460511267564548096,laxbro000,4,EndZoneAllDay1,0.0,0.0,,True,0.0,0.0
2026,1316899936696016896,NCAA BIG 10,6,7,460518714907815936,linkoftime1,12,chrispychicken,0.0,0.0,,True,0.0,0.0
2026,1316899936696016896,NCAA BIG 10,6,12,443870183853912064,chrispychicken,7,linkoftime1,0.0,0.0,,True,0.0,0.0
2026,1316899936696016896,NCAA BIG 10,6,8,998438693570539520,ChAiNSmOkErTk,10,richardson98,0.0,0.0,,True,0.0,0.0
2026,1316899936696016896,NCAA BIG 10,6,10,459225788735025152,richardson98,8,ChAiNSmOkErTk,0.0,0.0,,True,0.0,0.0
2026,1316899936696016896,NCAA BIG 10,7,1,465720627639087104,Mo00,3,kfitch3p,0.0,0.0,,True,0.0,0.0
2026,1316899936696016896,NCAA BIG 10,7,3,437465313911500800,kfitch3p,1,Mo00,0.0,0.0,,True,0.0,0.0
2026,1316899936696016896,NCAA BIG 10,7,2,438178170542223360,EthanH,12,chrispychicken,0.0,0.0,,True,0.0,0.0
2026,1316899936696016896,NCAA BIG 10,7,12,443870183853912064,chrispychicken,2,EthanH,0.0,0.0,,True,0.0,0.0
2026,1316899936696016896,NCAA BIG 10,7,4,1354967293209083904,EndZoneAllDay1,10,richardson98,0.0,0.0,,True,0.0,0.0
2026,1316899936696016896,NCAA BIG 10,7,10,459225788735025152,richardson98,4,EndZoneAllDay1,0.0,0.0,,True,0.0,0.0
2026,1316899936696016896,NCAA BIG 10,7,5,856759599565475840,Justahippo,7,linkoftime1,0.0,0.0,,True,0.0,0.0
2026,1316899936696016896,NCAA BIG 10,7,7,460518714907815936,linkoftime1,5,Justahippo,0.0,0.0,,True,0.0,0.0
2026,1316899936696016896,NCAA BIG 10,7,6,460511267564548096,laxbro000,8,ChAiNSmOkErTk,0.0,0.0,,True,0.0,0.0
2026,1316899936696016896,NCAA BIG 10,7,8,998438693570539520,ChAiNSmOkErTk,6,laxbro000,0.0,0.0,,True,0.0,0.0
2026,1316899936696016896,NCAA BIG 10,7,9,559208653427675136,Klashified,11,Schuflakka,0.0,0.0,,True,0.0,0.0
2026,1316899936696016896,NCAA BIG 10,7,11,471056290550902784,Schuflakka,9,Klashified,0.0,0.0,,True,0.0,0.0
2026,1316899936696016896,NCAA BIG 10,8,1,465720627639087104,Mo00,2,EthanH,0.0,0.0,,True,0.0,0.0
2026,1316899936696016896,NCAA BIG 10,8,2,438178170542223360,EthanH,1,Mo00,0.0,0.0,,True,0.0,0.0
2026,1316899936696016896,NCAA BIG 10,8,3,437465313911500800,kfitch3p,8,ChAiNSmOkErTk,0.0,0.0,,True,0.0,0.0
2026,1316899936696016896,NCAA BIG 10,8,8,998438693570539520,ChAiNSmOkErTk,3,kfitch3p,0.0,0.0,,True,0.0,0.0
2026,1316899936696016896,NCAA BIG 10,8,4,1354967293209083904,EndZoneAllDay1,11,Schuflakka,0.0,0.0,,True,0.0,0.0
2026,1316899936696016896,NCAA BIG 10,8,11,471056290550902784,Schuflakka,4,EndZoneAllDay1,0.0,0.0,,True,0.0,0.0
2026,1316899936696016896,NCAA BIG 10,8,5,856759599565475840,Justahippo,6,laxbro000,0.0,0.0,,True,0.0,0.0
2026,1316899936696016896,NCAA BIG 10,8,6,460511267564548096,laxbro000,5,Justahippo,0.0,0.0,,True,0.0,0.0
2026,1316899936696016896,NCAA BIG 10,8,7,460518714907815936,linkoftime1,9,Klashified,0.0,0.0,,True,0.0,0.0
2026,1316899936696016896,NCAA BIG 10,8,9,559208653427675136,Klashified,7,linkoftime1,0.0,0.0,,True,0.0,0.0
2026,1316899936696016896,NCAA BIG 10,8,10,459225788735025152,richardson98,12,chrispychicken,0.0,0.0,,True,0.0,0.0
2026,1316899936696016896,NCAA BIG 10,8,12,443870183853912064,chrispychicken,10,richardson98,0.0,0.0,,True,0.0,0.0
2026,1316899936696016896,NCAA BIG 10,9,1,465720627639087104,Mo00,7,linkoftime1,0.0,0.0,,True,0.0,0.0
2026,1316899936696016896,NCAA BIG 10,9,7,460518714907815936,linkoftime1,1,Mo00,0.0,0.0,,True,0.0,0.0
2026,1316899936696016896,NCAA BIG 10,9,2,438178170542223360,EthanH,9,Klashified,0.0,0.0,,True,0.0,0.0
2026,1316899936696016896,NCAA BIG 10,9,9,559208653427675136,Klashified,2,EthanH,0.0,0.0,,True,0.0,0.0
2026,1316899936696016896,NCAA BIG 10,9,3,437465313911500800,kfitch3p,4,EndZoneAllDay1,0.0,0.0,,True,0.0,0.0
2026,1316899936696016896,NCAA BIG 10,9,4,1354967293209083904,EndZoneAllDay1,3,kfitch3p,0.0,0.0,,True,0.0,0.0
2026,1316899936696016896,NCAA BIG 10,9,5,856759599565475840,Justahippo,10,richardson98,0.0,0.0,,True,0.0,0.0
2026,1316899936696016896,NCAA BIG 10,9,10,459225788735025152,richardson98,5,Justahippo,0.0,0.0,,True,0.0,0.0
2026,1316899936696016896,NCAA BIG 10,9,6,460511267564548096,laxbro000,12,chrispychicken,0.0,0.0,,True,0.0,0.0
2026,1316899936696016896,NCAA BIG 10,9,12,443870183853912064,chrispychicken,6,laxbro000,0.0,0.0,,True,0.0,0.0
2026,1316899936696016896,NCAA BIG 10,9,8,998438693570539520,ChAiNSmOkErTk,11,Schuflakka,0.0,0.0,,True,0.0,0.0
2026,1316899936696016896,NCAA BIG 10,9,11,471056290550902784,Schuflakka,8,ChAiNSmOkErTk,0.0,0.0,,True,0.0,0.0
2026,1316899936696016896,NCAA BIG 10,10,1,465720627639087104,Mo00,6,laxbro000,0.0,0.0,,True,0.0,0.0
2026,1316899936696016896,NCAA BIG 10,10,6,460511267564548096,laxbro000,1,Mo00,0.0,0.0,,True,0.0,0.0
2026,1316899936696016896,NCAA BIG 10,10,2,438178170542223360,EthanH,4,EndZoneAllDay1,0.0,0.0,,True,0.0,0.0
2026,1316899936696016896,NCAA BIG 10,10,4,1354967293209083904,EndZoneAllDay1,2,EthanH,0.0,0.0,,True,0.0,0.0
2026,1316899936696016896,NCAA BIG 10,10,3,437465313911500800,kfitch3p,12,chrispychicken,0.0,0.0,,True,0.0,0.0
2026,1316899936696016896,NCAA BIG 10,10,12,443870183853912064,chrispychicken,3,kfitch3p,0.0,0.0,,True,0.0,0.0
2026,1316899936696016896,NCAA BIG 10,10,5,856759599565475840,Justahippo,11,Schuflakka,0.0,0.0,,True,0.0,0.0
2026,1316899936696016896,NCAA BIG 10,10,11,471056290550902784,Schuflakka,5,Justahippo,0.0,0.0,,True,0.0,0.0
2026,1316899936696016896,NCAA BIG 10,10,7,460518714907815936,linkoftime1,8,ChAiNSmOkErTk,0.0,0.0,,True,0.0,0.0
2026,1316899936696016896,NCAA BIG 10,10,8,998438693570539520,ChAiNSmOkErTk,7,linkoftime1,0.0,0.0,,True,0.0,0.0
2026,1316899936696016896,NCAA BIG 10,10,9,559208653427675136,Klashified,10,richardson98,0.0,0.0,,True,0.0,0.0
2026,1316899936696016896,NCAA BIG 10,10,10,459225788735025152,richardson98,9,Klashified,0.0,0.0,,True,0.0,0.0
2026,1316899936696016896,NCAA BIG 10,11,1,465720627639087104,Mo00,10,richardson98,0.0,0.0,,True,0.0,0.0
2026,1316899936696016896,NCAA BIG 10,11,10,459225788735025152,richardson98,1,Mo00,0.0,0.0,,True,0.0,0.0
2026,1316899936696016896,NCAA BIG 10,11,2,438178170542223360,EthanH,8,ChAiNSmOkErTk,0.0,0.0,,True,0.0,0.0
2026,1316899936696016896,NCAA BIG 10,11,8,998438693570539520,ChAiNSmOkErTk,2,EthanH,0.0,0.0,,True,0.0,0.0
2026,1316899936696016896,NCAA BIG 10,11,3,437465313911500800,kfitch3p,5,Justahippo,0.0,0.0,,True,0.0,0.0
2026,1316899936696016896,NCAA BIG 10,11,5,856759599565475840,Justahippo,3,kfitch3p,0.0,0.0,,True,0.0,0.0
2026,1316899936696016896,NCAA BIG 10,11,4,1354967293209083904,EndZoneAllDay1,7,linkoftime1,0.0,0.0,,True,0.0,0.0
2026,1316899936696016896,NCAA BIG 10,11,7,460518714907815936,linkoftime1,4,EndZoneAllDay1,0.0,0.0,,True,0.0,0.0
2026,1316899936696016896,NCAA BIG 10,11,6,460511267564548096,laxbro000,9,Klashified,0.0,0.0,,True,0.0,0.0
2026,1316899936696016896,NCAA BIG 10,11,9,559208653427675136,Klashified,6,laxbro000,0.0,0.0,,True,0.0,0.0
2026,1316899936696016896,NCAA BIG 10,11,11,471056290550902784,Schuflakka,12,chrispychicken,0.0,0.0,,True,0.0,0.0
2026,1316899936696016896,NCAA BIG 10,11,12,443870183853912064,chrispychicken,11,Schuflakka,0.0,0.0,,True,0.0,0.0
2026,1316899936696016896,NCAA BIG 10,12,1,465720627639087104,Mo00,9,Klashified,0.0,0.0,,False,0.0,0.0
2026,1316899936696016896,NCAA BIG 10,12,9,559208653427675136,Klashified,1,Mo00,0.0,0.0,,False,0.0,0.0
2026,1316899936696016896,NCAA BIG 10,12,2,438178170542223360,EthanH,7,linkoftime1,0.0,0.0,,False,0.0,0.0
2026,1316899936696016896,NCAA BIG 10,12,7,460518714907815936,linkoftime1,2,EthanH,0.0,0.0,,False,0.0,0.0
2026,1316899936696016896,NCAA BIG 10,12,3,437465313911500800,kfitch3p,11,Schuflakka,0.0,0.0,,False,0.0,0.0
2026,1316899936696016896,NCAA BIG 10,12,11,471056290550902784,Schuflakka,3,kfitch3p,0.0,0.0,,False,0.0,0.0
2026,1316899936696016896,NCAA BIG 10,12,4,1354967293209083904,EndZoneAllDay1,8,ChAiNSmOkErTk,0.0,0.0,,False,0.0,0.0
2026,1316899936696016896,NCAA BIG 10,12,8,998438693570539520,ChAiNSmOkErTk,4,EndZoneAllDay1,0.0,0.0,,False,0.0,0.0
2026,1316899936696016896,NCAA BIG 10,12,5,856759599565475840,Justahippo,12,chrispychicken,0.0,0.0,,False,0.0,0.0
2026,1316899936696016896,NCAA BIG 10,12,12,443870183853912064,chrispychicken,5,Justahippo,0.0,0.0,,False,0.0,0.0
2026,1316899936696016896,NCAA BIG 10,12,6,460511267564548096,laxbro000,10,richardson98,0.0,0.0,,False,0.0,0.0
2026,1316899936696016896,NCAA BIG 10,12,10,459225788735025152,richardson98,6,laxbro000,0.0,0.0,,False,0.0,0.0
2026,1316899936696016896,NCAA BIG 10,13,1,465720627639087104,Mo00,12,chrispychicken,0.0,0.0,,False,0.0,0.0
2026,1316899936696016896,NCAA BIG 10,13,12,443870183853912064,chrispychicken,1,Mo00,0.0,0.0,,False,0.0,0.0
2026,1316899936696016896,NCAA BIG 10,13,2,438178170542223360,EthanH,6,laxbro000,0.0,0.0,,False,0.0,0.0
2026,1316899936696016896,NCAA BIG 10,13,6,460511267564548096,laxbro000,2,EthanH,0.0,0.0,,False,0.0,0.0
2026,1316899936696016896,NCAA BIG 10,13,3,437465313911500800,kfitch3p,10,richardson98,0.0,0.0,,False,0.0,0.0
2026,1316899936696016896,NCAA BIG 10,13,10,459225788735025152,richardson98,3,kfitch3p,0.0,0.0,,False,0.0,0.0
2026,1316899936696016896,NCAA BIG 10,13,4,1354967293209083904,EndZoneAllDay1,5,Justahippo,0.0,0.0,,False,0.0,0.0
2026,1316899936696016896,NCAA BIG 10,13,5,856759599565475840,Justahippo,4,EndZoneAllDay1,0.0,0.0,,False,0.0,0.0
2026,1316899936696016896,NCAA BIG 10,13,7,460518714907815936,linkoftime1,11,Schuflakka,0.0,0.0,,False,0.0,0.0
2026,1316899936696016896,NCAA BIG 10,13,11,471056290550902784,Schuflakka,7,linkoftime1,0.0,0.0,,False,0.0,0.0
2026,1316899936696016896,NCAA BIG 10,13,8,998438693570539520,ChAiNSmOkErTk,9,Klashified,0.0,0.0,,False,0.0,0.0
2026,1316899936696016896,NCAA BIG 10,13,9,559208653427675136,Klashified,8,ChAiNSmOkErTk,0.0,0.0,,False,0.0,0.0
2026,1316899936696016896,NCAA BIG 10,14,1,465720627639087104,Mo00,4,EndZoneAllDay1,0.0,0.0,,False,0.0,0.0
2026,1316899936696016896,NCAA BIG 10,14,4,1354967293209083904,EndZoneAllDay1,1,Mo00,0.0,0.0,,False,0.0,0.0
2026,1316899936696016896,NCAA BIG 10,14,2,438178170542223360,EthanH,10,richardson98,0.0,0.0,,False,0.0,0.0
2026,1316899936696016896,NCAA BIG 10,14,10,459225788735025152,richardson98,2,EthanH,0.0,0.0,,False,0.0,0.0
2026,1316899936696016896,NCAA BIG 10,14,3,437465313911500800,kfitch3p,7,linkoftime1,0.0,0.0,,False,0.0,0.0
2026,1316899936696016896,NCAA BIG 10,14,7,460518714907815936,linkoftime1,3,kfitch3p,0.0,0.0,,False,0.0,0.0
2026,1316899936696016896,NCAA BIG 10,14,5,856759599565475840,Justahippo,8,ChAiNSmOkErTk,0.0,0.0,,False,0.0,0.0
2026,1316899936696016896,NCAA BIG 10,14,8,998438693570539520,ChAiNSmOkErTk,5,Justahippo,0.0,0.0,,False,0.0,0.0
2026,1316899936696016896,NCAA BIG 10,14,6,460511267564548096,laxbro000,11,Schuflakka,0.0,0.0,,False,0.0,0.0
2026,1316899936696016896,NCAA BIG 10,14,11,471056290550902784,Schuflakka,6,laxbro000,0.0,0.0,,False,0.0,0.0
2026,1316899936696016896,NCAA BIG 10,14,9,559208653427675136,Klashified,12,chrispychicken,0.0,0.0,,False,0.0,0.0
2026,1316899936696016896,NCAA BIG 10,14,12,443870183853912064,chrispychicken,9,Klashified,0.0,0.0,,False,0.0,0.0
2026,1316899936696016896,NCAA BIG 10,15,1,465720627639087104,Mo00,5,Justahippo,0.0,0.0,,False,0.0,0.0
2026,1316899936696016896,NCAA BIG 10,15,5,856759599565475840,Justahippo,1,Mo00,0.0,0.0,,False,0.0,0.0
2026,1316899936696016896,NCAA BIG 10,15,2,438178170542223360,EthanH,11,Schuflakka,0.0,0.0,,False,0.0,0.0
2026,1316899936696016896,NCAA BIG 10,15,11,471056290550902784,Schuflakka,2,EthanH,0.0,0.0,,False,0.0,0.0
2026,1316899936696016896,NCAA BIG 10,15,3,437465313911500800,kfitch3p,6,laxbro000,0.0,0.0,,False,0.0,0.0
2026,1316899936696016896,NCAA BIG 10,15,6,460511267564548096,laxbro000,3,kfitch3p,0.0,0.0,,False,0.0,0.0
2026,1316899936696016896,NCAA BIG 10,15,4,1354967293209083904,EndZoneAllDay1,9,Klashified,0.0,0.0,,False,0.0,0.0
2026,1316899936696016896,NCAA BIG 10,15,9,559208653427675136,Klashified,4,EndZoneAllDay1,0.0,0.0,,False,0.0,0.0
2026,1316899936696016896,NCAA BIG 10,15,7,460518714907815936,linkoftime1,10,richardson98,0.0,0.0,,False,0.0,0.0
2026,1316899936696016896,NCAA BIG 10,15,10,459225788735025152,richardson98,7,linkoftime1,0.0,0.0,,False,0.0,0.0
2026,1316899936696016896,NCAA BIG 10,15,8,998438693570539520,ChAiNSmOkErTk,12,chrispychicken,0.0,0.0,,False,0.0,0.0
2026,1316899936696016896,NCAA BIG 10,15,12,443870183853912064,chrispychicken,8,ChAiNSmOkErTk,0.0,0.0,,False,0.0,0.0
2026,1316899936696016896,NCAA BIG 10,16,1,465720627639087104,Mo00,8,ChAiNSmOkErTk,0.0,0.0,,False,0.0,0.0
2026,1316899936696016896,NCAA BIG 10,16,8,998438693570539520,ChAiNSmOkErTk,1,Mo00,0.0,0.0,,False,0.0,0.0
2026,1316899936696016896,NCAA BIG 10,16,2,438178170542223360,EthanH,3,kfitch3p,0.0,0.0,,False,0.0,0.0
2026,1316899936696016896,NCAA BIG 10,16,3,437465313911500800,kfitch3p,2,EthanH,0.0,0.0,,False,0.0,0.0
2026,1316899936696016896,NCAA BIG 10,16,4,1354967293209083904,EndZoneAllDay1,12,chrispychicken,0.0,0.0,,False,0.0,0.0
2026,1316899936696016896,NCAA BIG 10,16,12,443870183853912064,chrispychicken,4,EndZoneAllDay1,0.0,0.0,,False,0.0,0.0
2026,1316899936696016896,NCAA BIG 10,16,5,856759599565475840,Justahippo,9,Klashified,0.0,0.0,,False,0.0,0.0
2026,1316899936696016896,NCAA BIG 10,16,9,559208653427675136,Klashified,5,Justahippo,0.0,0.0,,False,0.0,0.0
2026,1316899936696016896,NCAA BIG 10,16,6,460511267564548096,laxbro000,7,linkoftime1,0.0,0.0,,False,0.0,0.0
2026,1316899936696016896,NCAA BIG 10,16,7,460518714907815936,linkoftime1,6,laxbro000,0.0,0.0,,False,0.0,0.0
2026,1316899936696016896,NCAA BIG 10,16,10,459225788735025152,richardson98,11,Schuflakka,0.0,0.0,,False,0.0,0.0
2026,1316899936696016896,NCAA BIG 10,16,11,471056290550902784,Schuflakka,10,richardson98,0.0,0.0,,False,0.0,0.0
2026,1316899936696016896,NCAA BIG 10,17,1,465720627639087104,Mo00,11,Schuflakka,0.0,0.0,,False,0.0,0.0
2026,1316899936696016896,NCAA BIG 10,17,11,471056290550902784,Schuflakka,1,Mo00,0.0,0.0,,False,0.0,0.0
2026,1316899936696016896,NCAA BIG 10,17,2,438178170542223360,EthanH,5,Justahippo,0.0,0.0,,False,0.0,0.0
2026,1316899936696016896,NCAA BIG 10,17,5,856759599565475840,Justahippo,2,EthanH,0.0,0.0,,False,0.0,0.0
2026,1316899936696016896,NCAA BIG 10,17,3,437465313911500800,kfitch3p,9,Klashified,0.0,0.0,,False,0.0,0.0
2026,1316899936696016896,NCAA BIG 10,17,9,559208653427675136,Klashified,3,kfitch3p,0.0,0.0,,False,0.0,0.0
2026,1316899936696016896,NCAA BIG 10,17,4,1354967293209083904,EndZoneAllDay1,6,laxbro000,0.0,0.0,,False,0.0,0.0
2026,1316899936696016896,NCAA BIG 10,17,6,460511267564548096,laxbro000,4,EndZoneAllDay1,0.0,0.0,,False,0.0,0.0
2026,1316899936696016896,NCAA BIG 10,17,7,460518714907815936,linkoftime1,12,chrispychicken,0.0,0.0,,False,0.0,0.0
2026,1316899936696016896,NCAA BIG 10,17,12,443870183853912064,chrispychicken,7,linkoftime1,0.0,0.0,,False,0.0,0.0
2026,1316899936696016896,NCAA BIG 10,17,8,998438693570539520,ChAiNSmOkErTk,10,richardson98,0.0,0.0,,False,0.0,0.0
2026,1316899936696016896,NCAA BIG 10,17,10,459225788735025152,richardson98,8,ChAiNSmOkErTk,0.0,0.0,,False,0.0,0.0
2026,1316899936696016896,NCAA BIG 10,18,1,465720627639087104,Mo00,3,kfitch3p,0.0,0.0,,False,0.0,0.0
2026,1316899936696016896,NCAA BIG 10,18,3,437465313911500800,kfitch3p,1,Mo00,0.0,0.0,,False,0.0,0.0
2026,1316899936696016896,NCAA BIG 10,18,2,438178170542223360,EthanH,12,chrispychicken,0.0,0.0,,False,0.0,0.0
2026,1316899936696016896,NCAA BIG 10,18,12,443870183853912064,chrispychicken,2,EthanH,0.0,0.0,,False,0.0,0.0
2026,1316899936696016896,NCAA BIG 10,18,4,1354967293209083904,EndZoneAllDay1,10,richardson98,0.0,0.0,,False,0.0,0.0
2026,1316899936696016896,NCAA BIG 10,18,10,459225788735025152,richardson98,4,EndZoneAllDay1,0.0,0.0,,False,0.0,0.0
2026,1316899936696016896,NCAA BIG 10,18,5,856759599565475840,Justahippo,7,linkoftime1,0.0,0.0,,False,0.0,0.0
2026,1316899936696016896,NCAA BIG 10,18,7,460518714907815936,linkoftime1,5,Justahippo,0.0,0.0,,False,0.0,0.0
2026,1316899936696016896,NCAA BIG 10,18,6,460511267564548096,laxbro000,8,ChAiNSmOkErTk,0.0,0.0,,False,0.0,0.0
2026,1316899936696016896,NCAA BIG 10,18,8,998438693570539520,ChAiNSmOkErTk,6,laxbro000,0.0,0.0,,False,0.0,0.0
2026,1316899936696016896,NCAA BIG 10,18,9,559208653427675136,Klashified,11,Schuflakka,0.0,0.0,,False,0.0,0.0
2026,1316899936696016896,NCAA BIG 10,18,11,471056290550902784,Schuflakka,9,Klashified,0.0,0.0,,False,0.0,0.0
2026,1316899756005412864,NCAA BIG SKY,1,1,456258200757334016,WillyP15,7,fballfreek80,116.5,116.72,Loss,True,116.5,0.0
2026,1316899756005412864,NCAA BIG SKY,1,7,78892531970359296,fballfreek80,1,WillyP15,116.72,116.5,Win,True,116.72,0.0
2026,1316899756005412864,NCAA BIG SKY,1,2,439255136309604352,PapaCrowther,3,Beastchewy15,145.86,151.46,Loss,True,145.86,0.0
2026,1316899756005412864,NCAA BIG SKY,1,3,449327253101211648,Beastchewy15,2,PapaCrowther,151.46,145.86,Win,True,151.46,0.0
2026,1316899756005412864,NCAA BIG SKY,1,4,519439276311531520,Elestial,9,Pinky7373,116.44,32.34,Win,True,116.44,0.0
2026,1316899756005412864,NCAA BIG SKY,1,9,448641292377780224,Pinky7373,4,Elestial,32.34,116.44,Loss,True,32.34,0.0
2026,1316899756005412864,NCAA BIG SKY,1,5,465934519652839424,agrakush,10,thejockytype,139.16,70.1,Win,True,139.16,0.0
2026,1316899756005412864,NCAA BIG SKY,1,10,334014945886748672,thejockytype,5,agrakush,70.1,139.16,Loss,True,70.1,-0.0
2026,1316899756005412864,NCAA BIG SKY,1,6,424793511431262208,Elwayluva7,12,mssullivan2022,128.96,155.1,Loss,True,128.96,0.0
2026,1316899756005412864,NCAA BIG SKY,1,12,519767126595325952,mssullivan2022,6,Elwayluva7,155.1,128.96,Win,True,155.1,-0.0
2026,1316899756005412864,NCAA BIG SKY,1,8,437413803001376768,Vitus,11,mgrant55,174.26,93.92,Win,True,174.26,-0.0
2026,1316899756005412864,NCAA BIG SKY,1,11,604388962898866176,mgrant55,8,Vitus,93.92,174.26,Loss,True,93.92,0.0
2026,1316899756005412864,NCAA BIG SKY,2,1,456258200757334016,WillyP15,10,thejockytype,171.0,61.28,Win,True,171.0,0.0
2026,1316899756005412864,NCAA BIG SKY,2,10,334014945886748672,thejockytype,1,WillyP15,61.28,171.0,Loss,True,61.28,0.0
2026,1316899756005412864,NCAA BIG SKY,2,2,439255136309604352,PapaCrowther,7,fballfreek80,73.14,82.56,Loss,True,73.14,0.0
2026,1316899756005412864,NCAA BIG SKY,2,7,78892531970359296,fballfreek80,2,PapaCrowther,82.56,73.14,Win,True,82.56,0.0
2026,1316899756005412864,NCAA BIG SKY,2,3,449327253101211648,Beastchewy15,5,agrakush,186.78,122.58,Win,True,186.78,0.0
2026,1316899756005412864,NCAA BIG SKY,2,5,465934519652839424,agrakush,3,Beastchewy15,122.58,186.78,Loss,True,122.58,0.0
2026,1316899756005412864,NCAA BIG SKY,2,4,519439276311531520,Elestial,12,mssullivan2022,137.5,178.48,Loss,True,137.5,0.0
2026,1316899756005412864,NCAA BIG SKY,2,12,519767126595325952,mssullivan2022,4,Elestial,178.48,137.5,Win,True,178.48,0.0
2026,1316899756005412864,NCAA BIG SKY,2,6,424793511431262208,Elwayluva7,8,Vitus,112.5,180.12,Loss,True,112.5,0.0
2026,1316899756005412864,NCAA BIG SKY,2,8,437413803001376768,Vitus,6,Elwayluva7,180.12,112.5,Win,True,180.12,0.0
2026,1316899756005412864,NCAA BIG SKY,2,9,448641292377780224,Pinky7373,11,mgrant55,38.28,56.62,Loss,True,38.28,0.0
2026,1316899756005412864,NCAA BIG SKY,2,11,604388962898866176,mgrant55,9,Pinky7373,56.62,38.28,Win,True,56.62,0.0
2026,1316899756005412864,NCAA BIG SKY,3,1,456258200757334016,WillyP15,2,PapaCrowther,75.24,124.72,Loss,True,75.24,0.0
2026,1316899756005412864,NCAA BIG SKY,3,2,439255136309604352,PapaCrowther,1,WillyP15,124.72,75.24,Win,True,124.72,0.0
2026,1316899756005412864,NCAA BIG SKY,3,3,449327253101211648,Beastchewy15,10,thejockytype,175.04,67.8,Win,True,175.04,0.0
2026,1316899756005412864,NCAA BIG SKY,3,10,334014945886748672,thejockytype,3,Beastchewy15,67.8,175.04,Loss,True,67.8,0.0
2026,1316899756005412864,NCAA BIG SKY,3,4,519439276311531520,Elestial,11,mgrant55,146.24,82.36,Win,True,146.24,0.0
2026,1316899756005412864,NCAA BIG SKY,3,11,604388962898866176,mgrant55,4,Elestial,82.36,146.24,Loss,True,82.36,0.0
2026,1316899756005412864,NCAA BIG SKY,3,5,465934519652839424,agrakush,7,fballfreek80,162.58,127.42,Win,True,162.58,0.0
2026,1316899756005412864,NCAA BIG SKY,3,7,78892531970359296,fballfreek80,5,agrakush,127.42,162.58,Loss,True,127.42,0.0
2026,1316899756005412864,NCAA BIG SKY,3,6,424793511431262208,Elwayluva7,9,Pinky7373,152.14,37.58,Win,True,152.14,0.0
2026,1316899756005412864,NCAA BIG SKY,3,9,448641292377780224,Pinky7373,6,Elwayluva7,37.58,152.14,Loss,True,37.58,0.0
2026,1316899756005412864,NCAA BIG SKY,3,8,437413803001376768,Vitus,12,mssullivan2022,156.56,174.3,Loss,True,156.56,0.0
2026,1316899756005412864,NCAA BIG SKY,3,12,519767126595325952,mssullivan2022,8,Vitus,174.3,156.56,Win,True,174.3,0.0
2026,1316899756005412864,NCAA BIG SKY,4,1,456258200757334016,WillyP15,3,Beastchewy15,13.7,0.0,Win,True,13.7,0.0
2026,1316899756005412864,NCAA BIG SKY,4,3,449327253101211648,Beastchewy15,1,WillyP15,0.0,13.7,Loss,True,0.0,0.0
2026,1316899756005412864,NCAA BIG SKY,4,2,439255136309604352,PapaCrowther,5,agrakush,22.6,0.0,Win,True,22.6,0.0
2026,1316899756005412864,NCAA BIG SKY,4,5,465934519652839424,agrakush,2,PapaCrowther,0.0,22.6,Loss,True,0.0,0.0
2026,1316899756005412864,NCAA BIG SKY,4,4,519439276311531520,Elestial,8,Vitus,12.9,22.7,Loss,True,12.9,0.0
2026,1316899756005412864,NCAA BIG SKY,4,8,437413803001376768,Vitus,4,Elestial,22.7,12.9,Win,True,22.7,0.0
2026,1316899756005412864,NCAA BIG SKY,4,6,424793511431262208,Elwayluva7,11,mgrant55,16.5,16.0,Win,True,16.5,0.0
2026,1316899756005412864,NCAA BIG SKY,4,11,604388962898866176,mgrant55,6,Elwayluva7,16.0,16.5,Loss,True,16.0,0.0
2026,1316899756005412864,NCAA BIG SKY,4,7,78892531970359296,fballfreek80,10,thejockytype,0.0,14.2,Loss,True,0.0,0.0
2026,1316899756005412864,NCAA BIG SKY,4,10,334014945886748672,thejockytype,7,fballfreek80,14.2,0.0,Win,True,14.2,0.0
2026,1316899756005412864,NCAA BIG SKY,4,9,448641292377780224,Pinky7373,12,mssullivan2022,0.0,0.0,,True,0.0,0.0
2026,1316899756005412864,NCAA BIG SKY,4,12,519767126595325952,mssullivan2022,9,Pinky7373,0.0,0.0,,True,0.0,0.0
2026,1316899756005412864,NCAA BIG SKY,5,1,456258200757334016,WillyP15,5,agrakush,0.0,0.0,,True,0.0,0.0
2026,1316899756005412864,NCAA BIG SKY,5,5,465934519652839424,agrakush,1,WillyP15,0.0,0.0,,True,0.0,0.0
2026,1316899756005412864,NCAA BIG SKY,5,2,439255136309604352,PapaCrowther,10,thejockytype,0.0,0.0,,True,0.0,0.0
2026,1316899756005412864,NCAA BIG SKY,5,10,334014945886748672,thejockytype,2,PapaCrowther,0.0,0.0,,True,0.0,0.0
2026,1316899756005412864,NCAA BIG SKY,5,3,449327253101211648,Beastchewy15,7,fballfreek80,0.0,0.0,,True,0.0,0.0
2026,1316899756005412864,NCAA BIG SKY,5,7,78892531970359296,fballfreek80,3,Beastchewy15,0.0,0.0,,True,0.0,0.0
2026,1316899756005412864,NCAA BIG SKY,5,4,519439276311531520,Elestial,6,Elwayluva7,0.0,0.0,,True,0.0,0.0
2026,1316899756005412864,NCAA BIG SKY,5,6,424793511431262208,Elwayluva7,4,Elestial,0.0,0.0,,True,0.0,0.0
2026,1316899756005412864,NCAA BIG SKY,5,8,437413803001376768,Vitus,9,Pinky7373,0.0,0.0,,True,0.0,0.0
2026,1316899756005412864,NCAA BIG SKY,5,9,448641292377780224,Pinky7373,8,Vitus,0.0,0.0,,True,0.0,0.0
2026,1316899756005412864,NCAA BIG SKY,5,11,604388962898866176,mgrant55,12,mssullivan2022,0.0,0.0,,True,0.0,0.0
2026,1316899756005412864,NCAA BIG SKY,5,12,519767126595325952,mssullivan2022,11,mgrant55,0.0,0.0,,True,0.0,0.0
2026,1316899756005412864,NCAA BIG SKY,6,1,456258200757334016,WillyP15,4,Elestial,0.0,0.0,,True,0.0,0.0
2026,1316899756005412864,NCAA BIG SKY,6,4,519439276311531520,Elestial,1,WillyP15,0.0,0.0,,True,0.0,0.0
2026,1316899756005412864,NCAA BIG SKY,6,2,439255136309604352,PapaCrowther,11,mgrant55,0.0,0.0,,True,0.0,0.0
2026,1316899756005412864,NCAA BIG SKY,6,11,604388962898866176,mgrant55,2,PapaCrowther,0.0,0.0,,True,0.0,0.0
2026,1316899756005412864,NCAA BIG SKY,6,3,449327253101211648,Beastchewy15,8,Vitus,0.0,0.0,,True,0.0,0.0
2026,1316899756005412864,NCAA BIG SKY,6,8,437413803001376768,Vitus,3,Beastchewy15,0.0,0.0,,True,0.0,0.0
2026,1316899756005412864,NCAA BIG SKY,6,5,465934519652839424,agrakush,6,Elwayluva7,0.0,0.0,,True,0.0,0.0
2026,1316899756005412864,NCAA BIG SKY,6,6,424793511431262208,Elwayluva7,5,agrakush,0.0,0.0,,True,0.0,0.0
2026,1316899756005412864,NCAA BIG SKY,6,7,78892531970359296,fballfreek80,9,Pinky7373,0.0,0.0,,True,0.0,0.0
2026,1316899756005412864,NCAA BIG SKY,6,9,448641292377780224,Pinky7373,7,fballfreek80,0.0,0.0,,True,0.0,0.0
2026,1316899756005412864,NCAA BIG SKY,6,10,334014945886748672,thejockytype,12,mssullivan2022,0.0,0.0,,True,0.0,0.0
2026,1316899756005412864,NCAA BIG SKY,6,12,519767126595325952,mssullivan2022,10,thejockytype,0.0,0.0,,True,0.0,0.0
2026,1316899756005412864,NCAA BIG SKY,7,1,456258200757334016,WillyP15,9,Pinky7373,0.0,0.0,,True,0.0,0.0
2026,1316899756005412864,NCAA BIG SKY,7,9,448641292377780224,Pinky7373,1,WillyP15,0.0,0.0,,True,0.0,0.0
2026,1316899756005412864,NCAA BIG SKY,7,2,439255136309604352,PapaCrowther,8,Vitus,0.0,0.0,,True,0.0,0.0
2026,1316899756005412864,NCAA BIG SKY,7,8,437413803001376768,Vitus,2,PapaCrowther,0.0,0.0,,True,0.0,0.0
2026,1316899756005412864,NCAA BIG SKY,7,3,449327253101211648,Beastchewy15,11,mgrant55,0.0,0.0,,True,0.0,0.0
2026,1316899756005412864,NCAA BIG SKY,7,11,604388962898866176,mgrant55,3,Beastchewy15,0.0,0.0,,True,0.0,0.0
2026,1316899756005412864,NCAA BIG SKY,7,4,519439276311531520,Elestial,7,fballfreek80,0.0,0.0,,True,0.0,0.0
2026,1316899756005412864,NCAA BIG SKY,7,7,78892531970359296,fballfreek80,4,Elestial,0.0,0.0,,True,0.0,0.0
2026,1316899756005412864,NCAA BIG SKY,7,5,465934519652839424,agrakush,12,mssullivan2022,0.0,0.0,,True,0.0,0.0
2026,1316899756005412864,NCAA BIG SKY,7,12,519767126595325952,mssullivan2022,5,agrakush,0.0,0.0,,True,0.0,0.0
2026,1316899756005412864,NCAA BIG SKY,7,6,424793511431262208,Elwayluva7,10,thejockytype,0.0,0.0,,True,0.0,0.0
2026,1316899756005412864,NCAA BIG SKY,7,10,334014945886748672,thejockytype,6,Elwayluva7,0.0,0.0,,True,0.0,0.0
2026,1316899756005412864,NCAA BIG SKY,8,1,456258200757334016,WillyP15,12,mssullivan2022,0.0,0.0,,True,0.0,0.0
2026,1316899756005412864,NCAA BIG SKY,8,12,519767126595325952,mssullivan2022,1,WillyP15,0.0,0.0,,True,0.0,0.0
2026,1316899756005412864,NCAA BIG SKY,8,2,439255136309604352,PapaCrowther,9,Pinky7373,0.0,0.0,,True,0.0,0.0
2026,1316899756005412864,NCAA BIG SKY,8,9,448641292377780224,Pinky7373,2,PapaCrowther,0.0,0.0,,True,0.0,0.0
2026,1316899756005412864,NCAA BIG SKY,8,3,449327253101211648,Beastchewy15,4,Elestial,0.0,0.0,,True,0.0,0.0
2026,1316899756005412864,NCAA BIG SKY,8,4,519439276311531520,Elestial,3,Beastchewy15,0.0,0.0,,True,0.0,0.0
2026,1316899756005412864,NCAA BIG SKY,8,5,465934519652839424,agrakush,11,mgrant55,0.0,0.0,,True,0.0,0.0
2026,1316899756005412864,NCAA BIG SKY,8,11,604388962898866176,mgrant55,5,agrakush,0.0,0.0,,True,0.0,0.0
2026,1316899756005412864,NCAA BIG SKY,8,6,424793511431262208,Elwayluva7,7,fballfreek80,0.0,0.0,,True,0.0,0.0
2026,1316899756005412864,NCAA BIG SKY,8,7,78892531970359296,fballfreek80,6,Elwayluva7,0.0,0.0,,True,0.0,0.0
2026,1316899756005412864,NCAA BIG SKY,8,8,437413803001376768,Vitus,10,thejockytype,0.0,0.0,,True,0.0,0.0
2026,1316899756005412864,NCAA BIG SKY,8,10,334014945886748672,thejockytype,8,Vitus,0.0,0.0,,True,0.0,0.0
2026,1316899756005412864,NCAA BIG SKY,9,1,456258200757334016,WillyP15,6,Elwayluva7,0.0,0.0,,True,0.0,0.0
2026,1316899756005412864,NCAA BIG SKY,9,6,424793511431262208,Elwayluva7,1,WillyP15,0.0,0.0,,True,0.0,0.0
2026,1316899756005412864,NCAA BIG SKY,9,2,439255136309604352,PapaCrowther,4,Elestial,0.0,0.0,,True,0.0,0.0
2026,1316899756005412864,NCAA BIG SKY,9,4,519439276311531520,Elestial,2,PapaCrowther,0.0,0.0,,True,0.0,0.0
2026,1316899756005412864,NCAA BIG SKY,9,3,449327253101211648,Beastchewy15,9,Pinky7373,0.0,0.0,,True,0.0,0.0
2026,1316899756005412864,NCAA BIG SKY,9,9,448641292377780224,Pinky7373,3,Beastchewy15,0.0,0.0,,True,0.0,0.0
2026,1316899756005412864,NCAA BIG SKY,9,5,465934519652839424,agrakush,8,Vitus,0.0,0.0,,True,0.0,0.0
2026,1316899756005412864,NCAA BIG SKY,9,8,437413803001376768,Vitus,5,agrakush,0.0,0.0,,True,0.0,0.0
2026,1316899756005412864,NCAA BIG SKY,9,7,78892531970359296,fballfreek80,12,mssullivan2022,0.0,0.0,,True,0.0,0.0
2026,1316899756005412864,NCAA BIG SKY,9,12,519767126595325952,mssullivan2022,7,fballfreek80,0.0,0.0,,True,0.0,0.0
2026,1316899756005412864,NCAA BIG SKY,9,10,334014945886748672,thejockytype,11,mgrant55,0.0,0.0,,True,0.0,0.0
2026,1316899756005412864,NCAA BIG SKY,9,11,604388962898866176,mgrant55,10,thejockytype,0.0,0.0,,True,0.0,0.0
2026,1316899756005412864,NCAA BIG SKY,10,1,456258200757334016,WillyP15,8,Vitus,0.0,0.0,,True,0.0,0.0
2026,1316899756005412864,NCAA BIG SKY,10,8,437413803001376768,Vitus,1,WillyP15,0.0,0.0,,True,0.0,0.0
2026,1316899756005412864,NCAA BIG SKY,10,2,439255136309604352,PapaCrowther,6,Elwayluva7,0.0,0.0,,True,0.0,0.0
2026,1316899756005412864,NCAA BIG SKY,10,6,424793511431262208,Elwayluva7,2,PapaCrowther,0.0,0.0,,True,0.0,0.0
2026,1316899756005412864,NCAA BIG SKY,10,3,449327253101211648,Beastchewy15,12,mssullivan2022,0.0,0.0,,True,0.0,0.0
2026,1316899756005412864,NCAA BIG SKY,10,12,519767126595325952,mssullivan2022,3,Beastchewy15,0.0,0.0,,True,0.0,0.0
2026,1316899756005412864,NCAA BIG SKY,10,4,519439276311531520,Elestial,10,thejockytype,0.0,0.0,,True,0.0,0.0
2026,1316899756005412864,NCAA BIG SKY,10,10,334014945886748672,thejockytype,4,Elestial,0.0,0.0,,True,0.0,0.0
2026,1316899756005412864,NCAA BIG SKY,10,5,465934519652839424,agrakush,9,Pinky7373,0.0,0.0,,True,0.0,0.0
2026,1316899756005412864,NCAA BIG SKY,10,9,448641292377780224,Pinky7373,5,agrakush,0.0,0.0,,True,0.0,0.0
2026,1316899756005412864,NCAA BIG SKY,10,7,78892531970359296,fballfreek80,11,mgrant55,0.0,0.0,,True,0.0,0.0
2026,1316899756005412864,NCAA BIG SKY,10,11,604388962898866176,mgrant55,7,fballfreek80,0.0,0.0,,True,0.0,0.0
2026,1316899756005412864,NCAA BIG SKY,11,1,456258200757334016,WillyP15,11,mgrant55,0.0,0.0,,True,0.0,0.0
2026,1316899756005412864,NCAA BIG SKY,11,11,604388962898866176,mgrant55,1,WillyP15,0.0,0.0,,True,0.0,0.0
2026,1316899756005412864,NCAA BIG SKY,11,2,439255136309604352,PapaCrowther,12,mssullivan2022,0.0,0.0,,True,0.0,0.0
2026,1316899756005412864,NCAA BIG SKY,11,12,519767126595325952,mssullivan2022,2,PapaCrowther,0.0,0.0,,True,0.0,0.0
2026,1316899756005412864,NCAA BIG SKY,11,3,449327253101211648,Beastchewy15,6,Elwayluva7,0.0,0.0,,True,0.0,0.0
2026,1316899756005412864,NCAA BIG SKY,11,6,424793511431262208,Elwayluva7,3,Beastchewy15,0.0,0.0,,True,0.0,0.0
2026,1316899756005412864,NCAA BIG SKY,11,4,519439276311531520,Elestial,5,agrakush,0.0,0.0,,True,0.0,0.0
2026,1316899756005412864,NCAA BIG SKY,11,5,465934519652839424,agrakush,4,Elestial,0.0,0.0,,True,0.0,0.0
2026,1316899756005412864,NCAA BIG SKY,11,7,78892531970359296,fballfreek80,8,Vitus,0.0,0.0,,True,0.0,0.0
2026,1316899756005412864,NCAA BIG SKY,11,8,437413803001376768,Vitus,7,fballfreek80,0.0,0.0,,True,0.0,0.0
2026,1316899756005412864,NCAA BIG SKY,11,9,448641292377780224,Pinky7373,10,thejockytype,0.0,0.0,,True,0.0,0.0
2026,1316899756005412864,NCAA BIG SKY,11,10,334014945886748672,thejockytype,9,Pinky7373,0.0,0.0,,True,0.0,0.0
2026,1316899756005412864,NCAA BIG SKY,12,1,456258200757334016,WillyP15,7,fballfreek80,0.0,0.0,,False,0.0,0.0
2026,1316899756005412864,NCAA BIG SKY,12,7,78892531970359296,fballfreek80,1,WillyP15,0.0,0.0,,False,0.0,0.0
2026,1316899756005412864,NCAA BIG SKY,12,2,439255136309604352,PapaCrowther,3,Beastchewy15,0.0,0.0,,False,0.0,0.0
2026,1316899756005412864,NCAA BIG SKY,12,3,449327253101211648,Beastchewy15,2,PapaCrowther,0.0,0.0,,False,0.0,0.0
2026,1316899756005412864,NCAA BIG SKY,12,4,519439276311531520,Elestial,9,Pinky7373,0.0,0.0,,False,0.0,0.0
2026,1316899756005412864,NCAA BIG SKY,12,9,448641292377780224,Pinky7373,4,Elestial,0.0,0.0,,False,0.0,0.0
2026,1316899756005412864,NCAA BIG SKY,12,5,465934519652839424,agrakush,10,thejockytype,0.0,0.0,,False,0.0,0.0
2026,1316899756005412864,NCAA BIG SKY,12,10,334014945886748672,thejockytype,5,agrakush,0.0,0.0,,False,0.0,0.0
2026,1316899756005412864,NCAA BIG SKY,12,6,424793511431262208,Elwayluva7,12,mssullivan2022,0.0,0.0,,False,0.0,0.0
2026,1316899756005412864,NCAA BIG SKY,12,12,519767126595325952,mssullivan2022,6,Elwayluva7,0.0,0.0,,False,0.0,0.0
2026,1316899756005412864,NCAA BIG SKY,12,8,437413803001376768,Vitus,11,mgrant55,0.0,0.0,,False,0.0,0.0
2026,1316899756005412864,NCAA BIG SKY,12,11,604388962898866176,mgrant55,8,Vitus,0.0,0.0,,False,0.0,0.0
2026,1316899756005412864,NCAA BIG SKY,13,1,456258200757334016,WillyP15,10,thejockytype,0.0,0.0,,False,0.0,0.0
2026,1316899756005412864,NCAA BIG SKY,13,10,334014945886748672,thejockytype,1,WillyP15,0.0,0.0,,False,0.0,0.0
2026,1316899756005412864,NCAA BIG SKY,13,2,439255136309604352,PapaCrowther,7,fballfreek80,0.0,0.0,,False,0.0,0.0
2026,1316899756005412864,NCAA BIG SKY,13,7,78892531970359296,fballfreek80,2,PapaCrowther,0.0,0.0,,False,0.0,0.0
2026,1316899756005412864,NCAA BIG SKY,13,3,449327253101211648,Beastchewy15,5,agrakush,0.0,0.0,,False,0.0,0.0
2026,1316899756005412864,NCAA BIG SKY,13,5,465934519652839424,agrakush,3,Beastchewy15,0.0,0.0,,False,0.0,0.0
2026,1316899756005412864,NCAA BIG SKY,13,4,519439276311531520,Elestial,12,mssullivan2022,0.0,0.0,,False,0.0,0.0
2026,1316899756005412864,NCAA BIG SKY,13,12,519767126595325952,mssullivan2022,4,Elestial,0.0,0.0,,False,0.0,0.0
2026,1316899756005412864,NCAA BIG SKY,13,6,424793511431262208,Elwayluva7,8,Vitus,0.0,0.0,,False,0.0,0.0
2026,1316899756005412864,NCAA BIG SKY,13,8,437413803001376768,Vitus,6,Elwayluva7,0.0,0.0,,False,0.0,0.0
2026,1316899756005412864,NCAA BIG SKY,13,9,448641292377780224,Pinky7373,11,mgrant55,0.0,0.0,,False,0.0,0.0
2026,1316899756005412864,NCAA BIG SKY,13,11,604388962898866176,mgrant55,9,Pinky7373,0.0,0.0,,False,0.0,0.0
2026,1316899756005412864,NCAA BIG SKY,14,1,456258200757334016,WillyP15,2,PapaCrowther,0.0,0.0,,False,0.0,0.0
2026,1316899756005412864,NCAA BIG SKY,14,2,439255136309604352,PapaCrowther,1,WillyP15,0.0,0.0,,False,0.0,0.0
2026,1316899756005412864,NCAA BIG SKY,14,3,449327253101211648,Beastchewy15,10,thejockytype,0.0,0.0,,False,0.0,0.0
2026,1316899756005412864,NCAA BIG SKY,14,10,334014945886748672,thejockytype,3,Beastchewy15,0.0,0.0,,False,0.0,0.0
2026,1316899756005412864,NCAA BIG SKY,14,4,519439276311531520,Elestial,11,mgrant55,0.0,0.0,,False,0.0,0.0
2026,1316899756005412864,NCAA BIG SKY,14,11,604388962898866176,mgrant55,4,Elestial,0.0,0.0,,False,0.0,0.0
2026,1316899756005412864,NCAA BIG SKY,14,5,465934519652839424,agrakush,7,fballfreek80,0.0,0.0,,False,0.0,0.0
2026,1316899756005412864,NCAA BIG SKY,14,7,78892531970359296,fballfreek80,5,agrakush,0.0,0.0,,False,0.0,0.0
2026,1316899756005412864,NCAA BIG SKY,14,6,424793511431262208,Elwayluva7,9,Pinky7373,0.0,0.0,,False,0.0,0.0
2026,1316899756005412864,NCAA BIG SKY,14,9,448641292377780224,Pinky7373,6,Elwayluva7,0.0,0.0,,False,0.0,0.0
2026,1316899756005412864,NCAA BIG SKY,14,8,437413803001376768,Vitus,12,mssullivan2022,0.0,0.0,,False,0.0,0.0
2026,1316899756005412864,NCAA BIG SKY,14,12,519767126595325952,mssullivan2022,8,Vitus,0.0,0.0,,False,0.0,0.0
2026,1316899756005412864,NCAA BIG SKY,15,1,456258200757334016,WillyP15,3,Beastchewy15,0.0,0.0,,False,0.0,0.0
2026,1316899756005412864,NCAA BIG SKY,15,3,449327253101211648,Beastchewy15,1,WillyP15,0.0,0.0,,False,0.0,0.0
2026,1316899756005412864,NCAA BIG SKY,15,2,439255136309604352,PapaCrowther,5,agrakush,0.0,0.0,,False,0.0,0.0
2026,1316899756005412864,NCAA BIG SKY,15,5,465934519652839424,agrakush,2,PapaCrowther,0.0,0.0,,False,0.0,0.0
2026,1316899756005412864,NCAA BIG SKY,15,4,519439276311531520,Elestial,8,Vitus,0.0,0.0,,False,0.0,0.0
2026,1316899756005412864,NCAA BIG SKY,15,8,437413803001376768,Vitus,4,Elestial,0.0,0.0,,False,0.0,0.0
2026,1316899756005412864,NCAA BIG SKY,15,6,424793511431262208,Elwayluva7,11,mgrant55,0.0,0.0,,False,0.0,0.0
2026,1316899756005412864,NCAA BIG SKY,15,11,604388962898866176,mgrant55,6,Elwayluva7,0.0,0.0,,False,0.0,0.0
2026,1316899756005412864,NCAA BIG SKY,15,7,78892531970359296,fballfreek80,10,thejockytype,0.0,0.0,,False,0.0,0.0
2026,1316899756005412864,NCAA BIG SKY,15,10,334014945886748672,thejockytype,7,fballfreek80,0.0,0.0,,False,0.0,0.0
2026,1316899756005412864,NCAA BIG SKY,15,9,448641292377780224,Pinky7373,12,mssullivan2022,0.0,0.0,,False,0.0,0.0
2026,1316899756005412864,NCAA BIG SKY,15,12,519767126595325952,mssullivan2022,9,Pinky7373,0.0,0.0,,False,0.0,0.0
2026,1316899756005412864,NCAA BIG SKY,16,1,456258200757334016,WillyP15,5,agrakush,0.0,0.0,,False,0.0,0.0
2026,1316899756005412864,NCAA BIG SKY,16,5,465934519652839424,agrakush,1,WillyP15,0.0,0.0,,False,0.0,0.0
2026,1316899756005412864,NCAA BIG SKY,16,2,439255136309604352,PapaCrowther,10,thejockytype,0.0,0.0,,False,0.0,0.0
2026,1316899756005412864,NCAA BIG SKY,16,10,334014945886748672,thejockytype,2,PapaCrowther,0.0,0.0,,False,0.0,0.0
2026,1316899756005412864,NCAA BIG SKY,16,3,449327253101211648,Beastchewy15,7,fballfreek80,0.0,0.0,,False,0.0,0.0
2026,1316899756005412864,NCAA BIG SKY,16,7,78892531970359296,fballfreek80,3,Beastchewy15,0.0,0.0,,False,0.0,0.0
2026,1316899756005412864,NCAA BIG SKY,16,4,519439276311531520,Elestial,6,Elwayluva7,0.0,0.0,,False,0.0,0.0
2026,1316899756005412864,NCAA BIG SKY,16,6,424793511431262208,Elwayluva7,4,Elestial,0.0,0.0,,False,0.0,0.0
2026,1316899756005412864,NCAA BIG SKY,16,8,437413803001376768,Vitus,9,Pinky7373,0.0,0.0,,False,0.0,0.0
2026,1316899756005412864,NCAA BIG SKY,16,9,448641292377780224,Pinky7373,8,Vitus,0.0,0.0,,False,0.0,0.0
2026,1316899756005412864,NCAA BIG SKY,16,11,604388962898866176,mgrant55,12,mssullivan2022,0.0,0.0,,False,0.0,0.0
2026,1316899756005412864,NCAA BIG SKY,16,12,519767126595325952,mssullivan2022,11,mgrant55,0.0,0.0,,False,0.0,0.0
2026,1316899756005412864,NCAA BIG SKY,17,1,456258200757334016,WillyP15,4,Elestial,0.0,0.0,,False,0.0,0.0
2026,1316899756005412864,NCAA BIG SKY,17,4,519439276311531520,Elestial,1,WillyP15,0.0,0.0,,False,0.0,0.0
2026,1316899756005412864,NCAA BIG SKY,17,2,439255136309604352,PapaCrowther,11,mgrant55,0.0,0.0,,False,0.0,0.0
2026,1316899756005412864,NCAA BIG SKY,17,11,604388962898866176,mgrant55,2,PapaCrowther,0.0,0.0,,False,0.0,0.0
2026,1316899756005412864,NCAA BIG SKY,17,3,449327253101211648,Beastchewy15,8,Vitus,0.0,0.0,,False,0.0,0.0
2026,1316899756005412864,NCAA BIG SKY,17,8,437413803001376768,Vitus,3,Beastchewy15,0.0,0.0,,False,0.0,0.0
2026,1316899756005412864,NCAA BIG SKY,17,5,465934519652839424,agrakush,6,Elwayluva7,0.0,0.0,,False,0.0,0.0
2026,1316899756005412864,NCAA BIG SKY,17,6,424793511431262208,Elwayluva7,5,agrakush,0.0,0.0,,False,0.0,0.0
2026,1316899756005412864,NCAA BIG SKY,17,7,78892531970359296,fballfreek80,9,Pinky7373,0.0,0.0,,False,0.0,0.0
2026,1316899756005412864,NCAA BIG SKY,17,9,448641292377780224,Pinky7373,7,fballfreek80,0.0,0.0,,False,0.0,0.0
2026,1316899756005412864,NCAA BIG SKY,17,10,334014945886748672,thejockytype,12,mssullivan2022,0.0,0.0,,False,0.0,0.0
2026,1316899756005412864,NCAA BIG SKY,17,12,519767126595325952,mssullivan2022,10,thejockytype,0.0,0.0,,False,0.0,0.0
2026,1316899756005412864,NCAA BIG SKY,18,1,456258200757334016,WillyP15,9,Pinky7373,0.0,0.0,,False,0.0,0.0
2026,1316899756005412864,NCAA BIG SKY,18,9,448641292377780224,Pinky7373,1,WillyP15,0.0,0.0,,False,0.0,0.0
2026,1316899756005412864,NCAA BIG SKY,18,2,439255136309604352,PapaCrowther,8,Vitus,0.0,0.0,,False,0.0,0.0
2026,1316899756005412864,NCAA BIG SKY,18,8,437413803001376768,Vitus,2,PapaCrowther,0.0,0.0,,False,0.0,0.0
2026,1316899756005412864,NCAA BIG SKY,18,3,449327253101211648,Beastchewy15,11,mgrant55,0.0,0.0,,False,0.0,0.0
2026,1316899756005412864,NCAA BIG SKY,18,11,604388962898866176,mgrant55,3,Beastchewy15,0.0,0.0,,False,0.0,0.0
2026,1316899756005412864,NCAA BIG SKY,18,4,519439276311531520,Elestial,7,fballfreek80,0.0,0.0,,False,0.0,0.0
2026,1316899756005412864,NCAA BIG SKY,18,7,78892531970359296,fballfreek80,4,Elestial,0.0,0.0,,False,0.0,0.0
2026,1316899756005412864,NCAA BIG SKY,18,5,465934519652839424,agrakush,12,mssullivan2022,0.0,0.0,,False,0.0,0.0
2026,1316899756005412864,NCAA BIG SKY,18,12,519767126595325952,mssullivan2022,5,agrakush,0.0,0.0,,False,0.0,0.0
2026,1316899756005412864,NCAA BIG SKY,18,6,424793511431262208,Elwayluva7,10,thejockytype,0.0,0.0,,False,0.0,0.0
2026,1316899756005412864,NCAA BIG SKY,18,10,334014945886748672,thejockytype,6,Elwayluva7,0.0,0.0,,False,0.0,0.0
