Year,PollType,ThroughWeek,AppliesToWeek,Rank,Tied,Status,Team,LeagueID,LeagueName,League,RosterID,Score,ComputerPct,HumanPct,HumanPoints,FirstPlaceVotes,BotAvgRank,BotHigh,BotLow,BotsUsed,HumanBallots,PrevRank,Move,Wins,Losses,Ties,PF,PublishedAt
2026,BotConsensus,1,2,1,False,Consensus,Florida A&M,1331774630620332032,NCAA HISTORICALLY BLACK,HBCU,5,1.5744,0.7624,,,3,3.5,1,15,6,0,,,1,0,0,203.3,backfill
2026,BotConsensus,1,2,2,False,Consensus,NC State,1331774915392577536,NCAA ACC,ACC,10,1.4182,0.7364,,,0,8.75,3,25,6,0,,,1,0,0,187.1,backfill
2026,BotConsensus,1,2,3,False,Consensus,Kansas State,1331774880181399552,NCAA BIG 12,Big 12,7,1.4034,0.7339,,,0,7.0,2,72,6,0,,,1,0,0,198.52,backfill
2026,BotConsensus,1,2,4,False,Consensus,Mississippi Valley State,1331774630620332032,NCAA HISTORICALLY BLACK,HBCU,7,1.3995,0.7332,,,0,9.25,9,48,6,0,,,1,0,0,184.76,backfill
2026,BotConsensus,1,2,5,False,Consensus,Auburn,1331775170712444928,NCAA SEC,SEC,4,1.385,0.7308,,,0,9.75,7,54,6,0,,,1,0,0,185.66,backfill
2026,BotConsensus,1,2,6,False,Consensus,Dartmouth,1331774741488369664,NCAA IVY,Ivy,11,1.3723,0.7287,,,0,11.25,4,42,6,0,,,1,0,0,180.96,backfill
2026,BotConsensus,1,2,7,False,Consensus,South Carolina,1331775170712444928,NCAA SEC,SEC,10,1.3314,0.7219,,,0,12.25,3,51,6,0,,,1,0,0,195.6,backfill
2026,BotConsensus,1,2,8,False,Consensus,Chattanooga,1331774544905510912,NCAA OHIO VALLEY,Ohio Valley,4,1.3025,0.7171,,,0,12.0,4,64,6,0,,,1,0,0,190.36,backfill
2026,BotConsensus,1,2,9,False,Consensus,Colorado,1331775106527006720,NCAA PAC 12,PAC 12,8,1.3023,0.7171,,,0,15.5,2,62,6,0,,,1,0,0,179.32,backfill
2026,BotConsensus,1,2,10,False,Consensus,Eastern Michigan,1331774454493122560,NCAA WILD,Wild,6,1.2931,0.7155,,,0,15.75,2,38,6,0,,,1,0,0,179.6,backfill
2026,BotConsensus,1,2,11,False,Consensus,Louisiana Tech,1331774846710849536,NCAA SUN BELT,Sun Belt,11,1.2737,0.7123,,,0,13.25,5,82,6,0,,,1,0,0,188.16,backfill
2026,BotConsensus,1,2,12,False,Consensus,Syracuse,1331775206619885568,NCAA BIG EAST & CO.,Big East,7,1.2713,0.7119,,,0,12.75,6,55,6,0,,,1,0,0,187.8,backfill
2026,BotConsensus,1,2,13,False,Consensus,UCLA,1331775106527006720,NCAA PAC 12,PAC 12,12,1.265,0.7108,,,0,20.5,5,78,6,0,,,1,0,0,171.36,backfill
2026,BotConsensus,1,2,14,False,Consensus,Georgia State,1331774695346823168,NCAA USA,CUSA,5,1.227,0.7045,,,0,20.75,5,81,6,0,,,1,0,0,181.76,backfill
2026,BotConsensus,1,2,15,False,Consensus,TCU,1331774880181399552,NCAA BIG 12,Big 12,11,1.1995,0.6999,,,0,20.75,20,55,6,0,,,1,0,0,173.66,backfill
2026,BotConsensus,1,2,16,False,Consensus,Colorado State,1331774599196585984,NCAA MOUNTAIN WEST,Mountain West,8,1.1918,0.6986,,,0,19.25,10,67,6,0,,,1,0,0,182.86,backfill
2026,BotConsensus,1,2,17,False,Consensus,West Virginia,1331774880181399552,NCAA BIG 12,Big 12,8,1.1869,0.6978,,,0,23.75,8,83,6,0,,,1,0,0,174.34,backfill
2026,BotConsensus,1,2,18,False,Consensus,FSU,1331774915392577536,NCAA ACC,ACC,5,1.1659,0.6943,,,0,25.75,8,79,6,0,,,1,0,0,162.96,backfill
2026,BotConsensus,1,2,19,False,Consensus,Memphis,1331774846710849536,NCAA SUN BELT,Sun Belt,8,1.1584,0.6931,,,0,20.0,13,44,6,0,,,1,0,0,179.62,backfill
2026,BotConsensus,1,2,20,False,Consensus,Oregon State,1331775106527006720,NCAA PAC 12,PAC 12,3,1.1406,0.6901,,,0,23.0,13,68,6,0,,,1,0,0,178.88,backfill
2026,BotConsensus,1,2,21,False,Consensus,South Alabama,1331774695346823168,NCAA USA,CUSA,4,1.1368,0.6895,,,0,22.25,16,42,6,0,,,1,0,0,179.0,backfill
2026,BotConsensus,1,2,22,False,Consensus,Purdue,1316899936696016896,NCAA BIG 10,Big 10,1,1.1182,0.6864,,,0,27.5,25,65,6,0,,,1,0,0,164.3,backfill
2026,BotConsensus,1,2,23,False,Consensus,North Carolina Central,1331774544905510912,NCAA OHIO VALLEY,Ohio Valley,12,1.1108,0.6851,,,0,25.5,21,43,6,0,,,1,0,0,172.96,backfill
2026,BotConsensus,1,2,24,False,Consensus,Monmouth,1331774544905510912,NCAA OHIO VALLEY,Ohio Valley,10,1.0934,0.6822,,,1,28.5,1,56,6,0,,,1,0,0,164.36,backfill
2026,BotConsensus,1,2,25,False,Consensus,Portland State,1316899756005412864,NCAA BIG SKY,Big Sky,8,1.0733,0.6789,,,1,32.75,1,145,6,0,,,1,0,0,174.26,backfill
2026,BotConsensus,1,2,26,False,Consensus,Yale,1331774741488369664,NCAA IVY,Ivy,9,1.0598,0.6766,,,0,33.0,22,89,6,0,,,1,0,0,162.72,backfill
2026,BotConsensus,1,2,27,False,Consensus,North Carolina A&T,1331774630620332032,NCAA HISTORICALLY BLACK,HBCU,1,1.0476,0.6746,,,0,30.0,22,47,6,0,,,1,0,0,171.46,backfill
2026,BotConsensus,1,2,28,False,Consensus,Washington State,1331775106527006720,NCAA PAC 12,PAC 12,4,1.0462,0.6744,,,0,34.5,5,75,6,0,,,1,0,0,170.0,backfill
2026,BotConsensus,1,2,29,False,Consensus,Duke,1331774915392577536,NCAA ACC,ACC,7,1.0306,0.6718,,,0,35.5,12,93,6,0,,,1,0,0,155.22,backfill
2026,BotConsensus,1,2,30,False,Consensus,Virginia,1331774915392577536,NCAA ACC,ACC,1,1.03,0.6717,,,0,36.0,16,67,6,0,,,1,0,0,166.06,backfill
2026,BotConsensus,1,2,31,False,Consensus,Hawaii,1331774599196585984,NCAA MOUNTAIN WEST,Mountain West,1,1.0213,0.6702,,,0,31.75,24,61,6,0,,,1,0,0,170.86,backfill
2026,BotConsensus,1,2,32,False,Consensus,Utah State,1331774599196585984,NCAA MOUNTAIN WEST,Mountain West,5,1.0067,0.6678,,,0,35.25,7,86,6,0,,,1,0,0,158.26,backfill
2026,BotConsensus,1,2,33,False,Consensus,Delaware State,1331774630620332032,NCAA HISTORICALLY BLACK,HBCU,3,0.9811,0.6635,,,0,38.25,23,114,6,0,,,1,0,0,155.1,backfill
2026,BotConsensus,1,2,34,False,Consensus,Baylor,1331774880181399552,NCAA BIG 12,Big 12,5,0.9784,0.6631,,,0,38.75,18,111,6,0,,,1,0,0,157.5,backfill
2026,BotConsensus,1,2,35,False,Consensus,Mississippi State,1331775170712444928,NCAA SEC,SEC,6,0.9461,0.6577,,,0,41.0,14,128,6,0,,,1,0,0,154.54,backfill
2026,BotConsensus,1,2,36,False,Consensus,Temple,1331774846710849536,NCAA SUN BELT,Sun Belt,1,0.9435,0.6572,,,0,41.25,6,119,6,0,,,1,0,0,152.8,backfill
2026,BotConsensus,1,2,37,False,Consensus,UCF,1331775206619885568,NCAA BIG EAST & CO.,Big East,9,0.9388,0.6565,,,0,38.75,11,64,6,0,,,1,0,0,157.6,backfill
2026,BotConsensus,1,2,38,False,Consensus,UTSA,1331774846710849536,NCAA SUN BELT,Sun Belt,12,0.9107,0.6518,,,0,41.25,20,70,6,0,,,1,0,0,157.16,backfill
2026,BotConsensus,1,2,39,False,Consensus,Southern Miss,1331774846710849536,NCAA SUN BELT,Sun Belt,9,0.9092,0.6515,,,0,42.25,34,69,6,0,,,1,0,0,157.86,backfill
2026,BotConsensus,1,2,40,False,Consensus,Furman,1331774804222545920,NCAA PIONEER,Pioneer,10,0.9066,0.6511,,,0,42.0,32,59,6,0,,,1,0,0,160.16,backfill
2026,BotConsensus,1,2,41,False,Consensus,Pittsburgh,1331775206619885568,NCAA BIG EAST & CO.,Big East,4,0.8961,0.6494,,,0,41.75,31,66,6,0,,,1,0,0,160.32,backfill
2026,BotConsensus,1,2,42,False,Consensus,Youngstown State,1316899756005412864,NCAA BIG SKY,Big Sky,12,0.8711,0.6452,,,0,44.0,32,76,6,0,,,1,0,0,155.1,backfill
2026,BotConsensus,1,2,43,False,Consensus,Middle Tennessee State,1331774695346823168,NCAA USA,CUSA,7,0.8543,0.6424,,,0,46.0,14,110,6,0,,,1,0,0,151.74,backfill
2026,BotConsensus,1,2,44,False,Consensus,William & Mary,1316899756005412864,NCAA BIG SKY,Big Sky,3,0.8423,0.6404,,,0,47.0,13,112,6,0,,,1,0,0,151.46,backfill
2026,BotConsensus,1,2,45,False,Consensus,Minnesota,1316899936696016896,NCAA BIG 10,Big 10,7,0.8253,0.6375,,,0,47.0,9,68,6,0,,,1,0,0,154.76,backfill
2026,BotConsensus,1,2,46,False,Consensus,Georgia Tech,1331774915392577536,NCAA ACC,ACC,3,0.7947,0.6324,,,0,51.25,18,110,6,0,,,1,0,0,149.1,backfill
2026,BotConsensus,1,2,47,False,Consensus,Wisconsin,1316899936696016896,NCAA BIG 10,Big 10,6,0.7916,0.6319,,,0,51.5,15,146,6,0,,,1,0,0,147.46,backfill
2026,BotConsensus,1,2,48,False,Consensus,UNC Charlotte,1331774454493122560,NCAA WILD,Wild,12,0.758,0.6263,,,0,54.25,7,143,6,0,,,1,0,0,140.3,backfill
2026,BotConsensus,1,2,49,False,Consensus,SE Missouri State,1331774804222545920,NCAA PIONEER,Pioneer,6,0.7479,0.6246,,,0,51.25,38,85,6,0,,,1,0,0,155.82,backfill
2026,BotConsensus,1,2,50,False,Consensus,BYU,1331774599196585984,NCAA MOUNTAIN WEST,Mountain West,6,0.7427,0.6238,,,0,52.0,43,96,6,0,,,1,0,0,151.14,backfill
2026,BotConsensus,1,2,51,False,Consensus,Davidson,1331774804222545920,NCAA PIONEER,Pioneer,12,0.7281,0.6213,,,0,53.75,18,92,6,0,,,1,0,0,146.82,backfill
2026,BotConsensus,1,2,52,False,Consensus,San Diego State,1331774599196585984,NCAA MOUNTAIN WEST,Mountain West,12,0.7226,0.6204,,,0,57.0,35,81,6,0,,,1,0,0,152.66,backfill
2026,BotConsensus,1,2,53,False,Consensus,Arkansas State,1331774695346823168,NCAA USA,CUSA,8,0.7135,0.6189,,,0,55.5,37,126,6,0,,,1,0,0,144.06,backfill
2026,BotConsensus,1,2,54,False,Consensus,Indiana,1316899936696016896,NCAA BIG 10,Big 10,8,0.6893,0.6149,,,1,58.25,1,148,6,0,,,1,0,0,140.2,backfill
2026,BotConsensus,1,2,55,False,Consensus,Georgia,1331775170712444928,NCAA SEC,SEC,7,0.6713,0.6119,,,0,60.25,27,123,6,0,,,1,0,0,140.96,backfill
2026,BotConsensus,1,2,56,False,Consensus,Penn State,1316899936696016896,NCAA BIG 10,Big 10,5,0.5501,0.5917,,,0,64.5,30,93,6,0,,,1,0,0,141.82,backfill
2026,BotConsensus,1,2,57,False,Consensus,Delaware,1331774544905510912,NCAA OHIO VALLEY,Ohio Valley,7,0.5337,0.589,,,0,64.75,52,78,6,0,,,1,0,0,146.2,backfill
2026,BotConsensus,1,2,58,False,Consensus,USF,1331775206619885568,NCAA BIG EAST & CO.,Big East,10,0.5296,0.5883,,,0,68.75,27,157,6,0,,,1,0,0,134.76,backfill
2026,BotConsensus,1,2,59,False,Consensus,Citadel,1331774454493122560,NCAA WILD,Wild,8,0.5176,0.5863,,,0,54.25,30,104,6,0,,,0,1,0,163.56,backfill
2026,BotConsensus,1,2,60,False,Consensus,North Alabama,1331774544905510912,NCAA OHIO VALLEY,Ohio Valley,11,0.5041,0.584,,,0,53.25,29,117,6,0,,,0,1,0,163.86,backfill
2026,BotConsensus,1,2,61,False,Consensus,Marshall,1331774846710849536,NCAA SUN BELT,Sun Belt,5,0.4776,0.5796,,,0,70.0,24,119,6,0,,,1,0,0,138.62,backfill
2026,BotConsensus,1,2,62,False,Consensus,Utah,1331775106527006720,NCAA PAC 12,PAC 12,11,0.4769,0.5795,,,0,67.5,55,95,6,0,,,1,0,0,141.0,backfill
2026,BotConsensus,1,2,63,False,Consensus,Clemson,1331774915392577536,NCAA ACC,ACC,12,0.4733,0.5789,,,0,66.75,52,101,6,0,,,1,0,0,139.56,backfill
2026,BotConsensus,1,2,64,False,Consensus,Columbia,1331774741488369664,NCAA IVY,Ivy,4,0.4693,0.5782,,,0,71.25,19,120,6,0,,,1,0,0,138.0,backfill
2026,BotConsensus,1,2,65,False,Consensus,Wake Forest,1331774915392577536,NCAA ACC,ACC,6,0.45,0.575,,,0,63.25,24,97,6,0,,,0,1,0,160.56,backfill
2026,BotConsensus,1,2,66,False,Consensus,Campbell,1331774804222545920,NCAA PIONEER,Pioneer,8,0.4116,0.5686,,,0,74.0,51,127,6,0,,,1,0,0,138.96,backfill
2026,BotConsensus,1,2,67,False,Consensus,UT Martin,1331774804222545920,NCAA PIONEER,Pioneer,11,0.3937,0.5656,,,0,76.0,33,111,6,0,,,1,0,0,135.44,backfill
2026,BotConsensus,1,2,68,False,Consensus,Old Dominion,1331774454493122560,NCAA WILD,Wild,10,0.3887,0.5648,,,0,78.75,4,172,6,0,,,1,0,0,132.36,backfill
2026,BotConsensus,1,2,69,False,Consensus,Iowa,1316899936696016896,NCAA BIG 10,Big 10,11,0.3877,0.5646,,,0,77.25,45,133,6,0,,,1,0,0,138.36,backfill
2026,BotConsensus,1,2,70,False,Consensus,Princeton,1331774741488369664,NCAA IVY,Ivy,10,0.3588,0.5598,,,0,79.5,34,136,6,0,,,1,0,0,132.36,backfill
2026,BotConsensus,1,2,71,False,Consensus,Charleston Southern,1331774544905510912,NCAA OHIO VALLEY,Ohio Valley,6,0.3494,0.5582,,,0,76.5,46,104,6,0,,,1,0,0,137.12,backfill
2026,BotConsensus,1,2,72,False,Consensus,Morehead State,1331774544905510912,NCAA OHIO VALLEY,Ohio Valley,8,0.3443,0.5574,,,0,81.5,39,151,6,0,,,1,0,0,134.74,backfill
2026,BotConsensus,1,2,73,False,Consensus,Georgetown,1331774741488369664,NCAA IVY,Ivy,5,0.3403,0.5567,,,0,67.0,3,105,6,0,,,0,1,0,158.6,backfill
2026,BotConsensus,1,2,74,False,Consensus,Stony Brook,1316899756005412864,NCAA BIG SKY,Big Sky,5,0.2853,0.5476,,,0,80.0,60,89,6,0,,,1,0,0,139.16,backfill
2026,BotConsensus,1,2,75,False,Consensus,USC,1331775106527006720,NCAA PAC 12,PAC 12,2,0.2559,0.5427,,,0,70.25,20,113,6,0,,,0,1,0,154.42,backfill
2026,BotConsensus,1,2,76,False,Consensus,Jackson State,1331774630620332032,NCAA HISTORICALLY BLACK,HBCU,10,0.2401,0.54,,,0,71.25,8,104,6,0,,,0,1,0,153.9,backfill
2026,BotConsensus,1,2,77,False,Consensus,Austin Peay,1331774804222545920,NCAA PIONEER,Pioneer,9,0.2269,0.5378,,,0,85.75,35,124,6,0,,,1,0,0,131.1,backfill
2026,BotConsensus,1,2,78,False,Consensus,Boston College,1331774915392577536,NCAA ACC,ACC,8,0.1772,0.5295,,,0,74.5,26,119,6,0,,,0,1,0,152.12,backfill
2026,BotConsensus,1,2,79,False,Consensus,South Dakota State,1331775206619885568,NCAA BIG EAST & CO.,Big East,3,0.157,0.5262,,,0,74.0,59,125,6,0,,,0,1,0,149.56,backfill
2026,BotConsensus,1,2,80,False,Consensus,Fresno State,1331774599196585984,NCAA MOUNTAIN WEST,Mountain West,7,0.1395,0.5233,,,0,78.5,28,123,6,0,,,0,1,0,152.32,backfill
2026,BotConsensus,1,2,81,False,Consensus,Colgate,1331774741488369664,NCAA IVY,Ivy,8,0.1396,0.5233,,,0,85.0,69,118,6,0,,,1,0,0,133.36,backfill
2026,BotConsensus,1,2,82,False,Consensus,Nebraska,1316899936696016896,NCAA BIG 10,Big 10,2,0.1348,0.5225,,,0,74.5,36,132,6,0,,,0,1,0,150.82,backfill
2026,BotConsensus,1,2,83,False,Consensus,Army,1331775206619885568,NCAA BIG EAST & CO.,Big East,8,0.1143,0.519,,,0,92.5,45,114,6,0,,,1,0,0,128.7,backfill
2026,BotConsensus,1,2,84,False,Consensus,Southern,1331774630620332032,NCAA HISTORICALLY BLACK,HBCU,4,0.1099,0.5183,,,0,78.75,11,113,6,0,,,0,1,0,149.76,backfill
2026,BotConsensus,1,2,85,False,Consensus,Rutgers,1331775206619885568,NCAA BIG EAST & CO.,Big East,1,0.099,0.5165,,,0,98.0,23,159,6,0,,,1,0,0,123.0,backfill
2026,BotConsensus,1,2,86,False,Consensus,LSU,1331775170712444928,NCAA SEC,SEC,2,0.0565,0.5094,,,0,85.25,61,108,6,0,,,0,1,0,141.16,backfill
2026,BotConsensus,1,2,87,False,Consensus,Kentucky,1331775170712444928,NCAA SEC,SEC,8,0.0359,0.506,,,0,96.5,57,108,6,0,,,1,0,0,128.22,backfill
2026,BotConsensus,1,2,88,False,Consensus,UNLV,1331774599196585984,NCAA MOUNTAIN WEST,Mountain West,11,0.0061,0.501,,,0,93.0,68,147,6,0,,,1,0,0,125.36,backfill
2026,BotConsensus,1,2,89,False,Consensus,Miami,1331774915392577536,NCAA ACC,ACC,9,-0.0009,0.4998,,,0,84.25,28,129,6,0,,,0,1,0,146.16,backfill
2026,BotConsensus,1,2,90,False,Consensus,Brown,1331774741488369664,NCAA IVY,Ivy,1,-0.0032,0.4995,,,0,101.0,38,171,6,0,,,1,0,0,116.02,backfill
2026,BotConsensus,1,2,91,False,Consensus,Villanova,1316899756005412864,NCAA BIG SKY,Big Sky,2,-0.0377,0.4937,,,0,85.25,29,137,6,0,,,0,1,0,145.86,backfill
2026,BotConsensus,1,2,92,False,Consensus,Western Kentucky,1331774695346823168,NCAA USA,CUSA,6,-0.0458,0.4924,,,0,84.75,47,136,6,0,,,0,1,0,141.66,backfill
2026,BotConsensus,1,2,93,False,Consensus,South Dakota,1331774454493122560,NCAA WILD,Wild,11,-0.0854,0.4858,,,0,100.25,61,154,6,0,,,1,0,0,116.84,backfill
2026,BotConsensus,1,2,94,False,Consensus,Wichita State,1331774454493122560,NCAA WILD,Wild,5,-0.0952,0.4841,,,0,98.5,70,143,6,0,,,1,0,0,123.14,backfill
2026,BotConsensus,1,2,95,False,Consensus,Oklahoma State,1331774880181399552,NCAA BIG 12,Big 12,12,-0.1062,0.4823,,,0,90.75,73,112,6,0,,,0,1,0,135.46,backfill
2026,BotConsensus,1,2,96,False,Consensus,Texas A&M,1331774880181399552,NCAA BIG 12,Big 12,4,-0.1281,0.4786,,,0,94.75,89,113,6,0,,,0,1,0,135.16,backfill
2026,BotConsensus,1,2,97,False,Consensus,James Madison,1331774454493122560,NCAA WILD,Wild,2,-0.1312,0.4781,,,0,88.0,58,147,6,0,,,0,1,0,140.02,backfill
2026,BotConsensus,1,2,98,False,Consensus,Tulsa,1331774846710849536,NCAA SUN BELT,Sun Belt,6,-0.1639,0.4727,,,0,93.0,86,134,6,0,,,0,1,0,136.26,backfill
2026,BotConsensus,1,2,99,False,Consensus,Florida International,1331774695346823168,NCAA USA,CUSA,10,-0.1672,0.4721,,,0,113.75,37,172,6,0,,,1,0,0,110.86,backfill
2026,BotConsensus,1,2,100,False,Consensus,Texas State,1331774695346823168,NCAA USA,CUSA,9,-0.1685,0.4719,,,0,106.75,65,132,6,0,,,1,0,0,120.06,backfill
2026,BotConsensus,1,2,101,False,Consensus,Lehigh,1331774741488369664,NCAA IVY,Ivy,6,-0.1764,0.4706,,,0,93.0,76,154,6,0,,,0,1,0,137.84,backfill
2026,BotConsensus,1,2,102,False,Consensus,Butler,1331774804222545920,NCAA PIONEER,Pioneer,4,-0.1915,0.4681,,,0,95.75,63,141,6,0,,,0,1,0,138.5,backfill
2026,BotConsensus,1,2,103,False,Consensus,Richmond,1316899756005412864,NCAA BIG SKY,Big Sky,7,-0.2151,0.4642,,,0,115.0,52,131,6,0,,,1,0,0,116.72,backfill
2026,BotConsensus,1,2,104,False,Consensus,Arizona State,1331775106527006720,NCAA PAC 12,PAC 12,7,-0.239,0.4602,,,0,91.0,19,155,6,0,,,0,1,0,139.4,backfill
2026,BotConsensus,1,2,105,False,Consensus,UTEP,1331774846710849536,NCAA SUN BELT,Sun Belt,2,-0.2477,0.4587,,,0,101.25,58,127,6,0,,,0,1,0,136.76,backfill
2026,BotConsensus,1,2,106,False,Consensus,Alcorn State,1331774630620332032,NCAA HISTORICALLY BLACK,HBCU,8,-0.2822,0.453,,,0,112.75,60,164,6,0,,,1,0,0,107.68,backfill
2026,BotConsensus,1,2,107,False,Consensus,Ohio State,1316899936696016896,NCAA BIG 10,Big 10,9,-0.3035,0.4494,,,0,105.5,66,121,6,0,,,0,1,0,133.36,backfill
2026,BotConsensus,1,2,108,False,Consensus,Oklahoma,1331774880181399552,NCAA BIG 12,Big 12,9,-0.3043,0.4493,,,0,111.75,80,155,6,0,,,1,0,0,112.72,backfill
2026,BotConsensus,1,2,109,False,Consensus,Eastern Washington,1316899756005412864,NCAA BIG SKY,Big Sky,4,-0.3115,0.4481,,,0,114.25,81,135,6,0,,,1,0,0,116.44,backfill
2026,BotConsensus,1,2,110,False,Consensus,Missouri,1331774880181399552,NCAA BIG 12,Big 12,3,-0.3556,0.4407,,,0,112.75,83,158,6,0,,,1,0,0,113.76,backfill
2026,BotConsensus,1,2,111,False,Consensus,Bethune - Cookman,1331774630620332032,NCAA HISTORICALLY BLACK,HBCU,9,-0.3898,0.435,,,0,107.75,31,134,6,0,,,0,1,0,134.26,backfill
2026,BotConsensus,1,2,112,False,Consensus,ETSU,1331774544905510912,NCAA OHIO VALLEY,Ohio Valley,2,-0.3902,0.435,,,0,109.5,65,125,6,0,,,0,1,0,130.16,backfill
2026,BotConsensus,1,2,113,False,Consensus,Michigan,1316899936696016896,NCAA BIG 10,Big 10,12,-0.4131,0.4311,,,0,106.75,90,144,6,0,,,0,1,0,130.34,backfill
2026,BotConsensus,1,2,114,False,Consensus,Tulane,1331774846710849536,NCAA SUN BELT,Sun Belt,3,-0.4184,0.4303,,,0,108.25,53,152,6,0,,,0,1,0,134.5,backfill
2026,BotConsensus,1,2,115,False,Consensus,Arkansas,1331775170712444928,NCAA SEC,SEC,12,-0.4221,0.4297,,,0,110.5,49,133,6,0,,,0,1,0,131.56,backfill
2026,BotConsensus,1,2,116,False,Consensus,Notre Dame,1331775206619885568,NCAA BIG EAST & CO.,Big East,12,-0.4429,0.4262,,,0,109.5,72,157,6,0,,,0,1,0,131.36,backfill
2026,BotConsensus,1,2,117,False,Consensus,North Texas,1331774695346823168,NCAA USA,CUSA,2,-0.468,0.422,,,0,113.0,106,132,6,0,,,0,1,0,124.14,backfill
2026,BotConsensus,1,2,118,False,Consensus,Florida Atlantic,1331774695346823168,NCAA USA,CUSA,3,-0.489,0.4185,,,0,114.0,102,143,6,0,,,0,1,0,126.72,backfill
2026,BotConsensus,1,2,119,False,Consensus,North Dakota State,1331774454493122560,NCAA WILD,Wild,3,-0.5112,0.4148,,,0,122.5,87,175,6,0,,,1,0,0,99.56,backfill
2026,BotConsensus,1,2,120,False,Consensus,Illinois,1316899936696016896,NCAA BIG 10,Big 10,10,-0.5264,0.4123,,,0,116.5,67,140,6,0,,,0,1,0,128.56,backfill
2026,BotConsensus,1,2,121,False,Consensus,North Carolina,1331774915392577536,NCAA ACC,ACC,2,-0.5371,0.4105,,,0,118.75,82,139,6,0,,,0,1,0,126.9,backfill
2026,BotConsensus,1,2,122,False,Consensus,Alabama,1331775170712444928,NCAA SEC,SEC,11,-0.5373,0.4104,,,0,127.0,72,165,6,0,,,1,0,0,100.2,backfill
2026,BotConsensus,1,2,123,False,Consensus,Alabama A&M,1331774630620332032,NCAA HISTORICALLY BLACK,HBCU,2,-0.5408,0.4099,,,0,126.25,77,177,6,0,,,1,0,0,94.14,backfill
2026,BotConsensus,1,2,124,False,Consensus,Montana State,1316899756005412864,NCAA BIG SKY,Big Sky,6,-0.573,0.4045,,,0,115.25,33,162,6,0,,,0,1,0,128.96,backfill
2026,BotConsensus,1,2,125,False,Consensus,Texas,1331774880181399552,NCAA BIG 12,Big 12,6,-0.5741,0.4043,,,0,117.0,60,138,6,0,,,0,1,0,124.46,backfill
2026,BotConsensus,1,2,126,False,Consensus,Bucknell,1331774741488369664,NCAA IVY,Ivy,3,-0.5778,0.4037,,,0,118.0,50,142,6,0,,,0,1,0,125.5,backfill
2026,BotConsensus,1,2,127,False,Consensus,Vanderbilt,1331775170712444928,NCAA SEC,SEC,9,-0.5929,0.4012,,,0,113.25,24,158,6,0,,,0,1,0,124.46,backfill
2026,BotConsensus,1,2,128,False,Consensus,Murray State,1331774804222545920,NCAA PIONEER,Pioneer,3,-0.5933,0.4011,,,0,120.25,69,162,6,0,,,0,1,0,127.96,backfill
2026,BotConsensus,1,2,129,False,Consensus,Tennessee,1331775170712444928,NCAA SEC,SEC,3,-0.6046,0.3992,,,0,121.0,102,146,6,0,,,0,1,0,123.96,backfill
2026,BotConsensus,1,2,130,False,Consensus,Michigan State,1316899936696016896,NCAA BIG 10,Big 10,4,-0.6066,0.3989,,,0,117.25,4,160,6,0,,,0,1,0,130.76,backfill
2026,BotConsensus,1,2,131,False,Consensus,Texas Tech,1331774880181399552,NCAA BIG 12,Big 12,1,-0.6087,0.3986,,,0,120.75,56,139,6,0,,,0,1,0,125.16,backfill
2026,BotConsensus,1,2,132,False,Consensus,Holy Cross,1331774804222545920,NCAA PIONEER,Pioneer,2,-0.6277,0.3954,,,0,121.5,52,156,6,0,,,0,1,0,128.84,backfill
2026,BotConsensus,1,2,133,False,Consensus,Howard,1331774630620332032,NCAA HISTORICALLY BLACK,HBCU,6,-0.6462,0.3923,,,0,124.25,86,141,6,0,,,0,1,0,121.36,backfill
2026,BotConsensus,1,2,134,False,Consensus,Nevada,1331774599196585984,NCAA MOUNTAIN WEST,Mountain West,10,-0.6462,0.3923,,,0,126.25,117,138,6,0,,,0,1,0,120.82,backfill
2026,BotConsensus,1,2,135,False,Consensus,Wofford,1331774804222545920,NCAA PIONEER,Pioneer,1,-0.6553,0.3908,,,0,125.75,109,141,6,0,,,0,1,0,119.72,backfill
2026,BotConsensus,1,2,136,False,Consensus,Rice,1331774846710849536,NCAA SUN BELT,Sun Belt,4,-0.6677,0.3887,,,0,119.75,10,168,6,0,,,0,1,0,122.24,backfill
2026,BotConsensus,1,2,137,False,Consensus,Kennesaw State,1331774544905510912,NCAA OHIO VALLEY,Ohio Valley,3,-0.6767,0.3872,,,0,126.0,105,155,6,0,,,0,1,0,121.42,backfill
2026,BotConsensus,1,2,138,False,Consensus,UCONN,1331775206619885568,NCAA BIG EAST & CO.,Big East,5,-0.6891,0.3852,,,0,126.25,100,163,6,0,,,0,1,0,121.48,backfill
2026,BotConsensus,1,2,139,False,Consensus,Troy,1331774695346823168,NCAA USA,CUSA,1,-0.7193,0.3801,,,0,124.25,77,154,6,0,,,0,1,0,119.86,backfill
2026,BotConsensus,1,2,140,False,Consensus,Georgia Southern,1331774846710849536,NCAA SUN BELT,Sun Belt,7,-0.7706,0.3716,,,0,128.75,41,156,6,0,,,0,1,0,120.36,backfill
2026,BotConsensus,1,2,141,False,Consensus,Navy,1331775206619885568,NCAA BIG EAST & CO.,Big East,11,-0.7856,0.3691,,,0,128.75,96,152,6,0,,,0,1,0,114.16,backfill
2026,BotConsensus,1,2,142,False,Consensus,Rhode Island,1316899756005412864,NCAA BIG SKY,Big Sky,1,-0.7869,0.3688,,,0,134.5,116,170,6,0,,,0,1,0,116.5,backfill
2026,BotConsensus,1,2,143,False,Consensus,California,1331775106527006720,NCAA PAC 12,PAC 12,10,-0.7989,0.3669,,,0,140.0,80,168,6,0,,,1,0,0,89.06,backfill
2026,BotConsensus,1,2,144,False,Consensus,Coastal Carolina,1331775206619885568,NCAA BIG EAST & CO.,Big East,6,-0.8504,0.3583,,,0,139.5,121,149,6,0,,,0,1,0,108.96,backfill
2026,BotConsensus,1,2,145,False,Consensus,Louisville,1331774915392577536,NCAA ACC,ACC,11,-0.9217,0.3464,,,0,143.25,127,149,6,0,,,0,1,0,110.84,backfill
2026,BotConsensus,1,2,146,False,Consensus,Florida,1331775170712444928,NCAA SEC,SEC,1,-0.9221,0.3463,,,0,143.25,120,164,6,0,,,0,1,0,111.92,backfill
2026,BotConsensus,1,2,147,False,Consensus,Belmont,1331774544905510912,NCAA OHIO VALLEY,Ohio Valley,1,-0.9303,0.345,,,0,146.5,94,154,6,0,,,0,1,0,103.8,backfill
2026,BotConsensus,1,2,148,False,Consensus,Central Michigan,1331774454493122560,NCAA WILD,Wild,4,-0.9365,0.3439,,,0,141.0,79,160,6,0,,,0,1,0,114.7,backfill
2026,BotConsensus,1,2,149,False,Consensus,Wyoming,1331774599196585984,NCAA MOUNTAIN WEST,Mountain West,3,-0.9421,0.343,,,0,139.75,84,163,6,0,,,0,1,0,106.46,backfill
2026,BotConsensus,1,2,150,False,Consensus,Penn,1331774741488369664,NCAA IVY,Ivy,7,-0.9549,0.3409,,,0,142.0,74,172,6,0,,,0,1,0,114.52,backfill
2026,BotConsensus,1,2,151,False,Consensus,Stanford,1331775106527006720,NCAA PAC 12,PAC 12,5,-0.9635,0.3394,,,0,141.5,63,174,6,0,,,0,1,0,105.04,backfill
2026,BotConsensus,1,2,152,False,Consensus,Boise State,1331774599196585984,NCAA MOUNTAIN WEST,Mountain West,2,-0.9686,0.3386,,,0,148.25,100,157,6,0,,,0,1,0,101.6,backfill
2026,BotConsensus,1,2,153,False,Consensus,Washington,1331775106527006720,NCAA PAC 12,PAC 12,6,-0.9797,0.3367,,,0,148.75,107,158,6,0,,,0,1,0,100.76,backfill
2026,BotConsensus,1,2,154,False,Consensus,Virginia Tech,1331774915392577536,NCAA ACC,ACC,4,-0.9946,0.3342,,,0,144.0,116,161,6,0,,,0,1,0,101.78,backfill
2026,BotConsensus,1,2,155,False,Consensus,Cornell,1331774741488369664,NCAA IVY,Ivy,12,-1.0182,0.3303,,,0,146.0,83,161,6,0,,,0,1,0,113.66,backfill
2026,BotConsensus,1,2,156,False,Consensus,Eastern Kentucky,1331774544905510912,NCAA OHIO VALLEY,Ohio Valley,5,-1.0251,0.3292,,,0,151.25,142,159,6,0,,,0,1,0,100.36,backfill
2026,BotConsensus,1,2,157,False,Consensus,Maine,1316899756005412864,NCAA BIG SKY,Big Sky,11,-1.1024,0.3163,,,0,156.5,109,166,6,0,,,0,1,0,93.92,backfill
2026,BotConsensus,1,2,158,False,Consensus,Grambling State,1331774630620332032,NCAA HISTORICALLY BLACK,HBCU,12,-1.1392,0.3101,,,0,151.5,91,176,6,0,,,0,1,0,107.04,backfill
2026,BotConsensus,1,2,159,False,Consensus,Arizona,1331775106527006720,NCAA PAC 12,PAC 12,1,-1.1775,0.3037,,,0,157.5,121,170,6,0,,,0,1,0,94.46,backfill
2026,BotConsensus,1,2,160,False,Consensus,Montana,1331774454493122560,NCAA WILD,Wild,1,-1.1837,0.3027,,,0,154.25,16,179,6,0,,,0,1,0,105.82,backfill
2026,BotConsensus,1,2,161,False,Consensus,Louisiana Monroe,1331774695346823168,NCAA USA,CUSA,12,-1.1921,0.3013,,,0,156.0,99,168,6,0,,,0,1,0,101.9,backfill
2026,BotConsensus,1,2,162,False,Consensus,New Mexico,1331774599196585984,NCAA MOUNTAIN WEST,Mountain West,9,-1.2136,0.2977,,,0,160.0,145,165,6,0,,,0,1,0,95.8,backfill
2026,BotConsensus,1,2,163,False,Consensus,Central Arkansas,1331774454493122560,NCAA WILD,Wild,9,-1.2511,0.2915,,,0,160.0,100,167,6,0,,,0,1,0,99.56,backfill
2026,BotConsensus,1,2,164,False,Consensus,Jacksonville State,1331774544905510912,NCAA OHIO VALLEY,Ohio Valley,9,-1.2717,0.2881,,,0,164.0,103,179,6,0,,,0,1,0,87.46,backfill
2026,BotConsensus,1,2,165,False,Consensus,Tennessee State,1331774804222545920,NCAA PIONEER,Pioneer,5,-1.2769,0.2872,,,0,168.25,128,178,6,0,,,0,1,0,81.96,backfill
2026,BotConsensus,1,2,166,False,Consensus,Ole Miss,1331775170712444928,NCAA SEC,SEC,5,-1.2846,0.2859,,,0,162.75,130,177,6,0,,,0,1,0,94.74,backfill
2026,BotConsensus,1,2,167,False,Consensus,Air Force,1331774599196585984,NCAA MOUNTAIN WEST,Mountain West,4,-1.2911,0.2848,,,0,167.25,135,173,6,0,,,0,1,0,84.6,backfill
2026,BotConsensus,1,2,168,False,Consensus,Harvard,1331774741488369664,NCAA IVY,Ivy,2,-1.2986,0.2836,,,0,165.75,137,173,6,0,,,0,1,0,86.36,backfill
2026,BotConsensus,1,2,169,False,Consensus,Dayton,1331774804222545920,NCAA PIONEER,Pioneer,7,-1.3029,0.2829,,,0,165.75,151,169,6,0,,,0,1,0,86.12,backfill
2026,BotConsensus,1,2,170,False,Consensus,UAB,1331774846710849536,NCAA SUN BELT,Sun Belt,10,-1.3137,0.281,,,0,168.5,95,172,6,0,,,0,1,0,84.34,backfill
2026,BotConsensus,1,2,171,False,Consensus,Maryland,1331775206619885568,NCAA BIG EAST & CO.,Big East,2,-1.3159,0.2807,,,0,164.5,133,167,6,0,,,0,1,0,93.14,backfill
2026,BotConsensus,1,2,172,False,Consensus,Northwestern,1316899936696016896,NCAA BIG 10,Big 10,3,-1.3647,0.2725,,,0,168.5,153,174,6,0,,,0,1,0,82.9,backfill
2026,BotConsensus,1,2,173,False,Consensus,Tuskegee,1331774630620332032,NCAA HISTORICALLY BLACK,HBCU,11,-1.391,0.2682,,,0,166.75,149,179,6,0,,,0,1,0,87.32,backfill
2026,BotConsensus,1,2,174,False,Consensus,Iowa State,1331774880181399552,NCAA BIG 12,Big 12,2,-1.4463,0.2589,,,0,173.25,150,176,6,0,,,0,1,0,83.8,backfill
2026,BotConsensus,1,2,175,False,Consensus,Oregon,1331775106527006720,NCAA PAC 12,PAC 12,9,-1.4722,0.2546,,,0,171.75,124,180,6,0,,,0,1,0,85.16,backfill
2026,BotConsensus,1,2,176,False,Consensus,Louisiana,1331774695346823168,NCAA USA,CUSA,11,-1.4796,0.2534,,,0,175.25,147,176,6,0,,,0,1,0,81.0,backfill
2026,BotConsensus,1,2,177,False,Consensus,Kansas,1331774880181399552,NCAA BIG 12,Big 12,10,-1.4901,0.2517,,,0,176.75,131,178,6,0,,,0,1,0,79.4,backfill
2026,BotConsensus,1,2,178,False,Consensus,Northern Iowa,1316899756005412864,NCAA BIG SKY,Big Sky,10,-1.4994,0.2501,,,0,175.75,150,179,6,0,,,0,1,0,70.1,backfill
2026,BotConsensus,1,2,179,False,Consensus,San Jose State,1331774454493122560,NCAA WILD,Wild,7,-1.5231,0.2461,,,0,176.75,141,178,6,0,,,0,1,0,80.6,backfill
2026,BotConsensus,1,2,180,False,Consensus,Weber State,1316899756005412864,NCAA BIG SKY,Big Sky,9,-1.9982,0.167,,,0,180.0,171,180,6,0,,,0,1,0,32.34,backfill
2026,BotConsensus,2,3,1,False,Consensus,Hawaii,1331774599196585984,NCAA MOUNTAIN WEST,Mountain West,1,1.6299,0.7716,,,0,4.0,2,24,6,0,31,30,2,0,0,402.68,backfill
2026,BotConsensus,2,3,2,False,Consensus,Minnesota,1316899936696016896,NCAA BIG 10,Big 10,7,1.5656,0.7609,,,1,5.25,1,11,6,0,45,43,2,0,0,408.48,backfill
2026,BotConsensus,2,3,3,False,Consensus,Chattanooga,1331774544905510912,NCAA OHIO VALLEY,Ohio Valley,4,1.5531,0.7589,,,0,6.75,2,20,6,0,8,5,2,0,0,359.66,backfill
2026,BotConsensus,2,3,4,False,Consensus,Louisiana Tech,1331774846710849536,NCAA SUN BELT,Sun Belt,11,1.532,0.7553,,,2,7.0,1,47,6,0,11,7,2,0,0,371.88,backfill
2026,BotConsensus,2,3,5,False,Consensus,Baylor,1331774880181399552,NCAA BIG 12,Big 12,5,1.4772,0.7462,,,0,9.75,7,82,6,0,34,29,2,0,0,354.56,backfill
2026,BotConsensus,2,3,6,False,Consensus,Auburn,1331775170712444928,NCAA SEC,SEC,4,1.4497,0.7416,,,0,11.0,6,26,6,0,5,-1,2,0,0,346.14,backfill
2026,BotConsensus,2,3,7,False,Consensus,Middle Tennessee State,1331774695346823168,NCAA USA,CUSA,7,1.4292,0.7382,,,0,11.75,9,43,6,0,43,36,2,0,0,349.92,backfill
2026,BotConsensus,2,3,8,False,Consensus,Kansas State,1331774880181399552,NCAA BIG 12,Big 12,7,1.422,0.737,,,0,17.25,4,50,6,0,3,-5,2,0,0,356.58,backfill
2026,BotConsensus,2,3,9,False,Consensus,Portland State,1316899756005412864,NCAA BIG SKY,Big Sky,8,1.4105,0.7351,,,1,16.25,1,150,6,0,25,16,2,0,0,354.38,backfill
2026,BotConsensus,2,3,10,False,Consensus,FSU,1331774915392577536,NCAA ACC,ACC,5,1.3636,0.7273,,,0,14.75,13,36,6,0,18,8,2,0,0,326.88,backfill
2026,BotConsensus,2,3,11,False,Consensus,Mississippi State,1331775170712444928,NCAA SEC,SEC,6,1.3523,0.7254,,,0,16.25,2,44,6,0,35,24,2,0,0,385.22,backfill
2026,BotConsensus,2,3,12,False,Consensus,Dartmouth,1331774741488369664,NCAA IVY,Ivy,11,1.3438,0.724,,,1,17.25,1,62,6,0,6,-6,2,0,0,316.28,backfill
2026,BotConsensus,2,3,13,False,Consensus,William & Mary,1316899756005412864,NCAA BIG SKY,Big Sky,3,1.3374,0.7229,,,0,18.25,11,41,6,0,44,31,2,0,0,338.24,backfill
2026,BotConsensus,2,3,14,False,Consensus,Delaware State,1331774630620332032,NCAA HISTORICALLY BLACK,HBCU,3,1.3163,0.7194,,,0,20.75,11,136,6,0,33,19,2,0,0,305.28,backfill
2026,BotConsensus,2,3,15,False,Consensus,Youngstown State,1316899756005412864,NCAA BIG SKY,Big Sky,12,1.2893,0.7149,,,0,19.0,12,32,6,0,42,27,2,0,0,333.58,backfill
2026,BotConsensus,2,3,16,False,Consensus,Clemson,1331774915392577536,NCAA ACC,ACC,12,1.2691,0.7115,,,0,20.75,13,51,6,0,63,47,2,0,0,332.94,backfill
2026,BotConsensus,2,3,17,False,Consensus,Washington State,1331775106527006720,NCAA PAC 12,PAC 12,4,1.2672,0.7112,,,0,23.25,20,53,6,0,28,11,2,0,0,311.96,backfill
2026,BotConsensus,2,3,18,False,Consensus,Purdue,1316899936696016896,NCAA BIG 10,Big 10,1,1.2265,0.7044,,,0,24.25,5,68,6,0,22,4,2,0,0,303.02,backfill
2026,BotConsensus,2,3,19,False,Consensus,West Virginia,1331774880181399552,NCAA BIG 12,Big 12,8,1.2257,0.7043,,,0,22.25,11,40,6,0,17,-2,2,0,0,320.12,backfill
2026,BotConsensus,2,3,20,False,Consensus,UCLA,1331775106527006720,NCAA PAC 12,PAC 12,12,1.219,0.7032,,,0,21.75,19,54,6,0,13,-7,2,0,0,312.5,backfill
2026,BotConsensus,2,3,21,False,Consensus,Old Dominion,1331774454493122560,NCAA WILD,Wild,10,1.1458,0.691,,,0,26.0,6,146,6,0,68,47,2,0,0,316.48,backfill
2026,BotConsensus,2,3,22,False,Consensus,Virginia,1331774915392577536,NCAA ACC,ACC,1,1.1236,0.6873,,,0,27.75,16,39,6,0,30,8,2,0,0,311.04,backfill
2026,BotConsensus,2,3,23,False,Consensus,South Carolina,1331775170712444928,NCAA SEC,SEC,10,1.0778,0.6796,,,0,30.75,15,102,6,0,7,-16,2,0,0,315.4,backfill
2026,BotConsensus,2,3,24,False,Consensus,Pittsburgh,1331775206619885568,NCAA BIG EAST & CO.,Big East,4,1.0645,0.6774,,,0,32.0,8,56,6,0,41,17,2,0,0,297.4,backfill
2026,BotConsensus,2,3,25,False,Consensus,North Carolina A&T,1331774630620332032,NCAA HISTORICALLY BLACK,HBCU,1,1.0594,0.6766,,,0,29.25,24,55,6,0,27,2,2,0,0,303.28,backfill
2026,BotConsensus,2,3,26,False,Consensus,Georgia Tech,1331774915392577536,NCAA ACC,ACC,3,1.0401,0.6733,,,0,37.25,5,119,6,0,46,20,2,0,0,284.18,backfill
2026,BotConsensus,2,3,27,False,Consensus,Georgia State,1331774695346823168,NCAA USA,CUSA,5,0.998,0.6663,,,0,35.75,21,112,6,0,14,-13,2,0,0,300.38,backfill
2026,BotConsensus,2,3,28,False,Consensus,South Alabama,1331774695346823168,NCAA USA,CUSA,4,0.9955,0.6659,,,0,34.0,23,55,6,0,21,-7,2,0,0,304.58,backfill
2026,BotConsensus,2,3,29,False,Consensus,BYU,1331774599196585984,NCAA MOUNTAIN WEST,Mountain West,6,0.9934,0.6656,,,0,40.5,9,158,6,0,50,21,2,0,0,279.02,backfill
2026,BotConsensus,2,3,30,False,Consensus,Campbell,1331774804222545920,NCAA PIONEER,Pioneer,8,0.973,0.6622,,,0,36.25,25,109,6,0,66,36,2,0,0,294.56,backfill
2026,BotConsensus,2,3,31,False,Consensus,Delaware,1331774544905510912,NCAA OHIO VALLEY,Ohio Valley,7,0.9293,0.6549,,,0,38.0,28,69,6,0,57,26,2,0,0,286.26,backfill
2026,BotConsensus,2,3,32,False,Consensus,Georgetown,1331774741488369664,NCAA IVY,Ivy,5,0.8984,0.6497,,,0,30.0,8,82,6,0,73,41,1,1,0,328.06,backfill
2026,BotConsensus,2,3,33,False,Consensus,North Alabama,1331774544905510912,NCAA OHIO VALLEY,Ohio Valley,11,0.8528,0.6421,,,0,31.5,10,95,6,0,60,27,1,1,0,329.88,backfill
2026,BotConsensus,2,3,34,False,Consensus,Colorado,1331775106527006720,NCAA PAC 12,PAC 12,8,0.8415,0.6403,,,0,42.5,7,92,6,0,9,-25,2,0,0,294.64,backfill
2026,BotConsensus,2,3,35,False,Consensus,North Carolina Central,1331774544905510912,NCAA OHIO VALLEY,Ohio Valley,12,0.7887,0.6315,,,0,41.5,6,78,6,0,23,-12,1,1,0,308.26,backfill
2026,BotConsensus,2,3,36,False,Consensus,Arizona State,1331775106527006720,NCAA PAC 12,PAC 12,7,0.7866,0.6311,,,0,38.75,4,88,6,0,104,68,1,1,0,356.08,backfill
2026,BotConsensus,2,3,37,False,Consensus,Arkansas State,1331774695346823168,NCAA USA,CUSA,8,0.7603,0.6267,,,0,51.25,21,75,6,0,53,16,2,0,0,276.44,backfill
2026,BotConsensus,2,3,38,False,Consensus,San Diego State,1331774599196585984,NCAA MOUNTAIN WEST,Mountain West,12,0.7191,0.6199,,,0,50.25,32,77,6,0,52,14,2,0,0,279.98,backfill
2026,BotConsensus,2,3,39,False,Consensus,Austin Peay,1331774804222545920,NCAA PIONEER,Pioneer,9,0.7189,0.6198,,,0,53.25,3,95,6,0,77,38,2,0,0,275.16,backfill
2026,BotConsensus,2,3,40,False,Consensus,LSU,1331775170712444928,NCAA SEC,SEC,2,0.7178,0.6196,,,0,44.75,13,84,6,0,86,46,1,1,0,327.38,backfill
2026,BotConsensus,2,3,41,False,Consensus,Columbia,1331774741488369664,NCAA IVY,Ivy,4,0.7176,0.6196,,,0,52.25,15,139,6,0,64,23,2,0,0,267.8,backfill
2026,BotConsensus,2,3,42,False,Consensus,Alcorn State,1331774630620332032,NCAA HISTORICALLY BLACK,HBCU,8,0.6925,0.6154,,,0,55.5,12,101,6,0,106,64,2,0,0,275.48,backfill
2026,BotConsensus,2,3,43,False,Consensus,Southern Miss,1331774846710849536,NCAA SUN BELT,Sun Belt,9,0.6885,0.6147,,,0,50.5,34,103,6,0,39,-4,2,0,0,277.08,backfill
2026,BotConsensus,2,3,44,False,Consensus,Davidson,1331774804222545920,NCAA PIONEER,Pioneer,12,0.6592,0.6099,,,0,57.0,35,74,6,0,51,7,2,0,0,275.78,backfill
2026,BotConsensus,2,3,45,False,Consensus,Memphis,1331774846710849536,NCAA SUN BELT,Sun Belt,8,0.6559,0.6093,,,0,40.5,24,99,6,0,19,-26,1,1,0,310.98,backfill
2026,BotConsensus,2,3,46,False,Consensus,UTSA,1331774846710849536,NCAA SUN BELT,Sun Belt,12,0.639,0.6065,,,0,59.25,26,85,6,0,38,-8,2,0,0,272.88,backfill
2026,BotConsensus,2,3,47,False,Consensus,ETSU,1331774544905510912,NCAA OHIO VALLEY,Ohio Valley,2,0.631,0.6052,,,0,48.5,19,61,6,0,112,65,1,1,0,314.04,backfill
2026,BotConsensus,2,3,48,False,Consensus,Ohio State,1316899936696016896,NCAA BIG 10,Big 10,9,0.587,0.5978,,,0,47.5,34,79,6,0,107,59,1,1,0,306.84,backfill
2026,BotConsensus,2,3,49,False,Consensus,USC,1331775106527006720,NCAA PAC 12,PAC 12,2,0.5621,0.5937,,,0,53.75,17,132,6,0,75,26,0,2,0,320.38,backfill
2026,BotConsensus,2,3,50,False,Consensus,Murray State,1331774804222545920,NCAA PIONEER,Pioneer,3,0.5581,0.593,,,0,52.75,28,71,6,0,128,78,1,1,0,308.64,backfill
2026,BotConsensus,2,3,51,False,Consensus,Furman,1331774804222545920,NCAA PIONEER,Pioneer,10,0.5542,0.5924,,,0,62.25,37,76,6,0,40,-11,2,0,0,275.48,backfill
2026,BotConsensus,2,3,52,False,Consensus,Army,1331775206619885568,NCAA BIG EAST & CO.,Big East,8,0.5219,0.587,,,0,63.5,42,123,6,0,83,31,2,0,0,260.76,backfill
2026,BotConsensus,2,3,53,False,Consensus,Georgia,1331775170712444928,NCAA SEC,SEC,7,0.5199,0.5867,,,1,72.5,1,152,6,0,55,2,2,0,0,252.54,backfill
2026,BotConsensus,2,3,54,False,Consensus,UNC Charlotte,1331774454493122560,NCAA WILD,Wild,12,0.5073,0.5846,,,0,72.25,10,155,6,0,48,-6,2,0,0,244.16,backfill
2026,BotConsensus,2,3,55,False,Consensus,Eastern Michigan,1331774454493122560,NCAA WILD,Wild,6,0.5056,0.5843,,,0,54.75,40,68,6,0,10,-45,1,1,0,297.6,backfill
2026,BotConsensus,2,3,56,False,Consensus,Florida International,1331774695346823168,NCAA USA,CUSA,10,0.4817,0.5803,,,0,76.75,2,165,6,0,99,43,2,0,0,240.06,backfill
2026,BotConsensus,2,3,57,False,Consensus,Southern,1331774630620332032,NCAA HISTORICALLY BLACK,HBCU,4,0.4764,0.5794,,,0,57.0,13,116,6,0,84,27,1,1,0,292.36,backfill
2026,BotConsensus,2,3,58,False,Consensus,Florida A&M,1331774630620332032,NCAA HISTORICALLY BLACK,HBCU,5,0.4572,0.5762,,,0,57.75,16,68,6,0,1,-57,1,1,0,311.56,backfill
2026,BotConsensus,2,3,59,False,Consensus,Nebraska,1316899936696016896,NCAA BIG 10,Big 10,2,0.4536,0.5756,,,0,55.75,42,90,6,0,82,23,1,1,0,284.58,backfill
2026,BotConsensus,2,3,60,False,Consensus,Wake Forest,1331774915392577536,NCAA ACC,ACC,6,0.434,0.5723,,,0,58.25,36,85,6,0,65,5,1,1,0,288.98,backfill
2026,BotConsensus,2,3,61,False,Consensus,Tulsa,1331774846710849536,NCAA SUN BELT,Sun Belt,6,0.4105,0.5684,,,0,63.25,48,77,6,0,98,37,1,1,0,277.44,backfill
2026,BotConsensus,2,3,62,False,Consensus,Wichita State,1331774454493122560,NCAA WILD,Wild,5,0.4051,0.5675,,,0,68.5,43,130,6,0,94,32,2,0,0,258.94,backfill
2026,BotConsensus,2,3,63,False,Consensus,Yale,1331774741488369664,NCAA IVY,Ivy,9,0.403,0.5672,,,0,58.25,41,117,6,0,26,-37,1,1,0,288.22,backfill
2026,BotConsensus,2,3,64,False,Consensus,Colorado State,1331774599196585984,NCAA MOUNTAIN WEST,Mountain West,8,0.3977,0.5663,,,0,63.0,32,115,6,0,16,-48,1,1,0,297.64,backfill
2026,BotConsensus,2,3,65,False,Consensus,Notre Dame,1331775206619885568,NCAA BIG EAST & CO.,Big East,12,0.3754,0.5626,,,0,65.25,45,77,6,0,116,51,1,1,0,283.58,backfill
2026,BotConsensus,2,3,66,False,Consensus,UTEP,1331774846710849536,NCAA SUN BELT,Sun Belt,2,0.3745,0.5624,,,0,64.5,30,129,6,0,105,39,1,1,0,276.36,backfill
2026,BotConsensus,2,3,67,False,Consensus,Oregon State,1331775106527006720,NCAA PAC 12,PAC 12,3,0.364,0.5607,,,0,63.25,18,88,6,0,20,-47,1,1,0,296.78,backfill
2026,BotConsensus,2,3,68,False,Consensus,Penn State,1316899936696016896,NCAA BIG 10,Big 10,5,0.358,0.5597,,,0,79.0,32,112,6,0,56,-12,2,0,0,253.7,backfill
2026,BotConsensus,2,3,69,False,Consensus,UCF,1331775206619885568,NCAA BIG EAST & CO.,Big East,9,0.3448,0.5575,,,0,69.0,57,82,6,0,37,-32,1,1,0,274.68,backfill
2026,BotConsensus,2,3,70,False,Consensus,Temple,1331774846710849536,NCAA SUN BELT,Sun Belt,1,0.3106,0.5518,,,0,69.25,4,129,6,0,36,-34,1,1,0,273.82,backfill
2026,BotConsensus,2,3,71,False,Consensus,South Dakota,1331774454493122560,NCAA WILD,Wild,11,0.3019,0.5503,,,0,84.0,27,135,6,0,93,22,2,0,0,241.16,backfill
2026,BotConsensus,2,3,72,False,Consensus,Syracuse,1331775206619885568,NCAA BIG EAST & CO.,Big East,7,0.2311,0.5385,,,0,73.5,9,155,6,0,12,-60,1,1,0,297.1,backfill
2026,BotConsensus,2,3,73,False,Consensus,Miami,1331774915392577536,NCAA ACC,ACC,9,0.2269,0.5378,,,0,78.5,7,128,6,0,89,16,1,1,0,275.16,backfill
2026,BotConsensus,2,3,74,False,Consensus,Fresno State,1331774599196585984,NCAA MOUNTAIN WEST,Mountain West,7,0.2127,0.5355,,,0,71.25,34,141,6,0,80,6,0,2,0,290.1,backfill
2026,BotConsensus,2,3,75,False,Consensus,Kentucky,1331775170712444928,NCAA SEC,SEC,8,0.2034,0.5339,,,0,82.75,45,111,6,0,87,12,2,0,0,251.44,backfill
2026,BotConsensus,2,3,76,False,Consensus,Rhode Island,1316899756005412864,NCAA BIG SKY,Big Sky,1,0.2009,0.5335,,,0,76.75,29,129,6,0,142,66,1,1,0,287.5,backfill
2026,BotConsensus,2,3,77,False,Consensus,NC State,1331774915392577536,NCAA ACC,ACC,10,0.2002,0.5334,,,0,74.0,24,103,6,0,2,-75,1,1,0,283.36,backfill
2026,BotConsensus,2,3,78,False,Consensus,Georgia Southern,1331774846710849536,NCAA SUN BELT,Sun Belt,7,0.1719,0.5286,,,0,79.25,31,124,6,0,140,62,1,1,0,267.44,backfill
2026,BotConsensus,2,3,79,False,Consensus,Lehigh,1331774741488369664,NCAA IVY,Ivy,6,0.1514,0.5252,,,0,80.25,45,133,6,0,101,22,1,1,0,264.16,backfill
2026,BotConsensus,2,3,80,False,Consensus,SE Missouri State,1331774804222545920,NCAA PIONEER,Pioneer,6,0.1369,0.5228,,,0,82.25,70,100,6,0,49,-31,1,1,0,269.12,backfill
2026,BotConsensus,2,3,81,False,Consensus,UT Martin,1331774804222545920,NCAA PIONEER,Pioneer,11,0.1307,0.5218,,,0,82.0,66,96,6,0,67,-14,1,1,0,264.12,backfill
2026,BotConsensus,2,3,82,False,Consensus,Montana,1331774454493122560,NCAA WILD,Wild,1,0.1268,0.5211,,,0,76.5,5,143,6,0,160,78,1,1,0,319.3,backfill
2026,BotConsensus,2,3,83,False,Consensus,Mississippi Valley State,1331774630620332032,NCAA HISTORICALLY BLACK,HBCU,7,0.1183,0.5197,,,0,80.0,37,104,6,0,4,-79,1,1,0,279.18,backfill
2026,BotConsensus,2,3,84,False,Consensus,Coastal Carolina,1331775206619885568,NCAA BIG EAST & CO.,Big East,6,0.1181,0.5197,,,0,84.75,70,95,6,0,144,60,1,1,0,257.94,backfill
2026,BotConsensus,2,3,85,False,Consensus,Charleston Southern,1331774544905510912,NCAA OHIO VALLEY,Ohio Valley,6,0.1111,0.5185,,,0,86.0,78,94,6,0,71,-14,1,1,0,262.78,backfill
2026,BotConsensus,2,3,86,False,Consensus,Stony Brook,1316899756005412864,NCAA BIG SKY,Big Sky,5,0.096,0.516,,,0,85.25,80,107,6,0,74,-12,1,1,0,261.74,backfill
2026,BotConsensus,2,3,87,False,Consensus,South Dakota State,1331775206619885568,NCAA BIG EAST & CO.,Big East,3,0.0866,0.5144,,,0,75.5,46,151,6,0,79,-8,0,2,0,282.4,backfill
2026,BotConsensus,2,3,88,False,Consensus,TCU,1331774880181399552,NCAA BIG 12,Big 12,11,0.0816,0.5136,,,0,85.75,51,104,6,0,15,-73,1,1,0,276.58,backfill
2026,BotConsensus,2,3,89,False,Consensus,Utah State,1331774599196585984,NCAA MOUNTAIN WEST,Mountain West,5,0.0618,0.5103,,,0,88.25,80,99,6,0,32,-57,1,1,0,262.86,backfill
2026,BotConsensus,2,3,90,False,Consensus,James Madison,1331774454493122560,NCAA WILD,Wild,2,0.0535,0.5089,,,0,91.25,64,118,6,0,97,7,1,1,0,259.84,backfill
2026,BotConsensus,2,3,91,False,Consensus,Florida Atlantic,1331774695346823168,NCAA USA,CUSA,3,0.0403,0.5067,,,0,86.75,20,139,6,0,118,27,0,2,0,299.54,backfill
2026,BotConsensus,2,3,92,False,Consensus,Duke,1331774915392577536,NCAA ACC,ACC,7,0.0398,0.5066,,,0,91.5,63,108,6,0,29,-63,1,1,0,258.08,backfill
2026,BotConsensus,2,3,93,False,Consensus,Iowa,1316899936696016896,NCAA BIG 10,Big 10,11,0.0236,0.5039,,,0,92.0,65,120,6,0,69,-24,1,1,0,257.14,backfill
2026,BotConsensus,2,3,94,False,Consensus,Brown,1331774741488369664,NCAA IVY,Ivy,1,0.0082,0.5014,,,0,91.0,43,161,6,0,90,-4,1,1,0,246.3,backfill
2026,BotConsensus,2,3,95,False,Consensus,Eastern Washington,1316899756005412864,NCAA BIG SKY,Big Sky,4,0.0035,0.5006,,,0,94.75,67,115,6,0,109,14,1,1,0,253.94,backfill
2026,BotConsensus,2,3,96,False,Consensus,Penn,1331774741488369664,NCAA IVY,Ivy,7,-0.0254,0.4958,,,0,95.5,33,141,6,0,150,54,1,1,0,245.68,backfill
2026,BotConsensus,2,3,97,False,Consensus,Belmont,1331774544905510912,NCAA OHIO VALLEY,Ohio Valley,1,-0.0392,0.4935,,,0,99.5,73,110,6,0,147,50,1,1,0,244.16,backfill
2026,BotConsensus,2,3,98,False,Consensus,Grambling State,1331774630620332032,NCAA HISTORICALLY BLACK,HBCU,12,-0.0504,0.4916,,,0,97.5,79,122,6,0,158,60,1,1,0,250.92,backfill
2026,BotConsensus,2,3,99,False,Consensus,Cornell,1331774741488369664,NCAA IVY,Ivy,12,-0.0584,0.4903,,,0,99.25,71,127,6,0,155,56,1,1,0,252.64,backfill
2026,BotConsensus,2,3,100,False,Consensus,USF,1331775206619885568,NCAA BIG EAST & CO.,Big East,10,-0.0631,0.4895,,,0,95.75,66,141,6,0,58,-42,1,1,0,248.28,backfill
2026,BotConsensus,2,3,101,False,Consensus,Navy,1331775206619885568,NCAA BIG EAST & CO.,Big East,11,-0.0688,0.4885,,,0,98.0,41,162,6,0,141,40,1,1,0,245.94,backfill
2026,BotConsensus,2,3,102,False,Consensus,UNLV,1331774599196585984,NCAA MOUNTAIN WEST,Mountain West,11,-0.0892,0.4851,,,0,99.25,42,152,6,0,88,-14,2,0,0,232.8,backfill
2026,BotConsensus,2,3,103,False,Consensus,Jackson State,1331774630620332032,NCAA HISTORICALLY BLACK,HBCU,10,-0.1266,0.4789,,,0,95.25,45,142,6,0,76,-27,0,2,0,270.6,backfill
2026,BotConsensus,2,3,104,False,Consensus,Princeton,1331774741488369664,NCAA IVY,Ivy,10,-0.1292,0.4785,,,0,104.25,49,136,6,0,70,-34,1,1,0,245.34,backfill
2026,BotConsensus,2,3,105,False,Consensus,Bethune - Cookman,1331774630620332032,NCAA HISTORICALLY BLACK,HBCU,9,-0.1342,0.4776,,,0,106.75,87,115,6,0,111,6,1,1,0,246.04,backfill
2026,BotConsensus,2,3,106,False,Consensus,UCONN,1331775206619885568,NCAA BIG EAST & CO.,Big East,5,-0.1379,0.477,,,0,104.5,63,138,6,0,138,32,1,1,0,239.58,backfill
2026,BotConsensus,2,3,107,False,Consensus,Wisconsin,1316899936696016896,NCAA BIG 10,Big 10,6,-0.1499,0.475,,,0,103.25,48,160,6,0,47,-60,1,1,0,245.38,backfill
2026,BotConsensus,2,3,108,False,Consensus,Monmouth,1331774544905510912,NCAA OHIO VALLEY,Ohio Valley,10,-0.1793,0.4701,,,0,107.75,93,123,6,0,24,-84,1,1,0,239.98,backfill
2026,BotConsensus,2,3,109,False,Consensus,Colgate,1331774741488369664,NCAA IVY,Ivy,8,-0.1964,0.4673,,,0,108.5,99,113,6,0,81,-28,1,1,0,246.16,backfill
2026,BotConsensus,2,3,110,False,Consensus,Texas A&M,1331774880181399552,NCAA BIG 12,Big 12,4,-0.1973,0.4671,,,0,101.0,86,143,6,0,96,-14,0,2,0,259.26,backfill
2026,BotConsensus,2,3,111,False,Consensus,Iowa State,1331774880181399552,NCAA BIG 12,Big 12,2,-0.24,0.46,,,0,116.0,90,130,6,0,174,63,1,1,0,232.72,backfill
2026,BotConsensus,2,3,112,False,Consensus,Illinois,1316899936696016896,NCAA BIG 10,Big 10,10,-0.2556,0.4574,,,0,111.25,52,131,6,0,120,8,1,1,0,246.0,backfill
2026,BotConsensus,2,3,113,False,Consensus,Boston College,1331774915392577536,NCAA ACC,ACC,8,-0.2748,0.4542,,,0,106.0,86,135,6,0,78,-35,0,2,0,258.94,backfill
2026,BotConsensus,2,3,114,False,Consensus,Morehead State,1331774544905510912,NCAA OHIO VALLEY,Ohio Valley,8,-0.2873,0.4521,,,0,114.75,107,127,6,0,72,-42,1,1,0,238.82,backfill
2026,BotConsensus,2,3,115,False,Consensus,Utah,1331775106527006720,NCAA PAC 12,PAC 12,11,-0.3378,0.4437,,,0,118.5,101,134,6,0,62,-53,1,1,0,229.3,backfill
2026,BotConsensus,2,3,116,False,Consensus,Citadel,1331774454493122560,NCAA WILD,Wild,8,-0.3498,0.4417,,,0,106.25,39,162,6,0,59,-57,0,2,0,267.26,backfill
2026,BotConsensus,2,3,117,False,Consensus,New Mexico,1331774599196585984,NCAA MOUNTAIN WEST,Mountain West,9,-0.3617,0.4397,,,0,120.25,101,144,6,0,162,45,1,1,0,223.0,backfill
2026,BotConsensus,2,3,118,False,Consensus,Texas Tech,1331774880181399552,NCAA BIG 12,Big 12,1,-0.37,0.4383,,,0,115.75,81,137,6,0,131,13,0,2,0,247.28,backfill
2026,BotConsensus,2,3,119,False,Consensus,Texas,1331774880181399552,NCAA BIG 12,Big 12,6,-0.373,0.4378,,,0,122.75,58,134,6,0,125,6,1,1,0,230.44,backfill
2026,BotConsensus,2,3,120,False,Consensus,Louisville,1331774915392577536,NCAA ACC,ACC,11,-0.3775,0.4371,,,0,115.0,89,141,6,0,145,25,0,2,0,243.32,backfill
2026,BotConsensus,2,3,121,False,Consensus,Missouri,1331774880181399552,NCAA BIG 12,Big 12,3,-0.3786,0.4369,,,0,118.0,51,154,6,0,110,-11,2,0,0,216.3,backfill
2026,BotConsensus,2,3,122,False,Consensus,Louisiana Monroe,1331774695346823168,NCAA USA,CUSA,12,-0.3804,0.4366,,,0,120.25,29,166,6,0,161,39,1,1,0,227.32,backfill
2026,BotConsensus,2,3,123,False,Consensus,Eastern Kentucky,1331774544905510912,NCAA OHIO VALLEY,Ohio Valley,5,-0.4336,0.4277,,,0,116.0,64,153,6,0,156,33,0,2,0,243.04,backfill
2026,BotConsensus,2,3,124,False,Consensus,Richmond,1316899756005412864,NCAA BIG SKY,Big Sky,7,-0.4354,0.4274,,,0,126.75,19,160,6,0,103,-21,2,0,0,199.28,backfill
2026,BotConsensus,2,3,125,False,Consensus,Indiana,1316899936696016896,NCAA BIG 10,Big 10,8,-0.4374,0.4271,,,0,120.75,27,173,6,0,54,-71,1,1,0,211.26,backfill
2026,BotConsensus,2,3,126,False,Consensus,Michigan,1316899936696016896,NCAA BIG 10,Big 10,12,-0.4574,0.4238,,,0,116.25,52,149,6,0,113,-13,0,2,0,253.96,backfill
2026,BotConsensus,2,3,127,False,Consensus,Marshall,1331774846710849536,NCAA SUN BELT,Sun Belt,5,-0.474,0.421,,,0,123.5,89,166,6,0,61,-66,1,1,0,212.22,backfill
2026,BotConsensus,2,3,128,False,Consensus,North Dakota State,1331774454493122560,NCAA WILD,Wild,3,-0.4832,0.4195,,,0,126.75,74,158,6,0,119,-9,1,1,0,216.32,backfill
2026,BotConsensus,2,3,129,False,Consensus,Arkansas,1331775170712444928,NCAA SEC,SEC,12,-0.5034,0.4161,,,0,123.25,109,144,6,0,115,-14,0,2,0,239.3,backfill
2026,BotConsensus,2,3,130,False,Consensus,California,1331775106527006720,NCAA PAC 12,PAC 12,10,-0.5244,0.4126,,,0,117.5,53,172,6,0,143,13,2,0,0,192.24,backfill
2026,BotConsensus,2,3,131,False,Consensus,Tulane,1331774846710849536,NCAA SUN BELT,Sun Belt,3,-0.5374,0.4104,,,0,123.0,107,152,6,0,114,-17,0,2,0,243.34,backfill
2026,BotConsensus,2,3,132,False,Consensus,North Texas,1331774695346823168,NCAA USA,CUSA,2,-0.5389,0.4102,,,0,121.75,89,159,6,0,117,-15,0,2,0,243.92,backfill
2026,BotConsensus,2,3,133,False,Consensus,Rutgers,1331775206619885568,NCAA BIG EAST & CO.,Big East,1,-0.5676,0.4054,,,0,127.75,114,141,6,0,85,-48,1,1,0,222.88,backfill
2026,BotConsensus,2,3,134,False,Consensus,Montana State,1316899756005412864,NCAA BIG SKY,Big Sky,6,-0.5798,0.4034,,,0,128.0,72,151,6,0,124,-10,0,2,0,241.46,backfill
2026,BotConsensus,2,3,135,False,Consensus,Nevada,1331774599196585984,NCAA MOUNTAIN WEST,Mountain West,10,-0.5817,0.4031,,,0,125.75,63,148,6,0,134,-1,0,2,0,245.24,backfill
2026,BotConsensus,2,3,136,False,Consensus,Western Kentucky,1331774695346823168,NCAA USA,CUSA,6,-0.583,0.4028,,,0,129.5,90,145,6,0,92,-44,0,2,0,238.78,backfill
2026,BotConsensus,2,3,137,False,Consensus,Wofford,1331774804222545920,NCAA PIONEER,Pioneer,1,-0.6497,0.3917,,,0,128.5,115,154,6,0,135,-2,0,2,0,236.0,backfill
2026,BotConsensus,2,3,138,False,Consensus,Texas State,1331774695346823168,NCAA USA,CUSA,9,-0.6524,0.3913,,,0,137.25,80,157,6,0,100,-38,1,1,0,205.2,backfill
2026,BotConsensus,2,3,139,False,Consensus,Tennessee State,1331774804222545920,NCAA PIONEER,Pioneer,5,-0.6577,0.3904,,,0,135.0,102,162,6,0,165,26,1,1,0,197.28,backfill
2026,BotConsensus,2,3,140,False,Consensus,Oklahoma,1331774880181399552,NCAA BIG 12,Big 12,9,-0.7296,0.3784,,,0,137.5,62,175,6,0,108,-32,1,1,0,188.04,backfill
2026,BotConsensus,2,3,141,False,Consensus,North Carolina,1331774915392577536,NCAA ACC,ACC,2,-0.7344,0.3776,,,0,135.0,104,147,6,0,121,-20,0,2,0,232.5,backfill
2026,BotConsensus,2,3,142,False,Consensus,Alabama A&M,1331774630620332032,NCAA HISTORICALLY BLACK,HBCU,2,-0.7538,0.3744,,,0,137.75,85,174,6,0,123,-19,1,1,0,190.92,backfill
2026,BotConsensus,2,3,143,False,Consensus,Alabama,1331775170712444928,NCAA SEC,SEC,11,-0.7682,0.372,,,0,138.75,81,177,6,0,122,-21,1,1,0,181.42,backfill
2026,BotConsensus,2,3,144,False,Consensus,Washington,1331775106527006720,NCAA PAC 12,PAC 12,6,-0.7921,0.368,,,0,142.75,114,159,6,0,153,9,1,1,0,199.76,backfill
2026,BotConsensus,2,3,145,False,Consensus,Tennessee,1331775170712444928,NCAA SEC,SEC,3,-0.8694,0.3551,,,0,138.5,62,155,6,0,129,-16,0,2,0,231.86,backfill
2026,BotConsensus,2,3,146,False,Consensus,Troy,1331774695346823168,NCAA USA,CUSA,1,-0.9123,0.348,,,0,140.75,130,151,6,0,139,-7,0,2,0,220.02,backfill
2026,BotConsensus,2,3,147,False,Consensus,Air Force,1331774599196585984,NCAA MOUNTAIN WEST,Mountain West,4,-0.9504,0.3416,,,0,150.25,113,168,6,0,167,20,1,1,0,183.28,backfill
2026,BotConsensus,2,3,148,False,Consensus,Vanderbilt,1331775170712444928,NCAA SEC,SEC,9,-0.9654,0.3391,,,0,142.5,28,161,6,0,127,-21,0,2,0,231.28,backfill
2026,BotConsensus,2,3,149,False,Consensus,Virginia Tech,1331774915392577536,NCAA ACC,ACC,4,-0.9877,0.3354,,,0,143.75,128,158,6,0,154,5,0,2,0,209.68,backfill
2026,BotConsensus,2,3,150,False,Consensus,Jacksonville State,1331774544905510912,NCAA OHIO VALLEY,Ohio Valley,9,-1.0337,0.3277,,,0,150.5,106,178,6,0,164,14,1,1,0,165.7,backfill
2026,BotConsensus,2,3,151,False,Consensus,Oklahoma State,1331774880181399552,NCAA BIG 12,Big 12,12,-1.0541,0.3243,,,0,146.75,69,160,6,0,95,-56,0,2,0,216.54,backfill
2026,BotConsensus,2,3,152,False,Consensus,Villanova,1316899756005412864,NCAA BIG SKY,Big Sky,2,-1.0547,0.3242,,,0,145.5,14,171,6,0,91,-61,0,2,0,219.0,backfill
2026,BotConsensus,2,3,153,False,Consensus,Bucknell,1331774741488369664,NCAA IVY,Ivy,3,-1.0587,0.3235,,,0,146.25,75,164,6,0,126,-27,0,2,0,213.4,backfill
2026,BotConsensus,2,3,154,False,Consensus,Central Michigan,1331774454493122560,NCAA WILD,Wild,4,-1.0831,0.3195,,,0,150.25,110,155,6,0,148,-6,0,2,0,213.62,backfill
2026,BotConsensus,2,3,155,False,Consensus,Dayton,1331774804222545920,NCAA PIONEER,Pioneer,7,-1.0854,0.3191,,,0,149.25,146,164,6,0,169,14,0,2,0,197.54,backfill
2026,BotConsensus,2,3,156,False,Consensus,San Jose State,1331774454493122560,NCAA WILD,Wild,7,-1.0896,0.3184,,,0,151.5,132,173,6,0,179,23,0,2,0,198.78,backfill
2026,BotConsensus,2,3,157,False,Consensus,Butler,1331774804222545920,NCAA PIONEER,Pioneer,4,-1.0979,0.317,,,0,150.5,97,170,6,0,102,-55,0,2,0,196.1,backfill
2026,BotConsensus,2,3,158,False,Consensus,Ole Miss,1331775170712444928,NCAA SEC,SEC,5,-1.1002,0.3166,,,0,151.5,131,170,6,0,166,8,0,2,0,205.06,backfill
2026,BotConsensus,2,3,159,False,Consensus,Holy Cross,1331774804222545920,NCAA PIONEER,Pioneer,2,-1.1134,0.3144,,,0,147.75,81,175,6,0,132,-27,0,2,0,221.22,backfill
2026,BotConsensus,2,3,160,False,Consensus,Rice,1331774846710849536,NCAA SUN BELT,Sun Belt,4,-1.1341,0.311,,,0,150.25,25,172,6,0,136,-24,0,2,0,213.12,backfill
2026,BotConsensus,2,3,161,False,Consensus,Kennesaw State,1331774544905510912,NCAA OHIO VALLEY,Ohio Valley,3,-1.1516,0.3081,,,0,151.5,76,164,6,0,137,-24,0,2,0,216.34,backfill
2026,BotConsensus,2,3,162,False,Consensus,Louisiana,1331774695346823168,NCAA USA,CUSA,11,-1.1838,0.3027,,,0,159.5,149,176,6,0,176,14,0,2,0,191.58,backfill
2026,BotConsensus,2,3,163,False,Consensus,Howard,1331774630620332032,NCAA HISTORICALLY BLACK,HBCU,6,-1.2158,0.2974,,,0,156.0,97,167,6,0,133,-30,0,2,0,209.6,backfill
2026,BotConsensus,2,3,164,False,Consensus,Michigan State,1316899936696016896,NCAA BIG 10,Big 10,4,-1.2443,0.2926,,,0,156.0,23,176,6,0,130,-34,0,2,0,209.46,backfill
2026,BotConsensus,2,3,165,False,Consensus,Wyoming,1331774599196585984,NCAA MOUNTAIN WEST,Mountain West,3,-1.2458,0.2924,,,0,157.25,138,165,6,0,149,-16,0,2,0,196.14,backfill
2026,BotConsensus,2,3,166,False,Consensus,Harvard,1331774741488369664,NCAA IVY,Ivy,2,-1.2596,0.2901,,,0,160.5,133,169,6,0,168,2,0,2,0,194.3,backfill
2026,BotConsensus,2,3,167,False,Consensus,Florida,1331775170712444928,NCAA SEC,SEC,1,-1.2788,0.2869,,,0,159.0,134,167,6,0,146,-21,0,2,0,199.48,backfill
2026,BotConsensus,2,3,168,False,Consensus,Maine,1316899756005412864,NCAA BIG SKY,Big Sky,11,-1.2843,0.2859,,,0,160.5,97,177,6,0,157,-11,1,1,0,150.54,backfill
2026,BotConsensus,2,3,169,False,Consensus,Tuskegee,1331774630620332032,NCAA HISTORICALLY BLACK,HBCU,11,-1.3892,0.2685,,,0,166.5,156,178,6,0,173,4,0,2,0,183.0,backfill
2026,BotConsensus,2,3,170,False,Consensus,Arizona,1331775106527006720,NCAA PAC 12,PAC 12,1,-1.4282,0.262,,,0,165.75,140,171,6,0,159,-11,0,2,0,180.38,backfill
2026,BotConsensus,2,3,171,False,Consensus,Stanford,1331775106527006720,NCAA PAC 12,PAC 12,5,-1.4293,0.2618,,,0,166.25,116,170,6,0,151,-20,0,2,0,187.62,backfill
2026,BotConsensus,2,3,172,False,Consensus,UAB,1331774846710849536,NCAA SUN BELT,Sun Belt,10,-1.4479,0.2587,,,0,162.75,106,179,6,0,170,-2,0,2,0,162.32,backfill
2026,BotConsensus,2,3,173,False,Consensus,Central Arkansas,1331774454493122560,NCAA WILD,Wild,9,-1.5227,0.2462,,,0,169.0,118,177,6,0,163,-10,0,2,0,170.9,backfill
2026,BotConsensus,2,3,174,False,Consensus,Boise State,1331774599196585984,NCAA MOUNTAIN WEST,Mountain West,2,-1.6213,0.2298,,,0,173.5,154,175,6,0,152,-22,0,2,0,152.8,backfill
2026,BotConsensus,2,3,175,False,Consensus,Northwestern,1316899936696016896,NCAA BIG 10,Big 10,3,-1.67,0.2217,,,0,175.5,145,178,6,0,172,-3,0,2,0,142.12,backfill
2026,BotConsensus,2,3,176,False,Consensus,Kansas,1331774880181399552,NCAA BIG 12,Big 12,10,-1.6904,0.2183,,,0,175.0,143,177,6,0,177,1,0,2,0,157.68,backfill
2026,BotConsensus,2,3,177,False,Consensus,Maryland,1331775206619885568,NCAA BIG EAST & CO.,Big East,2,-1.7015,0.2164,,,0,173.0,169,176,6,0,171,-6,0,2,0,151.62,backfill
2026,BotConsensus,2,3,178,False,Consensus,Northern Iowa,1316899756005412864,NCAA BIG SKY,Big Sky,10,-1.7684,0.2053,,,0,176.5,161,179,6,0,178,0,0,2,0,131.38,backfill
2026,BotConsensus,2,3,179,False,Consensus,Oregon,1331775106527006720,NCAA PAC 12,PAC 12,9,-1.7817,0.203,,,0,176.0,160,180,6,0,175,-4,0,2,0,151.24,backfill
2026,BotConsensus,2,3,180,False,Consensus,Weber State,1316899756005412864,NCAA BIG SKY,Big Sky,9,-2.2557,0.1241,,,0,180.0,179,180,6,0,180,0,0,2,0,70.62,backfill
2026,BotConsensus,3,4,1,False,Consensus,Baylor,1331774880181399552,NCAA BIG 12,Big 12,5,1.8686,0.8114,,,2,2.8,1,92,7,0,5,4,3,0,0,528.74,backfill
2026,BotConsensus,3,4,2,False,Consensus,Minnesota,1316899936696016896,NCAA BIG 10,Big 10,7,1.6913,0.7819,,,2,4.8,1,11,7,0,2,0,3,0,0,567.04,backfill
2026,BotConsensus,3,4,3,False,Consensus,Hawaii,1331774599196585984,NCAA MOUNTAIN WEST,Mountain West,1,1.6901,0.7817,,,0,5.0,2,11,7,0,1,-2,3,0,0,556.34,backfill
2026,BotConsensus,3,4,4,False,Consensus,Clemson,1331774915392577536,NCAA ACC,ACC,12,1.5749,0.7625,,,0,9.6,4,17,7,0,16,12,3,0,0,519.38,backfill
2026,BotConsensus,3,4,5,False,Consensus,Youngstown State,1316899756005412864,NCAA BIG SKY,Big Sky,12,1.5556,0.7593,,,1,10.0,1,34,7,0,15,10,3,0,0,507.88,backfill
2026,BotConsensus,3,4,6,False,Consensus,William & Mary,1316899756005412864,NCAA BIG SKY,Big Sky,3,1.5378,0.7563,,,0,12.2,3,38,7,0,13,7,3,0,0,513.28,backfill
2026,BotConsensus,3,4,7,False,Consensus,Auburn,1331775170712444928,NCAA SEC,SEC,4,1.4793,0.7465,,,1,11.0,1,30,7,0,6,-1,3,0,0,517.68,backfill
2026,BotConsensus,3,4,8,False,Consensus,Washington State,1331775106527006720,NCAA PAC 12,PAC 12,4,1.4591,0.7432,,,0,13.2,10,37,7,0,17,9,3,0,0,477.84,backfill
2026,BotConsensus,3,4,9,False,Consensus,Dartmouth,1331774741488369664,NCAA IVY,Ivy,11,1.4193,0.7365,,,0,12.2,9,44,7,0,12,3,3,0,0,479.04,backfill
2026,BotConsensus,3,4,10,False,Consensus,Middle Tennessee State,1331774695346823168,NCAA USA,CUSA,7,1.343,0.7238,,,0,17.2,4,37,7,0,7,-3,3,0,0,502.08,backfill
2026,BotConsensus,3,4,11,False,Consensus,Kansas State,1331774880181399552,NCAA BIG 12,Big 12,7,1.3303,0.7217,,,0,16.6,3,39,7,0,8,-3,3,0,0,513.06,backfill
2026,BotConsensus,3,4,12,False,Consensus,South Alabama,1331774695346823168,NCAA USA,CUSA,4,1.3271,0.7212,,,0,17.2,7,29,7,0,28,16,3,0,0,509.96,backfill
2026,BotConsensus,3,4,13,False,Consensus,Portland State,1316899756005412864,NCAA BIG SKY,Big Sky,8,1.3019,0.717,,,1,22.4,1,138,7,0,9,-4,2,1,0,510.94,backfill
2026,BotConsensus,3,4,14,False,Consensus,FSU,1331774915392577536,NCAA ACC,ACC,5,1.2964,0.7161,,,0,19.6,8,63,7,0,10,-4,3,0,0,465.24,backfill
2026,BotConsensus,3,4,15,False,Consensus,BYU,1331774599196585984,NCAA MOUNTAIN WEST,Mountain West,6,1.2844,0.7141,,,0,20.2,10,106,7,0,29,14,3,0,0,474.28,backfill
2026,BotConsensus,3,4,16,False,Consensus,Southern Miss,1331774846710849536,NCAA SUN BELT,Sun Belt,9,1.2497,0.7083,,,0,21.6,13,71,7,0,43,27,3,0,0,452.82,backfill
2026,BotConsensus,3,4,17,False,Consensus,Old Dominion,1331774454493122560,NCAA WILD,Wild,10,1.2012,0.7002,,,0,32.0,6,141,7,0,21,4,3,0,0,442.74,backfill
2026,BotConsensus,3,4,18,False,Consensus,Colorado,1331775106527006720,NCAA PAC 12,PAC 12,8,1.1564,0.6927,,,0,25.2,2,62,7,0,34,16,3,0,0,478.6,backfill
2026,BotConsensus,3,4,19,False,Consensus,Arizona State,1331775106527006720,NCAA PAC 12,PAC 12,7,1.1538,0.6923,,,0,24.0,5,88,7,0,36,17,2,1,0,501.72,backfill
2026,BotConsensus,3,4,20,False,Consensus,South Carolina,1331775170712444928,NCAA SEC,SEC,10,1.1541,0.6923,,,0,29.0,7,134,7,0,23,3,3,0,0,457.5,backfill
2026,BotConsensus,3,4,21,False,Consensus,Chattanooga,1331774544905510912,NCAA OHIO VALLEY,Ohio Valley,4,1.1413,0.6902,,,0,23.6,12,36,7,0,3,-18,2,1,0,493.38,backfill
2026,BotConsensus,3,4,22,False,Consensus,Montana,1331774454493122560,NCAA WILD,Wild,1,1.0913,0.6819,,,0,34.6,2,94,7,0,82,60,2,1,0,529.54,backfill
2026,BotConsensus,3,4,23,False,Consensus,Georgia Tech,1331774915392577536,NCAA ACC,ACC,3,1.08,0.68,,,0,29.6,8,79,7,0,26,3,3,0,0,443.66,backfill
2026,BotConsensus,3,4,24,False,Consensus,Mississippi State,1331775170712444928,NCAA SEC,SEC,6,1.0627,0.6771,,,0,29.8,6,81,7,0,11,-13,2,1,0,521.08,backfill
2026,BotConsensus,3,4,25,False,Consensus,Syracuse,1331775206619885568,NCAA BIG EAST & CO.,Big East,7,0.9963,0.666,,,0,36.4,4,126,7,0,72,47,2,1,0,474.84,backfill
2026,BotConsensus,3,4,26,False,Consensus,Arkansas State,1331774695346823168,NCAA USA,CUSA,8,0.9301,0.655,,,0,36.2,20,80,7,0,37,11,3,0,0,434.18,backfill
2026,BotConsensus,3,4,27,False,Consensus,North Carolina Central,1331774544905510912,NCAA OHIO VALLEY,Ohio Valley,12,0.9278,0.6546,,,0,29.8,14,42,7,0,35,8,2,1,0,469.3,backfill
2026,BotConsensus,3,4,28,False,Consensus,North Alabama,1331774544905510912,NCAA OHIO VALLEY,Ohio Valley,11,0.9155,0.6526,,,0,30.6,17,79,7,0,33,5,2,1,0,473.34,backfill
2026,BotConsensus,3,4,29,False,Consensus,North Carolina A&T,1331774630620332032,NCAA HISTORICALLY BLACK,HBCU,1,0.8664,0.6444,,,0,40.6,17,87,7,0,25,-4,3,0,0,432.94,backfill
2026,BotConsensus,3,4,30,False,Consensus,LSU,1331775170712444928,NCAA SEC,SEC,2,0.8619,0.6437,,,0,34.6,18,78,7,0,40,10,2,1,0,465.94,backfill
2026,BotConsensus,3,4,31,False,Consensus,Georgetown,1331774741488369664,NCAA IVY,Ivy,5,0.859,0.6432,,,0,36.2,5,74,7,0,32,1,2,1,0,461.2,backfill
2026,BotConsensus,3,4,32,False,Consensus,Pittsburgh,1331775206619885568,NCAA BIG EAST & CO.,Big East,4,0.8475,0.6412,,,0,45.0,3,79,7,0,24,-8,3,0,0,431.32,backfill
2026,BotConsensus,3,4,33,False,Consensus,Delaware,1331774544905510912,NCAA OHIO VALLEY,Ohio Valley,7,0.8194,0.6366,,,0,42.0,23,70,7,0,31,-2,3,0,0,429.34,backfill
2026,BotConsensus,3,4,34,False,Consensus,Virginia,1331774915392577536,NCAA ACC,ACC,1,0.7958,0.6326,,,0,38.8,16,73,7,0,22,-12,2,1,0,459.18,backfill
2026,BotConsensus,3,4,35,False,Consensus,Louisiana Tech,1331774846710849536,NCAA SUN BELT,Sun Belt,11,0.7886,0.6314,,,0,38.0,23,75,7,0,4,-31,2,1,0,492.24,backfill
2026,BotConsensus,3,4,36,False,Consensus,ETSU,1331774544905510912,NCAA OHIO VALLEY,Ohio Valley,2,0.7883,0.6314,,,0,41.4,20,65,7,0,47,11,2,1,0,450.58,backfill
2026,BotConsensus,3,4,37,False,Consensus,Campbell,1331774804222545920,NCAA PIONEER,Pioneer,8,0.7807,0.6301,,,0,48.0,18,110,7,0,30,-7,3,0,0,417.6,backfill
2026,BotConsensus,3,4,38,False,Consensus,Coastal Carolina,1331775206619885568,NCAA BIG EAST & CO.,Big East,6,0.7506,0.6251,,,0,43.2,27,91,7,0,84,46,2,1,0,419.92,backfill
2026,BotConsensus,3,4,39,False,Consensus,Purdue,1316899936696016896,NCAA BIG 10,Big 10,1,0.7461,0.6244,,,0,52.2,10,108,7,0,18,-21,3,0,0,425.84,backfill
2026,BotConsensus,3,4,40,False,Consensus,Army,1331775206619885568,NCAA BIG EAST & CO.,Big East,8,0.7447,0.6241,,,0,52.0,15,132,7,0,52,12,3,0,0,417.64,backfill
2026,BotConsensus,3,4,41,False,Consensus,West Virginia,1331774880181399552,NCAA BIG 12,Big 12,8,0.7311,0.6219,,,0,41.0,18,71,7,0,19,-22,2,1,0,461.88,backfill
2026,BotConsensus,3,4,42,False,Consensus,Southern,1331774630620332032,NCAA HISTORICALLY BLACK,HBCU,4,0.7296,0.6216,,,0,43.6,21,83,7,0,57,15,2,1,0,436.2,backfill
2026,BotConsensus,3,4,43,False,Consensus,Murray State,1331774804222545920,NCAA PIONEER,Pioneer,3,0.7182,0.6197,,,0,41.8,24,62,7,0,50,7,2,1,0,457.24,backfill
2026,BotConsensus,3,4,44,False,Consensus,UT Martin,1331774804222545920,NCAA PIONEER,Pioneer,11,0.6975,0.6162,,,0,45.8,25,76,7,0,81,37,2,1,0,433.98,backfill
2026,BotConsensus,3,4,45,False,Consensus,Kentucky,1331775170712444928,NCAA SEC,SEC,8,0.6859,0.6143,,,0,50.4,29,123,7,0,75,30,3,0,0,397.2,backfill
2026,BotConsensus,3,4,46,False,Consensus,Temple,1331774846710849536,NCAA SUN BELT,Sun Belt,1,0.6799,0.6133,,,0,48.0,33,78,7,0,70,24,2,1,0,428.34,backfill
2026,BotConsensus,3,4,47,False,Consensus,Memphis,1331774846710849536,NCAA SUN BELT,Sun Belt,8,0.6665,0.6111,,,0,49.8,24,67,7,0,45,-2,2,1,0,446.86,backfill
2026,BotConsensus,3,4,48,False,Consensus,Georgia State,1331774695346823168,NCAA USA,CUSA,5,0.6395,0.6066,,,0,51.0,27,98,7,0,27,-21,2,1,0,439.26,backfill
2026,BotConsensus,3,4,49,False,Consensus,Iowa,1316899936696016896,NCAA BIG 10,Big 10,11,0.6264,0.6044,,,0,52.8,33,114,7,0,93,44,2,1,0,418.52,backfill
2026,BotConsensus,3,4,50,False,Consensus,Columbia,1331774741488369664,NCAA IVY,Ivy,4,0.6008,0.6001,,,0,59.2,21,112,7,0,41,-9,3,0,0,400.94,backfill
2026,BotConsensus,3,4,51,False,Consensus,Davidson,1331774804222545920,NCAA PIONEER,Pioneer,12,0.5933,0.5989,,,0,60.6,18,89,7,0,44,-7,3,0,0,407.1,backfill
2026,BotConsensus,3,4,52,False,Consensus,Belmont,1331774544905510912,NCAA OHIO VALLEY,Ohio Valley,1,0.5893,0.5982,,,0,55.2,33,88,7,0,97,45,2,1,0,410.3,backfill
2026,BotConsensus,3,4,53,False,Consensus,USC,1331775106527006720,NCAA PAC 12,PAC 12,2,0.5796,0.5966,,,0,51.2,19,117,7,0,49,-4,1,2,0,453.06,backfill
2026,BotConsensus,3,4,54,False,Consensus,Florida A&M,1331774630620332032,NCAA HISTORICALLY BLACK,HBCU,5,0.579,0.5965,,,0,52.8,2,96,7,0,58,4,2,1,0,449.64,backfill
2026,BotConsensus,3,4,55,False,Consensus,Alcorn State,1331774630620332032,NCAA HISTORICALLY BLACK,HBCU,8,0.574,0.5957,,,0,58.2,23,105,7,0,42,-13,2,1,0,419.46,backfill
2026,BotConsensus,3,4,56,False,Consensus,Georgia Southern,1331774846710849536,NCAA SUN BELT,Sun Belt,7,0.5678,0.5946,,,0,56.8,21,113,7,0,78,22,2,1,0,414.42,backfill
2026,BotConsensus,3,4,57,False,Consensus,NC State,1331774915392577536,NCAA ACC,ACC,10,0.5554,0.5926,,,0,55.4,3,117,7,0,77,20,2,1,0,432.76,backfill
2026,BotConsensus,3,4,58,False,Consensus,Stony Brook,1316899756005412864,NCAA BIG SKY,Big Sky,5,0.5433,0.5906,,,0,55.6,38,80,7,0,86,28,2,1,0,424.32,backfill
2026,BotConsensus,3,4,59,False,Consensus,UCLA,1331775106527006720,NCAA PAC 12,PAC 12,12,0.5214,0.5869,,,0,54.4,44,76,7,0,20,-39,2,1,0,434.68,backfill
2026,BotConsensus,3,4,60,False,Consensus,Texas A&M,1331774880181399552,NCAA BIG 12,Big 12,4,0.5197,0.5866,,,0,58.0,34,97,7,0,110,50,1,2,0,431.6,backfill
2026,BotConsensus,3,4,61,False,Consensus,Colorado State,1331774599196585984,NCAA MOUNTAIN WEST,Mountain West,8,0.4929,0.5822,,,0,60.0,43,82,7,0,64,3,2,1,0,431.72,backfill
2026,BotConsensus,3,4,62,False,Consensus,SE Missouri State,1331774804222545920,NCAA PIONEER,Pioneer,6,0.4601,0.5767,,,0,63.6,54,95,7,0,80,18,2,1,0,415.04,backfill
2026,BotConsensus,3,4,63,False,Consensus,Cornell,1331774741488369664,NCAA IVY,Ivy,12,0.4408,0.5735,,,0,64.4,37,102,7,0,99,36,2,1,0,414.12,backfill
2026,BotConsensus,3,4,64,False,Consensus,Tulsa,1331774846710849536,NCAA SUN BELT,Sun Belt,6,0.4307,0.5718,,,0,67.0,47,83,7,0,61,-3,2,1,0,408.02,backfill
2026,BotConsensus,3,4,65,False,Consensus,Illinois,1316899936696016896,NCAA BIG 10,Big 10,10,0.3992,0.5665,,,0,70.0,51,82,7,0,112,47,2,1,0,413.44,backfill
2026,BotConsensus,3,4,66,False,Consensus,Brown,1331774741488369664,NCAA IVY,Ivy,1,0.3982,0.5664,,,0,66.4,16,163,7,0,94,28,2,1,0,374.28,backfill
2026,BotConsensus,3,4,67,False,Consensus,Eastern Michigan,1331774454493122560,NCAA WILD,Wild,6,0.3371,0.5562,,,0,64.8,36,129,7,0,55,-12,1,2,0,443.5,backfill
2026,BotConsensus,3,4,68,False,Consensus,Fresno State,1331774599196585984,NCAA MOUNTAIN WEST,Mountain West,7,0.3363,0.5561,,,0,67.0,33,104,7,0,74,6,1,2,0,434.34,backfill
2026,BotConsensus,3,4,69,False,Consensus,Furman,1331774804222545920,NCAA PIONEER,Pioneer,10,0.3365,0.5561,,,0,75.0,37,84,7,0,51,-18,2,1,0,405.88,backfill
2026,BotConsensus,3,4,70,False,Consensus,Nebraska,1316899936696016896,NCAA BIG 10,Big 10,2,0.3136,0.5523,,,0,71.8,40,109,7,0,59,-11,1,2,0,418.1,backfill
2026,BotConsensus,3,4,71,False,Consensus,Delaware State,1331774630620332032,NCAA HISTORICALLY BLACK,HBCU,3,0.3122,0.552,,,0,74.6,26,151,7,0,14,-57,2,1,0,393.68,backfill
2026,BotConsensus,3,4,72,False,Consensus,Eastern Washington,1316899756005412864,NCAA BIG SKY,Big Sky,4,0.2721,0.5453,,,0,80.2,27,123,7,0,95,23,2,1,0,400.18,backfill
2026,BotConsensus,3,4,73,False,Consensus,San Diego State,1331774599196585984,NCAA MOUNTAIN WEST,Mountain West,12,0.2556,0.5426,,,0,76.4,68,85,7,0,38,-35,2,1,0,404.08,backfill
2026,BotConsensus,3,4,74,False,Consensus,Ohio State,1316899936696016896,NCAA BIG 10,Big 10,9,0.2458,0.541,,,0,68.0,42,130,7,0,48,-26,1,2,0,443.38,backfill
2026,BotConsensus,3,4,75,False,Consensus,Lehigh,1331774741488369664,NCAA IVY,Ivy,6,0.246,0.541,,,0,80.0,46,127,7,0,79,4,2,1,0,395.2,backfill
2026,BotConsensus,3,4,76,False,Consensus,Michigan,1316899936696016896,NCAA BIG 10,Big 10,12,0.2443,0.5407,,,0,73.8,28,132,7,0,126,50,1,2,0,409.7,backfill
2026,BotConsensus,3,4,77,False,Consensus,Austin Peay,1331774804222545920,NCAA PIONEER,Pioneer,9,0.2396,0.5399,,,0,80.8,34,116,7,0,39,-38,2,1,0,398.1,backfill
2026,BotConsensus,3,4,78,False,Consensus,TCU,1331774880181399552,NCAA BIG 12,Big 12,11,0.2139,0.5356,,,0,76.6,61,99,7,0,88,10,1,2,0,420.82,backfill
2026,BotConsensus,3,4,79,False,Consensus,Oregon State,1331775106527006720,NCAA PAC 12,PAC 12,3,0.1746,0.5291,,,0,84.0,12,119,7,0,67,-12,2,1,0,416.56,backfill
2026,BotConsensus,3,4,80,False,Consensus,James Madison,1331774454493122560,NCAA WILD,Wild,2,0.1603,0.5267,,,0,83.2,70,107,7,0,90,10,2,1,0,384.18,backfill
2026,BotConsensus,3,4,81,False,Consensus,UCF,1331775206619885568,NCAA BIG EAST & CO.,Big East,9,0.1481,0.5247,,,0,83.6,36,102,7,0,69,-12,1,2,0,410.58,backfill
2026,BotConsensus,3,4,82,False,Consensus,UTSA,1331774846710849536,NCAA SUN BELT,Sun Belt,12,0.1278,0.5213,,,0,87.0,55,152,7,0,46,-36,2,1,0,393.92,backfill
2026,BotConsensus,3,4,83,False,Consensus,Mississippi Valley State,1331774630620332032,NCAA HISTORICALLY BLACK,HBCU,7,0.1189,0.5198,,,0,83.6,40,148,7,0,83,0,2,1,0,387.68,backfill
2026,BotConsensus,3,4,84,False,Consensus,South Dakota,1331774454493122560,NCAA WILD,Wild,11,0.1181,0.5197,,,0,87.2,22,151,7,0,71,-13,3,0,0,353.0,backfill
2026,BotConsensus,3,4,85,False,Consensus,Montana State,1316899756005412864,NCAA BIG SKY,Big Sky,6,0.1024,0.5171,,,0,82.2,13,145,7,0,134,49,1,2,0,393.6,backfill
2026,BotConsensus,3,4,86,False,Consensus,Florida Atlantic,1331774695346823168,NCAA USA,CUSA,3,0.0979,0.5163,,,0,80.4,19,137,7,0,91,5,1,2,0,426.86,backfill
2026,BotConsensus,3,4,87,False,Consensus,UTEP,1331774846710849536,NCAA SUN BELT,Sun Belt,2,0.0757,0.5126,,,0,82.8,38,140,7,0,66,-21,1,2,0,401.2,backfill
2026,BotConsensus,3,4,88,False,Consensus,Wake Forest,1331774915392577536,NCAA ACC,ACC,6,0.0689,0.5115,,,0,85.2,57,105,7,0,60,-28,1,2,0,414.82,backfill
2026,BotConsensus,3,4,89,False,Consensus,Navy,1331775206619885568,NCAA BIG EAST & CO.,Big East,11,0.0628,0.5105,,,0,87.6,50,152,7,0,101,12,2,1,0,373.28,backfill
2026,BotConsensus,3,4,90,False,Consensus,Colgate,1331774741488369664,NCAA IVY,Ivy,8,0.0183,0.5031,,,0,88.6,65,131,7,0,109,19,1,2,0,398.4,backfill
2026,BotConsensus,3,4,91,False,Consensus,UNC Charlotte,1331774454493122560,NCAA WILD,Wild,12,-0.0339,0.4943,,,0,94.2,47,148,7,0,54,-37,2,1,0,370.24,backfill
2026,BotConsensus,3,4,92,False,Consensus,UNLV,1331774599196585984,NCAA MOUNTAIN WEST,Mountain West,11,-0.0391,0.4935,,,0,95.2,63,117,7,0,102,10,2,1,0,369.7,backfill
2026,BotConsensus,3,4,93,False,Consensus,Georgia,1331775170712444928,NCAA SEC,SEC,7,-0.0476,0.4921,,,0,96.2,6,154,7,0,53,-40,2,1,0,378.32,backfill
2026,BotConsensus,3,4,94,False,Consensus,Florida International,1331774695346823168,NCAA USA,CUSA,10,-0.0594,0.4901,,,0,100.0,19,167,7,0,56,-38,2,1,0,344.4,backfill
2026,BotConsensus,3,4,95,False,Consensus,Charleston Southern,1331774544905510912,NCAA OHIO VALLEY,Ohio Valley,6,-0.0622,0.4896,,,0,94.0,69,142,7,0,85,-10,1,2,0,399.7,backfill
2026,BotConsensus,3,4,96,False,Consensus,Grambling State,1331774630620332032,NCAA HISTORICALLY BLACK,HBCU,12,-0.0668,0.4889,,,0,96.4,63,115,7,0,98,2,1,2,0,388.3,backfill
2026,BotConsensus,3,4,97,False,Consensus,Yale,1331774741488369664,NCAA IVY,Ivy,9,-0.0927,0.4845,,,0,95.0,72,142,7,0,63,-34,1,2,0,394.94,backfill
2026,BotConsensus,3,4,98,False,Consensus,Notre Dame,1331775206619885568,NCAA BIG EAST & CO.,Big East,12,-0.0966,0.4839,,,0,97.4,77,116,7,0,65,-33,1,2,0,394.54,backfill
2026,BotConsensus,3,4,99,False,Consensus,South Dakota State,1331775206619885568,NCAA BIG EAST & CO.,Big East,3,-0.1103,0.4816,,,0,94.0,72,126,7,0,87,-12,1,2,0,403.5,backfill
2026,BotConsensus,3,4,100,False,Consensus,Penn State,1316899936696016896,NCAA BIG 10,Big 10,5,-0.1225,0.4796,,,0,105.0,25,144,7,0,68,-32,3,0,0,352.64,backfill
2026,BotConsensus,3,4,101,False,Consensus,Utah State,1331774599196585984,NCAA MOUNTAIN WEST,Mountain West,5,-0.1303,0.4783,,,0,98.6,85,112,7,0,89,-12,1,2,0,385.1,backfill
2026,BotConsensus,3,4,102,False,Consensus,Louisiana Monroe,1331774695346823168,NCAA USA,CUSA,12,-0.1456,0.4757,,,0,104.2,28,153,7,0,122,20,2,1,0,359.3,backfill
2026,BotConsensus,3,4,103,False,Consensus,Texas,1331774880181399552,NCAA BIG 12,Big 12,6,-0.1494,0.4751,,,0,106.6,39,136,7,0,119,16,2,1,0,360.08,backfill
2026,BotConsensus,3,4,104,False,Consensus,Iowa State,1331774880181399552,NCAA BIG 12,Big 12,2,-0.1866,0.4689,,,0,102.2,83,138,7,0,111,7,2,1,0,359.36,backfill
2026,BotConsensus,3,4,105,False,Consensus,Wichita State,1331774454493122560,NCAA WILD,Wild,5,-0.2441,0.4593,,,0,107.0,68,156,7,0,62,-43,2,1,0,360.54,backfill
2026,BotConsensus,3,4,106,False,Consensus,Marshall,1331774846710849536,NCAA SUN BELT,Sun Belt,5,-0.2459,0.459,,,0,107.2,84,161,7,0,127,21,2,1,0,339.64,backfill
2026,BotConsensus,3,4,107,False,Consensus,Rutgers,1331775206619885568,NCAA BIG EAST & CO.,Big East,1,-0.2813,0.4531,,,0,108.0,92,143,7,0,133,26,1,2,0,364.9,backfill
2026,BotConsensus,3,4,108,False,Consensus,Wyoming,1331774599196585984,NCAA MOUNTAIN WEST,Mountain West,3,-0.288,0.452,,,0,110.4,78,144,7,0,165,57,1,2,0,345.88,backfill
2026,BotConsensus,3,4,109,False,Consensus,Central Michigan,1331774454493122560,NCAA WILD,Wild,4,-0.3033,0.4494,,,0,105.2,49,138,7,0,154,45,1,2,0,368.76,backfill
2026,BotConsensus,3,4,110,False,Consensus,Monmouth,1331774544905510912,NCAA OHIO VALLEY,Ohio Valley,10,-0.3281,0.4453,,,0,116.2,72,145,7,0,108,-2,2,1,0,351.92,backfill
2026,BotConsensus,3,4,111,False,Consensus,UCONN,1331775206619885568,NCAA BIG EAST & CO.,Big East,5,-0.3668,0.4389,,,0,112.8,55,129,7,0,106,-5,1,2,0,355.76,backfill
2026,BotConsensus,3,4,112,False,Consensus,Morehead State,1331774544905510912,NCAA OHIO VALLEY,Ohio Valley,8,-0.3719,0.438,,,0,112.4,104,129,7,0,114,2,1,2,0,366.6,backfill
2026,BotConsensus,3,4,113,False,Consensus,Duke,1331774915392577536,NCAA ACC,ACC,7,-0.3885,0.4352,,,0,111.8,65,137,7,0,92,-21,1,2,0,369.0,backfill
2026,BotConsensus,3,4,114,False,Consensus,Washington,1331775106527006720,NCAA PAC 12,PAC 12,6,-0.3964,0.4339,,,0,119.6,94,133,7,0,144,30,1,2,0,343.6,backfill
2026,BotConsensus,3,4,115,False,Consensus,Texas State,1331774695346823168,NCAA USA,CUSA,9,-0.3969,0.4339,,,0,123.0,45,161,7,0,138,23,2,1,0,334.3,backfill
2026,BotConsensus,3,4,116,False,Consensus,Richmond,1316899756005412864,NCAA BIG SKY,Big Sky,7,-0.4001,0.4333,,,0,122.6,61,145,7,0,124,8,2,1,0,326.7,backfill
2026,BotConsensus,3,4,117,False,Consensus,Nevada,1331774599196585984,NCAA MOUNTAIN WEST,Mountain West,10,-0.4297,0.4284,,,0,114.2,94,139,7,0,135,18,1,2,0,363.6,backfill
2026,BotConsensus,3,4,118,False,Consensus,Utah,1331775106527006720,NCAA PAC 12,PAC 12,11,-0.5076,0.4154,,,0,119.6,86,136,7,0,115,-3,1,2,0,353.16,backfill
2026,BotConsensus,3,4,119,False,Consensus,Boston College,1331774915392577536,NCAA ACC,ACC,8,-0.5087,0.4152,,,0,119.6,105,150,7,0,113,-6,0,3,0,372.3,backfill
2026,BotConsensus,3,4,120,False,Consensus,Rhode Island,1316899756005412864,NCAA BIG SKY,Big Sky,1,-0.5104,0.4149,,,0,119.6,72,150,7,0,76,-44,1,2,0,362.74,backfill
2026,BotConsensus,3,4,121,False,Consensus,Penn,1331774741488369664,NCAA IVY,Ivy,7,-0.5188,0.4135,,,0,120.0,48,146,7,0,96,-25,1,2,0,359.54,backfill
2026,BotConsensus,3,4,122,False,Consensus,Miami,1331774915392577536,NCAA ACC,ACC,9,-0.5332,0.4111,,,0,119.8,35,170,7,0,73,-49,1,2,0,375.5,backfill
2026,BotConsensus,3,4,123,False,Consensus,USF,1331775206619885568,NCAA BIG EAST & CO.,Big East,10,-0.5336,0.4111,,,0,121.4,52,164,7,0,100,-23,1,2,0,359.58,backfill
2026,BotConsensus,3,4,124,False,Consensus,Virginia Tech,1331774915392577536,NCAA ACC,ACC,4,-0.5395,0.4101,,,0,127.6,109,146,7,0,149,25,1,2,0,334.66,backfill
2026,BotConsensus,3,4,125,False,Consensus,Bethune - Cookman,1331774630620332032,NCAA HISTORICALLY BLACK,HBCU,9,-0.5419,0.4097,,,0,126.4,102,144,7,0,105,-20,1,2,0,351.04,backfill
2026,BotConsensus,3,4,126,False,Consensus,North Carolina,1331774915392577536,NCAA ACC,ACC,2,-0.5418,0.4097,,,0,128.0,93,146,7,0,141,15,1,2,0,352.04,backfill
2026,BotConsensus,3,4,127,False,Consensus,Tuskegee,1331774630620332032,NCAA HISTORICALLY BLACK,HBCU,11,-0.5538,0.4077,,,0,130.0,91,149,7,0,169,42,1,2,0,335.78,backfill
2026,BotConsensus,3,4,128,False,Consensus,Stanford,1331775106527006720,NCAA PAC 12,PAC 12,5,-0.5608,0.4065,,,0,126.0,98,160,7,0,171,43,1,2,0,325.2,backfill
2026,BotConsensus,3,4,129,False,Consensus,Oklahoma,1331774880181399552,NCAA BIG 12,Big 12,9,-0.572,0.4047,,,0,130.2,62,166,7,0,140,11,2,1,0,298.6,backfill
2026,BotConsensus,3,4,130,False,Consensus,Arkansas,1331775170712444928,NCAA SEC,SEC,12,-0.5764,0.4039,,,0,126.2,84,165,7,0,129,-1,1,2,0,333.26,backfill
2026,BotConsensus,3,4,131,False,Consensus,Citadel,1331774454493122560,NCAA WILD,Wild,8,-0.5963,0.4006,,,0,119.4,61,167,7,0,116,-15,0,3,0,377.8,backfill
2026,BotConsensus,3,4,132,False,Consensus,Holy Cross,1331774804222545920,NCAA PIONEER,Pioneer,2,-0.6089,0.3985,,,0,121.4,69,168,7,0,159,27,0,3,0,359.6,backfill
2026,BotConsensus,3,4,133,False,Consensus,Louisville,1331774915392577536,NCAA ACC,ACC,11,-0.6221,0.3963,,,0,124.8,76,153,7,0,120,-13,0,3,0,360.88,backfill
2026,BotConsensus,3,4,134,False,Consensus,Wofford,1331774804222545920,NCAA PIONEER,Pioneer,1,-0.6283,0.3953,,,0,126.8,106,161,7,0,137,3,0,3,0,357.94,backfill
2026,BotConsensus,3,4,135,False,Consensus,North Texas,1331774695346823168,NCAA USA,CUSA,2,-0.6304,0.3949,,,0,122.8,98,174,7,0,132,-3,0,3,0,362.4,backfill
2026,BotConsensus,3,4,136,False,Consensus,Missouri,1331774880181399552,NCAA BIG 12,Big 12,3,-0.6326,0.3946,,,0,131.2,74,162,7,0,121,-15,2,1,0,316.18,backfill
2026,BotConsensus,3,4,137,False,Consensus,Wisconsin,1316899936696016896,NCAA BIG 10,Big 10,6,-0.6672,0.3888,,,0,130.4,58,169,7,0,107,-30,1,2,0,335.32,backfill
2026,BotConsensus,3,4,138,False,Consensus,Butler,1331774804222545920,NCAA PIONEER,Pioneer,4,-0.6712,0.3881,,,0,135.6,85,168,7,0,157,19,1,2,0,320.24,backfill
2026,BotConsensus,3,4,139,False,Consensus,Western Kentucky,1331774695346823168,NCAA USA,CUSA,6,-0.6819,0.3863,,,0,135.0,59,157,7,0,136,-3,0,3,0,349.84,backfill
2026,BotConsensus,3,4,140,False,Consensus,Villanova,1316899756005412864,NCAA BIG SKY,Big Sky,2,-0.6832,0.3861,,,0,133.0,46,162,7,0,152,12,1,2,0,343.72,backfill
2026,BotConsensus,3,4,141,False,Consensus,Jackson State,1331774630620332032,NCAA HISTORICALLY BLACK,HBCU,10,-0.6844,0.3859,,,0,123.8,57,173,7,0,103,-38,0,3,0,380.94,backfill
2026,BotConsensus,3,4,142,False,Consensus,Tennessee,1331775170712444928,NCAA SEC,SEC,3,-0.6849,0.3858,,,0,125.0,31,164,7,0,145,3,0,3,0,364.8,backfill
2026,BotConsensus,3,4,143,False,Consensus,Tulane,1331774846710849536,NCAA SUN BELT,Sun Belt,3,-0.6928,0.3845,,,0,128.4,104,166,7,0,131,-12,0,3,0,360.4,backfill
2026,BotConsensus,3,4,144,False,Consensus,New Mexico,1331774599196585984,NCAA MOUNTAIN WEST,Mountain West,9,-0.6973,0.3838,,,0,136.4,97,167,7,0,117,-27,1,2,0,323.18,backfill
2026,BotConsensus,3,4,145,False,Consensus,Princeton,1331774741488369664,NCAA IVY,Ivy,10,-0.6976,0.3837,,,0,133.0,43,164,7,0,104,-41,1,2,0,349.78,backfill
2026,BotConsensus,3,4,146,False,Consensus,Howard,1331774630620332032,NCAA HISTORICALLY BLACK,HBCU,6,-0.7379,0.377,,,0,138.2,89,166,7,0,163,17,1,2,0,331.64,backfill
2026,BotConsensus,3,4,147,False,Consensus,Troy,1331774695346823168,NCAA USA,CUSA,1,-0.8161,0.364,,,0,139.0,54,160,7,0,146,-1,0,3,0,335.44,backfill
2026,BotConsensus,3,4,148,False,Consensus,Eastern Kentucky,1331774544905510912,NCAA OHIO VALLEY,Ohio Valley,5,-0.8181,0.3637,,,0,136.6,87,159,7,0,123,-25,0,3,0,345.9,backfill
2026,BotConsensus,3,4,149,False,Consensus,Tennessee State,1331774804222545920,NCAA PIONEER,Pioneer,5,-0.8461,0.359,,,0,142.4,108,171,7,0,139,-10,1,2,0,310.84,backfill
2026,BotConsensus,3,4,150,False,Consensus,Bucknell,1331774741488369664,NCAA IVY,Ivy,3,-0.8587,0.3569,,,0,141.0,105,159,7,0,153,3,0,3,0,338.5,backfill
2026,BotConsensus,3,4,151,False,Consensus,California,1331775106527006720,NCAA PAC 12,PAC 12,10,-0.8788,0.3535,,,0,141.2,87,175,7,0,130,-21,2,1,0,281.94,backfill
2026,BotConsensus,3,4,152,False,Consensus,Texas Tech,1331774880181399552,NCAA BIG 12,Big 12,1,-0.8927,0.3512,,,0,144.8,102,163,7,0,118,-34,0,3,0,322.94,backfill
2026,BotConsensus,3,4,153,False,Consensus,Ole Miss,1331775170712444928,NCAA SEC,SEC,5,-0.9443,0.3426,,,0,146.6,126,163,7,0,158,5,0,3,0,324.3,backfill
2026,BotConsensus,3,4,154,False,Consensus,Central Arkansas,1331774454493122560,NCAA WILD,Wild,9,-0.9746,0.3376,,,0,148.6,110,176,7,0,173,19,1,2,0,282.1,backfill
2026,BotConsensus,3,4,155,False,Consensus,Harvard,1331774741488369664,NCAA IVY,Ivy,2,-0.9903,0.3349,,,0,149.2,116,165,7,0,166,11,0,3,0,322.14,backfill
2026,BotConsensus,3,4,156,False,Consensus,Alabama A&M,1331774630620332032,NCAA HISTORICALLY BLACK,HBCU,2,-1.0263,0.3289,,,0,150.2,118,171,7,0,142,-14,1,2,0,292.08,backfill
2026,BotConsensus,3,4,157,False,Consensus,Vanderbilt,1331775170712444928,NCAA SEC,SEC,9,-1.0501,0.325,,,0,152.0,41,175,7,0,148,-9,1,2,0,313.66,backfill
2026,BotConsensus,3,4,158,False,Consensus,North Dakota State,1331774454493122560,NCAA WILD,Wild,3,-1.0698,0.3217,,,0,153.2,140,167,7,0,128,-30,1,2,0,303.14,backfill
2026,BotConsensus,3,4,159,False,Consensus,Air Force,1331774599196585984,NCAA MOUNTAIN WEST,Mountain West,4,-1.0738,0.321,,,0,154.2,116,176,7,0,147,-12,1,2,0,296.22,backfill
2026,BotConsensus,3,4,160,False,Consensus,Indiana,1316899936696016896,NCAA BIG 10,Big 10,8,-1.0992,0.3168,,,0,156.4,53,176,7,0,125,-35,1,2,0,289.74,backfill
2026,BotConsensus,3,4,161,False,Consensus,Boise State,1331774599196585984,NCAA MOUNTAIN WEST,Mountain West,2,-1.1193,0.3135,,,0,157.0,126,170,7,0,174,13,0,3,0,290.24,backfill
2026,BotConsensus,3,4,162,False,Consensus,Dayton,1331774804222545920,NCAA PIONEER,Pioneer,7,-1.1378,0.3104,,,0,154.6,130,172,7,0,155,-7,0,3,0,309.4,backfill
2026,BotConsensus,3,4,163,False,Consensus,Jacksonville State,1331774544905510912,NCAA OHIO VALLEY,Ohio Valley,9,-1.1375,0.3104,,,0,156.8,122,174,7,0,150,-13,1,2,0,260.08,backfill
2026,BotConsensus,3,4,164,False,Consensus,Alabama,1331775170712444928,NCAA SEC,SEC,11,-1.1547,0.3075,,,0,157.6,137,172,7,0,143,-21,1,2,0,274.06,backfill
2026,BotConsensus,3,4,165,False,Consensus,Oklahoma State,1331774880181399552,NCAA BIG 12,Big 12,12,-1.1663,0.3056,,,0,156.2,95,171,7,0,151,-14,0,3,0,324.28,backfill
2026,BotConsensus,3,4,166,False,Consensus,San Jose State,1331774454493122560,NCAA WILD,Wild,7,-1.2183,0.297,,,0,159.8,142,178,7,0,156,-10,0,3,0,304.28,backfill
2026,BotConsensus,3,4,167,False,Consensus,Arizona,1331775106527006720,NCAA PAC 12,PAC 12,1,-1.2482,0.292,,,0,160.4,147,169,7,0,170,3,0,3,0,301.92,backfill
2026,BotConsensus,3,4,168,False,Consensus,Kennesaw State,1331774544905510912,NCAA OHIO VALLEY,Ohio Valley,3,-1.2731,0.2878,,,0,159.2,59,169,7,0,161,-7,0,3,0,321.56,backfill
2026,BotConsensus,3,4,169,False,Consensus,Northwestern,1316899936696016896,NCAA BIG 10,Big 10,3,-1.2796,0.2867,,,0,160.8,140,174,7,0,175,6,0,3,0,268.16,backfill
2026,BotConsensus,3,4,170,False,Consensus,UAB,1331774846710849536,NCAA SUN BELT,Sun Belt,10,-1.4353,0.2608,,,0,162.8,111,179,7,0,172,2,0,3,0,262.6,backfill
2026,BotConsensus,3,4,171,False,Consensus,Rice,1331774846710849536,NCAA SUN BELT,Sun Belt,4,-1.4593,0.2568,,,0,166.0,26,175,7,0,160,-11,0,3,0,302.38,backfill
2026,BotConsensus,3,4,172,False,Consensus,Michigan State,1316899936696016896,NCAA BIG 10,Big 10,4,-1.4712,0.2548,,,0,166.8,30,178,7,0,164,-8,0,3,0,288.8,backfill
2026,BotConsensus,3,4,173,False,Consensus,Florida,1331775170712444928,NCAA SEC,SEC,1,-1.5054,0.2491,,,0,169.6,162,175,7,0,167,-6,0,3,0,272.8,backfill
2026,BotConsensus,3,4,174,False,Consensus,Louisiana,1331774695346823168,NCAA USA,CUSA,11,-1.5502,0.2416,,,0,170.4,148,173,7,0,162,-12,0,3,0,269.52,backfill
2026,BotConsensus,3,4,175,False,Consensus,Maine,1316899756005412864,NCAA BIG SKY,Big Sky,11,-1.6091,0.2318,,,0,168.2,132,178,7,0,168,-7,1,2,0,232.9,backfill
2026,BotConsensus,3,4,176,False,Consensus,Kansas,1331774880181399552,NCAA BIG 12,Big 12,10,-1.721,0.2132,,,0,172.0,154,180,7,0,176,0,0,3,0,237.86,backfill
2026,BotConsensus,3,4,177,False,Consensus,Maryland,1331775206619885568,NCAA BIG EAST & CO.,Big East,2,-1.7703,0.205,,,0,174.6,160,178,7,0,177,0,0,3,0,215.76,backfill
2026,BotConsensus,3,4,178,False,Consensus,Oregon,1331775106527006720,NCAA PAC 12,PAC 12,9,-1.911,0.1815,,,0,177.0,165,179,7,0,179,1,0,3,0,231.78,backfill
2026,BotConsensus,3,4,179,False,Consensus,Northern Iowa,1316899756005412864,NCAA BIG SKY,Big Sky,10,-2.0064,0.1656,,,0,177.8,156,179,7,0,178,-1,0,3,0,199.18,backfill
2026,BotConsensus,3,4,180,False,Consensus,Weber State,1316899756005412864,NCAA BIG SKY,Big Sky,9,-2.2903,0.1183,,,0,180.0,177,180,7,0,180,0,0,3,0,108.2,backfill
2026,BotConsensus,4,5,1,False,Consensus,Hawaii,1331774599196585984,NCAA MOUNTAIN WEST,Mountain West,1,1.8194,0.8032,,,1,4.2,1,11,7,0,3,2,4,0,0,738.86,2026-10-07 22:23 UTC
2026,BotConsensus,4,5,2,False,Consensus,William & Mary,1316899756005412864,NCAA BIG SKY,Big Sky,3,1.7201,0.7867,,,1,8.4,1,50,7,0,6,4,4,0,0,685.2,2026-10-07 22:23 UTC
2026,BotConsensus,4,5,3,False,Consensus,Auburn,1331775170712444928,NCAA SEC,SEC,4,1.7014,0.7836,,,1,6.4,1,24,7,0,7,4,4,0,0,702.28,2026-10-07 22:23 UTC
2026,BotConsensus,4,5,4,False,Consensus,Washington State,1331775106527006720,NCAA PAC 12,PAC 12,4,1.6709,0.7785,,,0,7.8,4,24,7,0,8,4,4,0,0,667.68,2026-10-07 22:23 UTC
2026,BotConsensus,4,5,5,False,Consensus,Middle Tennessee State,1331774695346823168,NCAA USA,CUSA,7,1.6392,0.7732,,,1,10.0,1,44,7,0,10,5,4,0,0,696.92,2026-10-07 22:23 UTC
2026,BotConsensus,4,5,6,False,Consensus,Youngstown State,1316899756005412864,NCAA BIG SKY,Big Sky,12,1.636,0.7727,,,0,9.8,5,42,7,0,5,-1,4,0,0,671.46,2026-10-07 22:23 UTC
2026,BotConsensus,4,5,7,False,Consensus,Old Dominion,1331774454493122560,NCAA WILD,Wild,10,1.5948,0.7658,,,0,13.8,4,121,7,0,17,10,4,0,0,636.56,2026-10-07 22:23 UTC
2026,BotConsensus,4,5,8,False,Consensus,Baylor,1331774880181399552,NCAA BIG 12,Big 12,5,1.5611,0.7602,,,2,12.4,1,102,7,0,1,-7,3,1,0,685.02,2026-10-07 22:23 UTC
2026,BotConsensus,4,5,9,False,Consensus,Southern Miss,1331774846710849536,NCAA SUN BELT,Sun Belt,9,1.3603,0.7267,,,0,18.6,12,45,7,0,16,7,4,0,0,613.6,2026-10-07 22:23 UTC
2026,BotConsensus,4,5,10,False,Consensus,Arizona State,1331775106527006720,NCAA PAC 12,PAC 12,7,1.3394,0.7232,,,0,17.2,8,67,7,0,19,9,3,1,0,667.72,2026-10-07 22:23 UTC
2026,BotConsensus,4,5,11,False,Consensus,Syracuse,1331775206619885568,NCAA BIG EAST & CO.,Big East,7,1.3336,0.7223,,,0,21.0,3,86,7,0,25,14,3,1,0,667.24,2026-10-07 22:23 UTC
2026,BotConsensus,4,5,12,False,Consensus,Dartmouth,1331774741488369664,NCAA IVY,Ivy,11,1.3028,0.7171,,,0,19.8,5,31,7,0,9,-3,4,0,0,629.86,2026-10-07 22:23 UTC
2026,BotConsensus,4,5,13,False,Consensus,Georgetown,1331774741488369664,NCAA IVY,Ivy,5,1.2851,0.7142,,,1,17.4,1,35,7,0,31,18,3,1,0,699.6,2026-10-07 22:23 UTC
2026,BotConsensus,4,5,14,False,Consensus,Kansas State,1331774880181399552,NCAA BIG 12,Big 12,7,1.2829,0.7138,,,0,21.4,7,53,7,0,11,-3,4,0,0,657.38,2026-10-07 22:23 UTC
2026,BotConsensus,4,5,15,False,Consensus,South Carolina,1331775170712444928,NCAA SEC,SEC,10,1.1909,0.6985,,,0,26.4,8,140,7,0,20,5,4,0,0,601.5,2026-10-07 22:23 UTC
2026,BotConsensus,4,5,16,False,Consensus,FSU,1331774915392577536,NCAA ACC,ACC,5,1.1905,0.6984,,,0,22.2,2,56,7,0,14,-2,4,0,0,609.26,2026-10-07 22:23 UTC
2026,BotConsensus,4,5,17,False,Consensus,Minnesota,1316899936696016896,NCAA BIG 10,Big 10,7,1.0993,0.6832,,,0,21.8,2,73,7,0,2,-15,3,1,0,674.16,2026-10-07 22:23 UTC
2026,BotConsensus,4,5,18,False,Consensus,Kentucky,1331775170712444928,NCAA SEC,SEC,8,1.0918,0.682,,,0,28.8,16,77,7,0,45,27,4,0,0,591.76,2026-10-07 22:23 UTC
2026,BotConsensus,4,5,19,False,Consensus,Purdue,1316899936696016896,NCAA BIG 10,Big 10,1,1.0716,0.6786,,,0,32.0,5,89,7,0,39,20,4,0,0,599.24,2026-10-07 22:23 UTC
2026,BotConsensus,4,5,20,False,Consensus,BYU,1331774599196585984,NCAA MOUNTAIN WEST,Mountain West,6,1.0511,0.6752,,,0,35.2,9,129,7,0,15,-5,4,0,0,590.96,2026-10-07 22:23 UTC
2026,BotConsensus,4,5,21,False,Consensus,Iowa,1316899936696016896,NCAA BIG 10,Big 10,11,1.046,0.6743,,,0,27.6,7,107,7,0,49,28,3,1,0,620.14,2026-10-07 22:23 UTC
2026,BotConsensus,4,5,22,False,Consensus,South Alabama,1331774695346823168,NCAA USA,CUSA,4,1.033,0.6722,,,0,30.8,3,59,7,0,12,-10,4,0,0,627.58,2026-10-07 22:23 UTC
2026,BotConsensus,4,5,23,False,Consensus,Coastal Carolina,1331775206619885568,NCAA BIG EAST & CO.,Big East,6,1.0208,0.6701,,,0,29.2,9,85,7,0,38,15,3,1,0,587.74,2026-10-07 22:23 UTC
2026,BotConsensus,4,5,24,False,Consensus,Southern,1331774630620332032,NCAA HISTORICALLY BLACK,HBCU,4,1.016,0.6693,,,0,25.6,13,60,7,0,42,18,3,1,0,616.08,2026-10-07 22:23 UTC
2026,BotConsensus,4,5,25,False,Consensus,Colorado,1331775106527006720,NCAA PAC 12,PAC 12,8,1.0124,0.6687,,,0,32.0,8,72,7,0,18,-7,4,0,0,613.86,2026-10-07 22:23 UTC
2026,BotConsensus,4,5,26,False,Consensus,West Virginia,1331774880181399552,NCAA BIG 12,Big 12,8,0.9791,0.6632,,,0,28.4,13,72,7,0,41,15,3,1,0,621.26,2026-10-07 22:23 UTC
2026,BotConsensus,4,5,27,False,Consensus,UT Martin,1331774804222545920,NCAA PIONEER,Pioneer,11,0.9463,0.6577,,,0,33.2,21,54,7,0,44,17,3,1,0,591.46,2026-10-07 22:23 UTC
2026,BotConsensus,4,5,28,False,Consensus,Temple,1331774846710849536,NCAA SUN BELT,Sun Belt,1,0.9457,0.6576,,,0,30.4,18,45,7,0,46,18,3,1,0,598.44,2026-10-07 22:23 UTC
2026,BotConsensus,4,5,29,False,Consensus,Campbell,1331774804222545920,NCAA PIONEER,Pioneer,8,0.9453,0.6576,,,0,36.6,13,81,7,0,37,8,4,0,0,573.68,2026-10-07 22:23 UTC
2026,BotConsensus,4,5,30,False,Consensus,Belmont,1331774544905510912,NCAA OHIO VALLEY,Ohio Valley,1,0.9424,0.6571,,,0,32.6,8,88,7,0,52,22,3,1,0,579.0,2026-10-07 22:23 UTC
2026,BotConsensus,4,5,31,False,Consensus,Arkansas State,1331774695346823168,NCAA USA,CUSA,8,0.9355,0.6559,,,0,30.4,14,64,7,0,26,-5,3,1,0,603.84,2026-10-07 22:23 UTC
2026,BotConsensus,4,5,32,False,Consensus,Portland State,1316899756005412864,NCAA BIG SKY,Big Sky,8,0.9213,0.6535,,,0,39.0,2,128,7,0,13,-19,2,2,0,653.36,2026-10-07 22:23 UTC
2026,BotConsensus,4,5,33,False,Consensus,Georgia State,1331774695346823168,NCAA USA,CUSA,5,0.8684,0.6447,,,0,35.8,23,97,7,0,48,15,3,1,0,592.44,2026-10-07 22:23 UTC
2026,BotConsensus,4,5,34,False,Consensus,Clemson,1331774915392577536,NCAA ACC,ACC,12,0.8608,0.6435,,,0,37.8,10,74,7,0,4,-30,3,1,0,619.08,2026-10-07 22:23 UTC
2026,BotConsensus,4,5,35,False,Consensus,Brown,1331774741488369664,NCAA IVY,Ivy,1,0.8157,0.636,,,0,42.6,18,159,7,0,66,31,3,1,0,537.4,2026-10-07 22:23 UTC
2026,BotConsensus,4,5,36,False,Consensus,LSU,1331775170712444928,NCAA SEC,SEC,2,0.8077,0.6346,,,0,37.0,29,56,7,0,30,-6,3,1,0,601.26,2026-10-07 22:23 UTC
2026,BotConsensus,4,5,37,False,Consensus,Tulsa,1331774846710849536,NCAA SUN BELT,Sun Belt,6,0.7972,0.6329,,,0,41.2,23,63,7,0,64,27,3,1,0,586.6,2026-10-07 22:23 UTC
2026,BotConsensus,4,5,38,False,Consensus,Illinois,1316899936696016896,NCAA BIG 10,Big 10,10,0.7939,0.6323,,,0,42.8,12,70,7,0,65,27,3,1,0,589.52,2026-10-07 22:23 UTC
2026,BotConsensus,4,5,39,False,Consensus,Delaware State,1331774630620332032,NCAA HISTORICALLY BLACK,HBCU,3,0.787,0.6312,,,0,42.2,15,131,7,0,71,32,3,1,0,594.56,2026-10-07 22:23 UTC
2026,BotConsensus,4,5,40,False,Consensus,Mississippi State,1331775170712444928,NCAA SEC,SEC,6,0.7721,0.6287,,,0,43.4,11,88,7,0,24,-16,2,2,0,656.36,2026-10-07 22:23 UTC
2026,BotConsensus,4,5,41,False,Consensus,Louisiana Tech,1331774846710849536,NCAA SUN BELT,Sun Belt,11,0.7556,0.6259,,,0,42.0,28,98,7,0,35,-6,3,1,0,617.46,2026-10-07 22:23 UTC
2026,BotConsensus,4,5,42,False,Consensus,North Carolina A&T,1331774630620332032,NCAA HISTORICALLY BLACK,HBCU,1,0.7428,0.6238,,,0,44.0,35,91,7,0,29,-13,3,1,0,577.56,2026-10-07 22:23 UTC
2026,BotConsensus,4,5,43,False,Consensus,Colorado State,1331774599196585984,NCAA MOUNTAIN WEST,Mountain West,8,0.7133,0.6189,,,0,46.0,17,126,7,0,61,18,3,1,0,595.24,2026-10-07 22:23 UTC
2026,BotConsensus,4,5,44,False,Consensus,ETSU,1331774544905510912,NCAA OHIO VALLEY,Ohio Valley,2,0.7099,0.6183,,,0,45.0,23,68,7,0,36,-8,2,2,0,603.28,2026-10-07 22:23 UTC
2026,BotConsensus,4,5,45,False,Consensus,Georgia Tech,1331774915392577536,NCAA ACC,ACC,3,0.6875,0.6146,,,0,51.0,13,100,7,0,23,-22,3,1,0,570.68,2026-10-07 22:23 UTC
2026,BotConsensus,4,5,46,False,Consensus,Virginia,1331774915392577536,NCAA ACC,ACC,1,0.6763,0.6127,,,0,46.4,31,64,7,0,34,-12,3,1,0,580.2,2026-10-07 22:23 UTC
2026,BotConsensus,4,5,47,False,Consensus,Texas A&M,1331774880181399552,NCAA BIG 12,Big 12,4,0.6651,0.6109,,,0,47.2,25,71,7,0,60,13,2,2,0,583.98,2026-10-07 22:23 UTC
2026,BotConsensus,4,5,48,False,Consensus,Delaware,1331774544905510912,NCAA OHIO VALLEY,Ohio Valley,7,0.651,0.6085,,,0,51.6,44,63,7,0,33,-15,3,1,0,566.82,2026-10-07 22:23 UTC
2026,BotConsensus,4,5,49,False,Consensus,Eastern Washington,1316899756005412864,NCAA BIG SKY,Big Sky,4,0.6499,0.6083,,,0,56.6,16,111,7,0,72,23,3,1,0,557.24,2026-10-07 22:23 UTC
2026,BotConsensus,4,5,50,False,Consensus,Chattanooga,1331774544905510912,NCAA OHIO VALLEY,Ohio Valley,4,0.5978,0.5996,,,0,46.0,12,88,7,0,21,-29,2,2,0,611.24,2026-10-07 22:23 UTC
2026,BotConsensus,4,5,51,False,Consensus,North Alabama,1331774544905510912,NCAA OHIO VALLEY,Ohio Valley,11,0.5951,0.5992,,,0,49.2,21,112,7,0,28,-23,2,2,0,603.46,2026-10-07 22:23 UTC
2026,BotConsensus,4,5,52,False,Consensus,North Carolina Central,1331774544905510912,NCAA OHIO VALLEY,Ohio Valley,12,0.5488,0.5915,,,0,51.0,23,76,7,0,27,-25,2,2,0,594.58,2026-10-07 22:23 UTC
2026,BotConsensus,4,5,53,False,Consensus,Michigan,1316899936696016896,NCAA BIG 10,Big 10,12,0.5419,0.5903,,,0,54.2,19,109,7,0,76,23,2,2,0,577.82,2026-10-07 22:23 UTC
2026,BotConsensus,4,5,54,False,Consensus,Pittsburgh,1331775206619885568,NCAA BIG EAST & CO.,Big East,4,0.5419,0.5903,,,0,64.0,3,107,7,0,32,-22,4,0,0,543.0,2026-10-07 22:23 UTC
2026,BotConsensus,4,5,55,False,Consensus,Fresno State,1331774599196585984,NCAA MOUNTAIN WEST,Mountain West,7,0.522,0.587,,,0,53.6,20,82,7,0,68,13,2,2,0,591.64,2026-10-07 22:23 UTC
2026,BotConsensus,4,5,56,False,Consensus,Montana,1331774454493122560,NCAA WILD,Wild,1,0.4968,0.5828,,,0,63.2,6,117,7,0,22,-34,2,2,0,635.64,2026-10-07 22:23 UTC
2026,BotConsensus,4,5,57,False,Consensus,Cornell,1331774741488369664,NCAA IVY,Ivy,12,0.491,0.5818,,,0,60.4,43,93,7,0,63,6,3,1,0,541.84,2026-10-07 22:23 UTC
2026,BotConsensus,4,5,58,False,Consensus,Wake Forest,1331774915392577536,NCAA ACC,ACC,6,0.4146,0.5691,,,0,57.8,37,88,7,0,88,30,2,2,0,582.78,2026-10-07 22:23 UTC
2026,BotConsensus,4,5,59,False,Consensus,Davidson,1331774804222545920,NCAA PIONEER,Pioneer,12,0.4091,0.5682,,,0,64.0,47,105,7,0,51,-8,3,1,0,541.12,2026-10-07 22:23 UTC
2026,BotConsensus,4,5,60,False,Consensus,USC,1331775106527006720,NCAA PAC 12,PAC 12,2,0.3566,0.5594,,,0,66.8,20,92,7,0,53,-7,2,2,0,571.88,2026-10-07 22:23 UTC
2026,BotConsensus,4,5,61,False,Consensus,Austin Peay,1331774804222545920,NCAA PIONEER,Pioneer,9,0.3517,0.5586,,,0,72.8,32,123,7,0,77,16,3,1,0,537.9,2026-10-07 22:23 UTC
2026,BotConsensus,4,5,62,False,Consensus,UCF,1331775206619885568,NCAA BIG EAST & CO.,Big East,9,0.3448,0.5575,,,0,66.8,32,94,7,0,81,19,2,2,0,560.82,2026-10-07 22:23 UTC
2026,BotConsensus,4,5,63,False,Consensus,Montana State,1316899756005412864,NCAA BIG SKY,Big Sky,6,0.3445,0.5574,,,0,66.2,15,137,7,0,85,22,2,2,0,538.68,2026-10-07 22:23 UTC
2026,BotConsensus,4,5,64,False,Consensus,Murray State,1331774804222545920,NCAA PIONEER,Pioneer,3,0.3364,0.5561,,,0,67.0,52,79,7,0,43,-21,2,2,0,570.14,2026-10-07 22:23 UTC
2026,BotConsensus,4,5,65,False,Consensus,Memphis,1331774846710849536,NCAA SUN BELT,Sun Belt,8,0.3368,0.5561,,,0,67.0,36,89,7,0,47,-18,2,2,0,568.68,2026-10-07 22:23 UTC
2026,BotConsensus,4,5,66,False,Consensus,UNLV,1331774599196585984,NCAA MOUNTAIN WEST,Mountain West,11,0.3185,0.5531,,,0,70.0,50,136,7,0,92,26,3,1,0,520.04,2026-10-07 22:23 UTC
2026,BotConsensus,4,5,67,False,Consensus,Stony Brook,1316899756005412864,NCAA BIG SKY,Big Sky,5,0.3172,0.5529,,,0,69.6,54,106,7,0,58,-9,2,2,0,551.64,2026-10-07 22:23 UTC
2026,BotConsensus,4,5,68,False,Consensus,UNC Charlotte,1331774454493122560,NCAA WILD,Wild,12,0.2989,0.5498,,,0,76.6,21,137,7,0,91,23,3,1,0,522.52,2026-10-07 22:23 UTC
2026,BotConsensus,4,5,69,False,Consensus,Columbia,1331774741488369664,NCAA IVY,Ivy,4,0.281,0.5468,,,0,73.0,51,112,7,0,50,-19,3,1,0,522.46,2026-10-07 22:23 UTC
2026,BotConsensus,4,5,70,False,Consensus,UCLA,1331775106527006720,NCAA PAC 12,PAC 12,12,0.2656,0.5443,,,0,69.6,47,93,7,0,59,-11,2,2,0,565.3,2026-10-07 22:23 UTC
2026,BotConsensus,4,5,71,False,Consensus,Colgate,1331774741488369664,NCAA IVY,Ivy,8,0.2614,0.5436,,,0,72.6,31,104,7,0,90,19,2,2,0,559.18,2026-10-07 22:23 UTC
2026,BotConsensus,4,5,72,False,Consensus,Nebraska,1316899936696016896,NCAA BIG 10,Big 10,2,0.2607,0.5434,,,0,72.0,32,128,7,0,70,-2,1,3,0,561.34,2026-10-07 22:23 UTC
2026,BotConsensus,4,5,73,False,Consensus,UCONN,1331775206619885568,NCAA BIG EAST & CO.,Big East,5,0.2152,0.5359,,,0,74.0,50,115,7,0,111,38,2,2,0,532.84,2026-10-07 22:23 UTC
2026,BotConsensus,4,5,74,False,Consensus,James Madison,1331774454493122560,NCAA WILD,Wild,2,0.1987,0.5331,,,0,78.4,63,87,7,0,80,6,2,2,0,535.96,2026-10-07 22:23 UTC
2026,BotConsensus,4,5,75,False,Consensus,Florida A&M,1331774630620332032,NCAA HISTORICALLY BLACK,HBCU,5,0.1754,0.5292,,,0,78.0,18,117,7,0,54,-21,2,2,0,562.92,2026-10-07 22:23 UTC
2026,BotConsensus,4,5,76,False,Consensus,Georgia Southern,1331774846710849536,NCAA SUN BELT,Sun Belt,7,0.1669,0.5278,,,0,77.4,26,134,7,0,56,-20,2,2,0,528.14,2026-10-07 22:23 UTC
2026,BotConsensus,4,5,77,False,Consensus,Ohio State,1316899936696016896,NCAA BIG 10,Big 10,9,0.1637,0.5273,,,0,79.0,55,103,7,0,74,-3,2,2,0,563.48,2026-10-07 22:23 UTC
2026,BotConsensus,4,5,78,False,Consensus,Monmouth,1331774544905510912,NCAA OHIO VALLEY,Ohio Valley,10,0.1234,0.5206,,,0,91.6,37,141,7,0,110,32,3,1,0,509.08,2026-10-07 22:23 UTC
2026,BotConsensus,4,5,79,False,Consensus,Charleston Southern,1331774544905510912,NCAA OHIO VALLEY,Ohio Valley,6,0.12,0.52,,,0,85.4,66,140,7,0,95,16,2,2,0,525.92,2026-10-07 22:23 UTC
2026,BotConsensus,4,5,80,False,Consensus,Louisiana Monroe,1331774695346823168,NCAA USA,CUSA,12,0.0979,0.5163,,,0,86.8,10,153,7,0,102,22,3,1,0,499.58,2026-10-07 22:23 UTC
2026,BotConsensus,4,5,81,False,Consensus,NC State,1331774915392577536,NCAA ACC,ACC,10,0.0872,0.5145,,,0,82.6,4,139,7,0,57,-24,2,2,0,547.3,2026-10-07 22:23 UTC
2026,BotConsensus,4,5,82,False,Consensus,Army,1331775206619885568,NCAA BIG EAST & CO.,Big East,8,0.0847,0.5141,,,0,90.0,41,143,7,0,40,-42,3,1,0,497.62,2026-10-07 22:23 UTC
2026,BotConsensus,4,5,83,False,Consensus,UTSA,1331774846710849536,NCAA SUN BELT,Sun Belt,12,0.0673,0.5112,,,0,87.0,38,151,7,0,82,-1,2,2,0,543.88,2026-10-07 22:23 UTC
2026,BotConsensus,4,5,84,False,Consensus,Alcorn State,1331774630620332032,NCAA HISTORICALLY BLACK,HBCU,8,0.0578,0.5096,,,0,87.8,56,118,7,0,55,-29,2,2,0,520.74,2026-10-07 22:23 UTC
2026,BotConsensus,4,5,85,False,Consensus,Furman,1331774804222545920,NCAA PIONEER,Pioneer,10,0.0137,0.5023,,,0,89.2,37,119,7,0,69,-16,2,2,0,523.62,2026-10-07 22:23 UTC
2026,BotConsensus,4,5,86,False,Consensus,Navy,1331775206619885568,NCAA BIG EAST & CO.,Big East,11,0.0134,0.5022,,,0,93.6,42,143,7,0,89,3,3,1,0,494.78,2026-10-07 22:23 UTC
2026,BotConsensus,4,5,87,False,Consensus,Wichita State,1331774454493122560,NCAA WILD,Wild,5,-0.001,0.4998,,,0,90.4,54,141,7,0,105,18,3,1,0,504.76,2026-10-07 22:23 UTC
2026,BotConsensus,4,5,88,False,Consensus,Stanford,1331775106527006720,NCAA PAC 12,PAC 12,5,-0.0095,0.4984,,,0,94.6,34,133,7,0,128,40,2,2,0,503.56,2026-10-07 22:23 UTC
2026,BotConsensus,4,5,89,False,Consensus,North Carolina,1331774915392577536,NCAA ACC,ACC,2,-0.0153,0.4975,,,0,94.2,70,135,7,0,126,37,2,2,0,513.7,2026-10-07 22:23 UTC
2026,BotConsensus,4,5,90,False,Consensus,Grambling State,1331774630620332032,NCAA HISTORICALLY BLACK,HBCU,12,-0.0193,0.4968,,,0,92.6,79,120,7,0,96,6,2,2,0,509.7,2026-10-07 22:23 UTC
2026,BotConsensus,4,5,91,False,Consensus,Missouri,1331774880181399552,NCAA BIG 12,Big 12,3,-0.0341,0.4943,,,0,99.4,56,131,7,0,136,45,3,1,0,487.4,2026-10-07 22:23 UTC
2026,BotConsensus,4,5,92,False,Consensus,SE Missouri State,1331774804222545920,NCAA PIONEER,Pioneer,6,-0.069,0.4885,,,0,97.4,84,121,7,0,62,-30,2,2,0,519.86,2026-10-07 22:23 UTC
2026,BotConsensus,4,5,93,False,Consensus,San Diego State,1331774599196585984,NCAA MOUNTAIN WEST,Mountain West,12,-0.0752,0.4875,,,0,102.0,82,143,7,0,73,-20,2,2,0,505.52,2026-10-07 22:23 UTC
2026,BotConsensus,4,5,94,False,Consensus,Eastern Michigan,1331774454493122560,NCAA WILD,Wild,6,-0.1025,0.4829,,,0,94.6,47,145,7,0,67,-27,1,3,0,551.74,2026-10-07 22:23 UTC
2026,BotConsensus,4,5,95,False,Consensus,Citadel,1331774454493122560,NCAA WILD,Wild,8,-0.1315,0.4781,,,0,96.2,27,150,7,0,131,36,1,3,0,541.78,2026-10-07 22:23 UTC
2026,BotConsensus,4,5,96,False,Consensus,Oregon State,1331775106527006720,NCAA PAC 12,PAC 12,3,-0.1387,0.4769,,,0,101.8,28,123,7,0,79,-17,2,2,0,540.86,2026-10-07 22:23 UTC
2026,BotConsensus,4,5,97,False,Consensus,Butler,1331774804222545920,NCAA PIONEER,Pioneer,4,-0.1419,0.4764,,,0,102.8,64,163,7,0,138,41,2,2,0,481.0,2026-10-07 22:23 UTC
2026,BotConsensus,4,5,98,False,Consensus,Texas,1331774880181399552,NCAA BIG 12,Big 12,6,-0.1526,0.4746,,,0,108.4,67,133,7,0,103,5,2,2,0,494.08,2026-10-07 22:23 UTC
2026,BotConsensus,4,5,99,False,Consensus,Nevada,1331774599196585984,NCAA MOUNTAIN WEST,Mountain West,10,-0.1542,0.4743,,,0,103.6,86,124,7,0,117,18,2,2,0,506.02,2026-10-07 22:23 UTC
2026,BotConsensus,4,5,100,False,Consensus,Lehigh,1331774741488369664,NCAA IVY,Ivy,6,-0.1611,0.4732,,,0,102.8,78,122,7,0,75,-25,2,2,0,511.4,2026-10-07 22:23 UTC
2026,BotConsensus,4,5,101,False,Consensus,Virginia Tech,1331774915392577536,NCAA ACC,ACC,4,-0.1641,0.4727,,,0,105.4,73,146,7,0,124,23,2,2,0,478.24,2026-10-07 22:23 UTC
2026,BotConsensus,4,5,102,False,Consensus,Oklahoma,1331774880181399552,NCAA BIG 12,Big 12,9,-0.1734,0.4711,,,0,107.0,85,147,7,0,129,27,2,2,0,469.46,2026-10-07 22:23 UTC
2026,BotConsensus,4,5,103,False,Consensus,Notre Dame,1331775206619885568,NCAA BIG EAST & CO.,Big East,12,-0.1778,0.4704,,,0,100.4,57,147,7,0,98,-5,1,3,0,536.76,2026-10-07 22:23 UTC
2026,BotConsensus,4,5,104,False,Consensus,Tennessee,1331775170712444928,NCAA SEC,SEC,3,-0.2175,0.4638,,,0,101.4,19,155,7,0,142,38,1,3,0,528.48,2026-10-07 22:23 UTC
2026,BotConsensus,4,5,105,False,Consensus,TCU,1331774880181399552,NCAA BIG 12,Big 12,11,-0.2191,0.4635,,,0,104.6,69,132,7,0,78,-27,1,3,0,530.18,2026-10-07 22:23 UTC
2026,BotConsensus,4,5,106,False,Consensus,Troy,1331774695346823168,NCAA USA,CUSA,1,-0.2591,0.4568,,,0,110.8,43,135,7,0,147,41,1,3,0,493.66,2026-10-07 22:23 UTC
2026,BotConsensus,4,5,107,False,Consensus,South Dakota State,1331775206619885568,NCAA BIG EAST & CO.,Big East,3,-0.2628,0.4562,,,0,106.0,80,140,7,0,99,-8,1,3,0,528.0,2026-10-07 22:23 UTC
2026,BotConsensus,4,5,108,False,Consensus,Florida Atlantic,1331774695346823168,NCAA USA,CUSA,3,-0.266,0.4557,,,0,102.4,25,156,7,0,86,-22,1,3,0,534.62,2026-10-07 22:23 UTC
2026,BotConsensus,4,5,109,False,Consensus,Marshall,1331774846710849536,NCAA SUN BELT,Sun Belt,5,-0.2751,0.4541,,,0,112.8,97,149,7,0,106,-3,2,2,0,469.12,2026-10-07 22:23 UTC
2026,BotConsensus,4,5,110,False,Consensus,Rutgers,1331775206619885568,NCAA BIG EAST & CO.,Big East,1,-0.2779,0.4537,,,0,107.6,68,161,7,0,107,-3,1,3,0,505.9,2026-10-07 22:23 UTC
2026,BotConsensus,4,5,111,False,Consensus,Duke,1331774915392577536,NCAA ACC,ACC,7,-0.2888,0.4519,,,0,107.8,52,156,7,0,113,2,1,3,0,517.5,2026-10-07 22:23 UTC
2026,BotConsensus,4,5,112,False,Consensus,South Dakota,1331774454493122560,NCAA WILD,Wild,11,-0.2888,0.4519,,,0,109.8,52,162,7,0,84,-28,3,1,0,447.42,2026-10-07 22:23 UTC
2026,BotConsensus,4,5,113,False,Consensus,Tuskegee,1331774630620332032,NCAA HISTORICALLY BLACK,HBCU,11,-0.2951,0.4508,,,0,117.2,66,142,7,0,127,14,2,2,0,470.8,2026-10-07 22:23 UTC
2026,BotConsensus,4,5,114,False,Consensus,North Dakota State,1331774454493122560,NCAA WILD,Wild,3,-0.3087,0.4485,,,0,117.2,76,163,7,0,158,44,2,2,0,474.86,2026-10-07 22:23 UTC
2026,BotConsensus,4,5,115,False,Consensus,UTEP,1331774846710849536,NCAA SUN BELT,Sun Belt,2,-0.3183,0.447,,,0,105.8,38,150,7,0,87,-28,1,3,0,516.38,2026-10-07 22:23 UTC
2026,BotConsensus,4,5,116,False,Consensus,Richmond,1316899756005412864,NCAA BIG SKY,Big Sky,7,-0.32,0.4467,,,0,117.0,59,153,7,0,116,0,3,1,0,449.92,2026-10-07 22:23 UTC
2026,BotConsensus,4,5,117,False,Consensus,Bethune - Cookman,1331774630620332032,NCAA HISTORICALLY BLACK,HBCU,9,-0.3261,0.4457,,,0,117.2,86,138,7,0,125,8,2,2,0,477.7,2026-10-07 22:23 UTC
2026,BotConsensus,4,5,118,False,Consensus,Penn State,1316899936696016896,NCAA BIG 10,Big 10,5,-0.3286,0.4452,,,0,119.0,49,153,7,0,100,-18,3,1,0,467.5,2026-10-07 22:23 UTC
2026,BotConsensus,4,5,119,False,Consensus,Texas State,1331774695346823168,NCAA USA,CUSA,9,-0.3557,0.4407,,,0,120.6,54,157,7,0,115,-4,3,1,0,453.54,2026-10-07 22:23 UTC
2026,BotConsensus,4,5,120,False,Consensus,Yale,1331774741488369664,NCAA IVY,Ivy,9,-0.358,0.4403,,,0,113.2,75,146,7,0,97,-23,1,3,0,511.42,2026-10-07 22:23 UTC
2026,BotConsensus,4,5,121,False,Consensus,Tulane,1331774846710849536,NCAA SUN BELT,Sun Belt,3,-0.359,0.4402,,,0,114.0,96,159,7,0,143,22,1,3,0,504.56,2026-10-07 22:23 UTC
2026,BotConsensus,4,5,122,False,Consensus,Mississippi Valley State,1331774630620332032,NCAA HISTORICALLY BLACK,HBCU,7,-0.3665,0.4389,,,0,116.6,51,167,7,0,83,-39,2,2,0,474.48,2026-10-07 22:23 UTC
2026,BotConsensus,4,5,123,False,Consensus,Villanova,1316899756005412864,NCAA BIG SKY,Big Sky,2,-0.3837,0.436,,,0,118.0,20,163,7,0,140,17,2,2,0,472.1,2026-10-07 22:23 UTC
2026,BotConsensus,4,5,124,False,Consensus,Boston College,1331774915392577536,NCAA ACC,ACC,8,-0.3885,0.4352,,,0,117.0,73,134,7,0,119,-5,1,3,0,502.92,2026-10-07 22:23 UTC
2026,BotConsensus,4,5,125,False,Consensus,Georgia,1331775170712444928,NCAA SEC,SEC,7,-0.4041,0.4326,,,0,120.0,7,159,7,0,93,-32,2,2,0,491.34,2026-10-07 22:23 UTC
2026,BotConsensus,4,5,126,False,Consensus,Ole Miss,1331775170712444928,NCAA SEC,SEC,5,-0.4102,0.4316,,,0,117.4,61,148,7,0,153,27,1,3,0,492.06,2026-10-07 22:23 UTC
2026,BotConsensus,4,5,127,False,Consensus,Louisville,1331774915392577536,NCAA ACC,ACC,11,-0.4143,0.4309,,,0,116.2,69,165,7,0,133,6,0,4,0,511.16,2026-10-07 22:23 UTC
2026,BotConsensus,4,5,128,False,Consensus,Rhode Island,1316899756005412864,NCAA BIG SKY,Big Sky,1,-0.428,0.4287,,,0,115.0,48,160,7,0,120,-8,1,3,0,505.3,2026-10-07 22:23 UTC
2026,BotConsensus,4,5,129,False,Consensus,Howard,1331774630620332032,NCAA HISTORICALLY BLACK,HBCU,6,-0.433,0.4278,,,0,124.2,87,164,7,0,146,17,2,2,0,458.08,2026-10-07 22:23 UTC
2026,BotConsensus,4,5,130,False,Consensus,Washington,1331775106527006720,NCAA PAC 12,PAC 12,6,-0.4356,0.4274,,,0,125.6,101,146,7,0,114,-16,2,2,0,449.18,2026-10-07 22:23 UTC
2026,BotConsensus,4,5,131,False,Consensus,Utah State,1331774599196585984,NCAA MOUNTAIN WEST,Mountain West,5,-0.4668,0.4222,,,0,120.6,92,145,7,0,101,-30,1,3,0,494.58,2026-10-07 22:23 UTC
2026,BotConsensus,4,5,132,False,Consensus,Florida International,1331774695346823168,NCAA USA,CUSA,10,-0.4778,0.4204,,,0,119.4,24,172,7,0,94,-38,2,2,0,423.68,2026-10-07 22:23 UTC
2026,BotConsensus,4,5,133,False,Consensus,Holy Cross,1331774804222545920,NCAA PIONEER,Pioneer,2,-0.4921,0.418,,,0,120.6,76,157,7,0,132,-1,1,3,0,480.54,2026-10-07 22:23 UTC
2026,BotConsensus,4,5,134,False,Consensus,Jacksonville State,1331774544905510912,NCAA OHIO VALLEY,Ohio Valley,9,-0.5161,0.414,,,0,126.8,70,169,7,0,163,29,2,2,0,410.2,2026-10-07 22:23 UTC
2026,BotConsensus,4,5,135,False,Consensus,Bucknell,1331774741488369664,NCAA IVY,Ivy,3,-0.5285,0.4119,,,0,122.4,61,165,7,0,150,15,0,4,0,499.98,2026-10-07 22:23 UTC
2026,BotConsensus,4,5,136,False,Consensus,Texas Tech,1331774880181399552,NCAA BIG 12,Big 12,1,-0.5405,0.4099,,,0,128.2,98,147,7,0,152,16,1,3,0,462.96,2026-10-07 22:23 UTC
2026,BotConsensus,4,5,137,False,Consensus,Iowa State,1331774880181399552,NCAA BIG 12,Big 12,2,-0.5423,0.4096,,,0,129.6,111,148,7,0,104,-33,2,2,0,458.54,2026-10-07 22:23 UTC
2026,BotConsensus,4,5,138,False,Consensus,Western Kentucky,1331774695346823168,NCAA USA,CUSA,6,-0.5507,0.4082,,,0,125.6,60,166,7,0,139,1,0,4,0,491.76,2026-10-07 22:23 UTC
2026,BotConsensus,4,5,139,False,Consensus,Central Arkansas,1331774454493122560,NCAA WILD,Wild,9,-0.5549,0.4075,,,0,128.8,103,174,7,0,154,15,2,2,0,417.2,2026-10-07 22:23 UTC
2026,BotConsensus,4,5,140,False,Consensus,Morehead State,1331774544905510912,NCAA OHIO VALLEY,Ohio Valley,8,-0.5669,0.4055,,,0,126.8,102,152,7,0,112,-28,1,3,0,488.3,2026-10-07 22:23 UTC
2026,BotConsensus,4,5,141,False,Consensus,Eastern Kentucky,1331774544905510912,NCAA OHIO VALLEY,Ohio Valley,5,-0.6156,0.3974,,,0,128.4,84,161,7,0,148,7,1,3,0,470.48,2026-10-07 22:23 UTC
2026,BotConsensus,4,5,142,False,Consensus,Wyoming,1331774599196585984,NCAA MOUNTAIN WEST,Mountain West,3,-0.6223,0.3963,,,0,133.6,85,147,7,0,108,-34,1,3,0,452.8,2026-10-07 22:23 UTC
2026,BotConsensus,4,5,143,False,Consensus,Dayton,1331774804222545920,NCAA PIONEER,Pioneer,7,-0.6584,0.3903,,,0,135.0,95,144,7,0,162,19,1,3,0,461.16,2026-10-07 22:23 UTC
2026,BotConsensus,4,5,144,False,Consensus,Central Michigan,1331774454493122560,NCAA WILD,Wild,4,-0.6793,0.3868,,,0,132.0,40,157,7,0,109,-35,1,3,0,472.92,2026-10-07 22:23 UTC
2026,BotConsensus,4,5,145,False,Consensus,Utah,1331775106527006720,NCAA PAC 12,PAC 12,11,-0.7256,0.3791,,,0,133.0,108,154,7,0,118,-27,1,3,0,464.78,2026-10-07 22:23 UTC
2026,BotConsensus,4,5,146,False,Consensus,Jackson State,1331774630620332032,NCAA HISTORICALLY BLACK,HBCU,10,-0.7384,0.3769,,,0,133.6,95,174,7,0,141,-5,0,4,0,504.14,2026-10-07 22:23 UTC
2026,BotConsensus,4,5,147,False,Consensus,Arkansas,1331775170712444928,NCAA SEC,SEC,12,-0.739,0.3768,,,0,137.2,83,166,7,0,130,-17,1,3,0,451.46,2026-10-07 22:23 UTC
2026,BotConsensus,4,5,148,False,Consensus,Harvard,1331774741488369664,NCAA IVY,Ivy,2,-0.801,0.3665,,,0,143.4,131,159,7,0,155,7,1,3,0,438.82,2026-10-07 22:23 UTC
2026,BotConsensus,4,5,149,False,Consensus,USF,1331775206619885568,NCAA BIG EAST & CO.,Big East,10,-0.8106,0.3649,,,0,137.2,72,167,7,0,123,-26,1,3,0,464.38,2026-10-07 22:23 UTC
2026,BotConsensus,4,5,150,False,Consensus,Kennesaw State,1331774544905510912,NCAA OHIO VALLEY,Ohio Valley,3,-0.8115,0.3647,,,0,142.6,46,164,7,0,168,18,1,3,0,454.44,2026-10-07 22:23 UTC
2026,BotConsensus,4,5,151,False,Consensus,Miami,1331774915392577536,NCAA ACC,ACC,9,-0.8425,0.3596,,,0,142.0,25,170,7,0,122,-29,1,3,0,487.18,2026-10-07 22:23 UTC
2026,BotConsensus,4,5,152,False,Consensus,Tennessee State,1331774804222545920,NCAA PIONEER,Pioneer,5,-0.848,0.3587,,,0,143.6,87,172,7,0,149,-3,1,3,0,438.86,2026-10-07 22:23 UTC
2026,BotConsensus,4,5,153,False,Consensus,Penn,1331774741488369664,NCAA IVY,Ivy,7,-0.8896,0.3517,,,0,144.4,63,166,7,0,121,-32,1,3,0,436.04,2026-10-07 22:23 UTC
2026,BotConsensus,4,5,154,False,Consensus,North Texas,1331774695346823168,NCAA USA,CUSA,2,-0.9586,0.3402,,,0,145.8,103,177,7,0,135,-19,0,4,0,461.5,2026-10-07 22:23 UTC
2026,BotConsensus,4,5,155,False,Consensus,New Mexico,1331774599196585984,NCAA MOUNTAIN WEST,Mountain West,9,-0.9901,0.335,,,0,149.0,126,170,7,0,144,-11,1,3,0,416.86,2026-10-07 22:23 UTC
2026,BotConsensus,4,5,156,False,Consensus,Wofford,1331774804222545920,NCAA PIONEER,Pioneer,1,-1.0016,0.3331,,,0,148.2,104,170,7,0,134,-22,0,4,0,456.3,2026-10-07 22:23 UTC
2026,BotConsensus,4,5,157,False,Consensus,Princeton,1331774741488369664,NCAA IVY,Ivy,10,-1.0158,0.3307,,,0,149.2,43,168,7,0,145,-12,1,3,0,457.14,2026-10-07 22:23 UTC
2026,BotConsensus,4,5,158,False,Consensus,Rice,1331774846710849536,NCAA SUN BELT,Sun Belt,4,-1.055,0.3242,,,0,150.6,21,171,7,0,171,13,1,3,0,426.76,2026-10-07 22:23 UTC
2026,BotConsensus,4,5,159,False,Consensus,Wisconsin,1316899936696016896,NCAA BIG 10,Big 10,6,-1.0631,0.3228,,,0,151.2,75,172,7,0,137,-22,1,3,0,432.52,2026-10-07 22:23 UTC
2026,BotConsensus,4,5,160,False,Consensus,California,1331775106527006720,NCAA PAC 12,PAC 12,10,-1.0746,0.3209,,,0,148.0,101,179,7,0,151,-9,2,2,0,361.22,2026-10-07 22:23 UTC
2026,BotConsensus,4,5,161,False,Consensus,Northwestern,1316899936696016896,NCAA BIG 10,Big 10,3,-1.1325,0.3113,,,0,158.0,129,175,7,0,169,8,1,3,0,372.04,2026-10-07 22:23 UTC
2026,BotConsensus,4,5,162,False,Consensus,Alabama,1331775170712444928,NCAA SEC,SEC,11,-1.241,0.2932,,,0,159.8,143,169,7,0,164,2,1,3,0,377.04,2026-10-07 22:23 UTC
2026,BotConsensus,4,5,163,False,Consensus,Arizona,1331775106527006720,NCAA PAC 12,PAC 12,1,-1.2512,0.2915,,,0,158.4,142,170,7,0,167,4,0,4,0,418.14,2026-10-07 22:23 UTC
2026,BotConsensus,4,5,164,False,Consensus,Oklahoma State,1331774880181399552,NCAA BIG 12,Big 12,12,-1.252,0.2913,,,0,157.6,111,179,7,0,165,1,0,4,0,434.34,2026-10-07 22:23 UTC
2026,BotConsensus,4,5,165,False,Consensus,Boise State,1331774599196585984,NCAA MOUNTAIN WEST,Mountain West,2,-1.2586,0.2902,,,0,160.6,146,173,7,0,161,-4,0,4,0,390.72,2026-10-07 22:23 UTC
2026,BotConsensus,4,5,166,False,Consensus,Kansas,1331774880181399552,NCAA BIG 12,Big 12,10,-1.3368,0.2772,,,0,162.8,149,177,7,0,176,10,1,3,0,349.58,2026-10-07 22:23 UTC
2026,BotConsensus,4,5,167,False,Consensus,Alabama A&M,1331774630620332032,NCAA HISTORICALLY BLACK,HBCU,2,-1.3397,0.2767,,,0,162.8,135,174,7,0,156,-11,1,3,0,366.46,2026-10-07 22:23 UTC
2026,BotConsensus,4,5,168,False,Consensus,Air Force,1331774599196585984,NCAA MOUNTAIN WEST,Mountain West,4,-1.3619,0.273,,,0,162.4,108,176,7,0,159,-9,1,3,0,390.68,2026-10-07 22:23 UTC
2026,BotConsensus,4,5,169,False,Consensus,Vanderbilt,1331775170712444928,NCAA SEC,SEC,9,-1.3936,0.2677,,,0,165.2,98,175,7,0,157,-12,1,3,0,379.08,2026-10-07 22:23 UTC
2026,BotConsensus,4,5,170,False,Consensus,Indiana,1316899936696016896,NCAA BIG 10,Big 10,8,-1.3996,0.2667,,,0,165.8,41,178,7,0,160,-10,1,3,0,380.82,2026-10-07 22:23 UTC
2026,BotConsensus,4,5,171,False,Consensus,San Jose State,1331774454493122560,NCAA WILD,Wild,7,-1.4952,0.2508,,,0,166.6,155,180,7,0,166,-5,0,4,0,386.16,2026-10-07 22:23 UTC
2026,BotConsensus,4,5,172,False,Consensus,Maine,1316899756005412864,NCAA BIG SKY,Big Sky,11,-1.5545,0.2409,,,0,168.8,151,178,7,0,175,3,1,3,0,340.06,2026-10-07 22:23 UTC
2026,BotConsensus,4,5,173,False,Consensus,Maryland,1331775206619885568,NCAA BIG EAST & CO.,Big East,2,-1.6315,0.2281,,,0,170.0,151,177,7,0,177,4,0,4,0,331.42,2026-10-07 22:23 UTC
2026,BotConsensus,4,5,174,False,Consensus,Michigan State,1316899936696016896,NCAA BIG 10,Big 10,4,-1.6394,0.2268,,,0,169.0,82,176,7,0,172,-2,0,4,0,383.98,2026-10-07 22:23 UTC
2026,BotConsensus,4,5,175,False,Consensus,UAB,1331774846710849536,NCAA SUN BELT,Sun Belt,10,-1.6754,0.2208,,,0,169.6,148,178,7,0,170,-5,0,4,0,333.26,2026-10-07 22:23 UTC
2026,BotConsensus,4,5,176,False,Consensus,Florida,1331775170712444928,NCAA SEC,SEC,1,-1.694,0.2177,,,0,170.6,162,177,7,0,173,-3,0,4,0,360.42,2026-10-07 22:23 UTC
2026,BotConsensus,4,5,177,False,Consensus,Louisiana,1331774695346823168,NCAA USA,CUSA,11,-1.77,0.205,,,0,172.8,150,178,7,0,174,-3,0,4,0,358.42,2026-10-07 22:23 UTC
2026,BotConsensus,4,5,178,False,Consensus,Oregon,1331775106527006720,NCAA PAC 12,PAC 12,9,-1.9238,0.1794,,,0,175.6,168,178,7,0,178,0,0,4,0,328.02,2026-10-07 22:23 UTC
2026,BotConsensus,4,5,179,False,Consensus,Northern Iowa,1316899756005412864,NCAA BIG SKY,Big Sky,10,-2.0874,0.1521,,,0,177.4,168,180,7,0,179,0,0,4,0,264.7,2026-10-07 22:23 UTC
2026,BotConsensus,4,5,180,False,Consensus,Weber State,1316899756005412864,NCAA BIG SKY,Big Sky,9,-2.3,0.1167,,,0,179.8,171,180,7,0,180,0,0,4,0,192.32,2026-10-07 22:23 UTC
2026,Top25,1,2,1,False,Ranked,Florida A&M,1331774630620332032,NCAA HISTORICALLY BLACK,HBCU,5,1.5744,0.7624,,,3,3.5,1,15,6,0,,,1,0,0,203.3,backfill
2026,Top25,1,2,2,False,Ranked,NC State,1331774915392577536,NCAA ACC,ACC,10,1.4182,0.7364,,,0,8.75,3,25,6,0,,,1,0,0,187.1,backfill
2026,Top25,1,2,3,False,Ranked,Kansas State,1331774880181399552,NCAA BIG 12,Big 12,7,1.4034,0.7339,,,0,7.0,2,72,6,0,,,1,0,0,198.52,backfill
2026,Top25,1,2,4,False,Ranked,Mississippi Valley State,1331774630620332032,NCAA HISTORICALLY BLACK,HBCU,7,1.3995,0.7332,,,0,9.25,9,48,6,0,,,1,0,0,184.76,backfill
2026,Top25,1,2,5,False,Ranked,Auburn,1331775170712444928,NCAA SEC,SEC,4,1.385,0.7308,,,0,9.75,7,54,6,0,,,1,0,0,185.66,backfill
2026,Top25,1,2,6,False,Ranked,Dartmouth,1331774741488369664,NCAA IVY,Ivy,11,1.3723,0.7287,,,0,11.25,4,42,6,0,,,1,0,0,180.96,backfill
2026,Top25,1,2,7,False,Ranked,South Carolina,1331775170712444928,NCAA SEC,SEC,10,1.3314,0.7219,,,0,12.25,3,51,6,0,,,1,0,0,195.6,backfill
2026,Top25,1,2,8,False,Ranked,Chattanooga,1331774544905510912,NCAA OHIO VALLEY,Ohio Valley,4,1.3025,0.7171,,,0,12.0,4,64,6,0,,,1,0,0,190.36,backfill
2026,Top25,1,2,9,False,Ranked,Colorado,1331775106527006720,NCAA PAC 12,PAC 12,8,1.3023,0.7171,,,0,15.5,2,62,6,0,,,1,0,0,179.32,backfill
2026,Top25,1,2,10,False,Ranked,Eastern Michigan,1331774454493122560,NCAA WILD,Wild,6,1.2931,0.7155,,,0,15.75,2,38,6,0,,,1,0,0,179.6,backfill
2026,Top25,1,2,11,False,Ranked,Louisiana Tech,1331774846710849536,NCAA SUN BELT,Sun Belt,11,1.2737,0.7123,,,0,13.25,5,82,6,0,,,1,0,0,188.16,backfill
2026,Top25,1,2,12,False,Ranked,Syracuse,1331775206619885568,NCAA BIG EAST & CO.,Big East,7,1.2713,0.7119,,,0,12.75,6,55,6,0,,,1,0,0,187.8,backfill
2026,Top25,1,2,13,False,Ranked,UCLA,1331775106527006720,NCAA PAC 12,PAC 12,12,1.265,0.7108,,,0,20.5,5,78,6,0,,,1,0,0,171.36,backfill
2026,Top25,1,2,14,False,Ranked,Georgia State,1331774695346823168,NCAA USA,CUSA,5,1.227,0.7045,,,0,20.75,5,81,6,0,,,1,0,0,181.76,backfill
2026,Top25,1,2,15,False,Ranked,TCU,1331774880181399552,NCAA BIG 12,Big 12,11,1.1995,0.6999,,,0,20.75,20,55,6,0,,,1,0,0,173.66,backfill
2026,Top25,1,2,16,False,Ranked,Colorado State,1331774599196585984,NCAA MOUNTAIN WEST,Mountain West,8,1.1918,0.6986,,,0,19.25,10,67,6,0,,,1,0,0,182.86,backfill
2026,Top25,1,2,17,False,Ranked,West Virginia,1331774880181399552,NCAA BIG 12,Big 12,8,1.1869,0.6978,,,0,23.75,8,83,6,0,,,1,0,0,174.34,backfill
2026,Top25,1,2,18,False,Ranked,FSU,1331774915392577536,NCAA ACC,ACC,5,1.1659,0.6943,,,0,25.75,8,79,6,0,,,1,0,0,162.96,backfill
2026,Top25,1,2,19,False,Ranked,Memphis,1331774846710849536,NCAA SUN BELT,Sun Belt,8,1.1584,0.6931,,,0,20.0,13,44,6,0,,,1,0,0,179.62,backfill
2026,Top25,1,2,20,False,Ranked,Oregon State,1331775106527006720,NCAA PAC 12,PAC 12,3,1.1406,0.6901,,,0,23.0,13,68,6,0,,,1,0,0,178.88,backfill
2026,Top25,1,2,21,False,Ranked,South Alabama,1331774695346823168,NCAA USA,CUSA,4,1.1368,0.6895,,,0,22.25,16,42,6,0,,,1,0,0,179.0,backfill
2026,Top25,1,2,22,False,Ranked,Purdue,1316899936696016896,NCAA BIG 10,Big 10,1,1.1182,0.6864,,,0,27.5,25,65,6,0,,,1,0,0,164.3,backfill
2026,Top25,1,2,23,False,Ranked,North Carolina Central,1331774544905510912,NCAA OHIO VALLEY,Ohio Valley,12,1.1108,0.6851,,,0,25.5,21,43,6,0,,,1,0,0,172.96,backfill
2026,Top25,1,2,24,False,Ranked,Monmouth,1331774544905510912,NCAA OHIO VALLEY,Ohio Valley,10,1.0934,0.6822,,,1,28.5,1,56,6,0,,,1,0,0,164.36,backfill
2026,Top25,1,2,25,False,Ranked,Portland State,1316899756005412864,NCAA BIG SKY,Big Sky,8,1.0733,0.6789,,,1,32.75,1,145,6,0,,,1,0,0,174.26,backfill
2026,Top25,1,2,27,False,ORV,North Carolina A&T,1331774630620332032,NCAA HISTORICALLY BLACK,HBCU,1,1.0476,0.6746,,,0,30.0,22,47,6,0,,,1,0,0,171.46,backfill
2026,Top25,1,2,28,False,ORV,Washington State,1331775106527006720,NCAA PAC 12,PAC 12,4,1.0462,0.6744,,,0,34.5,5,75,6,0,,,1,0,0,170.0,backfill
2026,Top25,1,2,29,False,ORV,Duke,1331774915392577536,NCAA ACC,ACC,7,1.0306,0.6718,,,0,35.5,12,93,6,0,,,1,0,0,155.22,backfill
2026,Top25,1,2,31,False,ORV,Hawaii,1331774599196585984,NCAA MOUNTAIN WEST,Mountain West,1,1.0213,0.6702,,,0,31.75,24,61,6,0,,,1,0,0,170.86,backfill
2026,Top25,1,2,33,False,ORV,Delaware State,1331774630620332032,NCAA HISTORICALLY BLACK,HBCU,3,0.9811,0.6635,,,0,38.25,23,114,6,0,,,1,0,0,155.1,backfill
2026,Top25,1,2,36,False,ORV,Temple,1331774846710849536,NCAA SUN BELT,Sun Belt,1,0.9435,0.6572,,,0,41.25,6,119,6,0,,,1,0,0,152.8,backfill
2026,Top25,1,2,48,False,ORV,UNC Charlotte,1331774454493122560,NCAA WILD,Wild,12,0.758,0.6263,,,0,54.25,7,143,6,0,,,1,0,0,140.3,backfill
2026,Top25,2,3,1,False,Ranked,Hawaii,1331774599196585984,NCAA MOUNTAIN WEST,Mountain West,1,1.6299,0.7716,,,0,4.0,2,24,6,0,,,2,0,0,402.68,backfill
2026,Top25,2,3,2,False,Ranked,Minnesota,1316899936696016896,NCAA BIG 10,Big 10,7,1.5656,0.7609,,,1,5.25,1,11,6,0,,,2,0,0,408.48,backfill
2026,Top25,2,3,3,False,Ranked,Chattanooga,1331774544905510912,NCAA OHIO VALLEY,Ohio Valley,4,1.5531,0.7589,,,0,6.75,2,20,6,0,8,5,2,0,0,359.66,backfill
2026,Top25,2,3,4,False,Ranked,Louisiana Tech,1331774846710849536,NCAA SUN BELT,Sun Belt,11,1.532,0.7553,,,2,7.0,1,47,6,0,11,7,2,0,0,371.88,backfill
2026,Top25,2,3,5,False,Ranked,Baylor,1331774880181399552,NCAA BIG 12,Big 12,5,1.4772,0.7462,,,0,9.75,7,82,6,0,,,2,0,0,354.56,backfill
2026,Top25,2,3,6,False,Ranked,Auburn,1331775170712444928,NCAA SEC,SEC,4,1.4497,0.7416,,,0,11.0,6,26,6,0,5,-1,2,0,0,346.14,backfill
2026,Top25,2,3,7,False,Ranked,Middle Tennessee State,1331774695346823168,NCAA USA,CUSA,7,1.4292,0.7382,,,0,11.75,9,43,6,0,,,2,0,0,349.92,backfill
2026,Top25,2,3,8,False,Ranked,Kansas State,1331774880181399552,NCAA BIG 12,Big 12,7,1.422,0.737,,,0,17.25,4,50,6,0,3,-5,2,0,0,356.58,backfill
2026,Top25,2,3,9,False,Ranked,Portland State,1316899756005412864,NCAA BIG SKY,Big Sky,8,1.4105,0.7351,,,1,16.25,1,150,6,0,25,16,2,0,0,354.38,backfill
2026,Top25,2,3,10,False,Ranked,FSU,1331774915392577536,NCAA ACC,ACC,5,1.3636,0.7273,,,0,14.75,13,36,6,0,18,8,2,0,0,326.88,backfill
2026,Top25,2,3,11,False,Ranked,Mississippi State,1331775170712444928,NCAA SEC,SEC,6,1.3523,0.7254,,,0,16.25,2,44,6,0,,,2,0,0,385.22,backfill
2026,Top25,2,3,12,False,Ranked,Dartmouth,1331774741488369664,NCAA IVY,Ivy,11,1.3438,0.724,,,1,17.25,1,62,6,0,6,-6,2,0,0,316.28,backfill
2026,Top25,2,3,13,False,Ranked,William & Mary,1316899756005412864,NCAA BIG SKY,Big Sky,3,1.3374,0.7229,,,0,18.25,11,41,6,0,,,2,0,0,338.24,backfill
2026,Top25,2,3,14,False,Ranked,Delaware State,1331774630620332032,NCAA HISTORICALLY BLACK,HBCU,3,1.3163,0.7194,,,0,20.75,11,136,6,0,,,2,0,0,305.28,backfill
2026,Top25,2,3,15,False,Ranked,Youngstown State,1316899756005412864,NCAA BIG SKY,Big Sky,12,1.2893,0.7149,,,0,19.0,12,32,6,0,,,2,0,0,333.58,backfill
2026,Top25,2,3,16,False,Ranked,Clemson,1331774915392577536,NCAA ACC,ACC,12,1.2691,0.7115,,,0,20.75,13,51,6,0,,,2,0,0,332.94,backfill
2026,Top25,2,3,17,False,Ranked,Washington State,1331775106527006720,NCAA PAC 12,PAC 12,4,1.2672,0.7112,,,0,23.25,20,53,6,0,,,2,0,0,311.96,backfill
2026,Top25,2,3,18,False,Ranked,Purdue,1316899936696016896,NCAA BIG 10,Big 10,1,1.2265,0.7044,,,0,24.25,5,68,6,0,22,4,2,0,0,303.02,backfill
2026,Top25,2,3,19,False,Ranked,West Virginia,1331774880181399552,NCAA BIG 12,Big 12,8,1.2257,0.7043,,,0,22.25,11,40,6,0,17,-2,2,0,0,320.12,backfill
2026,Top25,2,3,20,False,Ranked,UCLA,1331775106527006720,NCAA PAC 12,PAC 12,12,1.219,0.7032,,,0,21.75,19,54,6,0,13,-7,2,0,0,312.5,backfill
2026,Top25,2,3,21,False,Ranked,Old Dominion,1331774454493122560,NCAA WILD,Wild,10,1.1458,0.691,,,0,26.0,6,146,6,0,,,2,0,0,316.48,backfill
2026,Top25,2,3,22,False,Ranked,Virginia,1331774915392577536,NCAA ACC,ACC,1,1.1236,0.6873,,,0,27.75,16,39,6,0,,,2,0,0,311.04,backfill
2026,Top25,2,3,23,False,Ranked,South Carolina,1331775170712444928,NCAA SEC,SEC,10,1.0778,0.6796,,,0,30.75,15,102,6,0,7,-16,2,0,0,315.4,backfill
2026,Top25,2,3,24,False,Ranked,Pittsburgh,1331775206619885568,NCAA BIG EAST & CO.,Big East,4,1.0645,0.6774,,,0,32.0,8,56,6,0,,,2,0,0,297.4,backfill
2026,Top25,2,3,25,False,Ranked,North Carolina A&T,1331774630620332032,NCAA HISTORICALLY BLACK,HBCU,1,1.0594,0.6766,,,0,29.25,24,55,6,0,,,2,0,0,303.28,backfill
2026,Top25,2,3,29,False,ORV,BYU,1331774599196585984,NCAA MOUNTAIN WEST,Mountain West,6,0.9934,0.6656,,,0,40.5,9,158,6,0,,,2,0,0,279.02,backfill
2026,Top25,2,3,32,False,ORV,Georgetown,1331774741488369664,NCAA IVY,Ivy,5,0.8984,0.6497,,,0,30.0,8,82,6,0,,,1,1,0,328.06,backfill
2026,Top25,2,3,33,False,ORV,North Alabama,1331774544905510912,NCAA OHIO VALLEY,Ohio Valley,11,0.8528,0.6421,,,0,31.5,10,95,6,0,,,1,1,0,329.88,backfill
2026,Top25,2,3,35,False,ORV,North Carolina Central,1331774544905510912,NCAA OHIO VALLEY,Ohio Valley,12,0.7887,0.6315,,,0,41.5,6,78,6,0,23,,1,1,0,308.26,backfill
2026,Top25,2,3,36,False,ORV,Arizona State,1331775106527006720,NCAA PAC 12,PAC 12,7,0.7866,0.6311,,,0,38.75,4,88,6,0,,,1,1,0,356.08,backfill
2026,Top25,2,3,40,False,ORV,LSU,1331775170712444928,NCAA SEC,SEC,2,0.7178,0.6196,,,0,44.75,13,84,6,0,,,1,1,0,327.38,backfill
2026,Top25,2,3,49,False,ORV,USC,1331775106527006720,NCAA PAC 12,PAC 12,2,0.5621,0.5937,,,0,53.75,17,132,6,0,,,0,2,0,320.38,backfill
2026,Top25,2,3,54,False,ORV,UNC Charlotte,1331774454493122560,NCAA WILD,Wild,12,0.5073,0.5846,,,0,72.25,10,155,6,0,,,2,0,0,244.16,backfill
2026,Top25,3,4,1,False,Ranked,Baylor,1331774880181399552,NCAA BIG 12,Big 12,5,1.8686,0.8114,,,2,2.8,1,92,7,0,5,4,3,0,0,528.74,backfill
2026,Top25,3,4,2,False,Ranked,Minnesota,1316899936696016896,NCAA BIG 10,Big 10,7,1.6913,0.7819,,,2,4.8,1,11,7,0,2,0,3,0,0,567.04,backfill
2026,Top25,3,4,3,False,Ranked,Hawaii,1331774599196585984,NCAA MOUNTAIN WEST,Mountain West,1,1.6901,0.7817,,,0,5.0,2,11,7,0,1,-2,3,0,0,556.34,backfill
2026,Top25,3,4,4,False,Ranked,Clemson,1331774915392577536,NCAA ACC,ACC,12,1.5749,0.7625,,,0,9.6,4,17,7,0,16,12,3,0,0,519.38,backfill
2026,Top25,3,4,5,False,Ranked,Youngstown State,1316899756005412864,NCAA BIG SKY,Big Sky,12,1.5556,0.7593,,,1,10.0,1,34,7,0,15,10,3,0,0,507.88,backfill
2026,Top25,3,4,6,False,Ranked,William & Mary,1316899756005412864,NCAA BIG SKY,Big Sky,3,1.5378,0.7563,,,0,12.2,3,38,7,0,13,7,3,0,0,513.28,backfill
2026,Top25,3,4,7,False,Ranked,Auburn,1331775170712444928,NCAA SEC,SEC,4,1.4793,0.7465,,,1,11.0,1,30,7,0,6,-1,3,0,0,517.68,backfill
2026,Top25,3,4,8,False,Ranked,Washington State,1331775106527006720,NCAA PAC 12,PAC 12,4,1.4591,0.7432,,,0,13.2,10,37,7,0,17,9,3,0,0,477.84,backfill
2026,Top25,3,4,9,False,Ranked,Dartmouth,1331774741488369664,NCAA IVY,Ivy,11,1.4193,0.7365,,,0,12.2,9,44,7,0,12,3,3,0,0,479.04,backfill
2026,Top25,3,4,10,False,Ranked,Middle Tennessee State,1331774695346823168,NCAA USA,CUSA,7,1.343,0.7238,,,0,17.2,4,37,7,0,7,-3,3,0,0,502.08,backfill
2026,Top25,3,4,11,False,Ranked,Kansas State,1331774880181399552,NCAA BIG 12,Big 12,7,1.3303,0.7217,,,0,16.6,3,39,7,0,8,-3,3,0,0,513.06,backfill
2026,Top25,3,4,12,False,Ranked,South Alabama,1331774695346823168,NCAA USA,CUSA,4,1.3271,0.7212,,,0,17.2,7,29,7,0,,,3,0,0,509.96,backfill
2026,Top25,3,4,13,False,Ranked,Portland State,1316899756005412864,NCAA BIG SKY,Big Sky,8,1.3019,0.717,,,1,22.4,1,138,7,0,9,-4,2,1,0,510.94,backfill
2026,Top25,3,4,14,False,Ranked,FSU,1331774915392577536,NCAA ACC,ACC,5,1.2964,0.7161,,,0,19.6,8,63,7,0,10,-4,3,0,0,465.24,backfill
2026,Top25,3,4,15,False,Ranked,BYU,1331774599196585984,NCAA MOUNTAIN WEST,Mountain West,6,1.2844,0.7141,,,0,20.2,10,106,7,0,,,3,0,0,474.28,backfill
2026,Top25,3,4,16,False,Ranked,Southern Miss,1331774846710849536,NCAA SUN BELT,Sun Belt,9,1.2497,0.7083,,,0,21.6,13,71,7,0,,,3,0,0,452.82,backfill
2026,Top25,3,4,17,False,Ranked,Old Dominion,1331774454493122560,NCAA WILD,Wild,10,1.2012,0.7002,,,0,32.0,6,141,7,0,21,4,3,0,0,442.74,backfill
2026,Top25,3,4,18,False,Ranked,Colorado,1331775106527006720,NCAA PAC 12,PAC 12,8,1.1564,0.6927,,,0,25.2,2,62,7,0,,,3,0,0,478.6,backfill
2026,Top25,3,4,19,False,Ranked,South Carolina,1331775170712444928,NCAA SEC,SEC,10,1.1541,0.6923,,,0,29.0,7,134,7,0,23,4,3,0,0,457.5,backfill
2026,Top25,3,4,20,False,Ranked,Arizona State,1331775106527006720,NCAA PAC 12,PAC 12,7,1.1538,0.6923,,,0,24.0,5,88,7,0,,,2,1,0,501.72,backfill
2026,Top25,3,4,21,False,Ranked,Chattanooga,1331774544905510912,NCAA OHIO VALLEY,Ohio Valley,4,1.1413,0.6902,,,0,23.6,12,36,7,0,3,-18,2,1,0,493.38,backfill
2026,Top25,3,4,22,False,Ranked,Montana,1331774454493122560,NCAA WILD,Wild,1,1.0913,0.6819,,,0,34.6,2,94,7,0,,,2,1,0,529.54,backfill
2026,Top25,3,4,23,False,Ranked,Georgia Tech,1331774915392577536,NCAA ACC,ACC,3,1.08,0.68,,,0,29.6,8,79,7,0,,,3,0,0,443.66,backfill
2026,Top25,3,4,24,False,Ranked,Mississippi State,1331775170712444928,NCAA SEC,SEC,6,1.0627,0.6771,,,0,29.8,6,81,7,0,11,-13,2,1,0,521.08,backfill
2026,Top25,3,4,25,False,Ranked,Syracuse,1331775206619885568,NCAA BIG EAST & CO.,Big East,7,0.9963,0.666,,,0,36.4,4,126,7,0,,,2,1,0,474.84,backfill
2026,Top25,3,4,26,False,ORV,Arkansas State,1331774695346823168,NCAA USA,CUSA,8,0.9301,0.655,,,0,36.2,20,80,7,0,,,3,0,0,434.18,backfill
2026,Top25,3,4,27,False,ORV,North Carolina Central,1331774544905510912,NCAA OHIO VALLEY,Ohio Valley,12,0.9278,0.6546,,,0,29.8,14,42,7,0,,,2,1,0,469.3,backfill
2026,Top25,3,4,28,False,ORV,North Alabama,1331774544905510912,NCAA OHIO VALLEY,Ohio Valley,11,0.9155,0.6526,,,0,30.6,17,79,7,0,,,2,1,0,473.34,backfill
2026,Top25,3,4,29,False,ORV,North Carolina A&T,1331774630620332032,NCAA HISTORICALLY BLACK,HBCU,1,0.8664,0.6444,,,0,40.6,17,87,7,0,25,,3,0,0,432.94,backfill
2026,Top25,3,4,31,False,ORV,Georgetown,1331774741488369664,NCAA IVY,Ivy,5,0.859,0.6432,,,0,36.2,5,74,7,0,,,2,1,0,461.2,backfill
2026,Top25,3,4,32,False,ORV,Pittsburgh,1331775206619885568,NCAA BIG EAST & CO.,Big East,4,0.8475,0.6412,,,0,45.0,3,79,7,0,24,,3,0,0,431.32,backfill
2026,Top25,3,4,34,False,ORV,Virginia,1331774915392577536,NCAA ACC,ACC,1,0.7958,0.6326,,,0,38.8,16,73,7,0,22,,2,1,0,459.18,backfill
2026,Top25,3,4,35,False,ORV,Louisiana Tech,1331774846710849536,NCAA SUN BELT,Sun Belt,11,0.7886,0.6314,,,0,38.0,23,75,7,0,4,,2,1,0,492.24,backfill
2026,Top25,3,4,39,False,ORV,Purdue,1316899936696016896,NCAA BIG 10,Big 10,1,0.7461,0.6244,,,0,52.2,10,108,7,0,18,,3,0,0,425.84,backfill
2026,Top25,3,4,40,False,ORV,Army,1331775206619885568,NCAA BIG EAST & CO.,Big East,8,0.7447,0.6241,,,0,52.0,15,132,7,0,,,3,0,0,417.64,backfill
2026,Top25,3,4,41,False,ORV,West Virginia,1331774880181399552,NCAA BIG 12,Big 12,8,0.7311,0.6219,,,0,41.0,18,71,7,0,19,,2,1,0,461.88,backfill
2026,Top25,3,4,53,False,ORV,USC,1331775106527006720,NCAA PAC 12,PAC 12,2,0.5796,0.5966,,,0,51.2,19,117,7,0,,,1,2,0,453.06,backfill
2026,Top25,4,5,1,False,Ranked,Hawaii,1331774599196585984,NCAA MOUNTAIN WEST,Mountain West,1,1.8194,0.8032,,,1,4.2,1,11,7,0,3,2,4,0,0,738.86,2026-10-07 22:23 UTC
2026,Top25,4,5,2,False,Ranked,William & Mary,1316899756005412864,NCAA BIG SKY,Big Sky,3,1.7201,0.7867,,,1,8.4,1,50,7,0,6,4,4,0,0,685.2,2026-10-07 22:23 UTC
2026,Top25,4,5,3,False,Ranked,Auburn,1331775170712444928,NCAA SEC,SEC,4,1.7014,0.7836,,,1,6.4,1,24,7,0,7,4,4,0,0,702.28,2026-10-07 22:23 UTC
2026,Top25,4,5,4,False,Ranked,Washington State,1331775106527006720,NCAA PAC 12,PAC 12,4,1.6709,0.7785,,,0,7.8,4,24,7,0,8,4,4,0,0,667.68,2026-10-07 22:23 UTC
2026,Top25,4,5,5,False,Ranked,Middle Tennessee State,1331774695346823168,NCAA USA,CUSA,7,1.6392,0.7732,,,1,10.0,1,44,7,0,10,5,4,0,0,696.92,2026-10-07 22:23 UTC
2026,Top25,4,5,6,False,Ranked,Youngstown State,1316899756005412864,NCAA BIG SKY,Big Sky,12,1.636,0.7727,,,0,9.8,5,42,7,0,5,-1,4,0,0,671.46,2026-10-07 22:23 UTC
2026,Top25,4,5,7,False,Ranked,Old Dominion,1331774454493122560,NCAA WILD,Wild,10,1.5948,0.7658,,,0,13.8,4,121,7,0,17,10,4,0,0,636.56,2026-10-07 22:23 UTC
2026,Top25,4,5,8,False,Ranked,Baylor,1331774880181399552,NCAA BIG 12,Big 12,5,1.5611,0.7602,,,2,12.4,1,102,7,0,1,-7,3,1,0,685.02,2026-10-07 22:23 UTC
2026,Top25,4,5,9,False,Ranked,Southern Miss,1331774846710849536,NCAA SUN BELT,Sun Belt,9,1.3603,0.7267,,,0,18.6,12,45,7,0,16,7,4,0,0,613.6,2026-10-07 22:23 UTC
2026,Top25,4,5,10,False,Ranked,Arizona State,1331775106527006720,NCAA PAC 12,PAC 12,7,1.3394,0.7232,,,0,17.2,8,67,7,0,20,10,3,1,0,667.72,2026-10-07 22:23 UTC
2026,Top25,4,5,11,False,Ranked,Syracuse,1331775206619885568,NCAA BIG EAST & CO.,Big East,7,1.3336,0.7223,,,0,21.0,3,86,7,0,25,14,3,1,0,667.24,2026-10-07 22:23 UTC
2026,Top25,4,5,12,False,Ranked,Dartmouth,1331774741488369664,NCAA IVY,Ivy,11,1.3028,0.7171,,,0,19.8,5,31,7,0,9,-3,4,0,0,629.86,2026-10-07 22:23 UTC
2026,Top25,4,5,13,False,Ranked,Georgetown,1331774741488369664,NCAA IVY,Ivy,5,1.2851,0.7142,,,1,17.4,1,35,7,0,,,3,1,0,699.6,2026-10-07 22:23 UTC
2026,Top25,4,5,14,False,Ranked,Kansas State,1331774880181399552,NCAA BIG 12,Big 12,7,1.2829,0.7138,,,0,21.4,7,53,7,0,11,-3,4,0,0,657.38,2026-10-07 22:23 UTC
2026,Top25,4,5,15,False,Ranked,South Carolina,1331775170712444928,NCAA SEC,SEC,10,1.1909,0.6985,,,0,26.4,8,140,7,0,19,4,4,0,0,601.5,2026-10-07 22:23 UTC
2026,Top25,4,5,16,False,Ranked,FSU,1331774915392577536,NCAA ACC,ACC,5,1.1905,0.6984,,,0,22.2,2,56,7,0,14,-2,4,0,0,609.26,2026-10-07 22:23 UTC
2026,Top25,4,5,17,False,Ranked,Minnesota,1316899936696016896,NCAA BIG 10,Big 10,7,1.0993,0.6832,,,0,21.8,2,73,7,0,2,-15,3,1,0,674.16,2026-10-07 22:23 UTC
2026,Top25,4,5,18,False,Ranked,Kentucky,1331775170712444928,NCAA SEC,SEC,8,1.0918,0.682,,,0,28.8,16,77,7,0,,,4,0,0,591.76,2026-10-07 22:23 UTC
2026,Top25,4,5,19,False,Ranked,Purdue,1316899936696016896,NCAA BIG 10,Big 10,1,1.0716,0.6786,,,0,32.0,5,89,7,0,,,4,0,0,599.24,2026-10-07 22:23 UTC
2026,Top25,4,5,20,False,Ranked,BYU,1331774599196585984,NCAA MOUNTAIN WEST,Mountain West,6,1.0511,0.6752,,,0,35.2,9,129,7,0,15,-5,4,0,0,590.96,2026-10-07 22:23 UTC
2026,Top25,4,5,21,False,Ranked,Iowa,1316899936696016896,NCAA BIG 10,Big 10,11,1.046,0.6743,,,0,27.6,7,107,7,0,,,3,1,0,620.14,2026-10-07 22:23 UTC
2026,Top25,4,5,22,False,Ranked,South Alabama,1331774695346823168,NCAA USA,CUSA,4,1.033,0.6722,,,0,30.8,3,59,7,0,12,-10,4,0,0,627.58,2026-10-07 22:23 UTC
2026,Top25,4,5,23,False,Ranked,Coastal Carolina,1331775206619885568,NCAA BIG EAST & CO.,Big East,6,1.0208,0.6701,,,0,29.2,9,85,7,0,,,3,1,0,587.74,2026-10-07 22:23 UTC
2026,Top25,4,5,24,False,Ranked,Southern,1331774630620332032,NCAA HISTORICALLY BLACK,HBCU,4,1.016,0.6693,,,0,25.6,13,60,7,0,,,3,1,0,616.08,2026-10-07 22:23 UTC
2026,Top25,4,5,25,False,Ranked,Colorado,1331775106527006720,NCAA PAC 12,PAC 12,8,1.0124,0.6687,,,0,32.0,8,72,7,0,18,-7,4,0,0,613.86,2026-10-07 22:23 UTC
2026,Top25,4,5,26,False,ORV,West Virginia,1331774880181399552,NCAA BIG 12,Big 12,8,0.9791,0.6632,,,0,28.4,13,72,7,0,,,3,1,0,621.26,2026-10-07 22:23 UTC
2026,Top25,4,5,27,False,ORV,UT Martin,1331774804222545920,NCAA PIONEER,Pioneer,11,0.9463,0.6577,,,0,33.2,21,54,7,0,,,3,1,0,591.46,2026-10-07 22:23 UTC
2026,Top25,4,5,28,False,ORV,Temple,1331774846710849536,NCAA SUN BELT,Sun Belt,1,0.9457,0.6576,,,0,30.4,18,45,7,0,,,3,1,0,598.44,2026-10-07 22:23 UTC
2026,Top25,4,5,29,False,ORV,Campbell,1331774804222545920,NCAA PIONEER,Pioneer,8,0.9453,0.6576,,,0,36.6,13,81,7,0,,,4,0,0,573.68,2026-10-07 22:23 UTC
2026,Top25,4,5,30,False,ORV,Belmont,1331774544905510912,NCAA OHIO VALLEY,Ohio Valley,1,0.9424,0.6571,,,0,32.6,8,88,7,0,,,3,1,0,579.0,2026-10-07 22:23 UTC
2026,Top25,4,5,31,False,ORV,Arkansas State,1331774695346823168,NCAA USA,CUSA,8,0.9355,0.6559,,,0,30.4,14,64,7,0,,,3,1,0,603.84,2026-10-07 22:23 UTC
2026,Top25,4,5,32,False,ORV,Portland State,1316899756005412864,NCAA BIG SKY,Big Sky,8,0.9213,0.6535,,,0,39.0,2,128,7,0,13,,2,2,0,653.36,2026-10-07 22:23 UTC
2026,Top25,4,5,34,False,ORV,Clemson,1331774915392577536,NCAA ACC,ACC,12,0.8608,0.6435,,,0,37.8,10,74,7,0,4,,3,1,0,619.08,2026-10-07 22:23 UTC
2026,Top25,4,5,35,False,ORV,Brown,1331774741488369664,NCAA IVY,Ivy,1,0.8157,0.636,,,0,42.6,18,159,7,0,,,3,1,0,537.4,2026-10-07 22:23 UTC
2026,Top25,4,5,38,False,ORV,Illinois,1316899936696016896,NCAA BIG 10,Big 10,10,0.7939,0.6323,,,0,42.8,12,70,7,0,,,3,1,0,589.52,2026-10-07 22:23 UTC
2026,Top25,4,5,40,False,ORV,Mississippi State,1331775170712444928,NCAA SEC,SEC,6,0.7721,0.6287,,,0,43.4,11,88,7,0,24,,2,2,0,656.36,2026-10-07 22:23 UTC
2026,Top25,4,5,50,False,ORV,Chattanooga,1331774544905510912,NCAA OHIO VALLEY,Ohio Valley,4,0.5978,0.5996,,,0,46.0,12,88,7,0,21,,2,2,0,611.24,2026-10-07 22:23 UTC
2026,Top25,4,5,54,False,ORV,Pittsburgh,1331775206619885568,NCAA BIG EAST & CO.,Big East,4,0.5419,0.5903,,,0,64.0,3,107,7,0,,,4,0,0,543.0,2026-10-07 22:23 UTC
2026,Top25,4,5,56,False,ORV,Montana,1331774454493122560,NCAA WILD,Wild,1,0.4968,0.5828,,,0,63.2,6,117,7,0,22,,2,2,0,635.64,2026-10-07 22:23 UTC
