Year,LeagueID,LeagueName,RosterID,PSV,Dynasty,Wk1Proj,LastFinalRank,PSVPct,Wk1ProjPct,DynastyPct,LastFinalRankPct,Prior,Inputs,Basis
2019,455834597620445184,NCAA BIG EAST & CO.,1,,,139.03,,,0.4504,,,0.4504,wk1_proj,week-1 projections TeamProjections_History.csv
2019,455834597620445184,NCAA BIG EAST & CO.,10,,,106.87,,,0.0076,,,0.0076,wk1_proj,week-1 projections TeamProjections_History.csv
2019,455834597620445184,NCAA BIG EAST & CO.,11,,,146.93,,,0.6947,,,0.6947,wk1_proj,week-1 projections TeamProjections_History.csv
2019,455834597620445184,NCAA BIG EAST & CO.,12,,,129.87,,,0.2137,,,0.2137,wk1_proj,week-1 projections TeamProjections_History.csv
2019,455834597620445184,NCAA BIG EAST & CO.,2,,,139.1,,,0.458,,,0.458,wk1_proj,week-1 projections TeamProjections_History.csv
2019,455834597620445184,NCAA BIG EAST & CO.,3,,,137.96,,,0.4275,,,0.4275,wk1_proj,week-1 projections TeamProjections_History.csv
2019,455834597620445184,NCAA BIG EAST & CO.,4,,,149.47,,,0.8092,,,0.8092,wk1_proj,week-1 projections TeamProjections_History.csv
2019,455834597620445184,NCAA BIG EAST & CO.,5,,,139.9,,,0.5115,,,0.5115,wk1_proj,week-1 projections TeamProjections_History.csv
2019,455834597620445184,NCAA BIG EAST & CO.,6,,,138.77,,,0.4427,,,0.4427,wk1_proj,week-1 projections TeamProjections_History.csv
2019,455834597620445184,NCAA BIG EAST & CO.,7,,,131.93,,,0.2672,,,0.2672,wk1_proj,week-1 projections TeamProjections_History.csv
2019,455834597620445184,NCAA BIG EAST & CO.,8,,,113.24,,,0.0229,,,0.0229,wk1_proj,week-1 projections TeamProjections_History.csv
2019,455834597620445184,NCAA BIG EAST & CO.,9,,,141.26,,,0.5496,,,0.5496,wk1_proj,week-1 projections TeamProjections_History.csv
2019,455862950553448448,NCAA ACC,1,,,147.8,,,0.7481,,,0.7481,wk1_proj,week-1 projections TeamProjections_History.csv
2019,455862950553448448,NCAA ACC,10,,,147.42,,,0.7328,,,0.7328,wk1_proj,week-1 projections TeamProjections_History.csv
2019,455862950553448448,NCAA ACC,11,,,129.62,,,0.1985,,,0.1985,wk1_proj,week-1 projections TeamProjections_History.csv
2019,455862950553448448,NCAA ACC,12,,,135.38,,,0.3435,,,0.3435,wk1_proj,week-1 projections TeamProjections_History.csv
2019,455862950553448448,NCAA ACC,2,,,123.76,,,0.1069,,,0.1069,wk1_proj,week-1 projections TeamProjections_History.csv
2019,455862950553448448,NCAA ACC,3,,,139.51,,,0.5038,,,0.5038,wk1_proj,week-1 projections TeamProjections_History.csv
2019,455862950553448448,NCAA ACC,4,,,126.85,,,0.1527,,,0.1527,wk1_proj,week-1 projections TeamProjections_History.csv
2019,455862950553448448,NCAA ACC,5,,,153.35,,,0.8855,,,0.8855,wk1_proj,week-1 projections TeamProjections_History.csv
2019,455862950553448448,NCAA ACC,6,,,148.48,,,0.7863,,,0.7863,wk1_proj,week-1 projections TeamProjections_History.csv
2019,455862950553448448,NCAA ACC,7,,,127.73,,,0.1756,,,0.1756,wk1_proj,week-1 projections TeamProjections_History.csv
2019,455862950553448448,NCAA ACC,8,,,146.94,,,0.7023,,,0.7023,wk1_proj,week-1 projections TeamProjections_History.csv
2019,455862950553448448,NCAA ACC,9,,,146.78,,,0.687,,,0.687,wk1_proj,week-1 projections TeamProjections_History.csv
2019,460504411332931584,NCAA PAC 12,1,,,137.52,,,0.4198,,,0.4198,wk1_proj,week-1 projections TeamProjections_History.csv
2019,460504411332931584,NCAA PAC 12,10,,,150.71,,,0.8321,,,0.8321,wk1_proj,week-1 projections TeamProjections_History.csv
2019,460504411332931584,NCAA PAC 12,11,,,126.18,,,0.145,,,0.145,wk1_proj,week-1 projections TeamProjections_History.csv
2019,460504411332931584,NCAA PAC 12,12,,,152.55,,,0.8779,,,0.8779,wk1_proj,week-1 projections TeamProjections_History.csv
2019,460504411332931584,NCAA PAC 12,2,,,143.8,,,0.5878,,,0.5878,wk1_proj,week-1 projections TeamProjections_History.csv
2019,460504411332931584,NCAA PAC 12,3,,,135.41,,,0.3511,,,0.3511,wk1_proj,week-1 projections TeamProjections_History.csv
2019,460504411332931584,NCAA PAC 12,4,,,117.44,,,0.0458,,,0.0458,wk1_proj,week-1 projections TeamProjections_History.csv
2019,460504411332931584,NCAA PAC 12,5,,,143.55,,,0.5725,,,0.5725,wk1_proj,week-1 projections TeamProjections_History.csv
2019,460504411332931584,NCAA PAC 12,6,,,148.15,,,0.771,,,0.771,wk1_proj,week-1 projections TeamProjections_History.csv
2019,460504411332931584,NCAA PAC 12,7,,,158.7,,,0.9695,,,0.9695,wk1_proj,week-1 projections TeamProjections_History.csv
2019,460504411332931584,NCAA PAC 12,8,,,131.3,,,0.229,,,0.229,wk1_proj,week-1 projections TeamProjections_History.csv
2019,460504411332931584,NCAA PAC 12,9,,,102.27,,,0.0,,,0.0,wk1_proj,week-1 projections TeamProjections_History.csv
2019,460505032731652096,NCAA SEC,1,,,144.25,,,0.6183,,,0.6183,wk1_proj,week-1 projections TeamProjections_History.csv
2019,460505032731652096,NCAA SEC,10,,,139.25,,,0.4885,,,0.4885,wk1_proj,week-1 projections TeamProjections_History.csv
2019,460505032731652096,NCAA SEC,11,,,156.08,,,0.9313,,,0.9313,wk1_proj,week-1 projections TeamProjections_History.csv
2019,460505032731652096,NCAA SEC,12,,,147.3,,,0.7252,,,0.7252,wk1_proj,week-1 projections TeamProjections_History.csv
2019,460505032731652096,NCAA SEC,2,,,133.35,,,0.2901,,,0.2901,wk1_proj,week-1 projections TeamProjections_History.csv
2019,460505032731652096,NCAA SEC,3,,,133.6,,,0.2977,,,0.2977,wk1_proj,week-1 projections TeamProjections_History.csv
2019,460505032731652096,NCAA SEC,4,,,135.92,,,0.3588,,,0.3588,wk1_proj,week-1 projections TeamProjections_History.csv
2019,460505032731652096,NCAA SEC,5,,,157.5,,,0.9542,,,0.9542,wk1_proj,week-1 projections TeamProjections_History.csv
2019,460505032731652096,NCAA SEC,6,,,139.96,,,0.5191,,,0.5191,wk1_proj,week-1 projections TeamProjections_History.csv
2019,460505032731652096,NCAA SEC,7,,,123.1,,,0.0916,,,0.0916,wk1_proj,week-1 projections TeamProjections_History.csv
2019,460505032731652096,NCAA SEC,8,,,148.29,,,0.7786,,,0.7786,wk1_proj,week-1 projections TeamProjections_History.csv
2019,460505032731652096,NCAA SEC,9,,,129.59,,,0.1908,,,0.1908,wk1_proj,week-1 projections TeamProjections_History.csv
2019,460505110800232448,NCAA BIG 10,1,,,148.79,,,0.8015,,,0.8015,wk1_proj,week-1 projections TeamProjections_History.csv
2019,460505110800232448,NCAA BIG 10,10,,,127.28,,,0.1679,,,0.1679,wk1_proj,week-1 projections TeamProjections_History.csv
2019,460505110800232448,NCAA BIG 10,11,,,139.35,,,0.4962,,,0.4962,wk1_proj,week-1 projections TeamProjections_History.csv
2019,460505110800232448,NCAA BIG 10,12,,,151.07,,,0.8397,,,0.8397,wk1_proj,week-1 projections TeamProjections_History.csv
2019,460505110800232448,NCAA BIG 10,2,,,147.84,,,0.7557,,,0.7557,wk1_proj,week-1 projections TeamProjections_History.csv
2019,460505110800232448,NCAA BIG 10,3,,,156.64,,,0.9389,,,0.9389,wk1_proj,week-1 projections TeamProjections_History.csv
2019,460505110800232448,NCAA BIG 10,4,,,149.76,,,0.8168,,,0.8168,wk1_proj,week-1 projections TeamProjections_History.csv
2019,460505110800232448,NCAA BIG 10,5,,,151.64,,,0.8626,,,0.8626,wk1_proj,week-1 projections TeamProjections_History.csv
2019,460505110800232448,NCAA BIG 10,6,,,129.81,,,0.2061,,,0.2061,wk1_proj,week-1 projections TeamProjections_History.csv
2019,460505110800232448,NCAA BIG 10,7,,,132.8,,,0.2786,,,0.2786,wk1_proj,week-1 projections TeamProjections_History.csv
2019,460505110800232448,NCAA BIG 10,8,,,115.45,,,0.0305,,,0.0305,wk1_proj,week-1 projections TeamProjections_History.csv
2019,460505110800232448,NCAA BIG 10,9,,,145.58,,,0.6565,,,0.6565,wk1_proj,week-1 projections TeamProjections_History.csv
2019,460505297153159168,NCAA AMERICAN,1,,,132.8,,,0.2786,,,0.2786,wk1_proj,week-1 projections TeamProjections_History.csv
2019,460505297153159168,NCAA AMERICAN,10,,,118.01,,,0.0534,,,0.0534,wk1_proj,week-1 projections TeamProjections_History.csv
2019,460505297153159168,NCAA AMERICAN,11,,,124.12,,,0.1298,,,0.1298,wk1_proj,week-1 projections TeamProjections_History.csv
2019,460505297153159168,NCAA AMERICAN,12,,,131.89,,,0.2595,,,0.2595,wk1_proj,week-1 projections TeamProjections_History.csv
2019,460505297153159168,NCAA AMERICAN,2,,,136.27,,,0.3664,,,0.3664,wk1_proj,week-1 projections TeamProjections_History.csv
2019,460505297153159168,NCAA AMERICAN,3,,,139.13,,,0.4656,,,0.4656,wk1_proj,week-1 projections TeamProjections_History.csv
2019,460505297153159168,NCAA AMERICAN,4,,,159.74,,,0.9847,,,0.9847,wk1_proj,week-1 projections TeamProjections_History.csv
2019,460505297153159168,NCAA AMERICAN,5,,,162.65,,,0.9924,,,0.9924,wk1_proj,week-1 projections TeamProjections_History.csv
2019,460505297153159168,NCAA AMERICAN,6,,,157.89,,,0.9618,,,0.9618,wk1_proj,week-1 projections TeamProjections_History.csv
2019,460505297153159168,NCAA AMERICAN,7,,,146.12,,,0.6794,,,0.6794,wk1_proj,week-1 projections TeamProjections_History.csv
2019,460505297153159168,NCAA AMERICAN,8,,,116.81,,,0.0382,,,0.0382,wk1_proj,week-1 projections TeamProjections_History.csv
2019,460505297153159168,NCAA AMERICAN,9,,,124.08,,,0.1221,,,0.1221,wk1_proj,week-1 projections TeamProjections_History.csv
2019,462407211507773440,NCAA MOUNTAIN WEST,1,,,131.78,,,0.2519,,,0.2519,wk1_proj,week-1 projections TeamProjections_History.csv
2019,462407211507773440,NCAA MOUNTAIN WEST,10,,,153.47,,,0.8931,,,0.8931,wk1_proj,week-1 projections TeamProjections_History.csv
2019,462407211507773440,NCAA MOUNTAIN WEST,11,,,143.92,,,0.5954,,,0.5954,wk1_proj,week-1 projections TeamProjections_History.csv
2019,462407211507773440,NCAA MOUNTAIN WEST,12,,,148.03,,,0.7634,,,0.7634,wk1_proj,week-1 projections TeamProjections_History.csv
2019,462407211507773440,NCAA MOUNTAIN WEST,2,,,140.47,,,0.5267,,,0.5267,wk1_proj,week-1 projections TeamProjections_History.csv
2019,462407211507773440,NCAA MOUNTAIN WEST,3,,,150.55,,,0.8244,,,0.8244,wk1_proj,week-1 projections TeamProjections_History.csv
2019,462407211507773440,NCAA MOUNTAIN WEST,4,,,151.93,,,0.8702,,,0.8702,wk1_proj,week-1 projections TeamProjections_History.csv
2019,462407211507773440,NCAA MOUNTAIN WEST,5,,,133.93,,,0.3053,,,0.3053,wk1_proj,week-1 projections TeamProjections_History.csv
2019,462407211507773440,NCAA MOUNTAIN WEST,6,,,147.71,,,0.7405,,,0.7405,wk1_proj,week-1 projections TeamProjections_History.csv
2019,462407211507773440,NCAA MOUNTAIN WEST,7,,,136.6,,,0.374,,,0.374,wk1_proj,week-1 projections TeamProjections_History.csv
2019,462407211507773440,NCAA MOUNTAIN WEST,8,,,147.13,,,0.7099,,,0.7099,wk1_proj,week-1 projections TeamProjections_History.csv
2019,462407211507773440,NCAA MOUNTAIN WEST,9,,,131.77,,,0.2443,,,0.2443,wk1_proj,week-1 projections TeamProjections_History.csv
2019,462407340038025216,NCAA SUN BELT,1,,,138.45,,,0.4351,,,0.4351,wk1_proj,week-1 projections TeamProjections_History.csv
2019,462407340038025216,NCAA SUN BELT,10,,,136.61,,,0.3817,,,0.3817,wk1_proj,week-1 projections TeamProjections_History.csv
2019,462407340038025216,NCAA SUN BELT,11,,,141.31,,,0.5573,,,0.5573,wk1_proj,week-1 projections TeamProjections_History.csv
2019,462407340038025216,NCAA SUN BELT,12,,,144.95,,,0.6489,,,0.6489,wk1_proj,week-1 projections TeamProjections_History.csv
2019,462407340038025216,NCAA SUN BELT,2,,,137.35,,,0.4122,,,0.4122,wk1_proj,week-1 projections TeamProjections_History.csv
2019,462407340038025216,NCAA SUN BELT,3,,,122.9,,,0.084,,,0.084,wk1_proj,week-1 projections TeamProjections_History.csv
2019,462407340038025216,NCAA SUN BELT,4,,,134.98,,,0.3359,,,0.3359,wk1_proj,week-1 projections TeamProjections_History.csv
2019,462407340038025216,NCAA SUN BELT,5,,,139.2,,,0.4809,,,0.4809,wk1_proj,week-1 projections TeamProjections_History.csv
2019,462407340038025216,NCAA SUN BELT,6,,,125.85,,,0.1374,,,0.1374,wk1_proj,week-1 projections TeamProjections_History.csv
2019,462407340038025216,NCAA SUN BELT,7,,,118.56,,,0.0611,,,0.0611,wk1_proj,week-1 projections TeamProjections_History.csv
2019,462407340038025216,NCAA SUN BELT,8,,,159.14,,,0.9771,,,0.9771,wk1_proj,week-1 projections TeamProjections_History.csv
2019,462407340038025216,NCAA SUN BELT,9,,,153.93,,,0.916,,,0.916,wk1_proj,week-1 projections TeamProjections_History.csv
2019,462453135504306176,NCAA IVY,1,,,112.9,,,0.0153,,,0.0153,wk1_proj,week-1 projections TeamProjections_History.csv
2019,462453135504306176,NCAA IVY,10,,,139.17,,,0.4733,,,0.4733,wk1_proj,week-1 projections TeamProjections_History.csv
2019,462453135504306176,NCAA IVY,11,,,143.52,,,0.5649,,,0.5649,wk1_proj,week-1 projections TeamProjections_History.csv
2019,462453135504306176,NCAA IVY,12,,,140.74,,,0.542,,,0.542,wk1_proj,week-1 projections TeamProjections_History.csv
2019,462453135504306176,NCAA IVY,2,,,140.5,,,0.5344,,,0.5344,wk1_proj,week-1 projections TeamProjections_History.csv
2019,462453135504306176,NCAA IVY,3,,,151.38,,,0.8473,,,0.8473,wk1_proj,week-1 projections TeamProjections_History.csv
2019,462453135504306176,NCAA IVY,4,,,155.8,,,0.9237,,,0.9237,wk1_proj,week-1 projections TeamProjections_History.csv
2019,462453135504306176,NCAA IVY,5,,,145.95,,,0.6718,,,0.6718,wk1_proj,week-1 projections TeamProjections_History.csv
2019,462453135504306176,NCAA IVY,6,,,137.02,,,0.3893,,,0.3893,wk1_proj,week-1 projections TeamProjections_History.csv
2019,462453135504306176,NCAA IVY,7,,,137.22,,,0.3969,,,0.3969,wk1_proj,week-1 projections TeamProjections_History.csv
2019,462453135504306176,NCAA IVY,8,,,126.99,,,0.1603,,,0.1603,wk1_proj,week-1 projections TeamProjections_History.csv
2019,462453135504306176,NCAA IVY,9,,,134.38,,,0.3282,,,0.3282,wk1_proj,week-1 projections TeamProjections_History.csv
2019,462453279037583360,NCAA WILD,1,,,151.49,,,0.855,,,0.855,wk1_proj,week-1 projections TeamProjections_History.csv
2019,462453279037583360,NCAA WILD,10,,,130.86,,,0.2214,,,0.2214,wk1_proj,week-1 projections TeamProjections_History.csv
2019,462453279037583360,NCAA WILD,11,,,144.1,,,0.6031,,,0.6031,wk1_proj,week-1 projections TeamProjections_History.csv
2019,462453279037583360,NCAA WILD,12,,,144.24,,,0.6107,,,0.6107,wk1_proj,week-1 projections TeamProjections_History.csv
2019,462453279037583360,NCAA WILD,2,,,144.31,,,0.626,,,0.626,wk1_proj,week-1 projections TeamProjections_History.csv
2019,462453279037583360,NCAA WILD,3,,,133.97,,,0.313,,,0.313,wk1_proj,week-1 projections TeamProjections_History.csv
2019,462453279037583360,NCAA WILD,4,,,119.63,,,0.0687,,,0.0687,wk1_proj,week-1 projections TeamProjections_History.csv
2019,462453279037583360,NCAA WILD,5,,,145.84,,,0.6641,,,0.6641,wk1_proj,week-1 projections TeamProjections_History.csv
2019,462453279037583360,NCAA WILD,6,,,157.11,,,0.9466,,,0.9466,wk1_proj,week-1 projections TeamProjections_History.csv
2019,462453279037583360,NCAA WILD,7,,,164.66,,,1.0,,,1.0,wk1_proj,week-1 projections TeamProjections_History.csv
2019,462453279037583360,NCAA WILD,8,,,120.4,,,0.0763,,,0.0763,wk1_proj,week-1 projections TeamProjections_History.csv
2019,462453279037583360,NCAA WILD,9,,,129.41,,,0.1832,,,0.1832,wk1_proj,week-1 projections TeamProjections_History.csv
2019,471499316175826944,NCAA BIG 12,1,,,144.6,,,0.6336,,,0.6336,wk1_proj,week-1 projections TeamProjections_History.csv
2019,471499316175826944,NCAA BIG 12,10,,,153.61,,,0.9008,,,0.9008,wk1_proj,week-1 projections TeamProjections_History.csv
2019,471499316175826944,NCAA BIG 12,11,,,134.25,,,0.3206,,,0.3206,wk1_proj,week-1 projections TeamProjections_History.csv
2019,471499316175826944,NCAA BIG 12,12,,,123.61,,,0.0992,,,0.0992,wk1_proj,week-1 projections TeamProjections_History.csv
2019,471499316175826944,NCAA BIG 12,2,,,148.74,,,0.7939,,,0.7939,wk1_proj,week-1 projections TeamProjections_History.csv
2019,471499316175826944,NCAA BIG 12,3,,,137.3,,,0.4046,,,0.4046,wk1_proj,week-1 projections TeamProjections_History.csv
2019,471499316175826944,NCAA BIG 12,4,,,147.29,,,0.7176,,,0.7176,wk1_proj,week-1 projections TeamProjections_History.csv
2019,471499316175826944,NCAA BIG 12,5,,,143.65,,,0.5802,,,0.5802,wk1_proj,week-1 projections TeamProjections_History.csv
2019,471499316175826944,NCAA BIG 12,6,,,123.89,,,0.1145,,,0.1145,wk1_proj,week-1 projections TeamProjections_History.csv
2019,471499316175826944,NCAA BIG 12,7,,,144.68,,,0.6412,,,0.6412,wk1_proj,week-1 projections TeamProjections_History.csv
2019,471499316175826944,NCAA BIG 12,8,,,153.83,,,0.9084,,,0.9084,wk1_proj,week-1 projections TeamProjections_History.csv
2019,471499316175826944,NCAA BIG 12,9,,,131.4,,,0.2366,,,0.2366,wk1_proj,week-1 projections TeamProjections_History.csv
2020,519108145819570176,NCAA PAC 12,1,,,147.66,71.0,,0.5363,,0.4622,0.524,wk1_proj+last_final,week-1 projections TeamProjections_History.csv; final order 2019
2020,519108145819570176,NCAA PAC 12,10,,,150.16,23.0,,0.5866,,0.8151,0.6247,wk1_proj+last_final,week-1 projections TeamProjections_History.csv; final order 2019
2020,519108145819570176,NCAA PAC 12,11,,,166.41,46.0,,0.9274,,0.6471,0.8807,wk1_proj+last_final,week-1 projections TeamProjections_History.csv; final order 2019
2020,519108145819570176,NCAA PAC 12,12,,,144.71,78.0,,0.4469,,0.4034,0.4397,wk1_proj+last_final,week-1 projections TeamProjections_History.csv; final order 2019
2020,519108145819570176,NCAA PAC 12,2,,,141.29,45.0,,0.352,,0.6555,0.4025,wk1_proj+last_final,week-1 projections TeamProjections_History.csv; final order 2019
2020,519108145819570176,NCAA PAC 12,3,,,136.8,66.0,,0.257,,0.4874,0.2954,wk1_proj+last_final,week-1 projections TeamProjections_History.csv; final order 2019
2020,519108145819570176,NCAA PAC 12,4,,,172.77,18.0,,0.9832,,0.8571,0.9622,wk1_proj+last_final,week-1 projections TeamProjections_History.csv; final order 2019
2020,519108145819570176,NCAA PAC 12,5,,,127.69,59.0,,0.1285,,0.5378,0.1967,wk1_proj+last_final,week-1 projections TeamProjections_History.csv; final order 2019
2020,519108145819570176,NCAA PAC 12,6,,,172.72,7.0,,0.9777,,0.9496,0.973,wk1_proj+last_final,week-1 projections TeamProjections_History.csv; final order 2019
2020,519108145819570176,NCAA PAC 12,7,,,120.8,130.0,,0.0782,,0.0168,0.068,wk1_proj+last_final,week-1 projections TeamProjections_History.csv; final order 2019
2020,519108145819570176,NCAA PAC 12,8,,,122.5,129.0,,0.095,,0.0252,0.0833,wk1_proj+last_final,week-1 projections TeamProjections_History.csv; final order 2019
2020,519108145819570176,NCAA PAC 12,9,,,108.27,126.0,,0.0223,,0.0504,0.027,wk1_proj+last_final,week-1 projections TeamProjections_History.csv; final order 2019
2020,519109907858935808,NCAA IVY,1,,,134.46,35.0,,0.1955,,0.7227,0.2834,wk1_proj+last_final,week-1 projections TeamProjections_History.csv; final order 2019
2020,519109907858935808,NCAA IVY,10,,,143.89,61.0,,0.4302,,0.521,0.4453,wk1_proj+last_final,week-1 projections TeamProjections_History.csv; final order 2019
2020,519109907858935808,NCAA IVY,11,,,126.29,106.0,,0.1173,,0.2101,0.1328,wk1_proj+last_final,week-1 projections TeamProjections_History.csv; final order 2019
2020,519109907858935808,NCAA IVY,12,,,131.93,108.0,,0.1508,,0.1933,0.1579,wk1_proj+last_final,week-1 projections TeamProjections_History.csv; final order 2019
2020,519109907858935808,NCAA IVY,2,,,160.03,43.0,,0.8324,,0.6723,0.8057,wk1_proj+last_final,week-1 projections TeamProjections_History.csv; final order 2019
2020,519109907858935808,NCAA IVY,3,,,143.45,3.0,,0.4134,,0.9832,0.5084,wk1_proj+last_final,week-1 projections TeamProjections_History.csv; final order 2019
2020,519109907858935808,NCAA IVY,4,,,140.81,131.0,,0.3408,,0.0084,0.2854,wk1_proj+last_final,week-1 projections TeamProjections_History.csv; final order 2019
2020,519109907858935808,NCAA IVY,5,,,148.72,89.0,,0.5531,,0.3277,0.5155,wk1_proj+last_final,week-1 projections TeamProjections_History.csv; final order 2019
2020,519109907858935808,NCAA IVY,6,,,166.68,128.0,,0.933,,0.0336,0.7831,wk1_proj+last_final,week-1 projections TeamProjections_History.csv; final order 2019
2020,519109907858935808,NCAA IVY,7,,,168.72,37.0,,0.9553,,0.7059,0.9137,wk1_proj+last_final,week-1 projections TeamProjections_History.csv; final order 2019
2020,519109907858935808,NCAA IVY,8,,,115.83,33.0,,0.0503,,0.7395,0.1651,wk1_proj+last_final,week-1 projections TeamProjections_History.csv; final order 2019
2020,519109907858935808,NCAA IVY,9,,,143.96,116.0,,0.4358,,0.1261,0.3841,wk1_proj+last_final,week-1 projections TeamProjections_History.csv; final order 2019
2020,519112273652240384,NCAA BIG EAST & CO.,1,,,159.98,58.0,,0.8268,,0.5462,0.78,wk1_proj+last_final,week-1 projections TeamProjections_History.csv; final order 2019
2020,519112273652240384,NCAA BIG EAST & CO.,10,,,154.63,123.0,,0.6816,,0.0756,0.5806,wk1_proj+last_final,week-1 projections TeamProjections_History.csv; final order 2019
2020,519112273652240384,NCAA BIG EAST & CO.,11,,,144.91,69.0,,0.4525,,0.4706,0.4555,wk1_proj+last_final,week-1 projections TeamProjections_History.csv; final order 2019
2020,519112273652240384,NCAA BIG EAST & CO.,12,,,157.98,25.0,,0.7765,,0.7983,0.7802,wk1_proj+last_final,week-1 projections TeamProjections_History.csv; final order 2019
2020,519112273652240384,NCAA BIG EAST & CO.,2,,,168.01,2.0,,0.9413,,0.9916,0.9497,wk1_proj+last_final,week-1 projections TeamProjections_History.csv; final order 2019
2020,519112273652240384,NCAA BIG EAST & CO.,3,,,145.21,41.0,,0.4693,,0.6807,0.5045,wk1_proj+last_final,week-1 projections TeamProjections_History.csv; final order 2019
2020,519112273652240384,NCAA BIG EAST & CO.,4,,,134.05,94.0,,0.1899,,0.2857,0.2059,wk1_proj+last_final,week-1 projections TeamProjections_History.csv; final order 2019
2020,519112273652240384,NCAA BIG EAST & CO.,5,,,114.6,80.0,,0.0335,,0.3866,0.0924,wk1_proj+last_final,week-1 projections TeamProjections_History.csv; final order 2019
2020,519112273652240384,NCAA BIG EAST & CO.,6,,,124.21,118.0,,0.1117,,0.1092,0.1113,wk1_proj+last_final,week-1 projections TeamProjections_History.csv; final order 2019
2020,519112273652240384,NCAA BIG EAST & CO.,7,,,160.77,19.0,,0.838,,0.8487,0.8398,wk1_proj+last_final,week-1 projections TeamProjections_History.csv; final order 2019
2020,519112273652240384,NCAA BIG EAST & CO.,8,,,146.7,1.0,,0.5056,,1.0,0.588,wk1_proj+last_final,week-1 projections TeamProjections_History.csv; final order 2019
2020,519112273652240384,NCAA BIG EAST & CO.,9,,,146.7,111.0,,0.5056,,0.1681,0.4493,wk1_proj+last_final,week-1 projections TeamProjections_History.csv; final order 2019
2020,519112491566792704,NCAA WILD,1,,,162.47,65.0,,0.8771,,0.4958,0.8135,wk1_proj+last_final,week-1 projections TeamProjections_History.csv; final order 2019
2020,519112491566792704,NCAA WILD,10,,,121.54,81.0,,0.0838,,0.3782,0.1329,wk1_proj+last_final,week-1 projections TeamProjections_History.csv; final order 2019
2020,519112491566792704,NCAA WILD,11,,,146.48,77.0,,0.4972,,0.4118,0.483,wk1_proj+last_final,week-1 projections TeamProjections_History.csv; final order 2019
2020,519112491566792704,NCAA WILD,12,,,156.13,47.0,,0.7151,,0.6387,0.7023,wk1_proj+last_final,week-1 projections TeamProjections_History.csv; final order 2019
2020,519112491566792704,NCAA WILD,2,,,126.73,87.0,,0.1229,,0.3361,0.1584,wk1_proj+last_final,week-1 projections TeamProjections_History.csv; final order 2019
2020,519112491566792704,NCAA WILD,3,,,139.62,74.0,,0.324,,0.437,0.3428,wk1_proj+last_final,week-1 projections TeamProjections_History.csv; final order 2019
2020,519112491566792704,NCAA WILD,4,,,143.42,99.0,,0.4022,,0.2521,0.3772,wk1_proj+last_final,week-1 projections TeamProjections_History.csv; final order 2019
2020,519112491566792704,NCAA WILD,5,,,166.3,14.0,,0.9218,,0.8908,0.9166,wk1_proj+last_final,week-1 projections TeamProjections_History.csv; final order 2019
2020,519112491566792704,NCAA WILD,6,,,136.07,34.0,,0.2291,,0.7311,0.3127,wk1_proj+last_final,week-1 projections TeamProjections_History.csv; final order 2019
2020,519112491566792704,NCAA WILD,7,,,146.29,68.0,,0.4804,,0.479,0.4802,wk1_proj+last_final,week-1 projections TeamProjections_History.csv; final order 2019
2020,519112491566792704,NCAA WILD,8,,,168.8,8.0,,0.9609,,0.9412,0.9576,wk1_proj+last_final,week-1 projections TeamProjections_History.csv; final order 2019
2020,519112491566792704,NCAA WILD,9,,,158.74,113.0,,0.8045,,0.1513,0.6956,wk1_proj+last_final,week-1 projections TeamProjections_History.csv; final order 2019
2020,519113796658036736,NCAA SUN BELT,1,,,141.42,53.0,,0.3631,,0.5882,0.4006,wk1_proj+last_final,week-1 projections TeamProjections_History.csv; final order 2019
2020,519113796658036736,NCAA SUN BELT,10,,,162.02,101.0,,0.8715,,0.2437,0.7669,wk1_proj+last_final,week-1 projections TeamProjections_History.csv; final order 2019
2020,519113796658036736,NCAA SUN BELT,11,,,140.55,38.0,,0.3352,,0.6975,0.3956,wk1_proj+last_final,week-1 projections TeamProjections_History.csv; final order 2019
2020,519113796658036736,NCAA SUN BELT,12,,,156.46,91.0,,0.7318,,0.3109,0.6617,wk1_proj+last_final,week-1 projections TeamProjections_History.csv; final order 2019
2020,519113796658036736,NCAA SUN BELT,2,,,145.38,31.0,,0.4749,,0.7479,0.5204,wk1_proj+last_final,week-1 projections TeamProjections_History.csv; final order 2019
2020,519113796658036736,NCAA SUN BELT,3,,,163.61,115.0,,0.905,,0.1345,0.7766,wk1_proj+last_final,week-1 projections TeamProjections_History.csv; final order 2019
2020,519113796658036736,NCAA SUN BELT,4,,,159.55,24.0,,0.8156,,0.8067,0.8142,wk1_proj+last_final,week-1 projections TeamProjections_History.csv; final order 2019
2020,519113796658036736,NCAA SUN BELT,5,,,136.71,95.0,,0.2514,,0.2773,0.2557,wk1_proj+last_final,week-1 projections TeamProjections_History.csv; final order 2019
2020,519113796658036736,NCAA SUN BELT,6,,,121.7,86.0,,0.0894,,0.3445,0.1319,wk1_proj+last_final,week-1 projections TeamProjections_History.csv; final order 2019
2020,519113796658036736,NCAA SUN BELT,7,,,100.63,121.0,,0.0112,,0.0924,0.0247,wk1_proj+last_final,week-1 projections TeamProjections_History.csv; final order 2019
2020,519113796658036736,NCAA SUN BELT,8,,,134.95,9.0,,0.2067,,0.9328,0.3277,wk1_proj+last_final,week-1 projections TeamProjections_History.csv; final order 2019
2020,519113796658036736,NCAA SUN BELT,9,,,176.54,93.0,,0.9888,,0.2941,0.873,wk1_proj+last_final,week-1 projections TeamProjections_History.csv; final order 2019
2020,519113931987255296,NCAA MOUNTAIN WEST,1,,,78.4,109.0,,0.0,,0.1849,0.0308,wk1_proj+last_final,week-1 projections TeamProjections_History.csv; final order 2019
2020,519113931987255296,NCAA MOUNTAIN WEST,10,,,141.51,26.0,,0.3687,,0.7899,0.4389,wk1_proj+last_final,week-1 projections TeamProjections_History.csv; final order 2019
2020,519113931987255296,NCAA MOUNTAIN WEST,11,,,151.08,30.0,,0.6089,,0.7563,0.6335,wk1_proj+last_final,week-1 projections TeamProjections_History.csv; final order 2019
2020,519113931987255296,NCAA MOUNTAIN WEST,12,,,154.27,22.0,,0.6704,,0.8235,0.6959,wk1_proj+last_final,week-1 projections TeamProjections_History.csv; final order 2019
2020,519113931987255296,NCAA MOUNTAIN WEST,2,,,158.03,57.0,,0.7821,,0.5546,0.7442,wk1_proj+last_final,week-1 projections TeamProjections_History.csv; final order 2019
2020,519113931987255296,NCAA MOUNTAIN WEST,3,,,155.13,82.0,,0.6872,,0.3697,0.6343,wk1_proj+last_final,week-1 projections TeamProjections_History.csv; final order 2019
2020,519113931987255296,NCAA MOUNTAIN WEST,4,,,153.6,60.0,,0.6536,,0.5294,0.6329,wk1_proj+last_final,week-1 projections TeamProjections_History.csv; final order 2019
2020,519113931987255296,NCAA MOUNTAIN WEST,5,,,164.97,110.0,,0.9134,,0.1765,0.7906,wk1_proj+last_final,week-1 projections TeamProjections_History.csv; final order 2019
2020,519113931987255296,NCAA MOUNTAIN WEST,6,,,147.02,120.0,,0.514,,0.1008,0.4451,wk1_proj+last_final,week-1 projections TeamProjections_History.csv; final order 2019
2020,519113931987255296,NCAA MOUNTAIN WEST,7,,,133.19,49.0,,0.1788,,0.6218,0.2526,wk1_proj+last_final,week-1 projections TeamProjections_History.csv; final order 2019
2020,519113931987255296,NCAA MOUNTAIN WEST,8,,,155.78,44.0,,0.7039,,0.6639,0.6972,wk1_proj+last_final,week-1 projections TeamProjections_History.csv; final order 2019
2020,519113931987255296,NCAA MOUNTAIN WEST,9,,,132.13,28.0,,0.1564,,0.7731,0.2592,wk1_proj+last_final,week-1 projections TeamProjections_History.csv; final order 2019
2020,519114104323002368,NCAA BIG 10,1,,,156.75,20.0,,0.7374,,0.8403,0.7546,wk1_proj+last_final,week-1 projections TeamProjections_History.csv; final order 2019
2020,519114104323002368,NCAA BIG 10,10,,,112.01,56.0,,0.0279,,0.563,0.1171,wk1_proj+last_final,week-1 projections TeamProjections_History.csv; final order 2019
2020,519114104323002368,NCAA BIG 10,11,,,179.58,72.0,,1.0,,0.4538,0.909,wk1_proj+last_final,week-1 projections TeamProjections_History.csv; final order 2019
2020,519114104323002368,NCAA BIG 10,12,,,153.2,55.0,,0.6257,,0.5714,0.6167,wk1_proj+last_final,week-1 projections TeamProjections_History.csv; final order 2019
2020,519114104323002368,NCAA BIG 10,2,,,161.04,79.0,,0.8492,,0.395,0.7735,wk1_proj+last_final,week-1 projections TeamProjections_History.csv; final order 2019
2020,519114104323002368,NCAA BIG 10,3,,,159.56,12.0,,0.8212,,0.9076,0.8356,wk1_proj+last_final,week-1 projections TeamProjections_History.csv; final order 2019
2020,519114104323002368,NCAA BIG 10,4,,,141.4,10.0,,0.3575,,0.9244,0.452,wk1_proj+last_final,week-1 projections TeamProjections_History.csv; final order 2019
2020,519114104323002368,NCAA BIG 10,5,,,129.73,75.0,,0.1397,,0.4286,0.1878,wk1_proj+last_final,week-1 projections TeamProjections_History.csv; final order 2019
2020,519114104323002368,NCAA BIG 10,6,,,170.57,21.0,,0.9665,,0.8319,0.9441,wk1_proj+last_final,week-1 projections TeamProjections_History.csv; final order 2019
2020,519114104323002368,NCAA BIG 10,7,,,114.92,125.0,,0.0391,,0.0588,0.0424,wk1_proj+last_final,week-1 projections TeamProjections_History.csv; final order 2019
2020,519114104323002368,NCAA BIG 10,8,,,158.43,127.0,,0.7877,,0.042,0.6634,wk1_proj+last_final,week-1 projections TeamProjections_History.csv; final order 2019
2020,519114104323002368,NCAA BIG 10,9,,,95.06,107.0,,0.0056,,0.2017,0.0383,wk1_proj+last_final,week-1 projections TeamProjections_History.csv; final order 2019
2020,519398167841558528,NCAA USA,1,,,136.57,,,0.2346,,,0.2346,wk1_proj,week-1 projections TeamProjections_History.csv; final order 2019
2020,519398167841558528,NCAA USA,10,,,158.44,,,0.7933,,,0.7933,wk1_proj,week-1 projections TeamProjections_History.csv; final order 2019
2020,519398167841558528,NCAA USA,11,,,161.53,,,0.8603,,,0.8603,wk1_proj,week-1 projections TeamProjections_History.csv; final order 2019
2020,519398167841558528,NCAA USA,12,,,149.25,,,0.5698,,,0.5698,wk1_proj,week-1 projections TeamProjections_History.csv; final order 2019
2020,519398167841558528,NCAA USA,2,,,153.71,,,0.6592,,,0.6592,wk1_proj,week-1 projections TeamProjections_History.csv; final order 2019
2020,519398167841558528,NCAA USA,3,,,149.8,,,0.5754,,,0.5754,wk1_proj,week-1 projections TeamProjections_History.csv; final order 2019
2020,519398167841558528,NCAA USA,4,,,157.89,,,0.7654,,,0.7654,wk1_proj,week-1 projections TeamProjections_History.csv; final order 2019
2020,519398167841558528,NCAA USA,5,,,139.42,,,0.2961,,,0.2961,wk1_proj,week-1 projections TeamProjections_History.csv; final order 2019
2020,519398167841558528,NCAA USA,6,,,131.64,,,0.1453,,,0.1453,wk1_proj,week-1 projections TeamProjections_History.csv; final order 2019
2020,519398167841558528,NCAA USA,7,,,132.3,,,0.1676,,,0.1676,wk1_proj,week-1 projections TeamProjections_History.csv; final order 2019
2020,519398167841558528,NCAA USA,8,,,155.58,,,0.6983,,,0.6983,wk1_proj,week-1 projections TeamProjections_History.csv; final order 2019
2020,519398167841558528,NCAA USA,9,,,147.36,,,0.5307,,,0.5307,wk1_proj,week-1 projections TeamProjections_History.csv; final order 2019
2020,519412020617998336,NCAA HISTORICALLY BLACK,1,,,148.57,,,0.5475,,,0.5475,wk1_proj,week-1 projections TeamProjections_History.csv; final order 2019
2020,519412020617998336,NCAA HISTORICALLY BLACK,10,,,153.24,,,0.6313,,,0.6313,wk1_proj,week-1 projections TeamProjections_History.csv; final order 2019
2020,519412020617998336,NCAA HISTORICALLY BLACK,11,,,146.33,,,0.486,,,0.486,wk1_proj,week-1 projections TeamProjections_History.csv; final order 2019
2020,519412020617998336,NCAA HISTORICALLY BLACK,12,,,119.67,,,0.067,,,0.067,wk1_proj,week-1 projections TeamProjections_History.csv; final order 2019
2020,519412020617998336,NCAA HISTORICALLY BLACK,2,,,150.13,,,0.581,,,0.581,wk1_proj,week-1 projections TeamProjections_History.csv; final order 2019
2020,519412020617998336,NCAA HISTORICALLY BLACK,3,,,141.07,,,0.3464,,,0.3464,wk1_proj,week-1 projections TeamProjections_History.csv; final order 2019
2020,519412020617998336,NCAA HISTORICALLY BLACK,4,,,153.54,,,0.6425,,,0.6425,wk1_proj,week-1 projections TeamProjections_History.csv; final order 2019
2020,519412020617998336,NCAA HISTORICALLY BLACK,5,,,155.25,,,0.6927,,,0.6927,wk1_proj,week-1 projections TeamProjections_History.csv; final order 2019
2020,519412020617998336,NCAA HISTORICALLY BLACK,6,,,150.88,,,0.6034,,,0.6034,wk1_proj,week-1 projections TeamProjections_History.csv; final order 2019
2020,519412020617998336,NCAA HISTORICALLY BLACK,7,,,156.17,,,0.7207,,,0.7207,wk1_proj,week-1 projections TeamProjections_History.csv; final order 2019
2020,519412020617998336,NCAA HISTORICALLY BLACK,8,,,142.19,,,0.3855,,,0.3855,wk1_proj,week-1 projections TeamProjections_History.csv; final order 2019
2020,519412020617998336,NCAA HISTORICALLY BLACK,9,,,139.48,,,0.3128,,,0.3128,wk1_proj,week-1 projections TeamProjections_History.csv; final order 2019
2020,519431936523956224,NCAA BIG SKY,1,,,176.61,,,0.9944,,,0.9944,wk1_proj,week-1 projections TeamProjections_History.csv; final order 2019
2020,519431936523956224,NCAA BIG SKY,10,,,144.92,,,0.4581,,,0.4581,wk1_proj,week-1 projections TeamProjections_History.csv; final order 2019
2020,519431936523956224,NCAA BIG SKY,11,,,163.53,,,0.8994,,,0.8994,wk1_proj,week-1 projections TeamProjections_History.csv; final order 2019
2020,519431936523956224,NCAA BIG SKY,12,,,135.07,,,0.2179,,,0.2179,wk1_proj,week-1 projections TeamProjections_History.csv; final order 2019
2020,519431936523956224,NCAA BIG SKY,2,,,163.38,,,0.8939,,,0.8939,wk1_proj,week-1 projections TeamProjections_History.csv; final order 2019
2020,519431936523956224,NCAA BIG SKY,3,,,147.35,,,0.5223,,,0.5223,wk1_proj,week-1 projections TeamProjections_History.csv; final order 2019
2020,519431936523956224,NCAA BIG SKY,4,,,123.81,,,0.1006,,,0.1006,wk1_proj,week-1 projections TeamProjections_History.csv; final order 2019
2020,519431936523956224,NCAA BIG SKY,5,,,159.36,,,0.8101,,,0.8101,wk1_proj,week-1 projections TeamProjections_History.csv; final order 2019
2020,519431936523956224,NCAA BIG SKY,6,,,153.55,,,0.648,,,0.648,wk1_proj,week-1 projections TeamProjections_History.csv; final order 2019
2020,519431936523956224,NCAA BIG SKY,7,,,149.24,,,0.5642,,,0.5642,wk1_proj,week-1 projections TeamProjections_History.csv; final order 2019
2020,519431936523956224,NCAA BIG SKY,8,,,134.88,,,0.2011,,,0.2011,wk1_proj,week-1 projections TeamProjections_History.csv; final order 2019
2020,519431936523956224,NCAA BIG SKY,9,,,141.99,,,0.3799,,,0.3799,wk1_proj,week-1 projections TeamProjections_History.csv; final order 2019
2020,519446956439826432,NCAA PIONEER,1,,,138.66,,,0.2849,,,0.2849,wk1_proj,week-1 projections TeamProjections_History.csv; final order 2019
2020,519446956439826432,NCAA PIONEER,10,,,148.2,,,0.5419,,,0.5419,wk1_proj,week-1 projections TeamProjections_History.csv; final order 2019
2020,519446956439826432,NCAA PIONEER,11,,,158.65,,,0.7989,,,0.7989,wk1_proj,week-1 projections TeamProjections_History.csv; final order 2019
2020,519446956439826432,NCAA PIONEER,12,,,156.99,,,0.7486,,,0.7486,wk1_proj,week-1 projections TeamProjections_History.csv; final order 2019
2020,519446956439826432,NCAA PIONEER,2,,,141.76,,,0.3743,,,0.3743,wk1_proj,week-1 projections TeamProjections_History.csv; final order 2019
2020,519446956439826432,NCAA PIONEER,3,,,150.64,,,0.5978,,,0.5978,wk1_proj,week-1 projections TeamProjections_History.csv; final order 2019
2020,519446956439826432,NCAA PIONEER,4,,,128.5,,,0.1341,,,0.1341,wk1_proj,week-1 projections TeamProjections_History.csv; final order 2019
2020,519446956439826432,NCAA PIONEER,5,,,119.77,,,0.0726,,,0.0726,wk1_proj,week-1 projections TeamProjections_History.csv; final order 2019
2020,519446956439826432,NCAA PIONEER,6,,,146.38,,,0.4916,,,0.4916,wk1_proj,week-1 projections TeamProjections_History.csv; final order 2019
2020,519446956439826432,NCAA PIONEER,7,,,137.79,,,0.2682,,,0.2682,wk1_proj,week-1 projections TeamProjections_History.csv; final order 2019
2020,519446956439826432,NCAA PIONEER,8,,,147.35,,,0.5223,,,0.5223,wk1_proj,week-1 projections TeamProjections_History.csv; final order 2019
2020,519446956439826432,NCAA PIONEER,9,,,142.27,,,0.3911,,,0.3911,wk1_proj,week-1 projections TeamProjections_History.csv; final order 2019
2020,520081942477230080,NCAA SEC,1,,,153.27,112.0,,0.6369,,0.1597,0.5573,wk1_proj+last_final,week-1 projections TeamProjections_History.csv; final order 2019
2020,520081942477230080,NCAA SEC,10,,,168.01,5.0,,0.9413,,0.9664,0.9455,wk1_proj+last_final,week-1 projections TeamProjections_History.csv; final order 2019
2020,520081942477230080,NCAA SEC,11,,,145.06,39.0,,0.4637,,0.6891,0.5013,wk1_proj+last_final,week-1 projections TeamProjections_History.csv; final order 2019
2020,520081942477230080,NCAA SEC,12,,,124.06,96.0,,0.1061,,0.2689,0.1333,wk1_proj+last_final,week-1 projections TeamProjections_History.csv; final order 2019
2020,520081942477230080,NCAA SEC,2,,,136.63,51.0,,0.2402,,0.605,0.301,wk1_proj+last_final,week-1 projections TeamProjections_History.csv; final order 2019
2020,520081942477230080,NCAA SEC,3,,,139.45,63.0,,0.3073,,0.5126,0.3415,wk1_proj+last_final,week-1 projections TeamProjections_History.csv; final order 2019
2020,520081942477230080,NCAA SEC,4,,,164.97,29.0,,0.9134,,0.7647,0.8886,wk1_proj+last_final,week-1 projections TeamProjections_History.csv; final order 2019
2020,520081942477230080,NCAA SEC,5,,,168.52,13.0,,0.9497,,0.8992,0.9413,wk1_proj+last_final,week-1 projections TeamProjections_History.csv; final order 2019
2020,520081942477230080,NCAA SEC,6,,,133.67,102.0,,0.1844,,0.2353,0.1928,wk1_proj+last_final,week-1 projections TeamProjections_History.csv; final order 2019
2020,520081942477230080,NCAA SEC,7,,,103.24,90.0,,0.0168,,0.3193,0.0672,wk1_proj+last_final,week-1 projections TeamProjections_History.csv; final order 2019
2020,520081942477230080,NCAA SEC,8,,,116.32,124.0,,0.0559,,0.0672,0.0578,wk1_proj+last_final,week-1 projections TeamProjections_History.csv; final order 2019
2020,520081942477230080,NCAA SEC,9,,,160.87,73.0,,0.8436,,0.4454,0.7772,wk1_proj+last_final,week-1 projections TeamProjections_History.csv; final order 2019
2020,520082008453632000,NCAA ACC,1,,,139.49,84.0,,0.3184,,0.3613,0.3256,wk1_proj+last_final,week-1 projections TeamProjections_History.csv; final order 2019
2020,520082008453632000,NCAA ACC,10,,,142.68,76.0,,0.3966,,0.4202,0.4006,wk1_proj+last_final,week-1 projections TeamProjections_History.csv; final order 2019
2020,520082008453632000,NCAA ACC,11,,,162.79,114.0,,0.8827,,0.1429,0.7594,wk1_proj+last_final,week-1 projections TeamProjections_History.csv; final order 2019
2020,520082008453632000,NCAA ACC,12,,,157.54,27.0,,0.7542,,0.7815,0.7587,wk1_proj+last_final,week-1 projections TeamProjections_History.csv; final order 2019
2020,520082008453632000,NCAA ACC,2,,,155.94,52.0,,0.7095,,0.5966,0.6907,wk1_proj+last_final,week-1 projections TeamProjections_History.csv; final order 2019
2020,520082008453632000,NCAA ACC,3,,,154.24,6.0,,0.6648,,0.958,0.7137,wk1_proj+last_final,week-1 projections TeamProjections_History.csv; final order 2019
2020,520082008453632000,NCAA ACC,4,,,162.91,4.0,,0.8883,,0.9748,0.9027,wk1_proj+last_final,week-1 projections TeamProjections_History.csv; final order 2019
2020,520082008453632000,NCAA ACC,5,,,135.62,117.0,,0.2235,,0.1176,0.2058,wk1_proj+last_final,week-1 projections TeamProjections_History.csv; final order 2019
2020,520082008453632000,NCAA ACC,6,,,137.41,92.0,,0.2626,,0.3025,0.2692,wk1_proj+last_final,week-1 projections TeamProjections_History.csv; final order 2019
2020,520082008453632000,NCAA ACC,7,,,135.04,50.0,,0.2123,,0.6134,0.2791,wk1_proj+last_final,week-1 projections TeamProjections_History.csv; final order 2019
2020,520082008453632000,NCAA ACC,8,,,143.44,104.0,,0.4078,,0.2269,0.3777,wk1_proj+last_final,week-1 projections TeamProjections_History.csv; final order 2019
2020,520082008453632000,NCAA ACC,9,,,136.64,17.0,,0.2458,,0.8655,0.3491,wk1_proj+last_final,week-1 projections TeamProjections_History.csv; final order 2019
2020,520086664899657728,NCAA BIG 12,1,,,161.41,11.0,,0.8547,,0.916,0.865,wk1_proj+last_final,week-1 projections TeamProjections_History.csv; final order 2019
2020,520086664899657728,NCAA BIG 12,10,,,152.96,48.0,,0.6201,,0.6303,0.6218,wk1_proj+last_final,week-1 projections TeamProjections_History.csv; final order 2019
2020,520086664899657728,NCAA BIG 12,11,,,133.18,105.0,,0.1732,,0.2185,0.1807,wk1_proj+last_final,week-1 projections TeamProjections_History.csv; final order 2019
2020,520086664899657728,NCAA BIG 12,12,,,144.24,132.0,,0.4413,,0.0,0.3678,wk1_proj+last_final,week-1 projections TeamProjections_History.csv; final order 2019
2020,520086664899657728,NCAA BIG 12,2,,,150.48,85.0,,0.5922,,0.3529,0.5523,wk1_proj+last_final,week-1 projections TeamProjections_History.csv; final order 2019
2020,520086664899657728,NCAA BIG 12,3,,,143.74,98.0,,0.419,,0.2605,0.3926,wk1_proj+last_final,week-1 projections TeamProjections_History.csv; final order 2019
2020,520086664899657728,NCAA BIG 12,4,,,154.37,36.0,,0.676,,0.7143,0.6824,wk1_proj+last_final,week-1 projections TeamProjections_History.csv; final order 2019
2020,520086664899657728,NCAA BIG 12,5,,,138.08,16.0,,0.2737,,0.8739,0.3738,wk1_proj+last_final,week-1 projections TeamProjections_History.csv; final order 2019
2020,520086664899657728,NCAA BIG 12,6,,,149.19,122.0,,0.5587,,0.084,0.4796,wk1_proj+last_final,week-1 projections TeamProjections_History.csv; final order 2019
2020,520086664899657728,NCAA BIG 12,7,,,139.44,15.0,,0.3017,,0.8824,0.3985,wk1_proj+last_final,week-1 projections TeamProjections_History.csv; final order 2019
2020,520086664899657728,NCAA BIG 12,8,,,132.2,64.0,,0.162,,0.5042,0.219,wk1_proj+last_final,week-1 projections TeamProjections_History.csv; final order 2019
2020,520086664899657728,NCAA BIG 12,9,,,157.79,54.0,,0.7598,,0.5798,0.7298,wk1_proj+last_final,week-1 projections TeamProjections_History.csv; final order 2019
2020,552229388243996672,NCAA SOUTHLAND,1,,,138.91,,,0.2905,,,0.2905,wk1_proj,week-1 projections TeamProjections_History.csv; final order 2019
2020,552229388243996672,NCAA SOUTHLAND,10,,,115.67,,,0.0447,,,0.0447,wk1_proj,week-1 projections TeamProjections_History.csv; final order 2019
2020,552229388243996672,NCAA SOUTHLAND,11,,,157.92,,,0.7709,,,0.7709,wk1_proj,week-1 projections TeamProjections_History.csv; final order 2019
2020,552229388243996672,NCAA SOUTHLAND,12,,,138.44,,,0.2793,,,0.2793,wk1_proj,week-1 projections TeamProjections_History.csv; final order 2019
2020,552229388243996672,NCAA SOUTHLAND,2,,,151.89,,,0.6145,,,0.6145,wk1_proj,week-1 projections TeamProjections_History.csv; final order 2019
2020,552229388243996672,NCAA SOUTHLAND,3,,,143.79,,,0.4246,,,0.4246,wk1_proj,week-1 projections TeamProjections_History.csv; final order 2019
2020,552229388243996672,NCAA SOUTHLAND,4,,,161.62,,,0.8659,,,0.8659,wk1_proj,week-1 projections TeamProjections_History.csv; final order 2019
2020,552229388243996672,NCAA SOUTHLAND,5,,,119.01,,,0.0615,,,0.0615,wk1_proj,week-1 projections TeamProjections_History.csv; final order 2019
2020,552229388243996672,NCAA SOUTHLAND,6,,,139.64,,,0.3296,,,0.3296,wk1_proj,week-1 projections TeamProjections_History.csv; final order 2019
2020,552229388243996672,NCAA SOUTHLAND,7,,,156.94,,,0.743,,,0.743,wk1_proj,week-1 projections TeamProjections_History.csv; final order 2019
2020,552229388243996672,NCAA SOUTHLAND,8,,,156.19,,,0.7263,,,0.7263,wk1_proj,week-1 projections TeamProjections_History.csv; final order 2019
2020,552229388243996672,NCAA SOUTHLAND,9,,,172.03,,,0.9721,,,0.9721,wk1_proj,week-1 projections TeamProjections_History.csv; final order 2019
2021,644097339790827520,NCAA OHIO VALLEY,1,,,161.66,,,0.7318,,,0.7318,wk1_proj,week-1 projections TeamProjections_History.csv; final order 2020
2021,644097339790827520,NCAA OHIO VALLEY,10,,,132.43,,,0.162,,,0.162,wk1_proj,week-1 projections TeamProjections_History.csv; final order 2020
2021,644097339790827520,NCAA OHIO VALLEY,11,,,139.95,,,0.2514,,,0.2514,wk1_proj,week-1 projections TeamProjections_History.csv; final order 2020
2021,644097339790827520,NCAA OHIO VALLEY,12,,,173.39,,,0.9385,,,0.9385,wk1_proj,week-1 projections TeamProjections_History.csv; final order 2020
2021,644097339790827520,NCAA OHIO VALLEY,2,,,140.92,,,0.2682,,,0.2682,wk1_proj,week-1 projections TeamProjections_History.csv; final order 2020
2021,644097339790827520,NCAA OHIO VALLEY,3,,,168.98,,,0.8771,,,0.8771,wk1_proj,week-1 projections TeamProjections_History.csv; final order 2020
2021,644097339790827520,NCAA OHIO VALLEY,4,,,160.11,,,0.6536,,,0.6536,wk1_proj,week-1 projections TeamProjections_History.csv; final order 2020
2021,644097339790827520,NCAA OHIO VALLEY,5,,,154.71,,,0.5084,,,0.5084,wk1_proj,week-1 projections TeamProjections_History.csv; final order 2020
2021,644097339790827520,NCAA OHIO VALLEY,6,,,157.21,,,0.5587,,,0.5587,wk1_proj,week-1 projections TeamProjections_History.csv; final order 2020
2021,644097339790827520,NCAA OHIO VALLEY,7,,,161.53,,,0.7151,,,0.7151,wk1_proj,week-1 projections TeamProjections_History.csv; final order 2020
2021,644097339790827520,NCAA OHIO VALLEY,8,,,153.01,,,0.4749,,,0.4749,wk1_proj,week-1 projections TeamProjections_History.csv; final order 2020
2021,644097339790827520,NCAA OHIO VALLEY,9,,,149.32,,,0.4078,,,0.4078,wk1_proj,week-1 projections TeamProjections_History.csv; final order 2020
2021,652821876346810368,NCAA BIG 10,1,,,167.91,75.0,,0.8715,,0.5749,0.8221,wk1_proj+last_final,week-1 projections TeamProjections_History.csv; final order 2020
2021,652821876346810368,NCAA BIG 10,10,,,123.08,178.0,,0.0838,,0.012,0.0718,wk1_proj+last_final,week-1 projections TeamProjections_History.csv; final order 2020
2021,652821876346810368,NCAA BIG 10,11,,,194.57,12.0,,1.0,,0.9341,0.989,wk1_proj+last_final,week-1 projections TeamProjections_History.csv; final order 2020
2021,652821876346810368,NCAA BIG 10,12,,,100.83,31.0,,0.0112,,0.8263,0.147,wk1_proj+last_final,week-1 projections TeamProjections_History.csv; final order 2020
2021,652821876346810368,NCAA BIG 10,2,,,170.12,28.0,,0.8939,,0.8443,0.8856,wk1_proj+last_final,week-1 projections TeamProjections_History.csv; final order 2020
2021,652821876346810368,NCAA BIG 10,3,,,159.47,37.0,,0.6369,,0.7904,0.6625,wk1_proj+last_final,week-1 projections TeamProjections_History.csv; final order 2020
2021,652821876346810368,NCAA BIG 10,4,,,130.14,100.0,,0.1341,,0.4551,0.1876,wk1_proj+last_final,week-1 projections TeamProjections_History.csv; final order 2020
2021,652821876346810368,NCAA BIG 10,5,,,158.93,166.0,,0.6257,,0.0778,0.5344,wk1_proj+last_final,week-1 projections TeamProjections_History.csv; final order 2020
2021,652821876346810368,NCAA BIG 10,6,,,180.87,4.0,,0.9832,,0.982,0.983,wk1_proj+last_final,week-1 projections TeamProjections_History.csv; final order 2020
2021,652821876346810368,NCAA BIG 10,7,,,132.21,172.0,,0.1453,,0.0479,0.129,wk1_proj+last_final,week-1 projections TeamProjections_History.csv; final order 2020
2021,652821876346810368,NCAA BIG 10,8,,,159.19,58.0,,0.6313,,0.6707,0.6378,wk1_proj+last_final,week-1 projections TeamProjections_History.csv; final order 2020
2021,652821876346810368,NCAA BIG 10,9,,,132.34,135.0,,0.1564,,0.2635,0.1743,wk1_proj+last_final,week-1 projections TeamProjections_History.csv; final order 2020
2021,652822152327815168,NCAA HISTORICALLY BLACK,1,,,126.41,32.0,,0.1006,,0.8204,0.2205,wk1_proj+last_final,week-1 projections TeamProjections_History.csv; final order 2020
2021,652822152327815168,NCAA HISTORICALLY BLACK,10,,,162.01,11.0,,0.757,,0.9401,0.7875,wk1_proj+last_final,week-1 projections TeamProjections_History.csv; final order 2020
2021,652822152327815168,NCAA HISTORICALLY BLACK,11,,,156.2,117.0,,0.5363,,0.3593,0.5068,wk1_proj+last_final,week-1 projections TeamProjections_History.csv; final order 2020
2021,652822152327815168,NCAA HISTORICALLY BLACK,12,,,162.01,88.0,,0.757,,0.515,0.7166,wk1_proj+last_final,week-1 projections TeamProjections_History.csv; final order 2020
2021,652822152327815168,NCAA HISTORICALLY BLACK,2,,,161.29,109.0,,0.7039,,0.4012,0.6535,wk1_proj+last_final,week-1 projections TeamProjections_History.csv; final order 2020
2021,652822152327815168,NCAA HISTORICALLY BLACK,3,,,157.16,103.0,,0.5531,,0.4371,0.5337,wk1_proj+last_final,week-1 projections TeamProjections_History.csv; final order 2020
2021,652822152327815168,NCAA HISTORICALLY BLACK,4,,,175.85,177.0,,0.9553,,0.018,0.7991,wk1_proj+last_final,week-1 projections TeamProjections_History.csv; final order 2020
2021,652822152327815168,NCAA HISTORICALLY BLACK,5,,,127.04,174.0,,0.1061,,0.0359,0.0944,wk1_proj+last_final,week-1 projections TeamProjections_History.csv; final order 2020
2021,652822152327815168,NCAA HISTORICALLY BLACK,6,,,134.14,73.0,,0.1844,,0.5868,0.2514,wk1_proj+last_final,week-1 projections TeamProjections_History.csv; final order 2020
2021,652822152327815168,NCAA HISTORICALLY BLACK,7,,,159.63,62.0,,0.6425,,0.6527,0.6442,wk1_proj+last_final,week-1 projections TeamProjections_History.csv; final order 2020
2021,652822152327815168,NCAA HISTORICALLY BLACK,8,,,148.38,169.0,,0.3855,,0.0599,0.3312,wk1_proj+last_final,week-1 projections TeamProjections_History.csv; final order 2020
2021,652822152327815168,NCAA HISTORICALLY BLACK,9,,,156.67,122.0,,0.5475,,0.3293,0.5111,wk1_proj+last_final,week-1 projections TeamProjections_History.csv; final order 2020
2021,652822293206081536,NCAA MOUNTAIN WEST,1,,,146.77,168.0,,0.3687,,0.0659,0.3182,wk1_proj+last_final,week-1 projections TeamProjections_History.csv; final order 2020
2021,652822293206081536,NCAA MOUNTAIN WEST,10,,,156.43,29.0,,0.5419,,0.8383,0.5913,wk1_proj+last_final,week-1 projections TeamProjections_History.csv; final order 2020
2021,652822293206081536,NCAA MOUNTAIN WEST,11,,,161.8,116.0,,0.7374,,0.3653,0.6754,wk1_proj+last_final,week-1 projections TeamProjections_History.csv; final order 2020
2021,652822293206081536,NCAA MOUNTAIN WEST,12,,,145.79,57.0,,0.352,,0.6766,0.4061,wk1_proj+last_final,week-1 projections TeamProjections_History.csv; final order 2020
2021,652822293206081536,NCAA MOUNTAIN WEST,2,,,114.1,123.0,,0.0391,,0.3234,0.0865,wk1_proj+last_final,week-1 projections TeamProjections_History.csv; final order 2020
2021,652822293206081536,NCAA MOUNTAIN WEST,3,,,135.47,65.0,,0.2067,,0.6347,0.278,wk1_proj+last_final,week-1 projections TeamProjections_History.csv; final order 2020
2021,652822293206081536,NCAA MOUNTAIN WEST,4,,,161.64,59.0,,0.7235,,0.6647,0.7137,wk1_proj+last_final,week-1 projections TeamProjections_History.csv; final order 2020
2021,652822293206081536,NCAA MOUNTAIN WEST,5,,,170.32,6.0,,0.8994,,0.9701,0.9112,wk1_proj+last_final,week-1 projections TeamProjections_History.csv; final order 2020
2021,652822293206081536,NCAA MOUNTAIN WEST,6,,,158.43,94.0,,0.6034,,0.491,0.5846,wk1_proj+last_final,week-1 projections TeamProjections_History.csv; final order 2020
2021,652822293206081536,NCAA MOUNTAIN WEST,7,,,137.82,97.0,,0.2235,,0.4731,0.2651,wk1_proj+last_final,week-1 projections TeamProjections_History.csv; final order 2020
2021,652822293206081536,NCAA MOUNTAIN WEST,8,,,151.45,52.0,,0.4413,,0.7006,0.4846,wk1_proj+last_final,week-1 projections TeamProjections_History.csv; final order 2020
2021,652822293206081536,NCAA MOUNTAIN WEST,9,,,144.23,146.0,,0.2905,,0.1976,0.275,wk1_proj+last_final,week-1 projections TeamProjections_History.csv; final order 2020
2021,652822356867264512,NCAA SEC,1,,,154.06,143.0,,0.4972,,0.2156,0.4503,wk1_proj+last_final,week-1 projections TeamProjections_History.csv; final order 2020
2021,652822356867264512,NCAA SEC,10,,,147.48,106.0,,0.3743,,0.4192,0.3818,wk1_proj+last_final,week-1 projections TeamProjections_History.csv; final order 2020
2021,652822356867264512,NCAA SEC,11,,,126.11,141.0,,0.095,,0.2275,0.1171,wk1_proj+last_final,week-1 projections TeamProjections_History.csv; final order 2020
2021,652822356867264512,NCAA SEC,12,,,130.03,159.0,,0.1285,,0.1198,0.127,wk1_proj+last_final,week-1 projections TeamProjections_History.csv; final order 2020
2021,652822356867264512,NCAA SEC,2,,,134.64,119.0,,0.2011,,0.3473,0.2255,wk1_proj+last_final,week-1 projections TeamProjections_History.csv; final order 2020
2021,652822356867264512,NCAA SEC,3,,,160.44,49.0,,0.6648,,0.7186,0.6738,wk1_proj+last_final,week-1 projections TeamProjections_History.csv; final order 2020
2021,652822356867264512,NCAA SEC,4,,,174.8,39.0,,0.9441,,0.7784,0.9165,wk1_proj+last_final,week-1 projections TeamProjections_History.csv; final order 2020
2021,652822356867264512,NCAA SEC,5,,,181.71,8.0,,0.9888,,0.9581,0.9837,wk1_proj+last_final,week-1 projections TeamProjections_History.csv; final order 2020
2021,652822356867264512,NCAA SEC,6,,,166.41,85.0,,0.8324,,0.521,0.7805,wk1_proj+last_final,week-1 projections TeamProjections_History.csv; final order 2020
2021,652822356867264512,NCAA SEC,7,,,122.6,180.0,,0.0726,,0.0,0.0605,wk1_proj+last_final,week-1 projections TeamProjections_History.csv; final order 2020
2021,652822356867264512,NCAA SEC,8,,,98.55,121.0,,0.0056,,0.3353,0.0605,wk1_proj+last_final,week-1 projections TeamProjections_History.csv; final order 2020
2021,652822356867264512,NCAA SEC,9,,,151.73,16.0,,0.4469,,0.9102,0.5241,wk1_proj+last_final,week-1 projections TeamProjections_History.csv; final order 2020
2021,652822437578215424,NCAA SUN BELT,1,,,128.41,99.0,,0.1229,,0.4611,0.1793,wk1_proj+last_final,week-1 projections TeamProjections_History.csv; final order 2020
2021,652822437578215424,NCAA SUN BELT,10,,,169.11,48.0,,0.8827,,0.7246,0.8563,wk1_proj+last_final,week-1 projections TeamProjections_History.csv; final order 2020
2021,652822437578215424,NCAA SUN BELT,11,,,167.51,45.0,,0.8492,,0.7425,0.8314,wk1_proj+last_final,week-1 projections TeamProjections_History.csv; final order 2020
2021,652822437578215424,NCAA SUN BELT,12,,,140.19,112.0,,0.257,,0.3832,0.278,wk1_proj+last_final,week-1 projections TeamProjections_History.csv; final order 2020
2021,652822437578215424,NCAA SUN BELT,2,,,156.06,40.0,,0.5307,,0.7725,0.571,wk1_proj+last_final,week-1 projections TeamProjections_History.csv; final order 2020
2021,652822437578215424,NCAA SUN BELT,3,,,164.81,19.0,,0.8101,,0.8922,0.8237,wk1_proj+last_final,week-1 projections TeamProjections_History.csv; final order 2020
2021,652822437578215424,NCAA SUN BELT,4,,,162.17,14.0,,0.7709,,0.9222,0.7962,wk1_proj+last_final,week-1 projections TeamProjections_History.csv; final order 2020
2021,652822437578215424,NCAA SUN BELT,5,,,102.45,175.0,,0.0168,,0.0299,0.019,wk1_proj+last_final,week-1 projections TeamProjections_History.csv; final order 2020
2021,652822437578215424,NCAA SUN BELT,6,,,145.15,142.0,,0.324,,0.2216,0.3069,wk1_proj+last_final,week-1 projections TeamProjections_History.csv; final order 2020
2021,652822437578215424,NCAA SUN BELT,7,,,136.03,156.0,,0.2123,,0.1377,0.1999,wk1_proj+last_final,week-1 projections TeamProjections_History.csv; final order 2020
2021,652822437578215424,NCAA SUN BELT,8,,,166.12,130.0,,0.8156,,0.2874,0.7276,wk1_proj+last_final,week-1 projections TeamProjections_History.csv; final order 2020
2021,652822437578215424,NCAA SUN BELT,9,,,161.32,25.0,,0.7095,,0.8623,0.735,wk1_proj+last_final,week-1 projections TeamProjections_History.csv; final order 2020
2021,652822508415823872,NCAA WILD,1,,,150.26,102.0,,0.419,,0.4431,0.423,wk1_proj+last_final,week-1 projections TeamProjections_History.csv; final order 2020
2021,652822508415823872,NCAA WILD,10,,,134.45,162.0,,0.1955,,0.1018,0.1799,wk1_proj+last_final,week-1 projections TeamProjections_History.csv; final order 2020
2021,652822508415823872,NCAA WILD,11,,,155.66,91.0,,0.5196,,0.503,0.5168,wk1_proj+last_final,week-1 projections TeamProjections_History.csv; final order 2020
2021,652822508415823872,NCAA WILD,12,,,161.17,24.0,,0.6983,,0.8683,0.7266,wk1_proj+last_final,week-1 projections TeamProjections_History.csv; final order 2020
2021,652822508415823872,NCAA WILD,2,,,160.3,105.0,,0.6592,,0.4251,0.6202,wk1_proj+last_final,week-1 projections TeamProjections_History.csv; final order 2020
2021,652822508415823872,NCAA WILD,3,,,172.95,38.0,,0.933,,0.7844,0.9082,wk1_proj+last_final,week-1 projections TeamProjections_History.csv; final order 2020
2021,652822508415823872,NCAA WILD,4,,,164.09,151.0,,0.7989,,0.1677,0.6937,wk1_proj+last_final,week-1 projections TeamProjections_History.csv; final order 2020
2021,652822508415823872,NCAA WILD,5,,,149.31,70.0,,0.4022,,0.6048,0.436,wk1_proj+last_final,week-1 projections TeamProjections_History.csv; final order 2020
2021,652822508415823872,NCAA WILD,6,,,119.05,179.0,,0.0615,,0.006,0.0522,wk1_proj+last_final,week-1 projections TeamProjections_History.csv; final order 2020
2021,652822508415823872,NCAA WILD,7,,,131.39,108.0,,0.1397,,0.4072,0.1843,wk1_proj+last_final,week-1 projections TeamProjections_History.csv; final order 2020
2021,652822508415823872,NCAA WILD,8,,,177.76,3.0,,0.9665,,0.988,0.9701,wk1_proj+last_final,week-1 projections TeamProjections_History.csv; final order 2020
2021,652822508415823872,NCAA WILD,9,,,162.25,30.0,,0.7765,,0.8323,0.7858,wk1_proj+last_final,week-1 projections TeamProjections_History.csv; final order 2020
2021,652822592985579520,NCAA PIONEER,1,,,158.8,47.0,,0.6201,,0.7305,0.6385,wk1_proj+last_final,week-1 projections TeamProjections_History.csv; final order 2020
2021,652822592985579520,NCAA PIONEER,10,,,146.05,50.0,,0.3575,,0.7126,0.4167,wk1_proj+last_final,week-1 projections TeamProjections_History.csv; final order 2020
2021,652822592985579520,NCAA PIONEER,11,,,158.55,126.0,,0.6089,,0.3114,0.5593,wk1_proj+last_final,week-1 projections TeamProjections_History.csv; final order 2020
2021,652822592985579520,NCAA PIONEER,12,,,171.2,76.0,,0.9218,,0.5689,0.863,wk1_proj+last_final,week-1 projections TeamProjections_History.csv; final order 2020
2021,652822592985579520,NCAA PIONEER,2,,,106.07,176.0,,0.0223,,0.024,0.0226,wk1_proj+last_final,week-1 projections TeamProjections_History.csv; final order 2020
2021,652822592985579520,NCAA PIONEER,3,,,155.52,101.0,,0.514,,0.4491,0.5032,wk1_proj+last_final,week-1 projections TeamProjections_History.csv; final order 2020
2021,652822592985579520,NCAA PIONEER,4,,,108.31,167.0,,0.0279,,0.0719,0.0353,wk1_proj+last_final,week-1 projections TeamProjections_History.csv; final order 2020
2021,652822592985579520,NCAA PIONEER,5,,,138.68,111.0,,0.2402,,0.3892,0.2651,wk1_proj+last_final,week-1 projections TeamProjections_History.csv; final order 2020
2021,652822592985579520,NCAA PIONEER,6,,,167.73,18.0,,0.8603,,0.8982,0.8666,wk1_proj+last_final,week-1 projections TeamProjections_History.csv; final order 2020
2021,652822592985579520,NCAA PIONEER,7,,,160.56,164.0,,0.6704,,0.0898,0.5736,wk1_proj+last_final,week-1 projections TeamProjections_History.csv; final order 2020
2021,652822592985579520,NCAA PIONEER,8,,,160.65,1.0,,0.676,,1.0,0.73,wk1_proj+last_final,week-1 projections TeamProjections_History.csv; final order 2020
2021,652822592985579520,NCAA PIONEER,9,,,146.58,138.0,,0.3631,,0.2455,0.3435,wk1_proj+last_final,week-1 projections TeamProjections_History.csv; final order 2020
2021,652822666251710464,NCAA IVY,1,,,170.74,140.0,,0.9106,,0.2335,0.7978,wk1_proj+last_final,week-1 projections TeamProjections_History.csv; final order 2020
2021,652822666251710464,NCAA IVY,10,,,113.01,127.0,,0.0335,,0.3054,0.0788,wk1_proj+last_final,week-1 projections TeamProjections_History.csv; final order 2020
2021,652822666251710464,NCAA IVY,11,,,148.47,148.0,,0.3911,,0.1856,0.3568,wk1_proj+last_final,week-1 projections TeamProjections_History.csv; final order 2020
2021,652822666251710464,NCAA IVY,12,,,132.23,134.0,,0.1508,,0.2695,0.1706,wk1_proj+last_final,week-1 projections TeamProjections_History.csv; final order 2020
2021,652822666251710464,NCAA IVY,2,,,179.87,10.0,,0.9777,,0.9461,0.9724,wk1_proj+last_final,week-1 projections TeamProjections_History.csv; final order 2020
2021,652822666251710464,NCAA IVY,3,,,160.92,44.0,,0.6899,,0.7485,0.6997,wk1_proj+last_final,week-1 projections TeamProjections_History.csv; final order 2020
2021,652822666251710464,NCAA IVY,4,,,114.12,80.0,,0.0447,,0.5449,0.1281,wk1_proj+last_final,week-1 projections TeamProjections_History.csv; final order 2020
2021,652822666251710464,NCAA IVY,5,,,142.79,128.0,,0.2793,,0.2994,0.2827,wk1_proj+last_final,week-1 projections TeamProjections_History.csv; final order 2020
2021,652822666251710464,NCAA IVY,6,,,179.13,7.0,,0.9721,,0.9641,0.9707,wk1_proj+last_final,week-1 projections TeamProjections_History.csv; final order 2020
2021,652822666251710464,NCAA IVY,7,,,177.3,21.0,,0.9609,,0.8802,0.9475,wk1_proj+last_final,week-1 projections TeamProjections_History.csv; final order 2020
2021,652822666251710464,NCAA IVY,8,,,138.25,152.0,,0.2346,,0.1617,0.2225,wk1_proj+last_final,week-1 projections TeamProjections_History.csv; final order 2020
2021,652822666251710464,NCAA IVY,9,,,157.27,51.0,,0.567,,0.7066,0.5903,wk1_proj+last_final,week-1 projections TeamProjections_History.csv; final order 2020
2021,652822724795764736,NCAA BIG EAST & CO.,1,,,159.72,43.0,,0.648,,0.7545,0.6658,wk1_proj+last_final,week-1 projections TeamProjections_History.csv; final order 2020
2021,652822724795764736,NCAA BIG EAST & CO.,10,,,151.81,120.0,,0.4581,,0.3413,0.4386,wk1_proj+last_final,week-1 projections TeamProjections_History.csv; final order 2020
2021,652822724795764736,NCAA BIG EAST & CO.,11,,,167.88,53.0,,0.8659,,0.6946,0.8374,wk1_proj+last_final,week-1 projections TeamProjections_History.csv; final order 2020
2021,652822724795764736,NCAA BIG EAST & CO.,12,,,145.25,82.0,,0.3352,,0.5389,0.3691,wk1_proj+last_final,week-1 projections TeamProjections_History.csv; final order 2020
2021,652822724795764736,NCAA BIG EAST & CO.,2,,,151.8,114.0,,0.4525,,0.3772,0.44,wk1_proj+last_final,week-1 projections TeamProjections_History.csv; final order 2020
2021,652822724795764736,NCAA BIG EAST & CO.,3,,,127.25,136.0,,0.1117,,0.2575,0.136,wk1_proj+last_final,week-1 projections TeamProjections_History.csv; final order 2020
2021,652822724795764736,NCAA BIG EAST & CO.,4,,,158.41,74.0,,0.5978,,0.5808,0.5949,wk1_proj+last_final,week-1 projections TeamProjections_History.csv; final order 2020
2021,652822724795764736,NCAA BIG EAST & CO.,5,,,158.63,165.0,,0.6145,,0.0838,0.5261,wk1_proj+last_final,week-1 projections TeamProjections_History.csv; final order 2020
2021,652822724795764736,NCAA BIG EAST & CO.,6,,,144.29,147.0,,0.2961,,0.1916,0.2787,wk1_proj+last_final,week-1 projections TeamProjections_History.csv; final order 2020
2021,652822724795764736,NCAA BIG EAST & CO.,7,,,166.78,17.0,,0.838,,0.9042,0.849,wk1_proj+last_final,week-1 projections TeamProjections_History.csv; final order 2020
2021,652822724795764736,NCAA BIG EAST & CO.,8,,,175.34,41.0,,0.9497,,0.7665,0.9192,wk1_proj+last_final,week-1 projections TeamProjections_History.csv; final order 2020
2021,652822724795764736,NCAA BIG EAST & CO.,9,,,114.74,42.0,,0.0503,,0.7605,0.1686,wk1_proj+last_final,week-1 projections TeamProjections_History.csv; final order 2020
2021,652822788075229184,NCAA USA,1,,,145.78,27.0,,0.3464,,0.8503,0.4304,wk1_proj+last_final,week-1 projections TeamProjections_History.csv; final order 2020
2021,652822788075229184,NCAA USA,10,,,145.54,163.0,,0.3408,,0.0958,0.3,wk1_proj+last_final,week-1 projections TeamProjections_History.csv; final order 2020
2021,652822788075229184,NCAA USA,11,,,96.0,26.0,,0.0,,0.8563,0.1427,wk1_proj+last_final,week-1 projections TeamProjections_History.csv; final order 2020
2021,652822788075229184,NCAA USA,12,,,160.92,158.0,,0.6899,,0.1257,0.5959,wk1_proj+last_final,week-1 projections TeamProjections_History.csv; final order 2020
2021,652822788075229184,NCAA USA,2,,,167.54,104.0,,0.8547,,0.4311,0.7841,wk1_proj+last_final,week-1 projections TeamProjections_History.csv; final order 2020
2021,652822788075229184,NCAA USA,3,,,183.01,69.0,,0.9944,,0.6108,0.9305,wk1_proj+last_final,week-1 projections TeamProjections_History.csv; final order 2020
2021,652822788075229184,NCAA USA,4,,,144.43,115.0,,0.3073,,0.3713,0.3179,wk1_proj+last_final,week-1 projections TeamProjections_History.csv; final order 2020
2021,652822788075229184,NCAA USA,5,,,127.47,92.0,,0.1173,,0.497,0.1806,wk1_proj+last_final,week-1 projections TeamProjections_History.csv; final order 2020
2021,652822788075229184,NCAA USA,6,,,138.24,153.0,,0.2291,,0.1557,0.2168,wk1_proj+last_final,week-1 projections TeamProjections_History.csv; final order 2020
2021,652822788075229184,NCAA USA,7,,,119.53,79.0,,0.067,,0.5509,0.1477,wk1_proj+last_final,week-1 projections TeamProjections_History.csv; final order 2020
2021,652822788075229184,NCAA USA,8,,,155.81,60.0,,0.5251,,0.6587,0.5474,wk1_proj+last_final,week-1 projections TeamProjections_History.csv; final order 2020
2021,652822788075229184,NCAA USA,9,,,162.6,66.0,,0.7877,,0.6287,0.7612,wk1_proj+last_final,week-1 projections TeamProjections_History.csv; final order 2020
2021,652822871495749632,NCAA BIG 12,1,,,144.35,107.0,,0.3017,,0.4132,0.3203,wk1_proj+last_final,week-1 projections TeamProjections_History.csv; final order 2020
2021,652822871495749632,NCAA BIG 12,10,,,118.19,137.0,,0.0559,,0.2515,0.0885,wk1_proj+last_final,week-1 projections TeamProjections_History.csv; final order 2020
2021,652822871495749632,NCAA BIG 12,11,,,145.24,150.0,,0.3296,,0.1737,0.3036,wk1_proj+last_final,week-1 projections TeamProjections_History.csv; final order 2020
2021,652822871495749632,NCAA BIG 12,12,,,154.6,83.0,,0.5028,,0.5329,0.5078,wk1_proj+last_final,week-1 projections TeamProjections_History.csv; final order 2020
2021,652822871495749632,NCAA BIG 12,2,,,164.64,110.0,,0.8045,,0.3952,0.7363,wk1_proj+last_final,week-1 projections TeamProjections_History.csv; final order 2020
2021,652822871495749632,NCAA BIG 12,3,,,133.57,139.0,,0.1732,,0.2395,0.1842,wk1_proj+last_final,week-1 projections TeamProjections_History.csv; final order 2020
2021,652822871495749632,NCAA BIG 12,4,,,162.02,98.0,,0.7654,,0.4671,0.7156,wk1_proj+last_final,week-1 projections TeamProjections_History.csv; final order 2020
2021,652822871495749632,NCAA BIG 12,5,,,166.39,90.0,,0.8268,,0.509,0.7738,wk1_proj+last_final,week-1 projections TeamProjections_History.csv; final order 2020
2021,652822871495749632,NCAA BIG 12,6,,,157.27,71.0,,0.567,,0.5988,0.5723,wk1_proj+last_final,week-1 projections TeamProjections_History.csv; final order 2020
2021,652822871495749632,NCAA BIG 12,7,,,125.35,20.0,,0.0894,,0.8862,0.2222,wk1_proj+last_final,week-1 projections TeamProjections_History.csv; final order 2020
2021,652822871495749632,NCAA BIG 12,8,,,158.03,54.0,,0.581,,0.6886,0.5989,wk1_proj+last_final,week-1 projections TeamProjections_History.csv; final order 2020
2021,652822871495749632,NCAA BIG 12,9,,,161.84,15.0,,0.7486,,0.9162,0.7765,wk1_proj+last_final,week-1 projections TeamProjections_History.csv; final order 2020
2021,652822938654937088,NCAA BIG SKY,1,,,167.45,46.0,,0.8436,,0.7365,0.8257,wk1_proj+last_final,week-1 projections TeamProjections_History.csv; final order 2020
2021,652822938654937088,NCAA BIG SKY,10,,,172.57,64.0,,0.9274,,0.6407,0.8796,wk1_proj+last_final,week-1 projections TeamProjections_History.csv; final order 2020
2021,652822938654937088,NCAA BIG SKY,11,,,144.45,78.0,,0.3128,,0.5569,0.3535,wk1_proj+last_final,week-1 projections TeamProjections_History.csv; final order 2020
2021,652822938654937088,NCAA BIG SKY,12,,,153.3,145.0,,0.4916,,0.2036,0.4436,wk1_proj+last_final,week-1 projections TeamProjections_History.csv; final order 2020
2021,652822938654937088,NCAA BIG SKY,2,,,148.02,22.0,,0.3799,,0.8743,0.4623,wk1_proj+last_final,week-1 projections TeamProjections_History.csv; final order 2020
2021,652822938654937088,NCAA BIG SKY,3,,,153.14,170.0,,0.486,,0.0539,0.414,wk1_proj+last_final,week-1 projections TeamProjections_History.csv; final order 2020
2021,652822938654937088,NCAA BIG SKY,4,,,151.33,67.0,,0.4358,,0.6228,0.4669,wk1_proj+last_final,week-1 projections TeamProjections_History.csv; final order 2020
2021,652822938654937088,NCAA BIG SKY,5,,,137.34,72.0,,0.2179,,0.5928,0.2804,wk1_proj+last_final,week-1 projections TeamProjections_History.csv; final order 2020
2021,652822938654937088,NCAA BIG SKY,6,,,157.79,118.0,,0.5754,,0.3533,0.5384,wk1_proj+last_final,week-1 projections TeamProjections_History.csv; final order 2020
2021,652822938654937088,NCAA BIG SKY,7,,,141.09,96.0,,0.2737,,0.479,0.308,wk1_proj+last_final,week-1 projections TeamProjections_History.csv; final order 2020
2021,652822938654937088,NCAA BIG SKY,8,,,150.98,95.0,,0.4302,,0.485,0.4393,wk1_proj+last_final,week-1 projections TeamProjections_History.csv; final order 2020
2021,652822938654937088,NCAA BIG SKY,9,,,134.35,84.0,,0.1899,,0.5269,0.2461,wk1_proj+last_final,week-1 projections TeamProjections_History.csv; final order 2020
2021,652823058658209792,NCAA ACC,1,,,161.81,63.0,,0.743,,0.6467,0.727,wk1_proj+last_final,week-1 projections TeamProjections_History.csv; final order 2020
2021,652823058658209792,NCAA ACC,10,,,160.78,13.0,,0.6816,,0.9281,0.7227,wk1_proj+last_final,week-1 projections TeamProjections_History.csv; final order 2020
2021,652823058658209792,NCAA ACC,11,,,143.88,155.0,,0.2849,,0.1437,0.2614,wk1_proj+last_final,week-1 projections TeamProjections_History.csv; final order 2020
2021,652823058658209792,NCAA ACC,12,,,170.08,9.0,,0.8883,,0.9521,0.8989,wk1_proj+last_final,week-1 projections TeamProjections_History.csv; final order 2020
2021,652823058658209792,NCAA ACC,2,,,152.12,36.0,,0.4637,,0.7964,0.5191,wk1_proj+last_final,week-1 projections TeamProjections_History.csv; final order 2020
2021,652823058658209792,NCAA ACC,3,,,161.64,34.0,,0.7235,,0.8084,0.7376,wk1_proj+last_final,week-1 projections TeamProjections_History.csv; final order 2020
2021,652823058658209792,NCAA ACC,4,,,166.37,2.0,,0.8212,,0.994,0.85,wk1_proj+last_final,week-1 projections TeamProjections_History.csv; final order 2020
2021,652823058658209792,NCAA ACC,5,,,122.74,129.0,,0.0782,,0.2934,0.1141,wk1_proj+last_final,week-1 projections TeamProjections_History.csv; final order 2020
2021,652823058658209792,NCAA ACC,6,,,150.36,144.0,,0.4246,,0.2096,0.3887,wk1_proj+last_final,week-1 projections TeamProjections_History.csv; final order 2020
2021,652823058658209792,NCAA ACC,7,,,158.25,125.0,,0.5922,,0.3174,0.5464,wk1_proj+last_final,week-1 projections TeamProjections_History.csv; final order 2020
2021,652823058658209792,NCAA ACC,8,,,149.89,131.0,,0.4134,,0.2814,0.3914,wk1_proj+last_final,week-1 projections TeamProjections_History.csv; final order 2020
2021,652823058658209792,NCAA ACC,9,,,133.74,160.0,,0.1788,,0.1138,0.1679,wk1_proj+last_final,week-1 projections TeamProjections_History.csv; final order 2020
2021,652823294856224768,NCAA PAC 12,1,,,145.06,33.0,,0.3184,,0.8144,0.4011,wk1_proj+last_final,week-1 projections TeamProjections_History.csv; final order 2020
2021,652823294856224768,NCAA PAC 12,10,,,152.8,35.0,,0.4693,,0.8024,0.5248,wk1_proj+last_final,week-1 projections TeamProjections_History.csv; final order 2020
2021,652823294856224768,NCAA PAC 12,11,,,170.58,5.0,,0.905,,0.976,0.9169,wk1_proj+last_final,week-1 projections TeamProjections_History.csv; final order 2020
2021,652823294856224768,NCAA PAC 12,12,,,148.84,157.0,,0.3966,,0.1317,0.3525,wk1_proj+last_final,week-1 projections TeamProjections_History.csv; final order 2020
2021,652823294856224768,NCAA PAC 12,2,,,162.78,77.0,,0.7933,,0.5629,0.7549,wk1_proj+last_final,week-1 projections TeamProjections_History.csv; final order 2020
2021,652823294856224768,NCAA PAC 12,3,,,140.24,132.0,,0.2626,,0.2754,0.2647,wk1_proj+last_final,week-1 projections TeamProjections_History.csv; final order 2020
2021,652823294856224768,NCAA PAC 12,4,,,153.07,56.0,,0.4804,,0.6826,0.5141,wk1_proj+last_final,week-1 projections TeamProjections_History.csv; final order 2020
2021,652823294856224768,NCAA PAC 12,5,,,158.15,161.0,,0.5866,,0.1078,0.5068,wk1_proj+last_final,week-1 projections TeamProjections_History.csv; final order 2020
2021,652823294856224768,NCAA PAC 12,6,,,171.02,68.0,,0.9162,,0.6168,0.8663,wk1_proj+last_final,week-1 projections TeamProjections_History.csv; final order 2020
2021,652823294856224768,NCAA PAC 12,7,,,162.57,154.0,,0.7821,,0.1497,0.6767,wk1_proj+last_final,week-1 projections TeamProjections_History.csv; final order 2020
2021,652823294856224768,NCAA PAC 12,8,,,139.47,173.0,,0.2458,,0.0419,0.2118,wk1_proj+last_final,week-1 projections TeamProjections_History.csv; final order 2020
2021,652823294856224768,NCAA PAC 12,9,,,132.91,149.0,,0.1676,,0.1796,0.1696,wk1_proj+last_final,week-1 projections TeamProjections_History.csv; final order 2020
2022,787122556279885824,NCAA BIG 10,1,54070.0,58479.0,156.2,48,0.8156,0.7877,0.7709,0.7374,0.7894,psv+wk1_proj+dynasty+last_final,"values TeamValuesPreseason_Historic.csv (PSV 180, dynasty 180); week-1 projections TeamProjections_History.csv; final order 2021"
2022,787122556279885824,NCAA BIG 10,10,33189.0,46999.0,129.1,147,0.3743,0.1788,0.5475,0.1844,0.2749,psv+wk1_proj+dynasty+last_final,"values TeamValuesPreseason_Historic.csv (PSV 180, dynasty 180); week-1 projections TeamProjections_History.csv; final order 2021"
2022,787122556279885824,NCAA BIG 10,11,66069.0,50722.0,179.7,22,0.9665,0.9888,0.6425,0.8827,0.9369,psv+wk1_proj+dynasty+last_final,"values TeamValuesPreseason_Historic.csv (PSV 180, dynasty 180); week-1 projections TeamProjections_History.csv; final order 2021"
2022,787122556279885824,NCAA BIG 10,12,12250.0,33899.0,108.18,180,0.0223,0.0503,0.1955,0.0,0.0514,psv+wk1_proj+dynasty+last_final,"values TeamValuesPreseason_Historic.csv (PSV 180, dynasty 180); week-1 projections TeamProjections_History.csv; final order 2021"
2022,787122556279885824,NCAA BIG 10,2,3616.0,30954.0,82.47,56,0.0,0.0,0.1061,0.6927,0.0799,psv+wk1_proj+dynasty+last_final,"values TeamValuesPreseason_Historic.csv (PSV 180, dynasty 180); week-1 projections TeamProjections_History.csv; final order 2021"
2022,787122556279885824,NCAA BIG 10,3,34876.0,45166.0,150.06,118,0.4413,0.6425,0.4916,0.3464,0.5374,psv+wk1_proj+dynasty+last_final,"values TeamValuesPreseason_Historic.csv (PSV 180, dynasty 180); week-1 projections TeamProjections_History.csv; final order 2021"
2022,787122556279885824,NCAA BIG 10,4,21004.0,24320.0,126.68,137,0.0782,0.1201,0.0223,0.2402,0.1098,psv+wk1_proj+dynasty+last_final,"values TeamValuesPreseason_Historic.csv (PSV 180, dynasty 180); week-1 projections TeamProjections_History.csv; final order 2021"
2022,787122556279885824,NCAA BIG 10,5,75171.0,80893.0,164.07,31,0.9888,0.9274,0.9721,0.8324,0.9408,psv+wk1_proj+dynasty+last_final,"values TeamValuesPreseason_Historic.csv (PSV 180, dynasty 180); week-1 projections TeamProjections_History.csv; final order 2021"
2022,787122556279885824,NCAA BIG 10,6,56047.0,57971.0,155.83,12,0.838,0.7765,0.7486,0.9385,0.8084,psv+wk1_proj+dynasty+last_final,"values TeamValuesPreseason_Historic.csv (PSV 180, dynasty 180); week-1 projections TeamProjections_History.csv; final order 2021"
2022,787122556279885824,NCAA BIG 10,7,48480.0,62429.0,154.35,50,0.7374,0.743,0.8547,0.7263,0.7508,psv+wk1_proj+dynasty+last_final,"values TeamValuesPreseason_Historic.csv (PSV 180, dynasty 180); week-1 projections TeamProjections_History.csv; final order 2021"
2022,787122556279885824,NCAA BIG 10,8,42023.0,42220.0,135.91,97,0.5754,0.3296,0.4134,0.4637,0.4251,psv+wk1_proj+dynasty+last_final,"values TeamValuesPreseason_Historic.csv (PSV 180, dynasty 180); week-1 projections TeamProjections_History.csv; final order 2021"
2022,787122556279885824,NCAA BIG 10,9,29535.0,34140.0,139.69,125,0.2402,0.4078,0.2011,0.3073,0.3268,psv+wk1_proj+dynasty+last_final,"values TeamValuesPreseason_Historic.csv (PSV 180, dynasty 180); week-1 projections TeamProjections_History.csv; final order 2021"
2022,787122632301649920,NCAA PAC 12,1,25424.0,23696.0,140.4,136,0.1508,0.419,0.0168,0.2458,0.281,psv+wk1_proj+dynasty+last_final,"values TeamValuesPreseason_Historic.csv (PSV 180, dynasty 180); week-1 projections TeamProjections_History.csv; final order 2021"
2022,787122632301649920,NCAA PAC 12,10,55343.0,46852.0,157.96,47,0.8212,0.838,0.5363,0.743,0.7933,psv+wk1_proj+dynasty+last_final,"values TeamValuesPreseason_Historic.csv (PSV 180, dynasty 180); week-1 projections TeamProjections_History.csv; final order 2021"
2022,787122632301649920,NCAA PAC 12,11,48321.0,52640.0,158.3,73,0.7318,0.8436,0.6872,0.5978,0.7698,psv+wk1_proj+dynasty+last_final,"values TeamValuesPreseason_Historic.csv (PSV 180, dynasty 180); week-1 projections TeamProjections_History.csv; final order 2021"
2022,787122632301649920,NCAA PAC 12,12,31316.0,48508.0,141.41,80,0.2905,0.4469,0.5698,0.5587,0.4235,psv+wk1_proj+dynasty+last_final,"values TeamValuesPreseason_Historic.csv (PSV 180, dynasty 180); week-1 projections TeamProjections_History.csv; final order 2021"
2022,787122632301649920,NCAA PAC 12,2,61463.0,63293.0,159.47,121,0.933,0.8659,0.8715,0.3296,0.833,psv+wk1_proj+dynasty+last_final,"values TeamValuesPreseason_Historic.csv (PSV 180, dynasty 180); week-1 projections TeamProjections_History.csv; final order 2021"
2022,787122632301649920,NCAA PAC 12,3,15251.0,32711.0,115.21,130,0.0391,0.067,0.1453,0.2793,0.0877,psv+wk1_proj+dynasty+last_final,"values TeamValuesPreseason_Historic.csv (PSV 180, dynasty 180); week-1 projections TeamProjections_History.csv; final order 2021"
2022,787122632301649920,NCAA PAC 12,4,51063.0,51851.0,149.53,79,0.7765,0.6313,0.676,0.5642,0.6726,psv+wk1_proj+dynasty+last_final,"values TeamValuesPreseason_Historic.csv (PSV 180, dynasty 180); week-1 projections TeamProjections_History.csv; final order 2021"
2022,787122632301649920,NCAA PAC 12,5,47081.0,61392.0,131.35,95,0.6872,0.2346,0.8156,0.4749,0.4525,psv+wk1_proj+dynasty+last_final,"values TeamValuesPreseason_Historic.csv (PSV 180, dynasty 180); week-1 projections TeamProjections_History.csv; final order 2021"
2022,787122632301649920,NCAA PAC 12,6,30015.0,30715.0,128.43,28,0.2626,0.1592,0.095,0.8492,0.2528,psv+wk1_proj+dynasty+last_final,"values TeamValuesPreseason_Historic.csv (PSV 180, dynasty 180); week-1 projections TeamProjections_History.csv; final order 2021"
2022,787122632301649920,NCAA PAC 12,7,72081.0,92466.0,183.01,29,0.9832,1.0,1.0,0.8436,0.9793,psv+wk1_proj+dynasty+last_final,"values TeamValuesPreseason_Historic.csv (PSV 180, dynasty 180); week-1 projections TeamProjections_History.csv; final order 2021"
2022,787122632301649920,NCAA PAC 12,8,19883.0,42430.0,127.24,169,0.0726,0.1341,0.419,0.0615,0.1369,psv+wk1_proj+dynasty+last_final,"values TeamValuesPreseason_Historic.csv (PSV 180, dynasty 180); week-1 projections TeamProjections_History.csv; final order 2021"
2022,787122632301649920,NCAA PAC 12,9,19091.0,21700.0,129.67,150,0.067,0.2011,0.0112,0.1676,0.1385,psv+wk1_proj+dynasty+last_final,"values TeamValuesPreseason_Historic.csv (PSV 180, dynasty 180); week-1 projections TeamProjections_History.csv; final order 2021"
2022,787122703772614656,NCAA ACC,1,23085.0,32611.0,117.38,159,0.1061,0.0782,0.1397,0.1173,0.0966,psv+wk1_proj+dynasty+last_final,"values TeamValuesPreseason_Historic.csv (PSV 180, dynasty 180); week-1 projections TeamProjections_History.csv; final order 2021"
2022,787122703772614656,NCAA ACC,10,21362.0,36371.0,126.68,77,0.0838,0.1201,0.257,0.5754,0.1684,psv+wk1_proj+dynasty+last_final,"values TeamValuesPreseason_Historic.csv (PSV 180, dynasty 180); week-1 projections TeamProjections_History.csv; final order 2021"
2022,787122703772614656,NCAA ACC,11,36049.0,37879.0,154.67,119,0.4637,0.7542,0.3017,0.3408,0.5804,psv+wk1_proj+dynasty+last_final,"values TeamValuesPreseason_Historic.csv (PSV 180, dynasty 180); week-1 projections TeamProjections_History.csv; final order 2021"
2022,787122703772614656,NCAA ACC,12,76752.0,80704.0,176.87,37,1.0,0.9777,0.9665,0.7989,0.9654,psv+wk1_proj+dynasty+last_final,"values TeamValuesPreseason_Historic.csv (PSV 180, dynasty 180); week-1 projections TeamProjections_History.csv; final order 2021"
2022,787122703772614656,NCAA ACC,2,44507.0,44214.0,147.61,40,0.6425,0.5922,0.4693,0.7821,0.614,psv+wk1_proj+dynasty+last_final,"values TeamValuesPreseason_Historic.csv (PSV 180, dynasty 180); week-1 projections TeamProjections_History.csv; final order 2021"
2022,787122703772614656,NCAA ACC,3,37095.0,41153.0,138.92,140,0.4749,0.3911,0.3966,0.2235,0.4,psv+wk1_proj+dynasty+last_final,"values TeamValuesPreseason_Historic.csv (PSV 180, dynasty 180); week-1 projections TeamProjections_History.csv; final order 2021"
2022,787122703772614656,NCAA ACC,4,61205.0,70119.0,160.92,6,0.9274,0.8883,0.9162,0.9721,0.9112,psv+wk1_proj+dynasty+last_final,"values TeamValuesPreseason_Historic.csv (PSV 180, dynasty 180); week-1 projections TeamProjections_History.csv; final order 2021"
2022,787122703772614656,NCAA ACC,5,31164.0,37488.0,144.08,132,0.2793,0.5251,0.2793,0.2682,0.4011,psv+wk1_proj+dynasty+last_final,"values TeamValuesPreseason_Historic.csv (PSV 180, dynasty 180); week-1 projections TeamProjections_History.csv; final order 2021"
2022,787122703772614656,NCAA ACC,6,32128.0,51408.0,134.68,122,0.3073,0.2905,0.6536,0.324,0.3352,psv+wk1_proj+dynasty+last_final,"values TeamValuesPreseason_Historic.csv (PSV 180, dynasty 180); week-1 projections TeamProjections_History.csv; final order 2021"
2022,787122703772614656,NCAA ACC,7,43804.0,48645.0,147.17,63,0.6257,0.581,0.581,0.6536,0.6017,psv+wk1_proj+dynasty+last_final,"values TeamValuesPreseason_Historic.csv (PSV 180, dynasty 180); week-1 projections TeamProjections_History.csv; final order 2021"
2022,787122703772614656,NCAA ACC,8,35933.0,51644.0,126.5,110,0.4581,0.1117,0.6648,0.3911,0.2989,psv+wk1_proj+dynasty+last_final,"values TeamValuesPreseason_Historic.csv (PSV 180, dynasty 180); week-1 projections TeamProjections_History.csv; final order 2021"
2022,787122703772614656,NCAA ACC,9,33248.0,35731.0,150.3,131,0.3799,0.6592,0.2235,0.2737,0.4933,psv+wk1_proj+dynasty+last_final,"values TeamValuesPreseason_Historic.csv (PSV 180, dynasty 180); week-1 projections TeamProjections_History.csv; final order 2021"
2022,787428826962571264,NCAA BIG 12,1,44764.0,53698.0,149.61,167,0.6648,0.6369,0.7095,0.0726,0.5961,psv+wk1_proj+dynasty+last_final,"values TeamValuesPreseason_Historic.csv (PSV 180, dynasty 180); week-1 projections TeamProjections_History.csv; final order 2021"
2022,787428826962571264,NCAA BIG 12,10,10989.0,13162.0,99.94,171,0.0112,0.0168,0.0,0.0503,0.0168,psv+wk1_proj+dynasty+last_final,"values TeamValuesPreseason_Historic.csv (PSV 180, dynasty 180); week-1 projections TeamProjections_History.csv; final order 2021"
2022,787428826962571264,NCAA BIG 12,11,32893.0,44009.0,142.38,115,0.3575,0.4637,0.4637,0.3631,0.4218,psv+wk1_proj+dynasty+last_final,"values TeamValuesPreseason_Historic.csv (PSV 180, dynasty 180); week-1 projections TeamProjections_History.csv; final order 2021"
2022,787428826962571264,NCAA BIG 12,12,25181.0,50651.0,122.02,36,0.1341,0.1006,0.6313,0.8045,0.2341,psv+wk1_proj+dynasty+last_final,"values TeamValuesPreseason_Historic.csv (PSV 180, dynasty 180); week-1 projections TeamProjections_History.csv; final order 2021"
2022,787428826962571264,NCAA BIG 12,2,43166.0,51623.0,139.11,74,0.6034,0.3966,0.6592,0.5922,0.5045,psv+wk1_proj+dynasty+last_final,"values TeamValuesPreseason_Historic.csv (PSV 180, dynasty 180); week-1 projections TeamProjections_History.csv; final order 2021"
2022,787428826962571264,NCAA BIG 12,3,23370.0,32023.0,129.78,76,0.1117,0.2067,0.1229,0.581,0.2073,psv+wk1_proj+dynasty+last_final,"values TeamValuesPreseason_Historic.csv (PSV 180, dynasty 180); week-1 projections TeamProjections_History.csv; final order 2021"
2022,787428826962571264,NCAA BIG 12,4,60837.0,55473.0,162.78,32,0.9218,0.9106,0.7263,0.8268,0.8872,psv+wk1_proj+dynasty+last_final,"values TeamValuesPreseason_Historic.csv (PSV 180, dynasty 180); week-1 projections TeamProjections_History.csv; final order 2021"
2022,787428826962571264,NCAA BIG 12,5,63251.0,86977.0,163.35,20,0.9609,0.9162,0.9944,0.8939,0.9352,psv+wk1_proj+dynasty+last_final,"values TeamValuesPreseason_Historic.csv (PSV 180, dynasty 180); week-1 projections TeamProjections_History.csv; final order 2021"
2022,787428826962571264,NCAA BIG 12,6,38926.0,40539.0,135.94,93,0.5196,0.3352,0.3855,0.486,0.4106,psv+wk1_proj+dynasty+last_final,"values TeamValuesPreseason_Historic.csv (PSV 180, dynasty 180); week-1 projections TeamProjections_History.csv; final order 2021"
2022,787428826962571264,NCAA BIG 12,7,26368.0,35650.0,108.68,179,0.1788,0.0559,0.2179,0.0056,0.1039,psv+wk1_proj+dynasty+last_final,"values TeamValuesPreseason_Historic.csv (PSV 180, dynasty 180); week-1 projections TeamProjections_History.csv; final order 2021"
2022,787428826962571264,NCAA BIG 12,8,56981.0,57532.0,166.34,41,0.8436,0.9385,0.743,0.7765,0.8743,psv+wk1_proj+dynasty+last_final,"values TeamValuesPreseason_Historic.csv (PSV 180, dynasty 180); week-1 projections TeamProjections_History.csv; final order 2021"
2022,787428826962571264,NCAA BIG 12,9,49605.0,46721.0,160.82,2,0.7542,0.8827,0.5307,0.9944,0.8201,psv+wk1_proj+dynasty+last_final,"values TeamValuesPreseason_Historic.csv (PSV 180, dynasty 180); week-1 projections TeamProjections_History.csv; final order 2021"
2022,787428859766263808,NCAA SEC,1,32452.0,49357.0,142.97,138,0.3296,0.4749,0.6089,0.2346,0.4207,psv+wk1_proj+dynasty+last_final,"values TeamValuesPreseason_Historic.csv (PSV 180, dynasty 180); week-1 projections TeamProjections_History.csv; final order 2021"
2022,787428859766263808,NCAA SEC,10,29907.0,38593.0,146.79,43,0.2514,0.5754,0.3184,0.7654,0.4715,psv+wk1_proj+dynasty+last_final,"values TeamValuesPreseason_Historic.csv (PSV 180, dynasty 180); week-1 projections TeamProjections_History.csv; final order 2021"
2022,787428859766263808,NCAA SEC,11,25347.0,37712.0,126.78,157,0.1453,0.1285,0.2905,0.1285,0.1497,psv+wk1_proj+dynasty+last_final,"values TeamValuesPreseason_Historic.csv (PSV 180, dynasty 180); week-1 projections TeamProjections_History.csv; final order 2021"
2022,787428859766263808,NCAA SEC,12,28491.0,39665.0,118.02,116,0.2235,0.0838,0.3575,0.3575,0.1804,psv+wk1_proj+dynasty+last_final,"values TeamValuesPreseason_Historic.csv (PSV 180, dynasty 180); week-1 projections TeamProjections_History.csv; final order 2021"
2022,787428859766263808,NCAA SEC,2,44521.0,50717.0,143.09,85,0.6536,0.4804,0.6369,0.5307,0.5531,psv+wk1_proj+dynasty+last_final,"values TeamValuesPreseason_Historic.csv (PSV 180, dynasty 180); week-1 projections TeamProjections_History.csv; final order 2021"
2022,787428859766263808,NCAA SEC,3,32661.0,45063.0,140.46,144,0.3352,0.4246,0.4804,0.2011,0.381,psv+wk1_proj+dynasty+last_final,"values TeamValuesPreseason_Historic.csv (PSV 180, dynasty 180); week-1 projections TeamProjections_History.csv; final order 2021"
2022,787428859766263808,NCAA SEC,4,48530.0,56218.0,157.65,66,0.7486,0.8268,0.7318,0.6369,0.7749,psv+wk1_proj+dynasty+last_final,"values TeamValuesPreseason_Historic.csv (PSV 180, dynasty 180); week-1 projections TeamProjections_History.csv; final order 2021"
2022,787428859766263808,NCAA SEC,5,62320.0,58338.0,143.45,65,0.9441,0.4972,0.7542,0.6425,0.6715,psv+wk1_proj+dynasty+last_final,"values TeamValuesPreseason_Historic.csv (PSV 180, dynasty 180); week-1 projections TeamProjections_History.csv; final order 2021"
2022,787428859766263808,NCAA SEC,6,62455.0,62313.0,167.06,69,0.9497,0.9609,0.838,0.6201,0.9112,psv+wk1_proj+dynasty+last_final,"values TeamValuesPreseason_Historic.csv (PSV 180, dynasty 180); week-1 projections TeamProjections_History.csv; final order 2021"
2022,787428859766263808,NCAA SEC,7,32891.0,46455.0,135.61,141,0.352,0.3101,0.514,0.2179,0.3338,psv+wk1_proj+dynasty+last_final,"values TeamValuesPreseason_Historic.csv (PSV 180, dynasty 180); week-1 projections TeamProjections_History.csv; final order 2021"
2022,787428859766263808,NCAA SEC,8,41733.0,49840.0,135.26,127,0.5642,0.2961,0.6201,0.2961,0.4089,psv+wk1_proj+dynasty+last_final,"values TeamValuesPreseason_Historic.csv (PSV 180, dynasty 180); week-1 projections TeamProjections_History.csv; final order 2021"
2022,787428859766263808,NCAA SEC,9,35022.0,33680.0,152.95,35,0.4469,0.7151,0.1899,0.8101,0.5916,psv+wk1_proj+dynasty+last_final,"values TeamValuesPreseason_Historic.csv (PSV 180, dynasty 180); week-1 projections TeamProjections_History.csv; final order 2021"
2022,787428905404465152,NCAA SUN BELT,1,25576.0,43212.0,132.93,84,0.1564,0.257,0.4358,0.5363,0.2726,psv+wk1_proj+dynasty+last_final,"values TeamValuesPreseason_Historic.csv (PSV 180, dynasty 180); week-1 projections TeamProjections_History.csv; final order 2021"
2022,787428905404465152,NCAA SUN BELT,10,44733.0,46506.0,153.31,25,0.6592,0.7207,0.5196,0.8659,0.6966,psv+wk1_proj+dynasty+last_final,"values TeamValuesPreseason_Historic.csv (PSV 180, dynasty 180); week-1 projections TeamProjections_History.csv; final order 2021"
2022,787428905404465152,NCAA SUN BELT,11,27096.0,39450.0,130.56,114,0.2011,0.2179,0.352,0.3687,0.2413,psv+wk1_proj+dynasty+last_final,"values TeamValuesPreseason_Historic.csv (PSV 180, dynasty 180); week-1 projections TeamProjections_History.csv; final order 2021"
2022,787428905404465152,NCAA SUN BELT,12,23935.0,32810.0,127.84,168,0.1229,0.1508,0.1564,0.067,0.1346,psv+wk1_proj+dynasty+last_final,"values TeamValuesPreseason_Historic.csv (PSV 180, dynasty 180); week-1 projections TeamProjections_History.csv; final order 2021"
2022,787428905404465152,NCAA SUN BELT,2,48510.0,59769.0,151.73,13,0.743,0.6927,0.7933,0.933,0.7419,psv+wk1_proj+dynasty+last_final,"values TeamValuesPreseason_Historic.csv (PSV 180, dynasty 180); week-1 projections TeamProjections_History.csv; final order 2021"
2022,787428905404465152,NCAA SUN BELT,3,70265.0,52706.0,178.81,24,0.9777,0.9832,0.6927,0.8715,0.9413,psv+wk1_proj+dynasty+last_final,"values TeamValuesPreseason_Historic.csv (PSV 180, dynasty 180); week-1 projections TeamProjections_History.csv; final order 2021"
2022,787428905404465152,NCAA SUN BELT,4,44845.0,38791.0,155.07,87,0.6704,0.7654,0.324,0.5196,0.6682,psv+wk1_proj+dynasty+last_final,"values TeamValuesPreseason_Historic.csv (PSV 180, dynasty 180); week-1 projections TeamProjections_History.csv; final order 2021"
2022,787428905404465152,NCAA SUN BELT,5,26417.0,43115.0,121.37,164,0.1844,0.095,0.4246,0.0894,0.1542,psv+wk1_proj+dynasty+last_final,"values TeamValuesPreseason_Historic.csv (PSV 180, dynasty 180); week-1 projections TeamProjections_History.csv; final order 2021"
2022,787428905404465152,NCAA SUN BELT,6,33261.0,38951.0,142.52,154,0.3855,0.4693,0.3464,0.1453,0.3994,psv+wk1_proj+dynasty+last_final,"values TeamValuesPreseason_Historic.csv (PSV 180, dynasty 180); week-1 projections TeamProjections_History.csv; final order 2021"
2022,787428905404465152,NCAA SUN BELT,7,58593.0,64286.0,160.31,139,0.8827,0.8771,0.8883,0.2291,0.8151,psv+wk1_proj+dynasty+last_final,"values TeamValuesPreseason_Historic.csv (PSV 180, dynasty 180); week-1 projections TeamProjections_History.csv; final order 2021"
2022,787428905404465152,NCAA SUN BELT,8,60293.0,77187.0,151.86,42,0.905,0.6983,0.9609,0.7709,0.7939,psv+wk1_proj+dynasty+last_final,"values TeamValuesPreseason_Historic.csv (PSV 180, dynasty 180); week-1 projections TeamProjections_History.csv; final order 2021"
2022,787428905404465152,NCAA SUN BELT,9,12806.0,31374.0,105.11,166,0.0279,0.0279,0.1117,0.0782,0.0413,psv+wk1_proj+dynasty+last_final,"values TeamValuesPreseason_Historic.csv (PSV 180, dynasty 180); week-1 projections TeamProjections_History.csv; final order 2021"
2022,787428947523657728,NCAA BIG SKY,1,17397.0,43430.0,107.74,57,0.0503,0.0447,0.4413,0.6872,0.1503,psv+wk1_proj+dynasty+last_final,"values TeamValuesPreseason_Historic.csv (PSV 180, dynasty 180); week-1 projections TeamProjections_History.csv; final order 2021"
2022,787428947523657728,NCAA BIG SKY,10,53951.0,56475.0,161.17,46,0.8101,0.8939,0.7374,0.7486,0.8385,psv+wk1_proj+dynasty+last_final,"values TeamValuesPreseason_Historic.csv (PSV 180, dynasty 180); week-1 projections TeamProjections_History.csv; final order 2021"
2022,787428947523657728,NCAA BIG SKY,11,32234.0,27282.0,144.36,108,0.3184,0.5363,0.0447,0.4022,0.4084,psv+wk1_proj+dynasty+last_final,"values TeamValuesPreseason_Historic.csv (PSV 180, dynasty 180); week-1 projections TeamProjections_History.csv; final order 2021"
2022,787428947523657728,NCAA BIG SKY,12,57031.0,71955.0,157.4,1,0.8492,0.8212,0.9385,1.0,0.8592,psv+wk1_proj+dynasty+last_final,"values TeamValuesPreseason_Historic.csv (PSV 180, dynasty 180); week-1 projections TeamProjections_History.csv; final order 2021"
2022,787428947523657728,NCAA BIG SKY,2,42889.0,40351.0,154.23,21,0.5922,0.7318,0.3687,0.8883,0.6693,psv+wk1_proj+dynasty+last_final,"values TeamValuesPreseason_Historic.csv (PSV 180, dynasty 180); week-1 projections TeamProjections_History.csv; final order 2021"
2022,787428947523657728,NCAA BIG SKY,3,24165.0,32857.0,132.32,146,0.1285,0.2514,0.1676,0.1899,0.2,psv+wk1_proj+dynasty+last_final,"values TeamValuesPreseason_Historic.csv (PSV 180, dynasty 180); week-1 projections TeamProjections_History.csv; final order 2021"
2022,787428947523657728,NCAA BIG SKY,4,43700.0,36095.0,147.31,117,0.6145,0.5866,0.2458,0.352,0.5374,psv+wk1_proj+dynasty+last_final,"values TeamValuesPreseason_Historic.csv (PSV 180, dynasty 180); week-1 projections TeamProjections_History.csv; final order 2021"
2022,787428947523657728,NCAA BIG SKY,5,34444.0,37168.0,140.76,16,0.419,0.4302,0.2737,0.9162,0.4598,psv+wk1_proj+dynasty+last_final,"values TeamValuesPreseason_Historic.csv (PSV 180, dynasty 180); week-1 projections TeamProjections_History.csv; final order 2021"
2022,787428947523657728,NCAA BIG SKY,6,50778.0,65269.0,150.77,78,0.7654,0.6704,0.8939,0.5698,0.7112,psv+wk1_proj+dynasty+last_final,"values TeamValuesPreseason_Historic.csv (PSV 180, dynasty 180); week-1 projections TeamProjections_History.csv; final order 2021"
2022,787428947523657728,NCAA BIG SKY,7,42659.0,45512.0,154.6,44,0.5866,0.7486,0.5028,0.7598,0.6765,psv+wk1_proj+dynasty+last_final,"values TeamValuesPreseason_Historic.csv (PSV 180, dynasty 180); week-1 projections TeamProjections_History.csv; final order 2021"
2022,787428947523657728,NCAA BIG SKY,8,50843.0,81042.0,144.05,142,0.7709,0.5168,0.9777,0.2123,0.6087,psv+wk1_proj+dynasty+last_final,"values TeamValuesPreseason_Historic.csv (PSV 180, dynasty 180); week-1 projections TeamProjections_History.csv; final order 2021"
2022,787428947523657728,NCAA BIG SKY,9,26240.0,30000.0,132.06,151,0.1732,0.2402,0.0782,0.162,0.1961,psv+wk1_proj+dynasty+last_final,"values TeamValuesPreseason_Historic.csv (PSV 180, dynasty 180); week-1 projections TeamProjections_History.csv; final order 2021"
2022,787469368543035392,NCAA USA,1,36852.0,48764.0,132.13,96,0.4693,0.2458,0.5866,0.4693,0.3693,psv+wk1_proj+dynasty+last_final,"values TeamValuesPreseason_Historic.csv (PSV 180, dynasty 180); week-1 projections TeamProjections_History.csv; final order 2021"
2022,787469368543035392,NCAA USA,10,60552.0,63246.0,168.66,14,0.9162,0.9721,0.8659,0.9274,0.9402,psv+wk1_proj+dynasty+last_final,"values TeamValuesPreseason_Historic.csv (PSV 180, dynasty 180); week-1 projections TeamProjections_History.csv; final order 2021"
2022,787469368543035392,NCAA USA,11,40787.0,38837.0,147.7,68,0.5475,0.5978,0.3296,0.6257,0.5587,psv+wk1_proj+dynasty+last_final,"values TeamValuesPreseason_Historic.csv (PSV 180, dynasty 180); week-1 projections TeamProjections_History.csv; final order 2021"
2022,787469368543035392,NCAA USA,12,38143.0,48514.0,143.91,104,0.5084,0.5084,0.5754,0.4246,0.5067,psv+wk1_proj+dynasty+last_final,"values TeamValuesPreseason_Historic.csv (PSV 180, dynasty 180); week-1 projections TeamProjections_History.csv; final order 2021"
2022,787469368543035392,NCAA USA,2,47364.0,58368.0,148.82,82,0.7039,0.6201,0.7598,0.5475,0.652,psv+wk1_proj+dynasty+last_final,"values TeamValuesPreseason_Historic.csv (PSV 180, dynasty 180); week-1 projections TeamProjections_History.csv; final order 2021"
2022,787469368543035392,NCAA USA,3,51507.0,52802.0,165.39,81,0.7877,0.933,0.6983,0.5531,0.8279,psv+wk1_proj+dynasty+last_final,"values TeamValuesPreseason_Historic.csv (PSV 180, dynasty 180); week-1 projections TeamProjections_History.csv; final order 2021"
2022,787469368543035392,NCAA USA,4,25307.0,27510.0,135.85,120,0.1397,0.324,0.0503,0.3352,0.2425,psv+wk1_proj+dynasty+last_final,"values TeamValuesPreseason_Historic.csv (PSV 180, dynasty 180); week-1 projections TeamProjections_History.csv; final order 2021"
2022,787469368543035392,NCAA USA,5,10732.0,30243.0,103.53,161,0.0056,0.0223,0.0838,0.1061,0.0318,psv+wk1_proj+dynasty+last_final,"values TeamValuesPreseason_Historic.csv (PSV 180, dynasty 180); week-1 projections TeamProjections_History.csv; final order 2021"
2022,787469368543035392,NCAA USA,6,43440.0,64121.0,143.56,113,0.6089,0.5028,0.8827,0.3743,0.5598,psv+wk1_proj+dynasty+last_final,"values TeamValuesPreseason_Historic.csv (PSV 180, dynasty 180); week-1 projections TeamProjections_History.csv; final order 2021"
2022,787469368543035392,NCAA USA,7,41704.0,54406.0,152.87,129,0.5587,0.7095,0.7207,0.2849,0.6229,psv+wk1_proj+dynasty+last_final,"values TeamValuesPreseason_Historic.csv (PSV 180, dynasty 180); week-1 projections TeamProjections_History.csv; final order 2021"
2022,787469368543035392,NCAA USA,8,37307.0,45069.0,146.05,38,0.486,0.5587,0.486,0.7933,0.5531,psv+wk1_proj+dynasty+last_final,"values TeamValuesPreseason_Historic.csv (PSV 180, dynasty 180); week-1 projections TeamProjections_History.csv; final order 2021"
2022,787469368543035392,NCAA USA,9,42635.0,36370.0,154.27,5,0.581,0.7374,0.2514,0.9777,0.6659,psv+wk1_proj+dynasty+last_final,"values TeamValuesPreseason_Historic.csv (PSV 180, dynasty 180); week-1 projections TeamProjections_History.csv; final order 2021"
2022,787469399828365312,NCAA IVY,1,51278.0,62134.0,158.86,11,0.7821,0.8492,0.8324,0.9441,0.8369,psv+wk1_proj+dynasty+last_final,"values TeamValuesPreseason_Historic.csv (PSV 180, dynasty 180); week-1 projections TeamProjections_History.csv; final order 2021"
2022,787469399828365312,NCAA IVY,10,35420.0,32594.0,144.05,178,0.4525,0.5168,0.1341,0.0112,0.4087,psv+wk1_proj+dynasty+last_final,"values TeamValuesPreseason_Historic.csv (PSV 180, dynasty 180); week-1 projections TeamProjections_History.csv; final order 2021"
2022,787469399828365312,NCAA IVY,11,52634.0,62421.0,156.64,49,0.7989,0.8128,0.8492,0.7318,0.8042,psv+wk1_proj+dynasty+last_final,"values TeamValuesPreseason_Historic.csv (PSV 180, dynasty 180); week-1 projections TeamProjections_History.csv; final order 2021"
2022,787469399828365312,NCAA IVY,12,40539.0,46604.0,143.33,90,0.5307,0.4916,0.5251,0.5028,0.5078,psv+wk1_proj+dynasty+last_final,"values TeamValuesPreseason_Historic.csv (PSV 180, dynasty 180); week-1 projections TeamProjections_History.csv; final order 2021"
2022,787469399828365312,NCAA IVY,2,48009.0,40497.0,146.29,53,0.7151,0.5642,0.3799,0.7095,0.6056,psv+wk1_proj+dynasty+last_final,"values TeamValuesPreseason_Historic.csv (PSV 180, dynasty 180); week-1 projections TeamProjections_History.csv; final order 2021"
2022,787469399828365312,NCAA IVY,3,28017.0,29958.0,134.3,27,0.2179,0.2737,0.0726,0.8547,0.295,psv+wk1_proj+dynasty+last_final,"values TeamValuesPreseason_Historic.csv (PSV 180, dynasty 180); week-1 projections TeamProjections_History.csv; final order 2021"
2022,787469399828365312,NCAA IVY,4,11395.0,29586.0,91.9,176,0.0168,0.0112,0.0615,0.0223,0.019,psv+wk1_proj+dynasty+last_final,"values TeamValuesPreseason_Historic.csv (PSV 180, dynasty 180); week-1 projections TeamProjections_History.csv; final order 2021"
2022,787469399828365312,NCAA IVY,5,37713.0,48195.0,145.53,148,0.4972,0.5531,0.5642,0.1788,0.5,psv+wk1_proj+dynasty+last_final,"values TeamValuesPreseason_Historic.csv (PSV 180, dynasty 180); week-1 projections TeamProjections_History.csv; final order 2021"
2022,787469399828365312,NCAA IVY,6,43999.0,46074.0,136.84,58,0.6369,0.3547,0.5084,0.6816,0.4874,psv+wk1_proj+dynasty+last_final,"values TeamValuesPreseason_Historic.csv (PSV 180, dynasty 180); week-1 projections TeamProjections_History.csv; final order 2021"
2022,787469399828365312,NCAA IVY,7,32225.0,37812.0,140.79,89,0.3128,0.4358,0.2961,0.5084,0.3922,psv+wk1_proj+dynasty+last_final,"values TeamValuesPreseason_Historic.csv (PSV 180, dynasty 180); week-1 projections TeamProjections_History.csv; final order 2021"
2022,787469399828365312,NCAA IVY,8,32840.0,46919.0,130.45,134,0.3464,0.2123,0.5419,0.257,0.2899,psv+wk1_proj+dynasty+last_final,"values TeamValuesPreseason_Historic.csv (PSV 180, dynasty 180); week-1 projections TeamProjections_History.csv; final order 2021"
2022,787469399828365312,NCAA IVY,9,62262.0,85265.0,166.83,4,0.9385,0.9553,0.9888,0.9832,0.9564,psv+wk1_proj+dynasty+last_final,"values TeamValuesPreseason_Historic.csv (PSV 180, dynasty 180); week-1 projections TeamProjections_History.csv; final order 2021"
2022,787469482338717696,NCAA PIONEER,1,57403.0,69276.0,154.91,8,0.8659,0.7598,0.9106,0.9609,0.8268,psv+wk1_proj+dynasty+last_final,"values TeamValuesPreseason_Historic.csv (PSV 180, dynasty 180); week-1 projections TeamProjections_History.csv; final order 2021"
2022,787469482338717696,NCAA PIONEER,10,33293.0,36730.0,136.57,55,0.3911,0.3464,0.2682,0.6983,0.3872,psv+wk1_proj+dynasty+last_final,"values TeamValuesPreseason_Historic.csv (PSV 180, dynasty 180); week-1 projections TeamProjections_History.csv; final order 2021"
2022,787469482338717696,NCAA PIONEER,11,60512.0,60526.0,166.7,165,0.9106,0.9497,0.8045,0.0838,0.8369,psv+wk1_proj+dynasty+last_final,"values TeamValuesPreseason_Historic.csv (PSV 180, dynasty 180); week-1 projections TeamProjections_History.csv; final order 2021"
2022,787469482338717696,NCAA PIONEER,12,59440.0,73071.0,156.56,3,0.8994,0.7989,0.9441,0.9888,0.8626,psv+wk1_proj+dynasty+last_final,"values TeamValuesPreseason_Historic.csv (PSV 180, dynasty 180); week-1 projections TeamProjections_History.csv; final order 2021"
2022,787469482338717696,NCAA PIONEER,2,26857.0,35828.0,84.87,177,0.1899,0.0056,0.2291,0.0168,0.0844,psv+wk1_proj+dynasty+last_final,"values TeamValuesPreseason_Historic.csv (PSV 180, dynasty 180); week-1 projections TeamProjections_History.csv; final order 2021"
2022,787469482338717696,NCAA PIONEER,3,37306.0,48792.0,129.41,105,0.4804,0.1955,0.5922,0.419,0.343,psv+wk1_proj+dynasty+last_final,"values TeamValuesPreseason_Historic.csv (PSV 180, dynasty 180); week-1 projections TeamProjections_History.csv; final order 2021"
2022,787469482338717696,NCAA PIONEER,4,18920.0,33150.0,107.5,173,0.0615,0.0363,0.1788,0.0391,0.0584,psv+wk1_proj+dynasty+last_final,"values TeamValuesPreseason_Historic.csv (PSV 180, dynasty 180); week-1 projections TeamProjections_History.csv; final order 2021"
2022,787469482338717696,NCAA PIONEER,5,29793.0,36435.0,130.92,143,0.2458,0.2235,0.2626,0.2067,0.2324,psv+wk1_proj+dynasty+last_final,"values TeamValuesPreseason_Historic.csv (PSV 180, dynasty 180); week-1 projections TeamProjections_History.csv; final order 2021"
2022,787469482338717696,NCAA PIONEER,6,40599.0,41144.0,150.09,72,0.5363,0.648,0.3911,0.6034,0.5844,psv+wk1_proj+dynasty+last_final,"values TeamValuesPreseason_Historic.csv (PSV 180, dynasty 180); week-1 projections TeamProjections_History.csv; final order 2021"
2022,787469482338717696,NCAA PIONEER,7,46336.0,51790.0,153.9,70,0.6816,0.7263,0.6704,0.6145,0.6961,psv+wk1_proj+dynasty+last_final,"values TeamValuesPreseason_Historic.csv (PSV 180, dynasty 180); week-1 projections TeamProjections_History.csv; final order 2021"
2022,787469482338717696,NCAA PIONEER,8,34272.0,32412.0,150.73,61,0.4022,0.6648,0.1285,0.6648,0.5324,psv+wk1_proj+dynasty+last_final,"values TeamValuesPreseason_Historic.csv (PSV 180, dynasty 180); week-1 projections TeamProjections_History.csv; final order 2021"
2022,787469482338717696,NCAA PIONEER,9,31600.0,48915.0,133.66,101,0.3017,0.2682,0.6034,0.4413,0.3291,psv+wk1_proj+dynasty+last_final,"values TeamValuesPreseason_Historic.csv (PSV 180, dynasty 180); week-1 projections TeamProjections_History.csv; final order 2021"
2022,787469508792152064,NCAA WILD,1,59165.0,81727.0,158.92,7,0.8939,0.8547,0.9832,0.9665,0.8905,psv+wk1_proj+dynasty+last_final,"values TeamValuesPreseason_Historic.csv (PSV 180, dynasty 180); week-1 projections TeamProjections_History.csv; final order 2021"
2022,787469508792152064,NCAA WILD,10,57669.0,71778.0,156.64,106,0.8771,0.8128,0.933,0.4134,0.8042,psv+wk1_proj+dynasty+last_final,"values TeamValuesPreseason_Historic.csv (PSV 180, dynasty 180); week-1 projections TeamProjections_History.csv; final order 2021"
2022,787469508792152064,NCAA WILD,11,23642.0,37709.0,136.84,92,0.1173,0.3547,0.2849,0.4916,0.2902,psv+wk1_proj+dynasty+last_final,"values TeamValuesPreseason_Historic.csv (PSV 180, dynasty 180); week-1 projections TeamProjections_History.csv; final order 2021"
2022,787469508792152064,NCAA WILD,12,33164.0,32908.0,135.61,67,0.3687,0.3101,0.1732,0.6313,0.3461,psv+wk1_proj+dynasty+last_final,"values TeamValuesPreseason_Historic.csv (PSV 180, dynasty 180); week-1 projections TeamProjections_History.csv; final order 2021"
2022,787469508792152064,NCAA WILD,2,32342.0,31394.0,128.63,109,0.324,0.1676,0.1173,0.3966,0.2324,psv+wk1_proj+dynasty+last_final,"values TeamValuesPreseason_Historic.csv (PSV 180, dynasty 180); week-1 projections TeamProjections_History.csv; final order 2021"
2022,787469508792152064,NCAA WILD,3,66406.0,61470.0,168.22,15,0.9721,0.9665,0.8212,0.9218,0.9492,psv+wk1_proj+dynasty+last_final,"values TeamValuesPreseason_Historic.csv (PSV 180, dynasty 180); week-1 projections TeamProjections_History.csv; final order 2021"
2022,787469508792152064,NCAA WILD,4,42989.0,44670.0,139.79,64,0.5978,0.4134,0.4749,0.648,0.4983,psv+wk1_proj+dynasty+last_final,"values TeamValuesPreseason_Historic.csv (PSV 180, dynasty 180); week-1 projections TeamProjections_History.csv; final order 2021"
2022,787469508792152064,NCAA WILD,5,25730.0,32730.0,128.43,145,0.162,0.1592,0.1508,0.1955,0.1628,psv+wk1_proj+dynasty+last_final,"values TeamValuesPreseason_Historic.csv (PSV 180, dynasty 180); week-1 projections TeamProjections_History.csv; final order 2021"
2022,787469508792152064,NCAA WILD,6,16138.0,28633.0,111.2,172,0.0447,0.0615,0.0559,0.0447,0.0542,psv+wk1_proj+dynasty+last_final,"values TeamValuesPreseason_Historic.csv (PSV 180, dynasty 180); week-1 projections TeamProjections_History.csv; final order 2021"
2022,787469508792152064,NCAA WILD,7,22138.0,24395.0,127.67,175,0.095,0.1453,0.0279,0.0279,0.1067,psv+wk1_proj+dynasty+last_final,"values TeamValuesPreseason_Historic.csv (PSV 180, dynasty 180); week-1 projections TeamProjections_History.csv; final order 2021"
2022,787469508792152064,NCAA WILD,8,59146.0,70956.0,162.52,26,0.8883,0.905,0.9218,0.8603,0.8972,psv+wk1_proj+dynasty+last_final,"values TeamValuesPreseason_Historic.csv (PSV 180, dynasty 180); week-1 projections TeamProjections_History.csv; final order 2021"
2022,787469508792152064,NCAA WILD,9,37803.0,49624.0,142.24,123,0.5028,0.4581,0.6145,0.3184,0.4732,psv+wk1_proj+dynasty+last_final,"values TeamValuesPreseason_Historic.csv (PSV 180, dynasty 180); week-1 projections TeamProjections_History.csv; final order 2021"
2022,787469538403921920,NCAA HISTORICALLY BLACK,1,27599.0,35880.0,129.27,158,0.2067,0.1899,0.2346,0.1229,0.1927,psv+wk1_proj+dynasty+last_final,"values TeamValuesPreseason_Historic.csv (PSV 180, dynasty 180); week-1 projections TeamProjections_History.csv; final order 2021"
2022,787469538403921920,NCAA HISTORICALLY BLACK,10,55909.0,64077.0,163.52,18,0.8324,0.9218,0.8771,0.905,0.8888,psv+wk1_proj+dynasty+last_final,"values TeamValuesPreseason_Historic.csv (PSV 180, dynasty 180); week-1 projections TeamProjections_History.csv; final order 2021"
2022,787469538403921920,NCAA HISTORICALLY BLACK,11,40838.0,47277.0,138.01,112,0.5531,0.3855,0.5587,0.3799,0.4525,psv+wk1_proj+dynasty+last_final,"values TeamValuesPreseason_Historic.csv (PSV 180, dynasty 180); week-1 projections TeamProjections_History.csv; final order 2021"
2022,787469538403921920,NCAA HISTORICALLY BLACK,12,34650.0,45377.0,141.9,33,0.4246,0.4525,0.4972,0.8212,0.4855,psv+wk1_proj+dynasty+last_final,"values TeamValuesPreseason_Historic.csv (PSV 180, dynasty 180); week-1 projections TeamProjections_History.csv; final order 2021"
2022,787469538403921920,NCAA HISTORICALLY BLACK,2,32800.0,29658.0,120.79,162,0.3408,0.0894,0.067,0.1006,0.1637,psv+wk1_proj+dynasty+last_final,"values TeamValuesPreseason_Historic.csv (PSV 180, dynasty 180); week-1 projections TeamProjections_History.csv; final order 2021"
2022,787469538403921920,NCAA HISTORICALLY BLACK,3,37674.0,42194.0,144.17,133,0.4916,0.5307,0.4078,0.2626,0.4799,psv+wk1_proj+dynasty+last_final,"values TeamValuesPreseason_Historic.csv (PSV 180, dynasty 180); week-1 projections TeamProjections_History.csv; final order 2021"
2022,787469538403921920,NCAA HISTORICALLY BLACK,4,48266.0,50779.0,152.62,23,0.7263,0.7039,0.648,0.8771,0.7223,psv+wk1_proj+dynasty+last_final,"values TeamValuesPreseason_Historic.csv (PSV 180, dynasty 180); week-1 projections TeamProjections_History.csv; final order 2021"
2022,787469538403921920,NCAA HISTORICALLY BLACK,5,52474.0,65495.0,137.55,149,0.7933,0.3743,0.905,0.1732,0.533,psv+wk1_proj+dynasty+last_final,"values TeamValuesPreseason_Historic.csv (PSV 180, dynasty 180); week-1 projections TeamProjections_History.csv; final order 2021"
2022,787469538403921920,NCAA HISTORICALLY BLACK,6,38390.0,40477.0,148.9,75,0.514,0.6257,0.3743,0.5866,0.5631,psv+wk1_proj+dynasty+last_final,"values TeamValuesPreseason_Historic.csv (PSV 180, dynasty 180); week-1 projections TeamProjections_History.csv; final order 2021"
2022,787469538403921920,NCAA HISTORICALLY BLACK,7,25937.0,34750.0,137.21,124,0.1676,0.3631,0.2067,0.3128,0.2838,psv+wk1_proj+dynasty+last_final,"values TeamValuesPreseason_Historic.csv (PSV 180, dynasty 180); week-1 projections TeamProjections_History.csv; final order 2021"
2022,787469538403921920,NCAA HISTORICALLY BLACK,8,34390.0,50384.0,135.72,107,0.4134,0.3184,0.6257,0.4078,0.3866,psv+wk1_proj+dynasty+last_final,"values TeamValuesPreseason_Historic.csv (PSV 180, dynasty 180); week-1 projections TeamProjections_History.csv; final order 2021"
2022,787469538403921920,NCAA HISTORICALLY BLACK,9,47404.0,61549.0,148.48,30,0.7095,0.6145,0.8268,0.838,0.6866,psv+wk1_proj+dynasty+last_final,"values TeamValuesPreseason_Historic.csv (PSV 180, dynasty 180); week-1 projections TeamProjections_History.csv; final order 2021"
2022,787469585417945088,NCAA OHIO VALLEY,1,33458.0,43142.0,141.23,153,0.3966,0.4413,0.4302,0.1508,0.3978,psv+wk1_proj+dynasty+last_final,"values TeamValuesPreseason_Historic.csv (PSV 180, dynasty 180); week-1 projections TeamProjections_History.csv; final order 2021"
2022,787469585417945088,NCAA OHIO VALLEY,10,18027.0,25271.0,125.04,135,0.0559,0.1061,0.0335,0.2514,0.0983,psv+wk1_proj+dynasty+last_final,"values TeamValuesPreseason_Historic.csv (PSV 180, dynasty 180); week-1 projections TeamProjections_History.csv; final order 2021"
2022,787469585417945088,NCAA OHIO VALLEY,11,34831.0,27238.0,143.17,39,0.4358,0.486,0.0391,0.7877,0.4564,psv+wk1_proj+dynasty+last_final,"values TeamValuesPreseason_Historic.csv (PSV 180, dynasty 180); week-1 projections TeamProjections_History.csv; final order 2021"
2022,787469585417945088,NCAA OHIO VALLEY,12,14954.0,35887.0,107.5,62,0.0335,0.0363,0.2402,0.6592,0.1182,psv+wk1_proj+dynasty+last_final,"values TeamValuesPreseason_Historic.csv (PSV 180, dynasty 180); week-1 projections TeamProjections_History.csv; final order 2021"
2022,787469585417945088,NCAA OHIO VALLEY,2,76300.0,74466.0,180.97,152,0.9944,0.9944,0.9553,0.1564,0.9067,psv+wk1_proj+dynasty+last_final,"values TeamValuesPreseason_Historic.csv (PSV 180, dynasty 180); week-1 projections TeamProjections_History.csv; final order 2021"
2022,787469585417945088,NCAA OHIO VALLEY,3,43926.0,52426.0,159.27,17,0.6313,0.8603,0.6816,0.9106,0.7788,psv+wk1_proj+dynasty+last_final,"values TeamValuesPreseason_Historic.csv (PSV 180, dynasty 180); week-1 projections TeamProjections_History.csv; final order 2021"
2022,787469585417945088,NCAA OHIO VALLEY,4,50472.0,71330.0,161.21,9,0.7598,0.8994,0.9274,0.9553,0.8659,psv+wk1_proj+dynasty+last_final,"values TeamValuesPreseason_Historic.csv (PSV 180, dynasty 180); week-1 projections TeamProjections_History.csv; final order 2021"
2022,787469585417945088,NCAA OHIO VALLEY,5,34732.0,53532.0,139.25,98,0.4302,0.4022,0.7039,0.4581,0.4464,psv+wk1_proj+dynasty+last_final,"values TeamValuesPreseason_Historic.csv (PSV 180, dynasty 180); week-1 projections TeamProjections_History.csv; final order 2021"
2022,787469585417945088,NCAA OHIO VALLEY,6,62929.0,58987.0,160.19,94,0.9553,0.8715,0.7821,0.4804,0.8486,psv+wk1_proj+dynasty+last_final,"values TeamValuesPreseason_Historic.csv (PSV 180, dynasty 180); week-1 projections TeamProjections_History.csv; final order 2021"
2022,787469585417945088,NCAA OHIO VALLEY,7,30859.0,38939.0,135.33,83,0.2737,0.3017,0.338,0.5419,0.3209,psv+wk1_proj+dynasty+last_final,"values TeamValuesPreseason_Historic.csv (PSV 180, dynasty 180); week-1 projections TeamProjections_History.csv; final order 2021"
2022,787469585417945088,NCAA OHIO VALLEY,8,31334.0,32843.0,136.53,102,0.2961,0.3408,0.162,0.4358,0.319,psv+wk1_proj+dynasty+last_final,"values TeamValuesPreseason_Historic.csv (PSV 180, dynasty 180); week-1 projections TeamProjections_History.csv; final order 2021"
2022,787469585417945088,NCAA OHIO VALLEY,9,44509.0,53932.0,151.69,52,0.648,0.6872,0.7151,0.7151,0.681,psv+wk1_proj+dynasty+last_final,"values TeamValuesPreseason_Historic.csv (PSV 180, dynasty 180); week-1 projections TeamProjections_History.csv; final order 2021"
2022,787469620847190016,NCAA BIG EAST & CO.,1,47100.0,48825.0,146.73,19,0.6927,0.5698,0.5978,0.8994,0.6425,psv+wk1_proj+dynasty+last_final,"values TeamValuesPreseason_Historic.csv (PSV 180, dynasty 180); week-1 projections TeamProjections_History.csv; final order 2021"
2022,787469620847190016,NCAA BIG EAST & CO.,10,26932.0,30841.0,134.32,128,0.1955,0.2793,0.1006,0.2905,0.2374,psv+wk1_proj+dynasty+last_final,"values TeamValuesPreseason_Historic.csv (PSV 180, dynasty 180); week-1 projections TeamProjections_History.csv; final order 2021"
2022,787469620847190016,NCAA BIG EAST & CO.,11,40670.0,47228.0,137.32,88,0.5419,0.3687,0.5531,0.514,0.4536,psv+wk1_proj+dynasty+last_final,"values TeamValuesPreseason_Historic.csv (PSV 180, dynasty 180); week-1 projections TeamProjections_History.csv; final order 2021"
2022,787469620847190016,NCAA BIG EAST & CO.,12,31268.0,43993.0,129.02,163,0.2849,0.1732,0.4581,0.095,0.2274,psv+wk1_proj+dynasty+last_final,"values TeamValuesPreseason_Historic.csv (PSV 180, dynasty 180); week-1 projections TeamProjections_History.csv; final order 2021"
2022,787469620847190016,NCAA BIG EAST & CO.,2,29919.0,33178.0,144.98,86,0.257,0.5419,0.1844,0.5251,0.419,psv+wk1_proj+dynasty+last_final,"values TeamValuesPreseason_Historic.csv (PSV 180, dynasty 180); week-1 projections TeamProjections_History.csv; final order 2021"
2022,787469620847190016,NCAA BIG EAST & CO.,3,39437.0,43788.0,145.1,34,0.5251,0.5475,0.4525,0.8156,0.5581,psv+wk1_proj+dynasty+last_final,"values TeamValuesPreseason_Historic.csv (PSV 180, dynasty 180); week-1 projections TeamProjections_History.csv; final order 2021"
2022,787469620847190016,NCAA BIG EAST & CO.,4,55853.0,65400.0,155.16,54,0.8268,0.7709,0.8994,0.7039,0.7939,psv+wk1_proj+dynasty+last_final,"values TeamValuesPreseason_Historic.csv (PSV 180, dynasty 180); week-1 projections TeamProjections_History.csv; final order 2021"
2022,787469620847190016,NCAA BIG EAST & CO.,5,22922.0,20382.0,115.54,174,0.1006,0.0726,0.0056,0.0335,0.0704,psv+wk1_proj+dynasty+last_final,"values TeamValuesPreseason_Historic.csv (PSV 180, dynasty 180); week-1 projections TeamProjections_History.csv; final order 2021"
2022,787469620847190016,NCAA BIG EAST & CO.,6,43721.0,58381.0,151.2,111,0.6201,0.6816,0.7654,0.3855,0.6419,psv+wk1_proj+dynasty+last_final,"values TeamValuesPreseason_Historic.csv (PSV 180, dynasty 180); week-1 projections TeamProjections_History.csv; final order 2021"
2022,787469620847190016,NCAA BIG EAST & CO.,7,57376.0,73701.0,157.91,59,0.8603,0.8324,0.9497,0.676,0.8369,psv+wk1_proj+dynasty+last_final,"values TeamValuesPreseason_Historic.csv (PSV 180, dynasty 180); week-1 projections TeamProjections_History.csv; final order 2021"
2022,787469620847190016,NCAA BIG EAST & CO.,8,53531.0,61097.0,166.41,10,0.8045,0.9441,0.8101,0.9497,0.8894,psv+wk1_proj+dynasty+last_final,"values TeamValuesPreseason_Historic.csv (PSV 180, dynasty 180); week-1 projections TeamProjections_History.csv; final order 2021"
2022,787469620847190016,NCAA BIG EAST & CO.,9,27603.0,41289.0,127.65,155,0.2123,0.1397,0.4022,0.1397,0.1877,psv+wk1_proj+dynasty+last_final,"values TeamValuesPreseason_Historic.csv (PSV 180, dynasty 180); week-1 projections TeamProjections_History.csv; final order 2021"
2022,787469647648763904,NCAA MOUNTAIN WEST,1,57065.0,62327.0,155.85,91,0.8547,0.7821,0.8436,0.4972,0.7816,psv+wk1_proj+dynasty+last_final,"values TeamValuesPreseason_Historic.csv (PSV 180, dynasty 180); week-1 projections TeamProjections_History.csv; final order 2021"
2022,787469647648763904,NCAA MOUNTAIN WEST,10,33140.0,39706.0,134.5,60,0.3631,0.2849,0.3631,0.6704,0.3547,psv+wk1_proj+dynasty+last_final,"values TeamValuesPreseason_Historic.csv (PSV 180, dynasty 180); week-1 projections TeamProjections_History.csv; final order 2021"
2022,787469647648763904,NCAA MOUNTAIN WEST,11,34380.0,58694.0,129.16,71,0.4078,0.1844,0.7765,0.6089,0.3531,psv+wk1_proj+dynasty+last_final,"values TeamValuesPreseason_Historic.csv (PSV 180, dynasty 180); week-1 projections TeamProjections_History.csv; final order 2021"
2022,787469647648763904,NCAA MOUNTAIN WEST,12,41752.0,38551.0,150.12,99,0.5698,0.6536,0.3128,0.4525,0.5743,psv+wk1_proj+dynasty+last_final,"values TeamValuesPreseason_Historic.csv (PSV 180, dynasty 180); week-1 projections TeamProjections_History.csv; final order 2021"
2022,787469647648763904,NCAA MOUNTAIN WEST,2,22093.0,35202.0,132.99,160,0.0894,0.2626,0.2123,0.1117,0.1905,psv+wk1_proj+dynasty+last_final,"values TeamValuesPreseason_Historic.csv (PSV 180, dynasty 180); week-1 projections TeamProjections_History.csv; final order 2021"
2022,787469647648763904,NCAA MOUNTAIN WEST,3,45941.0,43631.0,156.24,100,0.676,0.7933,0.4469,0.4469,0.6888,psv+wk1_proj+dynasty+last_final,"values TeamValuesPreseason_Historic.csv (PSV 180, dynasty 180); week-1 projections TeamProjections_History.csv; final order 2021"
2022,787469647648763904,NCAA MOUNTAIN WEST,4,48158.0,59595.0,150.99,126,0.7207,0.676,0.7877,0.3017,0.6631,psv+wk1_proj+dynasty+last_final,"values TeamValuesPreseason_Historic.csv (PSV 180, dynasty 180); week-1 projections TeamProjections_History.csv; final order 2021"
2022,787469647648763904,NCAA MOUNTAIN WEST,5,30414.0,38388.0,137.7,45,0.2682,0.3799,0.3073,0.7542,0.3765,psv+wk1_proj+dynasty+last_final,"values TeamValuesPreseason_Historic.csv (PSV 180, dynasty 180); week-1 projections TeamProjections_History.csv; final order 2021"
2022,787469647648763904,NCAA MOUNTAIN WEST,6,28950.0,30401.0,147.9,156,0.2291,0.6089,0.0894,0.1341,0.3955,psv+wk1_proj+dynasty+last_final,"values TeamValuesPreseason_Historic.csv (PSV 180, dynasty 180); week-1 projections TeamProjections_History.csv; final order 2021"
2022,787469647648763904,NCAA MOUNTAIN WEST,7,29476.0,38939.0,130.99,170,0.2346,0.2291,0.338,0.0559,0.2243,psv+wk1_proj+dynasty+last_final,"values TeamValuesPreseason_Historic.csv (PSV 180, dynasty 180); week-1 projections TeamProjections_History.csv; final order 2021"
2022,787469647648763904,NCAA MOUNTAIN WEST,8,57646.0,60252.0,156.61,51,0.8715,0.8045,0.7989,0.7207,0.8156,psv+wk1_proj+dynasty+last_final,"values TeamValuesPreseason_Historic.csv (PSV 180, dynasty 180); week-1 projections TeamProjections_History.csv; final order 2021"
2022,787469647648763904,NCAA MOUNTAIN WEST,9,47317.0,62468.0,147.79,103,0.6983,0.6034,0.8603,0.4302,0.6402,psv+wk1_proj+dynasty+last_final,"values TeamValuesPreseason_Historic.csv (PSV 180, dynasty 180); week-1 projections TeamProjections_History.csv; final order 2021"
2023,919305562058285056,NCAA BIG 10,1,45988.0,63970.0,153.26,3,0.8994,0.9553,0.7486,0.9888,0.9212,psv+wk1_proj+dynasty+last_final,"values TeamValuesPreseason_Historic.csv (PSV 180, dynasty 180); week-1 projections TeamProjections_History.csv; final order 2022"
2023,919305562058285056,NCAA BIG 10,10,25536.0,44097.0,122.39,172,0.2235,0.3296,0.2123,0.0447,0.2575,psv+wk1_proj+dynasty+last_final,"values TeamValuesPreseason_Historic.csv (PSV 180, dynasty 180); week-1 projections TeamProjections_History.csv; final order 2022"
2023,919305562058285056,NCAA BIG 10,11,53692.0,56993.0,123.12,14,0.9665,0.3352,0.5922,0.9274,0.6095,psv+wk1_proj+dynasty+last_final,"values TeamValuesPreseason_Historic.csv (PSV 180, dynasty 180); week-1 projections TeamProjections_History.csv; final order 2022"
2023,919305562058285056,NCAA BIG 10,12,30508.0,58575.0,122.26,92,0.4693,0.3156,0.6257,0.4916,0.4103,psv+wk1_proj+dynasty+last_final,"values TeamValuesPreseason_Historic.csv (PSV 180, dynasty 180); week-1 projections TeamProjections_History.csv; final order 2022"
2023,919305562058285056,NCAA BIG 10,2,17168.0,52275.0,111.58,171,0.0726,0.1453,0.4358,0.0503,0.143,psv+wk1_proj+dynasty+last_final,"values TeamValuesPreseason_Historic.csv (PSV 180, dynasty 180); week-1 projections TeamProjections_History.csv; final order 2022"
2023,919305562058285056,NCAA BIG 10,3,30625.0,45457.0,137.78,133,0.4804,0.7067,0.2626,0.2626,0.55,psv+wk1_proj+dynasty+last_final,"values TeamValuesPreseason_Historic.csv (PSV 180, dynasty 180); week-1 projections TeamProjections_History.csv; final order 2022"
2023,919305562058285056,NCAA BIG 10,4,17888.0,39179.0,105.16,174,0.0782,0.0726,0.1006,0.0335,0.0732,psv+wk1_proj+dynasty+last_final,"values TeamValuesPreseason_Historic.csv (PSV 180, dynasty 180); week-1 projections TeamProjections_History.csv; final order 2022"
2023,919305562058285056,NCAA BIG 10,5,48669.0,80262.0,137.98,66,0.9441,0.7151,0.9441,0.6369,0.7989,psv+wk1_proj+dynasty+last_final,"values TeamValuesPreseason_Historic.csv (PSV 180, dynasty 180); week-1 projections TeamProjections_History.csv; final order 2022"
2023,919305562058285056,NCAA BIG 10,6,31375.0,51153.0,136.09,67,0.5475,0.6648,0.3966,0.6313,0.5994,psv+wk1_proj+dynasty+last_final,"values TeamValuesPreseason_Historic.csv (PSV 180, dynasty 180); week-1 projections TeamProjections_History.csv; final order 2022"
2023,919305562058285056,NCAA BIG 10,7,49057.0,75258.0,151.84,41,0.9497,0.9497,0.8994,0.7765,0.9274,psv+wk1_proj+dynasty+last_final,"values TeamValuesPreseason_Historic.csv (PSV 180, dynasty 180); week-1 projections TeamProjections_History.csv; final order 2022"
2023,919305562058285056,NCAA BIG 10,8,28352.0,44417.0,136.08,103,0.3687,0.6592,0.2291,0.4302,0.5061,psv+wk1_proj+dynasty+last_final,"values TeamValuesPreseason_Historic.csv (PSV 180, dynasty 180); week-1 projections TeamProjections_History.csv; final order 2022"
2023,919305562058285056,NCAA BIG 10,9,35066.0,56223.0,128.62,80,0.6927,0.4916,0.5698,0.5587,0.5665,psv+wk1_proj+dynasty+last_final,"values TeamValuesPreseason_Historic.csv (PSV 180, dynasty 180); week-1 projections TeamProjections_History.csv; final order 2022"
2023,921151976868155392,NCAA PAC 12,1,11293.0,22442.0,86.16,175,0.0223,0.0168,0.0056,0.0279,0.0184,psv+wk1_proj+dynasty+last_final,"values TeamValuesPreseason_Historic.csv (PSV 180, dynasty 180); week-1 projections TeamProjections_History.csv; final order 2022"
2023,921151976868155392,NCAA PAC 12,10,45310.0,64857.0,148.85,12,0.8827,0.9162,0.7654,0.9385,0.8933,psv+wk1_proj+dynasty+last_final,"values TeamValuesPreseason_Historic.csv (PSV 180, dynasty 180); week-1 projections TeamProjections_History.csv; final order 2022"
2023,921151976868155392,NCAA PAC 12,11,38050.0,67361.0,146.65,28,0.743,0.8939,0.8268,0.8492,0.8374,psv+wk1_proj+dynasty+last_final,"values TeamValuesPreseason_Historic.csv (PSV 180, dynasty 180); week-1 projections TeamProjections_History.csv; final order 2022"
2023,921151976868155392,NCAA PAC 12,12,34184.0,48502.0,139.61,69,0.6425,0.7542,0.3352,0.6201,0.6654,psv+wk1_proj+dynasty+last_final,"values TeamValuesPreseason_Historic.csv (PSV 180, dynasty 180); week-1 projections TeamProjections_History.csv; final order 2022"
2023,921151976868155392,NCAA PAC 12,2,34187.0,53993.0,130.67,21,0.648,0.5475,0.486,0.8883,0.6056,psv+wk1_proj+dynasty+last_final,"values TeamValuesPreseason_Historic.csv (PSV 180, dynasty 180); week-1 projections TeamProjections_History.csv; final order 2022"
2023,921151976868155392,NCAA PAC 12,3,29193.0,61195.0,129.75,118,0.4078,0.5307,0.676,0.3464,0.4899,psv+wk1_proj+dynasty+last_final,"values TeamValuesPreseason_Historic.csv (PSV 180, dynasty 180); week-1 projections TeamProjections_History.csv; final order 2022"
2023,921151976868155392,NCAA PAC 12,4,32874.0,74706.0,136.9,132,0.5922,0.6872,0.8883,0.2682,0.6369,psv+wk1_proj+dynasty+last_final,"values TeamValuesPreseason_Historic.csv (PSV 180, dynasty 180); week-1 projections TeamProjections_History.csv; final order 2022"
2023,921151976868155392,NCAA PAC 12,5,25278.0,43530.0,109.31,130,0.2179,0.1061,0.1899,0.2793,0.1654,psv+wk1_proj+dynasty+last_final,"values TeamValuesPreseason_Historic.csv (PSV 180, dynasty 180); week-1 projections TeamProjections_History.csv; final order 2022"
2023,921151976868155392,NCAA PAC 12,6,27552.0,53397.0,126.19,108,0.3128,0.4302,0.4693,0.4022,0.3961,psv+wk1_proj+dynasty+last_final,"values TeamValuesPreseason_Historic.csv (PSV 180, dynasty 180); week-1 projections TeamProjections_History.csv; final order 2022"
2023,921151976868155392,NCAA PAC 12,7,61510.0,99471.0,158.64,4,0.9944,0.9944,0.9944,0.9832,0.9933,psv+wk1_proj+dynasty+last_final,"values TeamValuesPreseason_Historic.csv (PSV 180, dynasty 180); week-1 projections TeamProjections_History.csv; final order 2022"
2023,921151976868155392,NCAA PAC 12,8,20251.0,43330.0,126.95,169,0.1229,0.4469,0.1788,0.0615,0.2844,psv+wk1_proj+dynasty+last_final,"values TeamValuesPreseason_Historic.csv (PSV 180, dynasty 180); week-1 projections TeamProjections_History.csv; final order 2022"
2023,921151976868155392,NCAA PAC 12,9,12478.0,35299.0,100.55,124,0.0335,0.0335,0.0503,0.3128,0.0631,psv+wk1_proj+dynasty+last_final,"values TeamValuesPreseason_Historic.csv (PSV 180, dynasty 180); week-1 projections TeamProjections_History.csv; final order 2022"
2023,921152041332871168,NCAA ACC,1,32179.0,40544.0,127.83,154,0.5642,0.4749,0.1229,0.1453,0.4335,psv+wk1_proj+dynasty+last_final,"values TeamValuesPreseason_Historic.csv (PSV 180, dynasty 180); week-1 projections TeamProjections_History.csv; final order 2022"
2023,921152041332871168,NCAA ACC,10,30752.0,67323.0,128.46,160,0.4972,0.4804,0.8156,0.1117,0.4821,psv+wk1_proj+dynasty+last_final,"values TeamValuesPreseason_Historic.csv (PSV 180, dynasty 180); week-1 projections TeamProjections_History.csv; final order 2022"
2023,921152041332871168,NCAA ACC,11,24936.0,44688.0,123.27,89,0.2123,0.3408,0.2346,0.5084,0.3084,psv+wk1_proj+dynasty+last_final,"values TeamValuesPreseason_Historic.csv (PSV 180, dynasty 180); week-1 projections TeamProjections_History.csv; final order 2022"
2023,921152041332871168,NCAA ACC,12,49224.0,78643.0,150.61,2,0.9553,0.9385,0.9385,0.9944,0.9492,psv+wk1_proj+dynasty+last_final,"values TeamValuesPreseason_Historic.csv (PSV 180, dynasty 180); week-1 projections TeamProjections_History.csv; final order 2022"
2023,921152041332871168,NCAA ACC,2,33122.0,60198.0,134.73,54,0.6145,0.6369,0.6592,0.7039,0.6391,psv+wk1_proj+dynasty+last_final,"values TeamValuesPreseason_Historic.csv (PSV 180, dynasty 180); week-1 projections TeamProjections_History.csv; final order 2022"
2023,921152041332871168,NCAA ACC,3,34754.0,39615.0,129.17,119,0.6592,0.5196,0.1117,0.3408,0.5028,psv+wk1_proj+dynasty+last_final,"values TeamValuesPreseason_Historic.csv (PSV 180, dynasty 180); week-1 projections TeamProjections_History.csv; final order 2022"
2023,921152041332871168,NCAA ACC,4,34812.0,78239.0,128.9,65,0.6704,0.5084,0.933,0.6425,0.6128,psv+wk1_proj+dynasty+last_final,"values TeamValuesPreseason_Historic.csv (PSV 180, dynasty 180); week-1 projections TeamProjections_History.csv; final order 2022"
2023,921152041332871168,NCAA ACC,5,26103.0,42844.0,119.17,101,0.2458,0.243,0.1508,0.4413,0.2545,psv+wk1_proj+dynasty+last_final,"values TeamValuesPreseason_Historic.csv (PSV 180, dynasty 180); week-1 projections TeamProjections_History.csv; final order 2022"
2023,921152041332871168,NCAA ACC,6,27689.0,52283.0,118.18,74,0.324,0.2067,0.4413,0.5922,0.3039,psv+wk1_proj+dynasty+last_final,"values TeamValuesPreseason_Historic.csv (PSV 180, dynasty 180); week-1 projections TeamProjections_History.csv; final order 2022"
2023,921152041332871168,NCAA ACC,7,39126.0,58477.0,140.95,88,0.7709,0.7989,0.6201,0.514,0.7441,psv+wk1_proj+dynasty+last_final,"values TeamValuesPreseason_Historic.csv (PSV 180, dynasty 180); week-1 projections TeamProjections_History.csv; final order 2022"
2023,921152041332871168,NCAA ACC,8,26614.0,61169.0,134.67,100,0.2905,0.6201,0.6704,0.4469,0.5089,psv+wk1_proj+dynasty+last_final,"values TeamValuesPreseason_Historic.csv (PSV 180, dynasty 180); week-1 projections TeamProjections_History.csv; final order 2022"
2023,921152041332871168,NCAA ACC,9,27319.0,41323.0,123.57,121,0.3017,0.3464,0.1341,0.3296,0.3101,psv+wk1_proj+dynasty+last_final,"values TeamValuesPreseason_Historic.csv (PSV 180, dynasty 180); week-1 projections TeamProjections_History.csv; final order 2022"
2023,921152073054457856,NCAA BIG 12,1,38266.0,58376.0,132.11,27,0.7542,0.5698,0.6145,0.8547,0.6581,psv+wk1_proj+dynasty+last_final,"values TeamValuesPreseason_Historic.csv (PSV 180, dynasty 180); week-1 projections TeamProjections_History.csv; final order 2022"
2023,921152073054457856,NCAA BIG 12,10,8275.0,29418.0,99.72,165,0.0056,0.0279,0.0279,0.0838,0.0268,psv+wk1_proj+dynasty+last_final,"values TeamValuesPreseason_Historic.csv (PSV 180, dynasty 180); week-1 projections TeamProjections_History.csv; final order 2022"
2023,921152073054457856,NCAA BIG 12,11,30357.0,62698.0,138.2,53,0.4637,0.7291,0.7318,0.7095,0.6478,psv+wk1_proj+dynasty+last_final,"values TeamValuesPreseason_Historic.csv (PSV 180, dynasty 180); week-1 projections TeamProjections_History.csv; final order 2022"
2023,921152073054457856,NCAA BIG 12,12,33260.0,62251.0,142.1,167,0.6201,0.8268,0.7151,0.0726,0.6782,psv+wk1_proj+dynasty+last_final,"values TeamValuesPreseason_Historic.csv (PSV 180, dynasty 180); week-1 projections TeamProjections_History.csv; final order 2022"
2023,921152073054457856,NCAA BIG 12,2,44181.0,66737.0,138.23,6,0.8659,0.7374,0.8101,0.9721,0.8067,psv+wk1_proj+dynasty+last_final,"values TeamValuesPreseason_Historic.csv (PSV 180, dynasty 180); week-1 projections TeamProjections_History.csv; final order 2022"
2023,921152073054457856,NCAA BIG 12,3,9460.0,28133.0,103.31,155,0.0168,0.0503,0.0223,0.1397,0.0464,psv+wk1_proj+dynasty+last_final,"values TeamValuesPreseason_Historic.csv (PSV 180, dynasty 180); week-1 projections TeamProjections_History.csv; final order 2022"
2023,921152073054457856,NCAA BIG 12,4,29644.0,69119.0,145.09,61,0.4413,0.8743,0.8492,0.6648,0.7209,psv+wk1_proj+dynasty+last_final,"values TeamValuesPreseason_Historic.csv (PSV 180, dynasty 180); week-1 projections TeamProjections_History.csv; final order 2022"
2023,921152073054457856,NCAA BIG 12,5,58882.0,97740.0,153.49,73,0.9888,0.9609,0.9832,0.5978,0.9352,psv+wk1_proj+dynasty+last_final,"values TeamValuesPreseason_Historic.csv (PSV 180, dynasty 180); week-1 projections TeamProjections_History.csv; final order 2022"
2023,921152073054457856,NCAA BIG 12,6,37789.0,58347.0,137.23,35,0.7318,0.6983,0.6089,0.8101,0.7106,psv+wk1_proj+dynasty+last_final,"values TeamValuesPreseason_Historic.csv (PSV 180, dynasty 180); week-1 projections TeamProjections_History.csv; final order 2022"
2023,921152073054457856,NCAA BIG 12,7,29647.0,55858.0,120.4,122,0.4469,0.2626,0.5363,0.324,0.3514,psv+wk1_proj+dynasty+last_final,"values TeamValuesPreseason_Historic.csv (PSV 180, dynasty 180); week-1 projections TeamProjections_History.csv; final order 2022"
2023,921152073054457856,NCAA BIG 12,8,34755.0,55966.0,138.75,26,0.6648,0.743,0.5475,0.8603,0.7117,psv+wk1_proj+dynasty+last_final,"values TeamValuesPreseason_Historic.csv (PSV 180, dynasty 180); week-1 projections TeamProjections_History.csv; final order 2022"
2023,921152073054457856,NCAA BIG 12,9,9089.0,24897.0,83.4,50,0.0112,0.0112,0.0112,0.7263,0.0827,psv+wk1_proj+dynasty+last_final,"values TeamValuesPreseason_Historic.csv (PSV 180, dynasty 180); week-1 projections TeamProjections_History.csv; final order 2022"
2023,921152118084460544,NCAA SEC,1,30687.0,54618.0,136.99,107,0.4916,0.6927,0.5084,0.4078,0.5855,psv+wk1_proj+dynasty+last_final,"values TeamValuesPreseason_Historic.csv (PSV 180, dynasty 180); week-1 projections TeamProjections_History.csv; final order 2022"
2023,921152118084460544,NCAA SEC,10,30890.0,50085.0,127.36,161,0.514,0.4637,0.3464,0.1061,0.4313,psv+wk1_proj+dynasty+last_final,"values TeamValuesPreseason_Historic.csv (PSV 180, dynasty 180); week-1 projections TeamProjections_History.csv; final order 2022"
2023,921152118084460544,NCAA SEC,11,13873.0,43112.0,111.89,127,0.0447,0.1508,0.162,0.2961,0.1346,psv+wk1_proj+dynasty+last_final,"values TeamValuesPreseason_Historic.csv (PSV 180, dynasty 180); week-1 projections TeamProjections_History.csv; final order 2022"
2023,921152118084460544,NCAA SEC,12,21424.0,54479.0,120.08,149,0.1453,0.257,0.5028,0.1732,0.2397,psv+wk1_proj+dynasty+last_final,"values TeamValuesPreseason_Historic.csv (PSV 180, dynasty 180); week-1 projections TeamProjections_History.csv; final order 2022"
2023,921152118084460544,NCAA SEC,2,54096.0,80872.0,156.53,105,0.9777,0.9832,0.9553,0.419,0.9223,psv+wk1_proj+dynasty+last_final,"values TeamValuesPreseason_Historic.csv (PSV 180, dynasty 180); week-1 projections TeamProjections_History.csv; final order 2022"
2023,921152118084460544,NCAA SEC,3,31754.0,57683.0,136.6,136,0.5531,0.676,0.5978,0.2458,0.5883,psv+wk1_proj+dynasty+last_final,"values TeamValuesPreseason_Historic.csv (PSV 180, dynasty 180); week-1 projections TeamProjections_History.csv; final order 2022"
2023,921152118084460544,NCAA SEC,4,43542.0,67345.0,151.38,15,0.8492,0.9441,0.8212,0.9218,0.9011,psv+wk1_proj+dynasty+last_final,"values TeamValuesPreseason_Historic.csv (PSV 180, dynasty 180); week-1 projections TeamProjections_History.csv; final order 2022"
2023,921152118084460544,NCAA SEC,5,47497.0,56028.0,134.7,10,0.9274,0.6257,0.5587,0.9497,0.7419,psv+wk1_proj+dynasty+last_final,"values TeamValuesPreseason_Historic.csv (PSV 180, dynasty 180); week-1 projections TeamProjections_History.csv; final order 2022"
2023,921152118084460544,NCAA SEC,6,45337.0,76186.0,139.73,49,0.8883,0.7598,0.9106,0.7318,0.8106,psv+wk1_proj+dynasty+last_final,"values TeamValuesPreseason_Historic.csv (PSV 180, dynasty 180); week-1 projections TeamProjections_History.csv; final order 2022"
2023,921152118084460544,NCAA SEC,7,26109.0,48486.0,125.93,145,0.2514,0.4106,0.3296,0.1955,0.3332,psv+wk1_proj+dynasty+last_final,"values TeamValuesPreseason_Historic.csv (PSV 180, dynasty 180); week-1 projections TeamProjections_History.csv; final order 2022"
2023,921152118084460544,NCAA SEC,8,30950.0,62067.0,118.46,159,0.5307,0.2207,0.7095,0.1173,0.3522,psv+wk1_proj+dynasty+last_final,"values TeamValuesPreseason_Historic.csv (PSV 180, dynasty 180); week-1 projections TeamProjections_History.csv; final order 2022"
2023,921152118084460544,NCAA SEC,9,4440.0,16402.0,66.48,64,0.0,0.0056,0.0,0.648,0.0676,psv+wk1_proj+dynasty+last_final,"values TeamValuesPreseason_Historic.csv (PSV 180, dynasty 180); week-1 projections TeamProjections_History.csv; final order 2022"
2023,921152169275957248,NCAA BIG EAST & CO.,1,35810.0,57959.0,135.28,81,0.7039,0.648,0.6034,0.5531,0.6508,psv+wk1_proj+dynasty+last_final,"values TeamValuesPreseason_Historic.csv (PSV 180, dynasty 180); week-1 projections TeamProjections_History.csv; final order 2022"
2023,921152169275957248,NCAA BIG EAST & CO.,10,19501.0,36172.0,119.34,102,0.1006,0.2514,0.0615,0.4358,0.2056,psv+wk1_proj+dynasty+last_final,"values TeamValuesPreseason_Historic.csv (PSV 180, dynasty 180); week-1 projections TeamProjections_History.csv; final order 2022"
2023,921152169275957248,NCAA BIG EAST & CO.,11,38077.0,52942.0,122.26,34,0.7486,0.3156,0.4637,0.8156,0.5103,psv+wk1_proj+dynasty+last_final,"values TeamValuesPreseason_Historic.csv (PSV 180, dynasty 180); week-1 projections TeamProjections_History.csv; final order 2022"
2023,921152169275957248,NCAA BIG EAST & CO.,12,32424.0,66514.0,136.62,97,0.5754,0.6816,0.8045,0.4637,0.6402,psv+wk1_proj+dynasty+last_final,"values TeamValuesPreseason_Historic.csv (PSV 180, dynasty 180); week-1 projections TeamProjections_History.csv; final order 2022"
2023,921152169275957248,NCAA BIG EAST & CO.,2,23926.0,33869.0,109.84,137,0.1844,0.1229,0.0335,0.2402,0.1441,psv+wk1_proj+dynasty+last_final,"values TeamValuesPreseason_Historic.csv (PSV 180, dynasty 180); week-1 projections TeamProjections_History.csv; final order 2022"
2023,921152169275957248,NCAA BIG EAST & CO.,3,29465.0,51541.0,111.13,134,0.4246,0.1397,0.4022,0.257,0.2631,psv+wk1_proj+dynasty+last_final,"values TeamValuesPreseason_Historic.csv (PSV 180, dynasty 180); week-1 projections TeamProjections_History.csv; final order 2022"
2023,921152169275957248,NCAA BIG EAST & CO.,4,32955.0,54726.0,134.9,128,0.6034,0.6425,0.514,0.2905,0.5827,psv+wk1_proj+dynasty+last_final,"values TeamValuesPreseason_Historic.csv (PSV 180, dynasty 180); week-1 projections TeamProjections_History.csv; final order 2022"
2023,921152169275957248,NCAA BIG EAST & CO.,5,16101.0,43434.0,109.62,176,0.067,0.1117,0.1844,0.0223,0.0966,psv+wk1_proj+dynasty+last_final,"values TeamValuesPreseason_Historic.csv (PSV 180, dynasty 180); week-1 projections TeamProjections_History.csv; final order 2022"
2023,921152169275957248,NCAA BIG EAST & CO.,6,40737.0,65681.0,139.83,59,0.7989,0.7654,0.7821,0.676,0.7682,psv+wk1_proj+dynasty+last_final,"values TeamValuesPreseason_Historic.csv (PSV 180, dynasty 180); week-1 projections TeamProjections_History.csv; final order 2022"
2023,921152169275957248,NCAA BIG EAST & CO.,7,46168.0,84265.0,153.69,16,0.905,0.9665,0.9665,0.9162,0.943,psv+wk1_proj+dynasty+last_final,"values TeamValuesPreseason_Historic.csv (PSV 180, dynasty 180); week-1 projections TeamProjections_History.csv; final order 2022"
2023,921152169275957248,NCAA BIG EAST & CO.,8,48299.0,58954.0,141.03,13,0.933,0.8045,0.6369,0.933,0.8391,psv+wk1_proj+dynasty+last_final,"values TeamValuesPreseason_Historic.csv (PSV 180, dynasty 180); week-1 projections TeamProjections_History.csv; final order 2022"
2023,921152169275957248,NCAA BIG EAST & CO.,9,18941.0,62274.0,124.68,146,0.095,0.3687,0.7207,0.1899,0.3039,psv+wk1_proj+dynasty+last_final,"values TeamValuesPreseason_Historic.csv (PSV 180, dynasty 180); week-1 projections TeamProjections_History.csv; final order 2022"
2023,921152207104335872,NCAA SUN BELT,1,18857.0,51692.0,107.31,178,0.0894,0.1006,0.4078,0.0112,0.119,psv+wk1_proj+dynasty+last_final,"values TeamValuesPreseason_Historic.csv (PSV 180, dynasty 180); week-1 projections TeamProjections_History.csv; final order 2022"
2023,921152207104335872,NCAA SUN BELT,10,39051.0,56414.0,139.94,42,0.7654,0.7709,0.581,0.7709,0.7503,psv+wk1_proj+dynasty+last_final,"values TeamValuesPreseason_Historic.csv (PSV 180, dynasty 180); week-1 projections TeamProjections_History.csv; final order 2022"
2023,921152207104335872,NCAA SUN BELT,11,30815.0,55326.0,122.06,44,0.5084,0.3073,0.5251,0.7598,0.4346,psv+wk1_proj+dynasty+last_final,"values TeamValuesPreseason_Historic.csv (PSV 180, dynasty 180); week-1 projections TeamProjections_History.csv; final order 2022"
2023,921152207104335872,NCAA SUN BELT,12,21522.0,44364.0,127.42,104,0.1508,0.4693,0.2235,0.4246,0.3447,psv+wk1_proj+dynasty+last_final,"values TeamValuesPreseason_Historic.csv (PSV 180, dynasty 180); week-1 projections TeamProjections_History.csv; final order 2022"
2023,921152207104335872,NCAA SUN BELT,2,37509.0,56125.0,146.04,56,0.7263,0.8883,0.5642,0.6927,0.7877,psv+wk1_proj+dynasty+last_final,"values TeamValuesPreseason_Historic.csv (PSV 180, dynasty 180); week-1 projections TeamProjections_History.csv; final order 2022"
2023,921152207104335872,NCAA SUN BELT,3,41330.0,55955.0,90.27,22,0.8101,0.0223,0.5419,0.8827,0.3966,psv+wk1_proj+dynasty+last_final,"values TeamValuesPreseason_Historic.csv (PSV 180, dynasty 180); week-1 projections TeamProjections_History.csv; final order 2022"
2023,921152207104335872,NCAA SUN BELT,4,30676.0,35823.0,118.24,112,0.486,0.2123,0.0559,0.3799,0.2955,psv+wk1_proj+dynasty+last_final,"values TeamValuesPreseason_Historic.csv (PSV 180, dynasty 180); week-1 projections TeamProjections_History.csv; final order 2022"
2023,921152207104335872,NCAA SUN BELT,5,28397.0,47937.0,115.83,166,0.3743,0.1844,0.3184,0.0782,0.2441,psv+wk1_proj+dynasty+last_final,"values TeamValuesPreseason_Historic.csv (PSV 180, dynasty 180); week-1 projections TeamProjections_History.csv; final order 2022"
2023,921152207104335872,NCAA SUN BELT,6,27474.0,58581.0,122.32,125,0.3073,0.324,0.6313,0.3073,0.348,psv+wk1_proj+dynasty+last_final,"values TeamValuesPreseason_Historic.csv (PSV 180, dynasty 180); week-1 projections TeamProjections_History.csv; final order 2022"
2023,921152207104335872,NCAA SUN BELT,7,41282.0,68044.0,149.15,29,0.8045,0.9218,0.8436,0.8436,0.8709,psv+wk1_proj+dynasty+last_final,"values TeamValuesPreseason_Historic.csv (PSV 180, dynasty 180); week-1 projections TeamProjections_History.csv; final order 2022"
2023,921152207104335872,NCAA SUN BELT,8,46793.0,88024.0,155.08,5,0.9162,0.9721,0.9777,0.9777,0.9564,psv+wk1_proj+dynasty+last_final,"values TeamValuesPreseason_Historic.csv (PSV 180, dynasty 180); week-1 projections TeamProjections_History.csv; final order 2022"
2023,921152207104335872,NCAA SUN BELT,9,24913.0,50940.0,121.17,173,0.2067,0.2849,0.3799,0.0391,0.2464,psv+wk1_proj+dynasty+last_final,"values TeamValuesPreseason_Historic.csv (PSV 180, dynasty 180); week-1 projections TeamProjections_History.csv; final order 2022"
2023,921152239639564288,NCAA PIONEER,1,43986.0,71576.0,146.85,11,0.8603,0.8994,0.8715,0.9441,0.8894,psv+wk1_proj+dynasty+last_final,"values TeamValuesPreseason_Historic.csv (PSV 180, dynasty 180); week-1 projections TeamProjections_History.csv; final order 2022"
2023,921152239639564288,NCAA PIONEER,10,28266.0,50082.0,105.61,152,0.352,0.0782,0.3408,0.1564,0.1944,psv+wk1_proj+dynasty+last_final,"values TeamValuesPreseason_Historic.csv (PSV 180, dynasty 180); week-1 projections TeamProjections_History.csv; final order 2022"
2023,921152239639564288,NCAA PIONEER,11,48544.0,67909.0,143.17,94,0.9385,0.8547,0.8324,0.4804,0.8402,psv+wk1_proj+dynasty+last_final,"values TeamValuesPreseason_Historic.csv (PSV 180, dynasty 180); week-1 projections TeamProjections_History.csv; final order 2022"
2023,921152239639564288,NCAA PIONEER,12,45291.0,70923.0,150.24,19,0.8771,0.933,0.8659,0.8994,0.9061,psv+wk1_proj+dynasty+last_final,"values TeamValuesPreseason_Historic.csv (PSV 180, dynasty 180); week-1 projections TeamProjections_History.csv; final order 2022"
2023,921152239639564288,NCAA PIONEER,2,23039.0,52072.0,125.76,144,0.1732,0.4022,0.419,0.2011,0.3151,psv+wk1_proj+dynasty+last_final,"values TeamValuesPreseason_Historic.csv (PSV 180, dynasty 180); week-1 projections TeamProjections_History.csv; final order 2022"
2023,921152239639564288,NCAA PIONEER,3,28312.0,63036.0,121.56,153,0.3631,0.2905,0.7374,0.1508,0.343,psv+wk1_proj+dynasty+last_final,"values TeamValuesPreseason_Historic.csv (PSV 180, dynasty 180); week-1 projections TeamProjections_History.csv; final order 2022"
2023,921152239639564288,NCAA PIONEER,4,20575.0,61897.0,118.46,177,0.1341,0.2207,0.6983,0.0168,0.2221,psv+wk1_proj+dynasty+last_final,"values TeamValuesPreseason_Historic.csv (PSV 180, dynasty 180); week-1 projections TeamProjections_History.csv; final order 2022"
2023,921152239639564288,NCAA PIONEER,5,26534.0,36949.0,120.78,48,0.2849,0.2682,0.0782,0.7374,0.3011,psv+wk1_proj+dynasty+last_final,"values TeamValuesPreseason_Historic.csv (PSV 180, dynasty 180); week-1 projections TeamProjections_History.csv; final order 2022"
2023,921152239639564288,NCAA PIONEER,6,29642.0,40421.0,105.72,113,0.4358,0.0838,0.1173,0.3743,0.2218,psv+wk1_proj+dynasty+last_final,"values TeamValuesPreseason_Historic.csv (PSV 180, dynasty 180); week-1 projections TeamProjections_History.csv; final order 2022"
2023,921152239639564288,NCAA PIONEER,7,30577.0,50300.0,133.17,90,0.4749,0.5978,0.3575,0.5028,0.5274,psv+wk1_proj+dynasty+last_final,"values TeamValuesPreseason_Historic.csv (PSV 180, dynasty 180); week-1 projections TeamProjections_History.csv; final order 2022"
2023,921152239639564288,NCAA PIONEER,8,32945.0,52256.0,131.18,17,0.5978,0.5587,0.4302,0.9106,0.5927,psv+wk1_proj+dynasty+last_final,"values TeamValuesPreseason_Historic.csv (PSV 180, dynasty 180); week-1 projections TeamProjections_History.csv; final order 2022"
2023,921152239639564288,NCAA PIONEER,9,26512.0,51748.0,123.71,135,0.2793,0.352,0.4134,0.2514,0.3263,psv+wk1_proj+dynasty+last_final,"values TeamValuesPreseason_Historic.csv (PSV 180, dynasty 180); week-1 projections TeamProjections_History.csv; final order 2022"
2023,921152273420525568,NCAA BIG SKY,1,15699.0,47761.0,109.97,179,0.0615,0.1285,0.3128,0.0056,0.1145,psv+wk1_proj+dynasty+last_final,"values TeamValuesPreseason_Historic.csv (PSV 180, dynasty 180); week-1 projections TeamProjections_History.csv; final order 2022"
2023,921152273420525568,NCAA BIG SKY,10,28286.0,44137.0,119.17,71,0.3575,0.243,0.2179,0.6089,0.3115,psv+wk1_proj+dynasty+last_final,"values TeamValuesPreseason_Historic.csv (PSV 180, dynasty 180); week-1 projections TeamProjections_History.csv; final order 2022"
2023,921152273420525568,NCAA BIG SKY,11,26118.0,33990.0,125.52,116,0.257,0.3966,0.0391,0.3575,0.3151,psv+wk1_proj+dynasty+last_final,"values TeamValuesPreseason_Historic.csv (PSV 180, dynasty 180); week-1 projections TeamProjections_History.csv; final order 2022"
2023,921152273420525568,NCAA BIG SKY,12,53935.0,76248.0,162.03,33,0.9721,1.0,0.9218,0.8212,0.9659,psv+wk1_proj+dynasty+last_final,"values TeamValuesPreseason_Historic.csv (PSV 180, dynasty 180); week-1 projections TeamProjections_History.csv; final order 2022"
2023,921152273420525568,NCAA BIG SKY,2,24474.0,42850.0,129.14,138,0.2011,0.514,0.1564,0.2346,0.3564,psv+wk1_proj+dynasty+last_final,"values TeamValuesPreseason_Historic.csv (PSV 180, dynasty 180); week-1 projections TeamProjections_History.csv; final order 2022"
2023,921152273420525568,NCAA BIG SKY,3,28433.0,64612.0,126.99,117,0.3799,0.4525,0.7598,0.352,0.4514,psv+wk1_proj+dynasty+last_final,"values TeamValuesPreseason_Historic.csv (PSV 180, dynasty 180); week-1 projections TeamProjections_History.csv; final order 2022"
2023,921152273420525568,NCAA BIG SKY,4,35575.0,42493.0,132.92,18,0.6983,0.5866,0.1453,0.905,0.6078,psv+wk1_proj+dynasty+last_final,"values TeamValuesPreseason_Historic.csv (PSV 180, dynasty 180); week-1 projections TeamProjections_History.csv; final order 2022"
2023,921152273420525568,NCAA BIG SKY,5,21743.0,47053.0,124.7,91,0.1564,0.3743,0.2849,0.4972,0.3123,psv+wk1_proj+dynasty+last_final,"values TeamValuesPreseason_Historic.csv (PSV 180, dynasty 180); week-1 projections TeamProjections_History.csv; final order 2022"
2023,921152273420525568,NCAA BIG SKY,6,41952.0,80558.0,143.35,45,0.8156,0.8659,0.9497,0.7542,0.848,psv+wk1_proj+dynasty+last_final,"values TeamValuesPreseason_Historic.csv (PSV 180, dynasty 180); week-1 projections TeamProjections_History.csv; final order 2022"
2023,921152273420525568,NCAA BIG SKY,7,27589.0,46872.0,128.89,38,0.3184,0.5028,0.2793,0.7933,0.4542,psv+wk1_proj+dynasty+last_final,"values TeamValuesPreseason_Historic.csv (PSV 180, dynasty 180); week-1 projections TeamProjections_History.csv; final order 2022"
2023,921152273420525568,NCAA BIG SKY,8,43197.0,98100.0,143.1,32,0.838,0.8492,0.9888,0.8268,0.8575,psv+wk1_proj+dynasty+last_final,"values TeamValuesPreseason_Historic.csv (PSV 180, dynasty 180); week-1 projections TeamProjections_History.csv; final order 2022"
2023,921152273420525568,NCAA BIG SKY,9,32029.0,42080.0,107.02,140,0.5587,0.0894,0.1397,0.2235,0.2486,psv+wk1_proj+dynasty+last_final,"values TeamValuesPreseason_Historic.csv (PSV 180, dynasty 180); week-1 projections TeamProjections_History.csv; final order 2022"
2023,921152324230262784,NCAA WILD,1,42919.0,106544.0,148.36,37,0.8324,0.905,1.0,0.7989,0.8821,psv+wk1_proj+dynasty+last_final,"values TeamValuesPreseason_Historic.csv (PSV 180, dynasty 180); week-1 projections TeamProjections_History.csv; final order 2022"
2023,921152324230262784,NCAA WILD,10,45497.0,85601.0,145.09,43,0.8939,0.8743,0.9721,0.7654,0.8791,psv+wk1_proj+dynasty+last_final,"values TeamValuesPreseason_Historic.csv (PSV 180, dynasty 180); week-1 projections TeamProjections_History.csv; final order 2022"
2023,921152324230262784,NCAA WILD,11,12217.0,45923.0,107.14,148,0.0279,0.095,0.2682,0.1788,0.1006,psv+wk1_proj+dynasty+last_final,"values TeamValuesPreseason_Historic.csv (PSV 180, dynasty 180); week-1 projections TeamProjections_History.csv; final order 2022"
2023,921152324230262784,NCAA WILD,12,30915.0,53716.0,134.4,96,0.5196,0.6089,0.4804,0.4693,0.5553,psv+wk1_proj+dynasty+last_final,"values TeamValuesPreseason_Historic.csv (PSV 180, dynasty 180); week-1 projections TeamProjections_History.csv; final order 2022"
2023,921152324230262784,NCAA WILD,2,20590.0,36289.0,103.96,156,0.1397,0.0559,0.067,0.1341,0.0899,psv+wk1_proj+dynasty+last_final,"values TeamValuesPreseason_Historic.csv (PSV 180, dynasty 180); week-1 projections TeamProjections_History.csv; final order 2022"
2023,921152324230262784,NCAA WILD,3,47081.0,69917.0,141.85,7,0.9218,0.8156,0.8603,0.9665,0.867,psv+wk1_proj+dynasty+last_final,"values TeamValuesPreseason_Historic.csv (PSV 180, dynasty 180); week-1 projections TeamProjections_History.csv; final order 2022"
2023,921152324230262784,NCAA WILD,4,38037.0,44004.0,120.84,40,0.7374,0.2737,0.2067,0.7821,0.457,psv+wk1_proj+dynasty+last_final,"values TeamValuesPreseason_Historic.csv (PSV 180, dynasty 180); week-1 projections TeamProjections_History.csv; final order 2022"
2023,921152324230262784,NCAA WILD,5,22023.0,37876.0,116.44,114,0.162,0.1899,0.0894,0.3687,0.1894,psv+wk1_proj+dynasty+last_final,"values TeamValuesPreseason_Historic.csv (PSV 180, dynasty 180); week-1 projections TeamProjections_History.csv; final order 2022"
2023,921152324230262784,NCAA WILD,6,26039.0,44727.0,127.06,162,0.2402,0.4581,0.2402,0.1006,0.3352,psv+wk1_proj+dynasty+last_final,"values TeamValuesPreseason_Historic.csv (PSV 180, dynasty 180); week-1 projections TeamProjections_History.csv; final order 2022"
2023,921152324230262784,NCAA WILD,7,13215.0,27902.0,104.58,131,0.0391,0.067,0.0168,0.2737,0.0743,psv+wk1_proj+dynasty+last_final,"values TeamValuesPreseason_Historic.csv (PSV 180, dynasty 180); week-1 projections TeamProjections_History.csv; final order 2022"
2023,921152324230262784,NCAA WILD,8,42502.0,62497.0,142.91,20,0.8212,0.8436,0.7263,0.8939,0.8302,psv+wk1_proj+dynasty+last_final,"values TeamValuesPreseason_Historic.csv (PSV 180, dynasty 180); week-1 projections TeamProjections_History.csv; final order 2022"
2023,921152324230262784,NCAA WILD,9,28211.0,52398.0,132.15,87,0.3408,0.5754,0.4469,0.5196,0.4866,psv+wk1_proj+dynasty+last_final,"values TeamValuesPreseason_Historic.csv (PSV 180, dynasty 180); week-1 projections TeamProjections_History.csv; final order 2022"
2023,921152355658248192,NCAA IVY,1,35045.0,61690.0,142.04,24,0.6872,0.8212,0.6927,0.8715,0.7732,psv+wk1_proj+dynasty+last_final,"values TeamValuesPreseason_Historic.csv (PSV 180, dynasty 180); week-1 projections TeamProjections_History.csv; final order 2022"
2023,921152355658248192,NCAA IVY,10,19563.0,36934.0,112.59,109,0.1117,0.162,0.0726,0.3966,0.1615,psv+wk1_proj+dynasty+last_final,"values TeamValuesPreseason_Historic.csv (PSV 180, dynasty 180); week-1 projections TeamProjections_History.csv; final order 2022"
2023,921152355658248192,NCAA IVY,11,44488.0,75012.0,149.84,76,0.8715,0.9274,0.8939,0.581,0.8726,psv+wk1_proj+dynasty+last_final,"values TeamValuesPreseason_Historic.csv (PSV 180, dynasty 180); week-1 projections TeamProjections_History.csv; final order 2022"
2023,921152355658248192,NCAA IVY,12,39520.0,61591.0,140.63,36,0.7821,0.7877,0.6816,0.8045,0.7771,psv+wk1_proj+dynasty+last_final,"values TeamValuesPreseason_Historic.csv (PSV 180, dynasty 180); week-1 projections TeamProjections_History.csv; final order 2022"
2023,921152355658248192,NCAA IVY,2,36449.0,43921.0,118.17,115,0.7151,0.2011,0.2011,0.3631,0.3715,psv+wk1_proj+dynasty+last_final,"values TeamValuesPreseason_Historic.csv (PSV 180, dynasty 180); week-1 projections TeamProjections_History.csv; final order 2022"
2023,921152355658248192,NCAA IVY,3,23964.0,43240.0,124.91,158,0.1899,0.3855,0.1732,0.1229,0.2793,psv+wk1_proj+dynasty+last_final,"values TeamValuesPreseason_Historic.csv (PSV 180, dynasty 180); week-1 projections TeamProjections_History.csv; final order 2022"
2023,921152355658248192,NCAA IVY,4,25720.0,55371.0,110.0,157,0.2291,0.1341,0.5307,0.1285,0.2017,psv+wk1_proj+dynasty+last_final,"values TeamValuesPreseason_Historic.csv (PSV 180, dynasty 180); week-1 projections TeamProjections_History.csv; final order 2022"
2023,921152355658248192,NCAA IVY,5,29770.0,51069.0,131.14,111,0.4525,0.5531,0.3911,0.3855,0.4899,psv+wk1_proj+dynasty+last_final,"values TeamValuesPreseason_Historic.csv (PSV 180, dynasty 180); week-1 projections TeamProjections_History.csv; final order 2022"
2023,921152355658248192,NCAA IVY,6,38861.0,43635.0,126.23,58,0.7598,0.4358,0.1955,0.6816,0.5335,psv+wk1_proj+dynasty+last_final,"values TeamValuesPreseason_Historic.csv (PSV 180, dynasty 180); week-1 projections TeamProjections_History.csv; final order 2022"
2023,921152355658248192,NCAA IVY,7,29236.0,52438.0,141.44,75,0.4134,0.8101,0.4525,0.5866,0.633,psv+wk1_proj+dynasty+last_final,"values TeamValuesPreseason_Historic.csv (PSV 180, dynasty 180); week-1 projections TeamProjections_History.csv; final order 2022"
2023,921152355658248192,NCAA IVY,8,27193.0,66472.0,131.39,85,0.2961,0.5642,0.7989,0.5307,0.5039,psv+wk1_proj+dynasty+last_final,"values TeamValuesPreseason_Historic.csv (PSV 180, dynasty 180); week-1 projections TeamProjections_History.csv; final order 2022"
2023,921152355658248192,NCAA IVY,9,43919.0,77082.0,56.57,60,0.8547,0.0,0.9274,0.6704,0.4162,psv+wk1_proj+dynasty+last_final,"values TeamValuesPreseason_Historic.csv (PSV 180, dynasty 180); week-1 projections TeamProjections_History.csv; final order 2022"
2023,921152384695357440,NCAA USA,1,30780.0,59983.0,122.03,68,0.5028,0.3017,0.6536,0.6257,0.4296,psv+wk1_proj+dynasty+last_final,"values TeamValuesPreseason_Historic.csv (PSV 180, dynasty 180); week-1 projections TeamProjections_History.csv; final order 2022"
2023,921152384695357440,NCAA USA,10,51167.0,75619.0,155.61,23,0.9609,0.9777,0.905,0.8771,0.9553,psv+wk1_proj+dynasty+last_final,"values TeamValuesPreseason_Historic.csv (PSV 180, dynasty 180); week-1 projections TeamProjections_History.csv; final order 2022"
2023,921152384695357440,NCAA USA,11,28207.0,50223.0,134.44,72,0.3352,0.6145,0.352,0.6034,0.5034,psv+wk1_proj+dynasty+last_final,"values TeamValuesPreseason_Historic.csv (PSV 180, dynasty 180); week-1 projections TeamProjections_History.csv; final order 2022"
2023,921152384695357440,NCAA USA,12,28549.0,50489.0,126.54,95,0.3855,0.4413,0.3631,0.4749,0.4201,psv+wk1_proj+dynasty+last_final,"values TeamValuesPreseason_Historic.csv (PSV 180, dynasty 180); week-1 projections TeamProjections_History.csv; final order 2022"
2023,921152384695357440,NCAA USA,2,33876.0,64952.0,136.41,52,0.6369,0.6704,0.7709,0.7151,0.6749,psv+wk1_proj+dynasty+last_final,"values TeamValuesPreseason_Historic.csv (PSV 180, dynasty 180); week-1 projections TeamProjections_History.csv; final order 2022"
2023,921152384695357440,NCAA USA,3,46460.0,60391.0,138.01,123,0.9106,0.7207,0.6648,0.3184,0.7318,psv+wk1_proj+dynasty+last_final,"values TeamValuesPreseason_Historic.csv (PSV 180, dynasty 180); week-1 projections TeamProjections_History.csv; final order 2022"
2023,921152384695357440,NCAA USA,4,22652.0,47357.0,112.12,150,0.1676,0.1564,0.2961,0.1676,0.1749,psv+wk1_proj+dynasty+last_final,"values TeamValuesPreseason_Historic.csv (PSV 180, dynasty 180); week-1 projections TeamProjections_History.csv; final order 2022"
2023,921152384695357440,NCAA USA,5,26434.0,54013.0,120.86,180,0.2737,0.2793,0.4916,0.0,0.2709,psv+wk1_proj+dynasty+last_final,"values TeamValuesPreseason_Historic.csv (PSV 180, dynasty 180); week-1 projections TeamProjections_History.csv; final order 2022"
2023,921152384695357440,NCAA USA,6,33757.0,64061.0,125.26,70,0.6313,0.3911,0.7542,0.6145,0.5218,psv+wk1_proj+dynasty+last_final,"values TeamValuesPreseason_Historic.csv (PSV 180, dynasty 180); week-1 projections TeamProjections_History.csv; final order 2022"
2023,921152384695357440,NCAA USA,7,34966.0,51050.0,137.78,142,0.6816,0.7067,0.3855,0.2123,0.6176,psv+wk1_proj+dynasty+last_final,"values TeamValuesPreseason_Historic.csv (PSV 180, dynasty 180); week-1 projections TeamProjections_History.csv; final order 2022"
2023,921152384695357440,NCAA USA,8,26171.0,52184.0,128.79,83,0.2682,0.4972,0.4246,0.5419,0.4257,psv+wk1_proj+dynasty+last_final,"values TeamValuesPreseason_Historic.csv (PSV 180, dynasty 180); week-1 projections TeamProjections_History.csv; final order 2022"
2023,921152384695357440,NCAA USA,9,24073.0,38931.0,118.61,46,0.1955,0.2346,0.095,0.7486,0.2603,psv+wk1_proj+dynasty+last_final,"values TeamValuesPreseason_Historic.csv (PSV 180, dynasty 180); week-1 projections TeamProjections_History.csv; final order 2022"
2023,921152417742311424,NCAA HISTORICALLY BLACK,1,29942.0,62010.0,130.14,129,0.4581,0.5363,0.7039,0.2849,0.5045,psv+wk1_proj+dynasty+last_final,"values TeamValuesPreseason_Historic.csv (PSV 180, dynasty 180); week-1 projections TeamProjections_History.csv; final order 2022"
2023,921152417742311424,NCAA HISTORICALLY BLACK,10,39190.0,54455.0,125.99,30,0.7765,0.419,0.4972,0.838,0.576,psv+wk1_proj+dynasty+last_final,"values TeamValuesPreseason_Historic.csv (PSV 180, dynasty 180); week-1 projections TeamProjections_History.csv; final order 2022"
2023,921152417742311424,NCAA HISTORICALLY BLACK,11,29280.0,54747.0,126.06,63,0.419,0.4246,0.5196,0.6536,0.4553,psv+wk1_proj+dynasty+last_final,"values TeamValuesPreseason_Historic.csv (PSV 180, dynasty 180); week-1 projections TeamProjections_History.csv; final order 2022"
2023,921152417742311424,NCAA HISTORICALLY BLACK,12,31162.0,45378.0,118.15,84,0.5363,0.1955,0.257,0.5363,0.338,psv+wk1_proj+dynasty+last_final,"values TeamValuesPreseason_Historic.csv (PSV 180, dynasty 180); week-1 projections TeamProjections_History.csv; final order 2022"
2023,921152417742311424,NCAA HISTORICALLY BLACK,2,19528.0,37754.0,113.26,163,0.1061,0.1732,0.0838,0.095,0.1363,psv+wk1_proj+dynasty+last_final,"values TeamValuesPreseason_Historic.csv (PSV 180, dynasty 180); week-1 projections TeamProjections_History.csv; final order 2022"
2023,921152417742311424,NCAA HISTORICALLY BLACK,3,30934.0,56016.0,121.91,31,0.5251,0.2961,0.5531,0.8324,0.4441,psv+wk1_proj+dynasty+last_final,"values TeamValuesPreseason_Historic.csv (PSV 180, dynasty 180); week-1 projections TeamProjections_History.csv; final order 2022"
2023,921152417742311424,NCAA HISTORICALLY BLACK,4,36695.0,56292.0,138.2,78,0.7207,0.7291,0.5754,0.5698,0.6953,psv+wk1_proj+dynasty+last_final,"values TeamValuesPreseason_Historic.csv (PSV 180, dynasty 180); week-1 projections TeamProjections_History.csv; final order 2022"
2023,921152417742311424,NCAA HISTORICALLY BLACK,5,35960.0,76192.0,132.89,99,0.7095,0.581,0.9162,0.4525,0.6402,psv+wk1_proj+dynasty+last_final,"values TeamValuesPreseason_Historic.csv (PSV 180, dynasty 180); week-1 projections TeamProjections_History.csv; final order 2022"
2023,921152417742311424,NCAA HISTORICALLY BLACK,6,32997.0,41260.0,124.5,57,0.6089,0.3631,0.1285,0.6872,0.4458,psv+wk1_proj+dynasty+last_final,"values TeamValuesPreseason_Historic.csv (PSV 180, dynasty 180); week-1 projections TeamProjections_History.csv; final order 2022"
2023,921152417742311424,NCAA HISTORICALLY BLACK,7,28839.0,47559.0,135.47,164,0.3966,0.6536,0.3073,0.0894,0.4855,psv+wk1_proj+dynasty+last_final,"values TeamValuesPreseason_Historic.csv (PSV 180, dynasty 180); week-1 projections TeamProjections_History.csv; final order 2022"
2023,921152417742311424,NCAA HISTORICALLY BLACK,8,33399.0,66158.0,139.24,62,0.6257,0.7486,0.7933,0.6592,0.7073,psv+wk1_proj+dynasty+last_final,"values TeamValuesPreseason_Historic.csv (PSV 180, dynasty 180); week-1 projections TeamProjections_History.csv; final order 2022"
2023,921152417742311424,NCAA HISTORICALLY BLACK,9,28574.0,69892.0,140.24,126,0.3911,0.7765,0.8547,0.3017,0.6212,psv+wk1_proj+dynasty+last_final,"values TeamValuesPreseason_Historic.csv (PSV 180, dynasty 180); week-1 projections TeamProjections_History.csv; final order 2022"
2023,921152450353090560,NCAA OHIO VALLEY,1,26147.0,52861.0,123.92,120,0.2626,0.3575,0.4581,0.3352,0.3369,psv+wk1_proj+dynasty+last_final,"values TeamValuesPreseason_Historic.csv (PSV 180, dynasty 180); week-1 projections TeamProjections_History.csv; final order 2022"
2023,921152450353090560,NCAA OHIO VALLEY,10,15429.0,53462.0,104.02,79,0.0559,0.0615,0.4749,0.5642,0.1514,psv+wk1_proj+dynasty+last_final,"values TeamValuesPreseason_Historic.csv (PSV 180, dynasty 180); week-1 projections TeamProjections_History.csv; final order 2022"
2023,921152450353090560,NCAA OHIO VALLEY,11,28982.0,56660.0,130.55,55,0.4022,0.5419,0.5866,0.6983,0.5201,psv+wk1_proj+dynasty+last_final,"values TeamValuesPreseason_Historic.csv (PSV 180, dynasty 180); week-1 projections TeamProjections_History.csv; final order 2022"
2023,921152450353090560,NCAA OHIO VALLEY,12,34636.0,61649.0,142.52,168,0.6536,0.838,0.6872,0.067,0.6905,psv+wk1_proj+dynasty+last_final,"values TeamValuesPreseason_Historic.csv (PSV 180, dynasty 180); week-1 projections TeamProjections_History.csv; final order 2022"
2023,921152450353090560,NCAA OHIO VALLEY,2,61903.0,73707.0,148.7,9,1.0,0.9106,0.8771,0.9553,0.9385,psv+wk1_proj+dynasty+last_final,"values TeamValuesPreseason_Historic.csv (PSV 180, dynasty 180); week-1 projections TeamProjections_History.csv; final order 2022"
2023,921152450353090560,NCAA OHIO VALLEY,3,29614.0,50690.0,134.72,82,0.4302,0.6313,0.3687,0.5475,0.5363,psv+wk1_proj+dynasty+last_final,"values TeamValuesPreseason_Historic.csv (PSV 180, dynasty 180); week-1 projections TeamProjections_History.csv; final order 2022"
2023,921152450353090560,NCAA OHIO VALLEY,4,43341.0,59401.0,140.56,139,0.8436,0.7821,0.648,0.2291,0.7318,psv+wk1_proj+dynasty+last_final,"values TeamValuesPreseason_Historic.csv (PSV 180, dynasty 180); week-1 projections TeamProjections_History.csv; final order 2022"
2023,921152450353090560,NCAA OHIO VALLEY,5,32606.0,63880.0,128.57,98,0.581,0.486,0.743,0.4581,0.5374,psv+wk1_proj+dynasty+last_final,"values TeamValuesPreseason_Historic.csv (PSV 180, dynasty 180); week-1 projections TeamProjections_History.csv; final order 2022"
2023,921152450353090560,NCAA OHIO VALLEY,6,42710.0,66074.0,140.69,1,0.8268,0.7933,0.7877,1.0,0.8235,psv+wk1_proj+dynasty+last_final,"values TeamValuesPreseason_Historic.csv (PSV 180, dynasty 180); week-1 projections TeamProjections_History.csv; final order 2022"
2023,921152450353090560,NCAA OHIO VALLEY,7,28238.0,48482.0,133.64,143,0.3464,0.6034,0.324,0.2067,0.4587,psv+wk1_proj+dynasty+last_final,"values TeamValuesPreseason_Historic.csv (PSV 180, dynasty 180); week-1 projections TeamProjections_History.csv; final order 2022"
2023,921152450353090560,NCAA OHIO VALLEY,8,27953.0,47551.0,125.93,110,0.3296,0.4106,0.3017,0.3911,0.3735,psv+wk1_proj+dynasty+last_final,"values TeamValuesPreseason_Historic.csv (PSV 180, dynasty 180); week-1 projections TeamProjections_History.csv; final order 2022"
2023,921152450353090560,NCAA OHIO VALLEY,9,15405.0,35193.0,101.56,106,0.0503,0.0391,0.0447,0.4134,0.0804,psv+wk1_proj+dynasty+last_final,"values TeamValuesPreseason_Historic.csv (PSV 180, dynasty 180); week-1 projections TeamProjections_History.csv; final order 2022"
2023,921152489498468352,NCAA MOUNTAIN WEST,1,55747.0,73941.0,156.67,8,0.9832,0.9888,0.8827,0.9609,0.9737,psv+wk1_proj+dynasty+last_final,"values TeamValuesPreseason_Historic.csv (PSV 180, dynasty 180); week-1 projections TeamProjections_History.csv; final order 2022"
2023,921152489498468352,NCAA MOUNTAIN WEST,10,18813.0,43174.0,114.35,147,0.0838,0.1788,0.1676,0.1844,0.1497,psv+wk1_proj+dynasty+last_final,"values TeamValuesPreseason_Historic.csv (PSV 180, dynasty 180); week-1 projections TeamProjections_History.csv; final order 2022"
2023,921152489498468352,NCAA MOUNTAIN WEST,11,32324.0,68005.0,142.34,141,0.5698,0.8324,0.838,0.2179,0.6927,psv+wk1_proj+dynasty+last_final,"values TeamValuesPreseason_Historic.csv (PSV 180, dynasty 180); week-1 projections TeamProjections_History.csv; final order 2022"
2023,921152489498468352,NCAA MOUNTAIN WEST,12,31303.0,46647.0,112.82,93,0.5419,0.1676,0.2737,0.486,0.3223,psv+wk1_proj+dynasty+last_final,"values TeamValuesPreseason_Historic.csv (PSV 180, dynasty 180); week-1 projections TeamProjections_History.csv; final order 2022"
2023,921152489498468352,NCAA MOUNTAIN WEST,2,20206.0,50818.0,124.82,77,0.1173,0.3799,0.3743,0.5754,0.3201,psv+wk1_proj+dynasty+last_final,"values TeamValuesPreseason_Historic.csv (PSV 180, dynasty 180); week-1 projections TeamProjections_History.csv; final order 2022"
2023,921152489498468352,NCAA MOUNTAIN WEST,3,40352.0,59001.0,145.22,39,0.7877,0.8827,0.6425,0.7877,0.8207,psv+wk1_proj+dynasty+last_final,"values TeamValuesPreseason_Historic.csv (PSV 180, dynasty 180); week-1 projections TeamProjections_History.csv; final order 2022"
2023,921152489498468352,NCAA MOUNTAIN WEST,4,34935.0,45251.0,129.7,25,0.676,0.5251,0.2514,0.8659,0.5771,psv+wk1_proj+dynasty+last_final,"values TeamValuesPreseason_Historic.csv (PSV 180, dynasty 180); week-1 projections TeamProjections_History.csv; final order 2022"
2023,921152489498468352,NCAA MOUNTAIN WEST,5,20356.0,39204.0,118.58,86,0.1285,0.2291,0.1061,0.5251,0.2162,psv+wk1_proj+dynasty+last_final,"values TeamValuesPreseason_Historic.csv (PSV 180, dynasty 180); week-1 projections TeamProjections_History.csv; final order 2022"
2023,921152489498468352,NCAA MOUNTAIN WEST,6,25761.0,45214.0,102.46,151,0.2346,0.0447,0.2458,0.162,0.1335,psv+wk1_proj+dynasty+last_final,"values TeamValuesPreseason_Historic.csv (PSV 180, dynasty 180); week-1 projections TeamProjections_History.csv; final order 2022"
2023,921152489498468352,NCAA MOUNTAIN WEST,7,23103.0,47325.0,109.76,170,0.1788,0.1173,0.2905,0.0559,0.1469,psv+wk1_proj+dynasty+last_final,"values TeamValuesPreseason_Historic.csv (PSV 180, dynasty 180); week-1 projections TeamProjections_History.csv; final order 2022"
2023,921152489498468352,NCAA MOUNTAIN WEST,8,32680.0,65069.0,133.09,47,0.5866,0.5922,0.7765,0.743,0.624,psv+wk1_proj+dynasty+last_final,"values TeamValuesPreseason_Historic.csv (PSV 180, dynasty 180); week-1 projections TeamProjections_History.csv; final order 2022"
2023,921152489498468352,NCAA MOUNTAIN WEST,9,40520.0,84192.0,143.27,51,0.7933,0.8603,0.9609,0.7207,0.8363,psv+wk1_proj+dynasty+last_final,"values TeamValuesPreseason_Historic.csv (PSV 180, dynasty 180); week-1 projections TeamProjections_History.csv; final order 2022"
2024,1051228339672961024,NCAA BIG 10,1,47951.0,64367.0,155.98,43,0.905,0.9721,0.5419,0.7654,0.8883,psv+wk1_proj+dynasty+last_final,"values TeamValuesPreseason_Historic.csv (PSV 180, dynasty 180); week-1 projections TeamProjections_History.csv; final order 2023"
2024,1051228339672961024,NCAA BIG 10,10,10834.0,63251.0,111.41,155,0.0615,0.1285,0.5196,0.1397,0.1486,psv+wk1_proj+dynasty+last_final,"values TeamValuesPreseason_Historic.csv (PSV 180, dynasty 180); week-1 projections TeamProjections_History.csv; final order 2023"
2024,1051228339672961024,NCAA BIG 10,11,22427.0,71190.0,97.78,170,0.257,0.0279,0.7207,0.0559,0.1687,psv+wk1_proj+dynasty+last_final,"values TeamValuesPreseason_Historic.csv (PSV 180, dynasty 180); week-1 projections TeamProjections_History.csv; final order 2023"
2024,1051228339672961024,NCAA BIG 10,12,27204.0,61965.0,128.18,128,0.4637,0.419,0.4749,0.2905,0.4251,psv+wk1_proj+dynasty+last_final,"values TeamValuesPreseason_Historic.csv (PSV 180, dynasty 180); week-1 projections TeamProjections_History.csv; final order 2023"
2024,1051228339672961024,NCAA BIG 10,2,41156.0,80720.0,143.69,109,0.8268,0.838,0.8939,0.3966,0.7961,psv+wk1_proj+dynasty+last_final,"values TeamValuesPreseason_Historic.csv (PSV 180, dynasty 180); week-1 projections TeamProjections_History.csv; final order 2023"
2024,1051228339672961024,NCAA BIG 10,3,22409.0,51743.0,110.05,173,0.2514,0.1117,0.2179,0.0391,0.157,psv+wk1_proj+dynasty+last_final,"values TeamValuesPreseason_Historic.csv (PSV 180, dynasty 180); week-1 projections TeamProjections_History.csv; final order 2023"
2024,1051228339672961024,NCAA BIG 10,4,20308.0,44718.0,119.51,122,0.1899,0.2402,0.0838,0.324,0.2179,psv+wk1_proj+dynasty+last_final,"values TeamValuesPreseason_Historic.csv (PSV 180, dynasty 180); week-1 projections TeamProjections_History.csv; final order 2023"
2024,1051228339672961024,NCAA BIG 10,5,15228.0,63287.0,97.35,41,0.1006,0.0223,0.5251,0.7765,0.1715,psv+wk1_proj+dynasty+last_final,"values TeamValuesPreseason_Historic.csv (PSV 180, dynasty 180); week-1 projections TeamProjections_History.csv; final order 2023"
2024,1051228339672961024,NCAA BIG 10,6,24363.0,68525.0,133.53,31,0.3464,0.6089,0.6592,0.8324,0.5575,psv+wk1_proj+dynasty+last_final,"values TeamValuesPreseason_Historic.csv (PSV 180, dynasty 180); week-1 projections TeamProjections_History.csv; final order 2023"
2024,1051228339672961024,NCAA BIG 10,7,60605.0,85548.0,158.86,8,0.9832,0.9944,0.933,0.9609,0.9816,psv+wk1_proj+dynasty+last_final,"values TeamValuesPreseason_Historic.csv (PSV 180, dynasty 180); week-1 projections TeamProjections_History.csv; final order 2023"
2024,1051228339672961024,NCAA BIG 10,8,34167.0,51818.0,134.09,21,0.6648,0.6257,0.2235,0.8883,0.6235,psv+wk1_proj+dynasty+last_final,"values TeamValuesPreseason_Historic.csv (PSV 180, dynasty 180); week-1 projections TeamProjections_History.csv; final order 2023"
2024,1051228339672961024,NCAA BIG 10,9,38479.0,59836.0,138.78,84,0.7709,0.7318,0.4134,0.5363,0.6922,psv+wk1_proj+dynasty+last_final,"values TeamValuesPreseason_Historic.csv (PSV 180, dynasty 180); week-1 projections TeamProjections_History.csv; final order 2023"
2024,1051381233009295360,NCAA MOUNTAIN WEST,1,58289.0,89591.0,160.37,17,0.9777,1.0,0.9497,0.9106,0.9793,psv+wk1_proj+dynasty+last_final,"values TeamValuesPreseason_Historic.csv (PSV 180, dynasty 180); week-1 projections TeamProjections_History.csv; final order 2023"
2024,1051381233009295360,NCAA MOUNTAIN WEST,10,23012.0,57975.0,121.9,120,0.2793,0.2737,0.3575,0.3352,0.2899,psv+wk1_proj+dynasty+last_final,"values TeamValuesPreseason_Historic.csv (PSV 180, dynasty 180); week-1 projections TeamProjections_History.csv; final order 2023"
2024,1051381233009295360,NCAA MOUNTAIN WEST,11,33493.0,86947.0,139.01,74,0.6425,0.7374,0.9385,0.5922,0.7145,psv+wk1_proj+dynasty+last_final,"values TeamValuesPreseason_Historic.csv (PSV 180, dynasty 180); week-1 projections TeamProjections_History.csv; final order 2023"
2024,1051381233009295360,NCAA MOUNTAIN WEST,12,23285.0,42959.0,118.39,123,0.3128,0.2235,0.0615,0.3184,0.2436,psv+wk1_proj+dynasty+last_final,"values TeamValuesPreseason_Historic.csv (PSV 180, dynasty 180); week-1 projections TeamProjections_History.csv; final order 2023"
2024,1051381233009295360,NCAA MOUNTAIN WEST,2,22960.0,66374.0,127.37,73,0.2737,0.3966,0.5978,0.5978,0.4,psv+wk1_proj+dynasty+last_final,"values TeamValuesPreseason_Historic.csv (PSV 180, dynasty 180); week-1 projections TeamProjections_History.csv; final order 2023"
2024,1051381233009295360,NCAA MOUNTAIN WEST,3,32144.0,66536.0,117.62,92,0.6089,0.2123,0.6034,0.4916,0.3983,psv+wk1_proj+dynasty+last_final,"values TeamValuesPreseason_Historic.csv (PSV 180, dynasty 180); week-1 projections TeamProjections_History.csv; final order 2023"
2024,1051381233009295360,NCAA MOUNTAIN WEST,4,25297.0,30873.0,129.36,22,0.3799,0.4637,0.0,0.8827,0.4341,psv+wk1_proj+dynasty+last_final,"values TeamValuesPreseason_Historic.csv (PSV 180, dynasty 180); week-1 projections TeamProjections_History.csv; final order 2023"
2024,1051381233009295360,NCAA MOUNTAIN WEST,5,15699.0,43281.0,111.63,176,0.1117,0.1341,0.067,0.0223,0.1095,psv+wk1_proj+dynasty+last_final,"values TeamValuesPreseason_Historic.csv (PSV 180, dynasty 180); week-1 projections TeamProjections_History.csv; final order 2023"
2024,1051381233009295360,NCAA MOUNTAIN WEST,6,36880.0,59058.0,134.41,113,0.7207,0.6313,0.3855,0.3743,0.6078,psv+wk1_proj+dynasty+last_final,"values TeamValuesPreseason_Historic.csv (PSV 180, dynasty 180); week-1 projections TeamProjections_History.csv; final order 2023"
2024,1051381233009295360,NCAA MOUNTAIN WEST,7,40274.0,71181.0,137.57,89,0.7821,0.6927,0.7151,0.5084,0.7034,psv+wk1_proj+dynasty+last_final,"values TeamValuesPreseason_Historic.csv (PSV 180, dynasty 180); week-1 projections TeamProjections_History.csv; final order 2023"
2024,1051381233009295360,NCAA MOUNTAIN WEST,8,21312.0,70975.0,132.96,116,0.2235,0.5866,0.7095,0.3575,0.467,psv+wk1_proj+dynasty+last_final,"values TeamValuesPreseason_Historic.csv (PSV 180, dynasty 180); week-1 projections TeamProjections_History.csv; final order 2023"
2024,1051381233009295360,NCAA MOUNTAIN WEST,9,36225.0,81134.0,137.68,45,0.7095,0.6983,0.905,0.7542,0.7279,psv+wk1_proj+dynasty+last_final,"values TeamValuesPreseason_Historic.csv (PSV 180, dynasty 180); week-1 projections TeamProjections_History.csv; final order 2023"
2024,1051381274868289536,NCAA OHIO VALLEY,1,33524.0,65558.0,132.4,110,0.648,0.5587,0.581,0.3911,0.5709,psv+wk1_proj+dynasty+last_final,"values TeamValuesPreseason_Historic.csv (PSV 180, dynasty 180); week-1 projections TeamProjections_History.csv; final order 2023"
2024,1051381274868289536,NCAA OHIO VALLEY,10,24751.0,67264.0,127.32,137,0.3575,0.3911,0.6257,0.2402,0.3894,psv+wk1_proj+dynasty+last_final,"values TeamValuesPreseason_Historic.csv (PSV 180, dynasty 180); week-1 projections TeamProjections_History.csv; final order 2023"
2024,1051381274868289536,NCAA OHIO VALLEY,11,23265.0,51684.0,128.78,78,0.3073,0.4413,0.2123,0.5698,0.3911,psv+wk1_proj+dynasty+last_final,"values TeamValuesPreseason_Historic.csv (PSV 180, dynasty 180); week-1 projections TeamProjections_History.csv; final order 2023"
2024,1051381274868289536,NCAA OHIO VALLEY,12,40468.0,69941.0,147.49,88,0.7933,0.9106,0.6927,0.514,0.814,psv+wk1_proj+dynasty+last_final,"values TeamValuesPreseason_Historic.csv (PSV 180, dynasty 180); week-1 projections TeamProjections_History.csv; final order 2023"
2024,1051381274868289536,NCAA OHIO VALLEY,2,49907.0,64832.0,149.94,7,0.9274,0.9497,0.5531,0.9665,0.905,psv+wk1_proj+dynasty+last_final,"values TeamValuesPreseason_Historic.csv (PSV 180, dynasty 180); week-1 projections TeamProjections_History.csv; final order 2023"
2024,1051381274868289536,NCAA OHIO VALLEY,3,34840.0,63197.0,137.69,15,0.676,0.7039,0.514,0.9218,0.6983,psv+wk1_proj+dynasty+last_final,"values TeamValuesPreseason_Historic.csv (PSV 180, dynasty 180); week-1 projections TeamProjections_History.csv; final order 2023"
2024,1051381274868289536,NCAA OHIO VALLEY,4,34232.0,69117.0,134.46,97,0.6704,0.6369,0.6704,0.4637,0.633,psv+wk1_proj+dynasty+last_final,"values TeamValuesPreseason_Historic.csv (PSV 180, dynasty 180); week-1 projections TeamProjections_History.csv; final order 2023"
2024,1051381274868289536,NCAA OHIO VALLEY,5,30171.0,78372.0,139.27,138,0.5363,0.743,0.8603,0.2346,0.6419,psv+wk1_proj+dynasty+last_final,"values TeamValuesPreseason_Historic.csv (PSV 180, dynasty 180); week-1 projections TeamProjections_History.csv; final order 2023"
2024,1051381274868289536,NCAA OHIO VALLEY,6,43995.0,69464.0,143.31,3,0.8827,0.8324,0.676,0.9888,0.8475,psv+wk1_proj+dynasty+last_final,"values TeamValuesPreseason_Historic.csv (PSV 180, dynasty 180); week-1 projections TeamProjections_History.csv; final order 2023"
2024,1051381274868289536,NCAA OHIO VALLEY,7,30378.0,56897.0,130.7,93,0.5475,0.5196,0.3184,0.486,0.5045,psv+wk1_proj+dynasty+last_final,"values TeamValuesPreseason_Historic.csv (PSV 180, dynasty 180); week-1 projections TeamProjections_History.csv; final order 2023"
2024,1051381274868289536,NCAA OHIO VALLEY,8,9437.0,47931.0,106.87,148,0.0335,0.0838,0.1173,0.1788,0.0816,psv+wk1_proj+dynasty+last_final,"values TeamValuesPreseason_Historic.csv (PSV 180, dynasty 180); week-1 projections TeamProjections_History.csv; final order 2023"
2024,1051381274868289536,NCAA OHIO VALLEY,9,20240.0,60998.0,114.96,178,0.1844,0.1676,0.4525,0.0112,0.1855,psv+wk1_proj+dynasty+last_final,"values TeamValuesPreseason_Historic.csv (PSV 180, dynasty 180); week-1 projections TeamProjections_History.csv; final order 2023"
2024,1051381320515002368,NCAA HISTORICALLY BLACK,1,25628.0,77471.0,126.6,169,0.3911,0.3855,0.8408,0.0615,0.4003,psv+wk1_proj+dynasty+last_final,"values TeamValuesPreseason_Historic.csv (PSV 180, dynasty 180); week-1 projections TeamProjections_History.csv; final order 2023"
2024,1051381320515002368,NCAA HISTORICALLY BLACK,10,28354.0,56889.0,132.75,20,0.486,0.5754,0.3128,0.8939,0.5542,psv+wk1_proj+dynasty+last_final,"values TeamValuesPreseason_Historic.csv (PSV 180, dynasty 180); week-1 projections TeamProjections_History.csv; final order 2023"
2024,1051381320515002368,NCAA HISTORICALLY BLACK,11,25271.0,60709.0,136.64,68,0.3743,0.6704,0.4469,0.6257,0.5547,psv+wk1_proj+dynasty+last_final,"values TeamValuesPreseason_Historic.csv (PSV 180, dynasty 180); week-1 projections TeamProjections_History.csv; final order 2023"
2024,1051381320515002368,NCAA HISTORICALLY BLACK,12,32469.0,51205.0,139.86,83,0.6145,0.7598,0.1899,0.5419,0.6374,psv+wk1_proj+dynasty+last_final,"values TeamValuesPreseason_Historic.csv (PSV 180, dynasty 180); week-1 projections TeamProjections_History.csv; final order 2023"
2024,1051381320515002368,NCAA HISTORICALLY BLACK,2,22556.0,48613.0,112.73,126,0.2626,0.1453,0.1341,0.3017,0.195,psv+wk1_proj+dynasty+last_final,"values TeamValuesPreseason_Historic.csv (PSV 180, dynasty 180); week-1 projections TeamProjections_History.csv; final order 2023"
2024,1051381320515002368,NCAA HISTORICALLY BLACK,3,35198.0,65263.0,141.14,91,0.6872,0.7905,0.5698,0.4972,0.7081,psv+wk1_proj+dynasty+last_final,"values TeamValuesPreseason_Historic.csv (PSV 180, dynasty 180); week-1 projections TeamProjections_History.csv; final order 2023"
2024,1051381320515002368,NCAA HISTORICALLY BLACK,4,32107.0,67742.0,120.15,65,0.6034,0.2514,0.6313,0.6425,0.4341,psv+wk1_proj+dynasty+last_final,"values TeamValuesPreseason_Historic.csv (PSV 180, dynasty 180); week-1 projections TeamProjections_History.csv; final order 2023"
2024,1051381320515002368,NCAA HISTORICALLY BLACK,5,37206.0,77471.0,136.81,115,0.7263,0.676,0.8408,0.3631,0.6763,psv+wk1_proj+dynasty+last_final,"values TeamValuesPreseason_Historic.csv (PSV 180, dynasty 180); week-1 projections TeamProjections_History.csv; final order 2023"
2024,1051381320515002368,NCAA HISTORICALLY BLACK,6,25938.0,49066.0,113.27,168,0.4078,0.1508,0.1508,0.067,0.2196,psv+wk1_proj+dynasty+last_final,"values TeamValuesPreseason_Historic.csv (PSV 180, dynasty 180); week-1 projections TeamProjections_History.csv; final order 2023"
2024,1051381320515002368,NCAA HISTORICALLY BLACK,7,38568.0,61643.0,141.14,106,0.7765,0.7905,0.4693,0.4134,0.7165,psv+wk1_proj+dynasty+last_final,"values TeamValuesPreseason_Historic.csv (PSV 180, dynasty 180); week-1 projections TeamProjections_History.csv; final order 2023"
2024,1051381320515002368,NCAA HISTORICALLY BLACK,8,42137.0,77688.0,147.51,55,0.8547,0.9162,0.8492,0.6983,0.8693,psv+wk1_proj+dynasty+last_final,"values TeamValuesPreseason_Historic.csv (PSV 180, dynasty 180); week-1 projections TeamProjections_History.csv; final order 2023"
2024,1051381320515002368,NCAA HISTORICALLY BLACK,9,23147.0,70548.0,127.5,58,0.2849,0.4022,0.7039,0.6816,0.4251,psv+wk1_proj+dynasty+last_final,"values TeamValuesPreseason_Historic.csv (PSV 180, dynasty 180); week-1 projections TeamProjections_History.csv; final order 2023"
2024,1051381357190053888,NCAA USA,1,29835.0,63360.0,130.58,131,0.5251,0.514,0.5307,0.2737,0.495,psv+wk1_proj+dynasty+last_final,"values TeamValuesPreseason_Historic.csv (PSV 180, dynasty 180); week-1 projections TeamProjections_History.csv; final order 2023"
2024,1051381357190053888,NCAA USA,10,41300.0,77158.0,144.21,48,0.838,0.8603,0.8268,0.7374,0.838,psv+wk1_proj+dynasty+last_final,"values TeamValuesPreseason_Historic.csv (PSV 180, dynasty 180); week-1 projections TeamProjections_History.csv; final order 2023"
2024,1051381357190053888,NCAA USA,11,16109.0,62306.0,117.6,130,0.1285,0.2011,0.486,0.2793,0.2156,psv+wk1_proj+dynasty+last_final,"values TeamValuesPreseason_Historic.csv (PSV 180, dynasty 180); week-1 projections TeamProjections_History.csv; final order 2023"
2024,1051381357190053888,NCAA USA,12,38473.0,56274.0,144.19,14,0.7654,0.8547,0.2961,0.9274,0.7793,psv+wk1_proj+dynasty+last_final,"values TeamValuesPreseason_Historic.csv (PSV 180, dynasty 180); week-1 projections TeamProjections_History.csv; final order 2023"
2024,1051381357190053888,NCAA USA,2,29831.0,60127.0,128.81,104,0.5196,0.4469,0.4302,0.4246,0.4648,psv+wk1_proj+dynasty+last_final,"values TeamValuesPreseason_Historic.csv (PSV 180, dynasty 180); week-1 projections TeamProjections_History.csv; final order 2023"
2024,1051381357190053888,NCAA USA,3,41245.0,63099.0,122.73,51,0.8324,0.3017,0.5084,0.7207,0.5235,psv+wk1_proj+dynasty+last_final,"values TeamValuesPreseason_Historic.csv (PSV 180, dynasty 180); week-1 projections TeamProjections_History.csv; final order 2023"
2024,1051381357190053888,NCAA USA,4,24956.0,58643.0,128.51,150,0.3687,0.4246,0.3743,0.1676,0.3771,psv+wk1_proj+dynasty+last_final,"values TeamValuesPreseason_Historic.csv (PSV 180, dynasty 180); week-1 projections TeamProjections_History.csv; final order 2023"
2024,1051381357190053888,NCAA USA,5,26843.0,71346.0,131.31,125,0.4413,0.5419,0.7263,0.3073,0.5067,psv+wk1_proj+dynasty+last_final,"values TeamValuesPreseason_Historic.csv (PSV 180, dynasty 180); week-1 projections TeamProjections_History.csv; final order 2023"
2024,1051381357190053888,NCAA USA,6,48069.0,82075.0,142.73,46,0.9106,0.8101,0.9162,0.7486,0.8447,psv+wk1_proj+dynasty+last_final,"values TeamValuesPreseason_Historic.csv (PSV 180, dynasty 180); week-1 projections TeamProjections_History.csv; final order 2023"
2024,1051381357190053888,NCAA USA,7,40680.0,64360.0,129.49,60,0.8045,0.4749,0.5363,0.6704,0.5994,psv+wk1_proj+dynasty+last_final,"values TeamValuesPreseason_Historic.csv (PSV 180, dynasty 180); week-1 projections TeamProjections_History.csv; final order 2023"
2024,1051381357190053888,NCAA USA,8,19121.0,57836.0,117.61,69,0.162,0.2067,0.352,0.6201,0.2492,psv+wk1_proj+dynasty+last_final,"values TeamValuesPreseason_Historic.csv (PSV 180, dynasty 180); week-1 projections TeamProjections_History.csv; final order 2023"
2024,1051381357190053888,NCAA USA,9,14776.0,49272.0,121.08,99,0.095,0.2682,0.1564,0.4525,0.2235,psv+wk1_proj+dynasty+last_final,"values TeamValuesPreseason_Historic.csv (PSV 180, dynasty 180); week-1 projections TeamProjections_History.csv; final order 2023"
2024,1051381408469598208,NCAA IVY,1,10422.0,69826.0,109.17,141,0.0503,0.1006,0.6872,0.2179,0.1559,psv+wk1_proj+dynasty+last_final,"values TeamValuesPreseason_Historic.csv (PSV 180, dynasty 180); week-1 projections TeamProjections_History.csv; final order 2023"
2024,1051381408469598208,NCAA IVY,10,8510.0,34136.0,114.2,139,0.0279,0.1564,0.0112,0.2291,0.1106,psv+wk1_proj+dynasty+last_final,"values TeamValuesPreseason_Historic.csv (PSV 180, dynasty 180); week-1 projections TeamProjections_History.csv; final order 2023"
2024,1051381408469598208,NCAA IVY,11,53159.0,88803.0,136.88,32,0.9441,0.6816,0.9441,0.8268,0.8011,psv+wk1_proj+dynasty+last_final,"values TeamValuesPreseason_Historic.csv (PSV 180, dynasty 180); week-1 projections TeamProjections_History.csv; final order 2023"
2024,1051381408469598208,NCAA IVY,12,31591.0,68027.0,134.74,81,0.5866,0.648,0.6425,0.5531,0.6196,psv+wk1_proj+dynasty+last_final,"values TeamValuesPreseason_Historic.csv (PSV 180, dynasty 180); week-1 projections TeamProjections_History.csv; final order 2023"
2024,1051381408469598208,NCAA IVY,2,24898.0,48563.0,131.05,86,0.3631,0.5251,0.1229,0.5251,0.4363,psv+wk1_proj+dynasty+last_final,"values TeamValuesPreseason_Historic.csv (PSV 180, dynasty 180); week-1 projections TeamProjections_History.csv; final order 2023"
2024,1051381408469598208,NCAA IVY,3,23193.0,50356.0,122.76,80,0.2905,0.3073,0.1788,0.5587,0.3145,psv+wk1_proj+dynasty+last_final,"values TeamValuesPreseason_Historic.csv (PSV 180, dynasty 180); week-1 projections TeamProjections_History.csv; final order 2023"
2024,1051381408469598208,NCAA IVY,4,40358.0,76319.0,130.03,151,0.7877,0.486,0.8101,0.162,0.5765,psv+wk1_proj+dynasty+last_final,"values TeamValuesPreseason_Historic.csv (PSV 180, dynasty 180); week-1 projections TeamProjections_History.csv; final order 2023"
2024,1051381408469598208,NCAA IVY,5,40970.0,70513.0,140.28,50,0.8101,0.7654,0.6983,0.7263,0.7682,psv+wk1_proj+dynasty+last_final,"values TeamValuesPreseason_Historic.csv (PSV 180, dynasty 180); week-1 projections TeamProjections_History.csv; final order 2023"
2024,1051381408469598208,NCAA IVY,6,36015.0,55741.0,141.73,57,0.6983,0.8045,0.2737,0.6872,0.7078,psv+wk1_proj+dynasty+last_final,"values TeamValuesPreseason_Historic.csv (PSV 180, dynasty 180); week-1 projections TeamProjections_History.csv; final order 2023"
2024,1051381408469598208,NCAA IVY,7,26883.0,49064.0,133.35,28,0.4469,0.6034,0.1453,0.8492,0.5352,psv+wk1_proj+dynasty+last_final,"values TeamValuesPreseason_Historic.csv (PSV 180, dynasty 180); week-1 projections TeamProjections_History.csv; final order 2023"
2024,1051381408469598208,NCAA IVY,8,28980.0,77166.0,127.63,118,0.5028,0.4134,0.8324,0.3464,0.4754,psv+wk1_proj+dynasty+last_final,"values TeamValuesPreseason_Historic.csv (PSV 180, dynasty 180); week-1 projections TeamProjections_History.csv; final order 2023"
2024,1051381408469598208,NCAA IVY,9,42583.0,79197.0,143.26,62,0.8603,0.8268,0.8771,0.6592,0.8251,psv+wk1_proj+dynasty+last_final,"values TeamValuesPreseason_Historic.csv (PSV 180, dynasty 180); week-1 projections TeamProjections_History.csv; final order 2023"
2024,1051381464723570688,NCAA WILD,1,54469.0,109120.0,158.0,40,0.9553,0.9888,1.0,0.7821,0.9592,psv+wk1_proj+dynasty+last_final,"values TeamValuesPreseason_Historic.csv (PSV 180, dynasty 180); week-1 projections TeamProjections_History.csv; final order 2023"
2024,1051381464723570688,NCAA WILD,10,56664.0,103850.0,149.48,10,0.9609,0.9385,0.9944,0.9497,0.952,psv+wk1_proj+dynasty+last_final,"values TeamValuesPreseason_Historic.csv (PSV 180, dynasty 180); week-1 projections TeamProjections_History.csv; final order 2023"
2024,1051381464723570688,NCAA WILD,11,18581.0,76731.0,122.24,135,0.1508,0.2905,0.8156,0.2514,0.2972,psv+wk1_proj+dynasty+last_final,"values TeamValuesPreseason_Historic.csv (PSV 180, dynasty 180); week-1 projections TeamProjections_History.csv; final order 2023"
2024,1051381464723570688,NCAA WILD,12,20481.0,48600.0,118.92,145,0.1955,0.2291,0.1285,0.1955,0.2056,psv+wk1_proj+dynasty+last_final,"values TeamValuesPreseason_Historic.csv (PSV 180, dynasty 180); week-1 projections TeamProjections_History.csv; final order 2023"
2024,1051381464723570688,NCAA WILD,2,13508.0,54133.0,116.01,160,0.0782,0.1788,0.2514,0.1117,0.1492,psv+wk1_proj+dynasty+last_final,"values TeamValuesPreseason_Historic.csv (PSV 180, dynasty 180); week-1 projections TeamProjections_History.csv; final order 2023"
2024,1051381464723570688,NCAA WILD,3,37610.0,69640.0,122.48,16,0.7486,0.2961,0.6816,0.9162,0.5324,psv+wk1_proj+dynasty+last_final,"values TeamValuesPreseason_Historic.csv (PSV 180, dynasty 180); week-1 projections TeamProjections_History.csv; final order 2023"
2024,1051381464723570688,NCAA WILD,4,19516.0,44548.0,125.77,132,0.1676,0.3687,0.0782,0.2682,0.2693,psv+wk1_proj+dynasty+last_final,"values TeamValuesPreseason_Historic.csv (PSV 180, dynasty 180); week-1 projections TeamProjections_History.csv; final order 2023"
2024,1051381464723570688,NCAA WILD,5,23242.0,42425.0,131.15,39,0.3017,0.5307,0.0447,0.7877,0.4391,psv+wk1_proj+dynasty+last_final,"values TeamValuesPreseason_Historic.csv (PSV 180, dynasty 180); week-1 projections TeamProjections_History.csv; final order 2023"
2024,1051381464723570688,NCAA WILD,6,21179.0,52339.0,101.37,156,0.2179,0.0503,0.2291,0.1341,0.1268,psv+wk1_proj+dynasty+last_final,"values TeamValuesPreseason_Historic.csv (PSV 180, dynasty 180); week-1 projections TeamProjections_History.csv; final order 2023"
2024,1051381464723570688,NCAA WILD,7,5856.0,32431.0,76.4,179,0.0056,0.0056,0.0056,0.0056,0.0056,psv+wk1_proj+dynasty+last_final,"values TeamValuesPreseason_Historic.csv (PSV 180, dynasty 180); week-1 projections TeamProjections_History.csv; final order 2023"
2024,1051381464723570688,NCAA WILD,8,41702.0,71449.0,143.05,59,0.8436,0.8212,0.7374,0.676,0.805,psv+wk1_proj+dynasty+last_final,"values TeamValuesPreseason_Historic.csv (PSV 180, dynasty 180); week-1 projections TeamProjections_History.csv; final order 2023"
2024,1051381464723570688,NCAA WILD,9,28322.0,60524.0,140.97,143,0.4804,0.7821,0.4413,0.2067,0.6,psv+wk1_proj+dynasty+last_final,"values TeamValuesPreseason_Historic.csv (PSV 180, dynasty 180); week-1 projections TeamProjections_History.csv; final order 2023"
2024,1051381505785810944,NCAA BIG SKY,1,22263.0,74100.0,112.67,164,0.2458,0.1397,0.7765,0.0894,0.2302,psv+wk1_proj+dynasty+last_final,"values TeamValuesPreseason_Historic.csv (PSV 180, dynasty 180); week-1 projections TeamProjections_History.csv; final order 2023"
2024,1051381505785810944,NCAA BIG SKY,10,10344.0,46786.0,105.58,147,0.0447,0.067,0.095,0.1844,0.0749,psv+wk1_proj+dynasty+last_final,"values TeamValuesPreseason_Historic.csv (PSV 180, dynasty 180); week-1 projections TeamProjections_History.csv; final order 2023"
2024,1051381505785810944,NCAA BIG SKY,11,6149.0,36891.0,99.26,111,0.0112,0.0335,0.0223,0.3855,0.0609,psv+wk1_proj+dynasty+last_final,"values TeamValuesPreseason_Historic.csv (PSV 180, dynasty 180); week-1 projections TeamProjections_History.csv; final order 2023"
2024,1051381505785810944,NCAA BIG SKY,12,53586.0,73263.0,155.62,33,0.9497,0.9665,0.7542,0.8212,0.9257,psv+wk1_proj+dynasty+last_final,"values TeamValuesPreseason_Historic.csv (PSV 180, dynasty 180); week-1 projections TeamProjections_History.csv; final order 2023"
2024,1051381505785810944,NCAA BIG SKY,2,17979.0,53290.0,124.38,61,0.1397,0.324,0.2458,0.6648,0.295,psv+wk1_proj+dynasty+last_final,"values TeamValuesPreseason_Historic.csv (PSV 180, dynasty 180); week-1 projections TeamProjections_History.csv; final order 2023"
2024,1051381505785810944,NCAA BIG SKY,3,31454.0,66595.0,142.99,79,0.581,0.8156,0.6089,0.5642,0.6994,psv+wk1_proj+dynasty+last_final,"values TeamValuesPreseason_Historic.csv (PSV 180, dynasty 180); week-1 projections TeamProjections_History.csv; final order 2023"
2024,1051381505785810944,NCAA BIG SKY,4,23878.0,42473.0,122.13,87,0.3352,0.2849,0.0503,0.5196,0.3,psv+wk1_proj+dynasty+last_final,"values TeamValuesPreseason_Historic.csv (PSV 180, dynasty 180); week-1 projections TeamProjections_History.csv; final order 2023"
2024,1051381505785810944,NCAA BIG SKY,5,10103.0,59972.0,105.17,142,0.0391,0.0615,0.4246,0.2123,0.1061,psv+wk1_proj+dynasty+last_final,"values TeamValuesPreseason_Historic.csv (PSV 180, dynasty 180); week-1 projections TeamProjections_History.csv; final order 2023"
2024,1051381505785810944,NCAA BIG SKY,6,47799.0,92897.0,153.78,26,0.8994,0.9609,0.9609,0.8603,0.9324,psv+wk1_proj+dynasty+last_final,"values TeamValuesPreseason_Historic.csv (PSV 180, dynasty 180); week-1 projections TeamProjections_History.csv; final order 2023"
2024,1051381505785810944,NCAA BIG SKY,7,37350.0,71386.0,143.74,25,0.743,0.8436,0.7318,0.8659,0.8045,psv+wk1_proj+dynasty+last_final,"values TeamValuesPreseason_Historic.csv (PSV 180, dynasty 180); week-1 projections TeamProjections_History.csv; final order 2023"
2024,1051381505785810944,NCAA BIG SKY,8,57026.0,95475.0,135.7,6,0.9665,0.6592,0.9721,0.9721,0.814,psv+wk1_proj+dynasty+last_final,"values TeamValuesPreseason_Historic.csv (PSV 180, dynasty 180); week-1 projections TeamProjections_History.csv; final order 2023"
2024,1051381505785810944,NCAA BIG SKY,9,26610.0,53106.0,106.53,152,0.4246,0.0782,0.2346,0.1564,0.2056,psv+wk1_proj+dynasty+last_final,"values TeamValuesPreseason_Historic.csv (PSV 180, dynasty 180); week-1 projections TeamProjections_History.csv; final order 2023"
2024,1051381539596021760,NCAA PIONEER,1,43065.0,73582.0,147.75,54,0.8715,0.9274,0.7709,0.7039,0.8726,psv+wk1_proj+dynasty+last_final,"values TeamValuesPreseason_Historic.csv (PSV 180, dynasty 180); week-1 projections TeamProjections_History.csv; final order 2023"
2024,1051381539596021760,NCAA PIONEER,10,26631.0,55511.0,116.1,174,0.4302,0.1844,0.2626,0.0335,0.2508,psv+wk1_proj+dynasty+last_final,"values TeamValuesPreseason_Historic.csv (PSV 180, dynasty 180); week-1 projections TeamProjections_History.csv; final order 2023"
2024,1051381539596021760,NCAA PIONEER,11,50050.0,68021.0,139.4,36,0.933,0.7486,0.6369,0.8045,0.7983,psv+wk1_proj+dynasty+last_final,"values TeamValuesPreseason_Historic.csv (PSV 180, dynasty 180); week-1 projections TeamProjections_History.csv; final order 2023"
2024,1051381539596021760,NCAA PIONEER,12,36168.0,66673.0,141.6,13,0.7039,0.7989,0.6145,0.933,0.7654,psv+wk1_proj+dynasty+last_final,"values TeamValuesPreseason_Historic.csv (PSV 180, dynasty 180); week-1 projections TeamProjections_History.csv; final order 2023"
2024,1051381539596021760,NCAA PIONEER,2,27280.0,72686.0,131.43,102,0.4693,0.5475,0.7486,0.4358,0.533,psv+wk1_proj+dynasty+last_final,"values TeamValuesPreseason_Historic.csv (PSV 180, dynasty 180); week-1 projections TeamProjections_History.csv; final order 2023"
2024,1051381539596021760,NCAA PIONEER,3,29712.0,61457.0,128.64,121,0.514,0.4358,0.4637,0.3296,0.4514,psv+wk1_proj+dynasty+last_final,"values TeamValuesPreseason_Historic.csv (PSV 180, dynasty 180); week-1 projections TeamProjections_History.csv; final order 2023"
2024,1051381539596021760,NCAA PIONEER,4,21781.0,76880.0,126.18,162,0.2402,0.3743,0.8212,0.1006,0.3514,psv+wk1_proj+dynasty+last_final,"values TeamValuesPreseason_Historic.csv (PSV 180, dynasty 180); week-1 projections TeamProjections_History.csv; final order 2023"
2024,1051381539596021760,NCAA PIONEER,5,18734.0,46338.0,122.12,47,0.1564,0.2793,0.0894,0.743,0.2698,psv+wk1_proj+dynasty+last_final,"values TeamValuesPreseason_Historic.csv (PSV 180, dynasty 180); week-1 projections TeamProjections_History.csv; final order 2023"
2024,1051381539596021760,NCAA PIONEER,6,30634.0,50174.0,129.43,77,0.5642,0.4693,0.1676,0.5754,0.4782,psv+wk1_proj+dynasty+last_final,"values TeamValuesPreseason_Historic.csv (PSV 180, dynasty 180); week-1 projections TeamProjections_History.csv; final order 2023"
2024,1051381539596021760,NCAA PIONEER,7,19627.0,62899.0,92.5,70,0.1732,0.0168,0.5028,0.6145,0.1721,psv+wk1_proj+dynasty+last_final,"values TeamValuesPreseason_Historic.csv (PSV 180, dynasty 180); week-1 projections TeamProjections_History.csv; final order 2023"
2024,1051381539596021760,NCAA PIONEER,8,41025.0,68289.0,147.58,27,0.8156,0.9218,0.648,0.8547,0.8559,psv+wk1_proj+dynasty+last_final,"values TeamValuesPreseason_Historic.csv (PSV 180, dynasty 180); week-1 projections TeamProjections_History.csv; final order 2023"
2024,1051381539596021760,NCAA PIONEER,9,25390.0,65385.0,124.91,127,0.3855,0.3464,0.5754,0.2961,0.376,psv+wk1_proj+dynasty+last_final,"values TeamValuesPreseason_Historic.csv (PSV 180, dynasty 180); week-1 projections TeamProjections_History.csv; final order 2023"
2024,1051381575037931520,NCAA SUN BELT,1,48648.0,73290.0,149.84,75,0.9162,0.9441,0.7598,0.5866,0.8816,psv+wk1_proj+dynasty+last_final,"values TeamValuesPreseason_Historic.csv (PSV 180, dynasty 180); week-1 projections TeamProjections_History.csv; final order 2023"
2024,1051381575037931520,NCAA SUN BELT,10,38238.0,55480.0,146.48,24,0.7598,0.8939,0.257,0.8715,0.7877,psv+wk1_proj+dynasty+last_final,"values TeamValuesPreseason_Historic.csv (PSV 180, dynasty 180); week-1 projections TeamProjections_History.csv; final order 2023"
2024,1051381575037931520,NCAA SUN BELT,11,25772.0,56735.0,128.97,129,0.3966,0.4525,0.3073,0.2849,0.4045,psv+wk1_proj+dynasty+last_final,"values TeamValuesPreseason_Historic.csv (PSV 180, dynasty 180); week-1 projections TeamProjections_History.csv; final order 2023"
2024,1051381575037931520,NCAA SUN BELT,12,16067.0,51663.0,123.78,64,0.1229,0.3184,0.2067,0.648,0.2816,psv+wk1_proj+dynasty+last_final,"values TeamValuesPreseason_Historic.csv (PSV 180, dynasty 180); week-1 projections TeamProjections_History.csv; final order 2023"
2024,1051381575037931520,NCAA SUN BELT,2,42587.0,57006.0,146.75,44,0.8659,0.905,0.3296,0.7598,0.8212,psv+wk1_proj+dynasty+last_final,"values TeamValuesPreseason_Historic.csv (PSV 180, dynasty 180); week-1 projections TeamProjections_History.csv; final order 2023"
2024,1051381575037931520,NCAA SUN BELT,3,21031.0,77718.0,130.29,175,0.2123,0.4916,0.8547,0.0279,0.3978,psv+wk1_proj+dynasty+last_final,"values TeamValuesPreseason_Historic.csv (PSV 180, dynasty 180); week-1 projections TeamProjections_History.csv; final order 2023"
2024,1051381575037931520,NCAA SUN BELT,4,21349.0,42191.0,115.67,98,0.2291,0.1732,0.0391,0.4581,0.205,psv+wk1_proj+dynasty+last_final,"values TeamValuesPreseason_Historic.csv (PSV 180, dynasty 180); week-1 projections TeamProjections_History.csv; final order 2023"
2024,1051381575037931520,NCAA SUN BELT,5,13514.0,64488.0,110.82,146,0.0838,0.1229,0.5475,0.1899,0.1603,psv+wk1_proj+dynasty+last_final,"values TeamValuesPreseason_Historic.csv (PSV 180, dynasty 180); week-1 projections TeamProjections_History.csv; final order 2023"
2024,1051381575037931520,NCAA SUN BELT,6,40626.0,79562.0,144.41,76,0.7989,0.8659,0.8883,0.581,0.8196,psv+wk1_proj+dynasty+last_final,"values TeamValuesPreseason_Historic.csv (PSV 180, dynasty 180); week-1 projections TeamProjections_History.csv; final order 2023"
2024,1051381575037931520,NCAA SUN BELT,7,43103.0,62121.0,120.2,5,0.8771,0.257,0.4804,0.9777,0.5374,psv+wk1_proj+dynasty+last_final,"values TeamValuesPreseason_Historic.csv (PSV 180, dynasty 180); week-1 projections TeamProjections_History.csv; final order 2023"
2024,1051381575037931520,NCAA SUN BELT,8,44014.0,79560.0,145.36,37,0.8883,0.8771,0.8827,0.7989,0.8732,psv+wk1_proj+dynasty+last_final,"values TeamValuesPreseason_Historic.csv (PSV 180, dynasty 180); week-1 projections TeamProjections_History.csv; final order 2023"
2024,1051381575037931520,NCAA SUN BELT,9,21026.0,65014.0,117.94,166,0.2067,0.2179,0.5642,0.0782,0.2352,psv+wk1_proj+dynasty+last_final,"values TeamValuesPreseason_Historic.csv (PSV 180, dynasty 180); week-1 projections TeamProjections_History.csv; final order 2023"
2024,1051381610739847168,NCAA BIG EAST & CO.,1,25964.0,57744.0,124.87,105,0.4134,0.3408,0.3464,0.419,0.3709,psv+wk1_proj+dynasty+last_final,"values TeamValuesPreseason_Historic.csv (PSV 180, dynasty 180); week-1 projections TeamProjections_History.csv; final order 2023"
2024,1051381610739847168,NCAA BIG EAST & CO.,10,14383.0,42852.0,104.15,163,0.0894,0.0559,0.0559,0.095,0.0698,psv+wk1_proj+dynasty+last_final,"values TeamValuesPreseason_Historic.csv (PSV 180, dynasty 180); week-1 projections TeamProjections_History.csv; final order 2023"
2024,1051381610739847168,NCAA BIG EAST & CO.,11,32960.0,57981.0,137.98,171,0.6313,0.7095,0.3631,0.0503,0.5855,psv+wk1_proj+dynasty+last_final,"values TeamValuesPreseason_Historic.csv (PSV 180, dynasty 180); week-1 projections TeamProjections_History.csv; final order 2023"
2024,1051381610739847168,NCAA BIG EAST & CO.,12,31065.0,78617.0,133.05,52,0.5698,0.5922,0.8659,0.7151,0.6251,psv+wk1_proj+dynasty+last_final,"values TeamValuesPreseason_Historic.csv (PSV 180, dynasty 180); week-1 projections TeamProjections_History.csv; final order 2023"
2024,1051381610739847168,NCAA BIG EAST & CO.,2,18231.0,44363.0,109.46,149,0.1453,0.1061,0.0726,0.1732,0.1212,psv+wk1_proj+dynasty+last_final,"values TeamValuesPreseason_Historic.csv (PSV 180, dynasty 180); week-1 projections TeamProjections_History.csv; final order 2023"
2024,1051381610739847168,NCAA BIG EAST & CO.,3,22867.0,59232.0,125.26,165,0.2682,0.352,0.3911,0.0838,0.3039,psv+wk1_proj+dynasty+last_final,"values TeamValuesPreseason_Historic.csv (PSV 180, dynasty 180); week-1 projections TeamProjections_History.csv; final order 2023"
2024,1051381610739847168,NCAA BIG EAST & CO.,4,26946.0,59864.0,130.51,49,0.4525,0.5084,0.419,0.7318,0.505,psv+wk1_proj+dynasty+last_final,"values TeamValuesPreseason_Historic.csv (PSV 180, dynasty 180); week-1 projections TeamProjections_History.csv; final order 2023"
2024,1051381610739847168,NCAA BIG EAST & CO.,5,32848.0,73454.0,137.31,72,0.6201,0.6872,0.7654,0.6034,0.6665,psv+wk1_proj+dynasty+last_final,"values TeamValuesPreseason_Historic.csv (PSV 180, dynasty 180); week-1 projections TeamProjections_History.csv; final order 2023"
2024,1051381610739847168,NCAA BIG EAST & CO.,6,37250.0,72267.0,139.77,90,0.7318,0.7542,0.743,0.5028,0.7212,psv+wk1_proj+dynasty+last_final,"values TeamValuesPreseason_Historic.csv (PSV 180, dynasty 180); week-1 projections TeamProjections_History.csv; final order 2023"
2024,1051381610739847168,NCAA BIG EAST & CO.,7,57547.0,102926.0,157.16,12,0.9721,0.9777,0.9888,0.9385,0.9732,psv+wk1_proj+dynasty+last_final,"values TeamValuesPreseason_Historic.csv (PSV 180, dynasty 180); week-1 projections TeamProjections_History.csv; final order 2023"
2024,1051381610739847168,NCAA BIG EAST & CO.,8,31655.0,55619.0,119.99,19,0.5922,0.2458,0.2682,0.8994,0.4173,psv+wk1_proj+dynasty+last_final,"values TeamValuesPreseason_Historic.csv (PSV 180, dynasty 180); week-1 projections TeamProjections_History.csv; final order 2023"
2024,1051381610739847168,NCAA BIG EAST & CO.,9,24362.0,62457.0,114.64,157,0.3408,0.162,0.4972,0.1285,0.2458,psv+wk1_proj+dynasty+last_final,"values TeamValuesPreseason_Historic.csv (PSV 180, dynasty 180); week-1 projections TeamProjections_History.csv; final order 2023"
2024,1051381651198078976,NCAA SEC,1,23743.0,53163.0,128.57,107,0.3296,0.4302,0.2402,0.4078,0.3788,psv+wk1_proj+dynasty+last_final,"values TeamValuesPreseason_Historic.csv (PSV 180, dynasty 180); week-1 projections TeamProjections_History.csv; final order 2023"
2024,1051381651198078976,NCAA SEC,10,27610.0,76171.0,132.53,124,0.4749,0.5642,0.8045,0.3128,0.5363,psv+wk1_proj+dynasty+last_final,"values TeamValuesPreseason_Historic.csv (PSV 180, dynasty 180); week-1 projections TeamProjections_History.csv; final order 2023"
2024,1051381651198078976,NCAA SEC,11,15505.0,58850.0,117.32,136,0.1061,0.1955,0.3799,0.2458,0.1922,psv+wk1_proj+dynasty+last_final,"values TeamValuesPreseason_Historic.csv (PSV 180, dynasty 180); week-1 projections TeamProjections_History.csv; final order 2023"
2024,1051381651198078976,NCAA SEC,12,13214.0,59519.0,107.16,159,0.0726,0.0894,0.4078,0.1173,0.119,psv+wk1_proj+dynasty+last_final,"values TeamValuesPreseason_Historic.csv (PSV 180, dynasty 180); week-1 projections TeamProjections_History.csv; final order 2023"
2024,1051381651198078976,NCAA SEC,2,50156.0,78890.0,134.57,1,0.9385,0.6425,0.8715,1.0,0.7899,psv+wk1_proj+dynasty+last_final,"values TeamValuesPreseason_Historic.csv (PSV 180, dynasty 180); week-1 projections TeamProjections_History.csv; final order 2023"
2024,1051381651198078976,NCAA SEC,3,30122.0,59344.0,138.3,103,0.5307,0.7151,0.4022,0.4302,0.6,psv+wk1_proj+dynasty+last_final,"values TeamValuesPreseason_Historic.csv (PSV 180, dynasty 180); week-1 projections TeamProjections_History.csv; final order 2023"
2024,1051381651198078976,NCAA SEC,4,47688.0,82453.0,146.63,34,0.8939,0.8994,0.9218,0.8156,0.8916,psv+wk1_proj+dynasty+last_final,"values TeamValuesPreseason_Historic.csv (PSV 180, dynasty 180); week-1 projections TeamProjections_History.csv; final order 2023"
2024,1051381651198078976,NCAA SEC,5,30490.0,51516.0,132.23,96,0.5531,0.5531,0.2011,0.4693,0.5095,psv+wk1_proj+dynasty+last_final,"values TeamValuesPreseason_Historic.csv (PSV 180, dynasty 180); week-1 projections TeamProjections_History.csv; final order 2023"
2024,1051381651198078976,NCAA SEC,6,48701.0,81212.0,146.27,11,0.9218,0.8883,0.9106,0.9441,0.9061,psv+wk1_proj+dynasty+last_final,"values TeamValuesPreseason_Historic.csv (PSV 180, dynasty 180); week-1 projections TeamProjections_History.csv; final order 2023"
2024,1051381651198078976,NCAA SEC,7,27016.0,55766.0,131.19,108,0.4581,0.5363,0.2793,0.4022,0.4737,psv+wk1_proj+dynasty+last_final,"values TeamValuesPreseason_Historic.csv (PSV 180, dynasty 180); week-1 projections TeamProjections_History.csv; final order 2023"
2024,1051381651198078976,NCAA SEC,8,42092.0,67007.0,143.95,30,0.8492,0.8492,0.6201,0.838,0.8251,psv+wk1_proj+dynasty+last_final,"values TeamValuesPreseason_Historic.csv (PSV 180, dynasty 180); week-1 projections TeamProjections_History.csv; final order 2023"
2024,1051381651198078976,NCAA SEC,9,3977.0,40117.0,81.86,180,0.0,0.0112,0.0279,0.0,0.0084,psv+wk1_proj+dynasty+last_final,"values TeamValuesPreseason_Historic.csv (PSV 180, dynasty 180); week-1 projections TeamProjections_History.csv; final order 2023"
2024,1051381689932468224,NCAA BIG 12,1,30302.0,58211.0,132.66,94,0.5419,0.5698,0.3687,0.4804,0.5324,psv+wk1_proj+dynasty+last_final,"values TeamValuesPreseason_Historic.csv (PSV 180, dynasty 180); week-1 projections TeamProjections_History.csv; final order 2023"
2024,1051381689932468224,NCAA BIG 12,10,15977.0,35693.0,105.77,153,0.1173,0.0726,0.0168,0.1508,0.0883,psv+wk1_proj+dynasty+last_final,"values TeamValuesPreseason_Historic.csv (PSV 180, dynasty 180); week-1 projections TeamProjections_History.csv; final order 2023"
2024,1051381689932468224,NCAA BIG 12,11,33831.0,75389.0,140.32,63,0.6536,0.7709,0.7933,0.6536,0.7263,psv+wk1_proj+dynasty+last_final,"values TeamValuesPreseason_Historic.csv (PSV 180, dynasty 180); week-1 projections TeamProjections_History.csv; final order 2023"
2024,1051381689932468224,NCAA BIG 12,12,25785.0,50337.0,130.31,35,0.4022,0.4972,0.1732,0.8101,0.4676,psv+wk1_proj+dynasty+last_final,"values TeamValuesPreseason_Historic.csv (PSV 180, dynasty 180); week-1 projections TeamProjections_History.csv; final order 2023"
2024,1051381689932468224,NCAA BIG 12,2,34988.0,62435.0,126.23,29,0.6816,0.3799,0.4916,0.8436,0.5279,psv+wk1_proj+dynasty+last_final,"values TeamValuesPreseason_Historic.csv (PSV 180, dynasty 180); week-1 projections TeamProjections_History.csv; final order 2023"
2024,1051381689932468224,NCAA BIG 12,3,7167.0,46963.0,75.24,172,0.0168,0.0,0.1006,0.0447,0.0196,psv+wk1_proj+dynasty+last_final,"values TeamValuesPreseason_Historic.csv (PSV 180, dynasty 180); week-1 projections TeamProjections_History.csv; final order 2023"
2024,1051381689932468224,NCAA BIG 12,4,37254.0,82989.0,140.41,38,0.7374,0.7765,0.9274,0.7933,0.7816,psv+wk1_proj+dynasty+last_final,"values TeamValuesPreseason_Historic.csv (PSV 180, dynasty 180); week-1 projections TeamProjections_History.csv; final order 2023"
2024,1051381689932468224,NCAA BIG 12,5,62733.0,101870.0,157.68,18,0.9944,0.9832,0.9832,0.905,0.9788,psv+wk1_proj+dynasty+last_final,"values TeamValuesPreseason_Historic.csv (PSV 180, dynasty 180); week-1 projections TeamProjections_History.csv; final order 2023"
2024,1051381689932468224,NCAA BIG 12,6,23665.0,56552.0,123.23,82,0.3184,0.3128,0.3017,0.5475,0.3369,psv+wk1_proj+dynasty+last_final,"values TeamValuesPreseason_Historic.csv (PSV 180, dynasty 180); week-1 projections TeamProjections_History.csv; final order 2023"
2024,1051381689932468224,NCAA BIG 12,7,31158.0,75130.0,133.31,71,0.5754,0.5978,0.7821,0.6089,0.6106,psv+wk1_proj+dynasty+last_final,"values TeamValuesPreseason_Historic.csv (PSV 180, dynasty 180); week-1 projections TeamProjections_History.csv; final order 2023"
2024,1051381689932468224,NCAA BIG 12,8,41063.0,66045.0,149.14,67,0.8212,0.933,0.5866,0.6313,0.8346,psv+wk1_proj+dynasty+last_final,"values TeamValuesPreseason_Historic.csv (PSV 180, dynasty 180); week-1 projections TeamProjections_History.csv; final order 2023"
2024,1051381689932468224,NCAA BIG 12,9,10561.0,56034.0,99.41,177,0.0559,0.0391,0.2905,0.0168,0.067,psv+wk1_proj+dynasty+last_final,"values TeamValuesPreseason_Historic.csv (PSV 180, dynasty 180); week-1 projections TeamProjections_History.csv; final order 2023"
2024,1051381725097500672,NCAA ACC,1,20020.0,48733.0,119.15,158,0.1788,0.2346,0.1397,0.1229,0.1972,psv+wk1_proj+dynasty+last_final,"values TeamValuesPreseason_Historic.csv (PSV 180, dynasty 180); week-1 projections TeamProjections_History.csv; final order 2023"
2024,1051381725097500672,NCAA ACC,10,33257.0,75831.0,138.45,101,0.6369,0.7207,0.7989,0.4413,0.6754,psv+wk1_proj+dynasty+last_final,"values TeamValuesPreseason_Historic.csv (PSV 180, dynasty 180); week-1 projections TeamProjections_History.csv; final order 2023"
2024,1051381725097500672,NCAA ACC,11,21685.0,56990.0,130.36,119,0.2346,0.5028,0.324,0.3408,0.3883,psv+wk1_proj+dynasty+last_final,"values TeamValuesPreseason_Historic.csv (PSV 180, dynasty 180); week-1 projections TeamProjections_History.csv; final order 2023"
2024,1051381725097500672,NCAA ACC,12,73483.0,91926.0,151.22,4,1.0,0.9553,0.9553,0.9832,0.9715,psv+wk1_proj+dynasty+last_final,"values TeamValuesPreseason_Historic.csv (PSV 180, dynasty 180); week-1 projections TeamProjections_History.csv; final order 2023"
2024,1051381725097500672,NCAA ACC,2,30567.0,64841.0,133.81,85,0.5587,0.6201,0.5587,0.5307,0.5866,psv+wk1_proj+dynasty+last_final,"values TeamValuesPreseason_Historic.csv (PSV 180, dynasty 180); week-1 projections TeamProjections_History.csv; final order 2023"
2024,1051381725097500672,NCAA ACC,3,12617.0,47868.0,108.7,161,0.067,0.095,0.1117,0.1061,0.0894,psv+wk1_proj+dynasty+last_final,"values TeamValuesPreseason_Historic.csv (PSV 180, dynasty 180); week-1 projections TeamProjections_History.csv; final order 2023"
2024,1051381725097500672,NCAA ACC,4,36734.0,94074.0,132.89,56,0.7151,0.581,0.9665,0.6927,0.6709,psv+wk1_proj+dynasty+last_final,"values TeamValuesPreseason_Historic.csv (PSV 180, dynasty 180); week-1 projections TeamProjections_History.csv; final order 2023"
2024,1051381725097500672,NCAA ACC,5,32855.0,59293.0,124.85,114,0.6257,0.3352,0.3966,0.3687,0.4318,psv+wk1_proj+dynasty+last_final,"values TeamValuesPreseason_Historic.csv (PSV 180, dynasty 180); week-1 projections TeamProjections_History.csv; final order 2023"
2024,1051381725097500672,NCAA ACC,6,26065.0,60421.0,120.68,134,0.419,0.2626,0.4358,0.257,0.3263,psv+wk1_proj+dynasty+last_final,"values TeamValuesPreseason_Historic.csv (PSV 180, dynasty 180); week-1 projections TeamProjections_History.csv; final order 2023"
2024,1051381725097500672,NCAA ACC,7,28940.0,61438.0,129.04,100,0.4972,0.4581,0.4581,0.4469,0.4687,psv+wk1_proj+dynasty+last_final,"values TeamValuesPreseason_Historic.csv (PSV 180, dynasty 180); week-1 projections TeamProjections_History.csv; final order 2023"
2024,1051381725097500672,NCAA ACC,8,17785.0,57258.0,117.02,42,0.1341,0.1899,0.3352,0.7709,0.2458,psv+wk1_proj+dynasty+last_final,"values TeamValuesPreseason_Historic.csv (PSV 180, dynasty 180); week-1 projections TeamProjections_History.csv; final order 2023"
2024,1051381725097500672,NCAA ACC,9,26691.0,47750.0,129.54,95,0.4358,0.4804,0.1061,0.4749,0.4291,psv+wk1_proj+dynasty+last_final,"values TeamValuesPreseason_Historic.csv (PSV 180, dynasty 180); week-1 projections TeamProjections_History.csv; final order 2023"
2024,1051381777098473472,NCAA PAC 12,1,8070.0,40646.0,100.53,154,0.0223,0.0447,0.0335,0.1453,0.0469,psv+wk1_proj+dynasty+last_final,"values TeamValuesPreseason_Historic.csv (PSV 180, dynasty 180); week-1 projections TeamProjections_History.csv; final order 2023"
2024,1051381777098473472,NCAA PAC 12,10,29660.0,49781.0,125.57,23,0.5084,0.3575,0.162,0.8771,0.4352,psv+wk1_proj+dynasty+last_final,"values TeamValuesPreseason_Historic.csv (PSV 180, dynasty 180); week-1 projections TeamProjections_History.csv; final order 2023"
2024,1051381777098473472,NCAA PAC 12,11,33977.0,68931.0,138.74,2,0.6592,0.7263,0.6648,0.9944,0.7268,psv+wk1_proj+dynasty+last_final,"values TeamValuesPreseason_Historic.csv (PSV 180, dynasty 180); week-1 projections TeamProjections_History.csv; final order 2023"
2024,1051381777098473472,NCAA PAC 12,12,35666.0,68522.0,135.84,53,0.6927,0.6648,0.6536,0.7095,0.6765,psv+wk1_proj+dynasty+last_final,"values TeamValuesPreseason_Historic.csv (PSV 180, dynasty 180); week-1 projections TeamProjections_History.csv; final order 2023"
2024,1051381777098473472,NCAA PAC 12,2,20977.0,66077.0,124.67,167,0.2011,0.3296,0.5922,0.0726,0.2916,psv+wk1_proj+dynasty+last_final,"values TeamValuesPreseason_Historic.csv (PSV 180, dynasty 180); week-1 projections TeamProjections_History.csv; final order 2023"
2024,1051381777098473472,NCAA PAC 12,3,32022.0,75312.0,135.3,117,0.5978,0.6536,0.7877,0.352,0.6201,psv+wk1_proj+dynasty+last_final,"values TeamValuesPreseason_Historic.csv (PSV 180, dynasty 180); week-1 projections TeamProjections_History.csv; final order 2023"
2024,1051381777098473472,NCAA PAC 12,4,37954.0,81057.0,145.89,112,0.7542,0.8827,0.8994,0.3799,0.7955,psv+wk1_proj+dynasty+last_final,"values TeamValuesPreseason_Historic.csv (PSV 180, dynasty 180); week-1 projections TeamProjections_History.csv; final order 2023"
2024,1051381777098473472,NCAA PAC 12,5,28413.0,57468.0,133.59,133,0.4916,0.6145,0.3408,0.2626,0.5151,psv+wk1_proj+dynasty+last_final,"values TeamValuesPreseason_Historic.csv (PSV 180, dynasty 180); week-1 projections TeamProjections_History.csv; final order 2023"
2024,1051381777098473472,NCAA PAC 12,6,23691.0,55818.0,125.58,66,0.324,0.3631,0.2849,0.6369,0.3709,psv+wk1_proj+dynasty+last_final,"values TeamValuesPreseason_Historic.csv (PSV 180, dynasty 180); week-1 projections TeamProjections_History.csv; final order 2023"
2024,1051381777098473472,NCAA PAC 12,7,62268.0,101297.0,144.49,9,0.9888,0.8715,0.9777,0.9553,0.9257,psv+wk1_proj+dynasty+last_final,"values TeamValuesPreseason_Historic.csv (PSV 180, dynasty 180); week-1 projections TeamProjections_History.csv; final order 2023"
2024,1051381777098473472,NCAA PAC 12,8,24472.0,51185.0,110.69,140,0.352,0.1173,0.1844,0.2235,0.205,psv+wk1_proj+dynasty+last_final,"values TeamValuesPreseason_Historic.csv (PSV 180, dynasty 180); week-1 projections TeamProjections_History.csv; final order 2023"
2024,1051381777098473472,NCAA PAC 12,9,23205.0,51346.0,127.52,144,0.2961,0.4078,0.1955,0.2011,0.3324,psv+wk1_proj+dynasty+last_final,"values TeamValuesPreseason_Historic.csv (PSV 180, dynasty 180); week-1 projections TeamProjections_History.csv; final order 2023"
2025,1183984327853932544,NCAA BIG EAST & CO.,1,23769.0,59304.0,135.72,135,0.2961,0.4525,0.2123,0.2514,0.3615,psv+wk1_proj+dynasty+last_final,"values TeamValuesPreseason_Historic.csv (PSV 180, dynasty 180); week-1 projections TeamProjections_History.csv; final order 2024"
2025,1183984327853932544,NCAA BIG EAST & CO.,10,21124.0,58473.0,111.14,152,0.2067,0.067,0.1844,0.1564,0.1296,psv+wk1_proj+dynasty+last_final,"values TeamValuesPreseason_Historic.csv (PSV 180, dynasty 180); week-1 projections TeamProjections_History.csv; final order 2024"
2025,1183984327853932544,NCAA BIG EAST & CO.,11,20902.0,62477.0,146.46,168,0.1955,0.7542,0.2961,0.067,0.4721,psv+wk1_proj+dynasty+last_final,"values TeamValuesPreseason_Historic.csv (PSV 180, dynasty 180); week-1 projections TeamProjections_History.csv; final order 2024"
2025,1183984327853932544,NCAA BIG EAST & CO.,12,36239.0,88044.0,139.24,63,0.7598,0.5363,0.9274,0.6536,0.6542,psv+wk1_proj+dynasty+last_final,"values TeamValuesPreseason_Historic.csv (PSV 180, dynasty 180); week-1 projections TeamProjections_History.csv; final order 2024"
2025,1183984327853932544,NCAA BIG EAST & CO.,2,24173.0,58072.0,140.27,171,0.3296,0.5866,0.1788,0.0503,0.4151,psv+wk1_proj+dynasty+last_final,"values TeamValuesPreseason_Historic.csv (PSV 180, dynasty 180); week-1 projections TeamProjections_History.csv; final order 2024"
2025,1183984327853932544,NCAA BIG EAST & CO.,3,23946.0,69060.0,126.45,149,0.3128,0.2123,0.4804,0.1732,0.2654,psv+wk1_proj+dynasty+last_final,"values TeamValuesPreseason_Historic.csv (PSV 180, dynasty 180); week-1 projections TeamProjections_History.csv; final order 2024"
2025,1183984327853932544,NCAA BIG EAST & CO.,4,34889.0,78308.0,142.48,79,0.7151,0.6536,0.7709,0.5642,0.6749,psv+wk1_proj+dynasty+last_final,"values TeamValuesPreseason_Historic.csv (PSV 180, dynasty 180); week-1 projections TeamProjections_History.csv; final order 2024"
2025,1183984327853932544,NCAA BIG EAST & CO.,5,30790.0,69621.0,131.63,56,0.6201,0.324,0.5028,0.6927,0.4676,psv+wk1_proj+dynasty+last_final,"values TeamValuesPreseason_Historic.csv (PSV 180, dynasty 180); week-1 projections TeamProjections_History.csv; final order 2024"
2025,1183984327853932544,NCAA BIG EAST & CO.,6,32889.0,69988.0,141.48,8,0.676,0.6201,0.514,0.9609,0.6603,psv+wk1_proj+dynasty+last_final,"values TeamValuesPreseason_Historic.csv (PSV 180, dynasty 180); week-1 projections TeamProjections_History.csv; final order 2024"
2025,1183984327853932544,NCAA BIG EAST & CO.,7,53894.0,101508.0,159.77,7,0.9832,0.9553,1.0,0.9665,0.9693,psv+wk1_proj+dynasty+last_final,"values TeamValuesPreseason_Historic.csv (PSV 180, dynasty 180); week-1 projections TeamProjections_History.csv; final order 2024"
2025,1183984327853932544,NCAA BIG EAST & CO.,8,22205.0,54811.0,132.25,85,0.2346,0.352,0.1229,0.5307,0.3117,psv+wk1_proj+dynasty+last_final,"values TeamValuesPreseason_Historic.csv (PSV 180, dynasty 180); week-1 projections TeamProjections_History.csv; final order 2024"
2025,1183984327853932544,NCAA BIG EAST & CO.,9,20873.0,66921.0,133.78,111,0.1899,0.3966,0.4413,0.3855,0.338,psv+wk1_proj+dynasty+last_final,"values TeamValuesPreseason_Historic.csv (PSV 180, dynasty 180); week-1 projections TeamProjections_History.csv; final order 2024"
2025,1187162832969211904,NCAA BIG 10,1,39474.0,61909.0,153.2,11,0.8603,0.8715,0.2849,0.9441,0.8168,psv+wk1_proj+dynasty+last_final,"values TeamValuesPreseason_Historic.csv (PSV 180, dynasty 180); week-1 projections TeamProjections_History.csv; final order 2024"
2025,1187162832969211904,NCAA BIG 10,10,29348.0,76715.0,132.19,116,0.5531,0.3408,0.7095,0.3575,0.443,psv+wk1_proj+dynasty+last_final,"values TeamValuesPreseason_Historic.csv (PSV 180, dynasty 180); week-1 projections TeamProjections_History.csv; final order 2024"
2025,1187162832969211904,NCAA BIG 10,11,40864.0,96107.0,163.42,115,0.8883,0.9721,0.9721,0.3631,0.886,psv+wk1_proj+dynasty+last_final,"values TeamValuesPreseason_Historic.csv (PSV 180, dynasty 180); week-1 projections TeamProjections_History.csv; final order 2024"
2025,1187162832969211904,NCAA BIG 10,12,30309.0,71163.0,139.76,77,0.5922,0.5698,0.5419,0.5754,0.5743,psv+wk1_proj+dynasty+last_final,"values TeamValuesPreseason_Historic.csv (PSV 180, dynasty 180); week-1 projections TeamProjections_History.csv; final order 2024"
2025,1187162832969211904,NCAA BIG 10,2,41360.0,86507.0,152.33,42,0.8994,0.838,0.9106,0.7709,0.857,psv+wk1_proj+dynasty+last_final,"values TeamValuesPreseason_Historic.csv (PSV 180, dynasty 180); week-1 projections TeamProjections_History.csv; final order 2024"
2025,1187162832969211904,NCAA BIG 10,3,14277.0,58069.0,103.37,159,0.0447,0.0335,0.1732,0.1173,0.0592,psv+wk1_proj+dynasty+last_final,"values TeamValuesPreseason_Historic.csv (PSV 180, dynasty 180); week-1 projections TeamProjections_History.csv; final order 2024"
2025,1187162832969211904,NCAA BIG 10,4,18931.0,51798.0,120.02,145,0.1061,0.1285,0.0782,0.1955,0.1235,psv+wk1_proj+dynasty+last_final,"values TeamValuesPreseason_Historic.csv (PSV 180, dynasty 180); week-1 projections TeamProjections_History.csv; final order 2024"
2025,1187162832969211904,NCAA BIG 10,5,21015.0,73203.0,130.96,124,0.2011,0.2961,0.6201,0.3128,0.3017,psv+wk1_proj+dynasty+last_final,"values TeamValuesPreseason_Historic.csv (PSV 180, dynasty 180); week-1 projections TeamProjections_History.csv; final order 2024"
2025,1187162832969211904,NCAA BIG 10,6,19271.0,71949.0,138.24,76,0.1145,0.4916,0.5698,0.581,0.3953,psv+wk1_proj+dynasty+last_final,"values TeamValuesPreseason_Historic.csv (PSV 180, dynasty 180); week-1 projections TeamProjections_History.csv; final order 2024"
2025,1187162832969211904,NCAA BIG 10,7,54478.0,84078.0,160.1,2,0.9888,0.9609,0.8715,0.9944,0.9637,psv+wk1_proj+dynasty+last_final,"values TeamValuesPreseason_Historic.csv (PSV 180, dynasty 180); week-1 projections TeamProjections_History.csv; final order 2024"
2025,1187162832969211904,NCAA BIG 10,8,18171.0,48282.0,127.68,172,0.1006,0.2458,0.0335,0.0447,0.1609,psv+wk1_proj+dynasty+last_final,"values TeamValuesPreseason_Historic.csv (PSV 180, dynasty 180); week-1 projections TeamProjections_History.csv; final order 2024"
2025,1187162832969211904,NCAA BIG 10,9,28972.0,56193.0,125.56,25,0.5307,0.2011,0.1508,0.8659,0.3615,psv+wk1_proj+dynasty+last_final,"values TeamValuesPreseason_Historic.csv (PSV 180, dynasty 180); week-1 projections TeamProjections_History.csv; final order 2024"
2025,1188461140190814208,NCAA SEC,1,22760.0,55995.0,123.27,18,0.257,0.1676,0.1397,0.905,0.2654,psv+wk1_proj+dynasty+last_final,"values TeamValuesPreseason_Historic.csv (PSV 180, dynasty 180); week-1 projections TeamProjections_History.csv; final order 2024"
2025,1188461140190814208,NCAA SEC,10,36560.0,88144.0,147.95,97,0.7709,0.7821,0.933,0.4637,0.762,psv+wk1_proj+dynasty+last_final,"values TeamValuesPreseason_Historic.csv (PSV 180, dynasty 180); week-1 projections TeamProjections_History.csv; final order 2024"
2025,1188461140190814208,NCAA SEC,11,28237.0,77150.0,134.68,178,0.4972,0.4134,0.7263,0.0112,0.4296,psv+wk1_proj+dynasty+last_final,"values TeamValuesPreseason_Historic.csv (PSV 180, dynasty 180); week-1 projections TeamProjections_History.csv; final order 2024"
2025,1188461140190814208,NCAA SEC,12,28539.0,75360.0,130.66,141,0.514,0.2905,0.676,0.2179,0.3888,psv+wk1_proj+dynasty+last_final,"values TeamValuesPreseason_Historic.csv (PSV 180, dynasty 180); week-1 projections TeamProjections_History.csv; final order 2024"
2025,1188461140190814208,NCAA SEC,2,38947.0,75212.0,150.4,53,0.8324,0.8101,0.6704,0.7095,0.7927,psv+wk1_proj+dynasty+last_final,"values TeamValuesPreseason_Historic.csv (PSV 180, dynasty 180); week-1 projections TeamProjections_History.csv; final order 2024"
2025,1188461140190814208,NCAA SEC,3,28836.0,65647.0,133.88,60,0.5251,0.4022,0.3966,0.6704,0.4654,psv+wk1_proj+dynasty+last_final,"values TeamValuesPreseason_Historic.csv (PSV 180, dynasty 180); week-1 projections TeamProjections_History.csv; final order 2024"
2025,1188461140190814208,NCAA SEC,4,39972.0,78105.0,158.29,40,0.8659,0.9385,0.7654,0.7821,0.8838,psv+wk1_proj+dynasty+last_final,"values TeamValuesPreseason_Historic.csv (PSV 180, dynasty 180); week-1 projections TeamProjections_History.csv; final order 2024"
2025,1188461140190814208,NCAA SEC,5,24411.0,56050.0,144.01,75,0.3408,0.6983,0.1453,0.5866,0.5246,psv+wk1_proj+dynasty+last_final,"values TeamValuesPreseason_Historic.csv (PSV 180, dynasty 180); week-1 projections TeamProjections_History.csv; final order 2024"
2025,1188461140190814208,NCAA SEC,6,46306.0,86908.0,159.4,36,0.9609,0.9497,0.9218,0.8045,0.9358,psv+wk1_proj+dynasty+last_final,"values TeamValuesPreseason_Historic.csv (PSV 180, dynasty 180); week-1 projections TeamProjections_History.csv; final order 2024"
2025,1188461140190814208,NCAA SEC,7,11985.0,50066.0,112.59,100,0.0223,0.0838,0.0615,0.4469,0.0994,psv+wk1_proj+dynasty+last_final,"values TeamValuesPreseason_Historic.csv (PSV 180, dynasty 180); week-1 projections TeamProjections_History.csv; final order 2024"
2025,1188461140190814208,NCAA SEC,8,30775.0,74149.0,119.47,89,0.6145,0.1173,0.6369,0.5084,0.3575,psv+wk1_proj+dynasty+last_final,"values TeamValuesPreseason_Historic.csv (PSV 180, dynasty 180); week-1 projections TeamProjections_History.csv; final order 2024"
2025,1188461140190814208,NCAA SEC,9,14945.0,52069.0,104.31,165,0.067,0.0447,0.0894,0.0838,0.0598,psv+wk1_proj+dynasty+last_final,"values TeamValuesPreseason_Historic.csv (PSV 180, dynasty 180); week-1 projections TeamProjections_History.csv; final order 2024"
2025,1192383038721757184,NCAA PAC 12,1,9544.0,54238.0,108.56,169,0.0168,0.0559,0.1173,0.0615,0.0508,psv+wk1_proj+dynasty+last_final,"values TeamValuesPreseason_Historic.csv (PSV 180, dynasty 180); week-1 projections TeamProjections_History.csv; final order 2024"
2025,1192383038721757184,NCAA PAC 12,10,32702.0,53125.0,135.74,55,0.6704,0.4581,0.1061,0.6983,0.5106,psv+wk1_proj+dynasty+last_final,"values TeamValuesPreseason_Historic.csv (PSV 180, dynasty 180); week-1 projections TeamProjections_History.csv; final order 2024"
2025,1192383038721757184,NCAA PAC 12,11,27537.0,71633.0,145.79,82,0.4581,0.743,0.5587,0.5475,0.6196,psv+wk1_proj+dynasty+last_final,"values TeamValuesPreseason_Historic.csv (PSV 180, dynasty 180); week-1 projections TeamProjections_History.csv; final order 2024"
2025,1192383038721757184,NCAA PAC 12,12,40958.0,75058.0,155.66,3,0.8939,0.9218,0.6648,0.9888,0.8944,psv+wk1_proj+dynasty+last_final,"values TeamValuesPreseason_Historic.csv (PSV 180, dynasty 180); week-1 projections TeamProjections_History.csv; final order 2024"
2025,1192383038721757184,NCAA PAC 12,2,31197.0,75731.0,140.47,161,0.6369,0.5922,0.6872,0.1061,0.5665,psv+wk1_proj+dynasty+last_final,"values TeamValuesPreseason_Historic.csv (PSV 180, dynasty 180); week-1 projections TeamProjections_History.csv; final order 2024"
2025,1192383038721757184,NCAA PAC 12,3,27977.0,76435.0,139.25,142,0.486,0.5419,0.6983,0.2123,0.5078,psv+wk1_proj+dynasty+last_final,"values TeamValuesPreseason_Historic.csv (PSV 180, dynasty 180); week-1 projections TeamProjections_History.csv; final order 2024"
2025,1192383038721757184,NCAA PAC 12,4,46168.0,95162.0,162.21,1,0.9553,0.9665,0.9665,1.0,0.9665,psv+wk1_proj+dynasty+last_final,"values TeamValuesPreseason_Historic.csv (PSV 180, dynasty 180); week-1 projections TeamProjections_History.csv; final order 2024"
2025,1192383038721757184,NCAA PAC 12,5,27175.0,61348.0,139.44,70,0.4358,0.5531,0.2737,0.6145,0.4961,psv+wk1_proj+dynasty+last_final,"values TeamValuesPreseason_Historic.csv (PSV 180, dynasty 180); week-1 projections TeamProjections_History.csv; final order 2024"
2025,1192383038721757184,NCAA PAC 12,6,26090.0,60302.0,141.08,80,0.4022,0.6089,0.2458,0.5587,0.5056,psv+wk1_proj+dynasty+last_final,"values TeamValuesPreseason_Historic.csv (PSV 180, dynasty 180); week-1 projections TeamProjections_History.csv; final order 2024"
2025,1192383038721757184,NCAA PAC 12,7,49135.0,95015.0,163.8,17,0.9665,0.9777,0.9609,0.9106,0.9659,psv+wk1_proj+dynasty+last_final,"values TeamValuesPreseason_Historic.csv (PSV 180, dynasty 180); week-1 projections TeamProjections_History.csv; final order 2024"
2025,1192383038721757184,NCAA PAC 12,8,19288.0,61142.0,113.78,91,0.1229,0.0894,0.2682,0.4972,0.1581,psv+wk1_proj+dynasty+last_final,"values TeamValuesPreseason_Historic.csv (PSV 180, dynasty 180); week-1 projections TeamProjections_History.csv; final order 2024"
2025,1192383038721757184,NCAA PAC 12,9,12901.0,57585.0,91.13,120,0.0279,0.0056,0.1676,0.3352,0.0615,psv+wk1_proj+dynasty+last_final,"values TeamValuesPreseason_Historic.csv (PSV 180, dynasty 180); week-1 projections TeamProjections_History.csv; final order 2024"
2025,1192383069776863232,NCAA ACC,1,37535.0,62526.0,149.12,62,0.8156,0.7877,0.3017,0.6592,0.7346,psv+wk1_proj+dynasty+last_final,"values TeamValuesPreseason_Historic.csv (PSV 180, dynasty 180); week-1 projections TeamProjections_History.csv; final order 2024"
2025,1192383069776863232,NCAA ACC,10,34579.0,80440.0,150.2,72,0.7095,0.8045,0.7933,0.6034,0.7547,psv+wk1_proj+dynasty+last_final,"values TeamValuesPreseason_Historic.csv (PSV 180, dynasty 180); week-1 projections TeamProjections_History.csv; final order 2024"
2025,1192383069776863232,NCAA ACC,11,26058.0,63136.0,141.22,122,0.3966,0.6145,0.324,0.324,0.4911,psv+wk1_proj+dynasty+last_final,"values TeamValuesPreseason_Historic.csv (PSV 180, dynasty 180); week-1 projections TeamProjections_History.csv; final order 2024"
2025,1192383069776863232,NCAA ACC,12,52297.0,85482.0,168.68,4,0.9777,0.9888,0.8883,0.9832,0.9749,psv+wk1_proj+dynasty+last_final,"values TeamValuesPreseason_Historic.csv (PSV 180, dynasty 180); week-1 projections TeamProjections_History.csv; final order 2024"
2025,1192383069776863232,NCAA ACC,2,17716.0,64920.0,139.46,67,0.0894,0.5587,0.352,0.6313,0.4045,psv+wk1_proj+dynasty+last_final,"values TeamValuesPreseason_Historic.csv (PSV 180, dynasty 180); week-1 projections TeamProjections_History.csv; final order 2024"
2025,1192383069776863232,NCAA ACC,3,22977.0,68428.0,139.27,138,0.2737,0.5475,0.4637,0.2346,0.4257,psv+wk1_proj+dynasty+last_final,"values TeamValuesPreseason_Historic.csv (PSV 180, dynasty 180); week-1 projections TeamProjections_History.csv; final order 2024"
2025,1192383069776863232,NCAA ACC,4,32239.0,90137.0,146.11,98,0.6536,0.7486,0.9385,0.4581,0.7101,psv+wk1_proj+dynasty+last_final,"values TeamValuesPreseason_Historic.csv (PSV 180, dynasty 180); week-1 projections TeamProjections_History.csv; final order 2024"
2025,1192383069776863232,NCAA ACC,5,26978.0,59840.0,117.65,144,0.4246,0.095,0.2291,0.2011,0.2179,psv+wk1_proj+dynasty+last_final,"values TeamValuesPreseason_Historic.csv (PSV 180, dynasty 180); week-1 projections TeamProjections_History.csv; final order 2024"
2025,1192383069776863232,NCAA ACC,6,25831.0,65954.0,143.05,52,0.3743,0.676,0.4078,0.7151,0.5626,psv+wk1_proj+dynasty+last_final,"values TeamValuesPreseason_Historic.csv (PSV 180, dynasty 180); week-1 projections TeamProjections_History.csv; final order 2024"
2025,1192383069776863232,NCAA ACC,7,36803.0,74242.0,153.54,95,0.7933,0.8771,0.648,0.4749,0.7888,psv+wk1_proj+dynasty+last_final,"values TeamValuesPreseason_Historic.csv (PSV 180, dynasty 180); week-1 projections TeamProjections_History.csv; final order 2024"
2025,1192383069776863232,NCAA ACC,8,19444.0,63123.0,110.47,114,0.1285,0.0615,0.3184,0.3687,0.138,psv+wk1_proj+dynasty+last_final,"values TeamValuesPreseason_Historic.csv (PSV 180, dynasty 180); week-1 projections TeamProjections_History.csv; final order 2024"
2025,1192383069776863232,NCAA ACC,9,20576.0,56517.0,107.41,129,0.1844,0.0503,0.162,0.2849,0.1251,psv+wk1_proj+dynasty+last_final,"values TeamValuesPreseason_Historic.csv (PSV 180, dynasty 180); week-1 projections TeamProjections_History.csv; final order 2024"
2025,1192383107391332352,NCAA BIG 12,1,25932.0,61533.0,122.99,43,0.3855,0.162,0.2793,0.7654,0.3011,psv+wk1_proj+dynasty+last_final,"values TeamValuesPreseason_Historic.csv (PSV 180, dynasty 180); week-1 projections TeamProjections_History.csv; final order 2024"
2025,1192383107391332352,NCAA BIG 12,10,20091.0,47639.0,103.47,176,0.1732,0.0391,0.0279,0.0223,0.0765,psv+wk1_proj+dynasty+last_final,"values TeamValuesPreseason_Historic.csv (PSV 180, dynasty 180); week-1 projections TeamProjections_History.csv; final order 2024"
2025,1192383107391332352,NCAA BIG 12,11,24645.0,69414.0,141.69,51,0.3464,0.6257,0.486,0.7207,0.5374,psv+wk1_proj+dynasty+last_final,"values TeamValuesPreseason_Historic.csv (PSV 180, dynasty 180); week-1 projections TeamProjections_History.csv; final order 2024"
2025,1192383107391332352,NCAA BIG 12,12,28131.0,59562.0,139.55,14,0.4916,0.5642,0.2179,0.9274,0.5441,psv+wk1_proj+dynasty+last_final,"values TeamValuesPreseason_Historic.csv (PSV 180, dynasty 180); week-1 projections TeamProjections_History.csv; final order 2024"
2025,1192383107391332352,NCAA BIG 12,2,23823.0,60401.0,121.72,162,0.3017,0.1397,0.257,0.1006,0.1961,psv+wk1_proj+dynasty+last_final,"values TeamValuesPreseason_Historic.csv (PSV 180, dynasty 180); week-1 projections TeamProjections_History.csv; final order 2024"
2025,1192383107391332352,NCAA BIG 12,3,33558.0,77482.0,135.09,156,0.6927,0.4274,0.743,0.1341,0.5092,psv+wk1_proj+dynasty+last_final,"values TeamValuesPreseason_Historic.csv (PSV 180, dynasty 180); week-1 projections TeamProjections_History.csv; final order 2024"
2025,1192383107391332352,NCAA BIG 12,4,33443.0,85956.0,152.82,49,0.6872,0.8659,0.8939,0.7318,0.8017,psv+wk1_proj+dynasty+last_final,"values TeamValuesPreseason_Historic.csv (PSV 180, dynasty 180); week-1 projections TeamProjections_History.csv; final order 2024"
2025,1192383107391332352,NCAA BIG 12,5,59345.0,97352.0,172.04,23,1.0,0.9944,0.9832,0.8771,0.9832,psv+wk1_proj+dynasty+last_final,"values TeamValuesPreseason_Historic.csv (PSV 180, dynasty 180); week-1 projections TeamProjections_History.csv; final order 2024"
2025,1192383107391332352,NCAA BIG 12,6,23564.0,62887.0,126.76,69,0.2905,0.2346,0.3128,0.6201,0.2978,psv+wk1_proj+dynasty+last_final,"values TeamValuesPreseason_Historic.csv (PSV 180, dynasty 180); week-1 projections TeamProjections_History.csv; final order 2024"
2025,1192383107391332352,NCAA BIG 12,7,28275.0,77812.0,131.66,46,0.5028,0.3352,0.7542,0.7486,0.4687,psv+wk1_proj+dynasty+last_final,"values TeamValuesPreseason_Historic.csv (PSV 180, dynasty 180); week-1 projections TeamProjections_History.csv; final order 2024"
2025,1192383107391332352,NCAA BIG 12,8,32198.0,64898.0,128.44,84,0.648,0.2682,0.3464,0.5363,0.4168,psv+wk1_proj+dynasty+last_final,"values TeamValuesPreseason_Historic.csv (PSV 180, dynasty 180); week-1 projections TeamProjections_History.csv; final order 2024"
2025,1192383107391332352,NCAA BIG 12,9,27201.0,72614.0,138.74,151,0.4413,0.5196,0.6034,0.162,0.4687,psv+wk1_proj+dynasty+last_final,"values TeamValuesPreseason_Historic.csv (PSV 180, dynasty 180); week-1 projections TeamProjections_History.csv; final order 2024"
2025,1192383143762542592,NCAA SUN BELT,1,38903.0,77777.0,129.85,21,0.8268,0.2737,0.7486,0.8883,0.5486,psv+wk1_proj+dynasty+last_final,"values TeamValuesPreseason_Historic.csv (PSV 180, dynasty 180); week-1 projections TeamProjections_History.csv; final order 2024"
2025,1192383143762542592,NCAA SUN BELT,10,23015.0,49580.0,128.2,34,0.2793,0.2626,0.0559,0.8156,0.3022,psv+wk1_proj+dynasty+last_final,"values TeamValuesPreseason_Historic.csv (PSV 180, dynasty 180); week-1 projections TeamProjections_History.csv; final order 2024"
2025,1192383143762542592,NCAA SUN BELT,11,19771.0,58511.0,130.2,140,0.1508,0.2793,0.1899,0.2235,0.2263,psv+wk1_proj+dynasty+last_final,"values TeamValuesPreseason_Historic.csv (PSV 180, dynasty 180); week-1 projections TeamProjections_History.csv; final order 2024"
2025,1192383143762542592,NCAA SUN BELT,12,19271.0,59811.0,119.0,133,0.1145,0.1117,0.2235,0.2626,0.1388,psv+wk1_proj+dynasty+last_final,"values TeamValuesPreseason_Historic.csv (PSV 180, dynasty 180); week-1 projections TeamProjections_History.csv; final order 2024"
2025,1192383143762542592,NCAA SUN BELT,2,38975.0,68186.0,149.92,16,0.838,0.7989,0.4525,0.9162,0.7877,psv+wk1_proj+dynasty+last_final,"values TeamValuesPreseason_Historic.csv (PSV 180, dynasty 180); week-1 projections TeamProjections_History.csv; final order 2024"
2025,1192383143762542592,NCAA SUN BELT,3,22312.0,76858.0,132.35,112,0.2402,0.3575,0.7151,0.3799,0.3603,psv+wk1_proj+dynasty+last_final,"values TeamValuesPreseason_Historic.csv (PSV 180, dynasty 180); week-1 projections TeamProjections_History.csv; final order 2024"
2025,1192383143762542592,NCAA SUN BELT,4,23955.0,52697.0,122.54,150,0.3184,0.1564,0.1006,0.1676,0.2006,psv+wk1_proj+dynasty+last_final,"values TeamValuesPreseason_Historic.csv (PSV 180, dynasty 180); week-1 projections TeamProjections_History.csv; final order 2024"
2025,1192383143762542592,NCAA SUN BELT,5,27949.0,81772.0,136.25,170,0.4749,0.4693,0.8212,0.0559,0.4648,psv+wk1_proj+dynasty+last_final,"values TeamValuesPreseason_Historic.csv (PSV 180, dynasty 180); week-1 projections TeamProjections_History.csv; final order 2024"
2025,1192383143762542592,NCAA SUN BELT,6,29995.0,80984.0,135.65,73,0.5754,0.4413,0.8101,0.5978,0.5341,psv+wk1_proj+dynasty+last_final,"values TeamValuesPreseason_Historic.csv (PSV 180, dynasty 180); week-1 projections TeamProjections_History.csv; final order 2024"
2025,1192383143762542592,NCAA SUN BELT,7,36652.0,69883.0,158.72,50,0.7821,0.9441,0.5084,0.7263,0.8302,psv+wk1_proj+dynasty+last_final,"values TeamValuesPreseason_Historic.csv (PSV 180, dynasty 180); week-1 projections TeamProjections_History.csv; final order 2024"
2025,1192383143762542592,NCAA SUN BELT,8,35649.0,80874.0,152.39,35,0.743,0.8436,0.8045,0.8101,0.8061,psv+wk1_proj+dynasty+last_final,"values TeamValuesPreseason_Historic.csv (PSV 180, dynasty 180); week-1 projections TeamProjections_History.csv; final order 2024"
2025,1192383143762542592,NCAA SUN BELT,9,36859.0,77392.0,142.51,139,0.7989,0.6592,0.7318,0.2291,0.6654,psv+wk1_proj+dynasty+last_final,"values TeamValuesPreseason_Historic.csv (PSV 180, dynasty 180); week-1 projections TeamProjections_History.csv; final order 2024"
2025,1192383184619986944,NCAA PIONEER,1,34546.0,72970.0,146.87,6,0.7039,0.7598,0.6089,0.9721,0.7492,psv+wk1_proj+dynasty+last_final,"values TeamValuesPreseason_Historic.csv (PSV 180, dynasty 180); week-1 projections TeamProjections_History.csv; final order 2024"
2025,1192383184619986944,NCAA PIONEER,10,30227.0,64956.0,138.7,99,0.5866,0.514,0.3575,0.4525,0.514,psv+wk1_proj+dynasty+last_final,"values TeamValuesPreseason_Historic.csv (PSV 180, dynasty 180); week-1 projections TeamProjections_History.csv; final order 2024"
2025,1192383184619986944,NCAA PIONEER,11,40713.0,69049.0,152.76,143,0.8771,0.8603,0.4749,0.2067,0.7615,psv+wk1_proj+dynasty+last_final,"values TeamValuesPreseason_Historic.csv (PSV 180, dynasty 180); week-1 projections TeamProjections_History.csv; final order 2024"
2025,1192383184619986944,NCAA PIONEER,12,26405.0,60529.0,136.52,41,0.4078,0.4749,0.2626,0.7765,0.4637,psv+wk1_proj+dynasty+last_final,"values TeamValuesPreseason_Historic.csv (PSV 180, dynasty 180); week-1 projections TeamProjections_History.csv; final order 2024"
2025,1192383184619986944,NCAA PIONEER,2,26627.0,71800.0,141.05,39,0.4134,0.6034,0.5642,0.7877,0.5609,psv+wk1_proj+dynasty+last_final,"values TeamValuesPreseason_Historic.csv (PSV 180, dynasty 180); week-1 projections TeamProjections_History.csv; final order 2024"
2025,1192383184619986944,NCAA PIONEER,3,35162.0,76994.0,147.17,74,0.7318,0.7654,0.7207,0.5922,0.7335,psv+wk1_proj+dynasty+last_final,"values TeamValuesPreseason_Historic.csv (PSV 180, dynasty 180); week-1 projections TeamProjections_History.csv; final order 2024"
2025,1192383184619986944,NCAA PIONEER,4,27971.0,82351.0,139.1,119,0.4804,0.5307,0.8436,0.3408,0.5279,psv+wk1_proj+dynasty+last_final,"values TeamValuesPreseason_Historic.csv (PSV 180, dynasty 180); week-1 projections TeamProjections_History.csv; final order 2024"
2025,1192383184619986944,NCAA PIONEER,5,14368.0,49311.0,121.98,123,0.0503,0.1453,0.0503,0.3184,0.1246,psv+wk1_proj+dynasty+last_final,"values TeamValuesPreseason_Historic.csv (PSV 180, dynasty 180); week-1 projections TeamProjections_History.csv; final order 2024"
2025,1192383184619986944,NCAA PIONEER,6,36707.0,66734.0,135.82,105,0.7877,0.4637,0.4358,0.419,0.5536,psv+wk1_proj+dynasty+last_final,"values TeamValuesPreseason_Historic.csv (PSV 180, dynasty 180); week-1 projections TeamProjections_History.csv; final order 2024"
2025,1192383184619986944,NCAA PIONEER,7,22615.0,72063.0,137.05,180,0.2514,0.4804,0.581,0.0,0.3737,psv+wk1_proj+dynasty+last_final,"values TeamValuesPreseason_Historic.csv (PSV 180, dynasty 180); week-1 projections TeamProjections_History.csv; final order 2024"
2025,1192383184619986944,NCAA PIONEER,8,42615.0,81483.0,154.81,24,0.9162,0.9106,0.8156,0.8715,0.8989,psv+wk1_proj+dynasty+last_final,"values TeamValuesPreseason_Historic.csv (PSV 180, dynasty 180); week-1 projections TeamProjections_History.csv; final order 2024"
2025,1192383184619986944,NCAA PIONEER,9,21492.0,69483.0,123.97,147,0.2179,0.1788,0.4916,0.1844,0.2223,psv+wk1_proj+dynasty+last_final,"values TeamValuesPreseason_Historic.csv (PSV 180, dynasty 180); week-1 projections TeamProjections_History.csv; final order 2024"
2025,1197683509209083904,NCAA BIG SKY,1,32519.0,86532.0,140.79,137,0.6648,0.5978,0.9162,0.2402,0.614,psv+wk1_proj+dynasty+last_final,"values TeamValuesPreseason_Historic.csv (PSV 180, dynasty 180); week-1 projections TeamProjections_History.csv; final order 2024"
2025,1197683509209083904,NCAA BIG SKY,10,13876.0,53922.0,101.31,154,0.0391,0.0279,0.1117,0.1453,0.0514,psv+wk1_proj+dynasty+last_final,"values TeamValuesPreseason_Historic.csv (PSV 180, dynasty 180); week-1 projections TeamProjections_History.csv; final order 2024"
2025,1197683509209083904,NCAA BIG SKY,11,4945.0,43827.0,111.82,163,0.0,0.0726,0.0112,0.095,0.0469,psv+wk1_proj+dynasty+last_final,"values TeamValuesPreseason_Historic.csv (PSV 180, dynasty 180); week-1 projections TeamProjections_History.csv; final order 2024"
2025,1197683509209083904,NCAA BIG SKY,12,42147.0,73289.0,142.96,9,0.9106,0.6648,0.6257,0.9553,0.7637,psv+wk1_proj+dynasty+last_final,"values TeamValuesPreseason_Historic.csv (PSV 180, dynasty 180); week-1 projections TeamProjections_History.csv; final order 2024"
2025,1197683509209083904,NCAA BIG SKY,2,17548.0,62126.0,124.11,104,0.0838,0.1899,0.2905,0.4246,0.1916,psv+wk1_proj+dynasty+last_final,"values TeamValuesPreseason_Historic.csv (PSV 180, dynasty 180); week-1 projections TeamProjections_History.csv; final order 2024"
2025,1197683509209083904,NCAA BIG SKY,3,36535.0,86116.0,155.13,94,0.7654,0.9162,0.8994,0.4804,0.8257,psv+wk1_proj+dynasty+last_final,"values TeamValuesPreseason_Historic.csv (PSV 180, dynasty 180); week-1 projections TeamProjections_History.csv; final order 2024"
2025,1197683509209083904,NCAA BIG SKY,4,17202.0,46559.0,97.13,132,0.0782,0.0223,0.0223,0.2682,0.0637,psv+wk1_proj+dynasty+last_final,"values TeamValuesPreseason_Historic.csv (PSV 180, dynasty 180); week-1 projections TeamProjections_History.csv; final order 2024"
2025,1197683509209083904,NCAA BIG SKY,5,19886.0,70849.0,122.25,173,0.1564,0.1508,0.5307,0.0391,0.1793,psv+wk1_proj+dynasty+last_final,"values TeamValuesPreseason_Historic.csv (PSV 180, dynasty 180); week-1 projections TeamProjections_History.csv; final order 2024"
2025,1197683509209083904,NCAA BIG SKY,6,49491.0,97165.0,174.03,5,0.9721,1.0,0.9777,0.9777,0.9872,psv+wk1_proj+dynasty+last_final,"values TeamValuesPreseason_Historic.csv (PSV 180, dynasty 180); week-1 projections TeamProjections_History.csv; final order 2024"
2025,1197683509209083904,NCAA BIG SKY,7,34931.0,73614.0,152.41,20,0.7207,0.8492,0.6313,0.8939,0.7933,psv+wk1_proj+dynasty+last_final,"values TeamValuesPreseason_Historic.csv (PSV 180, dynasty 180); week-1 projections TeamProjections_History.csv; final order 2024"
2025,1197683509209083904,NCAA BIG SKY,8,44467.0,90964.0,154.62,26,0.933,0.905,0.9441,0.8603,0.9128,psv+wk1_proj+dynasty+last_final,"values TeamValuesPreseason_Historic.csv (PSV 180, dynasty 180); week-1 projections TeamProjections_History.csv; final order 2024"
2025,1197683509209083904,NCAA BIG SKY,9,14514.0,50081.0,117.78,164,0.0559,0.1006,0.067,0.0894,0.0827,psv+wk1_proj+dynasty+last_final,"values TeamValuesPreseason_Historic.csv (PSV 180, dynasty 180); week-1 projections TeamProjections_History.csv; final order 2024"
2025,1197683625282244608,NCAA WILD,1,45151.0,99896.0,157.34,12,0.9385,0.9274,0.9888,0.9385,0.938,psv+wk1_proj+dynasty+last_final,"values TeamValuesPreseason_Historic.csv (PSV 180, dynasty 180); week-1 projections TeamProjections_History.csv; final order 2024"
2025,1197683625282244608,NCAA WILD,10,45321.0,100584.0,147.32,13,0.9441,0.7709,0.9944,0.933,0.8615,psv+wk1_proj+dynasty+last_final,"values TeamValuesPreseason_Historic.csv (PSV 180, dynasty 180); week-1 projections TeamProjections_History.csv; final order 2024"
2025,1197683625282244608,NCAA WILD,11,25670.0,81926.0,138.33,146,0.3631,0.4972,0.8324,0.1899,0.4598,psv+wk1_proj+dynasty+last_final,"values TeamValuesPreseason_Historic.csv (PSV 180, dynasty 180); week-1 projections TeamProjections_History.csv; final order 2024"
2025,1197683625282244608,NCAA WILD,12,20102.0,58811.0,135.68,90,0.1788,0.4469,0.2067,0.5028,0.348,psv+wk1_proj+dynasty+last_final,"values TeamValuesPreseason_Historic.csv (PSV 180, dynasty 180); week-1 projections TeamProjections_History.csv; final order 2024"
2025,1197683625282244608,NCAA WILD,2,29052.0,72528.0,124.0,83,0.5363,0.1844,0.5922,0.5419,0.3665,psv+wk1_proj+dynasty+last_final,"values TeamValuesPreseason_Historic.csv (PSV 180, dynasty 180); week-1 projections TeamProjections_History.csv; final order 2024"
2025,1197683625282244608,NCAA WILD,3,27574.0,69523.0,141.76,113,0.4637,0.6313,0.4972,0.3743,0.5419,psv+wk1_proj+dynasty+last_final,"values TeamValuesPreseason_Historic.csv (PSV 180, dynasty 180); week-1 projections TeamProjections_History.csv; final order 2024"
2025,1197683625282244608,NCAA WILD,4,19601.0,56447.0,118.86,59,0.1397,0.1061,0.1564,0.676,0.1782,psv+wk1_proj+dynasty+last_final,"values TeamValuesPreseason_Historic.csv (PSV 180, dynasty 180); week-1 projections TeamProjections_History.csv; final order 2024"
2025,1197683625282244608,NCAA WILD,5,19480.0,52442.0,132.86,130,0.1341,0.3687,0.095,0.2793,0.262,psv+wk1_proj+dynasty+last_final,"values TeamValuesPreseason_Historic.csv (PSV 180, dynasty 180); week-1 projections TeamProjections_History.csv; final order 2024"
2025,1197683625282244608,NCAA WILD,6,25397.0,59930.0,127.05,108,0.352,0.2402,0.2346,0.4022,0.2894,psv+wk1_proj+dynasty+last_final,"values TeamValuesPreseason_Historic.csv (PSV 180, dynasty 180); week-1 projections TeamProjections_History.csv; final order 2024"
2025,1197683625282244608,NCAA WILD,7,7386.0,44755.0,96.14,179,0.0056,0.0168,0.0168,0.0056,0.0123,psv+wk1_proj+dynasty+last_final,"values TeamValuesPreseason_Historic.csv (PSV 180, dynasty 180); week-1 projections TeamProjections_History.csv; final order 2024"
2025,1197683625282244608,NCAA WILD,8,40781.0,76000.0,150.77,28,0.8827,0.8156,0.6927,0.8492,0.8268,psv+wk1_proj+dynasty+last_final,"values TeamValuesPreseason_Historic.csv (PSV 180, dynasty 180); week-1 projections TeamProjections_History.csv; final order 2024"
2025,1197683625282244608,NCAA WILD,9,24179.0,63228.0,141.82,128,0.3352,0.6397,0.3296,0.2905,0.4824,psv+wk1_proj+dynasty+last_final,"values TeamValuesPreseason_Historic.csv (PSV 180, dynasty 180); week-1 projections TeamProjections_History.csv; final order 2024"
2025,1197683676763148288,NCAA IVY,1,23487.0,86293.0,134.33,177,0.2849,0.4078,0.905,0.0168,0.3816,psv+wk1_proj+dynasty+last_final,"values TeamValuesPreseason_Historic.csv (PSV 180, dynasty 180); week-1 projections TeamProjections_History.csv; final order 2024"
2025,1197683676763148288,NCAA IVY,10,8062.0,39106.0,91.95,175,0.0112,0.0112,0.0056,0.0279,0.0123,psv+wk1_proj+dynasty+last_final,"values TeamValuesPreseason_Historic.csv (PSV 180, dynasty 180); week-1 projections TeamProjections_History.csv; final order 2024"
2025,1197683676763148288,NCAA IVY,11,39274.0,84880.0,153.93,32,0.8547,0.8827,0.8827,0.8268,0.8687,psv+wk1_proj+dynasty+last_final,"values TeamValuesPreseason_Historic.csv (PSV 180, dynasty 180); week-1 projections TeamProjections_History.csv; final order 2024"
2025,1197683676763148288,NCAA IVY,12,37496.0,80361.0,154.42,29,0.8101,0.8994,0.7877,0.8436,0.8559,psv+wk1_proj+dynasty+last_final,"values TeamValuesPreseason_Historic.csv (PSV 180, dynasty 180); week-1 projections TeamProjections_History.csv; final order 2024"
2025,1197683676763148288,NCAA IVY,2,19997.0,51934.0,121.06,109,0.1676,0.1341,0.0838,0.3966,0.1654,psv+wk1_proj+dynasty+last_final,"values TeamValuesPreseason_Historic.csv (PSV 180, dynasty 180); week-1 projections TeamProjections_History.csv; final order 2024"
2025,1197683676763148288,NCAA IVY,3,22493.0,55852.0,127.79,158,0.2458,0.2514,0.1341,0.1229,0.2251,psv+wk1_proj+dynasty+last_final,"values TeamValuesPreseason_Historic.csv (PSV 180, dynasty 180); week-1 projections TeamProjections_History.csv; final order 2024"
2025,1197683676763148288,NCAA IVY,4,27619.0,72567.0,132.23,117,0.4693,0.3464,0.5978,0.352,0.4089,psv+wk1_proj+dynasty+last_final,"values TeamValuesPreseason_Historic.csv (PSV 180, dynasty 180); week-1 projections TeamProjections_History.csv; final order 2024"
2025,1197683676763148288,NCAA IVY,5,44337.0,84008.0,152.01,110,0.9274,0.8212,0.8659,0.3911,0.8145,psv+wk1_proj+dynasty+last_final,"values TeamValuesPreseason_Historic.csv (PSV 180, dynasty 180); week-1 projections TeamProjections_History.csv; final order 2024"
2025,1197683676763148288,NCAA IVY,6,36562.0,66716.0,152.06,68,0.7765,0.8268,0.4302,0.6257,0.752,psv+wk1_proj+dynasty+last_final,"values TeamValuesPreseason_Historic.csv (PSV 180, dynasty 180); week-1 projections TeamProjections_History.csv; final order 2024"
2025,1197683676763148288,NCAA IVY,7,19943.0,51540.0,123.91,38,0.162,0.1732,0.0726,0.7933,0.2218,psv+wk1_proj+dynasty+last_final,"values TeamValuesPreseason_Historic.csv (PSV 180, dynasty 180); week-1 projections TeamProjections_History.csv; final order 2024"
2025,1197683676763148288,NCAA IVY,8,32945.0,80721.0,144.5,33,0.6816,0.7151,0.7989,0.8212,0.724,psv+wk1_proj+dynasty+last_final,"values TeamValuesPreseason_Historic.csv (PSV 180, dynasty 180); week-1 projections TeamProjections_History.csv; final order 2024"
2025,1197683676763148288,NCAA IVY,9,35530.0,82104.0,145.61,19,0.7374,0.7374,0.838,0.8994,0.7637,psv+wk1_proj+dynasty+last_final,"values TeamValuesPreseason_Historic.csv (PSV 180, dynasty 180); week-1 projections TeamProjections_History.csv; final order 2024"
2025,1197683737584746496,NCAA USA,1,40223.0,78456.0,149.37,10,0.8715,0.7933,0.7765,0.9497,0.8307,psv+wk1_proj+dynasty+last_final,"values TeamValuesPreseason_Historic.csv (PSV 180, dynasty 180); week-1 projections TeamProjections_History.csv; final order 2024"
2025,1197683737584746496,NCAA USA,10,35985.0,75493.0,144.32,31,0.7542,0.7039,0.6816,0.8324,0.7296,psv+wk1_proj+dynasty+last_final,"values TeamValuesPreseason_Historic.csv (PSV 180, dynasty 180); week-1 projections TeamProjections_History.csv; final order 2024"
2025,1197683737584746496,NCAA USA,11,23925.0,76555.0,139.88,126,0.3073,0.5754,0.7039,0.3017,0.4804,psv+wk1_proj+dynasty+last_final,"values TeamValuesPreseason_Historic.csv (PSV 180, dynasty 180); week-1 projections TeamProjections_History.csv; final order 2024"
2025,1197683737584746496,NCAA USA,12,28629.0,49045.0,138.48,86,0.5196,0.5084,0.0447,0.5251,0.467,psv+wk1_proj+dynasty+last_final,"values TeamValuesPreseason_Historic.csv (PSV 180, dynasty 180); week-1 projections TeamProjections_History.csv; final order 2024"
2025,1197683737584746496,NCAA USA,2,21671.0,62880.0,134.73,118,0.2235,0.419,0.3073,0.3464,0.3419,psv+wk1_proj+dynasty+last_final,"values TeamValuesPreseason_Historic.csv (PSV 180, dynasty 180); week-1 projections TeamProjections_History.csv; final order 2024"
2025,1197683737584746496,NCAA USA,3,35063.0,66348.0,143.57,58,0.7263,0.6872,0.419,0.6816,0.6715,psv+wk1_proj+dynasty+last_final,"values TeamValuesPreseason_Historic.csv (PSV 180, dynasty 180); week-1 projections TeamProjections_History.csv; final order 2024"
2025,1197683737584746496,NCAA USA,4,27291.0,70111.0,131.65,155,0.4469,0.3296,0.5196,0.1397,0.3648,psv+wk1_proj+dynasty+last_final,"values TeamValuesPreseason_Historic.csv (PSV 180, dynasty 180); week-1 projections TeamProjections_History.csv; final order 2024"
2025,1197683737584746496,NCAA USA,5,25507.0,77450.0,133.54,101,0.3575,0.3911,0.7374,0.4413,0.4207,psv+wk1_proj+dynasty+last_final,"values TeamValuesPreseason_Historic.csv (PSV 180, dynasty 180); week-1 projections TeamProjections_History.csv; final order 2024"
2025,1197683737584746496,NCAA USA,6,39041.0,77993.0,141.82,78,0.8436,0.6397,0.7598,0.5698,0.7059,psv+wk1_proj+dynasty+last_final,"values TeamValuesPreseason_Historic.csv (PSV 180, dynasty 180); week-1 projections TeamProjections_History.csv; final order 2024"
2025,1197683737584746496,NCAA USA,7,32458.0,71148.0,143.43,103,0.6592,0.6816,0.5363,0.4302,0.6352,psv+wk1_proj+dynasty+last_final,"values TeamValuesPreseason_Historic.csv (PSV 180, dynasty 180); week-1 projections TeamProjections_History.csv; final order 2024"
2025,1197683737584746496,NCAA USA,8,26984.0,65180.0,132.92,166,0.4302,0.3743,0.3799,0.0782,0.362,psv+wk1_proj+dynasty+last_final,"values TeamValuesPreseason_Historic.csv (PSV 180, dynasty 180); week-1 projections TeamProjections_History.csv; final order 2024"
2025,1197683737584746496,NCAA USA,9,26828.0,65129.0,132.44,106,0.419,0.3631,0.3715,0.4134,0.3858,psv+wk1_proj+dynasty+last_final,"values TeamValuesPreseason_Historic.csv (PSV 180, dynasty 180); week-1 projections TeamProjections_History.csv; final order 2024"
2025,1197683812742483968,NCAA HISTORICALLY BLACK,1,37093.0,91298.0,154.31,92,0.8045,0.8883,0.9497,0.4916,0.8296,psv+wk1_proj+dynasty+last_final,"values TeamValuesPreseason_Historic.csv (PSV 180, dynasty 180); week-1 projections TeamProjections_History.csv; final order 2024"
2025,1197683812742483968,NCAA HISTORICALLY BLACK,10,22802.0,58560.0,140.22,71,0.2626,0.581,0.1955,0.6089,0.4497,psv+wk1_proj+dynasty+last_final,"values TeamValuesPreseason_Historic.csv (PSV 180, dynasty 180); week-1 projections TeamProjections_History.csv; final order 2024"
2025,1197683812742483968,NCAA HISTORICALLY BLACK,11,21686.0,71954.0,131.13,54,0.2291,0.3073,0.5754,0.7039,0.3503,psv+wk1_proj+dynasty+last_final,"values TeamValuesPreseason_Historic.csv (PSV 180, dynasty 180); week-1 projections TeamProjections_History.csv; final order 2024"
2025,1197683812742483968,NCAA HISTORICALLY BLACK,12,30965.0,65809.0,138.38,66,0.6313,0.5028,0.4022,0.6369,0.5447,psv+wk1_proj+dynasty+last_final,"values TeamValuesPreseason_Historic.csv (PSV 180, dynasty 180); week-1 projections TeamProjections_History.csv; final order 2024"
2025,1197683812742483968,NCAA HISTORICALLY BLACK,2,13151.0,48977.0,87.95,96,0.0335,0.0,0.0391,0.4693,0.0609,psv+wk1_proj+dynasty+last_final,"values TeamValuesPreseason_Historic.csv (PSV 180, dynasty 180); week-1 projections TeamProjections_History.csv; final order 2024"
2025,1197683812742483968,NCAA HISTORICALLY BLACK,3,28322.0,65129.0,143.61,121,0.5084,0.6927,0.3715,0.3296,0.569,psv+wk1_proj+dynasty+last_final,"values TeamValuesPreseason_Historic.csv (PSV 180, dynasty 180); week-1 projections TeamProjections_History.csv; final order 2024"
2025,1197683812742483968,NCAA HISTORICALLY BLACK,4,41765.0,79405.0,128.17,37,0.905,0.257,0.7821,0.7989,0.5581,psv+wk1_proj+dynasty+last_final,"values TeamValuesPreseason_Historic.csv (PSV 180, dynasty 180); week-1 projections TeamProjections_History.csv; final order 2024"
2025,1197683812742483968,NCAA HISTORICALLY BLACK,5,29843.0,71528.0,133.31,174,0.5698,0.3855,0.5475,0.0335,0.4218,psv+wk1_proj+dynasty+last_final,"values TeamValuesPreseason_Historic.csv (PSV 180, dynasty 180); week-1 projections TeamProjections_History.csv; final order 2024"
2025,1197683812742483968,NCAA HISTORICALLY BLACK,6,24038.0,58584.0,126.28,107,0.324,0.2067,0.2011,0.4078,0.2615,psv+wk1_proj+dynasty+last_final,"values TeamValuesPreseason_Historic.csv (PSV 180, dynasty 180); week-1 projections TeamProjections_History.csv; final order 2024"
2025,1197683812742483968,NCAA HISTORICALLY BLACK,7,30648.0,65295.0,130.98,125,0.6034,0.3017,0.3855,0.3073,0.4011,psv+wk1_proj+dynasty+last_final,"values TeamValuesPreseason_Historic.csv (PSV 180, dynasty 180); week-1 projections TeamProjections_History.csv; final order 2024"
2025,1197683812742483968,NCAA HISTORICALLY BLACK,8,46094.0,84690.0,157.7,48,0.9497,0.933,0.8771,0.7374,0.9128,psv+wk1_proj+dynasty+last_final,"values TeamValuesPreseason_Historic.csv (PSV 180, dynasty 180); week-1 projections TeamProjections_History.csv; final order 2024"
2025,1197683812742483968,NCAA HISTORICALLY BLACK,9,21281.0,68397.0,131.38,136,0.2123,0.3128,0.4581,0.2458,0.2905,psv+wk1_proj+dynasty+last_final,"values TeamValuesPreseason_Historic.csv (PSV 180, dynasty 180); week-1 projections TeamProjections_History.csv; final order 2024"
2025,1197683891784134656,NCAA MOUNTAIN WEST,1,58188.0,92382.0,166.87,15,0.9944,0.9832,0.9553,0.9218,0.9777,psv+wk1_proj+dynasty+last_final,"values TeamValuesPreseason_Historic.csv (PSV 180, dynasty 180); week-1 projections TeamProjections_History.csv; final order 2024"
2025,1197683891784134656,NCAA MOUNTAIN WEST,10,25732.0,60285.0,133.08,44,0.3687,0.3799,0.2402,0.7598,0.4006,psv+wk1_proj+dynasty+last_final,"values TeamValuesPreseason_Historic.csv (PSV 180, dynasty 180); week-1 projections TeamProjections_History.csv; final order 2024"
2025,1197683891784134656,NCAA MOUNTAIN WEST,11,29495.0,83987.0,144.87,57,0.5587,0.7207,0.8603,0.6872,0.6827,psv+wk1_proj+dynasty+last_final,"values TeamValuesPreseason_Historic.csv (PSV 180, dynasty 180); week-1 projections TeamProjections_History.csv; final order 2024"
2025,1197683891784134656,NCAA MOUNTAIN WEST,12,26029.0,55082.0,119.95,160,0.3911,0.1229,0.1285,0.1117,0.2028,psv+wk1_proj+dynasty+last_final,"values TeamValuesPreseason_Historic.csv (PSV 180, dynasty 180); week-1 projections TeamProjections_History.csv; final order 2024"
2025,1197683891784134656,NCAA MOUNTAIN WEST,2,37729.0,81909.0,137.32,131,0.8212,0.486,0.8268,0.2737,0.5994,psv+wk1_proj+dynasty+last_final,"values TeamValuesPreseason_Historic.csv (PSV 180, dynasty 180); week-1 projections TeamProjections_History.csv; final order 2024"
2025,1197683891784134656,NCAA MOUNTAIN WEST,3,29712.0,70492.0,152.1,22,0.5642,0.8324,0.5251,0.8827,0.7263,psv+wk1_proj+dynasty+last_final,"values TeamValuesPreseason_Historic.csv (PSV 180, dynasty 180); week-1 projections TeamProjections_History.csv; final order 2024"
2025,1197683891784134656,NCAA MOUNTAIN WEST,4,15687.0,32226.0,126.49,134,0.0726,0.2179,0.0,0.257,0.1564,psv+wk1_proj+dynasty+last_final,"values TeamValuesPreseason_Historic.csv (PSV 180, dynasty 180); week-1 projections TeamProjections_History.csv; final order 2024"
2025,1197683891784134656,NCAA MOUNTAIN WEST,5,27331.0,65610.0,111.86,153,0.4525,0.0782,0.3911,0.1508,0.2291,psv+wk1_proj+dynasty+last_final,"values TeamValuesPreseason_Historic.csv (PSV 180, dynasty 180); week-1 projections TeamProjections_History.csv; final order 2024"
2025,1197683891784134656,NCAA MOUNTAIN WEST,6,29229.0,71614.0,144.95,167,0.5475,0.7263,0.5531,0.0726,0.5899,psv+wk1_proj+dynasty+last_final,"values TeamValuesPreseason_Historic.csv (PSV 180, dynasty 180); week-1 projections TeamProjections_History.csv; final order 2024"
2025,1197683891784134656,NCAA MOUNTAIN WEST,7,19613.0,64975.0,126.58,93,0.1453,0.2235,0.3631,0.486,0.2402,psv+wk1_proj+dynasty+last_final,"values TeamValuesPreseason_Historic.csv (PSV 180, dynasty 180); week-1 projections TeamProjections_History.csv; final order 2024"
2025,1197683891784134656,NCAA MOUNTAIN WEST,8,22969.0,73154.0,130.21,81,0.2682,0.2849,0.6145,0.5531,0.3397,psv+wk1_proj+dynasty+last_final,"values TeamValuesPreseason_Historic.csv (PSV 180, dynasty 180); week-1 projections TeamProjections_History.csv; final order 2024"
2025,1197683891784134656,NCAA MOUNTAIN WEST,9,30677.0,83694.0,139.07,65,0.6089,0.5251,0.8547,0.6425,0.595,psv+wk1_proj+dynasty+last_final,"values TeamValuesPreseason_Historic.csv (PSV 180, dynasty 180); week-1 projections TeamProjections_History.csv; final order 2024"
2025,1197684159036805120,NCAA OHIO VALLEY,1,30321.0,72445.0,152.59,127,0.5978,0.8547,0.5866,0.2961,0.695,psv+wk1_proj+dynasty+last_final,"values TeamValuesPreseason_Historic.csv (PSV 180, dynasty 180); week-1 projections TeamProjections_History.csv; final order 2024"
2025,1197684159036805120,NCAA OHIO VALLEY,10,25833.0,74406.0,135.15,102,0.3799,0.4358,0.6536,0.4358,0.4408,psv+wk1_proj+dynasty+last_final,"values TeamValuesPreseason_Historic.csv (PSV 180, dynasty 180); week-1 projections TeamProjections_History.csv; final order 2024"
2025,1197684159036805120,NCAA OHIO VALLEY,11,33736.0,66673.0,125.51,61,0.6983,0.1955,0.4246,0.6648,0.4162,psv+wk1_proj+dynasty+last_final,"values TeamValuesPreseason_Historic.csv (PSV 180, dynasty 180); week-1 projections TeamProjections_History.csv; final order 2024"
2025,1197684159036805120,NCAA OHIO VALLEY,12,35975.0,74239.0,142.99,64,0.7486,0.6704,0.6425,0.648,0.6888,psv+wk1_proj+dynasty+last_final,"values TeamValuesPreseason_Historic.csv (PSV 180, dynasty 180); week-1 projections TeamProjections_History.csv; final order 2024"
2025,1197684159036805120,NCAA OHIO VALLEY,2,39069.0,68833.0,154.41,27,0.8492,0.8939,0.4693,0.8547,0.8341,psv+wk1_proj+dynasty+last_final,"values TeamValuesPreseason_Historic.csv (PSV 180, dynasty 180); week-1 projections TeamProjections_History.csv; final order 2024"
2025,1197684159036805120,NCAA OHIO VALLEY,3,29160.0,63539.0,135.09,87,0.5419,0.4274,0.3352,0.5196,0.4617,psv+wk1_proj+dynasty+last_final,"values TeamValuesPreseason_Historic.csv (PSV 180, dynasty 180); week-1 projections TeamProjections_History.csv; final order 2024"
2025,1197684159036805120,NCAA OHIO VALLEY,4,42945.0,82487.0,145.55,30,0.9218,0.7318,0.8492,0.838,0.8112,psv+wk1_proj+dynasty+last_final,"values TeamValuesPreseason_Historic.csv (PSV 180, dynasty 180); week-1 projections TeamProjections_History.csv; final order 2024"
2025,1197684159036805120,NCAA OHIO VALLEY,5,30048.0,74969.0,144.36,47,0.581,0.7095,0.6592,0.743,0.6693,psv+wk1_proj+dynasty+last_final,"values TeamValuesPreseason_Historic.csv (PSV 180, dynasty 180); week-1 projections TeamProjections_History.csv; final order 2024"
2025,1197684159036805120,NCAA OHIO VALLEY,6,30827.0,60325.0,147.4,45,0.6257,0.7765,0.2514,0.7542,0.6765,psv+wk1_proj+dynasty+last_final,"values TeamValuesPreseason_Historic.csv (PSV 180, dynasty 180); week-1 projections TeamProjections_History.csv; final order 2024"
2025,1197684159036805120,NCAA OHIO VALLEY,7,31231.0,66089.0,142.32,88,0.6425,0.648,0.4134,0.514,0.6095,psv+wk1_proj+dynasty+last_final,"values TeamValuesPreseason_Historic.csv (PSV 180, dynasty 180); week-1 projections TeamProjections_History.csv; final order 2024"
2025,1197684159036805120,NCAA OHIO VALLEY,8,14556.0,64846.0,131.42,157,0.0615,0.3184,0.3408,0.1285,0.2246,psv+wk1_proj+dynasty+last_final,"values TeamValuesPreseason_Historic.csv (PSV 180, dynasty 180); week-1 projections TeamProjections_History.csv; final order 2024"
2025,1197684159036805120,NCAA OHIO VALLEY,9,17821.0,68042.0,126.64,148,0.095,0.2291,0.4469,0.1788,0.2056,psv+wk1_proj+dynasty+last_final,"values TeamValuesPreseason_Historic.csv (PSV 180, dynasty 180); week-1 projections TeamProjections_History.csv; final order 2024"
