Year,LeagueID,LeagueName,RosterID,OwnerID,OwnerName,PlayerID
2026,1331774915392577536,NCAA ACC,1,571754879825395712,ChrisW21,10223
2026,1331774915392577536,NCAA ACC,1,571754879825395712,ChrisW21,11563
2026,1331774915392577536,NCAA ACC,1,571754879825395712,ChrisW21,11621
2026,1331774915392577536,NCAA ACC,1,571754879825395712,ChrisW21,11628
2026,1331774915392577536,NCAA ACC,1,571754879825395712,ChrisW21,11635
2026,1331774915392577536,NCAA ACC,1,571754879825395712,ChrisW21,12467
2026,1331774915392577536,NCAA ACC,1,571754879825395712,ChrisW21,12486
2026,1331774915392577536,NCAA ACC,1,571754879825395712,ChrisW21,12502
2026,1331774915392577536,NCAA ACC,1,571754879825395712,ChrisW21,12520
2026,1331774915392577536,NCAA ACC,1,571754879825395712,ChrisW21,12547
2026,1331774915392577536,NCAA ACC,1,571754879825395712,ChrisW21,1264
2026,1331774915392577536,NCAA ACC,1,571754879825395712,ChrisW21,12961
2026,1331774915392577536,NCAA ACC,1,571754879825395712,ChrisW21,13276
2026,1331774915392577536,NCAA ACC,1,571754879825395712,ChrisW21,13305
2026,1331774915392577536,NCAA ACC,1,571754879825395712,ChrisW21,1339
2026,1331774915392577536,NCAA ACC,1,571754879825395712,ChrisW21,1426
2026,1331774915392577536,NCAA ACC,1,571754879825395712,ChrisW21,3198
2026,1331774915392577536,NCAA ACC,1,571754879825395712,ChrisW21,3321
2026,1331774915392577536,NCAA ACC,1,571754879825395712,ChrisW21,4034
2026,1331774915392577536,NCAA ACC,1,571754879825395712,ChrisW21,421
2026,1331774915392577536,NCAA ACC,1,571754879825395712,ChrisW21,4227
2026,1331774915392577536,NCAA ACC,1,571754879825395712,ChrisW21,4435
2026,1331774915392577536,NCAA ACC,1,571754879825395712,ChrisW21,4602
2026,1331774915392577536,NCAA ACC,1,571754879825395712,ChrisW21,4663
2026,1331774915392577536,NCAA ACC,1,571754879825395712,ChrisW21,5012
2026,1331774915392577536,NCAA ACC,1,571754879825395712,ChrisW21,5185
2026,1331774915392577536,NCAA ACC,1,571754879825395712,ChrisW21,5857
2026,1331774915392577536,NCAA ACC,1,571754879825395712,ChrisW21,5947
2026,1331774915392577536,NCAA ACC,1,571754879825395712,ChrisW21,5967
2026,1331774915392577536,NCAA ACC,1,571754879825395712,ChrisW21,6012
2026,1331774915392577536,NCAA ACC,1,571754879825395712,ChrisW21,6130
2026,1331774915392577536,NCAA ACC,1,571754879825395712,ChrisW21,6770
2026,1331774915392577536,NCAA ACC,1,571754879825395712,ChrisW21,6853
2026,1331774915392577536,NCAA ACC,1,571754879825395712,ChrisW21,7571
2026,1331774915392577536,NCAA ACC,1,571754879825395712,ChrisW21,8134
2026,1331774915392577536,NCAA ACC,1,571754879825395712,ChrisW21,9227
2026,1331774915392577536,NCAA ACC,1,571754879825395712,ChrisW21,9488
2026,1331774915392577536,NCAA ACC,1,571754879825395712,ChrisW21,9511
2026,1331774915392577536,NCAA ACC,1,571754879825395712,ChrisW21,BAL
2026,1331774915392577536,NCAA ACC,1,571754879825395712,ChrisW21,JAX
2026,1331774915392577536,NCAA ACC,1,571754879825395712,ChrisW21,SF
2026,1331774915392577536,NCAA ACC,2,568115266901286912,MattyBent,10213
2026,1331774915392577536,NCAA ACC,2,568115266901286912,MattyBent,10218
2026,1331774915392577536,NCAA ACC,2,568115266901286912,MattyBent,10937
2026,1331774915392577536,NCAA ACC,2,568115266901286912,MattyBent,11306
2026,1331774915392577536,NCAA ACC,2,568115266901286912,MattyBent,11565
2026,1331774915392577536,NCAA ACC,2,568115266901286912,MattyBent,11597
2026,1331774915392577536,NCAA ACC,2,568115266901286912,MattyBent,11603
2026,1331774915392577536,NCAA ACC,2,568115266901286912,MattyBent,11625
2026,1331774915392577536,NCAA ACC,2,568115266901286912,MattyBent,11647
2026,1331774915392577536,NCAA ACC,2,568115266901286912,MattyBent,12474
2026,1331774915392577536,NCAA ACC,2,568115266901286912,MattyBent,12501
2026,1331774915392577536,NCAA ACC,2,568115266901286912,MattyBent,12508
2026,1331774915392577536,NCAA ACC,2,568115266901286912,MattyBent,13269
2026,1331774915392577536,NCAA ACC,2,568115266901286912,MattyBent,13306
2026,1331774915392577536,NCAA ACC,2,568115266901286912,MattyBent,13434
2026,1331774915392577536,NCAA ACC,2,568115266901286912,MattyBent,13545
2026,1331774915392577536,NCAA ACC,2,568115266901286912,MattyBent,3271
2026,1331774915392577536,NCAA ACC,2,568115266901286912,MattyBent,4018
2026,1331774915392577536,NCAA ACC,2,568115266901286912,MattyBent,4147
2026,1331774915392577536,NCAA ACC,2,568115266901286912,MattyBent,4199
2026,1331774915392577536,NCAA ACC,2,568115266901286912,MattyBent,4892
2026,1331774915392577536,NCAA ACC,2,568115266901286912,MattyBent,4981
2026,1331774915392577536,NCAA ACC,2,568115266901286912,MattyBent,5846
2026,1331774915392577536,NCAA ACC,2,568115266901286912,MattyBent,5848
2026,1331774915392577536,NCAA ACC,2,568115266901286912,MattyBent,5892
2026,1331774915392577536,NCAA ACC,2,568115266901286912,MattyBent,6011
2026,1331774915392577536,NCAA ACC,2,568115266901286912,MattyBent,650
2026,1331774915392577536,NCAA ACC,2,568115266901286912,MattyBent,6797
2026,1331774915392577536,NCAA ACC,2,568115266901286912,MattyBent,6826
2026,1331774915392577536,NCAA ACC,2,568115266901286912,MattyBent,7526
2026,1331774915392577536,NCAA ACC,2,568115266901286912,MattyBent,7553
2026,1331774915392577536,NCAA ACC,2,568115266901286912,MattyBent,7587
2026,1331774915392577536,NCAA ACC,2,568115266901286912,MattyBent,7594
2026,1331774915392577536,NCAA ACC,2,568115266901286912,MattyBent,7600
2026,1331774915392577536,NCAA ACC,2,568115266901286912,MattyBent,8121
2026,1331774915392577536,NCAA ACC,2,568115266901286912,MattyBent,8125
2026,1331774915392577536,NCAA ACC,2,568115266901286912,MattyBent,8150
2026,1331774915392577536,NCAA ACC,2,568115266901286912,MattyBent,8168
2026,1331774915392577536,NCAA ACC,2,568115266901286912,MattyBent,9479
2026,1331774915392577536,NCAA ACC,2,568115266901286912,MattyBent,LAR
2026,1331774915392577536,NCAA ACC,2,568115266901286912,MattyBent,TB
2026,1331774915392577536,NCAA ACC,3,870105403659309056,spendawg,11586
2026,1331774915392577536,NCAA ACC,3,870105403659309056,spendawg,11604
2026,1331774915392577536,NCAA ACC,3,870105403659309056,spendawg,12497
2026,1331774915392577536,NCAA ACC,3,870105403659309056,spendawg,12509
2026,1331774915392577536,NCAA ACC,3,870105403659309056,spendawg,12511
2026,1331774915392577536,NCAA ACC,3,870105403659309056,spendawg,12518
2026,1331774915392577536,NCAA ACC,3,870105403659309056,spendawg,12527
2026,1331774915392577536,NCAA ACC,3,870105403659309056,spendawg,12535
2026,1331774915392577536,NCAA ACC,3,870105403659309056,spendawg,12541
2026,1331774915392577536,NCAA ACC,3,870105403659309056,spendawg,12542
2026,1331774915392577536,NCAA ACC,3,870105403659309056,spendawg,12641
2026,1331774915392577536,NCAA ACC,3,870105403659309056,spendawg,13264
2026,1331774915392577536,NCAA ACC,3,870105403659309056,spendawg,13268
2026,1331774915392577536,NCAA ACC,3,870105403659309056,spendawg,13270
2026,1331774915392577536,NCAA ACC,3,870105403659309056,spendawg,13272
2026,1331774915392577536,NCAA ACC,3,870105403659309056,spendawg,13282
2026,1331774915392577536,NCAA ACC,3,870105403659309056,spendawg,13285
2026,1331774915392577536,NCAA ACC,3,870105403659309056,spendawg,13294
2026,1331774915392577536,NCAA ACC,3,870105403659309056,spendawg,13324
2026,1331774915392577536,NCAA ACC,3,870105403659309056,spendawg,13329
2026,1331774915392577536,NCAA ACC,3,870105403659309056,spendawg,13353
2026,1331774915392577536,NCAA ACC,3,870105403659309056,spendawg,13413
2026,1331774915392577536,NCAA ACC,3,870105403659309056,spendawg,13423
2026,1331774915392577536,NCAA ACC,3,870105403659309056,spendawg,13425
2026,1331774915392577536,NCAA ACC,3,870105403659309056,spendawg,13477
2026,1331774915392577536,NCAA ACC,3,870105403659309056,spendawg,13602
2026,1331774915392577536,NCAA ACC,3,870105403659309056,spendawg,13968
2026,1331774915392577536,NCAA ACC,3,870105403659309056,spendawg,1945
2026,1331774915392577536,NCAA ACC,3,870105403659309056,spendawg,3155
2026,1331774915392577536,NCAA ACC,3,870105403659309056,spendawg,3257
2026,1331774915392577536,NCAA ACC,3,870105403659309056,spendawg,4033
2026,1331774915392577536,NCAA ACC,3,870105403659309056,spendawg,6790
2026,1331774915392577536,NCAA ACC,3,870105403659309056,spendawg,8112
2026,1331774915392577536,NCAA ACC,3,870105403659309056,spendawg,8136
2026,1331774915392577536,NCAA ACC,3,870105403659309056,spendawg,8172
2026,1331774915392577536,NCAA ACC,3,870105403659309056,spendawg,8183
2026,1331774915392577536,NCAA ACC,3,870105403659309056,spendawg,8205
2026,1331774915392577536,NCAA ACC,3,870105403659309056,spendawg,8259
2026,1331774915392577536,NCAA ACC,3,870105403659309056,spendawg,8917
2026,1331774915392577536,NCAA ACC,3,870105403659309056,spendawg,9486
2026,1331774915392577536,NCAA ACC,3,870105403659309056,spendawg,9500
2026,1331774915392577536,NCAA ACC,3,870105403659309056,spendawg,LV
2026,1331774915392577536,NCAA ACC,3,870105403659309056,spendawg,MIN
2026,1331774915392577536,NCAA ACC,3,870105403659309056,spendawg,SEA
2026,1331774915392577536,NCAA ACC,4,455836851501002752,landonh12,10222
2026,1331774915392577536,NCAA ACC,4,455836851501002752,landonh12,11237
2026,1331774915392577536,NCAA ACC,4,455836851501002752,landonh12,11533
2026,1331774915392577536,NCAA ACC,4,455836851501002752,landonh12,11559
2026,1331774915392577536,NCAA ACC,4,455836851501002752,landonh12,11575
2026,1331774915392577536,NCAA ACC,4,455836851501002752,landonh12,11581
2026,1331774915392577536,NCAA ACC,4,455836851501002752,landonh12,11592
2026,1331774915392577536,NCAA ACC,4,455836851501002752,landonh12,11624
2026,1331774915392577536,NCAA ACC,4,455836851501002752,landonh12,11630
2026,1331774915392577536,NCAA ACC,4,455836851501002752,landonh12,11631
2026,1331774915392577536,NCAA ACC,4,455836851501002752,landonh12,11632
2026,1331774915392577536,NCAA ACC,4,455836851501002752,landonh12,11638
2026,1331774915392577536,NCAA ACC,4,455836851501002752,landonh12,12015
2026,1331774915392577536,NCAA ACC,4,455836851501002752,landonh12,12483
2026,1331774915392577536,NCAA ACC,4,455836851501002752,landonh12,12484
2026,1331774915392577536,NCAA ACC,4,455836851501002752,landonh12,12485
2026,1331774915392577536,NCAA ACC,4,455836851501002752,landonh12,12489
2026,1331774915392577536,NCAA ACC,4,455836851501002752,landonh12,12492
2026,1331774915392577536,NCAA ACC,4,455836851501002752,landonh12,12495
2026,1331774915392577536,NCAA ACC,4,455836851501002752,landonh12,12496
2026,1331774915392577536,NCAA ACC,4,455836851501002752,landonh12,12514
2026,1331774915392577536,NCAA ACC,4,455836851501002752,landonh12,12517
2026,1331774915392577536,NCAA ACC,4,455836851501002752,landonh12,12529
2026,1331774915392577536,NCAA ACC,4,455836851501002752,landonh12,12713
2026,1331774915392577536,NCAA ACC,4,455836851501002752,landonh12,12718
2026,1331774915392577536,NCAA ACC,4,455836851501002752,landonh12,13277
2026,1331774915392577536,NCAA ACC,4,455836851501002752,landonh12,13287
2026,1331774915392577536,NCAA ACC,4,455836851501002752,landonh12,13303
2026,1331774915392577536,NCAA ACC,4,455836851501002752,landonh12,13380
2026,1331774915392577536,NCAA ACC,4,455836851501002752,landonh12,13394
2026,1331774915392577536,NCAA ACC,4,455836851501002752,landonh12,13405
2026,1331774915392577536,NCAA ACC,4,455836851501002752,landonh12,13414
2026,1331774915392577536,NCAA ACC,4,455836851501002752,landonh12,13420
2026,1331774915392577536,NCAA ACC,4,455836851501002752,landonh12,4017
2026,1331774915392577536,NCAA ACC,4,455836851501002752,landonh12,6786
2026,1331774915392577536,NCAA ACC,4,455836851501002752,landonh12,6803
2026,1331774915392577536,NCAA ACC,4,455836851501002752,landonh12,6804
2026,1331774915392577536,NCAA ACC,4,455836851501002752,landonh12,7002
2026,1331774915392577536,NCAA ACC,4,455836851501002752,landonh12,8161
2026,1331774915392577536,NCAA ACC,4,455836851501002752,landonh12,9229
2026,1331774915392577536,NCAA ACC,4,455836851501002752,landonh12,9480
2026,1331774915392577536,NCAA ACC,4,455836851501002752,landonh12,9508
2026,1331774915392577536,NCAA ACC,4,455836851501002752,landonh12,GB
2026,1331774915392577536,NCAA ACC,4,455836851501002752,landonh12,KC
2026,1331774915392577536,NCAA ACC,4,455836851501002752,landonh12,NYG
2026,1331774915392577536,NCAA ACC,5,468618720470626304,Yarby,10226
2026,1331774915392577536,NCAA ACC,5,468618720470626304,Yarby,10236
2026,1331774915392577536,NCAA ACC,5,468618720470626304,Yarby,11573
2026,1331774915392577536,NCAA ACC,5,468618720470626304,Yarby,11596
2026,1331774915392577536,NCAA ACC,5,468618720470626304,Yarby,11608
2026,1331774915392577536,NCAA ACC,5,468618720470626304,Yarby,11615
2026,1331774915392577536,NCAA ACC,5,468618720470626304,Yarby,11618
2026,1331774915392577536,NCAA ACC,5,468618720470626304,Yarby,11636
2026,1331774915392577536,NCAA ACC,5,468618720470626304,Yarby,11637
2026,1331774915392577536,NCAA ACC,5,468618720470626304,Yarby,11655
2026,1331774915392577536,NCAA ACC,5,468618720470626304,Yarby,11783
2026,1331774915392577536,NCAA ACC,5,468618720470626304,Yarby,11806
2026,1331774915392577536,NCAA ACC,5,468618720470626304,Yarby,12185
2026,1331774915392577536,NCAA ACC,5,468618720470626304,Yarby,12472
2026,1331774915392577536,NCAA ACC,5,468618720470626304,Yarby,12499
2026,1331774915392577536,NCAA ACC,5,468618720470626304,Yarby,12507
2026,1331774915392577536,NCAA ACC,5,468618720470626304,Yarby,12524
2026,1331774915392577536,NCAA ACC,5,468618720470626304,Yarby,12889
2026,1331774915392577536,NCAA ACC,5,468618720470626304,Yarby,13298
2026,1331774915392577536,NCAA ACC,5,468618720470626304,Yarby,13402
2026,1331774915392577536,NCAA ACC,5,468618720470626304,Yarby,4177
2026,1331774915392577536,NCAA ACC,5,468618720470626304,Yarby,4983
2026,1331774915392577536,NCAA ACC,5,468618720470626304,Yarby,4984
2026,1331774915392577536,NCAA ACC,5,468618720470626304,Yarby,5970
2026,1331774915392577536,NCAA ACC,5,468618720470626304,Yarby,6271
2026,1331774915392577536,NCAA ACC,5,468618720470626304,Yarby,6920
2026,1331774915392577536,NCAA ACC,5,468618720470626304,Yarby,7042
2026,1331774915392577536,NCAA ACC,5,468618720470626304,Yarby,7569
2026,1331774915392577536,NCAA ACC,5,468618720470626304,Yarby,7610
2026,1331774915392577536,NCAA ACC,5,468618720470626304,Yarby,7716
2026,1331774915392577536,NCAA ACC,5,468618720470626304,Yarby,7922
2026,1331774915392577536,NCAA ACC,5,468618720470626304,Yarby,8119
2026,1331774915392577536,NCAA ACC,5,468618720470626304,Yarby,8138
2026,1331774915392577536,NCAA ACC,5,468618720470626304,Yarby,8144
2026,1331774915392577536,NCAA ACC,5,468618720470626304,Yarby,8146
2026,1331774915392577536,NCAA ACC,5,468618720470626304,Yarby,8204
2026,1331774915392577536,NCAA ACC,5,468618720470626304,Yarby,8208
2026,1331774915392577536,NCAA ACC,5,468618720470626304,Yarby,8698
2026,1331774915392577536,NCAA ACC,5,468618720470626304,Yarby,9758
2026,1331774915392577536,NCAA ACC,5,468618720470626304,Yarby,CHI
2026,1331774915392577536,NCAA ACC,5,468618720470626304,Yarby,CLE
2026,1331774915392577536,NCAA ACC,5,468618720470626304,Yarby,HOU
2026,1331774915392577536,NCAA ACC,5,468618720470626304,Yarby,TEN
2026,1331774915392577536,NCAA ACC,6,463453800313647104,WhiskyScientist,10235
2026,1331774915392577536,NCAA ACC,6,463453800313647104,WhiskyScientist,11560
2026,1331774915392577536,NCAA ACC,6,463453800313647104,WhiskyScientist,11577
2026,1331774915392577536,NCAA ACC,6,463453800313647104,WhiskyScientist,11626
2026,1331774915392577536,NCAA ACC,6,463453800313647104,WhiskyScientist,11629
2026,1331774915392577536,NCAA ACC,6,463453800313647104,WhiskyScientist,12473
2026,1331774915392577536,NCAA ACC,6,463453800313647104,WhiskyScientist,12505
2026,1331774915392577536,NCAA ACC,6,463453800313647104,WhiskyScientist,12506
2026,1331774915392577536,NCAA ACC,6,463453800313647104,WhiskyScientist,12519
2026,1331774915392577536,NCAA ACC,6,463453800313647104,WhiskyScientist,12534
2026,1331774915392577536,NCAA ACC,6,463453800313647104,WhiskyScientist,13286
2026,1331774915392577536,NCAA ACC,6,463453800313647104,WhiskyScientist,13411
2026,1331774915392577536,NCAA ACC,6,463453800313647104,WhiskyScientist,13417
2026,1331774915392577536,NCAA ACC,6,463453800313647104,WhiskyScientist,13833
2026,1331774915392577536,NCAA ACC,6,463453800313647104,WhiskyScientist,2410
2026,1331774915392577536,NCAA ACC,6,463453800313647104,WhiskyScientist,4098
2026,1331774915392577536,NCAA ACC,6,463453800313647104,WhiskyScientist,4179
2026,1331774915392577536,NCAA ACC,6,463453800313647104,WhiskyScientist,4454
2026,1331774915392577536,NCAA ACC,6,463453800313647104,WhiskyScientist,4993
2026,1331774915392577536,NCAA ACC,6,463453800313647104,WhiskyScientist,5095
2026,1331774915392577536,NCAA ACC,6,463453800313647104,WhiskyScientist,5849
2026,1331774915392577536,NCAA ACC,6,463453800313647104,WhiskyScientist,5872
2026,1331774915392577536,NCAA ACC,6,463453800313647104,WhiskyScientist,6083
2026,1331774915392577536,NCAA ACC,6,463453800313647104,WhiskyScientist,6783
2026,1331774915392577536,NCAA ACC,6,463453800313647104,WhiskyScientist,6801
2026,1331774915392577536,NCAA ACC,6,463453800313647104,WhiskyScientist,6865
2026,1331774915392577536,NCAA ACC,6,463453800313647104,WhiskyScientist,7567
2026,1331774915392577536,NCAA ACC,6,463453800313647104,WhiskyScientist,7591
2026,1331774915392577536,NCAA ACC,6,463453800313647104,WhiskyScientist,8110
2026,1331774915392577536,NCAA ACC,6,463453800313647104,WhiskyScientist,8130
2026,1331774915392577536,NCAA ACC,6,463453800313647104,WhiskyScientist,8147
2026,1331774915392577536,NCAA ACC,6,463453800313647104,WhiskyScientist,8151
2026,1331774915392577536,NCAA ACC,6,463453800313647104,WhiskyScientist,829
2026,1331774915392577536,NCAA ACC,6,463453800313647104,WhiskyScientist,8676
2026,1331774915392577536,NCAA ACC,6,463453800313647104,WhiskyScientist,9225
2026,1331774915392577536,NCAA ACC,6,463453800313647104,WhiskyScientist,9226
2026,1331774915392577536,NCAA ACC,6,463453800313647104,WhiskyScientist,9228
2026,1331774915392577536,NCAA ACC,6,463453800313647104,WhiskyScientist,BUF
2026,1331774915392577536,NCAA ACC,7,453658285061435392,fatalbeast,10859
2026,1331774915392577536,NCAA ACC,7,453658285061435392,fatalbeast,11058
2026,1331774915392577536,NCAA ACC,7,453658285061435392,fatalbeast,11371
2026,1331774915392577536,NCAA ACC,7,453658285061435392,fatalbeast,11557
2026,1331774915392577536,NCAA ACC,7,453658285061435392,fatalbeast,11566
2026,1331774915392577536,NCAA ACC,7,453658285061435392,fatalbeast,11633
2026,1331774915392577536,NCAA ACC,7,453658285061435392,fatalbeast,11653
2026,1331774915392577536,NCAA ACC,7,453658285061435392,fatalbeast,1166
2026,1331774915392577536,NCAA ACC,7,453658285061435392,fatalbeast,11748
2026,1331774915392577536,NCAA ACC,7,453658285061435392,fatalbeast,12493
2026,1331774915392577536,NCAA ACC,7,453658285061435392,fatalbeast,12494
2026,1331774915392577536,NCAA ACC,7,453658285061435392,fatalbeast,12522
2026,1331774915392577536,NCAA ACC,7,453658285061435392,fatalbeast,12540
2026,1331774915392577536,NCAA ACC,7,453658285061435392,fatalbeast,13338
2026,1331774915392577536,NCAA ACC,7,453658285061435392,fatalbeast,13345
2026,1331774915392577536,NCAA ACC,7,453658285061435392,fatalbeast,13348
2026,1331774915392577536,NCAA ACC,7,453658285061435392,fatalbeast,13418
2026,1331774915392577536,NCAA ACC,7,453658285061435392,fatalbeast,3200
2026,1331774915392577536,NCAA ACC,7,453658285061435392,fatalbeast,3214
2026,1331774915392577536,NCAA ACC,7,453658285061435392,fatalbeast,5927
2026,1331774915392577536,NCAA ACC,7,453658285061435392,fatalbeast,5995
2026,1331774915392577536,NCAA ACC,7,453658285061435392,fatalbeast,6650
2026,1331774915392577536,NCAA ACC,7,453658285061435392,fatalbeast,6794
2026,1331774915392577536,NCAA ACC,7,453658285061435392,fatalbeast,6904
2026,1331774915392577536,NCAA ACC,7,453658285061435392,fatalbeast,6960
2026,1331774915392577536,NCAA ACC,7,453658285061435392,fatalbeast,7039
2026,1331774915392577536,NCAA ACC,7,453658285061435392,fatalbeast,7528
2026,1331774915392577536,NCAA ACC,7,453658285061435392,fatalbeast,7694
2026,1331774915392577536,NCAA ACC,7,453658285061435392,fatalbeast,7839
2026,1331774915392577536,NCAA ACC,7,453658285061435392,fatalbeast,8122
2026,1331774915392577536,NCAA ACC,7,453658285061435392,fatalbeast,8180
2026,1331774915392577536,NCAA ACC,7,453658285061435392,fatalbeast,8188
2026,1331774915392577536,NCAA ACC,7,453658285061435392,fatalbeast,8225
2026,1331774915392577536,NCAA ACC,7,453658285061435392,fatalbeast,8228
2026,1331774915392577536,NCAA ACC,7,453658285061435392,fatalbeast,8408
2026,1331774915392577536,NCAA ACC,7,453658285061435392,fatalbeast,9224
2026,1331774915392577536,NCAA ACC,7,453658285061435392,fatalbeast,9230
2026,1331774915392577536,NCAA ACC,7,453658285061435392,fatalbeast,9493
2026,1331774915392577536,NCAA ACC,7,453658285061435392,fatalbeast,9506
2026,1331774915392577536,NCAA ACC,7,453658285061435392,fatalbeast,9756
2026,1331774915392577536,NCAA ACC,7,453658285061435392,fatalbeast,ARI
2026,1331774915392577536,NCAA ACC,7,453658285061435392,fatalbeast,CAR
2026,1331774915392577536,NCAA ACC,7,453658285061435392,fatalbeast,PIT
2026,1331774915392577536,NCAA ACC,8,456168604006608896,eperedetto,10232
2026,1331774915392577536,NCAA ACC,8,456168604006608896,eperedetto,11564
2026,1331774915392577536,NCAA ACC,8,456168604006608896,eperedetto,11569
2026,1331774915392577536,NCAA ACC,8,456168604006608896,eperedetto,11576
2026,1331774915392577536,NCAA ACC,8,456168604006608896,eperedetto,11589
2026,1331774915392577536,NCAA ACC,8,456168604006608896,eperedetto,11651
2026,1331774915392577536,NCAA ACC,8,456168604006608896,eperedetto,12482
2026,1331774915392577536,NCAA ACC,8,456168604006608896,eperedetto,12510
2026,1331774915392577536,NCAA ACC,8,456168604006608896,eperedetto,12530
2026,1331774915392577536,NCAA ACC,8,456168604006608896,eperedetto,12544
2026,1331774915392577536,NCAA ACC,8,456168604006608896,eperedetto,13275
2026,1331774915392577536,NCAA ACC,8,456168604006608896,eperedetto,13278
2026,1331774915392577536,NCAA ACC,8,456168604006608896,eperedetto,13288
2026,1331774915392577536,NCAA ACC,8,456168604006608896,eperedetto,13296
2026,1331774915392577536,NCAA ACC,8,456168604006608896,eperedetto,13346
2026,1331774915392577536,NCAA ACC,8,456168604006608896,eperedetto,13421
2026,1331774915392577536,NCAA ACC,8,456168604006608896,eperedetto,1373
2026,1331774915392577536,NCAA ACC,8,456168604006608896,eperedetto,2216
2026,1331774915392577536,NCAA ACC,8,456168604006608896,eperedetto,2505
2026,1331774915392577536,NCAA ACC,8,456168604006608896,eperedetto,2747
2026,1331774915392577536,NCAA ACC,8,456168604006608896,eperedetto,4195
2026,1331774915392577536,NCAA ACC,8,456168604006608896,eperedetto,5844
2026,1331774915392577536,NCAA ACC,8,456168604006608896,eperedetto,5870
2026,1331774915392577536,NCAA ACC,8,456168604006608896,eperedetto,6806
2026,1331774915392577536,NCAA ACC,8,456168604006608896,eperedetto,7525
2026,1331774915392577536,NCAA ACC,8,456168604006608896,eperedetto,7588
2026,1331774915392577536,NCAA ACC,8,456168604006608896,eperedetto,7611
2026,1331774915392577536,NCAA ACC,8,456168604006608896,eperedetto,8135
2026,1331774915392577536,NCAA ACC,8,456168604006608896,eperedetto,9482
2026,1331774915392577536,NCAA ACC,8,456168604006608896,eperedetto,9484
2026,1331774915392577536,NCAA ACC,8,456168604006608896,eperedetto,9487
2026,1331774915392577536,NCAA ACC,8,456168604006608896,eperedetto,9501
2026,1331774915392577536,NCAA ACC,8,456168604006608896,eperedetto,96
2026,1331774915392577536,NCAA ACC,8,456168604006608896,eperedetto,9754
2026,1331774915392577536,NCAA ACC,8,456168604006608896,eperedetto,9757
2026,1331774915392577536,NCAA ACC,8,456168604006608896,eperedetto,9997
2026,1331774915392577536,NCAA ACC,8,456168604006608896,eperedetto,DAL
2026,1331774915392577536,NCAA ACC,8,456168604006608896,eperedetto,DET
2026,1331774915392577536,NCAA ACC,8,456168604006608896,eperedetto,NE
2026,1331774915392577536,NCAA ACC,9,668318967567323136,markandrewsisthegoat,10219
2026,1331774915392577536,NCAA ACC,9,668318967567323136,markandrewsisthegoat,10955
2026,1331774915392577536,NCAA ACC,9,668318967567323136,markandrewsisthegoat,11256
2026,1331774915392577536,NCAA ACC,9,668318967567323136,markandrewsisthegoat,11562
2026,1331774915392577536,NCAA ACC,9,668318967567323136,markandrewsisthegoat,11583
2026,1331774915392577536,NCAA ACC,9,668318967567323136,markandrewsisthegoat,11600
2026,1331774915392577536,NCAA ACC,9,668318967567323136,markandrewsisthegoat,11610
2026,1331774915392577536,NCAA ACC,9,668318967567323136,markandrewsisthegoat,11627
2026,1331774915392577536,NCAA ACC,9,668318967567323136,markandrewsisthegoat,11646
2026,1331774915392577536,NCAA ACC,9,668318967567323136,markandrewsisthegoat,11786
2026,1331774915392577536,NCAA ACC,9,668318967567323136,markandrewsisthegoat,12476
2026,1331774915392577536,NCAA ACC,9,668318967567323136,markandrewsisthegoat,12498
2026,1331774915392577536,NCAA ACC,9,668318967567323136,markandrewsisthegoat,12503
2026,1331774915392577536,NCAA ACC,9,668318967567323136,markandrewsisthegoat,12512
2026,1331774915392577536,NCAA ACC,9,668318967567323136,markandrewsisthegoat,12533
2026,1331774915392577536,NCAA ACC,9,668318967567323136,markandrewsisthegoat,12711
2026,1331774915392577536,NCAA ACC,9,668318967567323136,markandrewsisthegoat,13279
2026,1331774915392577536,NCAA ACC,9,668318967567323136,markandrewsisthegoat,13317
2026,1331774915392577536,NCAA ACC,9,668318967567323136,markandrewsisthegoat,13320
2026,1331774915392577536,NCAA ACC,9,668318967567323136,markandrewsisthegoat,13400
2026,1331774915392577536,NCAA ACC,9,668318967567323136,markandrewsisthegoat,1479
2026,1331774915392577536,NCAA ACC,9,668318967567323136,markandrewsisthegoat,19
2026,1331774915392577536,NCAA ACC,9,668318967567323136,markandrewsisthegoat,2307
2026,1331774915392577536,NCAA ACC,9,668318967567323136,markandrewsisthegoat,2374
2026,1331774915392577536,NCAA ACC,9,668318967567323136,markandrewsisthegoat,2449
2026,1331774915392577536,NCAA ACC,9,668318967567323136,markandrewsisthegoat,3161
2026,1331774915392577536,NCAA ACC,9,668318967567323136,markandrewsisthegoat,3286
2026,1331774915392577536,NCAA ACC,9,668318967567323136,markandrewsisthegoat,3634
2026,1331774915392577536,NCAA ACC,9,668318967567323136,markandrewsisthegoat,4039
2026,1331774915392577536,NCAA ACC,9,668318967567323136,markandrewsisthegoat,4040
2026,1331774915392577536,NCAA ACC,9,668318967567323136,markandrewsisthegoat,4351
2026,1331774915392577536,NCAA ACC,9,668318967567323136,markandrewsisthegoat,4881
2026,1331774915392577536,NCAA ACC,9,668318967567323136,markandrewsisthegoat,5001
2026,1331774915392577536,NCAA ACC,9,668318967567323136,markandrewsisthegoat,5850
2026,1331774915392577536,NCAA ACC,9,668318967567323136,markandrewsisthegoat,5906
2026,1331774915392577536,NCAA ACC,9,668318967567323136,markandrewsisthegoat,5973
2026,1331774915392577536,NCAA ACC,9,668318967567323136,markandrewsisthegoat,6136
2026,1331774915392577536,NCAA ACC,9,668318967567323136,markandrewsisthegoat,6268
2026,1331774915392577536,NCAA ACC,9,668318967567323136,markandrewsisthegoat,8117
2026,1331774915392577536,NCAA ACC,9,668318967567323136,markandrewsisthegoat,8126
2026,1331774915392577536,NCAA ACC,9,668318967567323136,markandrewsisthegoat,9502
2026,1331774915392577536,NCAA ACC,9,668318967567323136,markandrewsisthegoat,NO
2026,1331774915392577536,NCAA ACC,9,668318967567323136,markandrewsisthegoat,NYJ
2026,1331774915392577536,NCAA ACC,10,1357479935924510720,EerieHush,11370
2026,1331774915392577536,NCAA ACC,10,1357479935924510720,EerieHush,11571
2026,1331774915392577536,NCAA ACC,10,1357479935924510720,EerieHush,11584
2026,1331774915392577536,NCAA ACC,10,1357479935924510720,EerieHush,11616
2026,1331774915392577536,NCAA ACC,10,1357479935924510720,EerieHush,12048
2026,1331774915392577536,NCAA ACC,10,1357479935924510720,EerieHush,12469
2026,1331774915392577536,NCAA ACC,10,1357479935924510720,EerieHush,12531
2026,1331774915392577536,NCAA ACC,10,1357479935924510720,EerieHush,12536
2026,1331774915392577536,NCAA ACC,10,1357479935924510720,EerieHush,12545
2026,1331774915392577536,NCAA ACC,10,1357479935924510720,EerieHush,12658
2026,1331774915392577536,NCAA ACC,10,1357479935924510720,EerieHush,13281
2026,1331774915392577536,NCAA ACC,10,1357479935924510720,EerieHush,13311
2026,1331774915392577536,NCAA ACC,10,1357479935924510720,EerieHush,13319
2026,1331774915392577536,NCAA ACC,10,1357479935924510720,EerieHush,13337
2026,1331774915392577536,NCAA ACC,10,1357479935924510720,EerieHush,13401
2026,1331774915392577536,NCAA ACC,10,1357479935924510720,EerieHush,13404
2026,1331774915392577536,NCAA ACC,10,1357479935924510720,EerieHush,13533
2026,1331774915392577536,NCAA ACC,10,1357479935924510720,EerieHush,3678
2026,1331774915392577536,NCAA ACC,10,1357479935924510720,EerieHush,4950
2026,1331774915392577536,NCAA ACC,10,1357479935924510720,EerieHush,5022
2026,1331774915392577536,NCAA ACC,10,1357479935924510720,EerieHush,7049
2026,1331774915392577536,NCAA ACC,10,1357479935924510720,EerieHush,7523
2026,1331774915392577536,NCAA ACC,10,1357479935924510720,EerieHush,7543
2026,1331774915392577536,NCAA ACC,10,1357479935924510720,EerieHush,7607
2026,1331774915392577536,NCAA ACC,10,1357479935924510720,EerieHush,8131
2026,1331774915392577536,NCAA ACC,10,1357479935924510720,EerieHush,8132
2026,1331774915392577536,NCAA ACC,10,1357479935924510720,EerieHush,8137
2026,1331774915392577536,NCAA ACC,10,1357479935924510720,EerieHush,8142
2026,1331774915392577536,NCAA ACC,10,1357479935924510720,EerieHush,8143
2026,1331774915392577536,NCAA ACC,10,1357479935924510720,EerieHush,8148
2026,1331774915392577536,NCAA ACC,10,1357479935924510720,EerieHush,8155
2026,1331774915392577536,NCAA ACC,10,1357479935924510720,EerieHush,8167
2026,1331774915392577536,NCAA ACC,10,1357479935924510720,EerieHush,9481
2026,1331774915392577536,NCAA ACC,10,1357479935924510720,EerieHush,9494
2026,1331774915392577536,NCAA ACC,10,1357479935924510720,EerieHush,9504
2026,1331774915392577536,NCAA ACC,10,1357479935924510720,EerieHush,9509
2026,1331774915392577536,NCAA ACC,10,1357479935924510720,EerieHush,9753
2026,1331774915392577536,NCAA ACC,10,1357479935924510720,EerieHush,LAC
2026,1331774915392577536,NCAA ACC,10,1357479935924510720,EerieHush,WAS
2026,1331774915392577536,NCAA ACC,11,458070829909929984,Campbell8,10225
2026,1331774915392577536,NCAA ACC,11,458070829909929984,Campbell8,10444
2026,1331774915392577536,NCAA ACC,11,458070829909929984,Campbell8,10871
2026,1331774915392577536,NCAA ACC,11,458070829909929984,Campbell8,11570
2026,1331774915392577536,NCAA ACC,11,458070829909929984,Campbell8,11620
2026,1331774915392577536,NCAA ACC,11,458070829909929984,Campbell8,11643
2026,1331774915392577536,NCAA ACC,11,458070829909929984,Campbell8,11650
2026,1331774915392577536,NCAA ACC,11,458070829909929984,Campbell8,11729
2026,1331774915392577536,NCAA ACC,11,458070829909929984,Campbell8,12481
2026,1331774915392577536,NCAA ACC,11,458070829909929984,Campbell8,12487
2026,1331774915392577536,NCAA ACC,11,458070829909929984,Campbell8,12526
2026,1331774915392577536,NCAA ACC,11,458070829909929984,Campbell8,13289
2026,1331774915392577536,NCAA ACC,11,458070829909929984,Campbell8,13293
2026,1331774915392577536,NCAA ACC,11,458070829909929984,Campbell8,13301
2026,1331774915392577536,NCAA ACC,11,458070829909929984,Campbell8,13330
2026,1331774915392577536,NCAA ACC,11,458070829909929984,Campbell8,13424
2026,1331774915392577536,NCAA ACC,11,458070829909929984,Campbell8,2020
2026,1331774915392577536,NCAA ACC,11,458070829909929984,Campbell8,3163
2026,1331774915392577536,NCAA ACC,11,458070829909929984,Campbell8,3451
2026,1331774915392577536,NCAA ACC,11,458070829909929984,Campbell8,4066
2026,1331774915392577536,NCAA ACC,11,458070829909929984,Campbell8,4137
2026,1331774915392577536,NCAA ACC,11,458070829909929984,Campbell8,4144
2026,1331774915392577536,NCAA ACC,11,458070829909929984,Campbell8,4217
2026,1331774915392577536,NCAA ACC,11,458070829909929984,Campbell8,4943
2026,1331774915392577536,NCAA ACC,11,458070829909929984,Campbell8,5045
2026,1331774915392577536,NCAA ACC,11,458070829909929984,Campbell8,5133
2026,1331774915392577536,NCAA ACC,11,458070829909929984,Campbell8,6768
2026,1331774915392577536,NCAA ACC,11,458070829909929984,Campbell8,6813
2026,1331774915392577536,NCAA ACC,11,458070829909929984,Campbell8,6819
2026,1331774915392577536,NCAA ACC,11,458070829909929984,Campbell8,6820
2026,1331774915392577536,NCAA ACC,11,458070829909929984,Campbell8,6828
2026,1331774915392577536,NCAA ACC,11,458070829909929984,Campbell8,6943
2026,1331774915392577536,NCAA ACC,11,458070829909929984,Campbell8,7090
2026,1331774915392577536,NCAA ACC,11,458070829909929984,Campbell8,7496
2026,1331774915392577536,NCAA ACC,11,458070829909929984,Campbell8,7527
2026,1331774915392577536,NCAA ACC,11,458070829909929984,Campbell8,7585
2026,1331774915392577536,NCAA ACC,11,458070829909929984,Campbell8,8111
2026,1331774915392577536,NCAA ACC,11,458070829909929984,Campbell8,8154
2026,1331774915392577536,NCAA ACC,11,458070829909929984,Campbell8,9999
2026,1331774915392577536,NCAA ACC,11,458070829909929984,Campbell8,ATL
2026,1331774915392577536,NCAA ACC,11,458070829909929984,Campbell8,CIN
2026,1331774915392577536,NCAA ACC,11,458070829909929984,Campbell8,PHI
2026,1331774915392577536,NCAA ACC,12,302575527556825088,dilbennett,10216
2026,1331774915392577536,NCAA ACC,12,302575527556825088,dilbennett,10229
2026,1331774915392577536,NCAA ACC,12,302575527556825088,dilbennett,11199
2026,1331774915392577536,NCAA ACC,12,302575527556825088,dilbennett,11435
2026,1331774915392577536,NCAA ACC,12,302575527556825088,dilbennett,11539
2026,1331774915392577536,NCAA ACC,12,302575527556825088,dilbennett,11579
2026,1331774915392577536,NCAA ACC,12,302575527556825088,dilbennett,11588
2026,1331774915392577536,NCAA ACC,12,302575527556825088,dilbennett,11792
2026,1331774915392577536,NCAA ACC,12,302575527556825088,dilbennett,11821
2026,1331774915392577536,NCAA ACC,12,302575527556825088,dilbennett,11834
2026,1331774915392577536,NCAA ACC,12,302575527556825088,dilbennett,12455
2026,1331774915392577536,NCAA ACC,12,302575527556825088,dilbennett,12462
2026,1331774915392577536,NCAA ACC,12,302575527556825088,dilbennett,12490
2026,1331774915392577536,NCAA ACC,12,302575527556825088,dilbennett,12504
2026,1331774915392577536,NCAA ACC,12,302575527556825088,dilbennett,12521
2026,1331774915392577536,NCAA ACC,12,302575527556825088,dilbennett,12543
2026,1331774915392577536,NCAA ACC,12,302575527556825088,dilbennett,13274
2026,1331774915392577536,NCAA ACC,12,302575527556825088,dilbennett,13302
2026,1331774915392577536,NCAA ACC,12,302575527556825088,dilbennett,13347
2026,1331774915392577536,NCAA ACC,12,302575527556825088,dilbennett,13349
2026,1331774915392577536,NCAA ACC,12,302575527556825088,dilbennett,1466
2026,1331774915392577536,NCAA ACC,12,302575527556825088,dilbennett,2133
2026,1331774915392577536,NCAA ACC,12,302575527556825088,dilbennett,2306
2026,1331774915392577536,NCAA ACC,12,302575527556825088,dilbennett,3294
2026,1331774915392577536,NCAA ACC,12,302575527556825088,dilbennett,4035
2026,1331774915392577536,NCAA ACC,12,302575527556825088,dilbennett,4037
2026,1331774915392577536,NCAA ACC,12,302575527556825088,dilbennett,4046
2026,1331774915392577536,NCAA ACC,12,302575527556825088,dilbennett,4574
2026,1331774915392577536,NCAA ACC,12,302575527556825088,dilbennett,4866
2026,1331774915392577536,NCAA ACC,12,302575527556825088,dilbennett,5119
2026,1331774915392577536,NCAA ACC,12,302575527556825088,dilbennett,5189
2026,1331774915392577536,NCAA ACC,12,302575527556825088,dilbennett,5854
2026,1331774915392577536,NCAA ACC,12,302575527556825088,dilbennett,5859
2026,1331774915392577536,NCAA ACC,12,302575527556825088,dilbennett,6039
2026,1331774915392577536,NCAA ACC,12,302575527556825088,dilbennett,7021
2026,1331774915392577536,NCAA ACC,12,302575527556825088,dilbennett,7547
2026,1331774915392577536,NCAA ACC,12,302575527556825088,dilbennett,7564
2026,1331774915392577536,NCAA ACC,12,302575527556825088,dilbennett,7828
2026,1331774915392577536,NCAA ACC,12,302575527556825088,dilbennett,8210
2026,1331774915392577536,NCAA ACC,12,302575527556825088,dilbennett,8800
2026,1331774915392577536,NCAA ACC,12,302575527556825088,dilbennett,8932
2026,1331774915392577536,NCAA ACC,12,302575527556825088,dilbennett,9221
2026,1331774915392577536,NCAA ACC,12,302575527556825088,dilbennett,DEN
2026,1331774915392577536,NCAA ACC,12,302575527556825088,dilbennett,IND
2026,1331774915392577536,NCAA ACC,12,302575527556825088,dilbennett,MIA
2026,1316899936696016896,NCAA BIG 10,1,465720627639087104,Mo00,10218
2026,1316899936696016896,NCAA BIG 10,1,465720627639087104,Mo00,10219
2026,1316899936696016896,NCAA BIG 10,1,465720627639087104,Mo00,10859
2026,1316899936696016896,NCAA BIG 10,1,465720627639087104,Mo00,11377
2026,1316899936696016896,NCAA BIG 10,1,465720627639087104,Mo00,11539
2026,1316899936696016896,NCAA BIG 10,1,465720627639087104,Mo00,11557
2026,1316899936696016896,NCAA BIG 10,1,465720627639087104,Mo00,11573
2026,1316899936696016896,NCAA BIG 10,1,465720627639087104,Mo00,11603
2026,1316899936696016896,NCAA BIG 10,1,465720627639087104,Mo00,1166
2026,1316899936696016896,NCAA BIG 10,1,465720627639087104,Mo00,12472
2026,1316899936696016896,NCAA BIG 10,1,465720627639087104,Mo00,13276
2026,1316899936696016896,NCAA BIG 10,1,465720627639087104,Mo00,13337
2026,1316899936696016896,NCAA BIG 10,1,465720627639087104,Mo00,13405
2026,1316899936696016896,NCAA BIG 10,1,465720627639087104,Mo00,2306
2026,1316899936696016896,NCAA BIG 10,1,465720627639087104,Mo00,3678
2026,1316899936696016896,NCAA BIG 10,1,465720627639087104,Mo00,4035
2026,1316899936696016896,NCAA BIG 10,1,465720627639087104,Mo00,4137
2026,1316899936696016896,NCAA BIG 10,1,465720627639087104,Mo00,4574
2026,1316899936696016896,NCAA BIG 10,1,465720627639087104,Mo00,4972
2026,1316899936696016896,NCAA BIG 10,1,465720627639087104,Mo00,5022
2026,1316899936696016896,NCAA BIG 10,1,465720627639087104,Mo00,5095
2026,1316899936696016896,NCAA BIG 10,1,465720627639087104,Mo00,6130
2026,1316899936696016896,NCAA BIG 10,1,465720627639087104,Mo00,6768
2026,1316899936696016896,NCAA BIG 10,1,465720627639087104,Mo00,6786
2026,1316899936696016896,NCAA BIG 10,1,465720627639087104,Mo00,6794
2026,1316899936696016896,NCAA BIG 10,1,465720627639087104,Mo00,6869
2026,1316899936696016896,NCAA BIG 10,1,465720627639087104,Mo00,7002
2026,1316899936696016896,NCAA BIG 10,1,465720627639087104,Mo00,7587
2026,1316899936696016896,NCAA BIG 10,1,465720627639087104,Mo00,7591
2026,1316899936696016896,NCAA BIG 10,1,465720627639087104,Mo00,7611
2026,1316899936696016896,NCAA BIG 10,1,465720627639087104,Mo00,8144
2026,1316899936696016896,NCAA BIG 10,1,465720627639087104,Mo00,8147
2026,1316899936696016896,NCAA BIG 10,1,465720627639087104,Mo00,NO
2026,1316899936696016896,NCAA BIG 10,1,465720627639087104,Mo00,NYJ
2026,1316899936696016896,NCAA BIG 10,1,465720627639087104,Mo00,PHI
2026,1316899936696016896,NCAA BIG 10,2,438178170542223360,EthanH,10226
2026,1316899936696016896,NCAA BIG 10,2,438178170542223360,EthanH,10232
2026,1316899936696016896,NCAA BIG 10,2,438178170542223360,EthanH,10236
2026,1316899936696016896,NCAA BIG 10,2,438178170542223360,EthanH,11569
2026,1316899936696016896,NCAA BIG 10,2,438178170542223360,EthanH,11592
2026,1316899936696016896,NCAA BIG 10,2,438178170542223360,EthanH,11600
2026,1316899936696016896,NCAA BIG 10,2,438178170542223360,EthanH,11632
2026,1316899936696016896,NCAA BIG 10,2,438178170542223360,EthanH,11655
2026,1316899936696016896,NCAA BIG 10,2,438178170542223360,EthanH,12493
2026,1316899936696016896,NCAA BIG 10,2,438178170542223360,EthanH,12501
2026,1316899936696016896,NCAA BIG 10,2,438178170542223360,EthanH,12508
2026,1316899936696016896,NCAA BIG 10,2,438178170542223360,EthanH,12535
2026,1316899936696016896,NCAA BIG 10,2,438178170542223360,EthanH,12540
2026,1316899936696016896,NCAA BIG 10,2,438178170542223360,EthanH,12545
2026,1316899936696016896,NCAA BIG 10,2,438178170542223360,EthanH,12547
2026,1316899936696016896,NCAA BIG 10,2,438178170542223360,EthanH,13296
2026,1316899936696016896,NCAA BIG 10,2,438178170542223360,EthanH,13302
2026,1316899936696016896,NCAA BIG 10,2,438178170542223360,EthanH,13413
2026,1316899936696016896,NCAA BIG 10,2,438178170542223360,EthanH,13417
2026,1316899936696016896,NCAA BIG 10,2,438178170542223360,EthanH,13421
2026,1316899936696016896,NCAA BIG 10,2,438178170542223360,EthanH,13968
2026,1316899936696016896,NCAA BIG 10,2,438178170542223360,EthanH,4199
2026,1316899936696016896,NCAA BIG 10,2,438178170542223360,EthanH,5849
2026,1316899936696016896,NCAA BIG 10,2,438178170542223360,EthanH,6650
2026,1316899936696016896,NCAA BIG 10,2,438178170542223360,EthanH,6904
2026,1316899936696016896,NCAA BIG 10,2,438178170542223360,EthanH,7042
2026,1316899936696016896,NCAA BIG 10,2,438178170542223360,EthanH,7525
2026,1316899936696016896,NCAA BIG 10,2,438178170542223360,EthanH,7571
2026,1316899936696016896,NCAA BIG 10,2,438178170542223360,EthanH,8110
2026,1316899936696016896,NCAA BIG 10,2,438178170542223360,EthanH,8111
2026,1316899936696016896,NCAA BIG 10,2,438178170542223360,EthanH,8172
2026,1316899936696016896,NCAA BIG 10,2,438178170542223360,EthanH,9221
2026,1316899936696016896,NCAA BIG 10,2,438178170542223360,EthanH,9226
2026,1316899936696016896,NCAA BIG 10,2,438178170542223360,EthanH,9493
2026,1316899936696016896,NCAA BIG 10,2,438178170542223360,EthanH,9494
2026,1316899936696016896,NCAA BIG 10,2,438178170542223360,EthanH,9501
2026,1316899936696016896,NCAA BIG 10,2,438178170542223360,EthanH,9502
2026,1316899936696016896,NCAA BIG 10,2,438178170542223360,EthanH,9754
2026,1316899936696016896,NCAA BIG 10,2,438178170542223360,EthanH,9757
2026,1316899936696016896,NCAA BIG 10,2,438178170542223360,EthanH,BUF
2026,1316899936696016896,NCAA BIG 10,2,438178170542223360,EthanH,DET
2026,1316899936696016896,NCAA BIG 10,3,437465313911500800,kfitch3p,11261
2026,1316899936696016896,NCAA BIG 10,3,437465313911500800,kfitch3p,11370
2026,1316899936696016896,NCAA BIG 10,3,437465313911500800,kfitch3p,11565
2026,1316899936696016896,NCAA BIG 10,3,437465313911500800,kfitch3p,11589
2026,1316899936696016896,NCAA BIG 10,3,437465313911500800,kfitch3p,11626
2026,1316899936696016896,NCAA BIG 10,3,437465313911500800,kfitch3p,11628
2026,1316899936696016896,NCAA BIG 10,3,437465313911500800,kfitch3p,11638
2026,1316899936696016896,NCAA BIG 10,3,437465313911500800,kfitch3p,12462
2026,1316899936696016896,NCAA BIG 10,3,437465313911500800,kfitch3p,12470
2026,1316899936696016896,NCAA BIG 10,3,437465313911500800,kfitch3p,12486
2026,1316899936696016896,NCAA BIG 10,3,437465313911500800,kfitch3p,12497
2026,1316899936696016896,NCAA BIG 10,3,437465313911500800,kfitch3p,12499
2026,1316899936696016896,NCAA BIG 10,3,437465313911500800,kfitch3p,12511
2026,1316899936696016896,NCAA BIG 10,3,437465313911500800,kfitch3p,12517
2026,1316899936696016896,NCAA BIG 10,3,437465313911500800,kfitch3p,12522
2026,1316899936696016896,NCAA BIG 10,3,437465313911500800,kfitch3p,12530
2026,1316899936696016896,NCAA BIG 10,3,437465313911500800,kfitch3p,12534
2026,1316899936696016896,NCAA BIG 10,3,437465313911500800,kfitch3p,12543
2026,1316899936696016896,NCAA BIG 10,3,437465313911500800,kfitch3p,12641
2026,1316899936696016896,NCAA BIG 10,3,437465313911500800,kfitch3p,12670
2026,1316899936696016896,NCAA BIG 10,3,437465313911500800,kfitch3p,13272
2026,1316899936696016896,NCAA BIG 10,3,437465313911500800,kfitch3p,13287
2026,1316899936696016896,NCAA BIG 10,3,437465313911500800,kfitch3p,13330
2026,1316899936696016896,NCAA BIG 10,3,437465313911500800,kfitch3p,13346
2026,1316899936696016896,NCAA BIG 10,3,437465313911500800,kfitch3p,13533
2026,1316899936696016896,NCAA BIG 10,3,437465313911500800,kfitch3p,2505
2026,1316899936696016896,NCAA BIG 10,3,437465313911500800,kfitch3p,4039
2026,1316899936696016896,NCAA BIG 10,3,437465313911500800,kfitch3p,4195
2026,1316899936696016896,NCAA BIG 10,3,437465313911500800,kfitch3p,4219
2026,1316899936696016896,NCAA BIG 10,3,437465313911500800,kfitch3p,4381
2026,1316899936696016896,NCAA BIG 10,3,437465313911500800,kfitch3p,4993
2026,1316899936696016896,NCAA BIG 10,3,437465313911500800,kfitch3p,7537
2026,1316899936696016896,NCAA BIG 10,3,437465313911500800,kfitch3p,7602
2026,1316899936696016896,NCAA BIG 10,3,437465313911500800,kfitch3p,8112
2026,1316899936696016896,NCAA BIG 10,3,437465313911500800,kfitch3p,8135
2026,1316899936696016896,NCAA BIG 10,3,437465313911500800,kfitch3p,8168
2026,1316899936696016896,NCAA BIG 10,3,437465313911500800,kfitch3p,8210
2026,1316899936696016896,NCAA BIG 10,3,437465313911500800,kfitch3p,9229
2026,1316899936696016896,NCAA BIG 10,3,437465313911500800,kfitch3p,96
2026,1316899936696016896,NCAA BIG 10,3,437465313911500800,kfitch3p,9999
2026,1316899936696016896,NCAA BIG 10,3,437465313911500800,kfitch3p,CAR
2026,1316899936696016896,NCAA BIG 10,3,437465313911500800,kfitch3p,CIN
2026,1316899936696016896,NCAA BIG 10,3,437465313911500800,kfitch3p,WAS
2026,1316899936696016896,NCAA BIG 10,4,1354967293209083904,EndZoneAllDay1,10871
2026,1316899936696016896,NCAA BIG 10,4,1354967293209083904,EndZoneAllDay1,11559
2026,1316899936696016896,NCAA BIG 10,4,1354967293209083904,EndZoneAllDay1,11586
2026,1316899936696016896,NCAA BIG 10,4,1354967293209083904,EndZoneAllDay1,11637
2026,1316899936696016896,NCAA BIG 10,4,1354967293209083904,EndZoneAllDay1,12474
2026,1316899936696016896,NCAA BIG 10,4,1354967293209083904,EndZoneAllDay1,12481
2026,1316899936696016896,NCAA BIG 10,4,1354967293209083904,EndZoneAllDay1,12484
2026,1316899936696016896,NCAA BIG 10,4,1354967293209083904,EndZoneAllDay1,12502
2026,1316899936696016896,NCAA BIG 10,4,1354967293209083904,EndZoneAllDay1,13270
2026,1316899936696016896,NCAA BIG 10,4,1354967293209083904,EndZoneAllDay1,13282
2026,1316899936696016896,NCAA BIG 10,4,1354967293209083904,EndZoneAllDay1,13286
2026,1316899936696016896,NCAA BIG 10,4,1354967293209083904,EndZoneAllDay1,13288
2026,1316899936696016896,NCAA BIG 10,4,1354967293209083904,EndZoneAllDay1,1339
2026,1316899936696016896,NCAA BIG 10,4,1354967293209083904,EndZoneAllDay1,2216
2026,1316899936696016896,NCAA BIG 10,4,1354967293209083904,EndZoneAllDay1,4227
2026,1316899936696016896,NCAA BIG 10,4,1354967293209083904,EndZoneAllDay1,4881
2026,1316899936696016896,NCAA BIG 10,4,1354967293209083904,EndZoneAllDay1,6149
2026,1316899936696016896,NCAA BIG 10,4,1354967293209083904,EndZoneAllDay1,6528
2026,1316899936696016896,NCAA BIG 10,4,1354967293209083904,EndZoneAllDay1,7527
2026,1316899936696016896,NCAA BIG 10,4,1354967293209083904,EndZoneAllDay1,7562
2026,1316899936696016896,NCAA BIG 10,4,1354967293209083904,EndZoneAllDay1,7567
2026,1316899936696016896,NCAA BIG 10,4,1354967293209083904,EndZoneAllDay1,8119
2026,1316899936696016896,NCAA BIG 10,4,1354967293209083904,EndZoneAllDay1,8123
2026,1316899936696016896,NCAA BIG 10,4,1354967293209083904,EndZoneAllDay1,8162
2026,1316899936696016896,NCAA BIG 10,4,1354967293209083904,EndZoneAllDay1,8204
2026,1316899936696016896,NCAA BIG 10,4,1354967293209083904,EndZoneAllDay1,8205
2026,1316899936696016896,NCAA BIG 10,4,1354967293209083904,EndZoneAllDay1,9497
2026,1316899936696016896,NCAA BIG 10,4,1354967293209083904,EndZoneAllDay1,9504
2026,1316899936696016896,NCAA BIG 10,4,1354967293209083904,EndZoneAllDay1,9753
2026,1316899936696016896,NCAA BIG 10,4,1354967293209083904,EndZoneAllDay1,9997
2026,1316899936696016896,NCAA BIG 10,4,1354967293209083904,EndZoneAllDay1,CHI
2026,1316899936696016896,NCAA BIG 10,4,1354967293209083904,EndZoneAllDay1,PIT
2026,1316899936696016896,NCAA BIG 10,4,1354967293209083904,EndZoneAllDay1,SEA
2026,1316899936696016896,NCAA BIG 10,5,856759599565475840,Justahippo,10857
2026,1316899936696016896,NCAA BIG 10,5,856759599565475840,Justahippo,11564
2026,1316899936696016896,NCAA BIG 10,5,856759599565475840,Justahippo,11576
2026,1316899936696016896,NCAA BIG 10,5,856759599565475840,Justahippo,11597
2026,1316899936696016896,NCAA BIG 10,5,856759599565475840,Justahippo,11617
2026,1316899936696016896,NCAA BIG 10,5,856759599565475840,Justahippo,11627
2026,1316899936696016896,NCAA BIG 10,5,856759599565475840,Justahippo,11633
2026,1316899936696016896,NCAA BIG 10,5,856759599565475840,Justahippo,11635
2026,1316899936696016896,NCAA BIG 10,5,856759599565475840,Justahippo,11646
2026,1316899936696016896,NCAA BIG 10,5,856759599565475840,Justahippo,11792
2026,1316899936696016896,NCAA BIG 10,5,856759599565475840,Justahippo,12490
2026,1316899936696016896,NCAA BIG 10,5,856759599565475840,Justahippo,12507
2026,1316899936696016896,NCAA BIG 10,5,856759599565475840,Justahippo,12510
2026,1316899936696016896,NCAA BIG 10,5,856759599565475840,Justahippo,12531
2026,1316899936696016896,NCAA BIG 10,5,856759599565475840,Justahippo,13279
2026,1316899936696016896,NCAA BIG 10,5,856759599565475840,Justahippo,13281
2026,1316899936696016896,NCAA BIG 10,5,856759599565475840,Justahippo,13345
2026,1316899936696016896,NCAA BIG 10,5,856759599565475840,Justahippo,13348
2026,1316899936696016896,NCAA BIG 10,5,856759599565475840,Justahippo,13402
2026,1316899936696016896,NCAA BIG 10,5,856759599565475840,Justahippo,13414
2026,1316899936696016896,NCAA BIG 10,5,856759599565475840,Justahippo,1945
2026,1316899936696016896,NCAA BIG 10,5,856759599565475840,Justahippo,4040
2026,1316899936696016896,NCAA BIG 10,5,856759599565475840,Justahippo,5844
2026,1316899936696016896,NCAA BIG 10,5,856759599565475840,Justahippo,5848
2026,1316899936696016896,NCAA BIG 10,5,856759599565475840,Justahippo,5872
2026,1316899936696016896,NCAA BIG 10,5,856759599565475840,Justahippo,5970
2026,1316899936696016896,NCAA BIG 10,5,856759599565475840,Justahippo,6783
2026,1316899936696016896,NCAA BIG 10,5,856759599565475840,Justahippo,6797
2026,1316899936696016896,NCAA BIG 10,5,856759599565475840,Justahippo,7528
2026,1316899936696016896,NCAA BIG 10,5,856759599565475840,Justahippo,7610
2026,1316899936696016896,NCAA BIG 10,5,856759599565475840,Justahippo,8127
2026,1316899936696016896,NCAA BIG 10,5,856759599565475840,Justahippo,8132
2026,1316899936696016896,NCAA BIG 10,5,856759599565475840,Justahippo,8136
2026,1316899936696016896,NCAA BIG 10,5,856759599565475840,Justahippo,9224
2026,1316899936696016896,NCAA BIG 10,5,856759599565475840,Justahippo,9228
2026,1316899936696016896,NCAA BIG 10,5,856759599565475840,Justahippo,9480
2026,1316899936696016896,NCAA BIG 10,5,856759599565475840,Justahippo,9500
2026,1316899936696016896,NCAA BIG 10,5,856759599565475840,Justahippo,9511
2026,1316899936696016896,NCAA BIG 10,5,856759599565475840,Justahippo,ATL
2026,1316899936696016896,NCAA BIG 10,5,856759599565475840,Justahippo,MIA
2026,1316899936696016896,NCAA BIG 10,6,460511267564548096,laxbro000,10222
2026,1316899936696016896,NCAA BIG 10,6,460511267564548096,laxbro000,10229
2026,1316899936696016896,NCAA BIG 10,6,460511267564548096,laxbro000,11435
2026,1316899936696016896,NCAA BIG 10,6,460511267564548096,laxbro000,11560
2026,1316899936696016896,NCAA BIG 10,6,460511267564548096,laxbro000,11571
2026,1316899936696016896,NCAA BIG 10,6,460511267564548096,laxbro000,11624
2026,1316899936696016896,NCAA BIG 10,6,460511267564548096,laxbro000,11630
2026,1316899936696016896,NCAA BIG 10,6,460511267564548096,laxbro000,11643
2026,1316899936696016896,NCAA BIG 10,6,460511267564548096,laxbro000,12483
2026,1316899936696016896,NCAA BIG 10,6,460511267564548096,laxbro000,12498
2026,1316899936696016896,NCAA BIG 10,6,460511267564548096,laxbro000,12529
2026,1316899936696016896,NCAA BIG 10,6,460511267564548096,laxbro000,12544
2026,1316899936696016896,NCAA BIG 10,6,460511267564548096,laxbro000,13150
2026,1316899936696016896,NCAA BIG 10,6,460511267564548096,laxbro000,13275
2026,1316899936696016896,NCAA BIG 10,6,460511267564548096,laxbro000,13277
2026,1316899936696016896,NCAA BIG 10,6,460511267564548096,laxbro000,13278
2026,1316899936696016896,NCAA BIG 10,6,460511267564548096,laxbro000,13298
2026,1316899936696016896,NCAA BIG 10,6,460511267564548096,laxbro000,13317
2026,1316899936696016896,NCAA BIG 10,6,460511267564548096,laxbro000,13425
2026,1316899936696016896,NCAA BIG 10,6,460511267564548096,laxbro000,13545
2026,1316899936696016896,NCAA BIG 10,6,460511267564548096,laxbro000,3214
2026,1316899936696016896,NCAA BIG 10,6,460511267564548096,laxbro000,3294
2026,1316899936696016896,NCAA BIG 10,6,460511267564548096,laxbro000,3634
2026,1316899936696016896,NCAA BIG 10,6,460511267564548096,laxbro000,4033
2026,1316899936696016896,NCAA BIG 10,6,460511267564548096,laxbro000,4147
2026,1316899936696016896,NCAA BIG 10,6,460511267564548096,laxbro000,5947
2026,1316899936696016896,NCAA BIG 10,6,460511267564548096,laxbro000,5967
2026,1316899936696016896,NCAA BIG 10,6,460511267564548096,laxbro000,5995
2026,1316899936696016896,NCAA BIG 10,6,460511267564548096,laxbro000,6790
2026,1316899936696016896,NCAA BIG 10,6,460511267564548096,laxbro000,6826
2026,1316899936696016896,NCAA BIG 10,6,460511267564548096,laxbro000,7839
2026,1316899936696016896,NCAA BIG 10,6,460511267564548096,laxbro000,8155
2026,1316899936696016896,NCAA BIG 10,6,460511267564548096,laxbro000,8161
2026,1316899936696016896,NCAA BIG 10,6,460511267564548096,laxbro000,8167
2026,1316899936696016896,NCAA BIG 10,6,460511267564548096,laxbro000,8207
2026,1316899936696016896,NCAA BIG 10,6,460511267564548096,laxbro000,8259
2026,1316899936696016896,NCAA BIG 10,6,460511267564548096,laxbro000,8698
2026,1316899936696016896,NCAA BIG 10,6,460511267564548096,laxbro000,9506
2026,1316899936696016896,NCAA BIG 10,6,460511267564548096,laxbro000,9508
2026,1316899936696016896,NCAA BIG 10,6,460511267564548096,laxbro000,9756
2026,1316899936696016896,NCAA BIG 10,6,460511267564548096,laxbro000,BAL
2026,1316899936696016896,NCAA BIG 10,6,460511267564548096,laxbro000,GB
2026,1316899936696016896,NCAA BIG 10,6,460511267564548096,laxbro000,HOU
2026,1316899936696016896,NCAA BIG 10,6,460511267564548096,laxbro000,KC
2026,1316899936696016896,NCAA BIG 10,6,460511267564548096,laxbro000,SF
2026,1316899936696016896,NCAA BIG 10,7,460518714907815936,linkoftime1,10444
2026,1316899936696016896,NCAA BIG 10,7,460518714907815936,linkoftime1,11439
2026,1316899936696016896,NCAA BIG 10,7,460518714907815936,linkoftime1,11577
2026,1316899936696016896,NCAA BIG 10,7,460518714907815936,linkoftime1,11618
2026,1316899936696016896,NCAA BIG 10,7,460518714907815936,linkoftime1,11651
2026,1316899936696016896,NCAA BIG 10,7,460518714907815936,linkoftime1,12496
2026,1316899936696016896,NCAA BIG 10,7,460518714907815936,linkoftime1,12500
2026,1316899936696016896,NCAA BIG 10,7,460518714907815936,linkoftime1,12541
2026,1316899936696016896,NCAA BIG 10,7,460518714907815936,linkoftime1,12711
2026,1316899936696016896,NCAA BIG 10,7,460518714907815936,linkoftime1,12718
2026,1316899936696016896,NCAA BIG 10,7,460518714907815936,linkoftime1,13311
2026,1316899936696016896,NCAA BIG 10,7,460518714907815936,linkoftime1,13394
2026,1316899936696016896,NCAA BIG 10,7,460518714907815936,linkoftime1,13400
2026,1316899936696016896,NCAA BIG 10,7,460518714907815936,linkoftime1,13411
2026,1316899936696016896,NCAA BIG 10,7,460518714907815936,linkoftime1,1466
2026,1316899936696016896,NCAA BIG 10,7,460518714907815936,linkoftime1,2133
2026,1316899936696016896,NCAA BIG 10,7,460518714907815936,linkoftime1,3163
2026,1316899936696016896,NCAA BIG 10,7,460518714907815936,linkoftime1,3257
2026,1316899936696016896,NCAA BIG 10,7,460518714907815936,linkoftime1,3271
2026,1316899936696016896,NCAA BIG 10,7,460518714907815936,linkoftime1,4017
2026,1316899936696016896,NCAA BIG 10,7,460518714907815936,linkoftime1,4034
2026,1316899936696016896,NCAA BIG 10,7,460518714907815936,linkoftime1,4144
2026,1316899936696016896,NCAA BIG 10,7,460518714907815936,linkoftime1,4663
2026,1316899936696016896,NCAA BIG 10,7,460518714907815936,linkoftime1,4866
2026,1316899936696016896,NCAA BIG 10,7,460518714907815936,linkoftime1,4984
2026,1316899936696016896,NCAA BIG 10,7,460518714907815936,linkoftime1,5012
2026,1316899936696016896,NCAA BIG 10,7,460518714907815936,linkoftime1,5119
2026,1316899936696016896,NCAA BIG 10,7,460518714907815936,linkoftime1,5854
2026,1316899936696016896,NCAA BIG 10,7,460518714907815936,linkoftime1,5859
2026,1316899936696016896,NCAA BIG 10,7,460518714907815936,linkoftime1,6039
2026,1316899936696016896,NCAA BIG 10,7,460518714907815936,linkoftime1,6083
2026,1316899936696016896,NCAA BIG 10,7,460518714907815936,linkoftime1,6813
2026,1316899936696016896,NCAA BIG 10,7,460518714907815936,linkoftime1,6828
2026,1316899936696016896,NCAA BIG 10,7,460518714907815936,linkoftime1,7090
2026,1316899936696016896,NCAA BIG 10,7,460518714907815936,linkoftime1,7496
2026,1316899936696016896,NCAA BIG 10,7,460518714907815936,linkoftime1,7547
2026,1316899936696016896,NCAA BIG 10,7,460518714907815936,linkoftime1,7564
2026,1316899936696016896,NCAA BIG 10,7,460518714907815936,linkoftime1,7600
2026,1316899936696016896,NCAA BIG 10,7,460518714907815936,linkoftime1,8129
2026,1316899936696016896,NCAA BIG 10,7,460518714907815936,linkoftime1,8408
2026,1316899936696016896,NCAA BIG 10,7,460518714907815936,linkoftime1,9225
2026,1316899936696016896,NCAA BIG 10,7,460518714907815936,linkoftime1,9487
2026,1316899936696016896,NCAA BIG 10,7,460518714907815936,linkoftime1,CLE
2026,1316899936696016896,NCAA BIG 10,7,460518714907815936,linkoftime1,DAL
2026,1316899936696016896,NCAA BIG 10,7,460518714907815936,linkoftime1,LAR
2026,1316899936696016896,NCAA BIG 10,8,998438693570539520,ChAiNSmOkErTk,11786
2026,1316899936696016896,NCAA BIG 10,8,998438693570539520,ChAiNSmOkErTk,12514
2026,1316899936696016896,NCAA BIG 10,8,998438693570539520,ChAiNSmOkErTk,12521
2026,1316899936696016896,NCAA BIG 10,8,998438693570539520,ChAiNSmOkErTk,12524
2026,1316899936696016896,NCAA BIG 10,8,998438693570539520,ChAiNSmOkErTk,13269
2026,1316899936696016896,NCAA BIG 10,8,998438693570539520,ChAiNSmOkErTk,13285
2026,1316899936696016896,NCAA BIG 10,8,998438693570539520,ChAiNSmOkErTk,13289
2026,1316899936696016896,NCAA BIG 10,8,998438693570539520,ChAiNSmOkErTk,13333
2026,1316899936696016896,NCAA BIG 10,8,998438693570539520,ChAiNSmOkErTk,1373
2026,1316899936696016896,NCAA BIG 10,8,998438693570539520,ChAiNSmOkErTk,1433
2026,1316899936696016896,NCAA BIG 10,8,998438693570539520,ChAiNSmOkErTk,2078
2026,1316899936696016896,NCAA BIG 10,8,998438693570539520,ChAiNSmOkErTk,2197
2026,1316899936696016896,NCAA BIG 10,8,998438693570539520,ChAiNSmOkErTk,2410
2026,1316899936696016896,NCAA BIG 10,8,998438693570539520,ChAiNSmOkErTk,2460
2026,1316899936696016896,NCAA BIG 10,8,998438693570539520,ChAiNSmOkErTk,2749
2026,1316899936696016896,NCAA BIG 10,8,998438693570539520,ChAiNSmOkErTk,3164
2026,1316899936696016896,NCAA BIG 10,8,998438693570539520,ChAiNSmOkErTk,3321
2026,1316899936696016896,NCAA BIG 10,8,998438693570539520,ChAiNSmOkErTk,4892
2026,1316899936696016896,NCAA BIG 10,8,998438693570539520,ChAiNSmOkErTk,4983
2026,1316899936696016896,NCAA BIG 10,8,998438693570539520,ChAiNSmOkErTk,5038
2026,1316899936696016896,NCAA BIG 10,8,998438693570539520,ChAiNSmOkErTk,5892
2026,1316899936696016896,NCAA BIG 10,8,998438693570539520,ChAiNSmOkErTk,6819
2026,1316899936696016896,NCAA BIG 10,8,998438693570539520,ChAiNSmOkErTk,7523
2026,1316899936696016896,NCAA BIG 10,8,998438693570539520,ChAiNSmOkErTk,7526
2026,1316899936696016896,NCAA BIG 10,8,998438693570539520,ChAiNSmOkErTk,7543
2026,1316899936696016896,NCAA BIG 10,8,998438693570539520,ChAiNSmOkErTk,7559
2026,1316899936696016896,NCAA BIG 10,8,998438693570539520,ChAiNSmOkErTk,7583
2026,1316899936696016896,NCAA BIG 10,8,998438693570539520,ChAiNSmOkErTk,8154
2026,1316899936696016896,NCAA BIG 10,8,998438693570539520,ChAiNSmOkErTk,8800
2026,1316899936696016896,NCAA BIG 10,8,998438693570539520,ChAiNSmOkErTk,ARI
2026,1316899936696016896,NCAA BIG 10,8,998438693570539520,ChAiNSmOkErTk,LAC
2026,1316899936696016896,NCAA BIG 10,8,998438693570539520,ChAiNSmOkErTk,MIN
2026,1316899936696016896,NCAA BIG 10,9,559208653427675136,Klashified,10955
2026,1316899936696016896,NCAA BIG 10,9,559208653427675136,Klashified,11237
2026,1316899936696016896,NCAA BIG 10,9,559208653427675136,Klashified,11533
2026,1316899936696016896,NCAA BIG 10,9,559208653427675136,Klashified,11579
2026,1316899936696016896,NCAA BIG 10,9,559208653427675136,Klashified,11595
2026,1316899936696016896,NCAA BIG 10,9,559208653427675136,Klashified,11623
2026,1316899936696016896,NCAA BIG 10,9,559208653427675136,Klashified,12015
2026,1316899936696016896,NCAA BIG 10,9,559208653427675136,Klashified,12048
2026,1316899936696016896,NCAA BIG 10,9,559208653427675136,Klashified,12482
2026,1316899936696016896,NCAA BIG 10,9,559208653427675136,Klashified,12485
2026,1316899936696016896,NCAA BIG 10,9,559208653427675136,Klashified,12494
2026,1316899936696016896,NCAA BIG 10,9,559208653427675136,Klashified,12658
2026,1316899936696016896,NCAA BIG 10,9,559208653427675136,Klashified,13264
2026,1316899936696016896,NCAA BIG 10,9,559208653427675136,Klashified,13329
2026,1316899936696016896,NCAA BIG 10,9,559208653427675136,Klashified,13338
2026,1316899936696016896,NCAA BIG 10,9,559208653427675136,Klashified,13353
2026,1316899936696016896,NCAA BIG 10,9,559208653427675136,Klashified,13380
2026,1316899936696016896,NCAA BIG 10,9,559208653427675136,Klashified,13401
2026,1316899936696016896,NCAA BIG 10,9,559208653427675136,Klashified,13420
2026,1316899936696016896,NCAA BIG 10,9,559208653427675136,Klashified,13424
2026,1316899936696016896,NCAA BIG 10,9,559208653427675136,Klashified,13602
2026,1316899936696016896,NCAA BIG 10,9,559208653427675136,Klashified,2449
2026,1316899936696016896,NCAA BIG 10,9,559208653427675136,Klashified,3198
2026,1316899936696016896,NCAA BIG 10,9,559208653427675136,Klashified,3286
2026,1316899936696016896,NCAA BIG 10,9,559208653427675136,Klashified,4037
2026,1316899936696016896,NCAA BIG 10,9,559208653427675136,Klashified,4046
2026,1316899936696016896,NCAA BIG 10,9,559208653427675136,Klashified,4177
2026,1316899936696016896,NCAA BIG 10,9,559208653427675136,Klashified,4454
2026,1316899936696016896,NCAA BIG 10,9,559208653427675136,Klashified,5001
2026,1316899936696016896,NCAA BIG 10,9,559208653427675136,Klashified,5850
2026,1316899936696016896,NCAA BIG 10,9,559208653427675136,Klashified,5857
2026,1316899936696016896,NCAA BIG 10,9,559208653427675136,Klashified,5870
2026,1316899936696016896,NCAA BIG 10,9,559208653427675136,Klashified,6803
2026,1316899936696016896,NCAA BIG 10,9,559208653427675136,Klashified,7021
2026,1316899936696016896,NCAA BIG 10,9,559208653427675136,Klashified,8121
2026,1316899936696016896,NCAA BIG 10,9,559208653427675136,Klashified,8130
2026,1316899936696016896,NCAA BIG 10,9,559208653427675136,Klashified,8150
2026,1316899936696016896,NCAA BIG 10,9,559208653427675136,Klashified,8180
2026,1316899936696016896,NCAA BIG 10,9,559208653427675136,Klashified,8183
2026,1316899936696016896,NCAA BIG 10,9,559208653427675136,Klashified,8225
2026,1316899936696016896,NCAA BIG 10,9,559208653427675136,Klashified,8917
2026,1316899936696016896,NCAA BIG 10,9,559208653427675136,Klashified,9479
2026,1316899936696016896,NCAA BIG 10,9,559208653427675136,Klashified,9481
2026,1316899936696016896,NCAA BIG 10,9,559208653427675136,Klashified,TB
2026,1316899936696016896,NCAA BIG 10,9,559208653427675136,Klashified,TEN
2026,1316899936696016896,NCAA BIG 10,10,459225788735025152,richardson98,10235
2026,1316899936696016896,NCAA BIG 10,10,459225788735025152,richardson98,11566
2026,1316899936696016896,NCAA BIG 10,10,459225788735025152,richardson98,11575
2026,1316899936696016896,NCAA BIG 10,10,459225788735025152,richardson98,11581
2026,1316899936696016896,NCAA BIG 10,10,459225788735025152,richardson98,11583
2026,1316899936696016896,NCAA BIG 10,10,459225788735025152,richardson98,11596
2026,1316899936696016896,NCAA BIG 10,10,459225788735025152,richardson98,11604
2026,1316899936696016896,NCAA BIG 10,10,459225788735025152,richardson98,11620
2026,1316899936696016896,NCAA BIG 10,10,459225788735025152,richardson98,12492
2026,1316899936696016896,NCAA BIG 10,10,459225788735025152,richardson98,12509
2026,1316899936696016896,NCAA BIG 10,10,459225788735025152,richardson98,12512
2026,1316899936696016896,NCAA BIG 10,10,459225788735025152,richardson98,12518
2026,1316899936696016896,NCAA BIG 10,10,459225788735025152,richardson98,12519
2026,1316899936696016896,NCAA BIG 10,10,459225788735025152,richardson98,12520
2026,1316899936696016896,NCAA BIG 10,10,459225788735025152,richardson98,13294
2026,1316899936696016896,NCAA BIG 10,10,459225788735025152,richardson98,13301
2026,1316899936696016896,NCAA BIG 10,10,459225788735025152,richardson98,13307
2026,1316899936696016896,NCAA BIG 10,10,459225788735025152,richardson98,13319
2026,1316899936696016896,NCAA BIG 10,10,459225788735025152,richardson98,13423
2026,1316899936696016896,NCAA BIG 10,10,459225788735025152,richardson98,13833
2026,1316899936696016896,NCAA BIG 10,10,459225788735025152,richardson98,1737
2026,1316899936696016896,NCAA BIG 10,10,459225788735025152,richardson98,3161
2026,1316899936696016896,NCAA BIG 10,10,459225788735025152,richardson98,4981
2026,1316899936696016896,NCAA BIG 10,10,459225788735025152,richardson98,5189
2026,1316899936696016896,NCAA BIG 10,10,459225788735025152,richardson98,5906
2026,1316899936696016896,NCAA BIG 10,10,459225788735025152,richardson98,6271
2026,1316899936696016896,NCAA BIG 10,10,459225788735025152,richardson98,6804
2026,1316899936696016896,NCAA BIG 10,10,459225788735025152,richardson98,6806
2026,1316899936696016896,NCAA BIG 10,10,459225788735025152,richardson98,7049
2026,1316899936696016896,NCAA BIG 10,10,459225788735025152,richardson98,7588
2026,1316899936696016896,NCAA BIG 10,10,459225788735025152,richardson98,7828
2026,1316899936696016896,NCAA BIG 10,10,459225788735025152,richardson98,7922
2026,1316899936696016896,NCAA BIG 10,10,459225788735025152,richardson98,8117
2026,1316899936696016896,NCAA BIG 10,10,459225788735025152,richardson98,8126
2026,1316899936696016896,NCAA BIG 10,10,459225788735025152,richardson98,8143
2026,1316899936696016896,NCAA BIG 10,10,459225788735025152,richardson98,8230
2026,1316899936696016896,NCAA BIG 10,10,459225788735025152,richardson98,9482
2026,1316899936696016896,NCAA BIG 10,10,459225788735025152,richardson98,9488
2026,1316899936696016896,NCAA BIG 10,10,459225788735025152,richardson98,9492
2026,1316899936696016896,NCAA BIG 10,10,459225788735025152,richardson98,LV
2026,1316899936696016896,NCAA BIG 10,10,459225788735025152,richardson98,NYG
2026,1316899936696016896,NCAA BIG 10,11,471056290550902784,Schuflakka,11584
2026,1316899936696016896,NCAA BIG 10,11,471056290550902784,Schuflakka,11610
2026,1316899936696016896,NCAA BIG 10,11,471056290550902784,Schuflakka,11631
2026,1316899936696016896,NCAA BIG 10,11,471056290550902784,Schuflakka,12185
2026,1316899936696016896,NCAA BIG 10,11,471056290550902784,Schuflakka,12457
2026,1316899936696016896,NCAA BIG 10,11,471056290550902784,Schuflakka,12469
2026,1316899936696016896,NCAA BIG 10,11,471056290550902784,Schuflakka,12495
2026,1316899936696016896,NCAA BIG 10,11,471056290550902784,Schuflakka,12503
2026,1316899936696016896,NCAA BIG 10,11,471056290550902784,Schuflakka,12504
2026,1316899936696016896,NCAA BIG 10,11,471056290550902784,Schuflakka,12505
2026,1316899936696016896,NCAA BIG 10,11,471056290550902784,Schuflakka,12506
2026,1316899936696016896,NCAA BIG 10,11,471056290550902784,Schuflakka,12526
2026,1316899936696016896,NCAA BIG 10,11,471056290550902784,Schuflakka,12527
2026,1316899936696016896,NCAA BIG 10,11,471056290550902784,Schuflakka,12713
2026,1316899936696016896,NCAA BIG 10,11,471056290550902784,Schuflakka,12738
2026,1316899936696016896,NCAA BIG 10,11,471056290550902784,Schuflakka,13268
2026,1316899936696016896,NCAA BIG 10,11,471056290550902784,Schuflakka,13305
2026,1316899936696016896,NCAA BIG 10,11,471056290550902784,Schuflakka,13320
2026,1316899936696016896,NCAA BIG 10,11,471056290550902784,Schuflakka,13347
2026,1316899936696016896,NCAA BIG 10,11,471056290550902784,Schuflakka,13349
2026,1316899936696016896,NCAA BIG 10,11,471056290550902784,Schuflakka,1479
2026,1316899936696016896,NCAA BIG 10,11,471056290550902784,Schuflakka,3451
2026,1316899936696016896,NCAA BIG 10,11,471056290550902784,Schuflakka,421
2026,1316899936696016896,NCAA BIG 10,11,471056290550902784,Schuflakka,5045
2026,1316899936696016896,NCAA BIG 10,11,471056290550902784,Schuflakka,5846
2026,1316899936696016896,NCAA BIG 10,11,471056290550902784,Schuflakka,5927
2026,1316899936696016896,NCAA BIG 10,11,471056290550902784,Schuflakka,650
2026,1316899936696016896,NCAA BIG 10,11,471056290550902784,Schuflakka,6770
2026,1316899936696016896,NCAA BIG 10,11,471056290550902784,Schuflakka,6801
2026,1316899936696016896,NCAA BIG 10,11,471056290550902784,Schuflakka,7553
2026,1316899936696016896,NCAA BIG 10,11,471056290550902784,Schuflakka,7594
2026,1316899936696016896,NCAA BIG 10,11,471056290550902784,Schuflakka,7670
2026,1316899936696016896,NCAA BIG 10,11,471056290550902784,Schuflakka,8131
2026,1316899936696016896,NCAA BIG 10,11,471056290550902784,Schuflakka,8188
2026,1316899936696016896,NCAA BIG 10,11,471056290550902784,Schuflakka,9484
2026,1316899936696016896,NCAA BIG 10,11,471056290550902784,Schuflakka,9486
2026,1316899936696016896,NCAA BIG 10,11,471056290550902784,Schuflakka,9509
2026,1316899936696016896,NCAA BIG 10,11,471056290550902784,Schuflakka,9758
2026,1316899936696016896,NCAA BIG 10,11,471056290550902784,Schuflakka,DEN
2026,1316899936696016896,NCAA BIG 10,11,471056290550902784,Schuflakka,IND
2026,1316899936696016896,NCAA BIG 10,12,443870183853912064,chrispychicken,10213
2026,1316899936696016896,NCAA BIG 10,12,443870183853912064,chrispychicken,10937
2026,1316899936696016896,NCAA BIG 10,12,443870183853912064,chrispychicken,11563
2026,1316899936696016896,NCAA BIG 10,12,443870183853912064,chrispychicken,11625
2026,1316899936696016896,NCAA BIG 10,12,443870183853912064,chrispychicken,11647
2026,1316899936696016896,NCAA BIG 10,12,443870183853912064,chrispychicken,11783
2026,1316899936696016896,NCAA BIG 10,12,443870183853912064,chrispychicken,11834
2026,1316899936696016896,NCAA BIG 10,12,443870183853912064,chrispychicken,12455
2026,1316899936696016896,NCAA BIG 10,12,443870183853912064,chrispychicken,12467
2026,1316899936696016896,NCAA BIG 10,12,443870183853912064,chrispychicken,12487
2026,1316899936696016896,NCAA BIG 10,12,443870183853912064,chrispychicken,12489
2026,1316899936696016896,NCAA BIG 10,12,443870183853912064,chrispychicken,12523
2026,1316899936696016896,NCAA BIG 10,12,443870183853912064,chrispychicken,12533
2026,1316899936696016896,NCAA BIG 10,12,443870183853912064,chrispychicken,12536
2026,1316899936696016896,NCAA BIG 10,12,443870183853912064,chrispychicken,12961
2026,1316899936696016896,NCAA BIG 10,12,443870183853912064,chrispychicken,13274
2026,1316899936696016896,NCAA BIG 10,12,443870183853912064,chrispychicken,13293
2026,1316899936696016896,NCAA BIG 10,12,443870183853912064,chrispychicken,13297
2026,1316899936696016896,NCAA BIG 10,12,443870183853912064,chrispychicken,13303
2026,1316899936696016896,NCAA BIG 10,12,443870183853912064,chrispychicken,13324
2026,1316899936696016896,NCAA BIG 10,12,443870183853912064,chrispychicken,13404
2026,1316899936696016896,NCAA BIG 10,12,443870183853912064,chrispychicken,13491
2026,1316899936696016896,NCAA BIG 10,12,443870183853912064,chrispychicken,2020
2026,1316899936696016896,NCAA BIG 10,12,443870183853912064,chrispychicken,2307
2026,1316899936696016896,NCAA BIG 10,12,443870183853912064,chrispychicken,2747
2026,1316899936696016896,NCAA BIG 10,12,443870183853912064,chrispychicken,4066
2026,1316899936696016896,NCAA BIG 10,12,443870183853912064,chrispychicken,4217
2026,1316899936696016896,NCAA BIG 10,12,443870183853912064,chrispychicken,4943
2026,1316899936696016896,NCAA BIG 10,12,443870183853912064,chrispychicken,4950
2026,1316899936696016896,NCAA BIG 10,12,443870183853912064,chrispychicken,6865
2026,1316899936696016896,NCAA BIG 10,12,443870183853912064,chrispychicken,7569
2026,1316899936696016896,NCAA BIG 10,12,443870183853912064,chrispychicken,7585
2026,1316899936696016896,NCAA BIG 10,12,443870183853912064,chrispychicken,8125
2026,1316899936696016896,NCAA BIG 10,12,443870183853912064,chrispychicken,8134
2026,1316899936696016896,NCAA BIG 10,12,443870183853912064,chrispychicken,8137
2026,1316899936696016896,NCAA BIG 10,12,443870183853912064,chrispychicken,8138
2026,1316899936696016896,NCAA BIG 10,12,443870183853912064,chrispychicken,8142
2026,1316899936696016896,NCAA BIG 10,12,443870183853912064,chrispychicken,8146
2026,1316899936696016896,NCAA BIG 10,12,443870183853912064,chrispychicken,8148
2026,1316899936696016896,NCAA BIG 10,12,443870183853912064,chrispychicken,8151
2026,1316899936696016896,NCAA BIG 10,12,443870183853912064,chrispychicken,8228
2026,1316899936696016896,NCAA BIG 10,12,443870183853912064,chrispychicken,8676
2026,1316899936696016896,NCAA BIG 10,12,443870183853912064,chrispychicken,JAX
2026,1316899936696016896,NCAA BIG 10,12,443870183853912064,chrispychicken,NE
2026,1331774880181399552,NCAA BIG 12,1,,Unknown,10228
2026,1331774880181399552,NCAA BIG 12,1,,Unknown,11210
2026,1331774880181399552,NCAA BIG 12,1,,Unknown,11299
2026,1331774880181399552,NCAA BIG 12,1,,Unknown,11571
2026,1331774880181399552,NCAA BIG 12,1,,Unknown,11586
2026,1331774880181399552,NCAA BIG 12,1,,Unknown,11595
2026,1331774880181399552,NCAA BIG 12,1,,Unknown,11617
2026,1331774880181399552,NCAA BIG 12,1,,Unknown,11623
2026,1331774880181399552,NCAA BIG 12,1,,Unknown,11630
2026,1331774880181399552,NCAA BIG 12,1,,Unknown,11633
2026,1331774880181399552,NCAA BIG 12,1,,Unknown,11783
2026,1331774880181399552,NCAA BIG 12,1,,Unknown,11786
2026,1331774880181399552,NCAA BIG 12,1,,Unknown,12457
2026,1331774880181399552,NCAA BIG 12,1,,Unknown,12474
2026,1331774880181399552,NCAA BIG 12,1,,Unknown,12487
2026,1331774880181399552,NCAA BIG 12,1,,Unknown,12536
2026,1331774880181399552,NCAA BIG 12,1,,Unknown,12542
2026,1331774880181399552,NCAA BIG 12,1,,Unknown,12738
2026,1331774880181399552,NCAA BIG 12,1,,Unknown,13279
2026,1331774880181399552,NCAA BIG 12,1,,Unknown,13303
2026,1331774880181399552,NCAA BIG 12,1,,Unknown,13337
2026,1331774880181399552,NCAA BIG 12,1,,Unknown,13401
2026,1331774880181399552,NCAA BIG 12,1,,Unknown,2197
2026,1331774880181399552,NCAA BIG 12,1,,Unknown,3294
2026,1331774880181399552,NCAA BIG 12,1,,Unknown,4037
2026,1331774880181399552,NCAA BIG 12,1,,Unknown,421
2026,1331774880181399552,NCAA BIG 12,1,,Unknown,4984
2026,1331774880181399552,NCAA BIG 12,1,,Unknown,5012
2026,1331774880181399552,NCAA BIG 12,1,,Unknown,5230
2026,1331774880181399552,NCAA BIG 12,1,,Unknown,5859
2026,1331774880181399552,NCAA BIG 12,1,,Unknown,5937
2026,1331774880181399552,NCAA BIG 12,1,,Unknown,6803
2026,1331774880181399552,NCAA BIG 12,1,,Unknown,7002
2026,1331774880181399552,NCAA BIG 12,1,,Unknown,7021
2026,1331774880181399552,NCAA BIG 12,1,,Unknown,7611
2026,1331774880181399552,NCAA BIG 12,1,,Unknown,8111
2026,1331774880181399552,NCAA BIG 12,1,,Unknown,8122
2026,1331774880181399552,NCAA BIG 12,1,,Unknown,8150
2026,1331774880181399552,NCAA BIG 12,1,,Unknown,8168
2026,1331774880181399552,NCAA BIG 12,1,,Unknown,8917
2026,1331774880181399552,NCAA BIG 12,1,,Unknown,9224
2026,1331774880181399552,NCAA BIG 12,1,,Unknown,9492
2026,1331774880181399552,NCAA BIG 12,1,,Unknown,9753
2026,1331774880181399552,NCAA BIG 12,1,,Unknown,CAR
2026,1331774880181399552,NCAA BIG 12,1,,Unknown,MIA
2026,1331774880181399552,NCAA BIG 12,1,,Unknown,NE
2026,1331774880181399552,NCAA BIG 12,1,,Unknown,NYG
2026,1331774880181399552,NCAA BIG 12,2,667752373111824384,trev7293,10223
2026,1331774880181399552,NCAA BIG 12,2,667752373111824384,trev7293,10229
2026,1331774880181399552,NCAA BIG 12,2,667752373111824384,trev7293,10236
2026,1331774880181399552,NCAA BIG 12,2,667752373111824384,trev7293,11562
2026,1331774880181399552,NCAA BIG 12,2,667752373111824384,trev7293,11600
2026,1331774880181399552,NCAA BIG 12,2,667752373111824384,trev7293,11616
2026,1331774880181399552,NCAA BIG 12,2,667752373111824384,trev7293,11627
2026,1331774880181399552,NCAA BIG 12,2,667752373111824384,trev7293,11629
2026,1331774880181399552,NCAA BIG 12,2,667752373111824384,trev7293,11650
2026,1331774880181399552,NCAA BIG 12,2,667752373111824384,trev7293,1166
2026,1331774880181399552,NCAA BIG 12,2,667752373111824384,trev7293,12471
2026,1331774880181399552,NCAA BIG 12,2,667752373111824384,trev7293,12481
2026,1331774880181399552,NCAA BIG 12,2,667752373111824384,trev7293,12497
2026,1331774880181399552,NCAA BIG 12,2,667752373111824384,trev7293,12509
2026,1331774880181399552,NCAA BIG 12,2,667752373111824384,trev7293,12521
2026,1331774880181399552,NCAA BIG 12,2,667752373111824384,trev7293,12522
2026,1331774880181399552,NCAA BIG 12,2,667752373111824384,trev7293,13272
2026,1331774880181399552,NCAA BIG 12,2,667752373111824384,trev7293,13289
2026,1331774880181399552,NCAA BIG 12,2,667752373111824384,trev7293,13294
2026,1331774880181399552,NCAA BIG 12,2,667752373111824384,trev7293,13403
2026,1331774880181399552,NCAA BIG 12,2,667752373111824384,trev7293,1426
2026,1331774880181399552,NCAA BIG 12,2,667752373111824384,trev7293,2133
2026,1331774880181399552,NCAA BIG 12,2,667752373111824384,trev7293,2307
2026,1331774880181399552,NCAA BIG 12,2,667752373111824384,trev7293,2449
2026,1331774880181399552,NCAA BIG 12,2,667752373111824384,trev7293,4137
2026,1331774880181399552,NCAA BIG 12,2,667752373111824384,trev7293,4195
2026,1331774880181399552,NCAA BIG 12,2,667752373111824384,trev7293,4217
2026,1331774880181399552,NCAA BIG 12,2,667752373111824384,trev7293,5880
2026,1331774880181399552,NCAA BIG 12,2,667752373111824384,trev7293,6130
2026,1331774880181399552,NCAA BIG 12,2,667752373111824384,trev7293,6290
2026,1331774880181399552,NCAA BIG 12,2,667752373111824384,trev7293,6650
2026,1331774880181399552,NCAA BIG 12,2,667752373111824384,trev7293,6801
2026,1331774880181399552,NCAA BIG 12,2,667752373111824384,trev7293,6865
2026,1331774880181399552,NCAA BIG 12,2,667752373111824384,trev7293,7561
2026,1331774880181399552,NCAA BIG 12,2,667752373111824384,trev7293,7585
2026,1331774880181399552,NCAA BIG 12,2,667752373111824384,trev7293,7694
2026,1331774880181399552,NCAA BIG 12,2,667752373111824384,trev7293,8123
2026,1331774880181399552,NCAA BIG 12,2,667752373111824384,trev7293,8154
2026,1331774880181399552,NCAA BIG 12,2,667752373111824384,trev7293,8160
2026,1331774880181399552,NCAA BIG 12,2,667752373111824384,trev7293,8676
2026,1331774880181399552,NCAA BIG 12,2,667752373111824384,trev7293,BUF
2026,1331774880181399552,NCAA BIG 12,2,667752373111824384,trev7293,LAC
2026,1331774880181399552,NCAA BIG 12,2,667752373111824384,trev7293,NO
2026,1331774880181399552,NCAA BIG 12,3,533541056352481280,DavidJimm,11377
2026,1331774880181399552,NCAA BIG 12,3,533541056352481280,DavidJimm,11566
2026,1331774880181399552,NCAA BIG 12,3,533541056352481280,DavidJimm,11575
2026,1331774880181399552,NCAA BIG 12,3,533541056352481280,DavidJimm,11584
2026,1331774880181399552,NCAA BIG 12,3,533541056352481280,DavidJimm,11589
2026,1331774880181399552,NCAA BIG 12,3,533541056352481280,DavidJimm,11626
2026,1331774880181399552,NCAA BIG 12,3,533541056352481280,DavidJimm,11632
2026,1331774880181399552,NCAA BIG 12,3,533541056352481280,DavidJimm,11834
2026,1331774880181399552,NCAA BIG 12,3,533541056352481280,DavidJimm,12048
2026,1331774880181399552,NCAA BIG 12,3,533541056352481280,DavidJimm,12185
2026,1331774880181399552,NCAA BIG 12,3,533541056352481280,DavidJimm,12492
2026,1331774880181399552,NCAA BIG 12,3,533541056352481280,DavidJimm,12508
2026,1331774880181399552,NCAA BIG 12,3,533541056352481280,DavidJimm,12526
2026,1331774880181399552,NCAA BIG 12,3,533541056352481280,DavidJimm,12533
2026,1331774880181399552,NCAA BIG 12,3,533541056352481280,DavidJimm,12541
2026,1331774880181399552,NCAA BIG 12,3,533541056352481280,DavidJimm,12711
2026,1331774880181399552,NCAA BIG 12,3,533541056352481280,DavidJimm,12713
2026,1331774880181399552,NCAA BIG 12,3,533541056352481280,DavidJimm,13276
2026,1331774880181399552,NCAA BIG 12,3,533541056352481280,DavidJimm,13301
2026,1331774880181399552,NCAA BIG 12,3,533541056352481280,DavidJimm,13306
2026,1331774880181399552,NCAA BIG 12,3,533541056352481280,DavidJimm,13338
2026,1331774880181399552,NCAA BIG 12,3,533541056352481280,DavidJimm,13353
2026,1331774880181399552,NCAA BIG 12,3,533541056352481280,DavidJimm,13424
2026,1331774880181399552,NCAA BIG 12,3,533541056352481280,DavidJimm,13968
2026,1331774880181399552,NCAA BIG 12,3,533541056352481280,DavidJimm,2306
2026,1331774880181399552,NCAA BIG 12,3,533541056352481280,DavidJimm,2505
2026,1331774880181399552,NCAA BIG 12,3,533541056352481280,DavidJimm,3202
2026,1331774880181399552,NCAA BIG 12,3,533541056352481280,DavidJimm,3321
2026,1331774880181399552,NCAA BIG 12,3,533541056352481280,DavidJimm,4033
2026,1331774880181399552,NCAA BIG 12,3,533541056352481280,DavidJimm,4177
2026,1331774880181399552,NCAA BIG 12,3,533541056352481280,DavidJimm,4454
2026,1331774880181399552,NCAA BIG 12,3,533541056352481280,DavidJimm,5870
2026,1331774880181399552,NCAA BIG 12,3,533541056352481280,DavidJimm,5906
2026,1331774880181399552,NCAA BIG 12,3,533541056352481280,DavidJimm,6770
2026,1331774880181399552,NCAA BIG 12,3,533541056352481280,DavidJimm,7496
2026,1331774880181399552,NCAA BIG 12,3,533541056352481280,DavidJimm,7553
2026,1331774880181399552,NCAA BIG 12,3,533541056352481280,DavidJimm,7567
2026,1331774880181399552,NCAA BIG 12,3,533541056352481280,DavidJimm,7587
2026,1331774880181399552,NCAA BIG 12,3,533541056352481280,DavidJimm,8138
2026,1331774880181399552,NCAA BIG 12,3,533541056352481280,DavidJimm,8161
2026,1331774880181399552,NCAA BIG 12,3,533541056352481280,DavidJimm,8259
2026,1331774880181399552,NCAA BIG 12,3,533541056352481280,DavidJimm,9506
2026,1331774880181399552,NCAA BIG 12,3,533541056352481280,DavidJimm,CLE
2026,1331774880181399552,NCAA BIG 12,3,533541056352481280,DavidJimm,JAX
2026,1331774880181399552,NCAA BIG 12,3,533541056352481280,DavidJimm,KC
2026,1331774880181399552,NCAA BIG 12,4,425362114291437568,deadheadshane,10222
2026,1331774880181399552,NCAA BIG 12,4,425362114291437568,deadheadshane,11559
2026,1331774880181399552,NCAA BIG 12,4,425362114291437568,deadheadshane,11581
2026,1331774880181399552,NCAA BIG 12,4,425362114291437568,deadheadshane,11599
2026,1331774880181399552,NCAA BIG 12,4,425362114291437568,deadheadshane,11653
2026,1331774880181399552,NCAA BIG 12,4,425362114291437568,deadheadshane,12455
2026,1331774880181399552,NCAA BIG 12,4,425362114291437568,deadheadshane,12483
2026,1331774880181399552,NCAA BIG 12,4,425362114291437568,deadheadshane,12489
2026,1331774880181399552,NCAA BIG 12,4,425362114291437568,deadheadshane,12507
2026,1331774880181399552,NCAA BIG 12,4,425362114291437568,deadheadshane,12510
2026,1331774880181399552,NCAA BIG 12,4,425362114291437568,deadheadshane,12517
2026,1331774880181399552,NCAA BIG 12,4,425362114291437568,deadheadshane,12534
2026,1331774880181399552,NCAA BIG 12,4,425362114291437568,deadheadshane,12543
2026,1331774880181399552,NCAA BIG 12,4,425362114291437568,deadheadshane,13298
2026,1331774880181399552,NCAA BIG 12,4,425362114291437568,deadheadshane,13311
2026,1331774880181399552,NCAA BIG 12,4,425362114291437568,deadheadshane,13329
2026,1331774880181399552,NCAA BIG 12,4,425362114291437568,deadheadshane,13333
2026,1331774880181399552,NCAA BIG 12,4,425362114291437568,deadheadshane,13345
2026,1331774880181399552,NCAA BIG 12,4,425362114291437568,deadheadshane,13347
2026,1331774880181399552,NCAA BIG 12,4,425362114291437568,deadheadshane,13348
2026,1331774880181399552,NCAA BIG 12,4,425362114291437568,deadheadshane,13405
2026,1331774880181399552,NCAA BIG 12,4,425362114291437568,deadheadshane,13418
2026,1331774880181399552,NCAA BIG 12,4,425362114291437568,deadheadshane,13477
2026,1331774880181399552,NCAA BIG 12,4,425362114291437568,deadheadshane,13533
2026,1331774880181399552,NCAA BIG 12,4,425362114291437568,deadheadshane,2020
2026,1331774880181399552,NCAA BIG 12,4,425362114291437568,deadheadshane,4881
2026,1331774880181399552,NCAA BIG 12,4,425362114291437568,deadheadshane,4950
2026,1331774880181399552,NCAA BIG 12,4,425362114291437568,deadheadshane,5045
2026,1331774880181399552,NCAA BIG 12,4,425362114291437568,deadheadshane,6804
2026,1331774880181399552,NCAA BIG 12,4,425362114291437568,deadheadshane,6806
2026,1331774880181399552,NCAA BIG 12,4,425362114291437568,deadheadshane,7525
2026,1331774880181399552,NCAA BIG 12,4,425362114291437568,deadheadshane,8112
2026,1331774880181399552,NCAA BIG 12,4,425362114291437568,deadheadshane,8130
2026,1331774880181399552,NCAA BIG 12,4,425362114291437568,deadheadshane,8172
2026,1331774880181399552,NCAA BIG 12,4,425362114291437568,deadheadshane,9221
2026,1331774880181399552,NCAA BIG 12,4,425362114291437568,deadheadshane,9494
2026,1331774880181399552,NCAA BIG 12,4,425362114291437568,deadheadshane,9511
2026,1331774880181399552,NCAA BIG 12,4,425362114291437568,deadheadshane,9756
2026,1331774880181399552,NCAA BIG 12,4,425362114291437568,deadheadshane,DAL
2026,1331774880181399552,NCAA BIG 12,4,425362114291437568,deadheadshane,LV
2026,1331774880181399552,NCAA BIG 12,4,425362114291437568,deadheadshane,TB
2026,1331774880181399552,NCAA BIG 12,5,464117743042424832,robertlouis7,10219
2026,1331774880181399552,NCAA BIG 12,5,464117743042424832,robertlouis7,10859
2026,1331774880181399552,NCAA BIG 12,5,464117743042424832,robertlouis7,11625
2026,1331774880181399552,NCAA BIG 12,5,464117743042424832,robertlouis7,12544
2026,1331774880181399552,NCAA BIG 12,5,464117743042424832,robertlouis7,12961
2026,1331774880181399552,NCAA BIG 12,5,464117743042424832,robertlouis7,13349
2026,1331774880181399552,NCAA BIG 12,5,464117743042424832,robertlouis7,13416
2026,1331774880181399552,NCAA BIG 12,5,464117743042424832,robertlouis7,13417
2026,1331774880181399552,NCAA BIG 12,5,464117743042424832,robertlouis7,13421
2026,1331774880181399552,NCAA BIG 12,5,464117743042424832,robertlouis7,13545
2026,1331774880181399552,NCAA BIG 12,5,464117743042424832,robertlouis7,1466
2026,1331774880181399552,NCAA BIG 12,5,464117743042424832,robertlouis7,2078
2026,1331774880181399552,NCAA BIG 12,5,464117743042424832,robertlouis7,3257
2026,1331774880181399552,NCAA BIG 12,5,464117743042424832,robertlouis7,4034
2026,1331774880181399552,NCAA BIG 12,5,464117743042424832,robertlouis7,4983
2026,1331774880181399552,NCAA BIG 12,5,464117743042424832,robertlouis7,6039
2026,1331774880181399552,NCAA BIG 12,5,464117743042424832,robertlouis7,6083
2026,1331774880181399552,NCAA BIG 12,5,464117743042424832,robertlouis7,6528
2026,1331774880181399552,NCAA BIG 12,5,464117743042424832,robertlouis7,6786
2026,1331774880181399552,NCAA BIG 12,5,464117743042424832,robertlouis7,6813
2026,1331774880181399552,NCAA BIG 12,5,464117743042424832,robertlouis7,6819
2026,1331774880181399552,NCAA BIG 12,5,464117743042424832,robertlouis7,6826
2026,1331774880181399552,NCAA BIG 12,5,464117743042424832,robertlouis7,6828
2026,1331774880181399552,NCAA BIG 12,5,464117743042424832,robertlouis7,7042
2026,1331774880181399552,NCAA BIG 12,5,464117743042424832,robertlouis7,7523
2026,1331774880181399552,NCAA BIG 12,5,464117743042424832,robertlouis7,7526
2026,1331774880181399552,NCAA BIG 12,5,464117743042424832,robertlouis7,7564
2026,1331774880181399552,NCAA BIG 12,5,464117743042424832,robertlouis7,7600
2026,1331774880181399552,NCAA BIG 12,5,464117743042424832,robertlouis7,7610
2026,1331774880181399552,NCAA BIG 12,5,464117743042424832,robertlouis7,8125
2026,1331774880181399552,NCAA BIG 12,5,464117743042424832,robertlouis7,8126
2026,1331774880181399552,NCAA BIG 12,5,464117743042424832,robertlouis7,8146
2026,1331774880181399552,NCAA BIG 12,5,464117743042424832,robertlouis7,8210
2026,1331774880181399552,NCAA BIG 12,5,464117743042424832,robertlouis7,8800
2026,1331774880181399552,NCAA BIG 12,5,464117743042424832,robertlouis7,9226
2026,1331774880181399552,NCAA BIG 12,5,464117743042424832,robertlouis7,9500
2026,1331774880181399552,NCAA BIG 12,5,464117743042424832,robertlouis7,9509
2026,1331774880181399552,NCAA BIG 12,5,464117743042424832,robertlouis7,9758
2026,1331774880181399552,NCAA BIG 12,5,464117743042424832,robertlouis7,CIN
2026,1331774880181399552,NCAA BIG 12,5,464117743042424832,robertlouis7,LV
2026,1331774880181399552,NCAA BIG 12,5,464117743042424832,robertlouis7,NYJ
2026,1331774880181399552,NCAA BIG 12,5,464117743042424832,robertlouis7,SF
2026,1331774880181399552,NCAA BIG 12,6,335910160469880832,elianbruger,11577
2026,1331774880181399552,NCAA BIG 12,6,335910160469880832,elianbruger,11610
2026,1331774880181399552,NCAA BIG 12,6,335910160469880832,elianbruger,11637
2026,1331774880181399552,NCAA BIG 12,6,335910160469880832,elianbruger,11729
2026,1331774880181399552,NCAA BIG 12,6,335910160469880832,elianbruger,12015
2026,1331774880181399552,NCAA BIG 12,6,335910160469880832,elianbruger,12495
2026,1331774880181399552,NCAA BIG 12,6,335910160469880832,elianbruger,12505
2026,1331774880181399552,NCAA BIG 12,6,335910160469880832,elianbruger,12511
2026,1331774880181399552,NCAA BIG 12,6,335910160469880832,elianbruger,12514
2026,1331774880181399552,NCAA BIG 12,6,335910160469880832,elianbruger,12547
2026,1331774880181399552,NCAA BIG 12,6,335910160469880832,elianbruger,13268
2026,1331774880181399552,NCAA BIG 12,6,335910160469880832,elianbruger,13281
2026,1331774880181399552,NCAA BIG 12,6,335910160469880832,elianbruger,13282
2026,1331774880181399552,NCAA BIG 12,6,335910160469880832,elianbruger,13288
2026,1331774880181399552,NCAA BIG 12,6,335910160469880832,elianbruger,13319
2026,1331774880181399552,NCAA BIG 12,6,335910160469880832,elianbruger,13833
2026,1331774880181399552,NCAA BIG 12,6,335910160469880832,elianbruger,3678
2026,1331774880181399552,NCAA BIG 12,6,335910160469880832,elianbruger,4046
2026,1331774880181399552,NCAA BIG 12,6,335910160469880832,elianbruger,4199
2026,1331774880181399552,NCAA BIG 12,6,335910160469880832,elianbruger,4972
2026,1331774880181399552,NCAA BIG 12,6,335910160469880832,elianbruger,5001
2026,1331774880181399552,NCAA BIG 12,6,335910160469880832,elianbruger,5119
2026,1331774880181399552,NCAA BIG 12,6,335910160469880832,elianbruger,5850
2026,1331774880181399552,NCAA BIG 12,6,335910160469880832,elianbruger,5947
2026,1331774880181399552,NCAA BIG 12,6,335910160469880832,elianbruger,5967
2026,1331774880181399552,NCAA BIG 12,6,335910160469880832,elianbruger,6011
2026,1331774880181399552,NCAA BIG 12,6,335910160469880832,elianbruger,6136
2026,1331774880181399552,NCAA BIG 12,6,335910160469880832,elianbruger,6768
2026,1331774880181399552,NCAA BIG 12,6,335910160469880832,elianbruger,7090
2026,1331774880181399552,NCAA BIG 12,6,335910160469880832,elianbruger,7527
2026,1331774880181399552,NCAA BIG 12,6,335910160469880832,elianbruger,7571
2026,1331774880181399552,NCAA BIG 12,6,335910160469880832,elianbruger,7607
2026,1331774880181399552,NCAA BIG 12,6,335910160469880832,elianbruger,7828
2026,1331774880181399552,NCAA BIG 12,6,335910160469880832,elianbruger,8132
2026,1331774880181399552,NCAA BIG 12,6,335910160469880832,elianbruger,8151
2026,1331774880181399552,NCAA BIG 12,6,335910160469880832,elianbruger,9484
2026,1331774880181399552,NCAA BIG 12,6,335910160469880832,elianbruger,9501
2026,1331774880181399552,NCAA BIG 12,6,335910160469880832,elianbruger,ARI
2026,1331774880181399552,NCAA BIG 12,6,335910160469880832,elianbruger,DET
2026,1331774880181399552,NCAA BIG 12,7,425386065373691904,Frankeen,11199
2026,1331774880181399552,NCAA BIG 12,7,425386065373691904,Frankeen,11557
2026,1331774880181399552,NCAA BIG 12,7,425386065373691904,Frankeen,11565
2026,1331774880181399552,NCAA BIG 12,7,425386065373691904,Frankeen,11576
2026,1331774880181399552,NCAA BIG 12,7,425386065373691904,Frankeen,11596
2026,1331774880181399552,NCAA BIG 12,7,425386065373691904,Frankeen,11597
2026,1331774880181399552,NCAA BIG 12,7,425386065373691904,Frankeen,11618
2026,1331774880181399552,NCAA BIG 12,7,425386065373691904,Frankeen,11624
2026,1331774880181399552,NCAA BIG 12,7,425386065373691904,Frankeen,11638
2026,1331774880181399552,NCAA BIG 12,7,425386065373691904,Frankeen,11646
2026,1331774880181399552,NCAA BIG 12,7,425386065373691904,Frankeen,11792
2026,1331774880181399552,NCAA BIG 12,7,425386065373691904,Frankeen,12467
2026,1331774880181399552,NCAA BIG 12,7,425386065373691904,Frankeen,12473
2026,1331774880181399552,NCAA BIG 12,7,425386065373691904,Frankeen,12485
2026,1331774880181399552,NCAA BIG 12,7,425386065373691904,Frankeen,12490
2026,1331774880181399552,NCAA BIG 12,7,425386065373691904,Frankeen,12499
2026,1331774880181399552,NCAA BIG 12,7,425386065373691904,Frankeen,12518
2026,1331774880181399552,NCAA BIG 12,7,425386065373691904,Frankeen,12524
2026,1331774880181399552,NCAA BIG 12,7,425386065373691904,Frankeen,12531
2026,1331774880181399552,NCAA BIG 12,7,425386065373691904,Frankeen,13270
2026,1331774880181399552,NCAA BIG 12,7,425386065373691904,Frankeen,13285
2026,1331774880181399552,NCAA BIG 12,7,425386065373691904,Frankeen,13320
2026,1331774880181399552,NCAA BIG 12,7,425386065373691904,Frankeen,13402
2026,1331774880181399552,NCAA BIG 12,7,425386065373691904,Frankeen,13411
2026,1331774880181399552,NCAA BIG 12,7,425386065373691904,Frankeen,13420
2026,1331774880181399552,NCAA BIG 12,7,425386065373691904,Frankeen,1737
2026,1331774880181399552,NCAA BIG 12,7,425386065373691904,Frankeen,1945
2026,1331774880181399552,NCAA BIG 12,7,425386065373691904,Frankeen,5022
2026,1331774880181399552,NCAA BIG 12,7,425386065373691904,Frankeen,5189
2026,1331774880181399552,NCAA BIG 12,7,425386065373691904,Frankeen,5854
2026,1331774880181399552,NCAA BIG 12,7,425386065373691904,Frankeen,6783
2026,1331774880181399552,NCAA BIG 12,7,425386065373691904,Frankeen,6904
2026,1331774880181399552,NCAA BIG 12,7,425386065373691904,Frankeen,7543
2026,1331774880181399552,NCAA BIG 12,7,425386065373691904,Frankeen,7569
2026,1331774880181399552,NCAA BIG 12,7,425386065373691904,Frankeen,8121
2026,1331774880181399552,NCAA BIG 12,7,425386065373691904,Frankeen,8136
2026,1331774880181399552,NCAA BIG 12,7,425386065373691904,Frankeen,8167
2026,1331774880181399552,NCAA BIG 12,7,425386065373691904,Frankeen,8188
2026,1331774880181399552,NCAA BIG 12,7,425386065373691904,Frankeen,9225
2026,1331774880181399552,NCAA BIG 12,7,425386065373691904,Frankeen,9486
2026,1331774880181399552,NCAA BIG 12,7,425386065373691904,Frankeen,9488
2026,1331774880181399552,NCAA BIG 12,7,425386065373691904,Frankeen,9997
2026,1331774880181399552,NCAA BIG 12,7,425386065373691904,Frankeen,LAR
2026,1331774880181399552,NCAA BIG 12,7,425386065373691904,Frankeen,PIT
2026,1331774880181399552,NCAA BIG 12,8,543929284962770944,alicho,10214
2026,1331774880181399552,NCAA BIG 12,8,543929284962770944,alicho,10232
2026,1331774880181399552,NCAA BIG 12,8,543929284962770944,alicho,10955
2026,1331774880181399552,NCAA BIG 12,8,543929284962770944,alicho,11058
2026,1331774880181399552,NCAA BIG 12,8,543929284962770944,alicho,11433
2026,1331774880181399552,NCAA BIG 12,8,543929284962770944,alicho,11435
2026,1331774880181399552,NCAA BIG 12,8,543929284962770944,alicho,11583
2026,1331774880181399552,NCAA BIG 12,8,543929284962770944,alicho,11603
2026,1331774880181399552,NCAA BIG 12,8,543929284962770944,alicho,12470
2026,1331774880181399552,NCAA BIG 12,8,543929284962770944,alicho,12482
2026,1331774880181399552,NCAA BIG 12,8,543929284962770944,alicho,12484
2026,1331774880181399552,NCAA BIG 12,8,543929284962770944,alicho,12512
2026,1331774880181399552,NCAA BIG 12,8,543929284962770944,alicho,12520
2026,1331774880181399552,NCAA BIG 12,8,543929284962770944,alicho,12535
2026,1331774880181399552,NCAA BIG 12,8,543929284962770944,alicho,12540
2026,1331774880181399552,NCAA BIG 12,8,543929284962770944,alicho,12545
2026,1331774880181399552,NCAA BIG 12,8,543929284962770944,alicho,12634
2026,1331774880181399552,NCAA BIG 12,8,543929284962770944,alicho,12641
2026,1331774880181399552,NCAA BIG 12,8,543929284962770944,alicho,12718
2026,1331774880181399552,NCAA BIG 12,8,543929284962770944,alicho,13275
2026,1331774880181399552,NCAA BIG 12,8,543929284962770944,alicho,13296
2026,1331774880181399552,NCAA BIG 12,8,543929284962770944,alicho,13302
2026,1331774880181399552,NCAA BIG 12,8,543929284962770944,alicho,13330
2026,1331774880181399552,NCAA BIG 12,8,543929284962770944,alicho,13414
2026,1331774880181399552,NCAA BIG 12,8,543929284962770944,alicho,13602
2026,1331774880181399552,NCAA BIG 12,8,543929284962770944,alicho,1379
2026,1331774880181399552,NCAA BIG 12,8,543929284962770944,alicho,2216
2026,1331774880181399552,NCAA BIG 12,8,543929284962770944,alicho,3163
2026,1331774880181399552,NCAA BIG 12,8,543929284962770944,alicho,3198
2026,1331774880181399552,NCAA BIG 12,8,543929284962770944,alicho,3271
2026,1331774880181399552,NCAA BIG 12,8,543929284962770944,alicho,4017
2026,1331774880181399552,NCAA BIG 12,8,543929284962770944,alicho,4227
2026,1331774880181399552,NCAA BIG 12,8,543929284962770944,alicho,5849
2026,1331774880181399552,NCAA BIG 12,8,543929284962770944,alicho,5872
2026,1331774880181399552,NCAA BIG 12,8,543929284962770944,alicho,6790
2026,1331774880181399552,NCAA BIG 12,8,543929284962770944,alicho,7039
2026,1331774880181399552,NCAA BIG 12,8,543929284962770944,alicho,7528
2026,1331774880181399552,NCAA BIG 12,8,543929284962770944,alicho,7547
2026,1331774880181399552,NCAA BIG 12,8,543929284962770944,alicho,8142
2026,1331774880181399552,NCAA BIG 12,8,543929284962770944,alicho,9480
2026,1331774880181399552,NCAA BIG 12,8,543929284962770944,alicho,96
2026,1331774880181399552,NCAA BIG 12,8,543929284962770944,alicho,9754
2026,1331774880181399552,NCAA BIG 12,8,543929284962770944,alicho,BAL
2026,1331774880181399552,NCAA BIG 12,8,543929284962770944,alicho,DEN
2026,1331774880181399552,NCAA BIG 12,8,543929284962770944,alicho,SEA
2026,1331774880181399552,NCAA BIG 12,9,453711063846744064,rchau56,10226
2026,1331774880181399552,NCAA BIG 12,9,453711063846744064,rchau56,10235
2026,1331774880181399552,NCAA BIG 12,9,453711063846744064,rchau56,10863
2026,1331774880181399552,NCAA BIG 12,9,453711063846744064,rchau56,11564
2026,1331774880181399552,NCAA BIG 12,9,453711063846744064,rchau56,11604
2026,1331774880181399552,NCAA BIG 12,9,453711063846744064,rchau56,11628
2026,1331774880181399552,NCAA BIG 12,9,453711063846744064,rchau56,11631
2026,1331774880181399552,NCAA BIG 12,9,453711063846744064,rchau56,11651
2026,1331774880181399552,NCAA BIG 12,9,453711063846744064,rchau56,12472
2026,1331774880181399552,NCAA BIG 12,9,453711063846744064,rchau56,12501
2026,1331774880181399552,NCAA BIG 12,9,453711063846744064,rchau56,12506
2026,1331774880181399552,NCAA BIG 12,9,453711063846744064,rchau56,12523
2026,1331774880181399552,NCAA BIG 12,9,453711063846744064,rchau56,12527
2026,1331774880181399552,NCAA BIG 12,9,453711063846744064,rchau56,12529
2026,1331774880181399552,NCAA BIG 12,9,453711063846744064,rchau56,12530
2026,1331774880181399552,NCAA BIG 12,9,453711063846744064,rchau56,13286
2026,1331774880181399552,NCAA BIG 12,9,453711063846744064,rchau56,13287
2026,1331774880181399552,NCAA BIG 12,9,453711063846744064,rchau56,13293
2026,1331774880181399552,NCAA BIG 12,9,453711063846744064,rchau56,13400
2026,1331774880181399552,NCAA BIG 12,9,453711063846744064,rchau56,3286
2026,1331774880181399552,NCAA BIG 12,9,453711063846744064,rchau56,3451
2026,1331774880181399552,NCAA BIG 12,9,453711063846744064,rchau56,3976
2026,1331774880181399552,NCAA BIG 12,9,453711063846744064,rchau56,4035
2026,1331774880181399552,NCAA BIG 12,9,453711063846744064,rchau56,4147
2026,1331774880181399552,NCAA BIG 12,9,453711063846744064,rchau56,4892
2026,1331774880181399552,NCAA BIG 12,9,453711063846744064,rchau56,5857
2026,1331774880181399552,NCAA BIG 12,9,453711063846744064,rchau56,6271
2026,1331774880181399552,NCAA BIG 12,9,453711063846744064,rchau56,650
2026,1331774880181399552,NCAA BIG 12,9,453711063846744064,rchau56,6931
2026,1331774880181399552,NCAA BIG 12,9,453711063846744064,rchau56,8117
2026,1331774880181399552,NCAA BIG 12,9,453711063846744064,rchau56,8135
2026,1331774880181399552,NCAA BIG 12,9,453711063846744064,rchau56,8143
2026,1331774880181399552,NCAA BIG 12,9,453711063846744064,rchau56,8147
2026,1331774880181399552,NCAA BIG 12,9,453711063846744064,rchau56,8148
2026,1331774880181399552,NCAA BIG 12,9,453711063846744064,rchau56,8204
2026,1331774880181399552,NCAA BIG 12,9,453711063846744064,rchau56,8228
2026,1331774880181399552,NCAA BIG 12,9,453711063846744064,rchau56,8249
2026,1331774880181399552,NCAA BIG 12,9,453711063846744064,rchau56,9479
2026,1331774880181399552,NCAA BIG 12,9,453711063846744064,rchau56,9481
2026,1331774880181399552,NCAA BIG 12,9,453711063846744064,rchau56,ATL
2026,1331774880181399552,NCAA BIG 12,9,453711063846744064,rchau56,GB
2026,1331774880181399552,NCAA BIG 12,10,989926421084557312,FalconsRULE7,10218
2026,1331774880181399552,NCAA BIG 12,10,989926421084557312,FalconsRULE7,1049
2026,1331774880181399552,NCAA BIG 12,10,989926421084557312,FalconsRULE7,10871
2026,1331774880181399552,NCAA BIG 12,10,989926421084557312,FalconsRULE7,11573
2026,1331774880181399552,NCAA BIG 12,10,989926421084557312,FalconsRULE7,11592
2026,1331774880181399552,NCAA BIG 12,10,989926421084557312,FalconsRULE7,11620
2026,1331774880181399552,NCAA BIG 12,10,989926421084557312,FalconsRULE7,12469
2026,1331774880181399552,NCAA BIG 12,10,989926421084557312,FalconsRULE7,12493
2026,1331774880181399552,NCAA BIG 12,10,989926421084557312,FalconsRULE7,12500
2026,1331774880181399552,NCAA BIG 12,10,989926421084557312,FalconsRULE7,12502
2026,1331774880181399552,NCAA BIG 12,10,989926421084557312,FalconsRULE7,13278
2026,1331774880181399552,NCAA BIG 12,10,989926421084557312,FalconsRULE7,13346
2026,1331774880181399552,NCAA BIG 12,10,989926421084557312,FalconsRULE7,13404
2026,1331774880181399552,NCAA BIG 12,10,989926421084557312,FalconsRULE7,167
2026,1331774880181399552,NCAA BIG 12,10,989926421084557312,FalconsRULE7,2319
2026,1331774880181399552,NCAA BIG 12,10,989926421084557312,FalconsRULE7,2325
2026,1331774880181399552,NCAA BIG 12,10,989926421084557312,FalconsRULE7,2747
2026,1331774880181399552,NCAA BIG 12,10,989926421084557312,FalconsRULE7,3200
2026,1331774880181399552,NCAA BIG 12,10,989926421084557312,FalconsRULE7,3225
2026,1331774880181399552,NCAA BIG 12,10,989926421084557312,FalconsRULE7,3634
2026,1331774880181399552,NCAA BIG 12,10,989926421084557312,FalconsRULE7,4055
2026,1331774880181399552,NCAA BIG 12,10,989926421084557312,FalconsRULE7,4943
2026,1331774880181399552,NCAA BIG 12,10,989926421084557312,FalconsRULE7,4981
2026,1331774880181399552,NCAA BIG 12,10,989926421084557312,FalconsRULE7,4993
2026,1331774880181399552,NCAA BIG 12,10,989926421084557312,FalconsRULE7,5052
2026,1331774880181399552,NCAA BIG 12,10,989926421084557312,FalconsRULE7,5089
2026,1331774880181399552,NCAA BIG 12,10,989926421084557312,FalconsRULE7,5127
2026,1331774880181399552,NCAA BIG 12,10,989926421084557312,FalconsRULE7,5248
2026,1331774880181399552,NCAA BIG 12,10,989926421084557312,FalconsRULE7,5995
2026,1331774880181399552,NCAA BIG 12,10,989926421084557312,FalconsRULE7,6849
2026,1331774880181399552,NCAA BIG 12,10,989926421084557312,FalconsRULE7,7049
2026,1331774880181399552,NCAA BIG 12,10,989926421084557312,FalconsRULE7,7533
2026,1331774880181399552,NCAA BIG 12,10,989926421084557312,FalconsRULE7,7535
2026,1331774880181399552,NCAA BIG 12,10,989926421084557312,FalconsRULE7,7559
2026,1331774880181399552,NCAA BIG 12,10,989926421084557312,FalconsRULE7,7594
2026,1331774880181399552,NCAA BIG 12,10,989926421084557312,FalconsRULE7,7602
2026,1331774880181399552,NCAA BIG 12,10,989926421084557312,FalconsRULE7,7729
2026,1331774880181399552,NCAA BIG 12,10,989926421084557312,FalconsRULE7,8127
2026,1331774880181399552,NCAA BIG 12,10,989926421084557312,FalconsRULE7,8164
2026,1331774880181399552,NCAA BIG 12,10,989926421084557312,FalconsRULE7,8183
2026,1331774880181399552,NCAA BIG 12,10,989926421084557312,FalconsRULE7,8221
2026,1331774880181399552,NCAA BIG 12,10,989926421084557312,FalconsRULE7,9228
2026,1331774880181399552,NCAA BIG 12,10,989926421084557312,FalconsRULE7,9489
2026,1331774880181399552,NCAA BIG 12,10,989926421084557312,FalconsRULE7,9493
2026,1331774880181399552,NCAA BIG 12,10,989926421084557312,FalconsRULE7,9497
2026,1331774880181399552,NCAA BIG 12,10,989926421084557312,FalconsRULE7,9502
2026,1331774880181399552,NCAA BIG 12,10,989926421084557312,FalconsRULE7,9504
2026,1331774880181399552,NCAA BIG 12,10,989926421084557312,FalconsRULE7,9505
2026,1331774880181399552,NCAA BIG 12,10,989926421084557312,FalconsRULE7,9757
2026,1331774880181399552,NCAA BIG 12,10,989926421084557312,FalconsRULE7,HOU
2026,1331774880181399552,NCAA BIG 12,10,989926421084557312,FalconsRULE7,MIN
2026,1331774880181399552,NCAA BIG 12,11,619190004979138560,CousinMose15,10213
2026,1331774880181399552,NCAA BIG 12,11,619190004979138560,CousinMose15,10444
2026,1331774880181399552,NCAA BIG 12,11,619190004979138560,CousinMose15,10867
2026,1331774880181399552,NCAA BIG 12,11,619190004979138560,CousinMose15,11237
2026,1331774880181399552,NCAA BIG 12,11,619190004979138560,CousinMose15,11256
2026,1331774880181399552,NCAA BIG 12,11,619190004979138560,CousinMose15,11539
2026,1331774880181399552,NCAA BIG 12,11,619190004979138560,CousinMose15,11560
2026,1331774880181399552,NCAA BIG 12,11,619190004979138560,CousinMose15,11643
2026,1331774880181399552,NCAA BIG 12,11,619190004979138560,CousinMose15,11647
2026,1331774880181399552,NCAA BIG 12,11,619190004979138560,CousinMose15,12498
2026,1331774880181399552,NCAA BIG 12,11,619190004979138560,CousinMose15,12504
2026,1331774880181399552,NCAA BIG 12,11,619190004979138560,CousinMose15,12519
2026,1331774880181399552,NCAA BIG 12,11,619190004979138560,CousinMose15,13264
2026,1331774880181399552,NCAA BIG 12,11,619190004979138560,CousinMose15,13269
2026,1331774880181399552,NCAA BIG 12,11,619190004979138560,CousinMose15,13274
2026,1331774880181399552,NCAA BIG 12,11,619190004979138560,CousinMose15,13277
2026,1331774880181399552,NCAA BIG 12,11,619190004979138560,CousinMose15,13305
2026,1331774880181399552,NCAA BIG 12,11,619190004979138560,CousinMose15,13307
2026,1331774880181399552,NCAA BIG 12,11,619190004979138560,CousinMose15,13423
2026,1331774880181399552,NCAA BIG 12,11,619190004979138560,CousinMose15,13425
2026,1331774880181399552,NCAA BIG 12,11,619190004979138560,CousinMose15,13541
2026,1331774880181399552,NCAA BIG 12,11,619190004979138560,CousinMose15,1373
2026,1331774880181399552,NCAA BIG 12,11,619190004979138560,CousinMose15,3214
2026,1331774880181399552,NCAA BIG 12,11,619190004979138560,CousinMose15,4144
2026,1331774880181399552,NCAA BIG 12,11,619190004979138560,CousinMose15,4219
2026,1331774880181399552,NCAA BIG 12,11,619190004979138560,CousinMose15,5095
2026,1331774880181399552,NCAA BIG 12,11,619190004979138560,CousinMose15,5892
2026,1331774880181399552,NCAA BIG 12,11,619190004979138560,CousinMose15,5927
2026,1331774880181399552,NCAA BIG 12,11,619190004979138560,CousinMose15,5938
2026,1331774880181399552,NCAA BIG 12,11,619190004979138560,CousinMose15,6794
2026,1331774880181399552,NCAA BIG 12,11,619190004979138560,CousinMose15,8110
2026,1331774880181399552,NCAA BIG 12,11,619190004979138560,CousinMose15,8131
2026,1331774880181399552,NCAA BIG 12,11,619190004979138560,CousinMose15,8137
2026,1331774880181399552,NCAA BIG 12,11,619190004979138560,CousinMose15,8144
2026,1331774880181399552,NCAA BIG 12,11,619190004979138560,CousinMose15,8155
2026,1331774880181399552,NCAA BIG 12,11,619190004979138560,CousinMose15,8180
2026,1331774880181399552,NCAA BIG 12,11,619190004979138560,CousinMose15,8205
2026,1331774880181399552,NCAA BIG 12,11,619190004979138560,CousinMose15,9229
2026,1331774880181399552,NCAA BIG 12,11,619190004979138560,CousinMose15,9230
2026,1331774880181399552,NCAA BIG 12,11,619190004979138560,CousinMose15,9482
2026,1331774880181399552,NCAA BIG 12,11,619190004979138560,CousinMose15,9508
2026,1331774880181399552,NCAA BIG 12,11,619190004979138560,CousinMose15,CHI
2026,1331774880181399552,NCAA BIG 12,11,619190004979138560,CousinMose15,TEN
2026,1331774880181399552,NCAA BIG 12,11,619190004979138560,CousinMose15,WAS
2026,1331774880181399552,NCAA BIG 12,12,820771678849171456,Gangly22,10231
2026,1331774880181399552,NCAA BIG 12,12,820771678849171456,Gangly22,11261
2026,1331774880181399552,NCAA BIG 12,12,820771678849171456,Gangly22,11370
2026,1331774880181399552,NCAA BIG 12,12,820771678849171456,Gangly22,11533
2026,1331774880181399552,NCAA BIG 12,12,820771678849171456,Gangly22,11563
2026,1331774880181399552,NCAA BIG 12,12,820771678849171456,Gangly22,11635
2026,1331774880181399552,NCAA BIG 12,12,820771678849171456,Gangly22,11655
2026,1331774880181399552,NCAA BIG 12,12,820771678849171456,Gangly22,12496
2026,1331774880181399552,NCAA BIG 12,12,820771678849171456,Gangly22,12503
2026,1331774880181399552,NCAA BIG 12,12,820771678849171456,Gangly22,12516
2026,1331774880181399552,NCAA BIG 12,12,820771678849171456,Gangly22,13317
2026,1331774880181399552,NCAA BIG 12,12,820771678849171456,Gangly22,13324
2026,1331774880181399552,NCAA BIG 12,12,820771678849171456,Gangly22,13380
2026,1331774880181399552,NCAA BIG 12,12,820771678849171456,Gangly22,13394
2026,1331774880181399552,NCAA BIG 12,12,820771678849171456,Gangly22,13413
2026,1331774880181399552,NCAA BIG 12,12,820771678849171456,Gangly22,13434
2026,1331774880181399552,NCAA BIG 12,12,820771678849171456,Gangly22,1479
2026,1331774880181399552,NCAA BIG 12,12,820771678849171456,Gangly22,3161
2026,1331774880181399552,NCAA BIG 12,12,820771678849171456,Gangly22,4018
2026,1331774880181399552,NCAA BIG 12,12,820771678849171456,Gangly22,4039
2026,1331774880181399552,NCAA BIG 12,12,820771678849171456,Gangly22,4040
2026,1331774880181399552,NCAA BIG 12,12,820771678849171456,Gangly22,4066
2026,1331774880181399552,NCAA BIG 12,12,820771678849171456,Gangly22,4663
2026,1331774880181399552,NCAA BIG 12,12,820771678849171456,Gangly22,4866
2026,1331774880181399552,NCAA BIG 12,12,820771678849171456,Gangly22,5844
2026,1331774880181399552,NCAA BIG 12,12,820771678849171456,Gangly22,5846
2026,1331774880181399552,NCAA BIG 12,12,820771678849171456,Gangly22,6149
2026,1331774880181399552,NCAA BIG 12,12,820771678849171456,Gangly22,6797
2026,1331774880181399552,NCAA BIG 12,12,820771678849171456,Gangly22,7538
2026,1331774880181399552,NCAA BIG 12,12,820771678849171456,Gangly22,7588
2026,1331774880181399552,NCAA BIG 12,12,820771678849171456,Gangly22,7591
2026,1331774880181399552,NCAA BIG 12,12,820771678849171456,Gangly22,7670
2026,1331774880181399552,NCAA BIG 12,12,820771678849171456,Gangly22,7839
2026,1331774880181399552,NCAA BIG 12,12,820771678849171456,Gangly22,7922
2026,1331774880181399552,NCAA BIG 12,12,820771678849171456,Gangly22,8119
2026,1331774880181399552,NCAA BIG 12,12,820771678849171456,Gangly22,8134
2026,1331774880181399552,NCAA BIG 12,12,820771678849171456,Gangly22,8157
2026,1331774880181399552,NCAA BIG 12,12,820771678849171456,Gangly22,8408
2026,1331774880181399552,NCAA BIG 12,12,820771678849171456,Gangly22,9487
2026,1331774880181399552,NCAA BIG 12,12,820771678849171456,Gangly22,9999
2026,1331774880181399552,NCAA BIG 12,12,820771678849171456,Gangly22,IND
2026,1331774880181399552,NCAA BIG 12,12,820771678849171456,Gangly22,PHI
2026,1331775206619885568,NCAA BIG EAST & CO.,1,1087519270663258112,sblau24,10232
2026,1331775206619885568,NCAA BIG EAST & CO.,1,1087519270663258112,sblau24,11261
2026,1331775206619885568,NCAA BIG EAST & CO.,1,1087519270663258112,sblau24,11435
2026,1331775206619885568,NCAA BIG EAST & CO.,1,1087519270663258112,sblau24,11562
2026,1331775206619885568,NCAA BIG EAST & CO.,1,1087519270663258112,sblau24,11596
2026,1331775206619885568,NCAA BIG EAST & CO.,1,1087519270663258112,sblau24,11624
2026,1331775206619885568,NCAA BIG EAST & CO.,1,1087519270663258112,sblau24,11647
2026,1331775206619885568,NCAA BIG EAST & CO.,1,1087519270663258112,sblau24,1166
2026,1331775206619885568,NCAA BIG EAST & CO.,1,1087519270663258112,sblau24,12185
2026,1331775206619885568,NCAA BIG EAST & CO.,1,1087519270663258112,sblau24,12471
2026,1331775206619885568,NCAA BIG EAST & CO.,1,1087519270663258112,sblau24,12483
2026,1331775206619885568,NCAA BIG EAST & CO.,1,1087519270663258112,sblau24,12491
2026,1331775206619885568,NCAA BIG EAST & CO.,1,1087519270663258112,sblau24,12496
2026,1331775206619885568,NCAA BIG EAST & CO.,1,1087519270663258112,sblau24,12509
2026,1331775206619885568,NCAA BIG EAST & CO.,1,1087519270663258112,sblau24,12515
2026,1331775206619885568,NCAA BIG EAST & CO.,1,1087519270663258112,sblau24,12529
2026,1331775206619885568,NCAA BIG EAST & CO.,1,1087519270663258112,sblau24,12738
2026,1331775206619885568,NCAA BIG EAST & CO.,1,1087519270663258112,sblau24,13286
2026,1331775206619885568,NCAA BIG EAST & CO.,1,1087519270663258112,sblau24,13305
2026,1331775206619885568,NCAA BIG EAST & CO.,1,1087519270663258112,sblau24,13311
2026,1331775206619885568,NCAA BIG EAST & CO.,1,1087519270663258112,sblau24,13324
2026,1331775206619885568,NCAA BIG EAST & CO.,1,1087519270663258112,sblau24,1339
2026,1331775206619885568,NCAA BIG EAST & CO.,1,1087519270663258112,sblau24,13421
2026,1331775206619885568,NCAA BIG EAST & CO.,1,1087519270663258112,sblau24,1373
2026,1331775206619885568,NCAA BIG EAST & CO.,1,1087519270663258112,sblau24,3202
2026,1331775206619885568,NCAA BIG EAST & CO.,1,1087519270663258112,sblau24,4983
2026,1331775206619885568,NCAA BIG EAST & CO.,1,1087519270663258112,sblau24,4988
2026,1331775206619885568,NCAA BIG EAST & CO.,1,1087519270663258112,sblau24,5947
2026,1331775206619885568,NCAA BIG EAST & CO.,1,1087519270663258112,sblau24,6219
2026,1331775206619885568,NCAA BIG EAST & CO.,1,1087519270663258112,sblau24,7611
2026,1331775206619885568,NCAA BIG EAST & CO.,1,1087519270663258112,sblau24,7922
2026,1331775206619885568,NCAA BIG EAST & CO.,1,1087519270663258112,sblau24,8112
2026,1331775206619885568,NCAA BIG EAST & CO.,1,1087519270663258112,sblau24,8138
2026,1331775206619885568,NCAA BIG EAST & CO.,1,1087519270663258112,sblau24,8144
2026,1331775206619885568,NCAA BIG EAST & CO.,1,1087519270663258112,sblau24,8161
2026,1331775206619885568,NCAA BIG EAST & CO.,1,1087519270663258112,sblau24,8172
2026,1331775206619885568,NCAA BIG EAST & CO.,1,1087519270663258112,sblau24,9492
2026,1331775206619885568,NCAA BIG EAST & CO.,1,1087519270663258112,sblau24,9511
2026,1331775206619885568,NCAA BIG EAST & CO.,1,1087519270663258112,sblau24,CAR
2026,1331775206619885568,NCAA BIG EAST & CO.,1,1087519270663258112,sblau24,CLE
2026,1331775206619885568,NCAA BIG EAST & CO.,2,1171256102760251392,hurlken,11237
2026,1331775206619885568,NCAA BIG EAST & CO.,2,1171256102760251392,hurlken,11576
2026,1331775206619885568,NCAA BIG EAST & CO.,2,1171256102760251392,hurlken,11584
2026,1331775206619885568,NCAA BIG EAST & CO.,2,1171256102760251392,hurlken,11729
2026,1331775206619885568,NCAA BIG EAST & CO.,2,1171256102760251392,hurlken,12412
2026,1331775206619885568,NCAA BIG EAST & CO.,2,1171256102760251392,hurlken,12499
2026,1331775206619885568,NCAA BIG EAST & CO.,2,1171256102760251392,hurlken,12510
2026,1331775206619885568,NCAA BIG EAST & CO.,2,1171256102760251392,hurlken,12517
2026,1331775206619885568,NCAA BIG EAST & CO.,2,1171256102760251392,hurlken,12527
2026,1331775206619885568,NCAA BIG EAST & CO.,2,1171256102760251392,hurlken,13010
2026,1331775206619885568,NCAA BIG EAST & CO.,2,1171256102760251392,hurlken,13079
2026,1331775206619885568,NCAA BIG EAST & CO.,2,1171256102760251392,hurlken,13270
2026,1331775206619885568,NCAA BIG EAST & CO.,2,1171256102760251392,hurlken,13281
2026,1331775206619885568,NCAA BIG EAST & CO.,2,1171256102760251392,hurlken,13301
2026,1331775206619885568,NCAA BIG EAST & CO.,2,1171256102760251392,hurlken,13333
2026,1331775206619885568,NCAA BIG EAST & CO.,2,1171256102760251392,hurlken,13402
2026,1331775206619885568,NCAA BIG EAST & CO.,2,1171256102760251392,hurlken,13413
2026,1331775206619885568,NCAA BIG EAST & CO.,2,1171256102760251392,hurlken,13726
2026,1331775206619885568,NCAA BIG EAST & CO.,2,1171256102760251392,hurlken,1737
2026,1331775206619885568,NCAA BIG EAST & CO.,2,1171256102760251392,hurlken,2020
2026,1331775206619885568,NCAA BIG EAST & CO.,2,1171256102760251392,hurlken,2306
2026,1331775206619885568,NCAA BIG EAST & CO.,2,1171256102760251392,hurlken,3161
2026,1331775206619885568,NCAA BIG EAST & CO.,2,1171256102760251392,hurlken,3321
2026,1331775206619885568,NCAA BIG EAST & CO.,2,1171256102760251392,hurlken,3451
2026,1331775206619885568,NCAA BIG EAST & CO.,2,1171256102760251392,hurlken,4035
2026,1331775206619885568,NCAA BIG EAST & CO.,2,1171256102760251392,hurlken,4144
2026,1331775206619885568,NCAA BIG EAST & CO.,2,1171256102760251392,hurlken,4892
2026,1331775206619885568,NCAA BIG EAST & CO.,2,1171256102760251392,hurlken,5133
2026,1331775206619885568,NCAA BIG EAST & CO.,2,1171256102760251392,hurlken,5848
2026,1331775206619885568,NCAA BIG EAST & CO.,2,1171256102760251392,hurlken,6149
2026,1331775206619885568,NCAA BIG EAST & CO.,2,1171256102760251392,hurlken,6271
2026,1331775206619885568,NCAA BIG EAST & CO.,2,1171256102760251392,hurlken,7066
2026,1331775206619885568,NCAA BIG EAST & CO.,2,1171256102760251392,hurlken,8123
2026,1331775206619885568,NCAA BIG EAST & CO.,2,1171256102760251392,hurlken,8205
2026,1331775206619885568,NCAA BIG EAST & CO.,2,1171256102760251392,hurlken,8210
2026,1331775206619885568,NCAA BIG EAST & CO.,2,1171256102760251392,hurlken,8225
2026,1331775206619885568,NCAA BIG EAST & CO.,2,1171256102760251392,hurlken,8917
2026,1331775206619885568,NCAA BIG EAST & CO.,2,1171256102760251392,hurlken,9228
2026,1331775206619885568,NCAA BIG EAST & CO.,2,1171256102760251392,hurlken,9502
2026,1331775206619885568,NCAA BIG EAST & CO.,2,1171256102760251392,hurlken,DEN
2026,1331775206619885568,NCAA BIG EAST & CO.,2,1171256102760251392,hurlken,MIA
2026,1331775206619885568,NCAA BIG EAST & CO.,2,1171256102760251392,hurlken,NYJ
2026,1331775206619885568,NCAA BIG EAST & CO.,3,718415247781732352,averagedude23,10223
2026,1331775206619885568,NCAA BIG EAST & CO.,3,718415247781732352,averagedude23,10955
2026,1331775206619885568,NCAA BIG EAST & CO.,3,718415247781732352,averagedude23,11566
2026,1331775206619885568,NCAA BIG EAST & CO.,3,718415247781732352,averagedude23,11575
2026,1331775206619885568,NCAA BIG EAST & CO.,3,718415247781732352,averagedude23,11579
2026,1331775206619885568,NCAA BIG EAST & CO.,3,718415247781732352,averagedude23,11597
2026,1331775206619885568,NCAA BIG EAST & CO.,3,718415247781732352,averagedude23,11625
2026,1331775206619885568,NCAA BIG EAST & CO.,3,718415247781732352,averagedude23,11636
2026,1331775206619885568,NCAA BIG EAST & CO.,3,718415247781732352,averagedude23,12469
2026,1331775206619885568,NCAA BIG EAST & CO.,3,718415247781732352,averagedude23,12498
2026,1331775206619885568,NCAA BIG EAST & CO.,3,718415247781732352,averagedude23,12511
2026,1331775206619885568,NCAA BIG EAST & CO.,3,718415247781732352,averagedude23,12530
2026,1331775206619885568,NCAA BIG EAST & CO.,3,718415247781732352,averagedude23,12531
2026,1331775206619885568,NCAA BIG EAST & CO.,3,718415247781732352,averagedude23,12541
2026,1331775206619885568,NCAA BIG EAST & CO.,3,718415247781732352,averagedude23,12634
2026,1331775206619885568,NCAA BIG EAST & CO.,3,718415247781732352,averagedude23,12658
2026,1331775206619885568,NCAA BIG EAST & CO.,3,718415247781732352,averagedude23,12670
2026,1331775206619885568,NCAA BIG EAST & CO.,3,718415247781732352,averagedude23,12711
2026,1331775206619885568,NCAA BIG EAST & CO.,3,718415247781732352,averagedude23,12713
2026,1331775206619885568,NCAA BIG EAST & CO.,3,718415247781732352,averagedude23,13274
2026,1331775206619885568,NCAA BIG EAST & CO.,3,718415247781732352,averagedude23,13317
2026,1331775206619885568,NCAA BIG EAST & CO.,3,718415247781732352,averagedude23,13400
2026,1331775206619885568,NCAA BIG EAST & CO.,3,718415247781732352,averagedude23,13491
2026,1331775206619885568,NCAA BIG EAST & CO.,3,718415247781732352,averagedude23,3200
2026,1331775206619885568,NCAA BIG EAST & CO.,3,718415247781732352,averagedude23,4881
2026,1331775206619885568,NCAA BIG EAST & CO.,3,718415247781732352,averagedude23,5001
2026,1331775206619885568,NCAA BIG EAST & CO.,3,718415247781732352,averagedude23,5012
2026,1331775206619885568,NCAA BIG EAST & CO.,3,718415247781732352,averagedude23,5022
2026,1331775206619885568,NCAA BIG EAST & CO.,3,718415247781732352,averagedude23,5038
2026,1331775206619885568,NCAA BIG EAST & CO.,3,718415247781732352,averagedude23,5086
2026,1331775206619885568,NCAA BIG EAST & CO.,3,718415247781732352,averagedude23,6786
2026,1331775206619885568,NCAA BIG EAST & CO.,3,718415247781732352,averagedude23,7594
2026,1331775206619885568,NCAA BIG EAST & CO.,3,718415247781732352,averagedude23,8132
2026,1331775206619885568,NCAA BIG EAST & CO.,3,718415247781732352,averagedude23,8134
2026,1331775206619885568,NCAA BIG EAST & CO.,3,718415247781732352,averagedude23,8167
2026,1331775206619885568,NCAA BIG EAST & CO.,3,718415247781732352,averagedude23,8259
2026,1331775206619885568,NCAA BIG EAST & CO.,3,718415247781732352,averagedude23,829
2026,1331775206619885568,NCAA BIG EAST & CO.,3,718415247781732352,averagedude23,9479
2026,1331775206619885568,NCAA BIG EAST & CO.,3,718415247781732352,averagedude23,9481
2026,1331775206619885568,NCAA BIG EAST & CO.,3,718415247781732352,averagedude23,9504
2026,1331775206619885568,NCAA BIG EAST & CO.,3,718415247781732352,averagedude23,9505
2026,1331775206619885568,NCAA BIG EAST & CO.,3,718415247781732352,averagedude23,9508
2026,1331775206619885568,NCAA BIG EAST & CO.,3,718415247781732352,averagedude23,9756
2026,1331775206619885568,NCAA BIG EAST & CO.,3,718415247781732352,averagedude23,HOU
2026,1331775206619885568,NCAA BIG EAST & CO.,3,718415247781732352,averagedude23,KC
2026,1331775206619885568,NCAA BIG EAST & CO.,3,718415247781732352,averagedude23,TEN
2026,1331775206619885568,NCAA BIG EAST & CO.,4,456129190995947520,vinceA762,10218
2026,1331775206619885568,NCAA BIG EAST & CO.,4,456129190995947520,vinceA762,10229
2026,1331775206619885568,NCAA BIG EAST & CO.,4,456129190995947520,vinceA762,11377
2026,1331775206619885568,NCAA BIG EAST & CO.,4,456129190995947520,vinceA762,11557
2026,1331775206619885568,NCAA BIG EAST & CO.,4,456129190995947520,vinceA762,11564
2026,1331775206619885568,NCAA BIG EAST & CO.,4,456129190995947520,vinceA762,11569
2026,1331775206619885568,NCAA BIG EAST & CO.,4,456129190995947520,vinceA762,11603
2026,1331775206619885568,NCAA BIG EAST & CO.,4,456129190995947520,vinceA762,11618
2026,1331775206619885568,NCAA BIG EAST & CO.,4,456129190995947520,vinceA762,11631
2026,1331775206619885568,NCAA BIG EAST & CO.,4,456129190995947520,vinceA762,11640
2026,1331775206619885568,NCAA BIG EAST & CO.,4,456129190995947520,vinceA762,11783
2026,1331775206619885568,NCAA BIG EAST & CO.,4,456129190995947520,vinceA762,12457
2026,1331775206619885568,NCAA BIG EAST & CO.,4,456129190995947520,vinceA762,12523
2026,1331775206619885568,NCAA BIG EAST & CO.,4,456129190995947520,vinceA762,12533
2026,1331775206619885568,NCAA BIG EAST & CO.,4,456129190995947520,vinceA762,12540
2026,1331775206619885568,NCAA BIG EAST & CO.,4,456129190995947520,vinceA762,12547
2026,1331775206619885568,NCAA BIG EAST & CO.,4,456129190995947520,vinceA762,13282
2026,1331775206619885568,NCAA BIG EAST & CO.,4,456129190995947520,vinceA762,13285
2026,1331775206619885568,NCAA BIG EAST & CO.,4,456129190995947520,vinceA762,13289
2026,1331775206619885568,NCAA BIG EAST & CO.,4,456129190995947520,vinceA762,13345
2026,1331775206619885568,NCAA BIG EAST & CO.,4,456129190995947520,vinceA762,13405
2026,1331775206619885568,NCAA BIG EAST & CO.,4,456129190995947520,vinceA762,13533
2026,1331775206619885568,NCAA BIG EAST & CO.,4,456129190995947520,vinceA762,2747
2026,1331775206619885568,NCAA BIG EAST & CO.,4,456129190995947520,vinceA762,3163
2026,1331775206619885568,NCAA BIG EAST & CO.,4,456129190995947520,vinceA762,3634
2026,1331775206619885568,NCAA BIG EAST & CO.,4,456129190995947520,vinceA762,3678
2026,1331775206619885568,NCAA BIG EAST & CO.,4,456129190995947520,vinceA762,4866
2026,1331775206619885568,NCAA BIG EAST & CO.,4,456129190995947520,vinceA762,5844
2026,1331775206619885568,NCAA BIG EAST & CO.,4,456129190995947520,vinceA762,5872
2026,1331775206619885568,NCAA BIG EAST & CO.,4,456129190995947520,vinceA762,5892
2026,1331775206619885568,NCAA BIG EAST & CO.,4,456129190995947520,vinceA762,6039
2026,1331775206619885568,NCAA BIG EAST & CO.,4,456129190995947520,vinceA762,6790
2026,1331775206619885568,NCAA BIG EAST & CO.,4,456129190995947520,vinceA762,6797
2026,1331775206619885568,NCAA BIG EAST & CO.,4,456129190995947520,vinceA762,6806
2026,1331775206619885568,NCAA BIG EAST & CO.,4,456129190995947520,vinceA762,7528
2026,1331775206619885568,NCAA BIG EAST & CO.,4,456129190995947520,vinceA762,7543
2026,1331775206619885568,NCAA BIG EAST & CO.,4,456129190995947520,vinceA762,7567
2026,1331775206619885568,NCAA BIG EAST & CO.,4,456129190995947520,vinceA762,7596
2026,1331775206619885568,NCAA BIG EAST & CO.,4,456129190995947520,vinceA762,7828
2026,1331775206619885568,NCAA BIG EAST & CO.,4,456129190995947520,vinceA762,8698
2026,1331775206619885568,NCAA BIG EAST & CO.,4,456129190995947520,vinceA762,9488
2026,1331775206619885568,NCAA BIG EAST & CO.,4,456129190995947520,vinceA762,JAX
2026,1331775206619885568,NCAA BIG EAST & CO.,4,456129190995947520,vinceA762,SEA
2026,1331775206619885568,NCAA BIG EAST & CO.,5,836025225756934144,NastyS8ntChance,11539
2026,1331775206619885568,NCAA BIG EAST & CO.,5,836025225756934144,NastyS8ntChance,11604
2026,1331775206619885568,NCAA BIG EAST & CO.,5,836025225756934144,NastyS8ntChance,11610
2026,1331775206619885568,NCAA BIG EAST & CO.,5,836025225756934144,NastyS8ntChance,11620
2026,1331775206619885568,NCAA BIG EAST & CO.,5,836025225756934144,NastyS8ntChance,11626
2026,1331775206619885568,NCAA BIG EAST & CO.,5,836025225756934144,NastyS8ntChance,11653
2026,1331775206619885568,NCAA BIG EAST & CO.,5,836025225756934144,NastyS8ntChance,12490
2026,1331775206619885568,NCAA BIG EAST & CO.,5,836025225756934144,NastyS8ntChance,12497
2026,1331775206619885568,NCAA BIG EAST & CO.,5,836025225756934144,NastyS8ntChance,12526
2026,1331775206619885568,NCAA BIG EAST & CO.,5,836025225756934144,NastyS8ntChance,12534
2026,1331775206619885568,NCAA BIG EAST & CO.,5,836025225756934144,NastyS8ntChance,12536
2026,1331775206619885568,NCAA BIG EAST & CO.,5,836025225756934144,NastyS8ntChance,12542
2026,1331775206619885568,NCAA BIG EAST & CO.,5,836025225756934144,NastyS8ntChance,12543
2026,1331775206619885568,NCAA BIG EAST & CO.,5,836025225756934144,NastyS8ntChance,12641
2026,1331775206619885568,NCAA BIG EAST & CO.,5,836025225756934144,NastyS8ntChance,12961
2026,1331775206619885568,NCAA BIG EAST & CO.,5,836025225756934144,NastyS8ntChance,13272
2026,1331775206619885568,NCAA BIG EAST & CO.,5,836025225756934144,NastyS8ntChance,13288
2026,1331775206619885568,NCAA BIG EAST & CO.,5,836025225756934144,NastyS8ntChance,13296
2026,1331775206619885568,NCAA BIG EAST & CO.,5,836025225756934144,NastyS8ntChance,13298
2026,1331775206619885568,NCAA BIG EAST & CO.,5,836025225756934144,NastyS8ntChance,13302
2026,1331775206619885568,NCAA BIG EAST & CO.,5,836025225756934144,NastyS8ntChance,13306
2026,1331775206619885568,NCAA BIG EAST & CO.,5,836025225756934144,NastyS8ntChance,13602
2026,1331775206619885568,NCAA BIG EAST & CO.,5,836025225756934144,NastyS8ntChance,4981
2026,1331775206619885568,NCAA BIG EAST & CO.,5,836025225756934144,NastyS8ntChance,5870
2026,1331775206619885568,NCAA BIG EAST & CO.,5,836025225756934144,NastyS8ntChance,5906
2026,1331775206619885568,NCAA BIG EAST & CO.,5,836025225756934144,NastyS8ntChance,5970
2026,1331775206619885568,NCAA BIG EAST & CO.,5,836025225756934144,NastyS8ntChance,650
2026,1331775206619885568,NCAA BIG EAST & CO.,5,836025225756934144,NastyS8ntChance,6804
2026,1331775206619885568,NCAA BIG EAST & CO.,5,836025225756934144,NastyS8ntChance,7002
2026,1331775206619885568,NCAA BIG EAST & CO.,5,836025225756934144,NastyS8ntChance,8121
2026,1331775206619885568,NCAA BIG EAST & CO.,5,836025225756934144,NastyS8ntChance,8147
2026,1331775206619885568,NCAA BIG EAST & CO.,5,836025225756934144,NastyS8ntChance,8154
2026,1331775206619885568,NCAA BIG EAST & CO.,5,836025225756934144,NastyS8ntChance,9224
2026,1331775206619885568,NCAA BIG EAST & CO.,5,836025225756934144,NastyS8ntChance,9225
2026,1331775206619885568,NCAA BIG EAST & CO.,5,836025225756934144,NastyS8ntChance,9486
2026,1331775206619885568,NCAA BIG EAST & CO.,5,836025225756934144,NastyS8ntChance,9487
2026,1331775206619885568,NCAA BIG EAST & CO.,5,836025225756934144,NastyS8ntChance,9493
2026,1331775206619885568,NCAA BIG EAST & CO.,5,836025225756934144,NastyS8ntChance,9506
2026,1331775206619885568,NCAA BIG EAST & CO.,5,836025225756934144,NastyS8ntChance,DET
2026,1331775206619885568,NCAA BIG EAST & CO.,5,836025225756934144,NastyS8ntChance,LAR
2026,1331775206619885568,NCAA BIG EAST & CO.,5,836025225756934144,NastyS8ntChance,NO
2026,1331775206619885568,NCAA BIG EAST & CO.,6,443323427143544832,joonbug,10214
2026,1331775206619885568,NCAA BIG EAST & CO.,6,443323427143544832,joonbug,10222
2026,1331775206619885568,NCAA BIG EAST & CO.,6,443323427143544832,joonbug,10225
2026,1331775206619885568,NCAA BIG EAST & CO.,6,443323427143544832,joonbug,10226
2026,1331775206619885568,NCAA BIG EAST & CO.,6,443323427143544832,joonbug,10871
2026,1331775206619885568,NCAA BIG EAST & CO.,6,443323427143544832,joonbug,11199
2026,1331775206619885568,NCAA BIG EAST & CO.,6,443323427143544832,joonbug,11256
2026,1331775206619885568,NCAA BIG EAST & CO.,6,443323427143544832,joonbug,11533
2026,1331775206619885568,NCAA BIG EAST & CO.,6,443323427143544832,joonbug,11565
2026,1331775206619885568,NCAA BIG EAST & CO.,6,443323427143544832,joonbug,11583
2026,1331775206619885568,NCAA BIG EAST & CO.,6,443323427143544832,joonbug,11623
2026,1331775206619885568,NCAA BIG EAST & CO.,6,443323427143544832,joonbug,11651
2026,1331775206619885568,NCAA BIG EAST & CO.,6,443323427143544832,joonbug,11834
2026,1331775206619885568,NCAA BIG EAST & CO.,6,443323427143544832,joonbug,12512
2026,1331775206619885568,NCAA BIG EAST & CO.,6,443323427143544832,joonbug,13338
2026,1331775206619885568,NCAA BIG EAST & CO.,6,443323427143544832,joonbug,13349
2026,1331775206619885568,NCAA BIG EAST & CO.,6,443323427143544832,joonbug,13380
2026,1331775206619885568,NCAA BIG EAST & CO.,6,443323427143544832,joonbug,19
2026,1331775206619885568,NCAA BIG EAST & CO.,6,443323427143544832,joonbug,2307
2026,1331775206619885568,NCAA BIG EAST & CO.,6,443323427143544832,joonbug,4017
2026,1331775206619885568,NCAA BIG EAST & CO.,6,443323427143544832,joonbug,4018
2026,1331775206619885568,NCAA BIG EAST & CO.,6,443323427143544832,joonbug,4040
2026,1331775206619885568,NCAA BIG EAST & CO.,6,443323427143544832,joonbug,4082
2026,1331775206619885568,NCAA BIG EAST & CO.,6,443323427143544832,joonbug,4177
2026,1331775206619885568,NCAA BIG EAST & CO.,6,443323427143544832,joonbug,4233
2026,1331775206619885568,NCAA BIG EAST & CO.,6,443323427143544832,joonbug,4666
2026,1331775206619885568,NCAA BIG EAST & CO.,6,443323427143544832,joonbug,5119
2026,1331775206619885568,NCAA BIG EAST & CO.,6,443323427143544832,joonbug,5967
2026,1331775206619885568,NCAA BIG EAST & CO.,6,443323427143544832,joonbug,6770
2026,1331775206619885568,NCAA BIG EAST & CO.,6,443323427143544832,joonbug,6813
2026,1331775206619885568,NCAA BIG EAST & CO.,6,443323427143544832,joonbug,7090
2026,1331775206619885568,NCAA BIG EAST & CO.,6,443323427143544832,joonbug,7564
2026,1331775206619885568,NCAA BIG EAST & CO.,6,443323427143544832,joonbug,7569
2026,1331775206619885568,NCAA BIG EAST & CO.,6,443323427143544832,joonbug,7600
2026,1331775206619885568,NCAA BIG EAST & CO.,6,443323427143544832,joonbug,7694
2026,1331775206619885568,NCAA BIG EAST & CO.,6,443323427143544832,joonbug,8111
2026,1331775206619885568,NCAA BIG EAST & CO.,6,443323427143544832,joonbug,8137
2026,1331775206619885568,NCAA BIG EAST & CO.,6,443323427143544832,joonbug,8146
2026,1331775206619885568,NCAA BIG EAST & CO.,6,443323427143544832,joonbug,9494
2026,1331775206619885568,NCAA BIG EAST & CO.,6,443323427143544832,joonbug,MIN
2026,1331775206619885568,NCAA BIG EAST & CO.,6,443323427143544832,joonbug,TB
2026,1331775206619885568,NCAA BIG EAST & CO.,7,456159345906806784,CodeKhaos,10213
2026,1331775206619885568,NCAA BIG EAST & CO.,7,456159345906806784,CodeKhaos,11058
2026,1331775206619885568,NCAA BIG EAST & CO.,7,456159345906806784,CodeKhaos,11439
2026,1331775206619885568,NCAA BIG EAST & CO.,7,456159345906806784,CodeKhaos,11586
2026,1331775206619885568,NCAA BIG EAST & CO.,7,456159345906806784,CodeKhaos,11632
2026,1331775206619885568,NCAA BIG EAST & CO.,7,456159345906806784,CodeKhaos,12473
2026,1331775206619885568,NCAA BIG EAST & CO.,7,456159345906806784,CodeKhaos,12508
2026,1331775206619885568,NCAA BIG EAST & CO.,7,456159345906806784,CodeKhaos,12715
2026,1331775206619885568,NCAA BIG EAST & CO.,7,456159345906806784,CodeKhaos,13347
2026,1331775206619885568,NCAA BIG EAST & CO.,7,456159345906806784,CodeKhaos,13392
2026,1331775206619885568,NCAA BIG EAST & CO.,7,456159345906806784,CodeKhaos,13477
2026,1331775206619885568,NCAA BIG EAST & CO.,7,456159345906806784,CodeKhaos,13600
2026,1331775206619885568,NCAA BIG EAST & CO.,7,456159345906806784,CodeKhaos,13833
2026,1331775206619885568,NCAA BIG EAST & CO.,7,456159345906806784,CodeKhaos,2078
2026,1331775206619885568,NCAA BIG EAST & CO.,7,456159345906806784,CodeKhaos,2133
2026,1331775206619885568,NCAA BIG EAST & CO.,7,456159345906806784,CodeKhaos,3271
2026,1331775206619885568,NCAA BIG EAST & CO.,7,456159345906806784,CodeKhaos,3294
2026,1331775206619885568,NCAA BIG EAST & CO.,7,456159345906806784,CodeKhaos,4199
2026,1331775206619885568,NCAA BIG EAST & CO.,7,456159345906806784,CodeKhaos,4950
2026,1331775206619885568,NCAA BIG EAST & CO.,7,456159345906806784,CodeKhaos,5095
2026,1331775206619885568,NCAA BIG EAST & CO.,7,456159345906806784,CodeKhaos,5854
2026,1331775206619885568,NCAA BIG EAST & CO.,7,456159345906806784,CodeKhaos,6794
2026,1331775206619885568,NCAA BIG EAST & CO.,7,456159345906806784,CodeKhaos,6801
2026,1331775206619885568,NCAA BIG EAST & CO.,7,456159345906806784,CodeKhaos,6819
2026,1331775206619885568,NCAA BIG EAST & CO.,7,456159345906806784,CodeKhaos,6828
2026,1331775206619885568,NCAA BIG EAST & CO.,7,456159345906806784,CodeKhaos,6865
2026,1331775206619885568,NCAA BIG EAST & CO.,7,456159345906806784,CodeKhaos,6904
2026,1331775206619885568,NCAA BIG EAST & CO.,7,456159345906806784,CodeKhaos,7042
2026,1331775206619885568,NCAA BIG EAST & CO.,7,456159345906806784,CodeKhaos,7049
2026,1331775206619885568,NCAA BIG EAST & CO.,7,456159345906806784,CodeKhaos,7547
2026,1331775206619885568,NCAA BIG EAST & CO.,7,456159345906806784,CodeKhaos,7553
2026,1331775206619885568,NCAA BIG EAST & CO.,7,456159345906806784,CodeKhaos,8110
2026,1331775206619885568,NCAA BIG EAST & CO.,7,456159345906806784,CodeKhaos,8125
2026,1331775206619885568,NCAA BIG EAST & CO.,7,456159345906806784,CodeKhaos,8127
2026,1331775206619885568,NCAA BIG EAST & CO.,7,456159345906806784,CodeKhaos,8160
2026,1331775206619885568,NCAA BIG EAST & CO.,7,456159345906806784,CodeKhaos,9221
2026,1331775206619885568,NCAA BIG EAST & CO.,7,456159345906806784,CodeKhaos,9226
2026,1331775206619885568,NCAA BIG EAST & CO.,7,456159345906806784,CodeKhaos,9484
2026,1331775206619885568,NCAA BIG EAST & CO.,7,456159345906806784,CodeKhaos,9497
2026,1331775206619885568,NCAA BIG EAST & CO.,7,456159345906806784,CodeKhaos,9509
2026,1331775206619885568,NCAA BIG EAST & CO.,7,456159345906806784,CodeKhaos,IND
2026,1331775206619885568,NCAA BIG EAST & CO.,7,456159345906806784,CodeKhaos,NYG
2026,1331775206619885568,NCAA BIG EAST & CO.,7,456159345906806784,CodeKhaos,WAS
2026,1331775206619885568,NCAA BIG EAST & CO.,8,456167283761344512,Claser,11570
2026,1331775206619885568,NCAA BIG EAST & CO.,8,456167283761344512,Claser,11608
2026,1331775206619885568,NCAA BIG EAST & CO.,8,456167283761344512,Claser,11630
2026,1331775206619885568,NCAA BIG EAST & CO.,8,456167283761344512,Claser,11635
2026,1331775206619885568,NCAA BIG EAST & CO.,8,456167283761344512,Claser,11994
2026,1331775206619885568,NCAA BIG EAST & CO.,8,456167283761344512,Claser,12467
2026,1331775206619885568,NCAA BIG EAST & CO.,8,456167283761344512,Claser,12501
2026,1331775206619885568,NCAA BIG EAST & CO.,8,456167283761344512,Claser,12503
2026,1331775206619885568,NCAA BIG EAST & CO.,8,456167283761344512,Claser,12504
2026,1331775206619885568,NCAA BIG EAST & CO.,8,456167283761344512,Claser,12518
2026,1331775206619885568,NCAA BIG EAST & CO.,8,456167283761344512,Claser,12539
2026,1331775206619885568,NCAA BIG EAST & CO.,8,456167283761344512,Claser,13294
2026,1331775206619885568,NCAA BIG EAST & CO.,8,456167283761344512,Claser,13348
2026,1331775206619885568,NCAA BIG EAST & CO.,8,456167283761344512,Claser,13417
2026,1331775206619885568,NCAA BIG EAST & CO.,8,456167283761344512,Claser,13423
2026,1331775206619885568,NCAA BIG EAST & CO.,8,456167283761344512,Claser,13545
2026,1331775206619885568,NCAA BIG EAST & CO.,8,456167283761344512,Claser,1466
2026,1331775206619885568,NCAA BIG EAST & CO.,8,456167283761344512,Claser,1479
2026,1331775206619885568,NCAA BIG EAST & CO.,8,456167283761344512,Claser,4034
2026,1331775206619885568,NCAA BIG EAST & CO.,8,456167283761344512,Claser,4039
2026,1331775206619885568,NCAA BIG EAST & CO.,8,456167283761344512,Claser,4147
2026,1331775206619885568,NCAA BIG EAST & CO.,8,456167283761344512,Claser,4454
2026,1331775206619885568,NCAA BIG EAST & CO.,8,456167283761344512,Claser,4972
2026,1331775206619885568,NCAA BIG EAST & CO.,8,456167283761344512,Claser,6011
2026,1331775206619885568,NCAA BIG EAST & CO.,8,456167283761344512,Claser,6650
2026,1331775206619885568,NCAA BIG EAST & CO.,8,456167283761344512,Claser,6803
2026,1331775206619885568,NCAA BIG EAST & CO.,8,456167283761344512,Claser,7496
2026,1331775206619885568,NCAA BIG EAST & CO.,8,456167283761344512,Claser,7523
2026,1331775206619885568,NCAA BIG EAST & CO.,8,456167283761344512,Claser,7591
2026,1331775206619885568,NCAA BIG EAST & CO.,8,456167283761344512,Claser,7610
2026,1331775206619885568,NCAA BIG EAST & CO.,8,456167283761344512,Claser,7891
2026,1331775206619885568,NCAA BIG EAST & CO.,8,456167283761344512,Claser,8122
2026,1331775206619885568,NCAA BIG EAST & CO.,8,456167283761344512,Claser,8129
2026,1331775206619885568,NCAA BIG EAST & CO.,8,456167283761344512,Claser,8136
2026,1331775206619885568,NCAA BIG EAST & CO.,8,456167283761344512,Claser,8148
2026,1331775206619885568,NCAA BIG EAST & CO.,8,456167283761344512,Claser,96
2026,1331775206619885568,NCAA BIG EAST & CO.,8,456167283761344512,Claser,BUF
2026,1331775206619885568,NCAA BIG EAST & CO.,8,456167283761344512,Claser,NE
2026,1331775206619885568,NCAA BIG EAST & CO.,8,456167283761344512,Claser,PIT
2026,1331775206619885568,NCAA BIG EAST & CO.,9,802480422482206720,JEANTY,10859
2026,1331775206619885568,NCAA BIG EAST & CO.,9,802480422482206720,JEANTY,11592
2026,1331775206619885568,NCAA BIG EAST & CO.,9,802480422482206720,JEANTY,11600
2026,1331775206619885568,NCAA BIG EAST & CO.,9,802480422482206720,JEANTY,11638
2026,1331775206619885568,NCAA BIG EAST & CO.,9,802480422482206720,JEANTY,12385
2026,1331775206619885568,NCAA BIG EAST & CO.,9,802480422482206720,JEANTY,12481
2026,1331775206619885568,NCAA BIG EAST & CO.,9,802480422482206720,JEANTY,12492
2026,1331775206619885568,NCAA BIG EAST & CO.,9,802480422482206720,JEANTY,12502
2026,1331775206619885568,NCAA BIG EAST & CO.,9,802480422482206720,JEANTY,12521
2026,1331775206619885568,NCAA BIG EAST & CO.,9,802480422482206720,JEANTY,12545
2026,1331775206619885568,NCAA BIG EAST & CO.,9,802480422482206720,JEANTY,13268
2026,1331775206619885568,NCAA BIG EAST & CO.,9,802480422482206720,JEANTY,13279
2026,1331775206619885568,NCAA BIG EAST & CO.,9,802480422482206720,JEANTY,13337
2026,1331775206619885568,NCAA BIG EAST & CO.,9,802480422482206720,JEANTY,13401
2026,1331775206619885568,NCAA BIG EAST & CO.,9,802480422482206720,JEANTY,13420
2026,1331775206619885568,NCAA BIG EAST & CO.,9,802480422482206720,JEANTY,4033
2026,1331775206619885568,NCAA BIG EAST & CO.,9,802480422482206720,JEANTY,4137
2026,1331775206619885568,NCAA BIG EAST & CO.,9,802480422482206720,JEANTY,421
2026,1331775206619885568,NCAA BIG EAST & CO.,9,802480422482206720,JEANTY,4993
2026,1331775206619885568,NCAA BIG EAST & CO.,9,802480422482206720,JEANTY,5917
2026,1331775206619885568,NCAA BIG EAST & CO.,9,802480422482206720,JEANTY,5927
2026,1331775206619885568,NCAA BIG EAST & CO.,9,802480422482206720,JEANTY,5995
2026,1331775206619885568,NCAA BIG EAST & CO.,9,802480422482206720,JEANTY,6528
2026,1331775206619885568,NCAA BIG EAST & CO.,9,802480422482206720,JEANTY,6768
2026,1331775206619885568,NCAA BIG EAST & CO.,9,802480422482206720,JEANTY,6853
2026,1331775206619885568,NCAA BIG EAST & CO.,9,802480422482206720,JEANTY,7571
2026,1331775206619885568,NCAA BIG EAST & CO.,9,802480422482206720,JEANTY,7587
2026,1331775206619885568,NCAA BIG EAST & CO.,9,802480422482206720,JEANTY,7670
2026,1331775206619885568,NCAA BIG EAST & CO.,9,802480422482206720,JEANTY,8117
2026,1331775206619885568,NCAA BIG EAST & CO.,9,802480422482206720,JEANTY,8119
2026,1331775206619885568,NCAA BIG EAST & CO.,9,802480422482206720,JEANTY,8126
2026,1331775206619885568,NCAA BIG EAST & CO.,9,802480422482206720,JEANTY,8130
2026,1331775206619885568,NCAA BIG EAST & CO.,9,802480422482206720,JEANTY,8142
2026,1331775206619885568,NCAA BIG EAST & CO.,9,802480422482206720,JEANTY,8151
2026,1331775206619885568,NCAA BIG EAST & CO.,9,802480422482206720,JEANTY,8168
2026,1331775206619885568,NCAA BIG EAST & CO.,9,802480422482206720,JEANTY,9229
2026,1331775206619885568,NCAA BIG EAST & CO.,9,802480422482206720,JEANTY,9482
2026,1331775206619885568,NCAA BIG EAST & CO.,9,802480422482206720,JEANTY,9754
2026,1331775206619885568,NCAA BIG EAST & CO.,9,802480422482206720,JEANTY,9757
2026,1331775206619885568,NCAA BIG EAST & CO.,9,802480422482206720,JEANTY,9997
2026,1331775206619885568,NCAA BIG EAST & CO.,9,802480422482206720,JEANTY,BAL
2026,1331775206619885568,NCAA BIG EAST & CO.,10,1336086766108549120,MacATac,11560
2026,1331775206619885568,NCAA BIG EAST & CO.,10,1336086766108549120,MacATac,11563
2026,1331775206619885568,NCAA BIG EAST & CO.,10,1336086766108549120,MacATac,11571
2026,1331775206619885568,NCAA BIG EAST & CO.,10,1336086766108549120,MacATac,11577
2026,1331775206619885568,NCAA BIG EAST & CO.,10,1336086766108549120,MacATac,11581
2026,1331775206619885568,NCAA BIG EAST & CO.,10,1336086766108549120,MacATac,11616
2026,1331775206619885568,NCAA BIG EAST & CO.,10,1336086766108549120,MacATac,11627
2026,1331775206619885568,NCAA BIG EAST & CO.,10,1336086766108549120,MacATac,11646
2026,1331775206619885568,NCAA BIG EAST & CO.,10,1336086766108549120,MacATac,11786
2026,1331775206619885568,NCAA BIG EAST & CO.,10,1336086766108549120,MacATac,11792
2026,1331775206619885568,NCAA BIG EAST & CO.,10,1336086766108549120,MacATac,12455
2026,1331775206619885568,NCAA BIG EAST & CO.,10,1336086766108549120,MacATac,12482
2026,1331775206619885568,NCAA BIG EAST & CO.,10,1336086766108549120,MacATac,12484
2026,1331775206619885568,NCAA BIG EAST & CO.,10,1336086766108549120,MacATac,12485
2026,1331775206619885568,NCAA BIG EAST & CO.,10,1336086766108549120,MacATac,12493
2026,1331775206619885568,NCAA BIG EAST & CO.,10,1336086766108549120,MacATac,12495
2026,1331775206619885568,NCAA BIG EAST & CO.,10,1336086766108549120,MacATac,12506
2026,1331775206619885568,NCAA BIG EAST & CO.,10,1336086766108549120,MacATac,12520
2026,1331775206619885568,NCAA BIG EAST & CO.,10,1336086766108549120,MacATac,12522
2026,1331775206619885568,NCAA BIG EAST & CO.,10,1336086766108549120,MacATac,12544
2026,1331775206619885568,NCAA BIG EAST & CO.,10,1336086766108549120,MacATac,13278
2026,1331775206619885568,NCAA BIG EAST & CO.,10,1336086766108549120,MacATac,13293
2026,1331775206619885568,NCAA BIG EAST & CO.,10,1336086766108549120,MacATac,13330
2026,1331775206619885568,NCAA BIG EAST & CO.,10,1336086766108549120,MacATac,13353
2026,1331775206619885568,NCAA BIG EAST & CO.,10,1336086766108549120,MacATac,13424
2026,1331775206619885568,NCAA BIG EAST & CO.,10,1336086766108549120,MacATac,1945
2026,1331775206619885568,NCAA BIG EAST & CO.,10,1336086766108549120,MacATac,3198
2026,1331775206619885568,NCAA BIG EAST & CO.,10,1336086766108549120,MacATac,4037
2026,1331775206619885568,NCAA BIG EAST & CO.,10,1336086766108549120,MacATac,5857
2026,1331775206619885568,NCAA BIG EAST & CO.,10,1336086766108549120,MacATac,7021
2026,1331775206619885568,NCAA BIG EAST & CO.,10,1336086766108549120,MacATac,7525
2026,1331775206619885568,NCAA BIG EAST & CO.,10,1336086766108549120,MacATac,7527
2026,1331775206619885568,NCAA BIG EAST & CO.,10,1336086766108549120,MacATac,7588
2026,1331775206619885568,NCAA BIG EAST & CO.,10,1336086766108549120,MacATac,7757
2026,1331775206619885568,NCAA BIG EAST & CO.,10,1336086766108549120,MacATac,8180
2026,1331775206619885568,NCAA BIG EAST & CO.,10,1336086766108549120,MacATac,8208
2026,1331775206619885568,NCAA BIG EAST & CO.,10,1336086766108549120,MacATac,9230
2026,1331775206619885568,NCAA BIG EAST & CO.,10,1336086766108549120,MacATac,9758
2026,1331775206619885568,NCAA BIG EAST & CO.,10,1336086766108549120,MacATac,9998
2026,1331775206619885568,NCAA BIG EAST & CO.,10,1336086766108549120,MacATac,ARI
2026,1331775206619885568,NCAA BIG EAST & CO.,10,1336086766108549120,MacATac,CHI
2026,1331775206619885568,NCAA BIG EAST & CO.,11,456182244336201728,Ianiners,10235
2026,1331775206619885568,NCAA BIG EAST & CO.,11,456182244336201728,Ianiners,10867
2026,1331775206619885568,NCAA BIG EAST & CO.,11,456182244336201728,Ianiners,11034
2026,1331775206619885568,NCAA BIG EAST & CO.,11,456182244336201728,Ianiners,11559
2026,1331775206619885568,NCAA BIG EAST & CO.,11,456182244336201728,Ianiners,11628
2026,1331775206619885568,NCAA BIG EAST & CO.,11,456182244336201728,Ianiners,11633
2026,1331775206619885568,NCAA BIG EAST & CO.,11,456182244336201728,Ianiners,11637
2026,1331775206619885568,NCAA BIG EAST & CO.,11,456182244336201728,Ianiners,11655
2026,1331775206619885568,NCAA BIG EAST & CO.,11,456182244336201728,Ianiners,12015
2026,1331775206619885568,NCAA BIG EAST & CO.,11,456182244336201728,Ianiners,12487
2026,1331775206619885568,NCAA BIG EAST & CO.,11,456182244336201728,Ianiners,12500
2026,1331775206619885568,NCAA BIG EAST & CO.,11,456182244336201728,Ianiners,12507
2026,1331775206619885568,NCAA BIG EAST & CO.,11,456182244336201728,Ianiners,12519
2026,1331775206619885568,NCAA BIG EAST & CO.,11,456182244336201728,Ianiners,13269
2026,1331775206619885568,NCAA BIG EAST & CO.,11,456182244336201728,Ianiners,13275
2026,1331775206619885568,NCAA BIG EAST & CO.,11,456182244336201728,Ianiners,13287
2026,1331775206619885568,NCAA BIG EAST & CO.,11,456182244336201728,Ianiners,13414
2026,1331775206619885568,NCAA BIG EAST & CO.,11,456182244336201728,Ianiners,13603
2026,1331775206619885568,NCAA BIG EAST & CO.,11,456182244336201728,Ianiners,2216
2026,1331775206619885568,NCAA BIG EAST & CO.,11,456182244336201728,Ianiners,2449
2026,1331775206619885568,NCAA BIG EAST & CO.,11,456182244336201728,Ianiners,2505
2026,1331775206619885568,NCAA BIG EAST & CO.,11,456182244336201728,Ianiners,3286
2026,1331775206619885568,NCAA BIG EAST & CO.,11,456182244336201728,Ianiners,4046
2026,1331775206619885568,NCAA BIG EAST & CO.,11,456182244336201728,Ianiners,4098
2026,1331775206619885568,NCAA BIG EAST & CO.,11,456182244336201728,Ianiners,4217
2026,1331775206619885568,NCAA BIG EAST & CO.,11,456182244336201728,Ianiners,4219
2026,1331775206619885568,NCAA BIG EAST & CO.,11,456182244336201728,Ianiners,4227
2026,1331775206619885568,NCAA BIG EAST & CO.,11,456182244336201728,Ianiners,4943
2026,1331775206619885568,NCAA BIG EAST & CO.,11,456182244336201728,Ianiners,5008
2026,1331775206619885568,NCAA BIG EAST & CO.,11,456182244336201728,Ianiners,5189
2026,1331775206619885568,NCAA BIG EAST & CO.,11,456182244336201728,Ianiners,5846
2026,1331775206619885568,NCAA BIG EAST & CO.,11,456182244336201728,Ianiners,6130
2026,1331775206619885568,NCAA BIG EAST & CO.,11,456182244336201728,Ianiners,6783
2026,1331775206619885568,NCAA BIG EAST & CO.,11,456182244336201728,Ianiners,6826
2026,1331775206619885568,NCAA BIG EAST & CO.,11,456182244336201728,Ianiners,7526
2026,1331775206619885568,NCAA BIG EAST & CO.,11,456182244336201728,Ianiners,7839
2026,1331775206619885568,NCAA BIG EAST & CO.,11,456182244336201728,Ianiners,8254
2026,1331775206619885568,NCAA BIG EAST & CO.,11,456182244336201728,Ianiners,9480
2026,1331775206619885568,NCAA BIG EAST & CO.,11,456182244336201728,Ianiners,9753
2026,1331775206619885568,NCAA BIG EAST & CO.,11,456182244336201728,Ianiners,CIN
2026,1331775206619885568,NCAA BIG EAST & CO.,11,456182244336201728,Ianiners,GB
2026,1331775206619885568,NCAA BIG EAST & CO.,11,456182244336201728,Ianiners,LV
2026,1331775206619885568,NCAA BIG EAST & CO.,11,456182244336201728,Ianiners,PHI
2026,1331775206619885568,NCAA BIG EAST & CO.,11,456182244336201728,Ianiners,SF
2026,1331775206619885568,NCAA BIG EAST & CO.,12,64174089933570048,ryno,10219
2026,1331775206619885568,NCAA BIG EAST & CO.,12,64174089933570048,ryno,10236
2026,1331775206619885568,NCAA BIG EAST & CO.,12,64174089933570048,ryno,11370
2026,1331775206619885568,NCAA BIG EAST & CO.,12,64174089933570048,ryno,11589
2026,1331775206619885568,NCAA BIG EAST & CO.,12,64174089933570048,ryno,11643
2026,1331775206619885568,NCAA BIG EAST & CO.,12,64174089933570048,ryno,12048
2026,1331775206619885568,NCAA BIG EAST & CO.,12,64174089933570048,ryno,12472
2026,1331775206619885568,NCAA BIG EAST & CO.,12,64174089933570048,ryno,12474
2026,1331775206619885568,NCAA BIG EAST & CO.,12,64174089933570048,ryno,12489
2026,1331775206619885568,NCAA BIG EAST & CO.,12,64174089933570048,ryno,12505
2026,1331775206619885568,NCAA BIG EAST & CO.,12,64174089933570048,ryno,12514
2026,1331775206619885568,NCAA BIG EAST & CO.,12,64174089933570048,ryno,12524
2026,1331775206619885568,NCAA BIG EAST & CO.,12,64174089933570048,ryno,12535
2026,1331775206619885568,NCAA BIG EAST & CO.,12,64174089933570048,ryno,13276
2026,1331775206619885568,NCAA BIG EAST & CO.,12,64174089933570048,ryno,13319
2026,1331775206619885568,NCAA BIG EAST & CO.,12,64174089933570048,ryno,13320
2026,1331775206619885568,NCAA BIG EAST & CO.,12,64174089933570048,ryno,13346
2026,1331775206619885568,NCAA BIG EAST & CO.,12,64174089933570048,ryno,13411
2026,1331775206619885568,NCAA BIG EAST & CO.,12,64174089933570048,ryno,13425
2026,1331775206619885568,NCAA BIG EAST & CO.,12,64174089933570048,ryno,13968
2026,1331775206619885568,NCAA BIG EAST & CO.,12,64174089933570048,ryno,3214
2026,1331775206619885568,NCAA BIG EAST & CO.,12,64174089933570048,ryno,3257
2026,1331775206619885568,NCAA BIG EAST & CO.,12,64174089933570048,ryno,4066
2026,1331775206619885568,NCAA BIG EAST & CO.,12,64174089933570048,ryno,4195
2026,1331775206619885568,NCAA BIG EAST & CO.,12,64174089933570048,ryno,4984
2026,1331775206619885568,NCAA BIG EAST & CO.,12,64174089933570048,ryno,5045
2026,1331775206619885568,NCAA BIG EAST & CO.,12,64174089933570048,ryno,5849
2026,1331775206619885568,NCAA BIG EAST & CO.,12,64174089933570048,ryno,5850
2026,1331775206619885568,NCAA BIG EAST & CO.,12,64174089933570048,ryno,5859
2026,1331775206619885568,NCAA BIG EAST & CO.,12,64174089933570048,ryno,6083
2026,1331775206619885568,NCAA BIG EAST & CO.,12,64174089933570048,ryno,8131
2026,1331775206619885568,NCAA BIG EAST & CO.,12,64174089933570048,ryno,8150
2026,1331775206619885568,NCAA BIG EAST & CO.,12,64174089933570048,ryno,8155
2026,1331775206619885568,NCAA BIG EAST & CO.,12,64174089933570048,ryno,8183
2026,1331775206619885568,NCAA BIG EAST & CO.,12,64174089933570048,ryno,8188
2026,1331775206619885568,NCAA BIG EAST & CO.,12,64174089933570048,ryno,8228
2026,1331775206619885568,NCAA BIG EAST & CO.,12,64174089933570048,ryno,8408
2026,1331775206619885568,NCAA BIG EAST & CO.,12,64174089933570048,ryno,8676
2026,1331775206619885568,NCAA BIG EAST & CO.,12,64174089933570048,ryno,8800
2026,1331775206619885568,NCAA BIG EAST & CO.,12,64174089933570048,ryno,9500
2026,1331775206619885568,NCAA BIG EAST & CO.,12,64174089933570048,ryno,9501
2026,1331775206619885568,NCAA BIG EAST & CO.,12,64174089933570048,ryno,ATL
2026,1331775206619885568,NCAA BIG EAST & CO.,12,64174089933570048,ryno,DAL
2026,1331775206619885568,NCAA BIG EAST & CO.,12,64174089933570048,ryno,LAC
2026,1316899756005412864,NCAA BIG SKY,1,456258200757334016,WillyP15,10213
2026,1316899756005412864,NCAA BIG SKY,1,456258200757334016,WillyP15,10219
2026,1316899756005412864,NCAA BIG SKY,1,456258200757334016,WillyP15,10235
2026,1316899756005412864,NCAA BIG SKY,1,456258200757334016,WillyP15,10236
2026,1316899756005412864,NCAA BIG SKY,1,456258200757334016,WillyP15,11435
2026,1316899756005412864,NCAA BIG SKY,1,456258200757334016,WillyP15,11569
2026,1316899756005412864,NCAA BIG SKY,1,456258200757334016,WillyP15,11589
2026,1316899756005412864,NCAA BIG SKY,1,456258200757334016,WillyP15,11596
2026,1316899756005412864,NCAA BIG SKY,1,456258200757334016,WillyP15,11610
2026,1316899756005412864,NCAA BIG SKY,1,456258200757334016,WillyP15,11624
2026,1316899756005412864,NCAA BIG SKY,1,456258200757334016,WillyP15,11632
2026,1316899756005412864,NCAA BIG SKY,1,456258200757334016,WillyP15,11643
2026,1316899756005412864,NCAA BIG SKY,1,456258200757334016,WillyP15,11783
2026,1316899756005412864,NCAA BIG SKY,1,456258200757334016,WillyP15,12483
2026,1316899756005412864,NCAA BIG SKY,1,456258200757334016,WillyP15,12484
2026,1316899756005412864,NCAA BIG SKY,1,456258200757334016,WillyP15,12507
2026,1316899756005412864,NCAA BIG SKY,1,456258200757334016,WillyP15,12508
2026,1316899756005412864,NCAA BIG SKY,1,456258200757334016,WillyP15,12518
2026,1316899756005412864,NCAA BIG SKY,1,456258200757334016,WillyP15,12526
2026,1316899756005412864,NCAA BIG SKY,1,456258200757334016,WillyP15,12529
2026,1316899756005412864,NCAA BIG SKY,1,456258200757334016,WillyP15,12535
2026,1316899756005412864,NCAA BIG SKY,1,456258200757334016,WillyP15,12547
2026,1316899756005412864,NCAA BIG SKY,1,456258200757334016,WillyP15,12713
2026,1316899756005412864,NCAA BIG SKY,1,456258200757334016,WillyP15,13296
2026,1316899756005412864,NCAA BIG SKY,1,456258200757334016,WillyP15,13301
2026,1316899756005412864,NCAA BIG SKY,1,456258200757334016,WillyP15,13347
2026,1316899756005412864,NCAA BIG SKY,1,456258200757334016,WillyP15,13414
2026,1316899756005412864,NCAA BIG SKY,1,456258200757334016,WillyP15,13424
2026,1316899756005412864,NCAA BIG SKY,1,456258200757334016,WillyP15,1737
2026,1316899756005412864,NCAA BIG SKY,1,456258200757334016,WillyP15,4017
2026,1316899756005412864,NCAA BIG SKY,1,456258200757334016,WillyP15,6528
2026,1316899756005412864,NCAA BIG SKY,1,456258200757334016,WillyP15,7526
2026,1316899756005412864,NCAA BIG SKY,1,456258200757334016,WillyP15,7547
2026,1316899756005412864,NCAA BIG SKY,1,456258200757334016,WillyP15,7828
2026,1316899756005412864,NCAA BIG SKY,1,456258200757334016,WillyP15,8111
2026,1316899756005412864,NCAA BIG SKY,1,456258200757334016,WillyP15,8698
2026,1316899756005412864,NCAA BIG SKY,1,456258200757334016,WillyP15,9228
2026,1316899756005412864,NCAA BIG SKY,1,456258200757334016,WillyP15,9494
2026,1316899756005412864,NCAA BIG SKY,1,456258200757334016,WillyP15,9500
2026,1316899756005412864,NCAA BIG SKY,1,456258200757334016,WillyP15,9511
2026,1316899756005412864,NCAA BIG SKY,1,456258200757334016,WillyP15,9753
2026,1316899756005412864,NCAA BIG SKY,1,456258200757334016,WillyP15,9754
2026,1316899756005412864,NCAA BIG SKY,1,456258200757334016,WillyP15,BUF
2026,1316899756005412864,NCAA BIG SKY,1,456258200757334016,WillyP15,MIN
2026,1316899756005412864,NCAA BIG SKY,1,456258200757334016,WillyP15,NE
2026,1316899756005412864,NCAA BIG SKY,2,439255136309604352,PapaCrowther,11566
2026,1316899756005412864,NCAA BIG SKY,2,439255136309604352,PapaCrowther,11583
2026,1316899756005412864,NCAA BIG SKY,2,439255136309604352,PapaCrowther,11618
2026,1316899756005412864,NCAA BIG SKY,2,439255136309604352,PapaCrowther,12015
2026,1316899756005412864,NCAA BIG SKY,2,439255136309604352,PapaCrowther,12457
2026,1316899756005412864,NCAA BIG SKY,2,439255136309604352,PapaCrowther,12509
2026,1316899756005412864,NCAA BIG SKY,2,439255136309604352,PapaCrowther,13269
2026,1316899756005412864,NCAA BIG SKY,2,439255136309604352,PapaCrowther,13286
2026,1316899756005412864,NCAA BIG SKY,2,439255136309604352,PapaCrowther,13293
2026,1316899756005412864,NCAA BIG SKY,2,439255136309604352,PapaCrowther,13417
2026,1316899756005412864,NCAA BIG SKY,2,439255136309604352,PapaCrowther,1426
2026,1316899756005412864,NCAA BIG SKY,2,439255136309604352,PapaCrowther,1479
2026,1316899756005412864,NCAA BIG SKY,2,439255136309604352,PapaCrowther,2307
2026,1316899756005412864,NCAA BIG SKY,2,439255136309604352,PapaCrowther,4037
2026,1316899756005412864,NCAA BIG SKY,2,439255136309604352,PapaCrowther,4137
2026,1316899756005412864,NCAA BIG SKY,2,439255136309604352,PapaCrowther,5189
2026,1316899756005412864,NCAA BIG SKY,2,439255136309604352,PapaCrowther,5844
2026,1316899756005412864,NCAA BIG SKY,2,439255136309604352,PapaCrowther,5848
2026,1316899756005412864,NCAA BIG SKY,2,439255136309604352,PapaCrowther,5849
2026,1316899756005412864,NCAA BIG SKY,2,439255136309604352,PapaCrowther,6790
2026,1316899756005412864,NCAA BIG SKY,2,439255136309604352,PapaCrowther,7527
2026,1316899756005412864,NCAA BIG SKY,2,439255136309604352,PapaCrowther,7528
2026,1316899756005412864,NCAA BIG SKY,2,439255136309604352,PapaCrowther,7607
2026,1316899756005412864,NCAA BIG SKY,2,439255136309604352,PapaCrowther,8126
2026,1316899756005412864,NCAA BIG SKY,2,439255136309604352,PapaCrowther,8205
2026,1316899756005412864,NCAA BIG SKY,2,439255136309604352,PapaCrowther,8228
2026,1316899756005412864,NCAA BIG SKY,2,439255136309604352,PapaCrowther,829
2026,1316899756005412864,NCAA BIG SKY,2,439255136309604352,PapaCrowther,9756
2026,1316899756005412864,NCAA BIG SKY,2,439255136309604352,PapaCrowther,9997
2026,1316899756005412864,NCAA BIG SKY,2,439255136309604352,PapaCrowther,CHI
2026,1316899756005412864,NCAA BIG SKY,2,439255136309604352,PapaCrowther,PIT
2026,1316899756005412864,NCAA BIG SKY,3,449327253101211648,Beastchewy15,10226
2026,1316899756005412864,NCAA BIG SKY,3,449327253101211648,Beastchewy15,10859
2026,1316899756005412864,NCAA BIG SKY,3,449327253101211648,Beastchewy15,11539
2026,1316899756005412864,NCAA BIG SKY,3,449327253101211648,Beastchewy15,11631
2026,1316899756005412864,NCAA BIG SKY,3,449327253101211648,Beastchewy15,12467
2026,1316899756005412864,NCAA BIG SKY,3,449327253101211648,Beastchewy15,12481
2026,1316899756005412864,NCAA BIG SKY,3,449327253101211648,Beastchewy15,12506
2026,1316899756005412864,NCAA BIG SKY,3,449327253101211648,Beastchewy15,12512
2026,1316899756005412864,NCAA BIG SKY,3,449327253101211648,Beastchewy15,12533
2026,1316899756005412864,NCAA BIG SKY,3,449327253101211648,Beastchewy15,12534
2026,1316899756005412864,NCAA BIG SKY,3,449327253101211648,Beastchewy15,12540
2026,1316899756005412864,NCAA BIG SKY,3,449327253101211648,Beastchewy15,12542
2026,1316899756005412864,NCAA BIG SKY,3,449327253101211648,Beastchewy15,12718
2026,1316899756005412864,NCAA BIG SKY,3,449327253101211648,Beastchewy15,13306
2026,1316899756005412864,NCAA BIG SKY,3,449327253101211648,Beastchewy15,13307
2026,1316899756005412864,NCAA BIG SKY,3,449327253101211648,Beastchewy15,13333
2026,1316899756005412864,NCAA BIG SKY,3,449327253101211648,Beastchewy15,1339
2026,1316899756005412864,NCAA BIG SKY,3,449327253101211648,Beastchewy15,13411
2026,1316899756005412864,NCAA BIG SKY,3,449327253101211648,Beastchewy15,13726
2026,1316899756005412864,NCAA BIG SKY,3,449327253101211648,Beastchewy15,3163
2026,1316899756005412864,NCAA BIG SKY,3,449327253101211648,Beastchewy15,4195
2026,1316899756005412864,NCAA BIG SKY,3,449327253101211648,Beastchewy15,4199
2026,1316899756005412864,NCAA BIG SKY,3,449327253101211648,Beastchewy15,4227
2026,1316899756005412864,NCAA BIG SKY,3,449327253101211648,Beastchewy15,4981
2026,1316899756005412864,NCAA BIG SKY,3,449327253101211648,Beastchewy15,4993
2026,1316899756005412864,NCAA BIG SKY,3,449327253101211648,Beastchewy15,5045
2026,1316899756005412864,NCAA BIG SKY,3,449327253101211648,Beastchewy15,5857
2026,1316899756005412864,NCAA BIG SKY,3,449327253101211648,Beastchewy15,5870
2026,1316899756005412864,NCAA BIG SKY,3,449327253101211648,Beastchewy15,5947
2026,1316899756005412864,NCAA BIG SKY,3,449327253101211648,Beastchewy15,6130
2026,1316899756005412864,NCAA BIG SKY,3,449327253101211648,Beastchewy15,6149
2026,1316899756005412864,NCAA BIG SKY,3,449327253101211648,Beastchewy15,6770
2026,1316899756005412864,NCAA BIG SKY,3,449327253101211648,Beastchewy15,6826
2026,1316899756005412864,NCAA BIG SKY,3,449327253101211648,Beastchewy15,7525
2026,1316899756005412864,NCAA BIG SKY,3,449327253101211648,Beastchewy15,7569
2026,1316899756005412864,NCAA BIG SKY,3,449327253101211648,Beastchewy15,7594
2026,1316899756005412864,NCAA BIG SKY,3,449327253101211648,Beastchewy15,9221
2026,1316899756005412864,NCAA BIG SKY,3,449327253101211648,Beastchewy15,9488
2026,1316899756005412864,NCAA BIG SKY,3,449327253101211648,Beastchewy15,9506
2026,1316899756005412864,NCAA BIG SKY,3,449327253101211648,Beastchewy15,BAL
2026,1316899756005412864,NCAA BIG SKY,3,449327253101211648,Beastchewy15,IND
2026,1316899756005412864,NCAA BIG SKY,4,519439276311531520,Elestial,10216
2026,1316899756005412864,NCAA BIG SKY,4,519439276311531520,Elestial,10218
2026,1316899756005412864,NCAA BIG SKY,4,519439276311531520,Elestial,10867
2026,1316899756005412864,NCAA BIG SKY,4,519439276311531520,Elestial,11563
2026,1316899756005412864,NCAA BIG SKY,4,519439276311531520,Elestial,11599
2026,1316899756005412864,NCAA BIG SKY,4,519439276311531520,Elestial,11603
2026,1316899756005412864,NCAA BIG SKY,4,519439276311531520,Elestial,11621
2026,1316899756005412864,NCAA BIG SKY,4,519439276311531520,Elestial,11627
2026,1316899756005412864,NCAA BIG SKY,4,519439276311531520,Elestial,11647
2026,1316899756005412864,NCAA BIG SKY,4,519439276311531520,Elestial,11762
2026,1316899756005412864,NCAA BIG SKY,4,519439276311531520,Elestial,12472
2026,1316899756005412864,NCAA BIG SKY,4,519439276311531520,Elestial,12482
2026,1316899756005412864,NCAA BIG SKY,4,519439276311531520,Elestial,12485
2026,1316899756005412864,NCAA BIG SKY,4,519439276311531520,Elestial,12486
2026,1316899756005412864,NCAA BIG SKY,4,519439276311531520,Elestial,12497
2026,1316899756005412864,NCAA BIG SKY,4,519439276311531520,Elestial,12541
2026,1316899756005412864,NCAA BIG SKY,4,519439276311531520,Elestial,13272
2026,1316899756005412864,NCAA BIG SKY,4,519439276311531520,Elestial,13285
2026,1316899756005412864,NCAA BIG SKY,4,519439276311531520,Elestial,13303
2026,1316899756005412864,NCAA BIG SKY,4,519439276311531520,Elestial,13329
2026,1316899756005412864,NCAA BIG SKY,4,519439276311531520,Elestial,13346
2026,1316899756005412864,NCAA BIG SKY,4,519439276311531520,Elestial,13968
2026,1316899756005412864,NCAA BIG SKY,4,519439276311531520,Elestial,2747
2026,1316899756005412864,NCAA BIG SKY,4,519439276311531520,Elestial,3155
2026,1316899756005412864,NCAA BIG SKY,4,519439276311531520,Elestial,4177
2026,1316899756005412864,NCAA BIG SKY,4,519439276311531520,Elestial,5095
2026,1316899756005412864,NCAA BIG SKY,4,519439276311531520,Elestial,5854
2026,1316899756005412864,NCAA BIG SKY,4,519439276311531520,Elestial,5970
2026,1316899756005412864,NCAA BIG SKY,4,519439276311531520,Elestial,6011
2026,1316899756005412864,NCAA BIG SKY,4,519439276311531520,Elestial,6803
2026,1316899756005412864,NCAA BIG SKY,4,519439276311531520,Elestial,8117
2026,1316899756005412864,NCAA BIG SKY,4,519439276311531520,Elestial,8130
2026,1316899756005412864,NCAA BIG SKY,4,519439276311531520,Elestial,8132
2026,1316899756005412864,NCAA BIG SKY,4,519439276311531520,Elestial,8135
2026,1316899756005412864,NCAA BIG SKY,4,519439276311531520,Elestial,8148
2026,1316899756005412864,NCAA BIG SKY,4,519439276311531520,Elestial,8150
2026,1316899756005412864,NCAA BIG SKY,4,519439276311531520,Elestial,8151
2026,1316899756005412864,NCAA BIG SKY,4,519439276311531520,Elestial,8917
2026,1316899756005412864,NCAA BIG SKY,4,519439276311531520,Elestial,9230
2026,1316899756005412864,NCAA BIG SKY,4,519439276311531520,Elestial,9479
2026,1316899756005412864,NCAA BIG SKY,4,519439276311531520,Elestial,9501
2026,1316899756005412864,NCAA BIG SKY,4,519439276311531520,Elestial,96
2026,1316899756005412864,NCAA BIG SKY,4,519439276311531520,Elestial,CAR
2026,1316899756005412864,NCAA BIG SKY,4,519439276311531520,Elestial,NO
2026,1316899756005412864,NCAA BIG SKY,4,519439276311531520,Elestial,SF
2026,1316899756005412864,NCAA BIG SKY,5,465934519652839424,agrakush,10232
2026,1316899756005412864,NCAA BIG SKY,5,465934519652839424,agrakush,11256
2026,1316899756005412864,NCAA BIG SKY,5,465934519652839424,agrakush,11261
2026,1316899756005412864,NCAA BIG SKY,5,465934519652839424,agrakush,11586
2026,1316899756005412864,NCAA BIG SKY,5,465934519652839424,agrakush,11604
2026,1316899756005412864,NCAA BIG SKY,5,465934519652839424,agrakush,11620
2026,1316899756005412864,NCAA BIG SKY,5,465934519652839424,agrakush,11625
2026,1316899756005412864,NCAA BIG SKY,5,465934519652839424,agrakush,11635
2026,1316899756005412864,NCAA BIG SKY,5,465934519652839424,agrakush,11638
2026,1316899756005412864,NCAA BIG SKY,5,465934519652839424,agrakush,11651
2026,1316899756005412864,NCAA BIG SKY,5,465934519652839424,agrakush,11655
2026,1316899756005412864,NCAA BIG SKY,5,465934519652839424,agrakush,11834
2026,1316899756005412864,NCAA BIG SKY,5,465934519652839424,agrakush,12471
2026,1316899756005412864,NCAA BIG SKY,5,465934519652839424,agrakush,12474
2026,1316899756005412864,NCAA BIG SKY,5,465934519652839424,agrakush,12487
2026,1316899756005412864,NCAA BIG SKY,5,465934519652839424,agrakush,12489
2026,1316899756005412864,NCAA BIG SKY,5,465934519652839424,agrakush,12490
2026,1316899756005412864,NCAA BIG SKY,5,465934519652839424,agrakush,12492
2026,1316899756005412864,NCAA BIG SKY,5,465934519652839424,agrakush,12493
2026,1316899756005412864,NCAA BIG SKY,5,465934519652839424,agrakush,12504
2026,1316899756005412864,NCAA BIG SKY,5,465934519652839424,agrakush,12514
2026,1316899756005412864,NCAA BIG SKY,5,465934519652839424,agrakush,12527
2026,1316899756005412864,NCAA BIG SKY,5,465934519652839424,agrakush,12530
2026,1316899756005412864,NCAA BIG SKY,5,465934519652839424,agrakush,12536
2026,1316899756005412864,NCAA BIG SKY,5,465934519652839424,agrakush,12544
2026,1316899756005412864,NCAA BIG SKY,5,465934519652839424,agrakush,13287
2026,1316899756005412864,NCAA BIG SKY,5,465934519652839424,agrakush,13322
2026,1316899756005412864,NCAA BIG SKY,5,465934519652839424,agrakush,13324
2026,1316899756005412864,NCAA BIG SKY,5,465934519652839424,agrakush,13405
2026,1316899756005412864,NCAA BIG SKY,5,465934519652839424,agrakush,13408
2026,1316899756005412864,NCAA BIG SKY,5,465934519652839424,agrakush,13833
2026,1316899756005412864,NCAA BIG SKY,5,465934519652839424,agrakush,5119
2026,1316899756005412864,NCAA BIG SKY,5,465934519652839424,agrakush,6797
2026,1316899756005412864,NCAA BIG SKY,5,465934519652839424,agrakush,7571
2026,1316899756005412864,NCAA BIG SKY,5,465934519652839424,agrakush,8127
2026,1316899756005412864,NCAA BIG SKY,5,465934519652839424,agrakush,8142
2026,1316899756005412864,NCAA BIG SKY,5,465934519652839424,agrakush,8172
2026,1316899756005412864,NCAA BIG SKY,5,465934519652839424,agrakush,8183
2026,1316899756005412864,NCAA BIG SKY,5,465934519652839424,agrakush,8800
2026,1316899756005412864,NCAA BIG SKY,5,465934519652839424,agrakush,9481
2026,1316899756005412864,NCAA BIG SKY,5,465934519652839424,agrakush,9482
2026,1316899756005412864,NCAA BIG SKY,5,465934519652839424,agrakush,9487
2026,1316899756005412864,NCAA BIG SKY,5,465934519652839424,agrakush,ARI
2026,1316899756005412864,NCAA BIG SKY,5,465934519652839424,agrakush,TB
2026,1316899756005412864,NCAA BIG SKY,5,465934519652839424,agrakush,WAS
2026,1316899756005412864,NCAA BIG SKY,6,424793511431262208,Elwayluva7,10229
2026,1316899756005412864,NCAA BIG SKY,6,424793511431262208,Elwayluva7,10871
2026,1316899756005412864,NCAA BIG SKY,6,424793511431262208,Elwayluva7,10937
2026,1316899756005412864,NCAA BIG SKY,6,424793511431262208,Elwayluva7,11199
2026,1316899756005412864,NCAA BIG SKY,6,424793511431262208,Elwayluva7,11575
2026,1316899756005412864,NCAA BIG SKY,6,424793511431262208,Elwayluva7,11579
2026,1316899756005412864,NCAA BIG SKY,6,424793511431262208,Elwayluva7,11584
2026,1316899756005412864,NCAA BIG SKY,6,424793511431262208,Elwayluva7,11786
2026,1316899756005412864,NCAA BIG SKY,6,424793511431262208,Elwayluva7,12498
2026,1316899756005412864,NCAA BIG SKY,6,424793511431262208,Elwayluva7,12517
2026,1316899756005412864,NCAA BIG SKY,6,424793511431262208,Elwayluva7,12961
2026,1316899756005412864,NCAA BIG SKY,6,424793511431262208,Elwayluva7,13268
2026,1316899756005412864,NCAA BIG SKY,6,424793511431262208,Elwayluva7,13274
2026,1316899756005412864,NCAA BIG SKY,6,424793511431262208,Elwayluva7,13289
2026,1316899756005412864,NCAA BIG SKY,6,424793511431262208,Elwayluva7,13302
2026,1316899756005412864,NCAA BIG SKY,6,424793511431262208,Elwayluva7,13305
2026,1316899756005412864,NCAA BIG SKY,6,424793511431262208,Elwayluva7,13319
2026,1316899756005412864,NCAA BIG SKY,6,424793511431262208,Elwayluva7,13345
2026,1316899756005412864,NCAA BIG SKY,6,424793511431262208,Elwayluva7,13545
2026,1316899756005412864,NCAA BIG SKY,6,424793511431262208,Elwayluva7,3271
2026,1316899756005412864,NCAA BIG SKY,6,424793511431262208,Elwayluva7,3321
2026,1316899756005412864,NCAA BIG SKY,6,424793511431262208,Elwayluva7,4454
2026,1316899756005412864,NCAA BIG SKY,6,424793511431262208,Elwayluva7,4881
2026,1316899756005412864,NCAA BIG SKY,6,424793511431262208,Elwayluva7,5012
2026,1316899756005412864,NCAA BIG SKY,6,424793511431262208,Elwayluva7,5846
2026,1316899756005412864,NCAA BIG SKY,6,424793511431262208,Elwayluva7,5892
2026,1316899756005412864,NCAA BIG SKY,6,424793511431262208,Elwayluva7,6804
2026,1316899756005412864,NCAA BIG SKY,6,424793511431262208,Elwayluva7,7496
2026,1316899756005412864,NCAA BIG SKY,6,424793511431262208,Elwayluva7,7523
2026,1316899756005412864,NCAA BIG SKY,6,424793511431262208,Elwayluva7,7588
2026,1316899756005412864,NCAA BIG SKY,6,424793511431262208,Elwayluva7,7922
2026,1316899756005412864,NCAA BIG SKY,6,424793511431262208,Elwayluva7,8112
2026,1316899756005412864,NCAA BIG SKY,6,424793511431262208,Elwayluva7,8138
2026,1316899756005412864,NCAA BIG SKY,6,424793511431262208,Elwayluva7,9224
2026,1316899756005412864,NCAA BIG SKY,6,424793511431262208,Elwayluva7,9226
2026,1316899756005412864,NCAA BIG SKY,6,424793511431262208,Elwayluva7,9509
2026,1316899756005412864,NCAA BIG SKY,6,424793511431262208,Elwayluva7,9758
2026,1316899756005412864,NCAA BIG SKY,6,424793511431262208,Elwayluva7,ATL
2026,1316899756005412864,NCAA BIG SKY,6,424793511431262208,Elwayluva7,DEN
2026,1316899756005412864,NCAA BIG SKY,6,424793511431262208,Elwayluva7,LV
2026,1316899756005412864,NCAA BIG SKY,6,424793511431262208,Elwayluva7,PHI
2026,1316899756005412864,NCAA BIG SKY,7,78892531970359296,fballfreek80,10955
2026,1316899756005412864,NCAA BIG SKY,7,78892531970359296,fballfreek80,11562
2026,1316899756005412864,NCAA BIG SKY,7,78892531970359296,fballfreek80,11581
2026,1316899756005412864,NCAA BIG SKY,7,78892531970359296,fballfreek80,11597
2026,1316899756005412864,NCAA BIG SKY,7,78892531970359296,fballfreek80,11637
2026,1316899756005412864,NCAA BIG SKY,7,78892531970359296,fballfreek80,11650
2026,1316899756005412864,NCAA BIG SKY,7,78892531970359296,fballfreek80,11729
2026,1316899756005412864,NCAA BIG SKY,7,78892531970359296,fballfreek80,12500
2026,1316899756005412864,NCAA BIG SKY,7,78892531970359296,fballfreek80,12501
2026,1316899756005412864,NCAA BIG SKY,7,78892531970359296,fballfreek80,12510
2026,1316899756005412864,NCAA BIG SKY,7,78892531970359296,fballfreek80,12523
2026,1316899756005412864,NCAA BIG SKY,7,78892531970359296,fballfreek80,13264
2026,1316899756005412864,NCAA BIG SKY,7,78892531970359296,fballfreek80,13278
2026,1316899756005412864,NCAA BIG SKY,7,78892531970359296,fballfreek80,13288
2026,1316899756005412864,NCAA BIG SKY,7,78892531970359296,fballfreek80,13298
2026,1316899756005412864,NCAA BIG SKY,7,78892531970359296,fballfreek80,13423
2026,1316899756005412864,NCAA BIG SKY,7,78892531970359296,fballfreek80,2216
2026,1316899756005412864,NCAA BIG SKY,7,78892531970359296,fballfreek80,3257
2026,1316899756005412864,NCAA BIG SKY,7,78892531970359296,fballfreek80,4035
2026,1316899756005412864,NCAA BIG SKY,7,78892531970359296,fballfreek80,4144
2026,1316899756005412864,NCAA BIG SKY,7,78892531970359296,fballfreek80,4866
2026,1316899756005412864,NCAA BIG SKY,7,78892531970359296,fballfreek80,5133
2026,1316899756005412864,NCAA BIG SKY,7,78892531970359296,fballfreek80,5872
2026,1316899756005412864,NCAA BIG SKY,7,78892531970359296,fballfreek80,5927
2026,1316899756005412864,NCAA BIG SKY,7,78892531970359296,fballfreek80,5995
2026,1316899756005412864,NCAA BIG SKY,7,78892531970359296,fballfreek80,6650
2026,1316899756005412864,NCAA BIG SKY,7,78892531970359296,fballfreek80,6904
2026,1316899756005412864,NCAA BIG SKY,7,78892531970359296,fballfreek80,7567
2026,1316899756005412864,NCAA BIG SKY,7,78892531970359296,fballfreek80,8110
2026,1316899756005412864,NCAA BIG SKY,7,78892531970359296,fballfreek80,8121
2026,1316899756005412864,NCAA BIG SKY,7,78892531970359296,fballfreek80,8154
2026,1316899756005412864,NCAA BIG SKY,7,78892531970359296,fballfreek80,8210
2026,1316899756005412864,NCAA BIG SKY,7,78892531970359296,fballfreek80,827
2026,1316899756005412864,NCAA BIG SKY,7,78892531970359296,fballfreek80,8408
2026,1316899756005412864,NCAA BIG SKY,7,78892531970359296,fballfreek80,9486
2026,1316899756005412864,NCAA BIG SKY,7,78892531970359296,fballfreek80,9493
2026,1316899756005412864,NCAA BIG SKY,7,78892531970359296,fballfreek80,9502
2026,1316899756005412864,NCAA BIG SKY,7,78892531970359296,fballfreek80,9508
2026,1316899756005412864,NCAA BIG SKY,7,78892531970359296,fballfreek80,CLE
2026,1316899756005412864,NCAA BIG SKY,7,78892531970359296,fballfreek80,KC
2026,1316899756005412864,NCAA BIG SKY,7,78892531970359296,fballfreek80,TEN
2026,1316899756005412864,NCAA BIG SKY,8,437413803001376768,Vitus,11157
2026,1316899756005412864,NCAA BIG SKY,8,437413803001376768,Vitus,11237
2026,1316899756005412864,NCAA BIG SKY,8,437413803001376768,Vitus,11533
2026,1316899756005412864,NCAA BIG SKY,8,437413803001376768,Vitus,11557
2026,1316899756005412864,NCAA BIG SKY,8,437413803001376768,Vitus,11792
2026,1316899756005412864,NCAA BIG SKY,8,437413803001376768,Vitus,12455
2026,1316899756005412864,NCAA BIG SKY,8,437413803001376768,Vitus,12499
2026,1316899756005412864,NCAA BIG SKY,8,437413803001376768,Vitus,13315
2026,1316899756005412864,NCAA BIG SKY,8,437413803001376768,Vitus,13337
2026,1316899756005412864,NCAA BIG SKY,8,437413803001376768,Vitus,13392
2026,1316899756005412864,NCAA BIG SKY,8,437413803001376768,Vitus,13400
2026,1316899756005412864,NCAA BIG SKY,8,437413803001376768,Vitus,13402
2026,1316899756005412864,NCAA BIG SKY,8,437413803001376768,Vitus,13425
2026,1316899756005412864,NCAA BIG SKY,8,437413803001376768,Vitus,1466
2026,1316899756005412864,NCAA BIG SKY,8,437413803001376768,Vitus,2133
2026,1316899756005412864,NCAA BIG SKY,8,437413803001376768,Vitus,2449
2026,1316899756005412864,NCAA BIG SKY,8,437413803001376768,Vitus,4034
2026,1316899756005412864,NCAA BIG SKY,8,437413803001376768,Vitus,4046
2026,1316899756005412864,NCAA BIG SKY,8,437413803001376768,Vitus,4983
2026,1316899756005412864,NCAA BIG SKY,8,437413803001376768,Vitus,4984
2026,1316899756005412864,NCAA BIG SKY,8,437413803001376768,Vitus,5859
2026,1316899756005412864,NCAA BIG SKY,8,437413803001376768,Vitus,6783
2026,1316899756005412864,NCAA BIG SKY,8,437413803001376768,Vitus,6806
2026,1316899756005412864,NCAA BIG SKY,8,437413803001376768,Vitus,6813
2026,1316899756005412864,NCAA BIG SKY,8,437413803001376768,Vitus,6865
2026,1316899756005412864,NCAA BIG SKY,8,437413803001376768,Vitus,7049
2026,1316899756005412864,NCAA BIG SKY,8,437413803001376768,Vitus,7543
2026,1316899756005412864,NCAA BIG SKY,8,437413803001376768,Vitus,7553
2026,1316899756005412864,NCAA BIG SKY,8,437413803001376768,Vitus,7610
2026,1316899756005412864,NCAA BIG SKY,8,437413803001376768,Vitus,8131
2026,1316899756005412864,NCAA BIG SKY,8,437413803001376768,Vitus,8137
2026,1316899756005412864,NCAA BIG SKY,8,437413803001376768,Vitus,8144
2026,1316899756005412864,NCAA BIG SKY,8,437413803001376768,Vitus,8146
2026,1316899756005412864,NCAA BIG SKY,8,437413803001376768,Vitus,8155
2026,1316899756005412864,NCAA BIG SKY,8,437413803001376768,Vitus,8161
2026,1316899756005412864,NCAA BIG SKY,8,437413803001376768,Vitus,8167
2026,1316899756005412864,NCAA BIG SKY,8,437413803001376768,Vitus,8188
2026,1316899756005412864,NCAA BIG SKY,8,437413803001376768,Vitus,9484
2026,1316899756005412864,NCAA BIG SKY,8,437413803001376768,Vitus,9504
2026,1316899756005412864,NCAA BIG SKY,8,437413803001376768,Vitus,9757
2026,1316899756005412864,NCAA BIG SKY,8,437413803001376768,Vitus,CIN
2026,1316899756005412864,NCAA BIG SKY,8,437413803001376768,Vitus,GB
2026,1316899756005412864,NCAA BIG SKY,8,437413803001376768,Vitus,JAX
2026,1316899756005412864,NCAA BIG SKY,9,448641292377780224,Pinky7373,10222
2026,1316899756005412864,NCAA BIG SKY,9,448641292377780224,Pinky7373,11565
2026,1316899756005412864,NCAA BIG SKY,9,448641292377780224,Pinky7373,11576
2026,1316899756005412864,NCAA BIG SKY,9,448641292377780224,Pinky7373,11628
2026,1316899756005412864,NCAA BIG SKY,9,448641292377780224,Pinky7373,11633
2026,1316899756005412864,NCAA BIG SKY,9,448641292377780224,Pinky7373,1166
2026,1316899756005412864,NCAA BIG SKY,9,448641292377780224,Pinky7373,12469
2026,1316899756005412864,NCAA BIG SKY,9,448641292377780224,Pinky7373,12505
2026,1316899756005412864,NCAA BIG SKY,9,448641292377780224,Pinky7373,12524
2026,1316899756005412864,NCAA BIG SKY,9,448641292377780224,Pinky7373,13279
2026,1316899756005412864,NCAA BIG SKY,9,448641292377780224,Pinky7373,13300
2026,1316899756005412864,NCAA BIG SKY,9,448641292377780224,Pinky7373,13311
2026,1316899756005412864,NCAA BIG SKY,9,448641292377780224,Pinky7373,13317
2026,1316899756005412864,NCAA BIG SKY,9,448641292377780224,Pinky7373,1945
2026,1316899756005412864,NCAA BIG SKY,9,448641292377780224,Pinky7373,2078
2026,1316899756005412864,NCAA BIG SKY,9,448641292377780224,Pinky7373,2315
2026,1316899756005412864,NCAA BIG SKY,9,448641292377780224,Pinky7373,2331
2026,1316899756005412864,NCAA BIG SKY,9,448641292377780224,Pinky7373,2410
2026,1316899756005412864,NCAA BIG SKY,9,448641292377780224,Pinky7373,2431
2026,1316899756005412864,NCAA BIG SKY,9,448641292377780224,Pinky7373,2671
2026,1316899756005412864,NCAA BIG SKY,9,448641292377780224,Pinky7373,3202
2026,1316899756005412864,NCAA BIG SKY,9,448641292377780224,Pinky7373,3214
2026,1316899756005412864,NCAA BIG SKY,9,448641292377780224,Pinky7373,4033
2026,1316899756005412864,NCAA BIG SKY,9,448641292377780224,Pinky7373,4039
2026,1316899756005412864,NCAA BIG SKY,9,448641292377780224,Pinky7373,4098
2026,1316899756005412864,NCAA BIG SKY,9,448641292377780224,Pinky7373,4147
2026,1316899756005412864,NCAA BIG SKY,9,448641292377780224,Pinky7373,4171
2026,1316899756005412864,NCAA BIG SKY,9,448641292377780224,Pinky7373,4892
2026,1316899756005412864,NCAA BIG SKY,9,448641292377780224,Pinky7373,4943
2026,1316899756005412864,NCAA BIG SKY,9,448641292377780224,Pinky7373,4950
2026,1316899756005412864,NCAA BIG SKY,9,448641292377780224,Pinky7373,4988
2026,1316899756005412864,NCAA BIG SKY,9,448641292377780224,Pinky7373,5248
2026,1316899756005412864,NCAA BIG SKY,9,448641292377780224,Pinky7373,5850
2026,1316899756005412864,NCAA BIG SKY,9,448641292377780224,Pinky7373,650
2026,1316899756005412864,NCAA BIG SKY,9,448641292377780224,Pinky7373,6798
2026,1316899756005412864,NCAA BIG SKY,9,448641292377780224,Pinky7373,6845
2026,1316899756005412864,NCAA BIG SKY,9,448641292377780224,Pinky7373,7608
2026,1316899756005412864,NCAA BIG SKY,9,448641292377780224,Pinky7373,8143
2026,1316899756005412864,NCAA BIG SKY,9,448641292377780224,Pinky7373,8202
2026,1316899756005412864,NCAA BIG SKY,9,448641292377780224,Pinky7373,8258
2026,1316899756005412864,NCAA BIG SKY,9,448641292377780224,Pinky7373,9229
2026,1316899756005412864,NCAA BIG SKY,9,448641292377780224,Pinky7373,9490
2026,1316899756005412864,NCAA BIG SKY,9,448641292377780224,Pinky7373,LAR
2026,1316899756005412864,NCAA BIG SKY,9,448641292377780224,Pinky7373,MIA
2026,1316899756005412864,NCAA BIG SKY,9,448641292377780224,Pinky7373,NYG
2026,1316899756005412864,NCAA BIG SKY,10,334014945886748672,thejockytype,11510
2026,1316899756005412864,NCAA BIG SKY,10,334014945886748672,thejockytype,11559
2026,1316899756005412864,NCAA BIG SKY,10,334014945886748672,thejockytype,11600
2026,1316899756005412864,NCAA BIG SKY,10,334014945886748672,thejockytype,11626
2026,1316899756005412864,NCAA BIG SKY,10,334014945886748672,thejockytype,11646
2026,1316899756005412864,NCAA BIG SKY,10,334014945886748672,thejockytype,12495
2026,1316899756005412864,NCAA BIG SKY,10,334014945886748672,thejockytype,12502
2026,1316899756005412864,NCAA BIG SKY,10,334014945886748672,thejockytype,12539
2026,1316899756005412864,NCAA BIG SKY,10,334014945886748672,thejockytype,12545
2026,1316899756005412864,NCAA BIG SKY,10,334014945886748672,thejockytype,12711
2026,1316899756005412864,NCAA BIG SKY,10,334014945886748672,thejockytype,13294
2026,1316899756005412864,NCAA BIG SKY,10,334014945886748672,thejockytype,13330
2026,1316899756005412864,NCAA BIG SKY,10,334014945886748672,thejockytype,13338
2026,1316899756005412864,NCAA BIG SKY,10,334014945886748672,thejockytype,13348
2026,1316899756005412864,NCAA BIG SKY,10,334014945886748672,thejockytype,13349
2026,1316899756005412864,NCAA BIG SKY,10,334014945886748672,thejockytype,13353
2026,1316899756005412864,NCAA BIG SKY,10,334014945886748672,thejockytype,13380
2026,1316899756005412864,NCAA BIG SKY,10,334014945886748672,thejockytype,13412
2026,1316899756005412864,NCAA BIG SKY,10,334014945886748672,thejockytype,13413
2026,1316899756005412864,NCAA BIG SKY,10,334014945886748672,thejockytype,13421
2026,1316899756005412864,NCAA BIG SKY,10,334014945886748672,thejockytype,13957
2026,1316899756005412864,NCAA BIG SKY,10,334014945886748672,thejockytype,167
2026,1316899756005412864,NCAA BIG SKY,10,334014945886748672,thejockytype,6819
2026,1316899756005412864,NCAA BIG SKY,10,334014945886748672,thejockytype,7042
2026,1316899756005412864,NCAA BIG SKY,10,334014945886748672,thejockytype,7090
2026,1316899756005412864,NCAA BIG SKY,10,334014945886748672,thejockytype,7585
2026,1316899756005412864,NCAA BIG SKY,10,334014945886748672,thejockytype,7600
2026,1316899756005412864,NCAA BIG SKY,10,334014945886748672,thejockytype,7602
2026,1316899756005412864,NCAA BIG SKY,10,334014945886748672,thejockytype,8147
2026,1316899756005412864,NCAA BIG SKY,10,334014945886748672,thejockytype,LAC
2026,1316899756005412864,NCAA BIG SKY,10,334014945886748672,thejockytype,NYJ
2026,1316899756005412864,NCAA BIG SKY,11,604388962898866176,mgrant55,11299
2026,1316899756005412864,NCAA BIG SKY,11,604388962898866176,mgrant55,11560
2026,1316899756005412864,NCAA BIG SKY,11,604388962898866176,mgrant55,11564
2026,1316899756005412864,NCAA BIG SKY,11,604388962898866176,mgrant55,11571
2026,1316899756005412864,NCAA BIG SKY,11,604388962898866176,mgrant55,11577
2026,1316899756005412864,NCAA BIG SKY,11,604388962898866176,mgrant55,12185
2026,1316899756005412864,NCAA BIG SKY,11,604388962898866176,mgrant55,12519
2026,1316899756005412864,NCAA BIG SKY,11,604388962898866176,mgrant55,12521
2026,1316899756005412864,NCAA BIG SKY,11,604388962898866176,mgrant55,12522
2026,1316899756005412864,NCAA BIG SKY,11,604388962898866176,mgrant55,12531
2026,1316899756005412864,NCAA BIG SKY,11,604388962898866176,mgrant55,13275
2026,1316899756005412864,NCAA BIG SKY,11,604388962898866176,mgrant55,13281
2026,1316899756005412864,NCAA BIG SKY,11,604388962898866176,mgrant55,13320
2026,1316899756005412864,NCAA BIG SKY,11,604388962898866176,mgrant55,1352
2026,1316899756005412864,NCAA BIG SKY,11,604388962898866176,mgrant55,1433
2026,1316899756005412864,NCAA BIG SKY,11,604388962898866176,mgrant55,2197
2026,1316899756005412864,NCAA BIG SKY,11,604388962898866176,mgrant55,2306
2026,1316899756005412864,NCAA BIG SKY,11,604388962898866176,mgrant55,2505
2026,1316899756005412864,NCAA BIG SKY,11,604388962898866176,mgrant55,3286
2026,1316899756005412864,NCAA BIG SKY,11,604388962898866176,mgrant55,3294
2026,1316899756005412864,NCAA BIG SKY,11,604388962898866176,mgrant55,3451
2026,1316899756005412864,NCAA BIG SKY,11,604388962898866176,mgrant55,4040
2026,1316899756005412864,NCAA BIG SKY,11,604388962898866176,mgrant55,4663
2026,1316899756005412864,NCAA BIG SKY,11,604388962898866176,mgrant55,5001
2026,1316899756005412864,NCAA BIG SKY,11,604388962898866176,mgrant55,5022
2026,1316899756005412864,NCAA BIG SKY,11,604388962898866176,mgrant55,5938
2026,1316899756005412864,NCAA BIG SKY,11,604388962898866176,mgrant55,5967
2026,1316899756005412864,NCAA BIG SKY,11,604388962898866176,mgrant55,6271
2026,1316899756005412864,NCAA BIG SKY,11,604388962898866176,mgrant55,6828
2026,1316899756005412864,NCAA BIG SKY,11,604388962898866176,mgrant55,6920
2026,1316899756005412864,NCAA BIG SKY,11,604388962898866176,mgrant55,7535
2026,1316899756005412864,NCAA BIG SKY,11,604388962898866176,mgrant55,8119
2026,1316899756005412864,NCAA BIG SKY,11,604388962898866176,mgrant55,8134
2026,1316899756005412864,NCAA BIG SKY,11,604388962898866176,mgrant55,8180
2026,1316899756005412864,NCAA BIG SKY,11,604388962898866176,mgrant55,8207
2026,1316899756005412864,NCAA BIG SKY,11,604388962898866176,mgrant55,8208
2026,1316899756005412864,NCAA BIG SKY,11,604388962898866176,mgrant55,8676
2026,1316899756005412864,NCAA BIG SKY,11,604388962898866176,mgrant55,9480
2026,1316899756005412864,NCAA BIG SKY,11,604388962898866176,mgrant55,9999
2026,1316899756005412864,NCAA BIG SKY,11,604388962898866176,mgrant55,DAL
2026,1316899756005412864,NCAA BIG SKY,11,604388962898866176,mgrant55,DET
2026,1316899756005412864,NCAA BIG SKY,12,519767126595325952,mssullivan2022,11370
2026,1316899756005412864,NCAA BIG SKY,12,519767126595325952,mssullivan2022,11608
2026,1316899756005412864,NCAA BIG SKY,12,519767126595325952,mssullivan2022,11630
2026,1316899756005412864,NCAA BIG SKY,12,519767126595325952,mssullivan2022,12048
2026,1316899756005412864,NCAA BIG SKY,12,519767126595325952,mssullivan2022,12503
2026,1316899756005412864,NCAA BIG SKY,12,519767126595325952,mssullivan2022,12761
2026,1316899756005412864,NCAA BIG SKY,12,519767126595325952,mssullivan2022,13270
2026,1316899756005412864,NCAA BIG SKY,12,519767126595325952,mssullivan2022,13276
2026,1316899756005412864,NCAA BIG SKY,12,519767126595325952,mssullivan2022,13401
2026,1316899756005412864,NCAA BIG SKY,12,519767126595325952,mssullivan2022,1373
2026,1316899756005412864,NCAA BIG SKY,12,519767126595325952,mssullivan2022,2020
2026,1316899756005412864,NCAA BIG SKY,12,519767126595325952,mssullivan2022,3198
2026,1316899756005412864,NCAA BIG SKY,12,519767126595325952,mssullivan2022,3634
2026,1316899756005412864,NCAA BIG SKY,12,519767126595325952,mssullivan2022,3678
2026,1316899756005412864,NCAA BIG SKY,12,519767126595325952,mssullivan2022,4018
2026,1316899756005412864,NCAA BIG SKY,12,519767126595325952,mssullivan2022,4066
2026,1316899756005412864,NCAA BIG SKY,12,519767126595325952,mssullivan2022,421
2026,1316899756005412864,NCAA BIG SKY,12,519767126595325952,mssullivan2022,4217
2026,1316899756005412864,NCAA BIG SKY,12,519767126595325952,mssullivan2022,4234
2026,1316899756005412864,NCAA BIG SKY,12,519767126595325952,mssullivan2022,5086
2026,1316899756005412864,NCAA BIG SKY,12,519767126595325952,mssullivan2022,5906
2026,1316899756005412864,NCAA BIG SKY,12,519767126595325952,mssullivan2022,6039
2026,1316899756005412864,NCAA BIG SKY,12,519767126595325952,mssullivan2022,6083
2026,1316899756005412864,NCAA BIG SKY,12,519767126595325952,mssullivan2022,6768
2026,1316899756005412864,NCAA BIG SKY,12,519767126595325952,mssullivan2022,6786
2026,1316899756005412864,NCAA BIG SKY,12,519767126595325952,mssullivan2022,6794
2026,1316899756005412864,NCAA BIG SKY,12,519767126595325952,mssullivan2022,6801
2026,1316899756005412864,NCAA BIG SKY,12,519767126595325952,mssullivan2022,7002
2026,1316899756005412864,NCAA BIG SKY,12,519767126595325952,mssullivan2022,7021
2026,1316899756005412864,NCAA BIG SKY,12,519767126595325952,mssullivan2022,7538
2026,1316899756005412864,NCAA BIG SKY,12,519767126595325952,mssullivan2022,7562
2026,1316899756005412864,NCAA BIG SKY,12,519767126595325952,mssullivan2022,7564
2026,1316899756005412864,NCAA BIG SKY,12,519767126595325952,mssullivan2022,7587
2026,1316899756005412864,NCAA BIG SKY,12,519767126595325952,mssullivan2022,7591
2026,1316899756005412864,NCAA BIG SKY,12,519767126595325952,mssullivan2022,7611
2026,1316899756005412864,NCAA BIG SKY,12,519767126595325952,mssullivan2022,7839
2026,1316899756005412864,NCAA BIG SKY,12,519767126595325952,mssullivan2022,8136
2026,1316899756005412864,NCAA BIG SKY,12,519767126595325952,mssullivan2022,8160
2026,1316899756005412864,NCAA BIG SKY,12,519767126595325952,mssullivan2022,8259
2026,1316899756005412864,NCAA BIG SKY,12,519767126595325952,mssullivan2022,9225
2026,1316899756005412864,NCAA BIG SKY,12,519767126595325952,mssullivan2022,HOU
2026,1316899756005412864,NCAA BIG SKY,12,519767126595325952,mssullivan2022,SEA
2026,1331774630620332032,NCAA HISTORICALLY BLACK,1,471427194132885504,PhantomXX,10213
2026,1331774630620332032,NCAA HISTORICALLY BLACK,1,471427194132885504,PhantomXX,10232
2026,1331774630620332032,NCAA HISTORICALLY BLACK,1,471427194132885504,PhantomXX,11370
2026,1331774630620332032,NCAA HISTORICALLY BLACK,1,471427194132885504,PhantomXX,11559
2026,1331774630620332032,NCAA HISTORICALLY BLACK,1,471427194132885504,PhantomXX,11581
2026,1331774630620332032,NCAA HISTORICALLY BLACK,1,471427194132885504,PhantomXX,11624
2026,1331774630620332032,NCAA HISTORICALLY BLACK,1,471427194132885504,PhantomXX,11626
2026,1331774630620332032,NCAA HISTORICALLY BLACK,1,471427194132885504,PhantomXX,11632
2026,1331774630620332032,NCAA HISTORICALLY BLACK,1,471427194132885504,PhantomXX,11638
2026,1331774630620332032,NCAA HISTORICALLY BLACK,1,471427194132885504,PhantomXX,11646
2026,1331774630620332032,NCAA HISTORICALLY BLACK,1,471427194132885504,PhantomXX,12472
2026,1331774630620332032,NCAA HISTORICALLY BLACK,1,471427194132885504,PhantomXX,12490
2026,1331774630620332032,NCAA HISTORICALLY BLACK,1,471427194132885504,PhantomXX,12493
2026,1331774630620332032,NCAA HISTORICALLY BLACK,1,471427194132885504,PhantomXX,12509
2026,1331774630620332032,NCAA HISTORICALLY BLACK,1,471427194132885504,PhantomXX,12514
2026,1331774630620332032,NCAA HISTORICALLY BLACK,1,471427194132885504,PhantomXX,12535
2026,1331774630620332032,NCAA HISTORICALLY BLACK,1,471427194132885504,PhantomXX,12718
2026,1331774630620332032,NCAA HISTORICALLY BLACK,1,471427194132885504,PhantomXX,13274
2026,1331774630620332032,NCAA HISTORICALLY BLACK,1,471427194132885504,PhantomXX,13311
2026,1331774630620332032,NCAA HISTORICALLY BLACK,1,471427194132885504,PhantomXX,13353
2026,1331774630620332032,NCAA HISTORICALLY BLACK,1,471427194132885504,PhantomXX,13533
2026,1331774630620332032,NCAA HISTORICALLY BLACK,1,471427194132885504,PhantomXX,13545
2026,1331774630620332032,NCAA HISTORICALLY BLACK,1,471427194132885504,PhantomXX,13833
2026,1331774630620332032,NCAA HISTORICALLY BLACK,1,471427194132885504,PhantomXX,3214
2026,1331774630620332032,NCAA HISTORICALLY BLACK,1,471427194132885504,PhantomXX,3294
2026,1331774630620332032,NCAA HISTORICALLY BLACK,1,471427194132885504,PhantomXX,4033
2026,1331774630620332032,NCAA HISTORICALLY BLACK,1,471427194132885504,PhantomXX,4984
2026,1331774630620332032,NCAA HISTORICALLY BLACK,1,471427194132885504,PhantomXX,5967
2026,1331774630620332032,NCAA HISTORICALLY BLACK,1,471427194132885504,PhantomXX,6904
2026,1331774630620332032,NCAA HISTORICALLY BLACK,1,471427194132885504,PhantomXX,7021
2026,1331774630620332032,NCAA HISTORICALLY BLACK,1,471427194132885504,PhantomXX,7567
2026,1331774630620332032,NCAA HISTORICALLY BLACK,1,471427194132885504,PhantomXX,8137
2026,1331774630620332032,NCAA HISTORICALLY BLACK,1,471427194132885504,PhantomXX,8188
2026,1331774630620332032,NCAA HISTORICALLY BLACK,1,471427194132885504,PhantomXX,8228
2026,1331774630620332032,NCAA HISTORICALLY BLACK,1,471427194132885504,PhantomXX,8676
2026,1331774630620332032,NCAA HISTORICALLY BLACK,1,471427194132885504,PhantomXX,8800
2026,1331774630620332032,NCAA HISTORICALLY BLACK,1,471427194132885504,PhantomXX,9481
2026,1331774630620332032,NCAA HISTORICALLY BLACK,1,471427194132885504,PhantomXX,9509
2026,1331774630620332032,NCAA HISTORICALLY BLACK,1,471427194132885504,PhantomXX,9757
2026,1331774630620332032,NCAA HISTORICALLY BLACK,1,471427194132885504,PhantomXX,CIN
2026,1331774630620332032,NCAA HISTORICALLY BLACK,1,471427194132885504,PhantomXX,DET
2026,1331774630620332032,NCAA HISTORICALLY BLACK,1,471427194132885504,PhantomXX,KC
2026,1331774630620332032,NCAA HISTORICALLY BLACK,1,471427194132885504,PhantomXX,NYJ
2026,1331774630620332032,NCAA HISTORICALLY BLACK,1,471427194132885504,PhantomXX,PHI
2026,1331774630620332032,NCAA HISTORICALLY BLACK,2,1240179381624655872,B41Pakman,10220
2026,1331774630620332032,NCAA HISTORICALLY BLACK,2,1240179381624655872,B41Pakman,11199
2026,1331774630620332032,NCAA HISTORICALLY BLACK,2,1240179381624655872,B41Pakman,11583
2026,1331774630620332032,NCAA HISTORICALLY BLACK,2,1240179381624655872,B41Pakman,11618
2026,1331774630620332032,NCAA HISTORICALLY BLACK,2,1240179381624655872,B41Pakman,11627
2026,1331774630620332032,NCAA HISTORICALLY BLACK,2,1240179381624655872,B41Pakman,12048
2026,1331774630620332032,NCAA HISTORICALLY BLACK,2,1240179381624655872,B41Pakman,12185
2026,1331774630620332032,NCAA HISTORICALLY BLACK,2,1240179381624655872,B41Pakman,12467
2026,1331774630620332032,NCAA HISTORICALLY BLACK,2,1240179381624655872,B41Pakman,12470
2026,1331774630620332032,NCAA HISTORICALLY BLACK,2,1240179381624655872,B41Pakman,12471
2026,1331774630620332032,NCAA HISTORICALLY BLACK,2,1240179381624655872,B41Pakman,12482
2026,1331774630620332032,NCAA HISTORICALLY BLACK,2,1240179381624655872,B41Pakman,12503
2026,1331774630620332032,NCAA HISTORICALLY BLACK,2,1240179381624655872,B41Pakman,12504
2026,1331774630620332032,NCAA HISTORICALLY BLACK,2,1240179381624655872,B41Pakman,12541
2026,1331774630620332032,NCAA HISTORICALLY BLACK,2,1240179381624655872,B41Pakman,12543
2026,1331774630620332032,NCAA HISTORICALLY BLACK,2,1240179381624655872,B41Pakman,12547
2026,1331774630620332032,NCAA HISTORICALLY BLACK,2,1240179381624655872,B41Pakman,13264
2026,1331774630620332032,NCAA HISTORICALLY BLACK,2,1240179381624655872,B41Pakman,13287
2026,1331774630620332032,NCAA HISTORICALLY BLACK,2,1240179381624655872,B41Pakman,13296
2026,1331774630620332032,NCAA HISTORICALLY BLACK,2,1240179381624655872,B41Pakman,13306
2026,1331774630620332032,NCAA HISTORICALLY BLACK,2,1240179381624655872,B41Pakman,13317
2026,1331774630620332032,NCAA HISTORICALLY BLACK,2,1240179381624655872,B41Pakman,13324
2026,1331774630620332032,NCAA HISTORICALLY BLACK,2,1240179381624655872,B41Pakman,13329
2026,1331774630620332032,NCAA HISTORICALLY BLACK,2,1240179381624655872,B41Pakman,13413
2026,1331774630620332032,NCAA HISTORICALLY BLACK,2,1240179381624655872,B41Pakman,13417
2026,1331774630620332032,NCAA HISTORICALLY BLACK,2,1240179381624655872,B41Pakman,13421
2026,1331774630620332032,NCAA HISTORICALLY BLACK,2,1240179381624655872,B41Pakman,13423
2026,1331774630620332032,NCAA HISTORICALLY BLACK,2,1240179381624655872,B41Pakman,13602
2026,1331774630620332032,NCAA HISTORICALLY BLACK,2,1240179381624655872,B41Pakman,3163
2026,1331774630620332032,NCAA HISTORICALLY BLACK,2,1240179381624655872,B41Pakman,4199
2026,1331774630620332032,NCAA HISTORICALLY BLACK,2,1240179381624655872,B41Pakman,4866
2026,1331774630620332032,NCAA HISTORICALLY BLACK,2,1240179381624655872,B41Pakman,4983
2026,1331774630620332032,NCAA HISTORICALLY BLACK,2,1240179381624655872,B41Pakman,5001
2026,1331774630620332032,NCAA HISTORICALLY BLACK,2,1240179381624655872,B41Pakman,6083
2026,1331774630620332032,NCAA HISTORICALLY BLACK,2,1240179381624655872,B41Pakman,6149
2026,1331774630620332032,NCAA HISTORICALLY BLACK,2,1240179381624655872,B41Pakman,7090
2026,1331774630620332032,NCAA HISTORICALLY BLACK,2,1240179381624655872,B41Pakman,8161
2026,1331774630620332032,NCAA HISTORICALLY BLACK,2,1240179381624655872,B41Pakman,8172
2026,1331774630620332032,NCAA HISTORICALLY BLACK,2,1240179381624655872,B41Pakman,8917
2026,1331774630620332032,NCAA HISTORICALLY BLACK,2,1240179381624655872,B41Pakman,96
2026,1331774630620332032,NCAA HISTORICALLY BLACK,2,1240179381624655872,B41Pakman,9758
2026,1331774630620332032,NCAA HISTORICALLY BLACK,2,1240179381624655872,B41Pakman,LAR
2026,1331774630620332032,NCAA HISTORICALLY BLACK,2,1240179381624655872,B41Pakman,NYG
2026,1331774630620332032,NCAA HISTORICALLY BLACK,3,640052303377952768,lcummings,10236
2026,1331774630620332032,NCAA HISTORICALLY BLACK,3,640052303377952768,lcummings,10862
2026,1331774630620332032,NCAA HISTORICALLY BLACK,3,640052303377952768,lcummings,10863
2026,1331774630620332032,NCAA HISTORICALLY BLACK,3,640052303377952768,lcummings,11539
2026,1331774630620332032,NCAA HISTORICALLY BLACK,3,640052303377952768,lcummings,11617
2026,1331774630620332032,NCAA HISTORICALLY BLACK,3,640052303377952768,lcummings,11619
2026,1331774630620332032,NCAA HISTORICALLY BLACK,3,640052303377952768,lcummings,11629
2026,1331774630620332032,NCAA HISTORICALLY BLACK,3,640052303377952768,lcummings,11637
2026,1331774630620332032,NCAA HISTORICALLY BLACK,3,640052303377952768,lcummings,12469
2026,1331774630620332032,NCAA HISTORICALLY BLACK,3,640052303377952768,lcummings,12517
2026,1331774630620332032,NCAA HISTORICALLY BLACK,3,640052303377952768,lcummings,12526
2026,1331774630620332032,NCAA HISTORICALLY BLACK,3,640052303377952768,lcummings,12534
2026,1331774630620332032,NCAA HISTORICALLY BLACK,3,640052303377952768,lcummings,13268
2026,1331774630620332032,NCAA HISTORICALLY BLACK,3,640052303377952768,lcummings,13303
2026,1331774630620332032,NCAA HISTORICALLY BLACK,3,640052303377952768,lcummings,13330
2026,1331774630620332032,NCAA HISTORICALLY BLACK,3,640052303377952768,lcummings,13403
2026,1331774630620332032,NCAA HISTORICALLY BLACK,3,640052303377952768,lcummings,1433
2026,1331774630620332032,NCAA HISTORICALLY BLACK,3,640052303377952768,lcummings,1466
2026,1331774630620332032,NCAA HISTORICALLY BLACK,3,640052303377952768,lcummings,2028
2026,1331774630620332032,NCAA HISTORICALLY BLACK,3,640052303377952768,lcummings,4082
2026,1331774630620332032,NCAA HISTORICALLY BLACK,3,640052303377952768,lcummings,4137
2026,1331774630620332032,NCAA HISTORICALLY BLACK,3,640052303377952768,lcummings,4147
2026,1331774630620332032,NCAA HISTORICALLY BLACK,3,640052303377952768,lcummings,421
2026,1331774630620332032,NCAA HISTORICALLY BLACK,3,640052303377952768,lcummings,4993
2026,1331774630620332032,NCAA HISTORICALLY BLACK,3,640052303377952768,lcummings,5045
2026,1331774630620332032,NCAA HISTORICALLY BLACK,3,640052303377952768,lcummings,5848
2026,1331774630620332032,NCAA HISTORICALLY BLACK,3,640052303377952768,lcummings,5872
2026,1331774630620332032,NCAA HISTORICALLY BLACK,3,640052303377952768,lcummings,6012
2026,1331774630620332032,NCAA HISTORICALLY BLACK,3,640052303377952768,lcummings,6130
2026,1331774630620332032,NCAA HISTORICALLY BLACK,3,640052303377952768,lcummings,6271
2026,1331774630620332032,NCAA HISTORICALLY BLACK,3,640052303377952768,lcummings,6528
2026,1331774630620332032,NCAA HISTORICALLY BLACK,3,640052303377952768,lcummings,7537
2026,1331774630620332032,NCAA HISTORICALLY BLACK,3,640052303377952768,lcummings,7547
2026,1331774630620332032,NCAA HISTORICALLY BLACK,3,640052303377952768,lcummings,7569
2026,1331774630620332032,NCAA HISTORICALLY BLACK,3,640052303377952768,lcummings,7595
2026,1331774630620332032,NCAA HISTORICALLY BLACK,3,640052303377952768,lcummings,7607
2026,1331774630620332032,NCAA HISTORICALLY BLACK,3,640052303377952768,lcummings,8116
2026,1331774630620332032,NCAA HISTORICALLY BLACK,3,640052303377952768,lcummings,8135
2026,1331774630620332032,NCAA HISTORICALLY BLACK,3,640052303377952768,lcummings,8147
2026,1331774630620332032,NCAA HISTORICALLY BLACK,3,640052303377952768,lcummings,8151
2026,1331774630620332032,NCAA HISTORICALLY BLACK,3,640052303377952768,lcummings,9225
2026,1331774630620332032,NCAA HISTORICALLY BLACK,3,640052303377952768,lcummings,9508
2026,1331774630620332032,NCAA HISTORICALLY BLACK,3,640052303377952768,lcummings,BAL
2026,1331774630620332032,NCAA HISTORICALLY BLACK,3,640052303377952768,lcummings,CAR
2026,1331774630620332032,NCAA HISTORICALLY BLACK,3,640052303377952768,lcummings,PIT
2026,1331774630620332032,NCAA HISTORICALLY BLACK,4,471080793406435328,memphismaniac,10214
2026,1331774630620332032,NCAA HISTORICALLY BLACK,4,471080793406435328,memphismaniac,11157
2026,1331774630620332032,NCAA HISTORICALLY BLACK,4,471080793406435328,memphismaniac,11435
2026,1331774630620332032,NCAA HISTORICALLY BLACK,4,471080793406435328,memphismaniac,11439
2026,1331774630620332032,NCAA HISTORICALLY BLACK,4,471080793406435328,memphismaniac,11576
2026,1331774630620332032,NCAA HISTORICALLY BLACK,4,471080793406435328,memphismaniac,11577
2026,1331774630620332032,NCAA HISTORICALLY BLACK,4,471080793406435328,memphismaniac,11579
2026,1331774630620332032,NCAA HISTORICALLY BLACK,4,471080793406435328,memphismaniac,11603
2026,1331774630620332032,NCAA HISTORICALLY BLACK,4,471080793406435328,memphismaniac,11604
2026,1331774630620332032,NCAA HISTORICALLY BLACK,4,471080793406435328,memphismaniac,11625
2026,1331774630620332032,NCAA HISTORICALLY BLACK,4,471080793406435328,memphismaniac,11783
2026,1331774630620332032,NCAA HISTORICALLY BLACK,4,471080793406435328,memphismaniac,11895
2026,1331774630620332032,NCAA HISTORICALLY BLACK,4,471080793406435328,memphismaniac,12457
2026,1331774630620332032,NCAA HISTORICALLY BLACK,4,471080793406435328,memphismaniac,12489
2026,1331774630620332032,NCAA HISTORICALLY BLACK,4,471080793406435328,memphismaniac,12497
2026,1331774630620332032,NCAA HISTORICALLY BLACK,4,471080793406435328,memphismaniac,12505
2026,1331774630620332032,NCAA HISTORICALLY BLACK,4,471080793406435328,memphismaniac,12713
2026,1331774630620332032,NCAA HISTORICALLY BLACK,4,471080793406435328,memphismaniac,13286
2026,1331774630620332032,NCAA HISTORICALLY BLACK,4,471080793406435328,memphismaniac,13288
2026,1331774630620332032,NCAA HISTORICALLY BLACK,4,471080793406435328,memphismaniac,13315
2026,1331774630620332032,NCAA HISTORICALLY BLACK,4,471080793406435328,memphismaniac,13319
2026,1331774630620332032,NCAA HISTORICALLY BLACK,4,471080793406435328,memphismaniac,13380
2026,1331774630620332032,NCAA HISTORICALLY BLACK,4,471080793406435328,memphismaniac,13477
2026,1331774630620332032,NCAA HISTORICALLY BLACK,4,471080793406435328,memphismaniac,4034
2026,1331774630620332032,NCAA HISTORICALLY BLACK,4,471080793406435328,memphismaniac,4217
2026,1331774630620332032,NCAA HISTORICALLY BLACK,4,471080793406435328,memphismaniac,4219
2026,1331774630620332032,NCAA HISTORICALLY BLACK,4,471080793406435328,memphismaniac,4881
2026,1331774630620332032,NCAA HISTORICALLY BLACK,4,471080793406435328,memphismaniac,4943
2026,1331774630620332032,NCAA HISTORICALLY BLACK,4,471080793406435328,memphismaniac,4995
2026,1331774630620332032,NCAA HISTORICALLY BLACK,4,471080793406435328,memphismaniac,5870
2026,1331774630620332032,NCAA HISTORICALLY BLACK,4,471080793406435328,memphismaniac,5970
2026,1331774630620332032,NCAA HISTORICALLY BLACK,4,471080793406435328,memphismaniac,6154
2026,1331774630620332032,NCAA HISTORICALLY BLACK,4,471080793406435328,memphismaniac,6786
2026,1331774630620332032,NCAA HISTORICALLY BLACK,4,471080793406435328,memphismaniac,7528
2026,1331774630620332032,NCAA HISTORICALLY BLACK,4,471080793406435328,memphismaniac,7594
2026,1331774630620332032,NCAA HISTORICALLY BLACK,4,471080793406435328,memphismaniac,7694
2026,1331774630620332032,NCAA HISTORICALLY BLACK,4,471080793406435328,memphismaniac,8126
2026,1331774630620332032,NCAA HISTORICALLY BLACK,4,471080793406435328,memphismaniac,8167
2026,1331774630620332032,NCAA HISTORICALLY BLACK,4,471080793406435328,memphismaniac,8408
2026,1331774630620332032,NCAA HISTORICALLY BLACK,4,471080793406435328,memphismaniac,9484
2026,1331774630620332032,NCAA HISTORICALLY BLACK,4,471080793406435328,memphismaniac,9492
2026,1331774630620332032,NCAA HISTORICALLY BLACK,4,471080793406435328,memphismaniac,9494
2026,1331774630620332032,NCAA HISTORICALLY BLACK,4,471080793406435328,memphismaniac,9754
2026,1331774630620332032,NCAA HISTORICALLY BLACK,4,471080793406435328,memphismaniac,BUF
2026,1331774630620332032,NCAA HISTORICALLY BLACK,4,471080793406435328,memphismaniac,CLE
2026,1331774630620332032,NCAA HISTORICALLY BLACK,5,1072700435921838080,DaMagic436,10859
2026,1331774630620332032,NCAA HISTORICALLY BLACK,5,1072700435921838080,DaMagic436,11565
2026,1331774630620332032,NCAA HISTORICALLY BLACK,5,1072700435921838080,DaMagic436,11575
2026,1331774630620332032,NCAA HISTORICALLY BLACK,5,1072700435921838080,DaMagic436,11620
2026,1331774630620332032,NCAA HISTORICALLY BLACK,5,1072700435921838080,DaMagic436,1234
2026,1331774630620332032,NCAA HISTORICALLY BLACK,5,1072700435921838080,DaMagic436,12474
2026,1331774630620332032,NCAA HISTORICALLY BLACK,5,1072700435921838080,DaMagic436,12484
2026,1331774630620332032,NCAA HISTORICALLY BLACK,5,1072700435921838080,DaMagic436,12527
2026,1331774630620332032,NCAA HISTORICALLY BLACK,5,1072700435921838080,DaMagic436,13293
2026,1331774630620332032,NCAA HISTORICALLY BLACK,5,1072700435921838080,DaMagic436,13338
2026,1331774630620332032,NCAA HISTORICALLY BLACK,5,1072700435921838080,DaMagic436,13349
2026,1331774630620332032,NCAA HISTORICALLY BLACK,5,1072700435921838080,DaMagic436,13414
2026,1331774630620332032,NCAA HISTORICALLY BLACK,5,1072700435921838080,DaMagic436,1945
2026,1331774630620332032,NCAA HISTORICALLY BLACK,5,1072700435921838080,DaMagic436,3225
2026,1331774630620332032,NCAA HISTORICALLY BLACK,5,1072700435921838080,DaMagic436,4080
2026,1331774630620332032,NCAA HISTORICALLY BLACK,5,1072700435921838080,DaMagic436,4089
2026,1331774630620332032,NCAA HISTORICALLY BLACK,5,1072700435921838080,DaMagic436,4171
2026,1331774630620332032,NCAA HISTORICALLY BLACK,5,1072700435921838080,DaMagic436,4319
2026,1331774630620332032,NCAA HISTORICALLY BLACK,5,1072700435921838080,DaMagic436,4381
2026,1331774630620332032,NCAA HISTORICALLY BLACK,5,1072700435921838080,DaMagic436,4663
2026,1331774630620332032,NCAA HISTORICALLY BLACK,5,1072700435921838080,DaMagic436,5189
2026,1331774630620332032,NCAA HISTORICALLY BLACK,5,1072700435921838080,DaMagic436,5248
2026,1331774630620332032,NCAA HISTORICALLY BLACK,5,1072700435921838080,DaMagic436,5284
2026,1331774630620332032,NCAA HISTORICALLY BLACK,5,1072700435921838080,DaMagic436,650
2026,1331774630620332032,NCAA HISTORICALLY BLACK,5,1072700435921838080,DaMagic436,6768
2026,1331774630620332032,NCAA HISTORICALLY BLACK,5,1072700435921838080,DaMagic436,6819
2026,1331774630620332032,NCAA HISTORICALLY BLACK,5,1072700435921838080,DaMagic436,6826
2026,1331774630620332032,NCAA HISTORICALLY BLACK,5,1072700435921838080,DaMagic436,6828
2026,1331774630620332032,NCAA HISTORICALLY BLACK,5,1072700435921838080,DaMagic436,6849
2026,1331774630620332032,NCAA HISTORICALLY BLACK,5,1072700435921838080,DaMagic436,7042
2026,1331774630620332032,NCAA HISTORICALLY BLACK,5,1072700435921838080,DaMagic436,7523
2026,1331774630620332032,NCAA HISTORICALLY BLACK,5,1072700435921838080,DaMagic436,7527
2026,1331774630620332032,NCAA HISTORICALLY BLACK,5,1072700435921838080,DaMagic436,7543
2026,1331774630620332032,NCAA HISTORICALLY BLACK,5,1072700435921838080,DaMagic436,7553
2026,1331774630620332032,NCAA HISTORICALLY BLACK,5,1072700435921838080,DaMagic436,7561
2026,1331774630620332032,NCAA HISTORICALLY BLACK,5,1072700435921838080,DaMagic436,7601
2026,1331774630620332032,NCAA HISTORICALLY BLACK,5,1072700435921838080,DaMagic436,8119
2026,1331774630620332032,NCAA HISTORICALLY BLACK,5,1072700435921838080,DaMagic436,8123
2026,1331774630620332032,NCAA HISTORICALLY BLACK,5,1072700435921838080,DaMagic436,8130
2026,1331774630620332032,NCAA HISTORICALLY BLACK,5,1072700435921838080,DaMagic436,8140
2026,1331774630620332032,NCAA HISTORICALLY BLACK,5,1072700435921838080,DaMagic436,8144
2026,1331774630620332032,NCAA HISTORICALLY BLACK,5,1072700435921838080,DaMagic436,8155
2026,1331774630620332032,NCAA HISTORICALLY BLACK,5,1072700435921838080,DaMagic436,8168
2026,1331774630620332032,NCAA HISTORICALLY BLACK,5,1072700435921838080,DaMagic436,9502
2026,1331774630620332032,NCAA HISTORICALLY BLACK,5,1072700435921838080,DaMagic436,9997
2026,1331774630620332032,NCAA HISTORICALLY BLACK,5,1072700435921838080,DaMagic436,DEN
2026,1331774630620332032,NCAA HISTORICALLY BLACK,5,1072700435921838080,DaMagic436,LV
2026,1331774630620332032,NCAA HISTORICALLY BLACK,5,1072700435921838080,DaMagic436,WAS
2026,1331774630620332032,NCAA HISTORICALLY BLACK,6,692168840821411840,DeanFalcon,10218
2026,1331774630620332032,NCAA HISTORICALLY BLACK,6,692168840821411840,DeanFalcon,10219
2026,1331774630620332032,NCAA HISTORICALLY BLACK,6,692168840821411840,DeanFalcon,11371
2026,1331774630620332032,NCAA HISTORICALLY BLACK,6,692168840821411840,DeanFalcon,11566
2026,1331774630620332032,NCAA HISTORICALLY BLACK,6,692168840821411840,DeanFalcon,11592
2026,1331774630620332032,NCAA HISTORICALLY BLACK,6,692168840821411840,DeanFalcon,11628
2026,1331774630620332032,NCAA HISTORICALLY BLACK,6,692168840821411840,DeanFalcon,11834
2026,1331774630620332032,NCAA HISTORICALLY BLACK,6,692168840821411840,DeanFalcon,12491
2026,1331774630620332032,NCAA HISTORICALLY BLACK,6,692168840821411840,DeanFalcon,12522
2026,1331774630620332032,NCAA HISTORICALLY BLACK,6,692168840821411840,DeanFalcon,12530
2026,1331774630620332032,NCAA HISTORICALLY BLACK,6,692168840821411840,DeanFalcon,12531
2026,1331774630620332032,NCAA HISTORICALLY BLACK,6,692168840821411840,DeanFalcon,12536
2026,1331774630620332032,NCAA HISTORICALLY BLACK,6,692168840821411840,DeanFalcon,12540
2026,1331774630620332032,NCAA HISTORICALLY BLACK,6,692168840821411840,DeanFalcon,12545
2026,1331774630620332032,NCAA HISTORICALLY BLACK,6,692168840821411840,DeanFalcon,13294
2026,1331774630620332032,NCAA HISTORICALLY BLACK,6,692168840821411840,DeanFalcon,13305
2026,1331774630620332032,NCAA HISTORICALLY BLACK,6,692168840821411840,DeanFalcon,13320
2026,1331774630620332032,NCAA HISTORICALLY BLACK,6,692168840821411840,DeanFalcon,13402
2026,1331774630620332032,NCAA HISTORICALLY BLACK,6,692168840821411840,DeanFalcon,13434
2026,1331774630620332032,NCAA HISTORICALLY BLACK,6,692168840821411840,DeanFalcon,13726
2026,1331774630620332032,NCAA HISTORICALLY BLACK,6,692168840821411840,DeanFalcon,1379
2026,1331774630620332032,NCAA HISTORICALLY BLACK,6,692168840821411840,DeanFalcon,2505
2026,1331774630620332032,NCAA HISTORICALLY BLACK,6,692168840821411840,DeanFalcon,3198
2026,1331774630620332032,NCAA HISTORICALLY BLACK,6,692168840821411840,DeanFalcon,3269
2026,1331774630620332032,NCAA HISTORICALLY BLACK,6,692168840821411840,DeanFalcon,3271
2026,1331774630620332032,NCAA HISTORICALLY BLACK,6,692168840821411840,DeanFalcon,3286
2026,1331774630620332032,NCAA HISTORICALLY BLACK,6,692168840821411840,DeanFalcon,4039
2026,1331774630620332032,NCAA HISTORICALLY BLACK,6,692168840821411840,DeanFalcon,4177
2026,1331774630620332032,NCAA HISTORICALLY BLACK,6,692168840821411840,DeanFalcon,4950
2026,1331774630620332032,NCAA HISTORICALLY BLACK,6,692168840821411840,DeanFalcon,5995
2026,1331774630620332032,NCAA HISTORICALLY BLACK,6,692168840821411840,DeanFalcon,6039
2026,1331774630620332032,NCAA HISTORICALLY BLACK,6,692168840821411840,DeanFalcon,6650
2026,1331774630620332032,NCAA HISTORICALLY BLACK,6,692168840821411840,DeanFalcon,6801
2026,1331774630620332032,NCAA HISTORICALLY BLACK,6,692168840821411840,DeanFalcon,6865
2026,1331774630620332032,NCAA HISTORICALLY BLACK,6,692168840821411840,DeanFalcon,6869
2026,1331774630620332032,NCAA HISTORICALLY BLACK,6,692168840821411840,DeanFalcon,7002
2026,1331774630620332032,NCAA HISTORICALLY BLACK,6,692168840821411840,DeanFalcon,8127
2026,1331774630620332032,NCAA HISTORICALLY BLACK,6,692168840821411840,DeanFalcon,8148
2026,1331774630620332032,NCAA HISTORICALLY BLACK,6,692168840821411840,DeanFalcon,8180
2026,1331774630620332032,NCAA HISTORICALLY BLACK,6,692168840821411840,DeanFalcon,8259
2026,1331774630620332032,NCAA HISTORICALLY BLACK,6,692168840821411840,DeanFalcon,9228
2026,1331774630620332032,NCAA HISTORICALLY BLACK,6,692168840821411840,DeanFalcon,9487
2026,1331774630620332032,NCAA HISTORICALLY BLACK,6,692168840821411840,DeanFalcon,GB
2026,1331774630620332032,NCAA HISTORICALLY BLACK,6,692168840821411840,DeanFalcon,MIA
2026,1331774630620332032,NCAA HISTORICALLY BLACK,7,519728067978186752,StrikerS091,10223
2026,1331774630620332032,NCAA HISTORICALLY BLACK,7,519728067978186752,StrikerS091,10225
2026,1331774630620332032,NCAA HISTORICALLY BLACK,7,519728067978186752,StrikerS091,11560
2026,1331774630620332032,NCAA HISTORICALLY BLACK,7,519728067978186752,StrikerS091,11600
2026,1331774630620332032,NCAA HISTORICALLY BLACK,7,519728067978186752,StrikerS091,11630
2026,1331774630620332032,NCAA HISTORICALLY BLACK,7,519728067978186752,StrikerS091,11651
2026,1331774630620332032,NCAA HISTORICALLY BLACK,7,519728067978186752,StrikerS091,12521
2026,1331774630620332032,NCAA HISTORICALLY BLACK,7,519728067978186752,StrikerS091,12529
2026,1331774630620332032,NCAA HISTORICALLY BLACK,7,519728067978186752,StrikerS091,12711
2026,1331774630620332032,NCAA HISTORICALLY BLACK,7,519728067978186752,StrikerS091,13281
2026,1331774630620332032,NCAA HISTORICALLY BLACK,7,519728067978186752,StrikerS091,13289
2026,1331774630620332032,NCAA HISTORICALLY BLACK,7,519728067978186752,StrikerS091,13337
2026,1331774630620332032,NCAA HISTORICALLY BLACK,7,519728067978186752,StrikerS091,13401
2026,1331774630620332032,NCAA HISTORICALLY BLACK,7,519728067978186752,StrikerS091,2020
2026,1331774630620332032,NCAA HISTORICALLY BLACK,7,519728067978186752,StrikerS091,2216
2026,1331774630620332032,NCAA HISTORICALLY BLACK,7,519728067978186752,StrikerS091,4017
2026,1331774630620332032,NCAA HISTORICALLY BLACK,7,519728067978186752,StrikerS091,4018
2026,1331774630620332032,NCAA HISTORICALLY BLACK,7,519728067978186752,StrikerS091,4454
2026,1331774630620332032,NCAA HISTORICALLY BLACK,7,519728067978186752,StrikerS091,4981
2026,1331774630620332032,NCAA HISTORICALLY BLACK,7,519728067978186752,StrikerS091,5095
2026,1331774630620332032,NCAA HISTORICALLY BLACK,7,519728067978186752,StrikerS091,5110
2026,1331774630620332032,NCAA HISTORICALLY BLACK,7,519728067978186752,StrikerS091,5119
2026,1331774630620332032,NCAA HISTORICALLY BLACK,7,519728067978186752,StrikerS091,5857
2026,1331774630620332032,NCAA HISTORICALLY BLACK,7,519728067978186752,StrikerS091,5892
2026,1331774630620332032,NCAA HISTORICALLY BLACK,7,519728067978186752,StrikerS091,6001
2026,1331774630620332032,NCAA HISTORICALLY BLACK,7,519728067978186752,StrikerS091,6803
2026,1331774630620332032,NCAA HISTORICALLY BLACK,7,519728067978186752,StrikerS091,7571
2026,1331774630620332032,NCAA HISTORICALLY BLACK,7,519728067978186752,StrikerS091,7585
2026,1331774630620332032,NCAA HISTORICALLY BLACK,7,519728067978186752,StrikerS091,7599
2026,1331774630620332032,NCAA HISTORICALLY BLACK,7,519728067978186752,StrikerS091,7600
2026,1331774630620332032,NCAA HISTORICALLY BLACK,7,519728067978186752,StrikerS091,8131
2026,1331774630620332032,NCAA HISTORICALLY BLACK,7,519728067978186752,StrikerS091,8142
2026,1331774630620332032,NCAA HISTORICALLY BLACK,7,519728067978186752,StrikerS091,8145
2026,1331774630620332032,NCAA HISTORICALLY BLACK,7,519728067978186752,StrikerS091,8146
2026,1331774630620332032,NCAA HISTORICALLY BLACK,7,519728067978186752,StrikerS091,8225
2026,1331774630620332032,NCAA HISTORICALLY BLACK,7,519728067978186752,StrikerS091,8745
2026,1331774630620332032,NCAA HISTORICALLY BLACK,7,519728067978186752,StrikerS091,9221
2026,1331774630620332032,NCAA HISTORICALLY BLACK,7,519728067978186752,StrikerS091,9493
2026,1331774630620332032,NCAA HISTORICALLY BLACK,7,519728067978186752,StrikerS091,NO
2026,1331774630620332032,NCAA HISTORICALLY BLACK,7,519728067978186752,StrikerS091,TEN
2026,1331774630620332032,NCAA HISTORICALLY BLACK,8,467835045181124608,wblack2012,10222
2026,1331774630620332032,NCAA HISTORICALLY BLACK,8,467835045181124608,wblack2012,10871
2026,1331774630620332032,NCAA HISTORICALLY BLACK,8,467835045181124608,wblack2012,11562
2026,1331774630620332032,NCAA HISTORICALLY BLACK,8,467835045181124608,wblack2012,11615
2026,1331774630620332032,NCAA HISTORICALLY BLACK,8,467835045181124608,wblack2012,11635
2026,1331774630620332032,NCAA HISTORICALLY BLACK,8,467835045181124608,wblack2012,11647
2026,1331774630620332032,NCAA HISTORICALLY BLACK,8,467835045181124608,wblack2012,12476
2026,1331774630620332032,NCAA HISTORICALLY BLACK,8,467835045181124608,wblack2012,12483
2026,1331774630620332032,NCAA HISTORICALLY BLACK,8,467835045181124608,wblack2012,12510
2026,1331774630620332032,NCAA HISTORICALLY BLACK,8,467835045181124608,wblack2012,12518
2026,1331774630620332032,NCAA HISTORICALLY BLACK,8,467835045181124608,wblack2012,13269
2026,1331774630620332032,NCAA HISTORICALLY BLACK,8,467835045181124608,wblack2012,13285
2026,1331774630620332032,NCAA HISTORICALLY BLACK,8,467835045181124608,wblack2012,13322
2026,1331774630620332032,NCAA HISTORICALLY BLACK,8,467835045181124608,wblack2012,3451
2026,1331774630620332032,NCAA HISTORICALLY BLACK,8,467835045181124608,wblack2012,4144
2026,1331774630620332032,NCAA HISTORICALLY BLACK,8,467835045181124608,wblack2012,5849
2026,1331774630620332032,NCAA HISTORICALLY BLACK,8,467835045181124608,wblack2012,5850
2026,1331774630620332032,NCAA HISTORICALLY BLACK,8,467835045181124608,wblack2012,5906
2026,1331774630620332032,NCAA HISTORICALLY BLACK,8,467835045181124608,wblack2012,6804
2026,1331774630620332032,NCAA HISTORICALLY BLACK,8,467835045181124608,wblack2012,7525
2026,1331774630620332032,NCAA HISTORICALLY BLACK,8,467835045181124608,wblack2012,7526
2026,1331774630620332032,NCAA HISTORICALLY BLACK,8,467835045181124608,wblack2012,7564
2026,1331774630620332032,NCAA HISTORICALLY BLACK,8,467835045181124608,wblack2012,7596
2026,1331774630620332032,NCAA HISTORICALLY BLACK,8,467835045181124608,wblack2012,7610
2026,1331774630620332032,NCAA HISTORICALLY BLACK,8,467835045181124608,wblack2012,7828
2026,1331774630620332032,NCAA HISTORICALLY BLACK,8,467835045181124608,wblack2012,7839
2026,1331774630620332032,NCAA HISTORICALLY BLACK,8,467835045181124608,wblack2012,8110
2026,1331774630620332032,NCAA HISTORICALLY BLACK,8,467835045181124608,wblack2012,8112
2026,1331774630620332032,NCAA HISTORICALLY BLACK,8,467835045181124608,wblack2012,8117
2026,1331774630620332032,NCAA HISTORICALLY BLACK,8,467835045181124608,wblack2012,8121
2026,1331774630620332032,NCAA HISTORICALLY BLACK,8,467835045181124608,wblack2012,8129
2026,1331774630620332032,NCAA HISTORICALLY BLACK,8,467835045181124608,wblack2012,8138
2026,1331774630620332032,NCAA HISTORICALLY BLACK,8,467835045181124608,wblack2012,8205
2026,1331774630620332032,NCAA HISTORICALLY BLACK,8,467835045181124608,wblack2012,9226
2026,1331774630620332032,NCAA HISTORICALLY BLACK,8,467835045181124608,wblack2012,9479
2026,1331774630620332032,NCAA HISTORICALLY BLACK,8,467835045181124608,wblack2012,9495
2026,1331774630620332032,NCAA HISTORICALLY BLACK,8,467835045181124608,wblack2012,9501
2026,1331774630620332032,NCAA HISTORICALLY BLACK,8,467835045181124608,wblack2012,ATL
2026,1331774630620332032,NCAA HISTORICALLY BLACK,8,467835045181124608,wblack2012,CHI
2026,1331774630620332032,NCAA HISTORICALLY BLACK,8,467835045181124608,wblack2012,SEA
2026,1331774630620332032,NCAA HISTORICALLY BLACK,8,467835045181124608,wblack2012,SF
2026,1331774630620332032,NCAA HISTORICALLY BLACK,9,1260322259726249984,Pookieboom,10955
2026,1331774630620332032,NCAA HISTORICALLY BLACK,9,1260322259726249984,Pookieboom,11569
2026,1331774630620332032,NCAA HISTORICALLY BLACK,9,1260322259726249984,Pookieboom,11589
2026,1331774630620332032,NCAA HISTORICALLY BLACK,9,1260322259726249984,Pookieboom,11596
2026,1331774630620332032,NCAA HISTORICALLY BLACK,9,1260322259726249984,Pookieboom,11597
2026,1331774630620332032,NCAA HISTORICALLY BLACK,9,1260322259726249984,Pookieboom,11616
2026,1331774630620332032,NCAA HISTORICALLY BLACK,9,1260322259726249984,Pookieboom,11650
2026,1331774630620332032,NCAA HISTORICALLY BLACK,9,1260322259726249984,Pookieboom,11786
2026,1331774630620332032,NCAA HISTORICALLY BLACK,9,1260322259726249984,Pookieboom,12492
2026,1331774630620332032,NCAA HISTORICALLY BLACK,9,1260322259726249984,Pookieboom,12502
2026,1331774630620332032,NCAA HISTORICALLY BLACK,9,1260322259726249984,Pookieboom,12507
2026,1331774630620332032,NCAA HISTORICALLY BLACK,9,1260322259726249984,Pookieboom,12519
2026,1331774630620332032,NCAA HISTORICALLY BLACK,9,1260322259726249984,Pookieboom,13278
2026,1331774630620332032,NCAA HISTORICALLY BLACK,9,1260322259726249984,Pookieboom,13279
2026,1331774630620332032,NCAA HISTORICALLY BLACK,9,1260322259726249984,Pookieboom,13345
2026,1331774630620332032,NCAA HISTORICALLY BLACK,9,1260322259726249984,Pookieboom,13404
2026,1331774630620332032,NCAA HISTORICALLY BLACK,9,1260322259726249984,Pookieboom,2306
2026,1331774630620332032,NCAA HISTORICALLY BLACK,9,1260322259726249984,Pookieboom,3678
2026,1331774630620332032,NCAA HISTORICALLY BLACK,9,1260322259726249984,Pookieboom,4037
2026,1331774630620332032,NCAA HISTORICALLY BLACK,9,1260322259726249984,Pookieboom,5133
2026,1331774630620332032,NCAA HISTORICALLY BLACK,9,1260322259726249984,Pookieboom,6111
2026,1331774630620332032,NCAA HISTORICALLY BLACK,9,1260322259726249984,Pookieboom,6794
2026,1331774630620332032,NCAA HISTORICALLY BLACK,9,1260322259726249984,Pookieboom,6797
2026,1331774630620332032,NCAA HISTORICALLY BLACK,9,1260322259726249984,Pookieboom,6820
2026,1331774630620332032,NCAA HISTORICALLY BLACK,9,1260322259726249984,Pookieboom,7591
2026,1331774630620332032,NCAA HISTORICALLY BLACK,9,1260322259726249984,Pookieboom,7670
2026,1331774630620332032,NCAA HISTORICALLY BLACK,9,1260322259726249984,Pookieboom,8111
2026,1331774630620332032,NCAA HISTORICALLY BLACK,9,1260322259726249984,Pookieboom,8134
2026,1331774630620332032,NCAA HISTORICALLY BLACK,9,1260322259726249984,Pookieboom,8136
2026,1331774630620332032,NCAA HISTORICALLY BLACK,9,1260322259726249984,Pookieboom,8143
2026,1331774630620332032,NCAA HISTORICALLY BLACK,9,1260322259726249984,Pookieboom,8154
2026,1331774630620332032,NCAA HISTORICALLY BLACK,9,1260322259726249984,Pookieboom,8210
2026,1331774630620332032,NCAA HISTORICALLY BLACK,9,1260322259726249984,Pookieboom,9229
2026,1331774630620332032,NCAA HISTORICALLY BLACK,9,1260322259726249984,Pookieboom,9486
2026,1331774630620332032,NCAA HISTORICALLY BLACK,9,1260322259726249984,Pookieboom,9488
2026,1331774630620332032,NCAA HISTORICALLY BLACK,9,1260322259726249984,Pookieboom,9500
2026,1331774630620332032,NCAA HISTORICALLY BLACK,9,1260322259726249984,Pookieboom,9506
2026,1331774630620332032,NCAA HISTORICALLY BLACK,9,1260322259726249984,Pookieboom,9511
2026,1331774630620332032,NCAA HISTORICALLY BLACK,9,1260322259726249984,Pookieboom,ARI
2026,1331774630620332032,NCAA HISTORICALLY BLACK,9,1260322259726249984,Pookieboom,DAL
2026,1331774630620332032,NCAA HISTORICALLY BLACK,9,1260322259726249984,Pookieboom,MIN
2026,1331774630620332032,NCAA HISTORICALLY BLACK,10,694233255825719296,bb7661KING,1034
2026,1331774630620332032,NCAA HISTORICALLY BLACK,10,694233255825719296,bb7661KING,11586
2026,1331774630620332032,NCAA HISTORICALLY BLACK,10,694233255825719296,bb7661KING,11610
2026,1331774630620332032,NCAA HISTORICALLY BLACK,10,694233255825719296,bb7661KING,11643
2026,1331774630620332032,NCAA HISTORICALLY BLACK,10,694233255825719296,bb7661KING,1166
2026,1331774630620332032,NCAA HISTORICALLY BLACK,10,694233255825719296,bb7661KING,11792
2026,1331774630620332032,NCAA HISTORICALLY BLACK,10,694233255825719296,bb7661KING,12481
2026,1331774630620332032,NCAA HISTORICALLY BLACK,10,694233255825719296,bb7661KING,12487
2026,1331774630620332032,NCAA HISTORICALLY BLACK,10,694233255825719296,bb7661KING,12508
2026,1331774630620332032,NCAA HISTORICALLY BLACK,10,694233255825719296,bb7661KING,12523
2026,1331774630620332032,NCAA HISTORICALLY BLACK,10,694233255825719296,bb7661KING,13272
2026,1331774630620332032,NCAA HISTORICALLY BLACK,10,694233255825719296,bb7661KING,13276
2026,1331774630620332032,NCAA HISTORICALLY BLACK,10,694233255825719296,bb7661KING,13282
2026,1331774630620332032,NCAA HISTORICALLY BLACK,10,694233255825719296,bb7661KING,13405
2026,1331774630620332032,NCAA HISTORICALLY BLACK,10,694233255825719296,bb7661KING,1479
2026,1331774630620332032,NCAA HISTORICALLY BLACK,10,694233255825719296,bb7661KING,2449
2026,1331774630620332032,NCAA HISTORICALLY BLACK,10,694233255825719296,bb7661KING,3200
2026,1331774630620332032,NCAA HISTORICALLY BLACK,10,694233255825719296,bb7661KING,4035
2026,1331774630620332032,NCAA HISTORICALLY BLACK,10,694233255825719296,bb7661KING,4046
2026,1331774630620332032,NCAA HISTORICALLY BLACK,10,694233255825719296,bb7661KING,4464
2026,1331774630620332032,NCAA HISTORICALLY BLACK,10,694233255825719296,bb7661KING,5012
2026,1331774630620332032,NCAA HISTORICALLY BLACK,10,694233255825719296,bb7661KING,5046
2026,1331774630620332032,NCAA HISTORICALLY BLACK,10,694233255825719296,bb7661KING,5086
2026,1331774630620332032,NCAA HISTORICALLY BLACK,10,694233255825719296,bb7661KING,5347
2026,1331774630620332032,NCAA HISTORICALLY BLACK,10,694233255825719296,bb7661KING,5536
2026,1331774630620332032,NCAA HISTORICALLY BLACK,10,694233255825719296,bb7661KING,5844
2026,1331774630620332032,NCAA HISTORICALLY BLACK,10,694233255825719296,bb7661KING,5846
2026,1331774630620332032,NCAA HISTORICALLY BLACK,10,694233255825719296,bb7661KING,5947
2026,1331774630620332032,NCAA HISTORICALLY BLACK,10,694233255825719296,bb7661KING,6790
2026,1331774630620332032,NCAA HISTORICALLY BLACK,10,694233255825719296,bb7661KING,6918
2026,1331774630620332032,NCAA HISTORICALLY BLACK,10,694233255825719296,bb7661KING,6943
2026,1331774630620332032,NCAA HISTORICALLY BLACK,10,694233255825719296,bb7661KING,6988
2026,1331774630620332032,NCAA HISTORICALLY BLACK,10,694233255825719296,bb7661KING,7922
2026,1331774630620332032,NCAA HISTORICALLY BLACK,10,694233255825719296,bb7661KING,8125
2026,1331774630620332032,NCAA HISTORICALLY BLACK,10,694233255825719296,bb7661KING,8139
2026,1331774630620332032,NCAA HISTORICALLY BLACK,10,694233255825719296,bb7661KING,9224
2026,1331774630620332032,NCAA HISTORICALLY BLACK,10,694233255825719296,bb7661KING,9480
2026,1331774630620332032,NCAA HISTORICALLY BLACK,10,694233255825719296,bb7661KING,9504
2026,1331774630620332032,NCAA HISTORICALLY BLACK,10,694233255825719296,bb7661KING,9753
2026,1331774630620332032,NCAA HISTORICALLY BLACK,10,694233255825719296,bb7661KING,IND
2026,1331774630620332032,NCAA HISTORICALLY BLACK,10,694233255825719296,bb7661KING,NE
2026,1331774630620332032,NCAA HISTORICALLY BLACK,11,327614483000217600,Jerryb83,10229
2026,1331774630620332032,NCAA HISTORICALLY BLACK,11,327614483000217600,Jerryb83,11256
2026,1331774630620332032,NCAA HISTORICALLY BLACK,11,327614483000217600,Jerryb83,11261
2026,1331774630620332032,NCAA HISTORICALLY BLACK,11,327614483000217600,Jerryb83,11533
2026,1331774630620332032,NCAA HISTORICALLY BLACK,11,327614483000217600,Jerryb83,11564
2026,1331774630620332032,NCAA HISTORICALLY BLACK,11,327614483000217600,Jerryb83,11571
2026,1331774630620332032,NCAA HISTORICALLY BLACK,11,327614483000217600,Jerryb83,11608
2026,1331774630620332032,NCAA HISTORICALLY BLACK,11,327614483000217600,Jerryb83,11631
2026,1331774630620332032,NCAA HISTORICALLY BLACK,11,327614483000217600,Jerryb83,12015
2026,1331774630620332032,NCAA HISTORICALLY BLACK,11,327614483000217600,Jerryb83,12455
2026,1331774630620332032,NCAA HISTORICALLY BLACK,11,327614483000217600,Jerryb83,12495
2026,1331774630620332032,NCAA HISTORICALLY BLACK,11,327614483000217600,Jerryb83,12498
2026,1331774630620332032,NCAA HISTORICALLY BLACK,11,327614483000217600,Jerryb83,12501
2026,1331774630620332032,NCAA HISTORICALLY BLACK,11,327614483000217600,Jerryb83,12506
2026,1331774630620332032,NCAA HISTORICALLY BLACK,11,327614483000217600,Jerryb83,12533
2026,1331774630620332032,NCAA HISTORICALLY BLACK,11,327614483000217600,Jerryb83,12961
2026,1331774630620332032,NCAA HISTORICALLY BLACK,11,327614483000217600,Jerryb83,13270
2026,1331774630620332032,NCAA HISTORICALLY BLACK,11,327614483000217600,Jerryb83,13275
2026,1331774630620332032,NCAA HISTORICALLY BLACK,11,327614483000217600,Jerryb83,13298
2026,1331774630620332032,NCAA HISTORICALLY BLACK,11,327614483000217600,Jerryb83,13302
2026,1331774630620332032,NCAA HISTORICALLY BLACK,11,327614483000217600,Jerryb83,13347
2026,1331774630620332032,NCAA HISTORICALLY BLACK,11,327614483000217600,Jerryb83,13411
2026,1331774630620332032,NCAA HISTORICALLY BLACK,11,327614483000217600,Jerryb83,13420
2026,1331774630620332032,NCAA HISTORICALLY BLACK,11,327614483000217600,Jerryb83,13425
2026,1331774630620332032,NCAA HISTORICALLY BLACK,11,327614483000217600,Jerryb83,1373
2026,1331774630620332032,NCAA HISTORICALLY BLACK,11,327614483000217600,Jerryb83,13968
2026,1331774630620332032,NCAA HISTORICALLY BLACK,11,327614483000217600,Jerryb83,1737
2026,1331774630620332032,NCAA HISTORICALLY BLACK,11,327614483000217600,Jerryb83,2307
2026,1331774630620332032,NCAA HISTORICALLY BLACK,11,327614483000217600,Jerryb83,2747
2026,1331774630620332032,NCAA HISTORICALLY BLACK,11,327614483000217600,Jerryb83,3257
2026,1331774630620332032,NCAA HISTORICALLY BLACK,11,327614483000217600,Jerryb83,4066
2026,1331774630620332032,NCAA HISTORICALLY BLACK,11,327614483000217600,Jerryb83,4227
2026,1331774630620332032,NCAA HISTORICALLY BLACK,11,327614483000217600,Jerryb83,5854
2026,1331774630620332032,NCAA HISTORICALLY BLACK,11,327614483000217600,Jerryb83,5859
2026,1331774630620332032,NCAA HISTORICALLY BLACK,11,327614483000217600,Jerryb83,6770
2026,1331774630620332032,NCAA HISTORICALLY BLACK,11,327614483000217600,Jerryb83,6806
2026,1331774630620332032,NCAA HISTORICALLY BLACK,11,327614483000217600,Jerryb83,7049
2026,1331774630620332032,NCAA HISTORICALLY BLACK,11,327614483000217600,Jerryb83,7588
2026,1331774630620332032,NCAA HISTORICALLY BLACK,11,327614483000217600,Jerryb83,7611
2026,1331774630620332032,NCAA HISTORICALLY BLACK,11,327614483000217600,Jerryb83,8132
2026,1331774630620332032,NCAA HISTORICALLY BLACK,11,327614483000217600,Jerryb83,8183
2026,1331774630620332032,NCAA HISTORICALLY BLACK,11,327614483000217600,Jerryb83,8698
2026,1331774630620332032,NCAA HISTORICALLY BLACK,11,327614483000217600,Jerryb83,HOU
2026,1331774630620332032,NCAA HISTORICALLY BLACK,11,327614483000217600,Jerryb83,TB
2026,1331774630620332032,NCAA HISTORICALLY BLACK,12,520088376557371392,scoobydaeaglemahomes,10226
2026,1331774630620332032,NCAA HISTORICALLY BLACK,12,520088376557371392,scoobydaeaglemahomes,10867
2026,1331774630620332032,NCAA HISTORICALLY BLACK,12,520088376557371392,scoobydaeaglemahomes,11058
2026,1331774630620332032,NCAA HISTORICALLY BLACK,12,520088376557371392,scoobydaeaglemahomes,11563
2026,1331774630620332032,NCAA HISTORICALLY BLACK,12,520088376557371392,scoobydaeaglemahomes,11584
2026,1331774630620332032,NCAA HISTORICALLY BLACK,12,520088376557371392,scoobydaeaglemahomes,11595
2026,1331774630620332032,NCAA HISTORICALLY BLACK,12,520088376557371392,scoobydaeaglemahomes,11655
2026,1331774630620332032,NCAA HISTORICALLY BLACK,12,520088376557371392,scoobydaeaglemahomes,12499
2026,1331774630620332032,NCAA HISTORICALLY BLACK,12,520088376557371392,scoobydaeaglemahomes,12512
2026,1331774630620332032,NCAA HISTORICALLY BLACK,12,520088376557371392,scoobydaeaglemahomes,12524
2026,1331774630620332032,NCAA HISTORICALLY BLACK,12,520088376557371392,scoobydaeaglemahomes,13301
2026,1331774630620332032,NCAA HISTORICALLY BLACK,12,520088376557371392,scoobydaeaglemahomes,13346
2026,1331774630620332032,NCAA HISTORICALLY BLACK,12,520088376557371392,scoobydaeaglemahomes,13348
2026,1331774630620332032,NCAA HISTORICALLY BLACK,12,520088376557371392,scoobydaeaglemahomes,1339
2026,1331774630620332032,NCAA HISTORICALLY BLACK,12,520088376557371392,scoobydaeaglemahomes,13394
2026,1331774630620332032,NCAA HISTORICALLY BLACK,12,520088376557371392,scoobydaeaglemahomes,13400
2026,1331774630620332032,NCAA HISTORICALLY BLACK,12,520088376557371392,scoobydaeaglemahomes,13424
2026,1331774630620332032,NCAA HISTORICALLY BLACK,12,520088376557371392,scoobydaeaglemahomes,2078
2026,1331774630620332032,NCAA HISTORICALLY BLACK,12,520088376557371392,scoobydaeaglemahomes,2133
2026,1331774630620332032,NCAA HISTORICALLY BLACK,12,520088376557371392,scoobydaeaglemahomes,3321
2026,1331774630620332032,NCAA HISTORICALLY BLACK,12,520088376557371392,scoobydaeaglemahomes,3634
2026,1331774630620332032,NCAA HISTORICALLY BLACK,12,520088376557371392,scoobydaeaglemahomes,4195
2026,1331774630620332032,NCAA HISTORICALLY BLACK,12,520088376557371392,scoobydaeaglemahomes,4892
2026,1331774630620332032,NCAA HISTORICALLY BLACK,12,520088376557371392,scoobydaeaglemahomes,5022
2026,1331774630620332032,NCAA HISTORICALLY BLACK,12,520088376557371392,scoobydaeaglemahomes,5917
2026,1331774630620332032,NCAA HISTORICALLY BLACK,12,520088376557371392,scoobydaeaglemahomes,5927
2026,1331774630620332032,NCAA HISTORICALLY BLACK,12,520088376557371392,scoobydaeaglemahomes,5985
2026,1331774630620332032,NCAA HISTORICALLY BLACK,12,520088376557371392,scoobydaeaglemahomes,6151
2026,1331774630620332032,NCAA HISTORICALLY BLACK,12,520088376557371392,scoobydaeaglemahomes,6783
2026,1331774630620332032,NCAA HISTORICALLY BLACK,12,520088376557371392,scoobydaeaglemahomes,6813
2026,1331774630620332032,NCAA HISTORICALLY BLACK,12,520088376557371392,scoobydaeaglemahomes,7496
2026,1331774630620332032,NCAA HISTORICALLY BLACK,12,520088376557371392,scoobydaeaglemahomes,7538
2026,1331774630620332032,NCAA HISTORICALLY BLACK,12,520088376557371392,scoobydaeaglemahomes,7568
2026,1331774630620332032,NCAA HISTORICALLY BLACK,12,520088376557371392,scoobydaeaglemahomes,7608
2026,1331774630620332032,NCAA HISTORICALLY BLACK,12,520088376557371392,scoobydaeaglemahomes,8150
2026,1331774630620332032,NCAA HISTORICALLY BLACK,12,520088376557371392,scoobydaeaglemahomes,9482
2026,1331774630620332032,NCAA HISTORICALLY BLACK,12,520088376557371392,scoobydaeaglemahomes,9756
2026,1331774630620332032,NCAA HISTORICALLY BLACK,12,520088376557371392,scoobydaeaglemahomes,9999
2026,1331774630620332032,NCAA HISTORICALLY BLACK,12,520088376557371392,scoobydaeaglemahomes,JAX
2026,1331774630620332032,NCAA HISTORICALLY BLACK,12,520088376557371392,scoobydaeaglemahomes,LAC
2026,1331774741488369664,NCAA IVY,1,470912510262767616,FlynnD,10219
2026,1331774741488369664,NCAA IVY,1,470912510262767616,FlynnD,11533
2026,1331774741488369664,NCAA IVY,1,470912510262767616,FlynnD,11564
2026,1331774741488369664,NCAA IVY,1,470912510262767616,FlynnD,11569
2026,1331774741488369664,NCAA IVY,1,470912510262767616,FlynnD,11625
2026,1331774741488369664,NCAA IVY,1,470912510262767616,FlynnD,11630
2026,1331774741488369664,NCAA IVY,1,470912510262767616,FlynnD,11646
2026,1331774741488369664,NCAA IVY,1,470912510262767616,FlynnD,12490
2026,1331774741488369664,NCAA IVY,1,470912510262767616,FlynnD,12495
2026,1331774741488369664,NCAA IVY,1,470912510262767616,FlynnD,12509
2026,1331774741488369664,NCAA IVY,1,470912510262767616,FlynnD,12519
2026,1331774741488369664,NCAA IVY,1,470912510262767616,FlynnD,12526
2026,1331774741488369664,NCAA IVY,1,470912510262767616,FlynnD,12527
2026,1331774741488369664,NCAA IVY,1,470912510262767616,FlynnD,12530
2026,1331774741488369664,NCAA IVY,1,470912510262767616,FlynnD,12536
2026,1331774741488369664,NCAA IVY,1,470912510262767616,FlynnD,12543
2026,1331774741488369664,NCAA IVY,1,470912510262767616,FlynnD,12961
2026,1331774741488369664,NCAA IVY,1,470912510262767616,FlynnD,13268
2026,1331774741488369664,NCAA IVY,1,470912510262767616,FlynnD,13274
2026,1331774741488369664,NCAA IVY,1,470912510262767616,FlynnD,13287
2026,1331774741488369664,NCAA IVY,1,470912510262767616,FlynnD,13337
2026,1331774741488369664,NCAA IVY,1,470912510262767616,FlynnD,13400
2026,1331774741488369664,NCAA IVY,1,470912510262767616,FlynnD,4892
2026,1331774741488369664,NCAA IVY,1,470912510262767616,FlynnD,6130
2026,1331774741488369664,NCAA IVY,1,470912510262767616,FlynnD,650
2026,1331774741488369664,NCAA IVY,1,470912510262767616,FlynnD,6768
2026,1331774741488369664,NCAA IVY,1,470912510262767616,FlynnD,7571
2026,1331774741488369664,NCAA IVY,1,470912510262767616,FlynnD,7694
2026,1331774741488369664,NCAA IVY,1,470912510262767616,FlynnD,8121
2026,1331774741488369664,NCAA IVY,1,470912510262767616,FlynnD,8131
2026,1331774741488369664,NCAA IVY,1,470912510262767616,FlynnD,8183
2026,1331774741488369664,NCAA IVY,1,470912510262767616,FlynnD,8698
2026,1331774741488369664,NCAA IVY,1,470912510262767616,FlynnD,9221
2026,1331774741488369664,NCAA IVY,1,470912510262767616,FlynnD,9482
2026,1331774741488369664,NCAA IVY,1,470912510262767616,FlynnD,9487
2026,1331774741488369664,NCAA IVY,1,470912510262767616,FlynnD,96
2026,1331774741488369664,NCAA IVY,1,470912510262767616,FlynnD,9997
2026,1331774741488369664,NCAA IVY,1,470912510262767616,FlynnD,DEN
2026,1331774741488369664,NCAA IVY,1,470912510262767616,FlynnD,NO
2026,1331774741488369664,NCAA IVY,2,730628287012921344,KennethNZ,11157
2026,1331774741488369664,NCAA IVY,2,730628287012921344,KennethNZ,11370
2026,1331774741488369664,NCAA IVY,2,730628287012921344,KennethNZ,11435
2026,1331774741488369664,NCAA IVY,2,730628287012921344,KennethNZ,11566
2026,1331774741488369664,NCAA IVY,2,730628287012921344,KennethNZ,11581
2026,1331774741488369664,NCAA IVY,2,730628287012921344,KennethNZ,11604
2026,1331774741488369664,NCAA IVY,2,730628287012921344,KennethNZ,11616
2026,1331774741488369664,NCAA IVY,2,730628287012921344,KennethNZ,11729
2026,1331774741488369664,NCAA IVY,2,730628287012921344,KennethNZ,12048
2026,1331774741488369664,NCAA IVY,2,730628287012921344,KennethNZ,12185
2026,1331774741488369664,NCAA IVY,2,730628287012921344,KennethNZ,12457
2026,1331774741488369664,NCAA IVY,2,730628287012921344,KennethNZ,12472
2026,1331774741488369664,NCAA IVY,2,730628287012921344,KennethNZ,12641
2026,1331774741488369664,NCAA IVY,2,730628287012921344,KennethNZ,13270
2026,1331774741488369664,NCAA IVY,2,730628287012921344,KennethNZ,13286
2026,1331774741488369664,NCAA IVY,2,730628287012921344,KennethNZ,13306
2026,1331774741488369664,NCAA IVY,2,730628287012921344,KennethNZ,13338
2026,1331774741488369664,NCAA IVY,2,730628287012921344,KennethNZ,13349
2026,1331774741488369664,NCAA IVY,2,730628287012921344,KennethNZ,13394
2026,1331774741488369664,NCAA IVY,2,730628287012921344,KennethNZ,13411
2026,1331774741488369664,NCAA IVY,2,730628287012921344,KennethNZ,13413
2026,1331774741488369664,NCAA IVY,2,730628287012921344,KennethNZ,13420
2026,1331774741488369664,NCAA IVY,2,730628287012921344,KennethNZ,13424
2026,1331774741488369664,NCAA IVY,2,730628287012921344,KennethNZ,13533
2026,1331774741488369664,NCAA IVY,2,730628287012921344,KennethNZ,2505
2026,1331774741488369664,NCAA IVY,2,730628287012921344,KennethNZ,3321
2026,1331774741488369664,NCAA IVY,2,730628287012921344,KennethNZ,4037
2026,1331774741488369664,NCAA IVY,2,730628287012921344,KennethNZ,4195
2026,1331774741488369664,NCAA IVY,2,730628287012921344,KennethNZ,421
2026,1331774741488369664,NCAA IVY,2,730628287012921344,KennethNZ,4663
2026,1331774741488369664,NCAA IVY,2,730628287012921344,KennethNZ,5927
2026,1331774741488369664,NCAA IVY,2,730628287012921344,KennethNZ,6650
2026,1331774741488369664,NCAA IVY,2,730628287012921344,KennethNZ,6828
2026,1331774741488369664,NCAA IVY,2,730628287012921344,KennethNZ,8137
2026,1331774741488369664,NCAA IVY,2,730628287012921344,KennethNZ,8142
2026,1331774741488369664,NCAA IVY,2,730628287012921344,KennethNZ,8207
2026,1331774741488369664,NCAA IVY,2,730628287012921344,KennethNZ,8408
2026,1331774741488369664,NCAA IVY,2,730628287012921344,KennethNZ,9228
2026,1331774741488369664,NCAA IVY,2,730628287012921344,KennethNZ,9479
2026,1331774741488369664,NCAA IVY,2,730628287012921344,KennethNZ,9486
2026,1331774741488369664,NCAA IVY,2,730628287012921344,KennethNZ,9756
2026,1331774741488369664,NCAA IVY,2,730628287012921344,KennethNZ,CIN
2026,1331774741488369664,NCAA IVY,2,730628287012921344,KennethNZ,DET
2026,1331774741488369664,NCAA IVY,2,730628287012921344,KennethNZ,NE
2026,1331774741488369664,NCAA IVY,2,730628287012921344,KennethNZ,SF
2026,1331774741488369664,NCAA IVY,3,480124073456693248,Jrodr71,10225
2026,1331774741488369664,NCAA IVY,3,480124073456693248,Jrodr71,10867
2026,1331774741488369664,NCAA IVY,3,480124073456693248,Jrodr71,11577
2026,1331774741488369664,NCAA IVY,3,480124073456693248,Jrodr71,11583
2026,1331774741488369664,NCAA IVY,3,480124073456693248,Jrodr71,11597
2026,1331774741488369664,NCAA IVY,3,480124073456693248,Jrodr71,11620
2026,1331774741488369664,NCAA IVY,3,480124073456693248,Jrodr71,11627
2026,1331774741488369664,NCAA IVY,3,480124073456693248,Jrodr71,1166
2026,1331774741488369664,NCAA IVY,3,480124073456693248,Jrodr71,12481
2026,1331774741488369664,NCAA IVY,3,480124073456693248,Jrodr71,12482
2026,1331774741488369664,NCAA IVY,3,480124073456693248,Jrodr71,12507
2026,1331774741488369664,NCAA IVY,3,480124073456693248,Jrodr71,12508
2026,1331774741488369664,NCAA IVY,3,480124073456693248,Jrodr71,12517
2026,1331774741488369664,NCAA IVY,3,480124073456693248,Jrodr71,13275
2026,1331774741488369664,NCAA IVY,3,480124073456693248,Jrodr71,13294
2026,1331774741488369664,NCAA IVY,3,480124073456693248,Jrodr71,13302
2026,1331774741488369664,NCAA IVY,3,480124073456693248,Jrodr71,13401
2026,1331774741488369664,NCAA IVY,3,480124073456693248,Jrodr71,13968
2026,1331774741488369664,NCAA IVY,3,480124073456693248,Jrodr71,1737
2026,1331774741488369664,NCAA IVY,3,480124073456693248,Jrodr71,2197
2026,1331774741488369664,NCAA IVY,3,480124073456693248,Jrodr71,2374
2026,1331774741488369664,NCAA IVY,3,480124073456693248,Jrodr71,3286
2026,1331774741488369664,NCAA IVY,3,480124073456693248,Jrodr71,4098
2026,1331774741488369664,NCAA IVY,3,480124073456693248,Jrodr71,4137
2026,1331774741488369664,NCAA IVY,3,480124073456693248,Jrodr71,4602
2026,1331774741488369664,NCAA IVY,3,480124073456693248,Jrodr71,5230
2026,1331774741488369664,NCAA IVY,3,480124073456693248,Jrodr71,5854
2026,1331774741488369664,NCAA IVY,3,480124073456693248,Jrodr71,5947
2026,1331774741488369664,NCAA IVY,3,480124073456693248,Jrodr71,6083
2026,1331774741488369664,NCAA IVY,3,480124073456693248,Jrodr71,6801
2026,1331774741488369664,NCAA IVY,3,480124073456693248,Jrodr71,6819
2026,1331774741488369664,NCAA IVY,3,480124073456693248,Jrodr71,7523
2026,1331774741488369664,NCAA IVY,3,480124073456693248,Jrodr71,7601
2026,1331774741488369664,NCAA IVY,3,480124073456693248,Jrodr71,8119
2026,1331774741488369664,NCAA IVY,3,480124073456693248,Jrodr71,8123
2026,1331774741488369664,NCAA IVY,3,480124073456693248,Jrodr71,8145
2026,1331774741488369664,NCAA IVY,3,480124073456693248,Jrodr71,8150
2026,1331774741488369664,NCAA IVY,3,480124073456693248,Jrodr71,829
2026,1331774741488369664,NCAA IVY,3,480124073456693248,Jrodr71,9492
2026,1331774741488369664,NCAA IVY,3,480124073456693248,Jrodr71,9505
2026,1331774741488369664,NCAA IVY,3,480124073456693248,Jrodr71,HOU
2026,1331774741488369664,NCAA IVY,3,480124073456693248,Jrodr71,MIA
2026,1331774741488369664,NCAA IVY,3,480124073456693248,Jrodr71,TB
2026,1331774741488369664,NCAA IVY,4,570803989783429120,alecgagnon2001,10213
2026,1331774741488369664,NCAA IVY,4,570803989783429120,alecgagnon2001,10226
2026,1331774741488369664,NCAA IVY,4,570803989783429120,alecgagnon2001,10236
2026,1331774741488369664,NCAA IVY,4,570803989783429120,alecgagnon2001,11058
2026,1331774741488369664,NCAA IVY,4,570803989783429120,alecgagnon2001,11559
2026,1331774741488369664,NCAA IVY,4,570803989783429120,alecgagnon2001,11589
2026,1331774741488369664,NCAA IVY,4,570803989783429120,alecgagnon2001,11592
2026,1331774741488369664,NCAA IVY,4,570803989783429120,alecgagnon2001,11628
2026,1331774741488369664,NCAA IVY,4,570803989783429120,alecgagnon2001,12467
2026,1331774741488369664,NCAA IVY,4,570803989783429120,alecgagnon2001,12484
2026,1331774741488369664,NCAA IVY,4,570803989783429120,alecgagnon2001,12522
2026,1331774741488369664,NCAA IVY,4,570803989783429120,alecgagnon2001,12524
2026,1331774741488369664,NCAA IVY,4,570803989783429120,alecgagnon2001,12529
2026,1331774741488369664,NCAA IVY,4,570803989783429120,alecgagnon2001,12531
2026,1331774741488369664,NCAA IVY,4,570803989783429120,alecgagnon2001,12713
2026,1331774741488369664,NCAA IVY,4,570803989783429120,alecgagnon2001,13282
2026,1331774741488369664,NCAA IVY,4,570803989783429120,alecgagnon2001,13301
2026,1331774741488369664,NCAA IVY,4,570803989783429120,alecgagnon2001,13303
2026,1331774741488369664,NCAA IVY,4,570803989783429120,alecgagnon2001,13346
2026,1331774741488369664,NCAA IVY,4,570803989783429120,alecgagnon2001,5870
2026,1331774741488369664,NCAA IVY,4,570803989783429120,alecgagnon2001,5995
2026,1331774741488369664,NCAA IVY,4,570803989783429120,alecgagnon2001,6039
2026,1331774741488369664,NCAA IVY,4,570803989783429120,alecgagnon2001,6528
2026,1331774741488369664,NCAA IVY,4,570803989783429120,alecgagnon2001,7526
2026,1331774741488369664,NCAA IVY,4,570803989783429120,alecgagnon2001,7538
2026,1331774741488369664,NCAA IVY,4,570803989783429120,alecgagnon2001,7565
2026,1331774741488369664,NCAA IVY,4,570803989783429120,alecgagnon2001,7607
2026,1331774741488369664,NCAA IVY,4,570803989783429120,alecgagnon2001,7922
2026,1331774741488369664,NCAA IVY,4,570803989783429120,alecgagnon2001,8110
2026,1331774741488369664,NCAA IVY,4,570803989783429120,alecgagnon2001,8117
2026,1331774741488369664,NCAA IVY,4,570803989783429120,alecgagnon2001,8126
2026,1331774741488369664,NCAA IVY,4,570803989783429120,alecgagnon2001,8130
2026,1331774741488369664,NCAA IVY,4,570803989783429120,alecgagnon2001,8135
2026,1331774741488369664,NCAA IVY,4,570803989783429120,alecgagnon2001,8155
2026,1331774741488369664,NCAA IVY,4,570803989783429120,alecgagnon2001,8167
2026,1331774741488369664,NCAA IVY,4,570803989783429120,alecgagnon2001,8172
2026,1331774741488369664,NCAA IVY,4,570803989783429120,alecgagnon2001,8188
2026,1331774741488369664,NCAA IVY,4,570803989783429120,alecgagnon2001,9229
2026,1331774741488369664,NCAA IVY,4,570803989783429120,alecgagnon2001,9481
2026,1331774741488369664,NCAA IVY,4,570803989783429120,alecgagnon2001,9501
2026,1331774741488369664,NCAA IVY,4,570803989783429120,alecgagnon2001,9509
2026,1331774741488369664,NCAA IVY,4,570803989783429120,alecgagnon2001,IND
2026,1331774741488369664,NCAA IVY,4,570803989783429120,alecgagnon2001,NYG
2026,1331774741488369664,NCAA IVY,5,395321276102627328,ccassidy,10231
2026,1331774741488369664,NCAA IVY,5,395321276102627328,ccassidy,10859
2026,1331774741488369664,NCAA IVY,5,395321276102627328,ccassidy,11576
2026,1331774741488369664,NCAA IVY,5,395321276102627328,ccassidy,11579
2026,1331774741488369664,NCAA IVY,5,395321276102627328,ccassidy,11631
2026,1331774741488369664,NCAA IVY,5,395321276102627328,ccassidy,11632
2026,1331774741488369664,NCAA IVY,5,395321276102627328,ccassidy,11636
2026,1331774741488369664,NCAA IVY,5,395321276102627328,ccassidy,12483
2026,1331774741488369664,NCAA IVY,5,395321276102627328,ccassidy,12485
2026,1331774741488369664,NCAA IVY,5,395321276102627328,ccassidy,12493
2026,1331774741488369664,NCAA IVY,5,395321276102627328,ccassidy,12510
2026,1331774741488369664,NCAA IVY,5,395321276102627328,ccassidy,12512
2026,1331774741488369664,NCAA IVY,5,395321276102627328,ccassidy,12547
2026,1331774741488369664,NCAA IVY,5,395321276102627328,ccassidy,12634
2026,1331774741488369664,NCAA IVY,5,395321276102627328,ccassidy,13288
2026,1331774741488369664,NCAA IVY,5,395321276102627328,ccassidy,13299
2026,1331774741488369664,NCAA IVY,5,395321276102627328,ccassidy,13408
2026,1331774741488369664,NCAA IVY,5,395321276102627328,ccassidy,13423
2026,1331774741488369664,NCAA IVY,5,395321276102627328,ccassidy,13477
2026,1331774741488369664,NCAA IVY,5,395321276102627328,ccassidy,1433
2026,1331774741488369664,NCAA IVY,5,395321276102627328,ccassidy,3294
2026,1331774741488369664,NCAA IVY,5,395321276102627328,ccassidy,4943
2026,1331774741488369664,NCAA IVY,5,395321276102627328,ccassidy,5045
2026,1331774741488369664,NCAA IVY,5,395321276102627328,ccassidy,5095
2026,1331774741488369664,NCAA IVY,5,395321276102627328,ccassidy,5189
2026,1331774741488369664,NCAA IVY,5,395321276102627328,ccassidy,6783
2026,1331774741488369664,NCAA IVY,5,395321276102627328,ccassidy,6786
2026,1331774741488369664,NCAA IVY,5,395321276102627328,ccassidy,6806
2026,1331774741488369664,NCAA IVY,5,395321276102627328,ccassidy,7042
2026,1331774741488369664,NCAA IVY,5,395321276102627328,ccassidy,7525
2026,1331774741488369664,NCAA IVY,5,395321276102627328,ccassidy,7587
2026,1331774741488369664,NCAA IVY,5,395321276102627328,ccassidy,7588
2026,1331774741488369664,NCAA IVY,5,395321276102627328,ccassidy,8144
2026,1331774741488369664,NCAA IVY,5,395321276102627328,ccassidy,8148
2026,1331774741488369664,NCAA IVY,5,395321276102627328,ccassidy,8168
2026,1331774741488369664,NCAA IVY,5,395321276102627328,ccassidy,9493
2026,1331774741488369664,NCAA IVY,5,395321276102627328,ccassidy,9506
2026,1331774741488369664,NCAA IVY,5,395321276102627328,ccassidy,ARI
2026,1331774741488369664,NCAA IVY,5,395321276102627328,ccassidy,GB
2026,1331774741488369664,NCAA IVY,5,395321276102627328,ccassidy,LV
2026,1331774741488369664,NCAA IVY,5,395321276102627328,ccassidy,PHI
2026,1331774741488369664,NCAA IVY,5,395321276102627328,ccassidy,SEA
2026,1331774741488369664,NCAA IVY,6,1017588201080369152,Iloveyyounghoes,11563
2026,1331774741488369664,NCAA IVY,6,1017588201080369152,Iloveyyounghoes,11618
2026,1331774741488369664,NCAA IVY,6,1017588201080369152,Iloveyyounghoes,11637
2026,1331774741488369664,NCAA IVY,6,1017588201080369152,Iloveyyounghoes,12469
2026,1331774741488369664,NCAA IVY,6,1017588201080369152,Iloveyyounghoes,12502
2026,1331774741488369664,NCAA IVY,6,1017588201080369152,Iloveyyounghoes,12511
2026,1331774741488369664,NCAA IVY,6,1017588201080369152,Iloveyyounghoes,12514
2026,1331774741488369664,NCAA IVY,6,1017588201080369152,Iloveyyounghoes,13330
2026,1331774741488369664,NCAA IVY,6,1017588201080369152,Iloveyyounghoes,13353
2026,1331774741488369664,NCAA IVY,6,1017588201080369152,Iloveyyounghoes,13380
2026,1331774741488369664,NCAA IVY,6,1017588201080369152,Iloveyyounghoes,1479
2026,1331774741488369664,NCAA IVY,6,1017588201080369152,Iloveyyounghoes,2449
2026,1331774741488369664,NCAA IVY,6,1017588201080369152,Iloveyyounghoes,3198
2026,1331774741488369664,NCAA IVY,6,1017588201080369152,Iloveyyounghoes,3678
2026,1331774741488369664,NCAA IVY,6,1017588201080369152,Iloveyyounghoes,4033
2026,1331774741488369664,NCAA IVY,6,1017588201080369152,Iloveyyounghoes,4046
2026,1331774741488369664,NCAA IVY,6,1017588201080369152,Iloveyyounghoes,4217
2026,1331774741488369664,NCAA IVY,6,1017588201080369152,Iloveyyounghoes,4227
2026,1331774741488369664,NCAA IVY,6,1017588201080369152,Iloveyyounghoes,4454
2026,1331774741488369664,NCAA IVY,6,1017588201080369152,Iloveyyounghoes,7002
2026,1331774741488369664,NCAA IVY,6,1017588201080369152,Iloveyyounghoes,7562
2026,1331774741488369664,NCAA IVY,6,1017588201080369152,Iloveyyounghoes,9224
2026,1331774741488369664,NCAA IVY,6,1017588201080369152,Iloveyyounghoes,9226
2026,1331774741488369664,NCAA IVY,6,1017588201080369152,Iloveyyounghoes,9484
2026,1331774741488369664,NCAA IVY,6,1017588201080369152,Iloveyyounghoes,9494
2026,1331774741488369664,NCAA IVY,6,1017588201080369152,Iloveyyounghoes,ATL
2026,1331774741488369664,NCAA IVY,6,1017588201080369152,Iloveyyounghoes,CAR
2026,1331774741488369664,NCAA IVY,6,1017588201080369152,Iloveyyounghoes,KC
2026,1331774741488369664,NCAA IVY,7,1135784589957652480,Hambnr,10222
2026,1331774741488369664,NCAA IVY,7,1135784589957652480,Hambnr,10444
2026,1331774741488369664,NCAA IVY,7,1135784589957652480,Hambnr,11199
2026,1331774741488369664,NCAA IVY,7,1135784589957652480,Hambnr,11261
2026,1331774741488369664,NCAA IVY,7,1135784589957652480,Hambnr,11586
2026,1331774741488369664,NCAA IVY,7,1135784589957652480,Hambnr,11610
2026,1331774741488369664,NCAA IVY,7,1135784589957652480,Hambnr,11650
2026,1331774741488369664,NCAA IVY,7,1135784589957652480,Hambnr,11783
2026,1331774741488369664,NCAA IVY,7,1135784589957652480,Hambnr,11786
2026,1331774741488369664,NCAA IVY,7,1135784589957652480,Hambnr,12455
2026,1331774741488369664,NCAA IVY,7,1135784589957652480,Hambnr,12496
2026,1331774741488369664,NCAA IVY,7,1135784589957652480,Hambnr,12500
2026,1331774741488369664,NCAA IVY,7,1135784589957652480,Hambnr,12501
2026,1331774741488369664,NCAA IVY,7,1135784589957652480,Hambnr,12520
2026,1331774741488369664,NCAA IVY,7,1135784589957652480,Hambnr,12535
2026,1331774741488369664,NCAA IVY,7,1135784589957652480,Hambnr,12544
2026,1331774741488369664,NCAA IVY,7,1135784589957652480,Hambnr,12718
2026,1331774741488369664,NCAA IVY,7,1135784589957652480,Hambnr,13277
2026,1331774741488369664,NCAA IVY,7,1135784589957652480,Hambnr,13281
2026,1331774741488369664,NCAA IVY,7,1135784589957652480,Hambnr,13289
2026,1331774741488369664,NCAA IVY,7,1135784589957652480,Hambnr,13293
2026,1331774741488369664,NCAA IVY,7,1135784589957652480,Hambnr,13307
2026,1331774741488369664,NCAA IVY,7,1135784589957652480,Hambnr,13315
2026,1331774741488369664,NCAA IVY,7,1135784589957652480,Hambnr,13322
2026,1331774741488369664,NCAA IVY,7,1135784589957652480,Hambnr,13333
2026,1331774741488369664,NCAA IVY,7,1135784589957652480,Hambnr,13434
2026,1331774741488369664,NCAA IVY,7,1135784589957652480,Hambnr,13726
2026,1331774741488369664,NCAA IVY,7,1135784589957652480,Hambnr,4144
2026,1331774741488369664,NCAA IVY,7,1135784589957652480,Hambnr,4147
2026,1331774741488369664,NCAA IVY,7,1135784589957652480,Hambnr,4177
2026,1331774741488369664,NCAA IVY,7,1135784589957652480,Hambnr,4981
2026,1331774741488369664,NCAA IVY,7,1135784589957652480,Hambnr,5001
2026,1331774741488369664,NCAA IVY,7,1135784589957652480,Hambnr,5859
2026,1331774741488369664,NCAA IVY,7,1135784589957652480,Hambnr,6826
2026,1331774741488369664,NCAA IVY,7,1135784589957652480,Hambnr,6904
2026,1331774741488369664,NCAA IVY,7,1135784589957652480,Hambnr,7596
2026,1331774741488369664,NCAA IVY,7,1135784589957652480,Hambnr,8125
2026,1331774741488369664,NCAA IVY,7,1135784589957652480,Hambnr,8161
2026,1331774741488369664,NCAA IVY,7,1135784589957652480,Hambnr,8259
2026,1331774741488369664,NCAA IVY,7,1135784589957652480,Hambnr,8917
2026,1331774741488369664,NCAA IVY,7,1135784589957652480,Hambnr,9488
2026,1331774741488369664,NCAA IVY,7,1135784589957652480,Hambnr,9497
2026,1331774741488369664,NCAA IVY,7,1135784589957652480,Hambnr,BUF
2026,1331774741488369664,NCAA IVY,7,1135784589957652480,Hambnr,CHI
2026,1331774741488369664,NCAA IVY,7,1135784589957652480,Hambnr,DAL
2026,1331774741488369664,NCAA IVY,8,461688192555282432,PhilupMynuts,11237
2026,1331774741488369664,NCAA IVY,8,461688192555282432,PhilupMynuts,11439
2026,1331774741488369664,NCAA IVY,8,461688192555282432,PhilupMynuts,11560
2026,1331774741488369664,NCAA IVY,8,461688192555282432,PhilupMynuts,11575
2026,1331774741488369664,NCAA IVY,8,461688192555282432,PhilupMynuts,11600
2026,1331774741488369664,NCAA IVY,8,461688192555282432,PhilupMynuts,11834
2026,1331774741488369664,NCAA IVY,8,461688192555282432,PhilupMynuts,12015
2026,1331774741488369664,NCAA IVY,8,461688192555282432,PhilupMynuts,12476
2026,1331774741488369664,NCAA IVY,8,461688192555282432,PhilupMynuts,12498
2026,1331774741488369664,NCAA IVY,8,461688192555282432,PhilupMynuts,12503
2026,1331774741488369664,NCAA IVY,8,461688192555282432,PhilupMynuts,12505
2026,1331774741488369664,NCAA IVY,8,461688192555282432,PhilupMynuts,12518
2026,1331774741488369664,NCAA IVY,8,461688192555282432,PhilupMynuts,12711
2026,1331774741488369664,NCAA IVY,8,461688192555282432,PhilupMynuts,13285
2026,1331774741488369664,NCAA IVY,8,461688192555282432,PhilupMynuts,13319
2026,1331774741488369664,NCAA IVY,8,461688192555282432,PhilupMynuts,13345
2026,1331774741488369664,NCAA IVY,8,461688192555282432,PhilupMynuts,13545
2026,1331774741488369664,NCAA IVY,8,461688192555282432,PhilupMynuts,2216
2026,1331774741488369664,NCAA IVY,8,461688192555282432,PhilupMynuts,4881
2026,1331774741488369664,NCAA IVY,8,461688192555282432,PhilupMynuts,4993
2026,1331774741488369664,NCAA IVY,8,461688192555282432,PhilupMynuts,5844
2026,1331774741488369664,NCAA IVY,8,461688192555282432,PhilupMynuts,5872
2026,1331774741488369664,NCAA IVY,8,461688192555282432,PhilupMynuts,5906
2026,1331774741488369664,NCAA IVY,8,461688192555282432,PhilupMynuts,5967
2026,1331774741488369664,NCAA IVY,8,461688192555282432,PhilupMynuts,6804
2026,1331774741488369664,NCAA IVY,8,461688192555282432,PhilupMynuts,7049
2026,1331774741488369664,NCAA IVY,8,461688192555282432,PhilupMynuts,7594
2026,1331774741488369664,NCAA IVY,8,461688192555282432,PhilupMynuts,8111
2026,1331774741488369664,NCAA IVY,8,461688192555282432,PhilupMynuts,8112
2026,1331774741488369664,NCAA IVY,8,461688192555282432,PhilupMynuts,8136
2026,1331774741488369664,NCAA IVY,8,461688192555282432,PhilupMynuts,8138
2026,1331774741488369664,NCAA IVY,8,461688192555282432,PhilupMynuts,8143
2026,1331774741488369664,NCAA IVY,8,461688192555282432,PhilupMynuts,8154
2026,1331774741488369664,NCAA IVY,8,461688192555282432,PhilupMynuts,8676
2026,1331774741488369664,NCAA IVY,8,461688192555282432,PhilupMynuts,9225
2026,1331774741488369664,NCAA IVY,8,461688192555282432,PhilupMynuts,9480
2026,1331774741488369664,NCAA IVY,8,461688192555282432,PhilupMynuts,9502
2026,1331774741488369664,NCAA IVY,8,461688192555282432,PhilupMynuts,9754
2026,1331774741488369664,NCAA IVY,8,461688192555282432,PhilupMynuts,9757
2026,1331774741488369664,NCAA IVY,8,461688192555282432,PhilupMynuts,9758
2026,1331774741488369664,NCAA IVY,8,461688192555282432,PhilupMynuts,LAR
2026,1331774741488369664,NCAA IVY,8,461688192555282432,PhilupMynuts,WAS
2026,1331774741488369664,NCAA IVY,9,1402806331622043648,BrynJ9618,11565
2026,1331774741488369664,NCAA IVY,9,1402806331622043648,BrynJ9618,11571
2026,1331774741488369664,NCAA IVY,9,1402806331622043648,BrynJ9618,11635
2026,1331774741488369664,NCAA IVY,9,1402806331622043648,BrynJ9618,11638
2026,1331774741488369664,NCAA IVY,9,1402806331622043648,BrynJ9618,12471
2026,1331774741488369664,NCAA IVY,9,1402806331622043648,BrynJ9618,12487
2026,1331774741488369664,NCAA IVY,9,1402806331622043648,BrynJ9618,12492
2026,1331774741488369664,NCAA IVY,9,1402806331622043648,BrynJ9618,12497
2026,1331774741488369664,NCAA IVY,9,1402806331622043648,BrynJ9618,12504
2026,1331774741488369664,NCAA IVY,9,1402806331622043648,BrynJ9618,12533
2026,1331774741488369664,NCAA IVY,9,1402806331622043648,BrynJ9618,12540
2026,1331774741488369664,NCAA IVY,9,1402806331622043648,BrynJ9618,12541
2026,1331774741488369664,NCAA IVY,9,1402806331622043648,BrynJ9618,12542
2026,1331774741488369664,NCAA IVY,9,1402806331622043648,BrynJ9618,13269
2026,1331774741488369664,NCAA IVY,9,1402806331622043648,BrynJ9618,13311
2026,1331774741488369664,NCAA IVY,9,1402806331622043648,BrynJ9618,13324
2026,1331774741488369664,NCAA IVY,9,1402806331622043648,BrynJ9618,13405
2026,1331774741488369664,NCAA IVY,9,1402806331622043648,BrynJ9618,13421
2026,1331774741488369664,NCAA IVY,9,1402806331622043648,BrynJ9618,3214
2026,1331774741488369664,NCAA IVY,9,1402806331622043648,BrynJ9618,3257
2026,1331774741488369664,NCAA IVY,9,1402806331622043648,BrynJ9618,4035
2026,1331774741488369664,NCAA IVY,9,1402806331622043648,BrynJ9618,4039
2026,1331774741488369664,NCAA IVY,9,1402806331622043648,BrynJ9618,4866
2026,1331774741488369664,NCAA IVY,9,1402806331622043648,BrynJ9618,5022
2026,1331774741488369664,NCAA IVY,9,1402806331622043648,BrynJ9618,5849
2026,1331774741488369664,NCAA IVY,9,1402806331622043648,BrynJ9618,7543
2026,1331774741488369664,NCAA IVY,9,1402806331622043648,BrynJ9618,7547
2026,1331774741488369664,NCAA IVY,9,1402806331622043648,BrynJ9618,7553
2026,1331774741488369664,NCAA IVY,9,1402806331622043648,BrynJ9618,7839
2026,1331774741488369664,NCAA IVY,9,1402806331622043648,BrynJ9618,8151
2026,1331774741488369664,NCAA IVY,9,1402806331622043648,BrynJ9618,9500
2026,1331774741488369664,NCAA IVY,9,1402806331622043648,BrynJ9618,9511
2026,1331774741488369664,NCAA IVY,9,1402806331622043648,BrynJ9618,9753
2026,1331774741488369664,NCAA IVY,9,1402806331622043648,BrynJ9618,CLE
2026,1331774741488369664,NCAA IVY,9,1402806331622043648,BrynJ9618,PIT
2026,1331774741488369664,NCAA IVY,10,1142198466060402688,BLACK93BOIZS,10235
2026,1331774741488369664,NCAA IVY,10,1142198466060402688,BLACK93BOIZS,11256
2026,1331774741488369664,NCAA IVY,10,1142198466060402688,BLACK93BOIZS,11421
2026,1331774741488369664,NCAA IVY,10,1142198466060402688,BLACK93BOIZS,11557
2026,1331774741488369664,NCAA IVY,10,1142198466060402688,BLACK93BOIZS,11608
2026,1331774741488369664,NCAA IVY,10,1142198466060402688,BLACK93BOIZS,12470
2026,1331774741488369664,NCAA IVY,10,1142198466060402688,BLACK93BOIZS,12489
2026,1331774741488369664,NCAA IVY,10,1142198466060402688,BLACK93BOIZS,12670
2026,1331774741488369664,NCAA IVY,10,1142198466060402688,BLACK93BOIZS,13079
2026,1331774741488369664,NCAA IVY,10,1142198466060402688,BLACK93BOIZS,13264
2026,1331774741488369664,NCAA IVY,10,1142198466060402688,BLACK93BOIZS,13272
2026,1331774741488369664,NCAA IVY,10,1142198466060402688,BLACK93BOIZS,13298
2026,1331774741488369664,NCAA IVY,10,1142198466060402688,BLACK93BOIZS,13320
2026,1331774741488369664,NCAA IVY,10,1142198466060402688,BLACK93BOIZS,13329
2026,1331774741488369664,NCAA IVY,10,1142198466060402688,BLACK93BOIZS,13347
2026,1331774741488369664,NCAA IVY,10,1142198466060402688,BLACK93BOIZS,13404
2026,1331774741488369664,NCAA IVY,10,1142198466060402688,BLACK93BOIZS,13414
2026,1331774741488369664,NCAA IVY,10,1142198466060402688,BLACK93BOIZS,13425
2026,1331774741488369664,NCAA IVY,10,1142198466060402688,BLACK93BOIZS,13602
2026,1331774741488369664,NCAA IVY,10,1142198466060402688,BLACK93BOIZS,1466
2026,1331774741488369664,NCAA IVY,10,1142198466060402688,BLACK93BOIZS,2078
2026,1331774741488369664,NCAA IVY,10,1142198466060402688,BLACK93BOIZS,2133
2026,1331774741488369664,NCAA IVY,10,1142198466060402688,BLACK93BOIZS,2306
2026,1331774741488369664,NCAA IVY,10,1142198466060402688,BLACK93BOIZS,2747
2026,1331774741488369664,NCAA IVY,10,1142198466060402688,BLACK93BOIZS,3161
2026,1331774741488369664,NCAA IVY,10,1142198466060402688,BLACK93BOIZS,4017
2026,1331774741488369664,NCAA IVY,10,1142198466060402688,BLACK93BOIZS,4066
2026,1331774741488369664,NCAA IVY,10,1142198466060402688,BLACK93BOIZS,5892
2026,1331774741488369664,NCAA IVY,10,1142198466060402688,BLACK93BOIZS,6136
2026,1331774741488369664,NCAA IVY,10,1142198466060402688,BLACK93BOIZS,6271
2026,1331774741488369664,NCAA IVY,10,1142198466060402688,BLACK93BOIZS,6790
2026,1331774741488369664,NCAA IVY,10,1142198466060402688,BLACK93BOIZS,6797
2026,1331774741488369664,NCAA IVY,10,1142198466060402688,BLACK93BOIZS,6931
2026,1331774741488369664,NCAA IVY,10,1142198466060402688,BLACK93BOIZS,7039
2026,1331774741488369664,NCAA IVY,10,1142198466060402688,BLACK93BOIZS,7083
2026,1331774741488369664,NCAA IVY,10,1142198466060402688,BLACK93BOIZS,7585
2026,1331774741488369664,NCAA IVY,10,1142198466060402688,BLACK93BOIZS,7591
2026,1331774741488369664,NCAA IVY,10,1142198466060402688,BLACK93BOIZS,7611
2026,1331774741488369664,NCAA IVY,10,1142198466060402688,BLACK93BOIZS,7828
2026,1331774741488369664,NCAA IVY,10,1142198466060402688,BLACK93BOIZS,8180
2026,1331774741488369664,NCAA IVY,10,1142198466060402688,BLACK93BOIZS,8800
2026,1331774741488369664,NCAA IVY,10,1142198466060402688,BLACK93BOIZS,LAC
2026,1331774741488369664,NCAA IVY,10,1142198466060402688,BLACK93BOIZS,NYJ
2026,1331774741488369664,NCAA IVY,11,460895027179024384,jtheadrick98,10232
2026,1331774741488369664,NCAA IVY,11,460895027179024384,jtheadrick98,11599
2026,1331774741488369664,NCAA IVY,11,460895027179024384,jtheadrick98,11603
2026,1331774741488369664,NCAA IVY,11,460895027179024384,jtheadrick98,11623
2026,1331774741488369664,NCAA IVY,11,460895027179024384,jtheadrick98,11643
2026,1331774741488369664,NCAA IVY,11,460895027179024384,jtheadrick98,11647
2026,1331774741488369664,NCAA IVY,11,460895027179024384,jtheadrick98,11651
2026,1331774741488369664,NCAA IVY,11,460895027179024384,jtheadrick98,11655
2026,1331774741488369664,NCAA IVY,11,460895027179024384,jtheadrick98,11792
2026,1331774741488369664,NCAA IVY,11,460895027179024384,jtheadrick98,12474
2026,1331774741488369664,NCAA IVY,11,460895027179024384,jtheadrick98,12499
2026,1331774741488369664,NCAA IVY,11,460895027179024384,jtheadrick98,12521
2026,1331774741488369664,NCAA IVY,11,460895027179024384,jtheadrick98,12534
2026,1331774741488369664,NCAA IVY,11,460895027179024384,jtheadrick98,13278
2026,1331774741488369664,NCAA IVY,11,460895027179024384,jtheadrick98,13279
2026,1331774741488369664,NCAA IVY,11,460895027179024384,jtheadrick98,13317
2026,1331774741488369664,NCAA IVY,11,460895027179024384,jtheadrick98,13348
2026,1331774741488369664,NCAA IVY,11,460895027179024384,jtheadrick98,13417
2026,1331774741488369664,NCAA IVY,11,460895027179024384,jtheadrick98,1373
2026,1331774741488369664,NCAA IVY,11,460895027179024384,jtheadrick98,1945
2026,1331774741488369664,NCAA IVY,11,460895027179024384,jtheadrick98,2020
2026,1331774741488369664,NCAA IVY,11,460895027179024384,jtheadrick98,3155
2026,1331774741488369664,NCAA IVY,11,460895027179024384,jtheadrick98,3163
2026,1331774741488369664,NCAA IVY,11,460895027179024384,jtheadrick98,3451
2026,1331774741488369664,NCAA IVY,11,460895027179024384,jtheadrick98,4034
2026,1331774741488369664,NCAA IVY,11,460895027179024384,jtheadrick98,4199
2026,1331774741488369664,NCAA IVY,11,460895027179024384,jtheadrick98,4950
2026,1331774741488369664,NCAA IVY,11,460895027179024384,jtheadrick98,4983
2026,1331774741488369664,NCAA IVY,11,460895027179024384,jtheadrick98,4984
2026,1331774741488369664,NCAA IVY,11,460895027179024384,jtheadrick98,5012
2026,1331774741488369664,NCAA IVY,11,460895027179024384,jtheadrick98,6012
2026,1331774741488369664,NCAA IVY,11,460895027179024384,jtheadrick98,6149
2026,1331774741488369664,NCAA IVY,11,460895027179024384,jtheadrick98,6794
2026,1331774741488369664,NCAA IVY,11,460895027179024384,jtheadrick98,6865
2026,1331774741488369664,NCAA IVY,11,460895027179024384,jtheadrick98,7021
2026,1331774741488369664,NCAA IVY,11,460895027179024384,jtheadrick98,7528
2026,1331774741488369664,NCAA IVY,11,460895027179024384,jtheadrick98,7569
2026,1331774741488369664,NCAA IVY,11,460895027179024384,jtheadrick98,7670
2026,1331774741488369664,NCAA IVY,11,460895027179024384,jtheadrick98,8134
2026,1331774741488369664,NCAA IVY,11,460895027179024384,jtheadrick98,8146
2026,1331774741488369664,NCAA IVY,11,460895027179024384,jtheadrick98,8205
2026,1331774741488369664,NCAA IVY,11,460895027179024384,jtheadrick98,8210
2026,1331774741488369664,NCAA IVY,11,460895027179024384,jtheadrick98,8228
2026,1331774741488369664,NCAA IVY,11,460895027179024384,jtheadrick98,BAL
2026,1331774741488369664,NCAA IVY,11,460895027179024384,jtheadrick98,TEN
2026,1331774741488369664,NCAA IVY,12,464595147808567296,cobrapanther99,10218
2026,1331774741488369664,NCAA IVY,12,464595147808567296,cobrapanther99,10229
2026,1331774741488369664,NCAA IVY,12,464595147808567296,cobrapanther99,10955
2026,1331774741488369664,NCAA IVY,12,464595147808567296,cobrapanther99,11539
2026,1331774741488369664,NCAA IVY,12,464595147808567296,cobrapanther99,11584
2026,1331774741488369664,NCAA IVY,12,464595147808567296,cobrapanther99,11596
2026,1331774741488369664,NCAA IVY,12,464595147808567296,cobrapanther99,11624
2026,1331774741488369664,NCAA IVY,12,464595147808567296,cobrapanther99,11626
2026,1331774741488369664,NCAA IVY,12,464595147808567296,cobrapanther99,12506
2026,1331774741488369664,NCAA IVY,12,464595147808567296,cobrapanther99,12545
2026,1331774741488369664,NCAA IVY,12,464595147808567296,cobrapanther99,12860
2026,1331774741488369664,NCAA IVY,12,464595147808567296,cobrapanther99,13276
2026,1331774741488369664,NCAA IVY,12,464595147808567296,cobrapanther99,13296
2026,1331774741488369664,NCAA IVY,12,464595147808567296,cobrapanther99,13305
2026,1331774741488369664,NCAA IVY,12,464595147808567296,cobrapanther99,13342
2026,1331774741488369664,NCAA IVY,12,464595147808567296,cobrapanther99,1339
2026,1331774741488369664,NCAA IVY,12,464595147808567296,cobrapanther99,13402
2026,1331774741488369664,NCAA IVY,12,464595147808567296,cobrapanther99,13541
2026,1331774741488369664,NCAA IVY,12,464595147808567296,cobrapanther99,13833
2026,1331774741488369664,NCAA IVY,12,464595147808567296,cobrapanther99,19
2026,1331774741488369664,NCAA IVY,12,464595147808567296,cobrapanther99,2307
2026,1331774741488369664,NCAA IVY,12,464595147808567296,cobrapanther99,3271
2026,1331774741488369664,NCAA IVY,12,464595147808567296,cobrapanther99,3634
2026,1331774741488369664,NCAA IVY,12,464595147808567296,cobrapanther99,5846
2026,1331774741488369664,NCAA IVY,12,464595147808567296,cobrapanther99,5848
2026,1331774741488369664,NCAA IVY,12,464595147808567296,cobrapanther99,5850
2026,1331774741488369664,NCAA IVY,12,464595147808567296,cobrapanther99,5857
2026,1331774741488369664,NCAA IVY,12,464595147808567296,cobrapanther99,6770
2026,1331774741488369664,NCAA IVY,12,464595147808567296,cobrapanther99,6803
2026,1331774741488369664,NCAA IVY,12,464595147808567296,cobrapanther99,6813
2026,1331774741488369664,NCAA IVY,12,464595147808567296,cobrapanther99,7090
2026,1331774741488369664,NCAA IVY,12,464595147808567296,cobrapanther99,7496
2026,1331774741488369664,NCAA IVY,12,464595147808567296,cobrapanther99,7527
2026,1331774741488369664,NCAA IVY,12,464595147808567296,cobrapanther99,7564
2026,1331774741488369664,NCAA IVY,12,464595147808567296,cobrapanther99,7567
2026,1331774741488369664,NCAA IVY,12,464595147808567296,cobrapanther99,7600
2026,1331774741488369664,NCAA IVY,12,464595147808567296,cobrapanther99,7891
2026,1331774741488369664,NCAA IVY,12,464595147808567296,cobrapanther99,8127
2026,1331774741488369664,NCAA IVY,12,464595147808567296,cobrapanther99,8132
2026,1331774741488369664,NCAA IVY,12,464595147808567296,cobrapanther99,8147
2026,1331774741488369664,NCAA IVY,12,464595147808567296,cobrapanther99,9504
2026,1331774741488369664,NCAA IVY,12,464595147808567296,cobrapanther99,9508
2026,1331774741488369664,NCAA IVY,12,464595147808567296,cobrapanther99,JAX
2026,1331774741488369664,NCAA IVY,12,464595147808567296,cobrapanther99,MIN
2026,1331774599196585984,NCAA MOUNTAIN WEST,1,596835723861082112,RicochetRay,11584
2026,1331774599196585984,NCAA MOUNTAIN WEST,1,596835723861082112,RicochetRay,11596
2026,1331774599196585984,NCAA MOUNTAIN WEST,1,596835723861082112,RicochetRay,11600
2026,1331774599196585984,NCAA MOUNTAIN WEST,1,596835723861082112,RicochetRay,11792
2026,1331774599196585984,NCAA MOUNTAIN WEST,1,596835723861082112,RicochetRay,12185
2026,1331774599196585984,NCAA MOUNTAIN WEST,1,596835723861082112,RicochetRay,12469
2026,1331774599196585984,NCAA MOUNTAIN WEST,1,596835723861082112,RicochetRay,12521
2026,1331774599196585984,NCAA MOUNTAIN WEST,1,596835723861082112,RicochetRay,12711
2026,1331774599196585984,NCAA MOUNTAIN WEST,1,596835723861082112,RicochetRay,12718
2026,1331774599196585984,NCAA MOUNTAIN WEST,1,596835723861082112,RicochetRay,13285
2026,1331774599196585984,NCAA MOUNTAIN WEST,1,596835723861082112,RicochetRay,13349
2026,1331774599196585984,NCAA MOUNTAIN WEST,1,596835723861082112,RicochetRay,13400
2026,1331774599196585984,NCAA MOUNTAIN WEST,1,596835723861082112,RicochetRay,13402
2026,1331774599196585984,NCAA MOUNTAIN WEST,1,596835723861082112,RicochetRay,13545
2026,1331774599196585984,NCAA MOUNTAIN WEST,1,596835723861082112,RicochetRay,1426
2026,1331774599196585984,NCAA MOUNTAIN WEST,1,596835723861082112,RicochetRay,2133
2026,1331774599196585984,NCAA MOUNTAIN WEST,1,596835723861082112,RicochetRay,2307
2026,1331774599196585984,NCAA MOUNTAIN WEST,1,596835723861082112,RicochetRay,3163
2026,1331774599196585984,NCAA MOUNTAIN WEST,1,596835723861082112,RicochetRay,3286
2026,1331774599196585984,NCAA MOUNTAIN WEST,1,596835723861082112,RicochetRay,3634
2026,1331774599196585984,NCAA MOUNTAIN WEST,1,596835723861082112,RicochetRay,4033
2026,1331774599196585984,NCAA MOUNTAIN WEST,1,596835723861082112,RicochetRay,4037
2026,1331774599196585984,NCAA MOUNTAIN WEST,1,596835723861082112,RicochetRay,4217
2026,1331774599196585984,NCAA MOUNTAIN WEST,1,596835723861082112,RicochetRay,4984
2026,1331774599196585984,NCAA MOUNTAIN WEST,1,596835723861082112,RicochetRay,5848
2026,1331774599196585984,NCAA MOUNTAIN WEST,1,596835723861082112,RicochetRay,5850
2026,1331774599196585984,NCAA MOUNTAIN WEST,1,596835723861082112,RicochetRay,5857
2026,1331774599196585984,NCAA MOUNTAIN WEST,1,596835723861082112,RicochetRay,5859
2026,1331774599196585984,NCAA MOUNTAIN WEST,1,596835723861082112,RicochetRay,6130
2026,1331774599196585984,NCAA MOUNTAIN WEST,1,596835723861082112,RicochetRay,6786
2026,1331774599196585984,NCAA MOUNTAIN WEST,1,596835723861082112,RicochetRay,6794
2026,1331774599196585984,NCAA MOUNTAIN WEST,1,596835723861082112,RicochetRay,6803
2026,1331774599196585984,NCAA MOUNTAIN WEST,1,596835723861082112,RicochetRay,6813
2026,1331774599196585984,NCAA MOUNTAIN WEST,1,596835723861082112,RicochetRay,6931
2026,1331774599196585984,NCAA MOUNTAIN WEST,1,596835723861082112,RicochetRay,7021
2026,1331774599196585984,NCAA MOUNTAIN WEST,1,596835723861082112,RicochetRay,7042
2026,1331774599196585984,NCAA MOUNTAIN WEST,1,596835723861082112,RicochetRay,7049
2026,1331774599196585984,NCAA MOUNTAIN WEST,1,596835723861082112,RicochetRay,7528
2026,1331774599196585984,NCAA MOUNTAIN WEST,1,596835723861082112,RicochetRay,7569
2026,1331774599196585984,NCAA MOUNTAIN WEST,1,596835723861082112,RicochetRay,8138
2026,1331774599196585984,NCAA MOUNTAIN WEST,1,596835723861082112,RicochetRay,9506
2026,1331774599196585984,NCAA MOUNTAIN WEST,1,596835723861082112,RicochetRay,BUF
2026,1331774599196585984,NCAA MOUNTAIN WEST,1,596835723861082112,RicochetRay,KC
2026,1331774599196585984,NCAA MOUNTAIN WEST,1,596835723861082112,RicochetRay,MIA
2026,1331774599196585984,NCAA MOUNTAIN WEST,1,596835723861082112,RicochetRay,TEN
2026,1331774599196585984,NCAA MOUNTAIN WEST,2,463106510101147648,jmdorsey00,10218
2026,1331774599196585984,NCAA MOUNTAIN WEST,2,463106510101147648,jmdorsey00,10866
2026,1331774599196585984,NCAA MOUNTAIN WEST,2,463106510101147648,jmdorsey00,11435
2026,1331774599196585984,NCAA MOUNTAIN WEST,2,463106510101147648,jmdorsey00,11565
2026,1331774599196585984,NCAA MOUNTAIN WEST,2,463106510101147648,jmdorsey00,11569
2026,1331774599196585984,NCAA MOUNTAIN WEST,2,463106510101147648,jmdorsey00,11573
2026,1331774599196585984,NCAA MOUNTAIN WEST,2,463106510101147648,jmdorsey00,11575
2026,1331774599196585984,NCAA MOUNTAIN WEST,2,463106510101147648,jmdorsey00,11589
2026,1331774599196585984,NCAA MOUNTAIN WEST,2,463106510101147648,jmdorsey00,11783
2026,1331774599196585984,NCAA MOUNTAIN WEST,2,463106510101147648,jmdorsey00,12455
2026,1331774599196585984,NCAA MOUNTAIN WEST,2,463106510101147648,jmdorsey00,12462
2026,1331774599196585984,NCAA MOUNTAIN WEST,2,463106510101147648,jmdorsey00,12490
2026,1331774599196585984,NCAA MOUNTAIN WEST,2,463106510101147648,jmdorsey00,12499
2026,1331774599196585984,NCAA MOUNTAIN WEST,2,463106510101147648,jmdorsey00,12530
2026,1331774599196585984,NCAA MOUNTAIN WEST,2,463106510101147648,jmdorsey00,13269
2026,1331774599196585984,NCAA MOUNTAIN WEST,2,463106510101147648,jmdorsey00,13420
2026,1331774599196585984,NCAA MOUNTAIN WEST,2,463106510101147648,jmdorsey00,13421
2026,1331774599196585984,NCAA MOUNTAIN WEST,2,463106510101147648,jmdorsey00,13600
2026,1331774599196585984,NCAA MOUNTAIN WEST,2,463106510101147648,jmdorsey00,2020
2026,1331774599196585984,NCAA MOUNTAIN WEST,2,463106510101147648,jmdorsey00,2306
2026,1331774599196585984,NCAA MOUNTAIN WEST,2,463106510101147648,jmdorsey00,2374
2026,1331774599196585984,NCAA MOUNTAIN WEST,2,463106510101147648,jmdorsey00,3294
2026,1331774599196585984,NCAA MOUNTAIN WEST,2,463106510101147648,jmdorsey00,4066
2026,1331774599196585984,NCAA MOUNTAIN WEST,2,463106510101147648,jmdorsey00,4227
2026,1331774599196585984,NCAA MOUNTAIN WEST,2,463106510101147648,jmdorsey00,4866
2026,1331774599196585984,NCAA MOUNTAIN WEST,2,463106510101147648,jmdorsey00,4950
2026,1331774599196585984,NCAA MOUNTAIN WEST,2,463106510101147648,jmdorsey00,4988
2026,1331774599196585984,NCAA MOUNTAIN WEST,2,463106510101147648,jmdorsey00,5189
2026,1331774599196585984,NCAA MOUNTAIN WEST,2,463106510101147648,jmdorsey00,6804
2026,1331774599196585984,NCAA MOUNTAIN WEST,2,463106510101147648,jmdorsey00,7002
2026,1331774599196585984,NCAA MOUNTAIN WEST,2,463106510101147648,jmdorsey00,8112
2026,1331774599196585984,NCAA MOUNTAIN WEST,2,463106510101147648,jmdorsey00,8168
2026,1331774599196585984,NCAA MOUNTAIN WEST,2,463106510101147648,jmdorsey00,8172
2026,1331774599196585984,NCAA MOUNTAIN WEST,2,463106510101147648,jmdorsey00,8180
2026,1331774599196585984,NCAA MOUNTAIN WEST,2,463106510101147648,jmdorsey00,8259
2026,1331774599196585984,NCAA MOUNTAIN WEST,2,463106510101147648,jmdorsey00,9484
2026,1331774599196585984,NCAA MOUNTAIN WEST,2,463106510101147648,jmdorsey00,DAL
2026,1331774599196585984,NCAA MOUNTAIN WEST,2,463106510101147648,jmdorsey00,DET
2026,1331774599196585984,NCAA MOUNTAIN WEST,2,463106510101147648,jmdorsey00,SEA
2026,1331774599196585984,NCAA MOUNTAIN WEST,3,560626155833876480,HonoredMexican,10444
2026,1331774599196585984,NCAA MOUNTAIN WEST,3,560626155833876480,HonoredMexican,11604
2026,1331774599196585984,NCAA MOUNTAIN WEST,3,560626155833876480,HonoredMexican,11630
2026,1331774599196585984,NCAA MOUNTAIN WEST,3,560626155833876480,HonoredMexican,11637
2026,1331774599196585984,NCAA MOUNTAIN WEST,3,560626155833876480,HonoredMexican,12486
2026,1331774599196585984,NCAA MOUNTAIN WEST,3,560626155833876480,HonoredMexican,12498
2026,1331774599196585984,NCAA MOUNTAIN WEST,3,560626155833876480,HonoredMexican,12505
2026,1331774599196585984,NCAA MOUNTAIN WEST,3,560626155833876480,HonoredMexican,12522
2026,1331774599196585984,NCAA MOUNTAIN WEST,3,560626155833876480,HonoredMexican,12531
2026,1331774599196585984,NCAA MOUNTAIN WEST,3,560626155833876480,HonoredMexican,13275
2026,1331774599196585984,NCAA MOUNTAIN WEST,3,560626155833876480,HonoredMexican,13276
2026,1331774599196585984,NCAA MOUNTAIN WEST,3,560626155833876480,HonoredMexican,13293
2026,1331774599196585984,NCAA MOUNTAIN WEST,3,560626155833876480,HonoredMexican,13317
2026,1331774599196585984,NCAA MOUNTAIN WEST,3,560626155833876480,HonoredMexican,1945
2026,1331774599196585984,NCAA MOUNTAIN WEST,3,560626155833876480,HonoredMexican,4034
2026,1331774599196585984,NCAA MOUNTAIN WEST,3,560626155833876480,HonoredMexican,4195
2026,1331774599196585984,NCAA MOUNTAIN WEST,3,560626155833876480,HonoredMexican,4199
2026,1331774599196585984,NCAA MOUNTAIN WEST,3,560626155833876480,HonoredMexican,4663
2026,1331774599196585984,NCAA MOUNTAIN WEST,3,560626155833876480,HonoredMexican,5045
2026,1331774599196585984,NCAA MOUNTAIN WEST,3,560626155833876480,HonoredMexican,5846
2026,1331774599196585984,NCAA MOUNTAIN WEST,3,560626155833876480,HonoredMexican,6797
2026,1331774599196585984,NCAA MOUNTAIN WEST,3,560626155833876480,HonoredMexican,6869
2026,1331774599196585984,NCAA MOUNTAIN WEST,3,560626155833876480,HonoredMexican,6904
2026,1331774599196585984,NCAA MOUNTAIN WEST,3,560626155833876480,HonoredMexican,8119
2026,1331774599196585984,NCAA MOUNTAIN WEST,3,560626155833876480,HonoredMexican,8137
2026,1331774599196585984,NCAA MOUNTAIN WEST,3,560626155833876480,HonoredMexican,8177
2026,1331774599196585984,NCAA MOUNTAIN WEST,3,560626155833876480,HonoredMexican,8205
2026,1331774599196585984,NCAA MOUNTAIN WEST,3,560626155833876480,HonoredMexican,8210
2026,1331774599196585984,NCAA MOUNTAIN WEST,3,560626155833876480,HonoredMexican,8408
2026,1331774599196585984,NCAA MOUNTAIN WEST,3,560626155833876480,HonoredMexican,8676
2026,1331774599196585984,NCAA MOUNTAIN WEST,3,560626155833876480,HonoredMexican,9482
2026,1331774599196585984,NCAA MOUNTAIN WEST,3,560626155833876480,HonoredMexican,9487
2026,1331774599196585984,NCAA MOUNTAIN WEST,3,560626155833876480,HonoredMexican,9500
2026,1331774599196585984,NCAA MOUNTAIN WEST,3,560626155833876480,HonoredMexican,JAX
2026,1331774599196585984,NCAA MOUNTAIN WEST,3,560626155833876480,HonoredMexican,SF
2026,1331774599196585984,NCAA MOUNTAIN WEST,4,1132868015638532096,Biggunnz21,12500
2026,1331774599196585984,NCAA MOUNTAIN WEST,4,1132868015638532096,Biggunnz21,13346
2026,1331774599196585984,NCAA MOUNTAIN WEST,4,1132868015638532096,Biggunnz21,1373
2026,1331774599196585984,NCAA MOUNTAIN WEST,4,1132868015638532096,Biggunnz21,1379
2026,1331774599196585984,NCAA MOUNTAIN WEST,4,1132868015638532096,Biggunnz21,2216
2026,1331774599196585984,NCAA MOUNTAIN WEST,4,1132868015638532096,Biggunnz21,2449
2026,1331774599196585984,NCAA MOUNTAIN WEST,4,1132868015638532096,Biggunnz21,2747
2026,1331774599196585984,NCAA MOUNTAIN WEST,4,1132868015638532096,Biggunnz21,3199
2026,1331774599196585984,NCAA MOUNTAIN WEST,4,1132868015638532096,Biggunnz21,3214
2026,1331774599196585984,NCAA MOUNTAIN WEST,4,1132868015638532096,Biggunnz21,3321
2026,1331774599196585984,NCAA MOUNTAIN WEST,4,1132868015638532096,Biggunnz21,3678
2026,1331774599196585984,NCAA MOUNTAIN WEST,4,1132868015638532096,Biggunnz21,4035
2026,1331774599196585984,NCAA MOUNTAIN WEST,4,1132868015638532096,Biggunnz21,4080
2026,1331774599196585984,NCAA MOUNTAIN WEST,4,1132868015638532096,Biggunnz21,5854
2026,1331774599196585984,NCAA MOUNTAIN WEST,4,1132868015638532096,Biggunnz21,5892
2026,1331774599196585984,NCAA MOUNTAIN WEST,4,1132868015638532096,Biggunnz21,5906
2026,1331774599196585984,NCAA MOUNTAIN WEST,4,1132868015638532096,Biggunnz21,5987
2026,1331774599196585984,NCAA MOUNTAIN WEST,4,1132868015638532096,Biggunnz21,6853
2026,1331774599196585984,NCAA MOUNTAIN WEST,4,1132868015638532096,Biggunnz21,6989
2026,1331774599196585984,NCAA MOUNTAIN WEST,4,1132868015638532096,Biggunnz21,7922
2026,1331774599196585984,NCAA MOUNTAIN WEST,4,1132868015638532096,Biggunnz21,8126
2026,1331774599196585984,NCAA MOUNTAIN WEST,4,1132868015638532096,Biggunnz21,8129
2026,1331774599196585984,NCAA MOUNTAIN WEST,4,1132868015638532096,Biggunnz21,8162
2026,1331774599196585984,NCAA MOUNTAIN WEST,4,1132868015638532096,Biggunnz21,CHI
2026,1331774599196585984,NCAA MOUNTAIN WEST,4,1132868015638532096,Biggunnz21,IND
2026,1331774599196585984,NCAA MOUNTAIN WEST,5,1124191785678430208,Pipedawg21,10219
2026,1331774599196585984,NCAA MOUNTAIN WEST,5,1124191785678430208,Pipedawg21,10236
2026,1331774599196585984,NCAA MOUNTAIN WEST,5,1124191785678430208,Pipedawg21,11199
2026,1331774599196585984,NCAA MOUNTAIN WEST,5,1124191785678430208,Pipedawg21,11559
2026,1331774599196585984,NCAA MOUNTAIN WEST,5,1124191785678430208,Pipedawg21,11576
2026,1331774599196585984,NCAA MOUNTAIN WEST,5,1124191785678430208,Pipedawg21,11618
2026,1331774599196585984,NCAA MOUNTAIN WEST,5,1124191785678430208,Pipedawg21,11626
2026,1331774599196585984,NCAA MOUNTAIN WEST,5,1124191785678430208,Pipedawg21,11632
2026,1331774599196585984,NCAA MOUNTAIN WEST,5,1124191785678430208,Pipedawg21,11646
2026,1331774599196585984,NCAA MOUNTAIN WEST,5,1124191785678430208,Pipedawg21,11647
2026,1331774599196585984,NCAA MOUNTAIN WEST,5,1124191785678430208,Pipedawg21,12015
2026,1331774599196585984,NCAA MOUNTAIN WEST,5,1124191785678430208,Pipedawg21,12484
2026,1331774599196585984,NCAA MOUNTAIN WEST,5,1124191785678430208,Pipedawg21,12485
2026,1331774599196585984,NCAA MOUNTAIN WEST,5,1124191785678430208,Pipedawg21,12502
2026,1331774599196585984,NCAA MOUNTAIN WEST,5,1124191785678430208,Pipedawg21,12506
2026,1331774599196585984,NCAA MOUNTAIN WEST,5,1124191785678430208,Pipedawg21,12713
2026,1331774599196585984,NCAA MOUNTAIN WEST,5,1124191785678430208,Pipedawg21,12961
2026,1331774599196585984,NCAA MOUNTAIN WEST,5,1124191785678430208,Pipedawg21,13281
2026,1331774599196585984,NCAA MOUNTAIN WEST,5,1124191785678430208,Pipedawg21,13287
2026,1331774599196585984,NCAA MOUNTAIN WEST,5,1124191785678430208,Pipedawg21,13296
2026,1331774599196585984,NCAA MOUNTAIN WEST,5,1124191785678430208,Pipedawg21,13306
2026,1331774599196585984,NCAA MOUNTAIN WEST,5,1124191785678430208,Pipedawg21,13320
2026,1331774599196585984,NCAA MOUNTAIN WEST,5,1124191785678430208,Pipedawg21,13413
2026,1331774599196585984,NCAA MOUNTAIN WEST,5,1124191785678430208,Pipedawg21,13425
2026,1331774599196585984,NCAA MOUNTAIN WEST,5,1124191785678430208,Pipedawg21,13434
2026,1331774599196585984,NCAA MOUNTAIN WEST,5,1124191785678430208,Pipedawg21,13533
2026,1331774599196585984,NCAA MOUNTAIN WEST,5,1124191785678430208,Pipedawg21,13833
2026,1331774599196585984,NCAA MOUNTAIN WEST,5,1124191785678430208,Pipedawg21,3198
2026,1331774599196585984,NCAA MOUNTAIN WEST,5,1124191785678430208,Pipedawg21,4881
2026,1331774599196585984,NCAA MOUNTAIN WEST,5,1124191785678430208,Pipedawg21,4983
2026,1331774599196585984,NCAA MOUNTAIN WEST,5,1124191785678430208,Pipedawg21,6828
2026,1331774599196585984,NCAA MOUNTAIN WEST,5,1124191785678430208,Pipedawg21,7562
2026,1331774599196585984,NCAA MOUNTAIN WEST,5,1124191785678430208,Pipedawg21,7596
2026,1331774599196585984,NCAA MOUNTAIN WEST,5,1124191785678430208,Pipedawg21,8134
2026,1331774599196585984,NCAA MOUNTAIN WEST,5,1124191785678430208,Pipedawg21,9228
2026,1331774599196585984,NCAA MOUNTAIN WEST,5,1124191785678430208,Pipedawg21,9501
2026,1331774599196585984,NCAA MOUNTAIN WEST,5,1124191785678430208,Pipedawg21,9504
2026,1331774599196585984,NCAA MOUNTAIN WEST,5,1124191785678430208,Pipedawg21,9508
2026,1331774599196585984,NCAA MOUNTAIN WEST,5,1124191785678430208,Pipedawg21,LAC
2026,1331774599196585984,NCAA MOUNTAIN WEST,5,1124191785678430208,Pipedawg21,NO
2026,1331774599196585984,NCAA MOUNTAIN WEST,6,837430327189295104,KlondikeBar,11237
2026,1331774599196585984,NCAA MOUNTAIN WEST,6,837430327189295104,KlondikeBar,11261
2026,1331774599196585984,NCAA MOUNTAIN WEST,6,837430327189295104,KlondikeBar,11617
2026,1331774599196585984,NCAA MOUNTAIN WEST,6,837430327189295104,KlondikeBar,11624
2026,1331774599196585984,NCAA MOUNTAIN WEST,6,837430327189295104,KlondikeBar,11625
2026,1331774599196585984,NCAA MOUNTAIN WEST,6,837430327189295104,KlondikeBar,11628
2026,1331774599196585984,NCAA MOUNTAIN WEST,6,837430327189295104,KlondikeBar,12048
2026,1331774599196585984,NCAA MOUNTAIN WEST,6,837430327189295104,KlondikeBar,12482
2026,1331774599196585984,NCAA MOUNTAIN WEST,6,837430327189295104,KlondikeBar,12493
2026,1331774599196585984,NCAA MOUNTAIN WEST,6,837430327189295104,KlondikeBar,12517
2026,1331774599196585984,NCAA MOUNTAIN WEST,6,837430327189295104,KlondikeBar,12519
2026,1331774599196585984,NCAA MOUNTAIN WEST,6,837430327189295104,KlondikeBar,12520
2026,1331774599196585984,NCAA MOUNTAIN WEST,6,837430327189295104,KlondikeBar,12527
2026,1331774599196585984,NCAA MOUNTAIN WEST,6,837430327189295104,KlondikeBar,12529
2026,1331774599196585984,NCAA MOUNTAIN WEST,6,837430327189295104,KlondikeBar,12535
2026,1331774599196585984,NCAA MOUNTAIN WEST,6,837430327189295104,KlondikeBar,12539
2026,1331774599196585984,NCAA MOUNTAIN WEST,6,837430327189295104,KlondikeBar,12541
2026,1331774599196585984,NCAA MOUNTAIN WEST,6,837430327189295104,KlondikeBar,12543
2026,1331774599196585984,NCAA MOUNTAIN WEST,6,837430327189295104,KlondikeBar,12641
2026,1331774599196585984,NCAA MOUNTAIN WEST,6,837430327189295104,KlondikeBar,13264
2026,1331774599196585984,NCAA MOUNTAIN WEST,6,837430327189295104,KlondikeBar,13277
2026,1331774599196585984,NCAA MOUNTAIN WEST,6,837430327189295104,KlondikeBar,13301
2026,1331774599196585984,NCAA MOUNTAIN WEST,6,837430327189295104,KlondikeBar,13329
2026,1331774599196585984,NCAA MOUNTAIN WEST,6,837430327189295104,KlondikeBar,13338
2026,1331774599196585984,NCAA MOUNTAIN WEST,6,837430327189295104,KlondikeBar,13414
2026,1331774599196585984,NCAA MOUNTAIN WEST,6,837430327189295104,KlondikeBar,13418
2026,1331774599196585984,NCAA MOUNTAIN WEST,6,837430327189295104,KlondikeBar,13423
2026,1331774599196585984,NCAA MOUNTAIN WEST,6,837430327189295104,KlondikeBar,13477
2026,1331774599196585984,NCAA MOUNTAIN WEST,6,837430327189295104,KlondikeBar,13968
2026,1331774599196585984,NCAA MOUNTAIN WEST,6,837430327189295104,KlondikeBar,421
2026,1331774599196585984,NCAA MOUNTAIN WEST,6,837430327189295104,KlondikeBar,4892
2026,1331774599196585984,NCAA MOUNTAIN WEST,6,837430327189295104,KlondikeBar,5001
2026,1331774599196585984,NCAA MOUNTAIN WEST,6,837430327189295104,KlondikeBar,5012
2026,1331774599196585984,NCAA MOUNTAIN WEST,6,837430327189295104,KlondikeBar,5022
2026,1331774599196585984,NCAA MOUNTAIN WEST,6,837430327189295104,KlondikeBar,6650
2026,1331774599196585984,NCAA MOUNTAIN WEST,6,837430327189295104,KlondikeBar,6865
2026,1331774599196585984,NCAA MOUNTAIN WEST,6,837430327189295104,KlondikeBar,8147
2026,1331774599196585984,NCAA MOUNTAIN WEST,6,837430327189295104,KlondikeBar,8188
2026,1331774599196585984,NCAA MOUNTAIN WEST,6,837430327189295104,KlondikeBar,8228
2026,1331774599196585984,NCAA MOUNTAIN WEST,6,837430327189295104,KlondikeBar,9221
2026,1331774599196585984,NCAA MOUNTAIN WEST,6,837430327189295104,KlondikeBar,9481
2026,1331774599196585984,NCAA MOUNTAIN WEST,6,837430327189295104,KlondikeBar,9488
2026,1331774599196585984,NCAA MOUNTAIN WEST,6,837430327189295104,KlondikeBar,9758
2026,1331774599196585984,NCAA MOUNTAIN WEST,6,837430327189295104,KlondikeBar,BAL
2026,1331774599196585984,NCAA MOUNTAIN WEST,6,837430327189295104,KlondikeBar,MIN
2026,1331774599196585984,NCAA MOUNTAIN WEST,7,604155835978944512,Vikes1819,10232
2026,1331774599196585984,NCAA MOUNTAIN WEST,7,604155835978944512,Vikes1819,11370
2026,1331774599196585984,NCAA MOUNTAIN WEST,7,604155835978944512,Vikes1819,11597
2026,1331774599196585984,NCAA MOUNTAIN WEST,7,604155835978944512,Vikes1819,11603
2026,1331774599196585984,NCAA MOUNTAIN WEST,7,604155835978944512,Vikes1819,11655
2026,1331774599196585984,NCAA MOUNTAIN WEST,7,604155835978944512,Vikes1819,11786
2026,1331774599196585984,NCAA MOUNTAIN WEST,7,604155835978944512,Vikes1819,12471
2026,1331774599196585984,NCAA MOUNTAIN WEST,7,604155835978944512,Vikes1819,12483
2026,1331774599196585984,NCAA MOUNTAIN WEST,7,604155835978944512,Vikes1819,12489
2026,1331774599196585984,NCAA MOUNTAIN WEST,7,604155835978944512,Vikes1819,12495
2026,1331774599196585984,NCAA MOUNTAIN WEST,7,604155835978944512,Vikes1819,12501
2026,1331774599196585984,NCAA MOUNTAIN WEST,7,604155835978944512,Vikes1819,12509
2026,1331774599196585984,NCAA MOUNTAIN WEST,7,604155835978944512,Vikes1819,12511
2026,1331774599196585984,NCAA MOUNTAIN WEST,7,604155835978944512,Vikes1819,12670
2026,1331774599196585984,NCAA MOUNTAIN WEST,7,604155835978944512,Vikes1819,13279
2026,1331774599196585984,NCAA MOUNTAIN WEST,7,604155835978944512,Vikes1819,13286
2026,1331774599196585984,NCAA MOUNTAIN WEST,7,604155835978944512,Vikes1819,13303
2026,1331774599196585984,NCAA MOUNTAIN WEST,7,604155835978944512,Vikes1819,13337
2026,1331774599196585984,NCAA MOUNTAIN WEST,7,604155835978944512,Vikes1819,13345
2026,1331774599196585984,NCAA MOUNTAIN WEST,7,604155835978944512,Vikes1819,13353
2026,1331774599196585984,NCAA MOUNTAIN WEST,7,604155835978944512,Vikes1819,13380
2026,1331774599196585984,NCAA MOUNTAIN WEST,7,604155835978944512,Vikes1819,13417
2026,1331774599196585984,NCAA MOUNTAIN WEST,7,604155835978944512,Vikes1819,13424
2026,1331774599196585984,NCAA MOUNTAIN WEST,7,604155835978944512,Vikes1819,4046
2026,1331774599196585984,NCAA MOUNTAIN WEST,7,604155835978944512,Vikes1819,4177
2026,1331774599196585984,NCAA MOUNTAIN WEST,7,604155835978944512,Vikes1819,5849
2026,1331774599196585984,NCAA MOUNTAIN WEST,7,604155835978944512,Vikes1819,6826
2026,1331774599196585984,NCAA MOUNTAIN WEST,7,604155835978944512,Vikes1819,7600
2026,1331774599196585984,NCAA MOUNTAIN WEST,7,604155835978944512,Vikes1819,7607
2026,1331774599196585984,NCAA MOUNTAIN WEST,7,604155835978944512,Vikes1819,8144
2026,1331774599196585984,NCAA MOUNTAIN WEST,7,604155835978944512,Vikes1819,8151
2026,1331774599196585984,NCAA MOUNTAIN WEST,7,604155835978944512,Vikes1819,8155
2026,1331774599196585984,NCAA MOUNTAIN WEST,7,604155835978944512,Vikes1819,8698
2026,1331774599196585984,NCAA MOUNTAIN WEST,7,604155835978944512,Vikes1819,9502
2026,1331774599196585984,NCAA MOUNTAIN WEST,7,604155835978944512,Vikes1819,9757
2026,1331774599196585984,NCAA MOUNTAIN WEST,7,604155835978944512,Vikes1819,ARI
2026,1331774599196585984,NCAA MOUNTAIN WEST,7,604155835978944512,Vikes1819,LV
2026,1331774599196585984,NCAA MOUNTAIN WEST,7,604155835978944512,Vikes1819,PIT
2026,1331774599196585984,NCAA MOUNTAIN WEST,8,325726913966395392,bkoldham,10213
2026,1331774599196585984,NCAA MOUNTAIN WEST,8,325726913966395392,bkoldham,10222
2026,1331774599196585984,NCAA MOUNTAIN WEST,8,325726913966395392,bkoldham,11539
2026,1331774599196585984,NCAA MOUNTAIN WEST,8,325726913966395392,bkoldham,11574
2026,1331774599196585984,NCAA MOUNTAIN WEST,8,325726913966395392,bkoldham,11583
2026,1331774599196585984,NCAA MOUNTAIN WEST,8,325726913966395392,bkoldham,11588
2026,1331774599196585984,NCAA MOUNTAIN WEST,8,325726913966395392,bkoldham,11638
2026,1331774599196585984,NCAA MOUNTAIN WEST,8,325726913966395392,bkoldham,11640
2026,1331774599196585984,NCAA MOUNTAIN WEST,8,325726913966395392,bkoldham,12474
2026,1331774599196585984,NCAA MOUNTAIN WEST,8,325726913966395392,bkoldham,12481
2026,1331774599196585984,NCAA MOUNTAIN WEST,8,325726913966395392,bkoldham,12492
2026,1331774599196585984,NCAA MOUNTAIN WEST,8,325726913966395392,bkoldham,12503
2026,1331774599196585984,NCAA MOUNTAIN WEST,8,325726913966395392,bkoldham,12512
2026,1331774599196585984,NCAA MOUNTAIN WEST,8,325726913966395392,bkoldham,12526
2026,1331774599196585984,NCAA MOUNTAIN WEST,8,325726913966395392,bkoldham,12544
2026,1331774599196585984,NCAA MOUNTAIN WEST,8,325726913966395392,bkoldham,13274
2026,1331774599196585984,NCAA MOUNTAIN WEST,8,325726913966395392,bkoldham,13289
2026,1331774599196585984,NCAA MOUNTAIN WEST,8,325726913966395392,bkoldham,13294
2026,1331774599196585984,NCAA MOUNTAIN WEST,8,325726913966395392,bkoldham,13305
2026,1331774599196585984,NCAA MOUNTAIN WEST,8,325726913966395392,bkoldham,1466
2026,1331774599196585984,NCAA MOUNTAIN WEST,8,325726913966395392,bkoldham,3161
2026,1331774599196585984,NCAA MOUNTAIN WEST,8,325726913966395392,bkoldham,3202
2026,1331774599196585984,NCAA MOUNTAIN WEST,8,325726913966395392,bkoldham,3271
2026,1331774599196585984,NCAA MOUNTAIN WEST,8,325726913966395392,bkoldham,4017
2026,1331774599196585984,NCAA MOUNTAIN WEST,8,325726913966395392,bkoldham,4943
2026,1331774599196585984,NCAA MOUNTAIN WEST,8,325726913966395392,bkoldham,4981
2026,1331774599196585984,NCAA MOUNTAIN WEST,8,325726913966395392,bkoldham,5927
2026,1331774599196585984,NCAA MOUNTAIN WEST,8,325726913966395392,bkoldham,6770
2026,1331774599196585984,NCAA MOUNTAIN WEST,8,325726913966395392,bkoldham,6790
2026,1331774599196585984,NCAA MOUNTAIN WEST,8,325726913966395392,bkoldham,7527
2026,1331774599196585984,NCAA MOUNTAIN WEST,8,325726913966395392,bkoldham,7588
2026,1331774599196585984,NCAA MOUNTAIN WEST,8,325726913966395392,bkoldham,7594
2026,1331774599196585984,NCAA MOUNTAIN WEST,8,325726913966395392,bkoldham,7611
2026,1331774599196585984,NCAA MOUNTAIN WEST,8,325726913966395392,bkoldham,7670
2026,1331774599196585984,NCAA MOUNTAIN WEST,8,325726913966395392,bkoldham,7839
2026,1331774599196585984,NCAA MOUNTAIN WEST,8,325726913966395392,bkoldham,8111
2026,1331774599196585984,NCAA MOUNTAIN WEST,8,325726913966395392,bkoldham,8154
2026,1331774599196585984,NCAA MOUNTAIN WEST,8,325726913966395392,bkoldham,829
2026,1331774599196585984,NCAA MOUNTAIN WEST,8,325726913966395392,bkoldham,9997
2026,1331774599196585984,NCAA MOUNTAIN WEST,8,325726913966395392,bkoldham,CIN
2026,1331774599196585984,NCAA MOUNTAIN WEST,8,325726913966395392,bkoldham,NYG
2026,1331774599196585984,NCAA MOUNTAIN WEST,9,589001974318403584,Mrhawke19,11433
2026,1331774599196585984,NCAA MOUNTAIN WEST,9,589001974318403584,Mrhawke19,11563
2026,1331774599196585984,NCAA MOUNTAIN WEST,9,589001974318403584,Mrhawke19,11581
2026,1331774599196585984,NCAA MOUNTAIN WEST,9,589001974318403584,Mrhawke19,11610
2026,1331774599196585984,NCAA MOUNTAIN WEST,9,589001974318403584,Mrhawke19,11629
2026,1331774599196585984,NCAA MOUNTAIN WEST,9,589001974318403584,Mrhawke19,11631
2026,1331774599196585984,NCAA MOUNTAIN WEST,9,589001974318403584,Mrhawke19,12496
2026,1331774599196585984,NCAA MOUNTAIN WEST,9,589001974318403584,Mrhawke19,12508
2026,1331774599196585984,NCAA MOUNTAIN WEST,9,589001974318403584,Mrhawke19,12514
2026,1331774599196585984,NCAA MOUNTAIN WEST,9,589001974318403584,Mrhawke19,12524
2026,1331774599196585984,NCAA MOUNTAIN WEST,9,589001974318403584,Mrhawke19,12547
2026,1331774599196585984,NCAA MOUNTAIN WEST,9,589001974318403584,Mrhawke19,13330
2026,1331774599196585984,NCAA MOUNTAIN WEST,9,589001974318403584,Mrhawke19,13347
2026,1331774599196585984,NCAA MOUNTAIN WEST,9,589001974318403584,Mrhawke19,13405
2026,1331774599196585984,NCAA MOUNTAIN WEST,9,589001974318403584,Mrhawke19,4137
2026,1331774599196585984,NCAA MOUNTAIN WEST,9,589001974318403584,Mrhawke19,4144
2026,1331774599196585984,NCAA MOUNTAIN WEST,9,589001974318403584,Mrhawke19,4147
2026,1331774599196585984,NCAA MOUNTAIN WEST,9,589001974318403584,Mrhawke19,4233
2026,1331774599196585984,NCAA MOUNTAIN WEST,9,589001974318403584,Mrhawke19,4993
2026,1331774599196585984,NCAA MOUNTAIN WEST,9,589001974318403584,Mrhawke19,5095
2026,1331774599196585984,NCAA MOUNTAIN WEST,9,589001974318403584,Mrhawke19,5844
2026,1331774599196585984,NCAA MOUNTAIN WEST,9,589001974318403584,Mrhawke19,5947
2026,1331774599196585984,NCAA MOUNTAIN WEST,9,589001974318403584,Mrhawke19,6083
2026,1331774599196585984,NCAA MOUNTAIN WEST,9,589001974318403584,Mrhawke19,6149
2026,1331774599196585984,NCAA MOUNTAIN WEST,9,589001974318403584,Mrhawke19,6768
2026,1331774599196585984,NCAA MOUNTAIN WEST,9,589001974318403584,Mrhawke19,7090
2026,1331774599196585984,NCAA MOUNTAIN WEST,9,589001974318403584,Mrhawke19,7523
2026,1331774599196585984,NCAA MOUNTAIN WEST,9,589001974318403584,Mrhawke19,7526
2026,1331774599196585984,NCAA MOUNTAIN WEST,9,589001974318403584,Mrhawke19,7543
2026,1331774599196585984,NCAA MOUNTAIN WEST,9,589001974318403584,Mrhawke19,7553
2026,1331774599196585984,NCAA MOUNTAIN WEST,9,589001974318403584,Mrhawke19,7564
2026,1331774599196585984,NCAA MOUNTAIN WEST,9,589001974318403584,Mrhawke19,7567
2026,1331774599196585984,NCAA MOUNTAIN WEST,9,589001974318403584,Mrhawke19,7587
2026,1331774599196585984,NCAA MOUNTAIN WEST,9,589001974318403584,Mrhawke19,7610
2026,1331774599196585984,NCAA MOUNTAIN WEST,9,589001974318403584,Mrhawke19,8117
2026,1331774599196585984,NCAA MOUNTAIN WEST,9,589001974318403584,Mrhawke19,8125
2026,1331774599196585984,NCAA MOUNTAIN WEST,9,589001974318403584,Mrhawke19,8136
2026,1331774599196585984,NCAA MOUNTAIN WEST,9,589001974318403584,Mrhawke19,8146
2026,1331774599196585984,NCAA MOUNTAIN WEST,9,589001974318403584,Mrhawke19,8161
2026,1331774599196585984,NCAA MOUNTAIN WEST,9,589001974318403584,Mrhawke19,9225
2026,1331774599196585984,NCAA MOUNTAIN WEST,9,589001974318403584,Mrhawke19,9494
2026,1331774599196585984,NCAA MOUNTAIN WEST,9,589001974318403584,Mrhawke19,9756
2026,1331774599196585984,NCAA MOUNTAIN WEST,9,589001974318403584,Mrhawke19,GB
2026,1331774599196585984,NCAA MOUNTAIN WEST,9,589001974318403584,Mrhawke19,NE
2026,1331774599196585984,NCAA MOUNTAIN WEST,10,1374560757252890624,postdeezy,10225
2026,1331774599196585984,NCAA MOUNTAIN WEST,10,1374560757252890624,postdeezy,10235
2026,1331774599196585984,NCAA MOUNTAIN WEST,10,1374560757252890624,postdeezy,10871
2026,1331774599196585984,NCAA MOUNTAIN WEST,10,1374560757252890624,postdeezy,10955
2026,1331774599196585984,NCAA MOUNTAIN WEST,10,1374560757252890624,postdeezy,11034
2026,1331774599196585984,NCAA MOUNTAIN WEST,10,1374560757252890624,postdeezy,11564
2026,1331774599196585984,NCAA MOUNTAIN WEST,10,1374560757252890624,postdeezy,11571
2026,1331774599196585984,NCAA MOUNTAIN WEST,10,1374560757252890624,postdeezy,11579
2026,1331774599196585984,NCAA MOUNTAIN WEST,10,1374560757252890624,postdeezy,11633
2026,1331774599196585984,NCAA MOUNTAIN WEST,10,1374560757252890624,postdeezy,11643
2026,1331774599196585984,NCAA MOUNTAIN WEST,10,1374560757252890624,postdeezy,11650
2026,1331774599196585984,NCAA MOUNTAIN WEST,10,1374560757252890624,postdeezy,11651
2026,1331774599196585984,NCAA MOUNTAIN WEST,10,1374560757252890624,postdeezy,11834
2026,1331774599196585984,NCAA MOUNTAIN WEST,10,1374560757252890624,postdeezy,12457
2026,1331774599196585984,NCAA MOUNTAIN WEST,10,1374560757252890624,postdeezy,12518
2026,1331774599196585984,NCAA MOUNTAIN WEST,10,1374560757252890624,postdeezy,12533
2026,1331774599196585984,NCAA MOUNTAIN WEST,10,1374560757252890624,postdeezy,12540
2026,1331774599196585984,NCAA MOUNTAIN WEST,10,1374560757252890624,postdeezy,13268
2026,1331774599196585984,NCAA MOUNTAIN WEST,10,1374560757252890624,postdeezy,13288
2026,1331774599196585984,NCAA MOUNTAIN WEST,10,1374560757252890624,postdeezy,1433
2026,1331774599196585984,NCAA MOUNTAIN WEST,10,1374560757252890624,postdeezy,17
2026,1331774599196585984,NCAA MOUNTAIN WEST,10,1374560757252890624,postdeezy,4039
2026,1331774599196585984,NCAA MOUNTAIN WEST,10,1374560757252890624,postdeezy,6427
2026,1331774599196585984,NCAA MOUNTAIN WEST,10,1374560757252890624,postdeezy,6528
2026,1331774599196585984,NCAA MOUNTAIN WEST,10,1374560757252890624,postdeezy,6801
2026,1331774599196585984,NCAA MOUNTAIN WEST,10,1374560757252890624,postdeezy,6819
2026,1331774599196585984,NCAA MOUNTAIN WEST,10,1374560757252890624,postdeezy,7547
2026,1331774599196585984,NCAA MOUNTAIN WEST,10,1374560757252890624,postdeezy,7608
2026,1331774599196585984,NCAA MOUNTAIN WEST,10,1374560757252890624,postdeezy,7694
2026,1331774599196585984,NCAA MOUNTAIN WEST,10,1374560757252890624,postdeezy,8110
2026,1331774599196585984,NCAA MOUNTAIN WEST,10,1374560757252890624,postdeezy,8121
2026,1331774599196585984,NCAA MOUNTAIN WEST,10,1374560757252890624,postdeezy,8132
2026,1331774599196585984,NCAA MOUNTAIN WEST,10,1374560757252890624,postdeezy,8142
2026,1331774599196585984,NCAA MOUNTAIN WEST,10,1374560757252890624,postdeezy,8143
2026,1331774599196585984,NCAA MOUNTAIN WEST,10,1374560757252890624,postdeezy,8183
2026,1331774599196585984,NCAA MOUNTAIN WEST,10,1374560757252890624,postdeezy,8204
2026,1331774599196585984,NCAA MOUNTAIN WEST,10,1374560757252890624,postdeezy,9224
2026,1331774599196585984,NCAA MOUNTAIN WEST,10,1374560757252890624,postdeezy,9480
2026,1331774599196585984,NCAA MOUNTAIN WEST,10,1374560757252890624,postdeezy,CAR
2026,1331774599196585984,NCAA MOUNTAIN WEST,10,1374560757252890624,postdeezy,CLE
2026,1331774599196585984,NCAA MOUNTAIN WEST,10,1374560757252890624,postdeezy,HOU
2026,1331774599196585984,NCAA MOUNTAIN WEST,11,702897403514159104,bdub3,10859
2026,1331774599196585984,NCAA MOUNTAIN WEST,11,702897403514159104,bdub3,11256
2026,1331774599196585984,NCAA MOUNTAIN WEST,11,702897403514159104,bdub3,11533
2026,1331774599196585984,NCAA MOUNTAIN WEST,11,702897403514159104,bdub3,11566
2026,1331774599196585984,NCAA MOUNTAIN WEST,11,702897403514159104,bdub3,11586
2026,1331774599196585984,NCAA MOUNTAIN WEST,11,702897403514159104,bdub3,11620
2026,1331774599196585984,NCAA MOUNTAIN WEST,11,702897403514159104,bdub3,11627
2026,1331774599196585984,NCAA MOUNTAIN WEST,11,702897403514159104,bdub3,11635
2026,1331774599196585984,NCAA MOUNTAIN WEST,11,702897403514159104,bdub3,11729
2026,1331774599196585984,NCAA MOUNTAIN WEST,11,702897403514159104,bdub3,12472
2026,1331774599196585984,NCAA MOUNTAIN WEST,11,702897403514159104,bdub3,12487
2026,1331774599196585984,NCAA MOUNTAIN WEST,11,702897403514159104,bdub3,12497
2026,1331774599196585984,NCAA MOUNTAIN WEST,11,702897403514159104,bdub3,12504
2026,1331774599196585984,NCAA MOUNTAIN WEST,11,702897403514159104,bdub3,12510
2026,1331774599196585984,NCAA MOUNTAIN WEST,11,702897403514159104,bdub3,12534
2026,1331774599196585984,NCAA MOUNTAIN WEST,11,702897403514159104,bdub3,13272
2026,1331774599196585984,NCAA MOUNTAIN WEST,11,702897403514159104,bdub3,13302
2026,1331774599196585984,NCAA MOUNTAIN WEST,11,702897403514159104,bdub3,13311
2026,1331774599196585984,NCAA MOUNTAIN WEST,11,702897403514159104,bdub3,13319
2026,1331774599196585984,NCAA MOUNTAIN WEST,11,702897403514159104,bdub3,13602
2026,1331774599196585984,NCAA MOUNTAIN WEST,11,702897403514159104,bdub3,3257
2026,1331774599196585984,NCAA MOUNTAIN WEST,11,702897403514159104,bdub3,5119
2026,1331774599196585984,NCAA MOUNTAIN WEST,11,702897403514159104,bdub3,5872
2026,1331774599196585984,NCAA MOUNTAIN WEST,11,702897403514159104,bdub3,5967
2026,1331774599196585984,NCAA MOUNTAIN WEST,11,702897403514159104,bdub3,5995
2026,1331774599196585984,NCAA MOUNTAIN WEST,11,702897403514159104,bdub3,6783
2026,1331774599196585984,NCAA MOUNTAIN WEST,11,702897403514159104,bdub3,6806
2026,1331774599196585984,NCAA MOUNTAIN WEST,11,702897403514159104,bdub3,7571
2026,1331774599196585984,NCAA MOUNTAIN WEST,11,702897403514159104,bdub3,7591
2026,1331774599196585984,NCAA MOUNTAIN WEST,11,702897403514159104,bdub3,8131
2026,1331774599196585984,NCAA MOUNTAIN WEST,11,702897403514159104,bdub3,8148
2026,1331774599196585984,NCAA MOUNTAIN WEST,11,702897403514159104,bdub3,8150
2026,1331774599196585984,NCAA MOUNTAIN WEST,11,702897403514159104,bdub3,8167
2026,1331774599196585984,NCAA MOUNTAIN WEST,11,702897403514159104,bdub3,9229
2026,1331774599196585984,NCAA MOUNTAIN WEST,11,702897403514159104,bdub3,9486
2026,1331774599196585984,NCAA MOUNTAIN WEST,11,702897403514159104,bdub3,9493
2026,1331774599196585984,NCAA MOUNTAIN WEST,11,702897403514159104,bdub3,9511
2026,1331774599196585984,NCAA MOUNTAIN WEST,11,702897403514159104,bdub3,96
2026,1331774599196585984,NCAA MOUNTAIN WEST,11,702897403514159104,bdub3,9753
2026,1331774599196585984,NCAA MOUNTAIN WEST,11,702897403514159104,bdub3,ATL
2026,1331774599196585984,NCAA MOUNTAIN WEST,11,702897403514159104,bdub3,DEN
2026,1331774599196585984,NCAA MOUNTAIN WEST,11,702897403514159104,bdub3,LAR
2026,1331774599196585984,NCAA MOUNTAIN WEST,11,702897403514159104,bdub3,WAS
2026,1331774599196585984,NCAA MOUNTAIN WEST,12,734939566091436032,noahdaboa,10229
2026,1331774599196585984,NCAA MOUNTAIN WEST,12,734939566091436032,noahdaboa,11058
2026,1331774599196585984,NCAA MOUNTAIN WEST,12,734939566091436032,noahdaboa,11560
2026,1331774599196585984,NCAA MOUNTAIN WEST,12,734939566091436032,noahdaboa,11570
2026,1331774599196585984,NCAA MOUNTAIN WEST,12,734939566091436032,noahdaboa,11577
2026,1331774599196585984,NCAA MOUNTAIN WEST,12,734939566091436032,noahdaboa,1166
2026,1331774599196585984,NCAA MOUNTAIN WEST,12,734939566091436032,noahdaboa,12507
2026,1331774599196585984,NCAA MOUNTAIN WEST,12,734939566091436032,noahdaboa,12536
2026,1331774599196585984,NCAA MOUNTAIN WEST,12,734939566091436032,noahdaboa,12545
2026,1331774599196585984,NCAA MOUNTAIN WEST,12,734939566091436032,noahdaboa,13298
2026,1331774599196585984,NCAA MOUNTAIN WEST,12,734939566091436032,noahdaboa,13324
2026,1331774599196585984,NCAA MOUNTAIN WEST,12,734939566091436032,noahdaboa,13348
2026,1331774599196585984,NCAA MOUNTAIN WEST,12,734939566091436032,noahdaboa,1339
2026,1331774599196585984,NCAA MOUNTAIN WEST,12,734939566091436032,noahdaboa,13394
2026,1331774599196585984,NCAA MOUNTAIN WEST,12,734939566091436032,noahdaboa,13411
2026,1331774599196585984,NCAA MOUNTAIN WEST,12,734939566091436032,noahdaboa,13435
2026,1331774599196585984,NCAA MOUNTAIN WEST,12,734939566091436032,noahdaboa,1479
2026,1331774599196585984,NCAA MOUNTAIN WEST,12,734939566091436032,noahdaboa,2505
2026,1331774599196585984,NCAA MOUNTAIN WEST,12,734939566091436032,noahdaboa,3451
2026,1331774599196585984,NCAA MOUNTAIN WEST,12,734939566091436032,noahdaboa,4381
2026,1331774599196585984,NCAA MOUNTAIN WEST,12,734939566091436032,noahdaboa,4454
2026,1331774599196585984,NCAA MOUNTAIN WEST,12,734939566091436032,noahdaboa,5870
2026,1331774599196585984,NCAA MOUNTAIN WEST,12,734939566091436032,noahdaboa,5970
2026,1331774599196585984,NCAA MOUNTAIN WEST,12,734939566091436032,noahdaboa,6039
2026,1331774599196585984,NCAA MOUNTAIN WEST,12,734939566091436032,noahdaboa,6271
2026,1331774599196585984,NCAA MOUNTAIN WEST,12,734939566091436032,noahdaboa,650
2026,1331774599196585984,NCAA MOUNTAIN WEST,12,734939566091436032,noahdaboa,6920
2026,1331774599196585984,NCAA MOUNTAIN WEST,12,734939566091436032,noahdaboa,7525
2026,1331774599196585984,NCAA MOUNTAIN WEST,12,734939566091436032,noahdaboa,7828
2026,1331774599196585984,NCAA MOUNTAIN WEST,12,734939566091436032,noahdaboa,8130
2026,1331774599196585984,NCAA MOUNTAIN WEST,12,734939566091436032,noahdaboa,8135
2026,1331774599196585984,NCAA MOUNTAIN WEST,12,734939566091436032,noahdaboa,8160
2026,1331774599196585984,NCAA MOUNTAIN WEST,12,734939566091436032,noahdaboa,8800
2026,1331774599196585984,NCAA MOUNTAIN WEST,12,734939566091436032,noahdaboa,8917
2026,1331774599196585984,NCAA MOUNTAIN WEST,12,734939566091436032,noahdaboa,9226
2026,1331774599196585984,NCAA MOUNTAIN WEST,12,734939566091436032,noahdaboa,9479
2026,1331774599196585984,NCAA MOUNTAIN WEST,12,734939566091436032,noahdaboa,9509
2026,1331774599196585984,NCAA MOUNTAIN WEST,12,734939566091436032,noahdaboa,9754
2026,1331774599196585984,NCAA MOUNTAIN WEST,12,734939566091436032,noahdaboa,NYJ
2026,1331774599196585984,NCAA MOUNTAIN WEST,12,734939566091436032,noahdaboa,PHI
2026,1331774599196585984,NCAA MOUNTAIN WEST,12,734939566091436032,noahdaboa,TB
2026,1331774544905510912,NCAA OHIO VALLEY,1,571753677428977664,Mistafyer,10223
2026,1331774544905510912,NCAA OHIO VALLEY,1,571753677428977664,Mistafyer,10231
2026,1331774544905510912,NCAA OHIO VALLEY,1,571753677428977664,Mistafyer,11575
2026,1331774544905510912,NCAA OHIO VALLEY,1,571753677428977664,Mistafyer,11604
2026,1331774544905510912,NCAA OHIO VALLEY,1,571753677428977664,Mistafyer,11625
2026,1331774544905510912,NCAA OHIO VALLEY,1,571753677428977664,Mistafyer,11645
2026,1331774544905510912,NCAA OHIO VALLEY,1,571753677428977664,Mistafyer,12505
2026,1331774544905510912,NCAA OHIO VALLEY,1,571753677428977664,Mistafyer,12507
2026,1331774544905510912,NCAA OHIO VALLEY,1,571753677428977664,Mistafyer,12522
2026,1331774544905510912,NCAA OHIO VALLEY,1,571753677428977664,Mistafyer,12535
2026,1331774544905510912,NCAA OHIO VALLEY,1,571753677428977664,Mistafyer,13270
2026,1331774544905510912,NCAA OHIO VALLEY,1,571753677428977664,Mistafyer,13298
2026,1331774544905510912,NCAA OHIO VALLEY,1,571753677428977664,Mistafyer,13302
2026,1331774544905510912,NCAA OHIO VALLEY,1,571753677428977664,Mistafyer,13353
2026,1331774544905510912,NCAA OHIO VALLEY,1,571753677428977664,Mistafyer,1352
2026,1331774544905510912,NCAA OHIO VALLEY,1,571753677428977664,Mistafyer,1945
2026,1331774544905510912,NCAA OHIO VALLEY,1,571753677428977664,Mistafyer,2374
2026,1331774544905510912,NCAA OHIO VALLEY,1,571753677428977664,Mistafyer,3294
2026,1331774544905510912,NCAA OHIO VALLEY,1,571753677428977664,Mistafyer,4144
2026,1331774544905510912,NCAA OHIO VALLEY,1,571753677428977664,Mistafyer,4199
2026,1331774544905510912,NCAA OHIO VALLEY,1,571753677428977664,Mistafyer,4454
2026,1331774544905510912,NCAA OHIO VALLEY,1,571753677428977664,Mistafyer,4972
2026,1331774544905510912,NCAA OHIO VALLEY,1,571753677428977664,Mistafyer,5001
2026,1331774544905510912,NCAA OHIO VALLEY,1,571753677428977664,Mistafyer,5119
2026,1331774544905510912,NCAA OHIO VALLEY,1,571753677428977664,Mistafyer,5859
2026,1331774544905510912,NCAA OHIO VALLEY,1,571753677428977664,Mistafyer,6820
2026,1331774544905510912,NCAA OHIO VALLEY,1,571753677428977664,Mistafyer,7526
2026,1331774544905510912,NCAA OHIO VALLEY,1,571753677428977664,Mistafyer,7591
2026,1331774544905510912,NCAA OHIO VALLEY,1,571753677428977664,Mistafyer,7595
2026,1331774544905510912,NCAA OHIO VALLEY,1,571753677428977664,Mistafyer,8112
2026,1331774544905510912,NCAA OHIO VALLEY,1,571753677428977664,Mistafyer,8117
2026,1331774544905510912,NCAA OHIO VALLEY,1,571753677428977664,Mistafyer,8126
2026,1331774544905510912,NCAA OHIO VALLEY,1,571753677428977664,Mistafyer,8130
2026,1331774544905510912,NCAA OHIO VALLEY,1,571753677428977664,Mistafyer,8147
2026,1331774544905510912,NCAA OHIO VALLEY,1,571753677428977664,Mistafyer,8150
2026,1331774544905510912,NCAA OHIO VALLEY,1,571753677428977664,Mistafyer,9479
2026,1331774544905510912,NCAA OHIO VALLEY,1,571753677428977664,Mistafyer,9486
2026,1331774544905510912,NCAA OHIO VALLEY,1,571753677428977664,Mistafyer,9494
2026,1331774544905510912,NCAA OHIO VALLEY,1,571753677428977664,Mistafyer,9508
2026,1331774544905510912,NCAA OHIO VALLEY,1,571753677428977664,Mistafyer,ARI
2026,1331774544905510912,NCAA OHIO VALLEY,1,571753677428977664,Mistafyer,BAL
2026,1331774544905510912,NCAA OHIO VALLEY,2,601198801197260800,LMarkiewicz04,10219
2026,1331774544905510912,NCAA OHIO VALLEY,2,601198801197260800,LMarkiewicz04,10866
2026,1331774544905510912,NCAA OHIO VALLEY,2,601198801197260800,LMarkiewicz04,10937
2026,1331774544905510912,NCAA OHIO VALLEY,2,601198801197260800,LMarkiewicz04,11370
2026,1331774544905510912,NCAA OHIO VALLEY,2,601198801197260800,LMarkiewicz04,11570
2026,1331774544905510912,NCAA OHIO VALLEY,2,601198801197260800,LMarkiewicz04,12492
2026,1331774544905510912,NCAA OHIO VALLEY,2,601198801197260800,LMarkiewicz04,12523
2026,1331774544905510912,NCAA OHIO VALLEY,2,601198801197260800,LMarkiewicz04,13289
2026,1331774544905510912,NCAA OHIO VALLEY,2,601198801197260800,LMarkiewicz04,13301
2026,1331774544905510912,NCAA OHIO VALLEY,2,601198801197260800,LMarkiewicz04,13303
2026,1331774544905510912,NCAA OHIO VALLEY,2,601198801197260800,LMarkiewicz04,13405
2026,1331774544905510912,NCAA OHIO VALLEY,2,601198801197260800,LMarkiewicz04,13833
2026,1331774544905510912,NCAA OHIO VALLEY,2,601198801197260800,LMarkiewicz04,13968
2026,1331774544905510912,NCAA OHIO VALLEY,2,601198801197260800,LMarkiewicz04,1466
2026,1331774544905510912,NCAA OHIO VALLEY,2,601198801197260800,LMarkiewicz04,19
2026,1331774544905510912,NCAA OHIO VALLEY,2,601198801197260800,LMarkiewicz04,2020
2026,1331774544905510912,NCAA OHIO VALLEY,2,601198801197260800,LMarkiewicz04,2449
2026,1331774544905510912,NCAA OHIO VALLEY,2,601198801197260800,LMarkiewicz04,2747
2026,1331774544905510912,NCAA OHIO VALLEY,2,601198801197260800,LMarkiewicz04,4039
2026,1331774544905510912,NCAA OHIO VALLEY,2,601198801197260800,LMarkiewicz04,4046
2026,1331774544905510912,NCAA OHIO VALLEY,2,601198801197260800,LMarkiewicz04,421
2026,1331774544905510912,NCAA OHIO VALLEY,2,601198801197260800,LMarkiewicz04,4866
2026,1331774544905510912,NCAA OHIO VALLEY,2,601198801197260800,LMarkiewicz04,4943
2026,1331774544905510912,NCAA OHIO VALLEY,2,601198801197260800,LMarkiewicz04,5045
2026,1331774544905510912,NCAA OHIO VALLEY,2,601198801197260800,LMarkiewicz04,5967
2026,1331774544905510912,NCAA OHIO VALLEY,2,601198801197260800,LMarkiewicz04,6786
2026,1331774544905510912,NCAA OHIO VALLEY,2,601198801197260800,LMarkiewicz04,6801
2026,1331774544905510912,NCAA OHIO VALLEY,2,601198801197260800,LMarkiewicz04,7528
2026,1331774544905510912,NCAA OHIO VALLEY,2,601198801197260800,LMarkiewicz04,7670
2026,1331774544905510912,NCAA OHIO VALLEY,2,601198801197260800,LMarkiewicz04,8111
2026,1331774544905510912,NCAA OHIO VALLEY,2,601198801197260800,LMarkiewicz04,8143
2026,1331774544905510912,NCAA OHIO VALLEY,2,601198801197260800,LMarkiewicz04,8172
2026,1331774544905510912,NCAA OHIO VALLEY,2,601198801197260800,LMarkiewicz04,8670
2026,1331774544905510912,NCAA OHIO VALLEY,2,601198801197260800,LMarkiewicz04,9487
2026,1331774544905510912,NCAA OHIO VALLEY,2,601198801197260800,LMarkiewicz04,9493
2026,1331774544905510912,NCAA OHIO VALLEY,2,601198801197260800,LMarkiewicz04,ATL
2026,1331774544905510912,NCAA OHIO VALLEY,2,601198801197260800,LMarkiewicz04,CAR
2026,1331774544905510912,NCAA OHIO VALLEY,2,601198801197260800,LMarkiewicz04,DAL
2026,1331774544905510912,NCAA OHIO VALLEY,2,601198801197260800,LMarkiewicz04,DEN
2026,1331774544905510912,NCAA OHIO VALLEY,2,601198801197260800,LMarkiewicz04,NYG
2026,1331774544905510912,NCAA OHIO VALLEY,2,601198801197260800,LMarkiewicz04,PIT
2026,1331774544905510912,NCAA OHIO VALLEY,3,468944645166985216,srcav,10214
2026,1331774544905510912,NCAA OHIO VALLEY,3,468944645166985216,srcav,11565
2026,1331774544905510912,NCAA OHIO VALLEY,3,468944645166985216,srcav,11629
2026,1331774544905510912,NCAA OHIO VALLEY,3,468944645166985216,srcav,11635
2026,1331774544905510912,NCAA OHIO VALLEY,3,468944645166985216,srcav,11653
2026,1331774544905510912,NCAA OHIO VALLEY,3,468944645166985216,srcav,1166
2026,1331774544905510912,NCAA OHIO VALLEY,3,468944645166985216,srcav,11729
2026,1331774544905510912,NCAA OHIO VALLEY,3,468944645166985216,srcav,12385
2026,1331774544905510912,NCAA OHIO VALLEY,3,468944645166985216,srcav,12484
2026,1331774544905510912,NCAA OHIO VALLEY,3,468944645166985216,srcav,12489
2026,1331774544905510912,NCAA OHIO VALLEY,3,468944645166985216,srcav,12496
2026,1331774544905510912,NCAA OHIO VALLEY,3,468944645166985216,srcav,12521
2026,1331774544905510912,NCAA OHIO VALLEY,3,468944645166985216,srcav,12540
2026,1331774544905510912,NCAA OHIO VALLEY,3,468944645166985216,srcav,12541
2026,1331774544905510912,NCAA OHIO VALLEY,3,468944645166985216,srcav,13274
2026,1331774544905510912,NCAA OHIO VALLEY,3,468944645166985216,srcav,13281
2026,1331774544905510912,NCAA OHIO VALLEY,3,468944645166985216,srcav,13305
2026,1331774544905510912,NCAA OHIO VALLEY,3,468944645166985216,srcav,13380
2026,1331774544905510912,NCAA OHIO VALLEY,3,468944645166985216,srcav,1339
2026,1331774544905510912,NCAA OHIO VALLEY,3,468944645166985216,srcav,3198
2026,1331774544905510912,NCAA OHIO VALLEY,3,468944645166985216,srcav,3286
2026,1331774544905510912,NCAA OHIO VALLEY,3,468944645166985216,srcav,3321
2026,1331774544905510912,NCAA OHIO VALLEY,3,468944645166985216,srcav,4035
2026,1331774544905510912,NCAA OHIO VALLEY,3,468944645166985216,srcav,4574
2026,1331774544905510912,NCAA OHIO VALLEY,3,468944645166985216,srcav,5133
2026,1331774544905510912,NCAA OHIO VALLEY,3,468944645166985216,srcav,5272
2026,1331774544905510912,NCAA OHIO VALLEY,3,468944645166985216,srcav,5844
2026,1331774544905510912,NCAA OHIO VALLEY,3,468944645166985216,srcav,5849
2026,1331774544905510912,NCAA OHIO VALLEY,3,468944645166985216,srcav,5872
2026,1331774544905510912,NCAA OHIO VALLEY,3,468944645166985216,srcav,6151
2026,1331774544905510912,NCAA OHIO VALLEY,3,468944645166985216,srcav,6528
2026,1331774544905510912,NCAA OHIO VALLEY,3,468944645166985216,srcav,6865
2026,1331774544905510912,NCAA OHIO VALLEY,3,468944645166985216,srcav,7066
2026,1331774544905510912,NCAA OHIO VALLEY,3,468944645166985216,srcav,7496
2026,1331774544905510912,NCAA OHIO VALLEY,3,468944645166985216,srcav,7562
2026,1331774544905510912,NCAA OHIO VALLEY,3,468944645166985216,srcav,7568
2026,1331774544905510912,NCAA OHIO VALLEY,3,468944645166985216,srcav,7596
2026,1331774544905510912,NCAA OHIO VALLEY,3,468944645166985216,srcav,7600
2026,1331774544905510912,NCAA OHIO VALLEY,3,468944645166985216,srcav,9484
2026,1331774544905510912,NCAA OHIO VALLEY,3,468944645166985216,srcav,9502
2026,1331774544905510912,NCAA OHIO VALLEY,3,468944645166985216,srcav,9753
2026,1331774544905510912,NCAA OHIO VALLEY,3,468944645166985216,srcav,9758
2026,1331774544905510912,NCAA OHIO VALLEY,3,468944645166985216,srcav,CLE
2026,1331774544905510912,NCAA OHIO VALLEY,3,468944645166985216,srcav,IND
2026,1331774544905510912,NCAA OHIO VALLEY,3,468944645166985216,srcav,MIN
2026,1331774544905510912,NCAA OHIO VALLEY,4,472879969664495616,ethansherwood22,10218
2026,1331774544905510912,NCAA OHIO VALLEY,4,472879969664495616,ethansherwood22,10444
2026,1331774544905510912,NCAA OHIO VALLEY,4,472879969664495616,ethansherwood22,11261
2026,1331774544905510912,NCAA OHIO VALLEY,4,472879969664495616,ethansherwood22,11564
2026,1331774544905510912,NCAA OHIO VALLEY,4,472879969664495616,ethansherwood22,11569
2026,1331774544905510912,NCAA OHIO VALLEY,4,472879969664495616,ethansherwood22,11574
2026,1331774544905510912,NCAA OHIO VALLEY,4,472879969664495616,ethansherwood22,11596
2026,1331774544905510912,NCAA OHIO VALLEY,4,472879969664495616,ethansherwood22,11631
2026,1331774544905510912,NCAA OHIO VALLEY,4,472879969664495616,ethansherwood22,11640
2026,1331774544905510912,NCAA OHIO VALLEY,4,472879969664495616,ethansherwood22,11655
2026,1331774544905510912,NCAA OHIO VALLEY,4,472879969664495616,ethansherwood22,12508
2026,1331774544905510912,NCAA OHIO VALLEY,4,472879969664495616,ethansherwood22,12512
2026,1331774544905510912,NCAA OHIO VALLEY,4,472879969664495616,ethansherwood22,13275
2026,1331774544905510912,NCAA OHIO VALLEY,4,472879969664495616,ethansherwood22,13346
2026,1331774544905510912,NCAA OHIO VALLEY,4,472879969664495616,ethansherwood22,13401
2026,1331774544905510912,NCAA OHIO VALLEY,4,472879969664495616,ethansherwood22,2028
2026,1331774544905510912,NCAA OHIO VALLEY,4,472879969664495616,ethansherwood22,2359
2026,1331774544905510912,NCAA OHIO VALLEY,4,472879969664495616,ethansherwood22,4037
2026,1331774544905510912,NCAA OHIO VALLEY,4,472879969664495616,ethansherwood22,4666
2026,1331774544905510912,NCAA OHIO VALLEY,4,472879969664495616,ethansherwood22,5010
2026,1331774544905510912,NCAA OHIO VALLEY,4,472879969664495616,ethansherwood22,5022
2026,1331774544905510912,NCAA OHIO VALLEY,4,472879969664495616,ethansherwood22,503
2026,1331774544905510912,NCAA OHIO VALLEY,4,472879969664495616,ethansherwood22,6790
2026,1331774544905510912,NCAA OHIO VALLEY,4,472879969664495616,ethansherwood22,6794
2026,1331774544905510912,NCAA OHIO VALLEY,4,472879969664495616,ethansherwood22,6797
2026,1331774544905510912,NCAA OHIO VALLEY,4,472879969664495616,ethansherwood22,6813
2026,1331774544905510912,NCAA OHIO VALLEY,4,472879969664495616,ethansherwood22,7564
2026,1331774544905510912,NCAA OHIO VALLEY,4,472879969664495616,ethansherwood22,8228
2026,1331774544905510912,NCAA OHIO VALLEY,4,472879969664495616,ethansherwood22,8258
2026,1331774544905510912,NCAA OHIO VALLEY,4,472879969664495616,ethansherwood22,8800
2026,1331774544905510912,NCAA OHIO VALLEY,4,472879969664495616,ethansherwood22,9220
2026,1331774544905510912,NCAA OHIO VALLEY,4,472879969664495616,ethansherwood22,9222
2026,1331774544905510912,NCAA OHIO VALLEY,4,472879969664495616,ethansherwood22,9488
2026,1331774544905510912,NCAA OHIO VALLEY,4,472879969664495616,ethansherwood22,9492
2026,1331774544905510912,NCAA OHIO VALLEY,4,472879969664495616,ethansherwood22,9500
2026,1331774544905510912,NCAA OHIO VALLEY,4,472879969664495616,ethansherwood22,LV
2026,1331774544905510912,NCAA OHIO VALLEY,4,472879969664495616,ethansherwood22,MIA
2026,1331774544905510912,NCAA OHIO VALLEY,5,474662041341128704,Dreev,10213
2026,1331774544905510912,NCAA OHIO VALLEY,5,474662041341128704,Dreev,10232
2026,1331774544905510912,NCAA OHIO VALLEY,5,474662041341128704,Dreev,10859
2026,1331774544905510912,NCAA OHIO VALLEY,5,474662041341128704,Dreev,10955
2026,1331774544905510912,NCAA OHIO VALLEY,5,474662041341128704,Dreev,11539
2026,1331774544905510912,NCAA OHIO VALLEY,5,474662041341128704,Dreev,11583
2026,1331774544905510912,NCAA OHIO VALLEY,5,474662041341128704,Dreev,11632
2026,1331774544905510912,NCAA OHIO VALLEY,5,474662041341128704,Dreev,11637
2026,1331774544905510912,NCAA OHIO VALLEY,5,474662041341128704,Dreev,11643
2026,1331774544905510912,NCAA OHIO VALLEY,5,474662041341128704,Dreev,11646
2026,1331774544905510912,NCAA OHIO VALLEY,5,474662041341128704,Dreev,12185
2026,1331774544905510912,NCAA OHIO VALLEY,5,474662041341128704,Dreev,12474
2026,1331774544905510912,NCAA OHIO VALLEY,5,474662041341128704,Dreev,12529
2026,1331774544905510912,NCAA OHIO VALLEY,5,474662041341128704,Dreev,12670
2026,1331774544905510912,NCAA OHIO VALLEY,5,474662041341128704,Dreev,13286
2026,1331774544905510912,NCAA OHIO VALLEY,5,474662041341128704,Dreev,13293
2026,1331774544905510912,NCAA OHIO VALLEY,5,474662041341128704,Dreev,13414
2026,1331774544905510912,NCAA OHIO VALLEY,5,474662041341128704,Dreev,13421
2026,1331774544905510912,NCAA OHIO VALLEY,5,474662041341128704,Dreev,2306
2026,1331774544905510912,NCAA OHIO VALLEY,5,474662041341128704,Dreev,2307
2026,1331774544905510912,NCAA OHIO VALLEY,5,474662041341128704,Dreev,3163
2026,1331774544905510912,NCAA OHIO VALLEY,5,474662041341128704,Dreev,3257
2026,1331774544905510912,NCAA OHIO VALLEY,5,474662041341128704,Dreev,4219
2026,1331774544905510912,NCAA OHIO VALLEY,5,474662041341128704,Dreev,4227
2026,1331774544905510912,NCAA OHIO VALLEY,5,474662041341128704,Dreev,4381
2026,1331774544905510912,NCAA OHIO VALLEY,5,474662041341128704,Dreev,5854
2026,1331774544905510912,NCAA OHIO VALLEY,5,474662041341128704,Dreev,6770
2026,1331774544905510912,NCAA OHIO VALLEY,5,474662041341128704,Dreev,6806
2026,1331774544905510912,NCAA OHIO VALLEY,5,474662041341128704,Dreev,7525
2026,1331774544905510912,NCAA OHIO VALLEY,5,474662041341128704,Dreev,8110
2026,1331774544905510912,NCAA OHIO VALLEY,5,474662041341128704,Dreev,8146
2026,1331774544905510912,NCAA OHIO VALLEY,5,474662041341128704,Dreev,8148
2026,1331774544905510912,NCAA OHIO VALLEY,5,474662041341128704,Dreev,8180
2026,1331774544905510912,NCAA OHIO VALLEY,5,474662041341128704,Dreev,8230
2026,1331774544905510912,NCAA OHIO VALLEY,5,474662041341128704,Dreev,827
2026,1331774544905510912,NCAA OHIO VALLEY,5,474662041341128704,Dreev,8698
2026,1331774544905510912,NCAA OHIO VALLEY,5,474662041341128704,Dreev,9226
2026,1331774544905510912,NCAA OHIO VALLEY,5,474662041341128704,Dreev,9229
2026,1331774544905510912,NCAA OHIO VALLEY,5,474662041341128704,Dreev,9754
2026,1331774544905510912,NCAA OHIO VALLEY,5,474662041341128704,Dreev,DET
2026,1331774544905510912,NCAA OHIO VALLEY,5,474662041341128704,Dreev,LAR
2026,1331774544905510912,NCAA OHIO VALLEY,5,474662041341128704,Dreev,NO
2026,1331774544905510912,NCAA OHIO VALLEY,6,331558449374593024,leathershoe4,10235
2026,1331774544905510912,NCAA OHIO VALLEY,6,331558449374593024,leathershoe4,11562
2026,1331774544905510912,NCAA OHIO VALLEY,6,331558449374593024,leathershoe4,11650
2026,1331774544905510912,NCAA OHIO VALLEY,6,331558449374593024,leathershoe4,11786
2026,1331774544905510912,NCAA OHIO VALLEY,6,331558449374593024,leathershoe4,11792
2026,1331774544905510912,NCAA OHIO VALLEY,6,331558449374593024,leathershoe4,11834
2026,1331774544905510912,NCAA OHIO VALLEY,6,331558449374593024,leathershoe4,12467
2026,1331774544905510912,NCAA OHIO VALLEY,6,331558449374593024,leathershoe4,12493
2026,1331774544905510912,NCAA OHIO VALLEY,6,331558449374593024,leathershoe4,12502
2026,1331774544905510912,NCAA OHIO VALLEY,6,331558449374593024,leathershoe4,12641
2026,1331774544905510912,NCAA OHIO VALLEY,6,331558449374593024,leathershoe4,12738
2026,1331774544905510912,NCAA OHIO VALLEY,6,331558449374593024,leathershoe4,13264
2026,1331774544905510912,NCAA OHIO VALLEY,6,331558449374593024,leathershoe4,13277
2026,1331774544905510912,NCAA OHIO VALLEY,6,331558449374593024,leathershoe4,13317
2026,1331774544905510912,NCAA OHIO VALLEY,6,331558449374593024,leathershoe4,13324
2026,1331774544905510912,NCAA OHIO VALLEY,6,331558449374593024,leathershoe4,13347
2026,1331774544905510912,NCAA OHIO VALLEY,6,331558449374593024,leathershoe4,13349
2026,1331774544905510912,NCAA OHIO VALLEY,6,331558449374593024,leathershoe4,13418
2026,1331774544905510912,NCAA OHIO VALLEY,6,331558449374593024,leathershoe4,13477
2026,1331774544905510912,NCAA OHIO VALLEY,6,331558449374593024,leathershoe4,13533
2026,1331774544905510912,NCAA OHIO VALLEY,6,331558449374593024,leathershoe4,13541
2026,1331774544905510912,NCAA OHIO VALLEY,6,331558449374593024,leathershoe4,13545
2026,1331774544905510912,NCAA OHIO VALLEY,6,331558449374593024,leathershoe4,1479
2026,1331774544905510912,NCAA OHIO VALLEY,6,331558449374593024,leathershoe4,2505
2026,1331774544905510912,NCAA OHIO VALLEY,6,331558449374593024,leathershoe4,3161
2026,1331774544905510912,NCAA OHIO VALLEY,6,331558449374593024,leathershoe4,3451
2026,1331774544905510912,NCAA OHIO VALLEY,6,331558449374593024,leathershoe4,4217
2026,1331774544905510912,NCAA OHIO VALLEY,6,331558449374593024,leathershoe4,5189
2026,1331774544905510912,NCAA OHIO VALLEY,6,331558449374593024,leathershoe4,5846
2026,1331774544905510912,NCAA OHIO VALLEY,6,331558449374593024,leathershoe4,5848
2026,1331774544905510912,NCAA OHIO VALLEY,6,331558449374593024,leathershoe4,5892
2026,1331774544905510912,NCAA OHIO VALLEY,6,331558449374593024,leathershoe4,5927
2026,1331774544905510912,NCAA OHIO VALLEY,6,331558449374593024,leathershoe4,6803
2026,1331774544905510912,NCAA OHIO VALLEY,6,331558449374593024,leathershoe4,6819
2026,1331774544905510912,NCAA OHIO VALLEY,6,331558449374593024,leathershoe4,6904
2026,1331774544905510912,NCAA OHIO VALLEY,6,331558449374593024,leathershoe4,6931
2026,1331774544905510912,NCAA OHIO VALLEY,6,331558449374593024,leathershoe4,7021
2026,1331774544905510912,NCAA OHIO VALLEY,6,331558449374593024,leathershoe4,7571
2026,1331774544905510912,NCAA OHIO VALLEY,6,331558449374593024,leathershoe4,7828
2026,1331774544905510912,NCAA OHIO VALLEY,6,331558449374593024,leathershoe4,8151
2026,1331774544905510912,NCAA OHIO VALLEY,6,331558449374593024,leathershoe4,8205
2026,1331774544905510912,NCAA OHIO VALLEY,6,331558449374593024,leathershoe4,8408
2026,1331774544905510912,NCAA OHIO VALLEY,6,331558449374593024,leathershoe4,9480
2026,1331774544905510912,NCAA OHIO VALLEY,6,331558449374593024,leathershoe4,LAC
2026,1331774544905510912,NCAA OHIO VALLEY,6,331558449374593024,leathershoe4,NYJ
2026,1331774544905510912,NCAA OHIO VALLEY,7,635700695584043008,charlielol,11008
2026,1331774544905510912,NCAA OHIO VALLEY,7,635700695584043008,charlielol,11058
2026,1331774544905510912,NCAA OHIO VALLEY,7,635700695584043008,charlielol,11577
2026,1331774544905510912,NCAA OHIO VALLEY,7,635700695584043008,charlielol,11619
2026,1331774544905510912,NCAA OHIO VALLEY,7,635700695584043008,charlielol,12471
2026,1331774544905510912,NCAA OHIO VALLEY,7,635700695584043008,charlielol,12499
2026,1331774544905510912,NCAA OHIO VALLEY,7,635700695584043008,charlielol,12509
2026,1331774544905510912,NCAA OHIO VALLEY,7,635700695584043008,charlielol,12524
2026,1331774544905510912,NCAA OHIO VALLEY,7,635700695584043008,charlielol,12530
2026,1331774544905510912,NCAA OHIO VALLEY,7,635700695584043008,charlielol,13269
2026,1331774544905510912,NCAA OHIO VALLEY,7,635700695584043008,charlielol,13279
2026,1331774544905510912,NCAA OHIO VALLEY,7,635700695584043008,charlielol,13348
2026,1331774544905510912,NCAA OHIO VALLEY,7,635700695584043008,charlielol,13402
2026,1331774544905510912,NCAA OHIO VALLEY,7,635700695584043008,charlielol,2078
2026,1331774544905510912,NCAA OHIO VALLEY,7,635700695584043008,charlielol,2133
2026,1331774544905510912,NCAA OHIO VALLEY,7,635700695584043008,charlielol,2197
2026,1331774544905510912,NCAA OHIO VALLEY,7,635700695584043008,charlielol,3164
2026,1331774544905510912,NCAA OHIO VALLEY,7,635700695584043008,charlielol,3214
2026,1331774544905510912,NCAA OHIO VALLEY,7,635700695584043008,charlielol,4098
2026,1331774544905510912,NCAA OHIO VALLEY,7,635700695584043008,charlielol,4195
2026,1331774544905510912,NCAA OHIO VALLEY,7,635700695584043008,charlielol,4233
2026,1331774544905510912,NCAA OHIO VALLEY,7,635700695584043008,charlielol,4981
2026,1331774544905510912,NCAA OHIO VALLEY,7,635700695584043008,charlielol,4983
2026,1331774544905510912,NCAA OHIO VALLEY,7,635700695584043008,charlielol,5012
2026,1331774544905510912,NCAA OHIO VALLEY,7,635700695584043008,charlielol,6011
2026,1331774544905510912,NCAA OHIO VALLEY,7,635700695584043008,charlielol,6650
2026,1331774544905510912,NCAA OHIO VALLEY,7,635700695584043008,charlielol,6804
2026,1331774544905510912,NCAA OHIO VALLEY,7,635700695584043008,charlielol,7523
2026,1331774544905510912,NCAA OHIO VALLEY,7,635700695584043008,charlielol,7538
2026,1331774544905510912,NCAA OHIO VALLEY,7,635700695584043008,charlielol,7567
2026,1331774544905510912,NCAA OHIO VALLEY,7,635700695584043008,charlielol,7605
2026,1331774544905510912,NCAA OHIO VALLEY,7,635700695584043008,charlielol,8125
2026,1331774544905510912,NCAA OHIO VALLEY,7,635700695584043008,charlielol,8135
2026,1331774544905510912,NCAA OHIO VALLEY,7,635700695584043008,charlielol,8138
2026,1331774544905510912,NCAA OHIO VALLEY,7,635700695584043008,charlielol,8206
2026,1331774544905510912,NCAA OHIO VALLEY,7,635700695584043008,charlielol,8208
2026,1331774544905510912,NCAA OHIO VALLEY,7,635700695584043008,charlielol,9221
2026,1331774544905510912,NCAA OHIO VALLEY,7,635700695584043008,charlielol,9224
2026,1331774544905510912,NCAA OHIO VALLEY,7,635700695584043008,charlielol,9482
2026,1331774544905510912,NCAA OHIO VALLEY,7,635700695584043008,charlielol,96
2026,1331774544905510912,NCAA OHIO VALLEY,7,635700695584043008,charlielol,CHI
2026,1331774544905510912,NCAA OHIO VALLEY,7,635700695584043008,charlielol,CIN
2026,1331774544905510912,NCAA OHIO VALLEY,7,635700695584043008,charlielol,SF
2026,1331774544905510912,NCAA OHIO VALLEY,8,426756284365160448,mooremc,11435
2026,1331774544905510912,NCAA OHIO VALLEY,8,426756284365160448,mooremc,11557
2026,1331774544905510912,NCAA OHIO VALLEY,8,426756284365160448,mooremc,11571
2026,1331774544905510912,NCAA OHIO VALLEY,8,426756284365160448,mooremc,11586
2026,1331774544905510912,NCAA OHIO VALLEY,8,426756284365160448,mooremc,11592
2026,1331774544905510912,NCAA OHIO VALLEY,8,426756284365160448,mooremc,11597
2026,1331774544905510912,NCAA OHIO VALLEY,8,426756284365160448,mooremc,11624
2026,1331774544905510912,NCAA OHIO VALLEY,8,426756284365160448,mooremc,11651
2026,1331774544905510912,NCAA OHIO VALLEY,8,426756284365160448,mooremc,12473
2026,1331774544905510912,NCAA OHIO VALLEY,8,426756284365160448,mooremc,12486
2026,1331774544905510912,NCAA OHIO VALLEY,8,426756284365160448,mooremc,12500
2026,1331774544905510912,NCAA OHIO VALLEY,8,426756284365160448,mooremc,12501
2026,1331774544905510912,NCAA OHIO VALLEY,8,426756284365160448,mooremc,12503
2026,1331774544905510912,NCAA OHIO VALLEY,8,426756284365160448,mooremc,12504
2026,1331774544905510912,NCAA OHIO VALLEY,8,426756284365160448,mooremc,12506
2026,1331774544905510912,NCAA OHIO VALLEY,8,426756284365160448,mooremc,12527
2026,1331774544905510912,NCAA OHIO VALLEY,8,426756284365160448,mooremc,12533
2026,1331774544905510912,NCAA OHIO VALLEY,8,426756284365160448,mooremc,12534
2026,1331774544905510912,NCAA OHIO VALLEY,8,426756284365160448,mooremc,12536
2026,1331774544905510912,NCAA OHIO VALLEY,8,426756284365160448,mooremc,12542
2026,1331774544905510912,NCAA OHIO VALLEY,8,426756284365160448,mooremc,13287
2026,1331774544905510912,NCAA OHIO VALLEY,8,426756284365160448,mooremc,13296
2026,1331774544905510912,NCAA OHIO VALLEY,8,426756284365160448,mooremc,13311
2026,1331774544905510912,NCAA OHIO VALLEY,8,426756284365160448,mooremc,13329
2026,1331774544905510912,NCAA OHIO VALLEY,8,426756284365160448,mooremc,13400
2026,1331774544905510912,NCAA OHIO VALLEY,8,426756284365160448,mooremc,13413
2026,1331774544905510912,NCAA OHIO VALLEY,8,426756284365160448,mooremc,13417
2026,1331774544905510912,NCAA OHIO VALLEY,8,426756284365160448,mooremc,13420
2026,1331774544905510912,NCAA OHIO VALLEY,8,426756284365160448,mooremc,4066
2026,1331774544905510912,NCAA OHIO VALLEY,8,426756284365160448,mooremc,4892
2026,1331774544905510912,NCAA OHIO VALLEY,8,426756284365160448,mooremc,4993
2026,1331774544905510912,NCAA OHIO VALLEY,8,426756284365160448,mooremc,6083
2026,1331774544905510912,NCAA OHIO VALLEY,8,426756284365160448,mooremc,6768
2026,1331774544905510912,NCAA OHIO VALLEY,8,426756284365160448,mooremc,6783
2026,1331774544905510912,NCAA OHIO VALLEY,8,426756284365160448,mooremc,7839
2026,1331774544905510912,NCAA OHIO VALLEY,8,426756284365160448,mooremc,8119
2026,1331774544905510912,NCAA OHIO VALLEY,8,426756284365160448,mooremc,8154
2026,1331774544905510912,NCAA OHIO VALLEY,8,426756284365160448,mooremc,8167
2026,1331774544905510912,NCAA OHIO VALLEY,8,426756284365160448,mooremc,9756
2026,1331774544905510912,NCAA OHIO VALLEY,8,426756284365160448,mooremc,9999
2026,1331774544905510912,NCAA OHIO VALLEY,8,426756284365160448,mooremc,BUF
2026,1331774544905510912,NCAA OHIO VALLEY,8,426756284365160448,mooremc,GB
2026,1331774544905510912,NCAA OHIO VALLEY,8,426756284365160448,mooremc,PHI
2026,1331774544905510912,NCAA OHIO VALLEY,9,997659278062272512,pontes021,10226
2026,1331774544905510912,NCAA OHIO VALLEY,9,997659278062272512,pontes021,11533
2026,1331774544905510912,NCAA OHIO VALLEY,9,997659278062272512,pontes021,11566
2026,1331774544905510912,NCAA OHIO VALLEY,9,997659278062272512,pontes021,11576
2026,1331774544905510912,NCAA OHIO VALLEY,9,997659278062272512,pontes021,11589
2026,1331774544905510912,NCAA OHIO VALLEY,9,997659278062272512,pontes021,11600
2026,1331774544905510912,NCAA OHIO VALLEY,9,997659278062272512,pontes021,11618
2026,1331774544905510912,NCAA OHIO VALLEY,9,997659278062272512,pontes021,11626
2026,1331774544905510912,NCAA OHIO VALLEY,9,997659278062272512,pontes021,11627
2026,1331774544905510912,NCAA OHIO VALLEY,9,997659278062272512,pontes021,11628
2026,1331774544905510912,NCAA OHIO VALLEY,9,997659278062272512,pontes021,12481
2026,1331774544905510912,NCAA OHIO VALLEY,9,997659278062272512,pontes021,12482
2026,1331774544905510912,NCAA OHIO VALLEY,9,997659278062272512,pontes021,12495
2026,1331774544905510912,NCAA OHIO VALLEY,9,997659278062272512,pontes021,12517
2026,1331774544905510912,NCAA OHIO VALLEY,9,997659278062272512,pontes021,12526
2026,1331774544905510912,NCAA OHIO VALLEY,9,997659278062272512,pontes021,13294
2026,1331774544905510912,NCAA OHIO VALLEY,9,997659278062272512,pontes021,13297
2026,1331774544905510912,NCAA OHIO VALLEY,9,997659278062272512,pontes021,13299
2026,1331774544905510912,NCAA OHIO VALLEY,9,997659278062272512,pontes021,13333
2026,1331774544905510912,NCAA OHIO VALLEY,9,997659278062272512,pontes021,13337
2026,1331774544905510912,NCAA OHIO VALLEY,9,997659278062272512,pontes021,13338
2026,1331774544905510912,NCAA OHIO VALLEY,9,997659278062272512,pontes021,13423
2026,1331774544905510912,NCAA OHIO VALLEY,9,997659278062272512,pontes021,13434
2026,1331774544905510912,NCAA OHIO VALLEY,9,997659278062272512,pontes021,4177
2026,1331774544905510912,NCAA OHIO VALLEY,9,997659278062272512,pontes021,5095
2026,1331774544905510912,NCAA OHIO VALLEY,9,997659278062272512,pontes021,5938
2026,1331774544905510912,NCAA OHIO VALLEY,9,997659278062272512,pontes021,5995
2026,1331774544905510912,NCAA OHIO VALLEY,9,997659278062272512,pontes021,6853
2026,1331774544905510912,NCAA OHIO VALLEY,9,997659278062272512,pontes021,7049
2026,1331774544905510912,NCAA OHIO VALLEY,9,997659278062272512,pontes021,7527
2026,1331774544905510912,NCAA OHIO VALLEY,9,997659278062272512,pontes021,7553
2026,1331774544905510912,NCAA OHIO VALLEY,9,997659278062272512,pontes021,7694
2026,1331774544905510912,NCAA OHIO VALLEY,9,997659278062272512,pontes021,8134
2026,1331774544905510912,NCAA OHIO VALLEY,9,997659278062272512,pontes021,8142
2026,1331774544905510912,NCAA OHIO VALLEY,9,997659278062272512,pontes021,8155
2026,1331774544905510912,NCAA OHIO VALLEY,9,997659278062272512,pontes021,8161
2026,1331774544905510912,NCAA OHIO VALLEY,9,997659278062272512,pontes021,8183
2026,1331774544905510912,NCAA OHIO VALLEY,9,997659278062272512,pontes021,8225
2026,1331774544905510912,NCAA OHIO VALLEY,9,997659278062272512,pontes021,8676
2026,1331774544905510912,NCAA OHIO VALLEY,9,997659278062272512,pontes021,9504
2026,1331774544905510912,NCAA OHIO VALLEY,9,997659278062272512,pontes021,WAS
2026,1331774544905510912,NCAA OHIO VALLEY,10,594242128851296256,edgeofdefeat,10222
2026,1331774544905510912,NCAA OHIO VALLEY,10,594242128851296256,edgeofdefeat,11559
2026,1331774544905510912,NCAA OHIO VALLEY,10,594242128851296256,edgeofdefeat,11560
2026,1331774544905510912,NCAA OHIO VALLEY,10,594242128851296256,edgeofdefeat,11581
2026,1331774544905510912,NCAA OHIO VALLEY,10,594242128851296256,edgeofdefeat,11620
2026,1331774544905510912,NCAA OHIO VALLEY,10,594242128851296256,edgeofdefeat,11638
2026,1331774544905510912,NCAA OHIO VALLEY,10,594242128851296256,edgeofdefeat,12015
2026,1331774544905510912,NCAA OHIO VALLEY,10,594242128851296256,edgeofdefeat,12455
2026,1331774544905510912,NCAA OHIO VALLEY,10,594242128851296256,edgeofdefeat,12469
2026,1331774544905510912,NCAA OHIO VALLEY,10,594242128851296256,edgeofdefeat,12487
2026,1331774544905510912,NCAA OHIO VALLEY,10,594242128851296256,edgeofdefeat,12490
2026,1331774544905510912,NCAA OHIO VALLEY,10,594242128851296256,edgeofdefeat,12497
2026,1331774544905510912,NCAA OHIO VALLEY,10,594242128851296256,edgeofdefeat,12498
2026,1331774544905510912,NCAA OHIO VALLEY,10,594242128851296256,edgeofdefeat,12511
2026,1331774544905510912,NCAA OHIO VALLEY,10,594242128851296256,edgeofdefeat,12547
2026,1331774544905510912,NCAA OHIO VALLEY,10,594242128851296256,edgeofdefeat,13268
2026,1331774544905510912,NCAA OHIO VALLEY,10,594242128851296256,edgeofdefeat,13272
2026,1331774544905510912,NCAA OHIO VALLEY,10,594242128851296256,edgeofdefeat,13276
2026,1331774544905510912,NCAA OHIO VALLEY,10,594242128851296256,edgeofdefeat,13278
2026,1331774544905510912,NCAA OHIO VALLEY,10,594242128851296256,edgeofdefeat,13288
2026,1331774544905510912,NCAA OHIO VALLEY,10,594242128851296256,edgeofdefeat,13345
2026,1331774544905510912,NCAA OHIO VALLEY,10,594242128851296256,edgeofdefeat,13394
2026,1331774544905510912,NCAA OHIO VALLEY,10,594242128851296256,edgeofdefeat,3155
2026,1331774544905510912,NCAA OHIO VALLEY,10,594242128851296256,edgeofdefeat,3678
2026,1331774544905510912,NCAA OHIO VALLEY,10,594242128851296256,edgeofdefeat,4017
2026,1331774544905510912,NCAA OHIO VALLEY,10,594242128851296256,edgeofdefeat,4033
2026,1331774544905510912,NCAA OHIO VALLEY,10,594242128851296256,edgeofdefeat,5850
2026,1331774544905510912,NCAA OHIO VALLEY,10,594242128851296256,edgeofdefeat,5870
2026,1331774544905510912,NCAA OHIO VALLEY,10,594242128851296256,edgeofdefeat,5947
2026,1331774544905510912,NCAA OHIO VALLEY,10,594242128851296256,edgeofdefeat,5985
2026,1331774544905510912,NCAA OHIO VALLEY,10,594242128851296256,edgeofdefeat,6111
2026,1331774544905510912,NCAA OHIO VALLEY,10,594242128851296256,edgeofdefeat,6130
2026,1331774544905510912,NCAA OHIO VALLEY,10,594242128851296256,edgeofdefeat,6271
2026,1331774544905510912,NCAA OHIO VALLEY,10,594242128851296256,edgeofdefeat,650
2026,1331774544905510912,NCAA OHIO VALLEY,10,594242128851296256,edgeofdefeat,7569
2026,1331774544905510912,NCAA OHIO VALLEY,10,594242128851296256,edgeofdefeat,7588
2026,1331774544905510912,NCAA OHIO VALLEY,10,594242128851296256,edgeofdefeat,8131
2026,1331774544905510912,NCAA OHIO VALLEY,10,594242128851296256,edgeofdefeat,8136
2026,1331774544905510912,NCAA OHIO VALLEY,10,594242128851296256,edgeofdefeat,8188
2026,1331774544905510912,NCAA OHIO VALLEY,10,594242128851296256,edgeofdefeat,9225
2026,1331774544905510912,NCAA OHIO VALLEY,10,594242128851296256,edgeofdefeat,9228
2026,1331774544905510912,NCAA OHIO VALLEY,10,594242128851296256,edgeofdefeat,9511
2026,1331774544905510912,NCAA OHIO VALLEY,10,594242128851296256,edgeofdefeat,JAX
2026,1331774544905510912,NCAA OHIO VALLEY,10,594242128851296256,edgeofdefeat,KC
2026,1331774544905510912,NCAA OHIO VALLEY,10,594242128851296256,edgeofdefeat,TEN
2026,1331774544905510912,NCAA OHIO VALLEY,11,638193564806897664,Romantryert,11199
2026,1331774544905510912,NCAA OHIO VALLEY,11,638193564806897664,Romantryert,11584
2026,1331774544905510912,NCAA OHIO VALLEY,11,638193564806897664,Romantryert,11603
2026,1331774544905510912,NCAA OHIO VALLEY,11,638193564806897664,Romantryert,11610
2026,1331774544905510912,NCAA OHIO VALLEY,11,638193564806897664,Romantryert,11647
2026,1331774544905510912,NCAA OHIO VALLEY,11,638193564806897664,Romantryert,11783
2026,1331774544905510912,NCAA OHIO VALLEY,11,638193564806897664,Romantryert,12457
2026,1331774544905510912,NCAA OHIO VALLEY,11,638193564806897664,Romantryert,12472
2026,1331774544905510912,NCAA OHIO VALLEY,11,638193564806897664,Romantryert,12483
2026,1331774544905510912,NCAA OHIO VALLEY,11,638193564806897664,Romantryert,12510
2026,1331774544905510912,NCAA OHIO VALLEY,11,638193564806897664,Romantryert,12516
2026,1331774544905510912,NCAA OHIO VALLEY,11,638193564806897664,Romantryert,12518
2026,1331774544905510912,NCAA OHIO VALLEY,11,638193564806897664,Romantryert,12543
2026,1331774544905510912,NCAA OHIO VALLEY,11,638193564806897664,Romantryert,12545
2026,1331774544905510912,NCAA OHIO VALLEY,11,638193564806897664,Romantryert,12711
2026,1331774544905510912,NCAA OHIO VALLEY,11,638193564806897664,Romantryert,12713
2026,1331774544905510912,NCAA OHIO VALLEY,11,638193564806897664,Romantryert,13150
2026,1331774544905510912,NCAA OHIO VALLEY,11,638193564806897664,Romantryert,13285
2026,1331774544905510912,NCAA OHIO VALLEY,11,638193564806897664,Romantryert,13319
2026,1331774544905510912,NCAA OHIO VALLEY,11,638193564806897664,Romantryert,13320
2026,1331774544905510912,NCAA OHIO VALLEY,11,638193564806897664,Romantryert,13425
2026,1331774544905510912,NCAA OHIO VALLEY,11,638193564806897664,Romantryert,1373
2026,1331774544905510912,NCAA OHIO VALLEY,11,638193564806897664,Romantryert,1379
2026,1331774544905510912,NCAA OHIO VALLEY,11,638193564806897664,Romantryert,3634
2026,1331774544905510912,NCAA OHIO VALLEY,11,638193564806897664,Romantryert,4034
2026,1331774544905510912,NCAA OHIO VALLEY,11,638193564806897664,Romantryert,4950
2026,1331774544905510912,NCAA OHIO VALLEY,11,638193564806897664,Romantryert,4984
2026,1331774544905510912,NCAA OHIO VALLEY,11,638193564806897664,Romantryert,5857
2026,1331774544905510912,NCAA OHIO VALLEY,11,638193564806897664,Romantryert,5906
2026,1331774544905510912,NCAA OHIO VALLEY,11,638193564806897664,Romantryert,6039
2026,1331774544905510912,NCAA OHIO VALLEY,11,638193564806897664,Romantryert,6826
2026,1331774544905510912,NCAA OHIO VALLEY,11,638193564806897664,Romantryert,7002
2026,1331774544905510912,NCAA OHIO VALLEY,11,638193564806897664,Romantryert,7042
2026,1331774544905510912,NCAA OHIO VALLEY,11,638193564806897664,Romantryert,7090
2026,1331774544905510912,NCAA OHIO VALLEY,11,638193564806897664,Romantryert,7547
2026,1331774544905510912,NCAA OHIO VALLEY,11,638193564806897664,Romantryert,7594
2026,1331774544905510912,NCAA OHIO VALLEY,11,638193564806897664,Romantryert,7611
2026,1331774544905510912,NCAA OHIO VALLEY,11,638193564806897664,Romantryert,8121
2026,1331774544905510912,NCAA OHIO VALLEY,11,638193564806897664,Romantryert,8137
2026,1331774544905510912,NCAA OHIO VALLEY,11,638193564806897664,Romantryert,8259
2026,1331774544905510912,NCAA OHIO VALLEY,11,638193564806897664,Romantryert,8917
2026,1331774544905510912,NCAA OHIO VALLEY,11,638193564806897664,Romantryert,NE
2026,1331774544905510912,NCAA OHIO VALLEY,11,638193564806897664,Romantryert,TB
2026,1331774544905510912,NCAA OHIO VALLEY,12,300814106795974656,Firephool,10229
2026,1331774544905510912,NCAA OHIO VALLEY,12,300814106795974656,Firephool,10236
2026,1331774544905510912,NCAA OHIO VALLEY,12,300814106795974656,Firephool,11439
2026,1331774544905510912,NCAA OHIO VALLEY,12,300814106795974656,Firephool,11563
2026,1331774544905510912,NCAA OHIO VALLEY,12,300814106795974656,Firephool,11579
2026,1331774544905510912,NCAA OHIO VALLEY,12,300814106795974656,Firephool,11595
2026,1331774544905510912,NCAA OHIO VALLEY,12,300814106795974656,Firephool,11608
2026,1331774544905510912,NCAA OHIO VALLEY,12,300814106795974656,Firephool,11630
2026,1331774544905510912,NCAA OHIO VALLEY,12,300814106795974656,Firephool,12048
2026,1331774544905510912,NCAA OHIO VALLEY,12,300814106795974656,Firephool,12485
2026,1331774544905510912,NCAA OHIO VALLEY,12,300814106795974656,Firephool,12514
2026,1331774544905510912,NCAA OHIO VALLEY,12,300814106795974656,Firephool,12519
2026,1331774544905510912,NCAA OHIO VALLEY,12,300814106795974656,Firephool,12531
2026,1331774544905510912,NCAA OHIO VALLEY,12,300814106795974656,Firephool,12544
2026,1331774544905510912,NCAA OHIO VALLEY,12,300814106795974656,Firephool,12718
2026,1331774544905510912,NCAA OHIO VALLEY,12,300814106795974656,Firephool,12961
2026,1331774544905510912,NCAA OHIO VALLEY,12,300814106795974656,Firephool,13307
2026,1331774544905510912,NCAA OHIO VALLEY,12,300814106795974656,Firephool,13309
2026,1331774544905510912,NCAA OHIO VALLEY,12,300814106795974656,Firephool,13330
2026,1331774544905510912,NCAA OHIO VALLEY,12,300814106795974656,Firephool,13411
2026,1331774544905510912,NCAA OHIO VALLEY,12,300814106795974656,Firephool,13424
2026,1331774544905510912,NCAA OHIO VALLEY,12,300814106795974656,Firephool,2216
2026,1331774544905510912,NCAA OHIO VALLEY,12,300814106795974656,Firephool,3271
2026,1331774544905510912,NCAA OHIO VALLEY,12,300814106795974656,Firephool,4137
2026,1331774544905510912,NCAA OHIO VALLEY,12,300814106795974656,Firephool,4147
2026,1331774544905510912,NCAA OHIO VALLEY,12,300814106795974656,Firephool,4881
2026,1331774544905510912,NCAA OHIO VALLEY,12,300814106795974656,Firephool,6149
2026,1331774544905510912,NCAA OHIO VALLEY,12,300814106795974656,Firephool,7543
2026,1331774544905510912,NCAA OHIO VALLEY,12,300814106795974656,Firephool,7608
2026,1331774544905510912,NCAA OHIO VALLEY,12,300814106795974656,Firephool,7922
2026,1331774544905510912,NCAA OHIO VALLEY,12,300814106795974656,Firephool,8127
2026,1331774544905510912,NCAA OHIO VALLEY,12,300814106795974656,Firephool,8132
2026,1331774544905510912,NCAA OHIO VALLEY,12,300814106795974656,Firephool,8144
2026,1331774544905510912,NCAA OHIO VALLEY,12,300814106795974656,Firephool,8210
2026,1331774544905510912,NCAA OHIO VALLEY,12,300814106795974656,Firephool,8254
2026,1331774544905510912,NCAA OHIO VALLEY,12,300814106795974656,Firephool,9501
2026,1331774544905510912,NCAA OHIO VALLEY,12,300814106795974656,Firephool,9506
2026,1331774544905510912,NCAA OHIO VALLEY,12,300814106795974656,Firephool,9509
2026,1331774544905510912,NCAA OHIO VALLEY,12,300814106795974656,Firephool,9757
2026,1331774544905510912,NCAA OHIO VALLEY,12,300814106795974656,Firephool,9997
2026,1331774544905510912,NCAA OHIO VALLEY,12,300814106795974656,Firephool,HOU
2026,1331774544905510912,NCAA OHIO VALLEY,12,300814106795974656,Firephool,SEA
2026,1331775106527006720,NCAA PAC 12,1,917575404431831040,nshox2,10444
2026,1331775106527006720,NCAA PAC 12,1,917575404431831040,nshox2,11377
2026,1331775106527006720,NCAA PAC 12,1,917575404431831040,nshox2,11559
2026,1331775106527006720,NCAA PAC 12,1,917575404431831040,nshox2,11560
2026,1331775106527006720,NCAA PAC 12,1,917575404431831040,nshox2,11575
2026,1331775106527006720,NCAA PAC 12,1,917575404431831040,nshox2,11600
2026,1331775106527006720,NCAA PAC 12,1,917575404431831040,nshox2,11617
2026,1331775106527006720,NCAA PAC 12,1,917575404431831040,nshox2,11618
2026,1331775106527006720,NCAA PAC 12,1,917575404431831040,nshox2,11637
2026,1331775106527006720,NCAA PAC 12,1,917575404431831040,nshox2,11643
2026,1331775106527006720,NCAA PAC 12,1,917575404431831040,nshox2,11655
2026,1331775106527006720,NCAA PAC 12,1,917575404431831040,nshox2,12481
2026,1331775106527006720,NCAA PAC 12,1,917575404431831040,nshox2,12495
2026,1331775106527006720,NCAA PAC 12,1,917575404431831040,nshox2,12506
2026,1331775106527006720,NCAA PAC 12,1,917575404431831040,nshox2,12517
2026,1331775106527006720,NCAA PAC 12,1,917575404431831040,nshox2,12536
2026,1331775106527006720,NCAA PAC 12,1,917575404431831040,nshox2,12547
2026,1331775106527006720,NCAA PAC 12,1,917575404431831040,nshox2,13079
2026,1331775106527006720,NCAA PAC 12,1,917575404431831040,nshox2,13264
2026,1331775106527006720,NCAA PAC 12,1,917575404431831040,nshox2,13287
2026,1331775106527006720,NCAA PAC 12,1,917575404431831040,nshox2,13345
2026,1331775106527006720,NCAA PAC 12,1,917575404431831040,nshox2,13392
2026,1331775106527006720,NCAA PAC 12,1,917575404431831040,nshox2,13402
2026,1331775106527006720,NCAA PAC 12,1,917575404431831040,nshox2,13408
2026,1331775106527006720,NCAA PAC 12,1,917575404431831040,nshox2,13419
2026,1331775106527006720,NCAA PAC 12,1,917575404431831040,nshox2,13429
2026,1331775106527006720,NCAA PAC 12,1,917575404431831040,nshox2,13477
2026,1331775106527006720,NCAA PAC 12,1,917575404431831040,nshox2,13533
2026,1331775106527006720,NCAA PAC 12,1,917575404431831040,nshox2,13541
2026,1331775106527006720,NCAA PAC 12,1,917575404431831040,nshox2,2020
2026,1331775106527006720,NCAA PAC 12,1,917575404431831040,nshox2,2747
2026,1331775106527006720,NCAA PAC 12,1,917575404431831040,nshox2,4993
2026,1331775106527006720,NCAA PAC 12,1,917575404431831040,nshox2,7600
2026,1331775106527006720,NCAA PAC 12,1,917575404431831040,nshox2,9486
2026,1331775106527006720,NCAA PAC 12,1,917575404431831040,nshox2,CHI
2026,1331775106527006720,NCAA PAC 12,1,917575404431831040,nshox2,LV
2026,1331775106527006720,NCAA PAC 12,1,917575404431831040,nshox2,TEN
2026,1331775106527006720,NCAA PAC 12,2,709857172258881536,KamaraGOAT41,11058
2026,1331775106527006720,NCAA PAC 12,2,709857172258881536,KamaraGOAT41,11145
2026,1331775106527006720,NCAA PAC 12,2,709857172258881536,KamaraGOAT41,11597
2026,1331775106527006720,NCAA PAC 12,2,709857172258881536,KamaraGOAT41,11623
2026,1331775106527006720,NCAA PAC 12,2,709857172258881536,KamaraGOAT41,11626
2026,1331775106527006720,NCAA PAC 12,2,709857172258881536,KamaraGOAT41,12457
2026,1331775106527006720,NCAA PAC 12,2,709857172258881536,KamaraGOAT41,12471
2026,1331775106527006720,NCAA PAC 12,2,709857172258881536,KamaraGOAT41,12500
2026,1331775106527006720,NCAA PAC 12,2,709857172258881536,KamaraGOAT41,12507
2026,1331775106527006720,NCAA PAC 12,2,709857172258881536,KamaraGOAT41,12509
2026,1331775106527006720,NCAA PAC 12,2,709857172258881536,KamaraGOAT41,12519
2026,1331775106527006720,NCAA PAC 12,2,709857172258881536,KamaraGOAT41,12529
2026,1331775106527006720,NCAA PAC 12,2,709857172258881536,KamaraGOAT41,12540
2026,1331775106527006720,NCAA PAC 12,2,709857172258881536,KamaraGOAT41,13293
2026,1331775106527006720,NCAA PAC 12,2,709857172258881536,KamaraGOAT41,13353
2026,1331775106527006720,NCAA PAC 12,2,709857172258881536,KamaraGOAT41,2306
2026,1331775106527006720,NCAA PAC 12,2,709857172258881536,KamaraGOAT41,3163
2026,1331775106527006720,NCAA PAC 12,2,709857172258881536,KamaraGOAT41,3214
2026,1331775106527006720,NCAA PAC 12,2,709857172258881536,KamaraGOAT41,4195
2026,1331775106527006720,NCAA PAC 12,2,709857172258881536,KamaraGOAT41,4981
2026,1331775106527006720,NCAA PAC 12,2,709857172258881536,KamaraGOAT41,6149
2026,1331775106527006720,NCAA PAC 12,2,709857172258881536,KamaraGOAT41,6794
2026,1331775106527006720,NCAA PAC 12,2,709857172258881536,KamaraGOAT41,6806
2026,1331775106527006720,NCAA PAC 12,2,709857172258881536,KamaraGOAT41,6904
2026,1331775106527006720,NCAA PAC 12,2,709857172258881536,KamaraGOAT41,7543
2026,1331775106527006720,NCAA PAC 12,2,709857172258881536,KamaraGOAT41,7670
2026,1331775106527006720,NCAA PAC 12,2,709857172258881536,KamaraGOAT41,8110
2026,1331775106527006720,NCAA PAC 12,2,709857172258881536,KamaraGOAT41,8112
2026,1331775106527006720,NCAA PAC 12,2,709857172258881536,KamaraGOAT41,8151
2026,1331775106527006720,NCAA PAC 12,2,709857172258881536,KamaraGOAT41,8160
2026,1331775106527006720,NCAA PAC 12,2,709857172258881536,KamaraGOAT41,8205
2026,1331775106527006720,NCAA PAC 12,2,709857172258881536,KamaraGOAT41,8258
2026,1331775106527006720,NCAA PAC 12,2,709857172258881536,KamaraGOAT41,8676
2026,1331775106527006720,NCAA PAC 12,2,709857172258881536,KamaraGOAT41,9488
2026,1331775106527006720,NCAA PAC 12,2,709857172258881536,KamaraGOAT41,9506
2026,1331775106527006720,NCAA PAC 12,2,709857172258881536,KamaraGOAT41,CLE
2026,1331775106527006720,NCAA PAC 12,2,709857172258881536,KamaraGOAT41,NO
2026,1331775106527006720,NCAA PAC 12,3,470320542868566016,Dunebuggy619,10236
2026,1331775106527006720,NCAA PAC 12,3,470320542868566016,Dunebuggy619,10955
2026,1331775106527006720,NCAA PAC 12,3,470320542868566016,Dunebuggy619,11577
2026,1331775106527006720,NCAA PAC 12,3,470320542868566016,Dunebuggy619,11586
2026,1331775106527006720,NCAA PAC 12,3,470320542868566016,Dunebuggy619,11589
2026,1331775106527006720,NCAA PAC 12,3,470320542868566016,Dunebuggy619,11596
2026,1331775106527006720,NCAA PAC 12,3,470320542868566016,Dunebuggy619,11625
2026,1331775106527006720,NCAA PAC 12,3,470320542868566016,Dunebuggy619,11630
2026,1331775106527006720,NCAA PAC 12,3,470320542868566016,Dunebuggy619,11635
2026,1331775106527006720,NCAA PAC 12,3,470320542868566016,Dunebuggy619,12469
2026,1331775106527006720,NCAA PAC 12,3,470320542868566016,Dunebuggy619,12472
2026,1331775106527006720,NCAA PAC 12,3,470320542868566016,Dunebuggy619,12483
2026,1331775106527006720,NCAA PAC 12,3,470320542868566016,Dunebuggy619,12493
2026,1331775106527006720,NCAA PAC 12,3,470320542868566016,Dunebuggy619,12499
2026,1331775106527006720,NCAA PAC 12,3,470320542868566016,Dunebuggy619,12501
2026,1331775106527006720,NCAA PAC 12,3,470320542868566016,Dunebuggy619,12511
2026,1331775106527006720,NCAA PAC 12,3,470320542868566016,Dunebuggy619,12521
2026,1331775106527006720,NCAA PAC 12,3,470320542868566016,Dunebuggy619,12670
2026,1331775106527006720,NCAA PAC 12,3,470320542868566016,Dunebuggy619,12711
2026,1331775106527006720,NCAA PAC 12,3,470320542868566016,Dunebuggy619,12961
2026,1331775106527006720,NCAA PAC 12,3,470320542868566016,Dunebuggy619,13269
2026,1331775106527006720,NCAA PAC 12,3,470320542868566016,Dunebuggy619,13276
2026,1331775106527006720,NCAA PAC 12,3,470320542868566016,Dunebuggy619,13281
2026,1331775106527006720,NCAA PAC 12,3,470320542868566016,Dunebuggy619,13317
2026,1331775106527006720,NCAA PAC 12,3,470320542868566016,Dunebuggy619,13319
2026,1331775106527006720,NCAA PAC 12,3,470320542868566016,Dunebuggy619,13347
2026,1331775106527006720,NCAA PAC 12,3,470320542868566016,Dunebuggy619,13421
2026,1331775106527006720,NCAA PAC 12,3,470320542868566016,Dunebuggy619,13424
2026,1331775106527006720,NCAA PAC 12,3,470320542868566016,Dunebuggy619,3286
2026,1331775106527006720,NCAA PAC 12,3,470320542868566016,Dunebuggy619,3294
2026,1331775106527006720,NCAA PAC 12,3,470320542868566016,Dunebuggy619,4972
2026,1331775106527006720,NCAA PAC 12,3,470320542868566016,Dunebuggy619,5872
2026,1331775106527006720,NCAA PAC 12,3,470320542868566016,Dunebuggy619,6804
2026,1331775106527006720,NCAA PAC 12,3,470320542868566016,Dunebuggy619,7021
2026,1331775106527006720,NCAA PAC 12,3,470320542868566016,Dunebuggy619,7039
2026,1331775106527006720,NCAA PAC 12,3,470320542868566016,Dunebuggy619,7569
2026,1331775106527006720,NCAA PAC 12,3,470320542868566016,Dunebuggy619,7594
2026,1331775106527006720,NCAA PAC 12,3,470320542868566016,Dunebuggy619,8125
2026,1331775106527006720,NCAA PAC 12,3,470320542868566016,Dunebuggy619,8129
2026,1331775106527006720,NCAA PAC 12,3,470320542868566016,Dunebuggy619,9487
2026,1331775106527006720,NCAA PAC 12,3,470320542868566016,Dunebuggy619,9494
2026,1331775106527006720,NCAA PAC 12,3,470320542868566016,Dunebuggy619,9758
2026,1331775106527006720,NCAA PAC 12,3,470320542868566016,Dunebuggy619,ARI
2026,1331775106527006720,NCAA PAC 12,3,470320542868566016,Dunebuggy619,DEN
2026,1331775106527006720,NCAA PAC 12,3,470320542868566016,Dunebuggy619,PIT
2026,1331775106527006720,NCAA PAC 12,4,477666723663704064,chzhead412,10229
2026,1331775106527006720,NCAA PAC 12,4,477666723663704064,chzhead412,11562
2026,1331775106527006720,NCAA PAC 12,4,477666723663704064,chzhead412,11592
2026,1331775106527006720,NCAA PAC 12,4,477666723663704064,chzhead412,11603
2026,1331775106527006720,NCAA PAC 12,4,477666723663704064,chzhead412,11604
2026,1331775106527006720,NCAA PAC 12,4,477666723663704064,chzhead412,11620
2026,1331775106527006720,NCAA PAC 12,4,477666723663704064,chzhead412,11631
2026,1331775106527006720,NCAA PAC 12,4,477666723663704064,chzhead412,1166
2026,1331775106527006720,NCAA PAC 12,4,477666723663704064,chzhead412,11786
2026,1331775106527006720,NCAA PAC 12,4,477666723663704064,chzhead412,11792
2026,1331775106527006720,NCAA PAC 12,4,477666723663704064,chzhead412,12470
2026,1331775106527006720,NCAA PAC 12,4,477666723663704064,chzhead412,12492
2026,1331775106527006720,NCAA PAC 12,4,477666723663704064,chzhead412,12526
2026,1331775106527006720,NCAA PAC 12,4,477666723663704064,chzhead412,12527
2026,1331775106527006720,NCAA PAC 12,4,477666723663704064,chzhead412,12545
2026,1331775106527006720,NCAA PAC 12,4,477666723663704064,chzhead412,13275
2026,1331775106527006720,NCAA PAC 12,4,477666723663704064,chzhead412,13282
2026,1331775106527006720,NCAA PAC 12,4,477666723663704064,chzhead412,13288
2026,1331775106527006720,NCAA PAC 12,4,477666723663704064,chzhead412,13289
2026,1331775106527006720,NCAA PAC 12,4,477666723663704064,chzhead412,13306
2026,1331775106527006720,NCAA PAC 12,4,477666723663704064,chzhead412,13311
2026,1331775106527006720,NCAA PAC 12,4,477666723663704064,chzhead412,13404
2026,1331775106527006720,NCAA PAC 12,4,477666723663704064,chzhead412,13405
2026,1331775106527006720,NCAA PAC 12,4,477666723663704064,chzhead412,13833
2026,1331775106527006720,NCAA PAC 12,4,477666723663704064,chzhead412,13968
2026,1331775106527006720,NCAA PAC 12,4,477666723663704064,chzhead412,19
2026,1331775106527006720,NCAA PAC 12,4,477666723663704064,chzhead412,3161
2026,1331775106527006720,NCAA PAC 12,4,477666723663704064,chzhead412,4137
2026,1331775106527006720,NCAA PAC 12,4,477666723663704064,chzhead412,4144
2026,1331775106527006720,NCAA PAC 12,4,477666723663704064,chzhead412,4464
2026,1331775106527006720,NCAA PAC 12,4,477666723663704064,chzhead412,6828
2026,1331775106527006720,NCAA PAC 12,4,477666723663704064,chzhead412,7523
2026,1331775106527006720,NCAA PAC 12,4,477666723663704064,chzhead412,7525
2026,1331775106527006720,NCAA PAC 12,4,477666723663704064,chzhead412,7567
2026,1331775106527006720,NCAA PAC 12,4,477666723663704064,chzhead412,8130
2026,1331775106527006720,NCAA PAC 12,4,477666723663704064,chzhead412,8138
2026,1331775106527006720,NCAA PAC 12,4,477666723663704064,chzhead412,9229
2026,1331775106527006720,NCAA PAC 12,4,477666723663704064,chzhead412,9508
2026,1331775106527006720,NCAA PAC 12,4,477666723663704064,chzhead412,9509
2026,1331775106527006720,NCAA PAC 12,4,477666723663704064,chzhead412,ATL
2026,1331775106527006720,NCAA PAC 12,4,477666723663704064,chzhead412,NE
2026,1331775106527006720,NCAA PAC 12,4,477666723663704064,chzhead412,PHI
2026,1331775106527006720,NCAA PAC 12,5,454372407956729856,laynemercer,10212
2026,1331775106527006720,NCAA PAC 12,5,454372407956729856,laynemercer,10222
2026,1331775106527006720,NCAA PAC 12,5,454372407956729856,laynemercer,11539
2026,1331775106527006720,NCAA PAC 12,5,454372407956729856,laynemercer,11565
2026,1331775106527006720,NCAA PAC 12,5,454372407956729856,laynemercer,11583
2026,1331775106527006720,NCAA PAC 12,5,454372407956729856,laynemercer,12048
2026,1331775106527006720,NCAA PAC 12,5,454372407956729856,laynemercer,12476
2026,1331775106527006720,NCAA PAC 12,5,454372407956729856,laynemercer,12504
2026,1331775106527006720,NCAA PAC 12,5,454372407956729856,laynemercer,12541
2026,1331775106527006720,NCAA PAC 12,5,454372407956729856,laynemercer,13270
2026,1331775106527006720,NCAA PAC 12,5,454372407956729856,laynemercer,13272
2026,1331775106527006720,NCAA PAC 12,5,454372407956729856,laynemercer,13285
2026,1331775106527006720,NCAA PAC 12,5,454372407956729856,laynemercer,13298
2026,1331775106527006720,NCAA PAC 12,5,454372407956729856,laynemercer,13324
2026,1331775106527006720,NCAA PAC 12,5,454372407956729856,laynemercer,13337
2026,1331775106527006720,NCAA PAC 12,5,454372407956729856,laynemercer,13403
2026,1331775106527006720,NCAA PAC 12,5,454372407956729856,laynemercer,2078
2026,1331775106527006720,NCAA PAC 12,5,454372407956729856,laynemercer,3451
2026,1331775106527006720,NCAA PAC 12,5,454372407956729856,laynemercer,3634
2026,1331775106527006720,NCAA PAC 12,5,454372407956729856,laynemercer,3868
2026,1331775106527006720,NCAA PAC 12,5,454372407956729856,laynemercer,4039
2026,1331775106527006720,NCAA PAC 12,5,454372407956729856,laynemercer,4217
2026,1331775106527006720,NCAA PAC 12,5,454372407956729856,laynemercer,4892
2026,1331775106527006720,NCAA PAC 12,5,454372407956729856,laynemercer,4983
2026,1331775106527006720,NCAA PAC 12,5,454372407956729856,laynemercer,5086
2026,1331775106527006720,NCAA PAC 12,5,454372407956729856,laynemercer,5927
2026,1331775106527006720,NCAA PAC 12,5,454372407956729856,laynemercer,6039
2026,1331775106527006720,NCAA PAC 12,5,454372407956729856,laynemercer,6853
2026,1331775106527006720,NCAA PAC 12,5,454372407956729856,laynemercer,6869
2026,1331775106527006720,NCAA PAC 12,5,454372407956729856,laynemercer,6931
2026,1331775106527006720,NCAA PAC 12,5,454372407956729856,laynemercer,7559
2026,1331775106527006720,NCAA PAC 12,5,454372407956729856,laynemercer,7562
2026,1331775106527006720,NCAA PAC 12,5,454372407956729856,laynemercer,7571
2026,1331775106527006720,NCAA PAC 12,5,454372407956729856,laynemercer,7588
2026,1331775106527006720,NCAA PAC 12,5,454372407956729856,laynemercer,7828
2026,1331775106527006720,NCAA PAC 12,5,454372407956729856,laynemercer,8132
2026,1331775106527006720,NCAA PAC 12,5,454372407956729856,laynemercer,8150
2026,1331775106527006720,NCAA PAC 12,5,454372407956729856,laynemercer,8225
2026,1331775106527006720,NCAA PAC 12,5,454372407956729856,laynemercer,9493
2026,1331775106527006720,NCAA PAC 12,5,454372407956729856,laynemercer,96
2026,1331775106527006720,NCAA PAC 12,5,454372407956729856,laynemercer,9754
2026,1331775106527006720,NCAA PAC 12,5,454372407956729856,laynemercer,LAR
2026,1331775106527006720,NCAA PAC 12,5,454372407956729856,laynemercer,TB
2026,1331775106527006720,NCAA PAC 12,6,338823136923381760,samggannon,10235
2026,1331775106527006720,NCAA PAC 12,6,338823136923381760,samggannon,10859
2026,1331775106527006720,NCAA PAC 12,6,338823136923381760,samggannon,11261
2026,1331775106527006720,NCAA PAC 12,6,338823136923381760,samggannon,11624
2026,1331775106527006720,NCAA PAC 12,6,338823136923381760,samggannon,11650
2026,1331775106527006720,NCAA PAC 12,6,338823136923381760,samggannon,12498
2026,1331775106527006720,NCAA PAC 12,6,338823136923381760,samggannon,12503
2026,1331775106527006720,NCAA PAC 12,6,338823136923381760,samggannon,12522
2026,1331775106527006720,NCAA PAC 12,6,338823136923381760,samggannon,12718
2026,1331775106527006720,NCAA PAC 12,6,338823136923381760,samggannon,13268
2026,1331775106527006720,NCAA PAC 12,6,338823136923381760,samggannon,13302
2026,1331775106527006720,NCAA PAC 12,6,338823136923381760,samggannon,13338
2026,1331775106527006720,NCAA PAC 12,6,338823136923381760,samggannon,13348
2026,1331775106527006720,NCAA PAC 12,6,338823136923381760,samggannon,13349
2026,1331775106527006720,NCAA PAC 12,6,338823136923381760,samggannon,13411
2026,1331775106527006720,NCAA PAC 12,6,338823136923381760,samggannon,1379
2026,1331775106527006720,NCAA PAC 12,6,338823136923381760,samggannon,1945
2026,1331775106527006720,NCAA PAC 12,6,338823136923381760,samggannon,2505
2026,1331775106527006720,NCAA PAC 12,6,338823136923381760,samggannon,3198
2026,1331775106527006720,NCAA PAC 12,6,338823136923381760,samggannon,3202
2026,1331775106527006720,NCAA PAC 12,6,338823136923381760,samggannon,3257
2026,1331775106527006720,NCAA PAC 12,6,338823136923381760,samggannon,4199
2026,1331775106527006720,NCAA PAC 12,6,338823136923381760,samggannon,4866
2026,1331775106527006720,NCAA PAC 12,6,338823136923381760,samggannon,4881
2026,1331775106527006720,NCAA PAC 12,6,338823136923381760,samggannon,5022
2026,1331775106527006720,NCAA PAC 12,6,338823136923381760,samggannon,5045
2026,1331775106527006720,NCAA PAC 12,6,338823136923381760,samggannon,5967
2026,1331775106527006720,NCAA PAC 12,6,338823136923381760,samggannon,5970
2026,1331775106527006720,NCAA PAC 12,6,338823136923381760,samggannon,6011
2026,1331775106527006720,NCAA PAC 12,6,338823136923381760,samggannon,650
2026,1331775106527006720,NCAA PAC 12,6,338823136923381760,samggannon,6768
2026,1331775106527006720,NCAA PAC 12,6,338823136923381760,samggannon,6803
2026,1331775106527006720,NCAA PAC 12,6,338823136923381760,samggannon,7527
2026,1331775106527006720,NCAA PAC 12,6,338823136923381760,samggannon,7538
2026,1331775106527006720,NCAA PAC 12,6,338823136923381760,samggannon,8137
2026,1331775106527006720,NCAA PAC 12,6,338823136923381760,samggannon,8147
2026,1331775106527006720,NCAA PAC 12,6,338823136923381760,samggannon,8161
2026,1331775106527006720,NCAA PAC 12,6,338823136923381760,samggannon,9753
2026,1331775106527006720,NCAA PAC 12,6,338823136923381760,samggannon,9756
2026,1331775106527006720,NCAA PAC 12,6,338823136923381760,samggannon,9998
2026,1331775106527006720,NCAA PAC 12,6,338823136923381760,samggannon,BUF
2026,1331775106527006720,NCAA PAC 12,6,338823136923381760,samggannon,NYG
2026,1331775106527006720,NCAA PAC 12,7,597246797479469056,wrightc214,10226
2026,1331775106527006720,NCAA PAC 12,7,597246797479469056,wrightc214,10937
2026,1331775106527006720,NCAA PAC 12,7,597246797479469056,wrightc214,11581
2026,1331775106527006720,NCAA PAC 12,7,597246797479469056,wrightc214,11646
2026,1331775106527006720,NCAA PAC 12,7,597246797479469056,wrightc214,11651
2026,1331775106527006720,NCAA PAC 12,7,597246797479469056,wrightc214,12455
2026,1331775106527006720,NCAA PAC 12,7,597246797479469056,wrightc214,12474
2026,1331775106527006720,NCAA PAC 12,7,597246797479469056,wrightc214,12497
2026,1331775106527006720,NCAA PAC 12,7,597246797479469056,wrightc214,12505
2026,1331775106527006720,NCAA PAC 12,7,597246797479469056,wrightc214,12518
2026,1331775106527006720,NCAA PAC 12,7,597246797479469056,wrightc214,12530
2026,1331775106527006720,NCAA PAC 12,7,597246797479469056,wrightc214,12531
2026,1331775106527006720,NCAA PAC 12,7,597246797479469056,wrightc214,12535
2026,1331775106527006720,NCAA PAC 12,7,597246797479469056,wrightc214,13294
2026,1331775106527006720,NCAA PAC 12,7,597246797479469056,wrightc214,13297
2026,1331775106527006720,NCAA PAC 12,7,597246797479469056,wrightc214,13333
2026,1331775106527006720,NCAA PAC 12,7,597246797479469056,wrightc214,13342
2026,1331775106527006720,NCAA PAC 12,7,597246797479469056,wrightc214,13412
2026,1331775106527006720,NCAA PAC 12,7,597246797479469056,wrightc214,13413
2026,1331775106527006720,NCAA PAC 12,7,597246797479469056,wrightc214,13423
2026,1331775106527006720,NCAA PAC 12,7,597246797479469056,wrightc214,1466
2026,1331775106527006720,NCAA PAC 12,7,597246797479469056,wrightc214,4034
2026,1331775106527006720,NCAA PAC 12,7,597246797479469056,wrightc214,4046
2026,1331775106527006720,NCAA PAC 12,7,597246797479469056,wrightc214,4227
2026,1331775106527006720,NCAA PAC 12,7,597246797479469056,wrightc214,5846
2026,1331775106527006720,NCAA PAC 12,7,597246797479469056,wrightc214,6783
2026,1331775106527006720,NCAA PAC 12,7,597246797479469056,wrightc214,6786
2026,1331775106527006720,NCAA PAC 12,7,597246797479469056,wrightc214,6813
2026,1331775106527006720,NCAA PAC 12,7,597246797479469056,wrightc214,7526
2026,1331775106527006720,NCAA PAC 12,7,597246797479469056,wrightc214,7553
2026,1331775106527006720,NCAA PAC 12,7,597246797479469056,wrightc214,7564
2026,1331775106527006720,NCAA PAC 12,7,597246797479469056,wrightc214,7922
2026,1331775106527006720,NCAA PAC 12,7,597246797479469056,wrightc214,8117
2026,1331775106527006720,NCAA PAC 12,7,597246797479469056,wrightc214,8119
2026,1331775106527006720,NCAA PAC 12,7,597246797479469056,wrightc214,8126
2026,1331775106527006720,NCAA PAC 12,7,597246797479469056,wrightc214,8131
2026,1331775106527006720,NCAA PAC 12,7,597246797479469056,wrightc214,8142
2026,1331775106527006720,NCAA PAC 12,7,597246797479469056,wrightc214,8148
2026,1331775106527006720,NCAA PAC 12,7,597246797479469056,wrightc214,8155
2026,1331775106527006720,NCAA PAC 12,7,597246797479469056,wrightc214,8183
2026,1331775106527006720,NCAA PAC 12,7,597246797479469056,wrightc214,9228
2026,1331775106527006720,NCAA PAC 12,7,597246797479469056,wrightc214,9511
2026,1331775106527006720,NCAA PAC 12,7,597246797479469056,wrightc214,HOU
2026,1331775106527006720,NCAA PAC 12,7,597246797479469056,wrightc214,KC
2026,1331775106527006720,NCAA PAC 12,7,597246797479469056,wrightc214,WAS
2026,1331775106527006720,NCAA PAC 12,8,460348260653985792,keppin,10213
2026,1331775106527006720,NCAA PAC 12,8,460348260653985792,keppin,10218
2026,1331775106527006720,NCAA PAC 12,8,460348260653985792,keppin,10219
2026,1331775106527006720,NCAA PAC 12,8,460348260653985792,keppin,10232
2026,1331775106527006720,NCAA PAC 12,8,460348260653985792,keppin,11199
2026,1331775106527006720,NCAA PAC 12,8,460348260653985792,keppin,11564
2026,1331775106527006720,NCAA PAC 12,8,460348260653985792,keppin,11576
2026,1331775106527006720,NCAA PAC 12,8,460348260653985792,keppin,11629
2026,1331775106527006720,NCAA PAC 12,8,460348260653985792,keppin,11638
2026,1331775106527006720,NCAA PAC 12,8,460348260653985792,keppin,11647
2026,1331775106527006720,NCAA PAC 12,8,460348260653985792,keppin,12490
2026,1331775106527006720,NCAA PAC 12,8,460348260653985792,keppin,12514
2026,1331775106527006720,NCAA PAC 12,8,460348260653985792,keppin,12544
2026,1331775106527006720,NCAA PAC 12,8,460348260653985792,keppin,13279
2026,1331775106527006720,NCAA PAC 12,8,460348260653985792,keppin,13286
2026,1331775106527006720,NCAA PAC 12,8,460348260653985792,keppin,13303
2026,1331775106527006720,NCAA PAC 12,8,460348260653985792,keppin,13320
2026,1331775106527006720,NCAA PAC 12,8,460348260653985792,keppin,13414
2026,1331775106527006720,NCAA PAC 12,8,460348260653985792,keppin,13726
2026,1331775106527006720,NCAA PAC 12,8,460348260653985792,keppin,3271
2026,1331775106527006720,NCAA PAC 12,8,460348260653985792,keppin,4663
2026,1331775106527006720,NCAA PAC 12,8,460348260653985792,keppin,5001
2026,1331775106527006720,NCAA PAC 12,8,460348260653985792,keppin,5119
2026,1331775106527006720,NCAA PAC 12,8,460348260653985792,keppin,5849
2026,1331775106527006720,NCAA PAC 12,8,460348260653985792,keppin,6650
2026,1331775106527006720,NCAA PAC 12,8,460348260653985792,keppin,7090
2026,1331775106527006720,NCAA PAC 12,8,460348260653985792,keppin,7610
2026,1331775106527006720,NCAA PAC 12,8,460348260653985792,keppin,8134
2026,1331775106527006720,NCAA PAC 12,8,460348260653985792,keppin,8144
2026,1331775106527006720,NCAA PAC 12,8,460348260653985792,keppin,8154
2026,1331775106527006720,NCAA PAC 12,8,460348260653985792,keppin,8167
2026,1331775106527006720,NCAA PAC 12,8,460348260653985792,keppin,8180
2026,1331775106527006720,NCAA PAC 12,8,460348260653985792,keppin,8208
2026,1331775106527006720,NCAA PAC 12,8,460348260653985792,keppin,8917
2026,1331775106527006720,NCAA PAC 12,8,460348260653985792,keppin,9221
2026,1331775106527006720,NCAA PAC 12,8,460348260653985792,keppin,9482
2026,1331775106527006720,NCAA PAC 12,8,460348260653985792,keppin,9484
2026,1331775106527006720,NCAA PAC 12,8,460348260653985792,keppin,9504
2026,1331775106527006720,NCAA PAC 12,8,460348260653985792,keppin,9757
2026,1331775106527006720,NCAA PAC 12,8,460348260653985792,keppin,BAL
2026,1331775106527006720,NCAA PAC 12,8,460348260653985792,keppin,CAR
2026,1331775106527006720,NCAA PAC 12,8,460348260653985792,keppin,JAX
2026,1331775106527006720,NCAA PAC 12,9,519390092788297728,ScottyW13,11563
2026,1331775106527006720,NCAA PAC 12,9,519390092788297728,ScottyW13,11584
2026,1331775106527006720,NCAA PAC 12,9,519390092788297728,ScottyW13,11627
2026,1331775106527006720,NCAA PAC 12,9,519390092788297728,ScottyW13,12467
2026,1331775106527006720,NCAA PAC 12,9,519390092788297728,ScottyW13,12482
2026,1331775106527006720,NCAA PAC 12,9,519390092788297728,ScottyW13,12484
2026,1331775106527006720,NCAA PAC 12,9,519390092788297728,ScottyW13,12485
2026,1331775106527006720,NCAA PAC 12,9,519390092788297728,ScottyW13,12486
2026,1331775106527006720,NCAA PAC 12,9,519390092788297728,ScottyW13,12487
2026,1331775106527006720,NCAA PAC 12,9,519390092788297728,ScottyW13,12489
2026,1331775106527006720,NCAA PAC 12,9,519390092788297728,ScottyW13,12534
2026,1331775106527006720,NCAA PAC 12,9,519390092788297728,ScottyW13,12641
2026,1331775106527006720,NCAA PAC 12,9,519390092788297728,ScottyW13,12849
2026,1331775106527006720,NCAA PAC 12,9,519390092788297728,ScottyW13,12901
2026,1331775106527006720,NCAA PAC 12,9,519390092788297728,ScottyW13,13274
2026,1331775106527006720,NCAA PAC 12,9,519390092788297728,ScottyW13,13278
2026,1331775106527006720,NCAA PAC 12,9,519390092788297728,ScottyW13,13296
2026,1331775106527006720,NCAA PAC 12,9,519390092788297728,ScottyW13,13329
2026,1331775106527006720,NCAA PAC 12,9,519390092788297728,ScottyW13,13330
2026,1331775106527006720,NCAA PAC 12,9,519390092788297728,ScottyW13,13394
2026,1331775106527006720,NCAA PAC 12,9,519390092788297728,ScottyW13,13417
2026,1331775106527006720,NCAA PAC 12,9,519390092788297728,ScottyW13,13434
2026,1331775106527006720,NCAA PAC 12,9,519390092788297728,ScottyW13,13435
2026,1331775106527006720,NCAA PAC 12,9,519390092788297728,ScottyW13,13437
2026,1331775106527006720,NCAA PAC 12,9,519390092788297728,ScottyW13,13545
2026,1331775106527006720,NCAA PAC 12,9,519390092788297728,ScottyW13,2307
2026,1331775106527006720,NCAA PAC 12,9,519390092788297728,ScottyW13,4147
2026,1331775106527006720,NCAA PAC 12,9,519390092788297728,ScottyW13,4314
2026,1331775106527006720,NCAA PAC 12,9,519390092788297728,ScottyW13,4443
2026,1331775106527006720,NCAA PAC 12,9,519390092788297728,ScottyW13,5857
2026,1331775106527006720,NCAA PAC 12,9,519390092788297728,ScottyW13,5906
2026,1331775106527006720,NCAA PAC 12,9,519390092788297728,ScottyW13,6130
2026,1331775106527006720,NCAA PAC 12,9,519390092788297728,ScottyW13,6271
2026,1331775106527006720,NCAA PAC 12,9,519390092788297728,ScottyW13,6797
2026,1331775106527006720,NCAA PAC 12,9,519390092788297728,ScottyW13,7002
2026,1331775106527006720,NCAA PAC 12,9,519390092788297728,ScottyW13,7042
2026,1331775106527006720,NCAA PAC 12,9,519390092788297728,ScottyW13,7049
2026,1331775106527006720,NCAA PAC 12,9,519390092788297728,ScottyW13,8136
2026,1331775106527006720,NCAA PAC 12,9,519390092788297728,ScottyW13,8259
2026,1331775106527006720,NCAA PAC 12,9,519390092788297728,ScottyW13,9481
2026,1331775106527006720,NCAA PAC 12,9,519390092788297728,ScottyW13,9502
2026,1331775106527006720,NCAA PAC 12,9,519390092788297728,ScottyW13,CIN
2026,1331775106527006720,NCAA PAC 12,9,519390092788297728,ScottyW13,GB
2026,1331775106527006720,NCAA PAC 12,10,534619662650601472,ImagineWiigons,11571
2026,1331775106527006720,NCAA PAC 12,10,534619662650601472,ImagineWiigons,11610
2026,1331775106527006720,NCAA PAC 12,10,534619662650601472,ImagineWiigons,11636
2026,1331775106527006720,NCAA PAC 12,10,534619662650601472,ImagineWiigons,12510
2026,1331775106527006720,NCAA PAC 12,10,534619662650601472,ImagineWiigons,12533
2026,1331775106527006720,NCAA PAC 12,10,534619662650601472,ImagineWiigons,12542
2026,1331775106527006720,NCAA PAC 12,10,534619662650601472,ImagineWiigons,13066
2026,1331775106527006720,NCAA PAC 12,10,534619662650601472,ImagineWiigons,13299
2026,1331775106527006720,NCAA PAC 12,10,534619662650601472,ImagineWiigons,13314
2026,1331775106527006720,NCAA PAC 12,10,534619662650601472,ImagineWiigons,13335
2026,1331775106527006720,NCAA PAC 12,10,534619662650601472,ImagineWiigons,1339
2026,1331775106527006720,NCAA PAC 12,10,534619662650601472,ImagineWiigons,13418
2026,1331775106527006720,NCAA PAC 12,10,534619662650601472,ImagineWiigons,13420
2026,1331775106527006720,NCAA PAC 12,10,534619662650601472,ImagineWiigons,1479
2026,1331775106527006720,NCAA PAC 12,10,534619662650601472,ImagineWiigons,1737
2026,1331775106527006720,NCAA PAC 12,10,534619662650601472,ImagineWiigons,2133
2026,1331775106527006720,NCAA PAC 12,10,534619662650601472,ImagineWiigons,2449
2026,1331775106527006720,NCAA PAC 12,10,534619662650601472,ImagineWiigons,3678
2026,1331775106527006720,NCAA PAC 12,10,534619662650601472,ImagineWiigons,4035
2026,1331775106527006720,NCAA PAC 12,10,534619662650601472,ImagineWiigons,421
2026,1331775106527006720,NCAA PAC 12,10,534619662650601472,ImagineWiigons,4351
2026,1331775106527006720,NCAA PAC 12,10,534619662650601472,ImagineWiigons,4454
2026,1331775106527006720,NCAA PAC 12,10,534619662650601472,ImagineWiigons,4984
2026,1331775106527006720,NCAA PAC 12,10,534619662650601472,ImagineWiigons,5848
2026,1331775106527006720,NCAA PAC 12,10,534619662650601472,ImagineWiigons,5947
2026,1331775106527006720,NCAA PAC 12,10,534619662650601472,ImagineWiigons,6083
2026,1331775106527006720,NCAA PAC 12,10,534619662650601472,ImagineWiigons,6528
2026,1331775106527006720,NCAA PAC 12,10,534619662650601472,ImagineWiigons,6826
2026,1331775106527006720,NCAA PAC 12,10,534619662650601472,ImagineWiigons,6843
2026,1331775106527006720,NCAA PAC 12,10,534619662650601472,ImagineWiigons,7611
2026,1331775106527006720,NCAA PAC 12,10,534619662650601472,ImagineWiigons,8121
2026,1331775106527006720,NCAA PAC 12,10,534619662650601472,ImagineWiigons,8135
2026,1331775106527006720,NCAA PAC 12,10,534619662650601472,ImagineWiigons,8171
2026,1331775106527006720,NCAA PAC 12,10,534619662650601472,ImagineWiigons,8172
2026,1331775106527006720,NCAA PAC 12,10,534619662650601472,ImagineWiigons,8188
2026,1331775106527006720,NCAA PAC 12,10,534619662650601472,ImagineWiigons,8210
2026,1331775106527006720,NCAA PAC 12,10,534619662650601472,ImagineWiigons,9479
2026,1331775106527006720,NCAA PAC 12,10,534619662650601472,ImagineWiigons,9499
2026,1331775106527006720,NCAA PAC 12,10,534619662650601472,ImagineWiigons,DAL
2026,1331775106527006720,NCAA PAC 12,10,534619662650601472,ImagineWiigons,MIN
2026,1331775106527006720,NCAA PAC 12,11,76460245878456320,seniormeow,11237
2026,1331775106527006720,NCAA PAC 12,11,76460245878456320,seniormeow,11370
2026,1331775106527006720,NCAA PAC 12,11,76460245878456320,seniormeow,11435
2026,1331775106527006720,NCAA PAC 12,11,76460245878456320,seniormeow,11632
2026,1331775106527006720,NCAA PAC 12,11,76460245878456320,seniormeow,11729
2026,1331775106527006720,NCAA PAC 12,11,76460245878456320,seniormeow,12185
2026,1331775106527006720,NCAA PAC 12,11,76460245878456320,seniormeow,12508
2026,1331775106527006720,NCAA PAC 12,11,76460245878456320,seniormeow,12512
2026,1331775106527006720,NCAA PAC 12,11,76460245878456320,seniormeow,12524
2026,1331775106527006720,NCAA PAC 12,11,76460245878456320,seniormeow,13301
2026,1331775106527006720,NCAA PAC 12,11,76460245878456320,seniormeow,13305
2026,1331775106527006720,NCAA PAC 12,11,76460245878456320,seniormeow,13307
2026,1331775106527006720,NCAA PAC 12,11,76460245878456320,seniormeow,13380
2026,1331775106527006720,NCAA PAC 12,11,76460245878456320,seniormeow,13425
2026,1331775106527006720,NCAA PAC 12,11,76460245878456320,seniormeow,1373
2026,1331775106527006720,NCAA PAC 12,11,76460245878456320,seniormeow,2216
2026,1331775106527006720,NCAA PAC 12,11,76460245878456320,seniormeow,3321
2026,1331775106527006720,NCAA PAC 12,11,76460245878456320,seniormeow,4017
2026,1331775106527006720,NCAA PAC 12,11,76460245878456320,seniormeow,4033
2026,1331775106527006720,NCAA PAC 12,11,76460245878456320,seniormeow,4066
2026,1331775106527006720,NCAA PAC 12,11,76460245878456320,seniormeow,4219
2026,1331775106527006720,NCAA PAC 12,11,76460245878456320,seniormeow,4943
2026,1331775106527006720,NCAA PAC 12,11,76460245878456320,seniormeow,4950
2026,1331775106527006720,NCAA PAC 12,11,76460245878456320,seniormeow,5012
2026,1331775106527006720,NCAA PAC 12,11,76460245878456320,seniormeow,5095
2026,1331775106527006720,NCAA PAC 12,11,76460245878456320,seniormeow,5189
2026,1331775106527006720,NCAA PAC 12,11,76460245878456320,seniormeow,5854
2026,1331775106527006720,NCAA PAC 12,11,76460245878456320,seniormeow,5859
2026,1331775106527006720,NCAA PAC 12,11,76460245878456320,seniormeow,6801
2026,1331775106527006720,NCAA PAC 12,11,76460245878456320,seniormeow,6819
2026,1331775106527006720,NCAA PAC 12,11,76460245878456320,seniormeow,6865
2026,1331775106527006720,NCAA PAC 12,11,76460245878456320,seniormeow,7591
2026,1331775106527006720,NCAA PAC 12,11,76460245878456320,seniormeow,8127
2026,1331775106527006720,NCAA PAC 12,11,76460245878456320,seniormeow,8228
2026,1331775106527006720,NCAA PAC 12,11,76460245878456320,seniormeow,8408
2026,1331775106527006720,NCAA PAC 12,11,76460245878456320,seniormeow,8698
2026,1331775106527006720,NCAA PAC 12,11,76460245878456320,seniormeow,9225
2026,1331775106527006720,NCAA PAC 12,11,76460245878456320,seniormeow,9480
2026,1331775106527006720,NCAA PAC 12,11,76460245878456320,seniormeow,9501
2026,1331775106527006720,NCAA PAC 12,11,76460245878456320,seniormeow,9997
2026,1331775106527006720,NCAA PAC 12,11,76460245878456320,seniormeow,MIA
2026,1331775106527006720,NCAA PAC 12,11,76460245878456320,seniormeow,NYJ
2026,1331775106527006720,NCAA PAC 12,11,76460245878456320,seniormeow,SEA
2026,1331775106527006720,NCAA PAC 12,11,76460245878456320,seniormeow,SF
2026,1331775106527006720,NCAA PAC 12,12,450806182555152384,lmerkouSaints,11256
2026,1331775106527006720,NCAA PAC 12,12,450806182555152384,lmerkouSaints,11533
2026,1331775106527006720,NCAA PAC 12,12,450806182555152384,lmerkouSaints,11566
2026,1331775106527006720,NCAA PAC 12,12,450806182555152384,lmerkouSaints,11628
2026,1331775106527006720,NCAA PAC 12,12,450806182555152384,lmerkouSaints,11783
2026,1331775106527006720,NCAA PAC 12,12,450806182555152384,lmerkouSaints,11834
2026,1331775106527006720,NCAA PAC 12,12,450806182555152384,lmerkouSaints,12015
2026,1331775106527006720,NCAA PAC 12,12,450806182555152384,lmerkouSaints,12502
2026,1331775106527006720,NCAA PAC 12,12,450806182555152384,lmerkouSaints,12543
2026,1331775106527006720,NCAA PAC 12,12,450806182555152384,lmerkouSaints,12658
2026,1331775106527006720,NCAA PAC 12,12,450806182555152384,lmerkouSaints,12713
2026,1331775106527006720,NCAA PAC 12,12,450806182555152384,lmerkouSaints,13277
2026,1331775106527006720,NCAA PAC 12,12,450806182555152384,lmerkouSaints,13322
2026,1331775106527006720,NCAA PAC 12,12,450806182555152384,lmerkouSaints,13346
2026,1331775106527006720,NCAA PAC 12,12,450806182555152384,lmerkouSaints,13400
2026,1331775106527006720,NCAA PAC 12,12,450806182555152384,lmerkouSaints,13557
2026,1331775106527006720,NCAA PAC 12,12,450806182555152384,lmerkouSaints,4037
2026,1331775106527006720,NCAA PAC 12,12,450806182555152384,lmerkouSaints,4177
2026,1331775106527006720,NCAA PAC 12,12,450806182555152384,lmerkouSaints,5844
2026,1331775106527006720,NCAA PAC 12,12,450806182555152384,lmerkouSaints,5850
2026,1331775106527006720,NCAA PAC 12,12,450806182555152384,lmerkouSaints,5870
2026,1331775106527006720,NCAA PAC 12,12,450806182555152384,lmerkouSaints,5892
2026,1331775106527006720,NCAA PAC 12,12,450806182555152384,lmerkouSaints,5995
2026,1331775106527006720,NCAA PAC 12,12,450806182555152384,lmerkouSaints,6770
2026,1331775106527006720,NCAA PAC 12,12,450806182555152384,lmerkouSaints,6790
2026,1331775106527006720,NCAA PAC 12,12,450806182555152384,lmerkouSaints,7528
2026,1331775106527006720,NCAA PAC 12,12,450806182555152384,lmerkouSaints,7547
2026,1331775106527006720,NCAA PAC 12,12,450806182555152384,lmerkouSaints,7585
2026,1331775106527006720,NCAA PAC 12,12,450806182555152384,lmerkouSaints,7694
2026,1331775106527006720,NCAA PAC 12,12,450806182555152384,lmerkouSaints,7839
2026,1331775106527006720,NCAA PAC 12,12,450806182555152384,lmerkouSaints,8111
2026,1331775106527006720,NCAA PAC 12,12,450806182555152384,lmerkouSaints,8122
2026,1331775106527006720,NCAA PAC 12,12,450806182555152384,lmerkouSaints,8146
2026,1331775106527006720,NCAA PAC 12,12,450806182555152384,lmerkouSaints,8162
2026,1331775106527006720,NCAA PAC 12,12,450806182555152384,lmerkouSaints,8168
2026,1331775106527006720,NCAA PAC 12,12,450806182555152384,lmerkouSaints,827
2026,1331775106527006720,NCAA PAC 12,12,450806182555152384,lmerkouSaints,8800
2026,1331775106527006720,NCAA PAC 12,12,450806182555152384,lmerkouSaints,9224
2026,1331775106527006720,NCAA PAC 12,12,450806182555152384,lmerkouSaints,9226
2026,1331775106527006720,NCAA PAC 12,12,450806182555152384,lmerkouSaints,9500
2026,1331775106527006720,NCAA PAC 12,12,450806182555152384,lmerkouSaints,DET
2026,1331775106527006720,NCAA PAC 12,12,450806182555152384,lmerkouSaints,IND
2026,1331775106527006720,NCAA PAC 12,12,450806182555152384,lmerkouSaints,LAC
2026,1331774804222545920,NCAA PIONEER,1,993737529142693888,doseofthestars,10236
2026,1331774804222545920,NCAA PIONEER,1,993737529142693888,doseofthestars,11570
2026,1331774804222545920,NCAA PIONEER,1,993737529142693888,doseofthestars,11577
2026,1331774804222545920,NCAA PIONEER,1,993737529142693888,doseofthestars,11583
2026,1331774804222545920,NCAA PIONEER,1,993737529142693888,doseofthestars,11608
2026,1331774804222545920,NCAA PIONEER,1,993737529142693888,doseofthestars,11610
2026,1331774804222545920,NCAA PIONEER,1,993737529142693888,doseofthestars,12048
2026,1331774804222545920,NCAA PIONEER,1,993737529142693888,doseofthestars,12500
2026,1331774804222545920,NCAA PIONEER,1,993737529142693888,doseofthestars,12501
2026,1331774804222545920,NCAA PIONEER,1,993737529142693888,doseofthestars,12524
2026,1331774804222545920,NCAA PIONEER,1,993737529142693888,doseofthestars,12534
2026,1331774804222545920,NCAA PIONEER,1,993737529142693888,doseofthestars,13286
2026,1331774804222545920,NCAA PIONEER,1,993737529142693888,doseofthestars,13320
2026,1331774804222545920,NCAA PIONEER,1,993737529142693888,doseofthestars,13394
2026,1331774804222545920,NCAA PIONEER,1,993737529142693888,doseofthestars,13400
2026,1331774804222545920,NCAA PIONEER,1,993737529142693888,doseofthestars,13402
2026,1331774804222545920,NCAA PIONEER,1,993737529142693888,doseofthestars,1373
2026,1331774804222545920,NCAA PIONEER,1,993737529142693888,doseofthestars,2020
2026,1331774804222545920,NCAA PIONEER,1,993737529142693888,doseofthestars,2505
2026,1331774804222545920,NCAA PIONEER,1,993737529142693888,doseofthestars,3286
2026,1331774804222545920,NCAA PIONEER,1,993737529142693888,doseofthestars,4035
2026,1331774804222545920,NCAA PIONEER,1,993737529142693888,doseofthestars,4098
2026,1331774804222545920,NCAA PIONEER,1,993737529142693888,doseofthestars,4950
2026,1331774804222545920,NCAA PIONEER,1,993737529142693888,doseofthestars,5849
2026,1331774804222545920,NCAA PIONEER,1,993737529142693888,doseofthestars,5850
2026,1331774804222545920,NCAA PIONEER,1,993737529142693888,doseofthestars,5857
2026,1331774804222545920,NCAA PIONEER,1,993737529142693888,doseofthestars,5872
2026,1331774804222545920,NCAA PIONEER,1,993737529142693888,doseofthestars,6768
2026,1331774804222545920,NCAA PIONEER,1,993737529142693888,doseofthestars,6794
2026,1331774804222545920,NCAA PIONEER,1,993737529142693888,doseofthestars,6826
2026,1331774804222545920,NCAA PIONEER,1,993737529142693888,doseofthestars,6828
2026,1331774804222545920,NCAA PIONEER,1,993737529142693888,doseofthestars,7090
2026,1331774804222545920,NCAA PIONEER,1,993737529142693888,doseofthestars,7526
2026,1331774804222545920,NCAA PIONEER,1,993737529142693888,doseofthestars,7564
2026,1331774804222545920,NCAA PIONEER,1,993737529142693888,doseofthestars,7608
2026,1331774804222545920,NCAA PIONEER,1,993737529142693888,doseofthestars,8111
2026,1331774804222545920,NCAA PIONEER,1,993737529142693888,doseofthestars,9483
2026,1331774804222545920,NCAA PIONEER,1,993737529142693888,doseofthestars,CHI
2026,1331774804222545920,NCAA PIONEER,1,993737529142693888,doseofthestars,DET
2026,1331774804222545920,NCAA PIONEER,1,993737529142693888,doseofthestars,NYG
2026,1331774804222545920,NCAA PIONEER,2,468638573403303936,DownLoMoJo,11533
2026,1331774804222545920,NCAA PIONEER,2,468638573403303936,DownLoMoJo,11539
2026,1331774804222545920,NCAA PIONEER,2,468638573403303936,DownLoMoJo,11565
2026,1331774804222545920,NCAA PIONEER,2,468638573403303936,DownLoMoJo,11576
2026,1331774804222545920,NCAA PIONEER,2,468638573403303936,DownLoMoJo,11604
2026,1331774804222545920,NCAA PIONEER,2,468638573403303936,DownLoMoJo,12469
2026,1331774804222545920,NCAA PIONEER,2,468638573403303936,DownLoMoJo,12494
2026,1331774804222545920,NCAA PIONEER,2,468638573403303936,DownLoMoJo,12497
2026,1331774804222545920,NCAA PIONEER,2,468638573403303936,DownLoMoJo,12519
2026,1331774804222545920,NCAA PIONEER,2,468638573403303936,DownLoMoJo,12541
2026,1331774804222545920,NCAA PIONEER,2,468638573403303936,DownLoMoJo,12545
2026,1331774804222545920,NCAA PIONEER,2,468638573403303936,DownLoMoJo,12711
2026,1331774804222545920,NCAA PIONEER,2,468638573403303936,DownLoMoJo,13303
2026,1331774804222545920,NCAA PIONEER,2,468638573403303936,DownLoMoJo,13317
2026,1331774804222545920,NCAA PIONEER,2,468638573403303936,DownLoMoJo,13324
2026,1331774804222545920,NCAA PIONEER,2,468638573403303936,DownLoMoJo,13329
2026,1331774804222545920,NCAA PIONEER,2,468638573403303936,DownLoMoJo,13346
2026,1331774804222545920,NCAA PIONEER,2,468638573403303936,DownLoMoJo,13353
2026,1331774804222545920,NCAA PIONEER,2,468638573403303936,DownLoMoJo,13545
2026,1331774804222545920,NCAA PIONEER,2,468638573403303936,DownLoMoJo,13557
2026,1331774804222545920,NCAA PIONEER,2,468638573403303936,DownLoMoJo,13833
2026,1331774804222545920,NCAA PIONEER,2,468638573403303936,DownLoMoJo,3634
2026,1331774804222545920,NCAA PIONEER,2,468638573403303936,DownLoMoJo,4066
2026,1331774804222545920,NCAA PIONEER,2,468638573403303936,DownLoMoJo,4314
2026,1331774804222545920,NCAA PIONEER,2,468638573403303936,DownLoMoJo,4892
2026,1331774804222545920,NCAA PIONEER,2,468638573403303936,DownLoMoJo,5892
2026,1331774804222545920,NCAA PIONEER,2,468638573403303936,DownLoMoJo,5947
2026,1331774804222545920,NCAA PIONEER,2,468638573403303936,DownLoMoJo,5995
2026,1331774804222545920,NCAA PIONEER,2,468638573403303936,DownLoMoJo,6083
2026,1331774804222545920,NCAA PIONEER,2,468638573403303936,DownLoMoJo,6650
2026,1331774804222545920,NCAA PIONEER,2,468638573403303936,DownLoMoJo,8130
2026,1331774804222545920,NCAA PIONEER,2,468638573403303936,DownLoMoJo,8137
2026,1331774804222545920,NCAA PIONEER,2,468638573403303936,DownLoMoJo,8155
2026,1331774804222545920,NCAA PIONEER,2,468638573403303936,DownLoMoJo,8188
2026,1331774804222545920,NCAA PIONEER,2,468638573403303936,DownLoMoJo,8676
2026,1331774804222545920,NCAA PIONEER,2,468638573403303936,DownLoMoJo,9484
2026,1331774804222545920,NCAA PIONEER,2,468638573403303936,DownLoMoJo,9501
2026,1331774804222545920,NCAA PIONEER,2,468638573403303936,DownLoMoJo,9508
2026,1331774804222545920,NCAA PIONEER,2,468638573403303936,DownLoMoJo,9756
2026,1331774804222545920,NCAA PIONEER,2,468638573403303936,DownLoMoJo,9758
2026,1331774804222545920,NCAA PIONEER,2,468638573403303936,DownLoMoJo,BAL
2026,1331774804222545920,NCAA PIONEER,2,468638573403303936,DownLoMoJo,DAL
2026,1331774804222545920,NCAA PIONEER,2,468638573403303936,DownLoMoJo,DEN
2026,1331774804222545920,NCAA PIONEER,2,468638573403303936,DownLoMoJo,KC
2026,1331774804222545920,NCAA PIONEER,3,459110344502013952,MyFingerPoints,11056
2026,1331774804222545920,NCAA PIONEER,3,459110344502013952,MyFingerPoints,11596
2026,1331774804222545920,NCAA PIONEER,3,459110344502013952,MyFingerPoints,11603
2026,1331774804222545920,NCAA PIONEER,3,459110344502013952,MyFingerPoints,11624
2026,1331774804222545920,NCAA PIONEER,3,459110344502013952,MyFingerPoints,11627
2026,1331774804222545920,NCAA PIONEER,3,459110344502013952,MyFingerPoints,11646
2026,1331774804222545920,NCAA PIONEER,3,459110344502013952,MyFingerPoints,11647
2026,1331774804222545920,NCAA PIONEER,3,459110344502013952,MyFingerPoints,12455
2026,1331774804222545920,NCAA PIONEER,3,459110344502013952,MyFingerPoints,12482
2026,1331774804222545920,NCAA PIONEER,3,459110344502013952,MyFingerPoints,12493
2026,1331774804222545920,NCAA PIONEER,3,459110344502013952,MyFingerPoints,12502
2026,1331774804222545920,NCAA PIONEER,3,459110344502013952,MyFingerPoints,12507
2026,1331774804222545920,NCAA PIONEER,3,459110344502013952,MyFingerPoints,12510
2026,1331774804222545920,NCAA PIONEER,3,459110344502013952,MyFingerPoints,12533
2026,1331774804222545920,NCAA PIONEER,3,459110344502013952,MyFingerPoints,12542
2026,1331774804222545920,NCAA PIONEER,3,459110344502013952,MyFingerPoints,12547
2026,1331774804222545920,NCAA PIONEER,3,459110344502013952,MyFingerPoints,12641
2026,1331774804222545920,NCAA PIONEER,3,459110344502013952,MyFingerPoints,12718
2026,1331774804222545920,NCAA PIONEER,3,459110344502013952,MyFingerPoints,13268
2026,1331774804222545920,NCAA PIONEER,3,459110344502013952,MyFingerPoints,13301
2026,1331774804222545920,NCAA PIONEER,3,459110344502013952,MyFingerPoints,13307
2026,1331774804222545920,NCAA PIONEER,3,459110344502013952,MyFingerPoints,13338
2026,1331774804222545920,NCAA PIONEER,3,459110344502013952,MyFingerPoints,13347
2026,1331774804222545920,NCAA PIONEER,3,459110344502013952,MyFingerPoints,13420
2026,1331774804222545920,NCAA PIONEER,3,459110344502013952,MyFingerPoints,13602
2026,1331774804222545920,NCAA PIONEER,3,459110344502013952,MyFingerPoints,13726
2026,1331774804222545920,NCAA PIONEER,3,459110344502013952,MyFingerPoints,13968
2026,1331774804222545920,NCAA PIONEER,3,459110344502013952,MyFingerPoints,4046
2026,1331774804222545920,NCAA PIONEER,3,459110344502013952,MyFingerPoints,4217
2026,1331774804222545920,NCAA PIONEER,3,459110344502013952,MyFingerPoints,4866
2026,1331774804222545920,NCAA PIONEER,3,459110344502013952,MyFingerPoints,5189
2026,1331774804222545920,NCAA PIONEER,3,459110344502013952,MyFingerPoints,5848
2026,1331774804222545920,NCAA PIONEER,3,459110344502013952,MyFingerPoints,6770
2026,1331774804222545920,NCAA PIONEER,3,459110344502013952,MyFingerPoints,7042
2026,1331774804222545920,NCAA PIONEER,3,459110344502013952,MyFingerPoints,7600
2026,1331774804222545920,NCAA PIONEER,3,459110344502013952,MyFingerPoints,7828
2026,1331774804222545920,NCAA PIONEER,3,459110344502013952,MyFingerPoints,8138
2026,1331774804222545920,NCAA PIONEER,3,459110344502013952,MyFingerPoints,8205
2026,1331774804222545920,NCAA PIONEER,3,459110344502013952,MyFingerPoints,8210
2026,1331774804222545920,NCAA PIONEER,3,459110344502013952,MyFingerPoints,8698
2026,1331774804222545920,NCAA PIONEER,3,459110344502013952,MyFingerPoints,9228
2026,1331774804222545920,NCAA PIONEER,3,459110344502013952,MyFingerPoints,9488
2026,1331774804222545920,NCAA PIONEER,3,459110344502013952,MyFingerPoints,MIA
2026,1331774804222545920,NCAA PIONEER,3,459110344502013952,MyFingerPoints,MIN
2026,1331774804222545920,NCAA PIONEER,4,439351925129867264,Daphud,10222
2026,1331774804222545920,NCAA PIONEER,4,439351925129867264,Daphud,10232
2026,1331774804222545920,NCAA PIONEER,4,439351925129867264,Daphud,10859
2026,1331774804222545920,NCAA PIONEER,4,439351925129867264,Daphud,10937
2026,1331774804222545920,NCAA PIONEER,4,439351925129867264,Daphud,11569
2026,1331774804222545920,NCAA PIONEER,4,439351925129867264,Daphud,11581
2026,1331774804222545920,NCAA PIONEER,4,439351925129867264,Daphud,11586
2026,1331774804222545920,NCAA PIONEER,4,439351925129867264,Daphud,11589
2026,1331774804222545920,NCAA PIONEER,4,439351925129867264,Daphud,11592
2026,1331774804222545920,NCAA PIONEER,4,439351925129867264,Daphud,11631
2026,1331774804222545920,NCAA PIONEER,4,439351925129867264,Daphud,11632
2026,1331774804222545920,NCAA PIONEER,4,439351925129867264,Daphud,11783
2026,1331774804222545920,NCAA PIONEER,4,439351925129867264,Daphud,11792
2026,1331774804222545920,NCAA PIONEER,4,439351925129867264,Daphud,12185
2026,1331774804222545920,NCAA PIONEER,4,439351925129867264,Daphud,12474
2026,1331774804222545920,NCAA PIONEER,4,439351925129867264,Daphud,12483
2026,1331774804222545920,NCAA PIONEER,4,439351925129867264,Daphud,12489
2026,1331774804222545920,NCAA PIONEER,4,439351925129867264,Daphud,12508
2026,1331774804222545920,NCAA PIONEER,4,439351925129867264,Daphud,12512
2026,1331774804222545920,NCAA PIONEER,4,439351925129867264,Daphud,12517
2026,1331774804222545920,NCAA PIONEER,4,439351925129867264,Daphud,13296
2026,1331774804222545920,NCAA PIONEER,4,439351925129867264,Daphud,13298
2026,1331774804222545920,NCAA PIONEER,4,439351925129867264,Daphud,13337
2026,1331774804222545920,NCAA PIONEER,4,439351925129867264,Daphud,13414
2026,1331774804222545920,NCAA PIONEER,4,439351925129867264,Daphud,4017
2026,1331774804222545920,NCAA PIONEER,4,439351925129867264,Daphud,4040
2026,1331774804222545920,NCAA PIONEER,4,439351925129867264,Daphud,4227
2026,1331774804222545920,NCAA PIONEER,4,439351925129867264,Daphud,4983
2026,1331774804222545920,NCAA PIONEER,4,439351925129867264,Daphud,5001
2026,1331774804222545920,NCAA PIONEER,4,439351925129867264,Daphud,650
2026,1331774804222545920,NCAA PIONEER,4,439351925129867264,Daphud,6797
2026,1331774804222545920,NCAA PIONEER,4,439351925129867264,Daphud,7002
2026,1331774804222545920,NCAA PIONEER,4,439351925129867264,Daphud,7839
2026,1331774804222545920,NCAA PIONEER,4,439351925129867264,Daphud,8126
2026,1331774804222545920,NCAA PIONEER,4,439351925129867264,Daphud,8134
2026,1331774804222545920,NCAA PIONEER,4,439351925129867264,Daphud,8135
2026,1331774804222545920,NCAA PIONEER,4,439351925129867264,Daphud,8172
2026,1331774804222545920,NCAA PIONEER,4,439351925129867264,Daphud,8228
2026,1331774804222545920,NCAA PIONEER,4,439351925129867264,Daphud,9229
2026,1331774804222545920,NCAA PIONEER,4,439351925129867264,Daphud,9753
2026,1331774804222545920,NCAA PIONEER,4,439351925129867264,Daphud,9997
2026,1331774804222545920,NCAA PIONEER,4,439351925129867264,Daphud,PIT
2026,1331774804222545920,NCAA PIONEER,4,439351925129867264,Daphud,SF
2026,1331774804222545920,NCAA PIONEER,5,432164755709370368,EBurkhart,10219
2026,1331774804222545920,NCAA PIONEER,5,432164755709370368,EBurkhart,10225
2026,1331774804222545920,NCAA PIONEER,5,432164755709370368,EBurkhart,10235
2026,1331774804222545920,NCAA PIONEER,5,432164755709370368,EBurkhart,10866
2026,1331774804222545920,NCAA PIONEER,5,432164755709370368,EBurkhart,11256
2026,1331774804222545920,NCAA PIONEER,5,432164755709370368,EBurkhart,11261
2026,1331774804222545920,NCAA PIONEER,5,432164755709370368,EBurkhart,11439
2026,1331774804222545920,NCAA PIONEER,5,432164755709370368,EBurkhart,11563
2026,1331774804222545920,NCAA PIONEER,5,432164755709370368,EBurkhart,11597
2026,1331774804222545920,NCAA PIONEER,5,432164755709370368,EBurkhart,11630
2026,1331774804222545920,NCAA PIONEER,5,432164755709370368,EBurkhart,11655
2026,1331774804222545920,NCAA PIONEER,5,432164755709370368,EBurkhart,11834
2026,1331774804222545920,NCAA PIONEER,5,432164755709370368,EBurkhart,12015
2026,1331774804222545920,NCAA PIONEER,5,432164755709370368,EBurkhart,12471
2026,1331774804222545920,NCAA PIONEER,5,432164755709370368,EBurkhart,12521
2026,1331774804222545920,NCAA PIONEER,5,432164755709370368,EBurkhart,12522
2026,1331774804222545920,NCAA PIONEER,5,432164755709370368,EBurkhart,13272
2026,1331774804222545920,NCAA PIONEER,5,432164755709370368,EBurkhart,13275
2026,1331774804222545920,NCAA PIONEER,5,432164755709370368,EBurkhart,13278
2026,1331774804222545920,NCAA PIONEER,5,432164755709370368,EBurkhart,13435
2026,1331774804222545920,NCAA PIONEER,5,432164755709370368,EBurkhart,2216
2026,1331774804222545920,NCAA PIONEER,5,432164755709370368,EBurkhart,4177
2026,1331774804222545920,NCAA PIONEER,5,432164755709370368,EBurkhart,4199
2026,1331774804222545920,NCAA PIONEER,5,432164755709370368,EBurkhart,4981
2026,1331774804222545920,NCAA PIONEER,5,432164755709370368,EBurkhart,4984
2026,1331774804222545920,NCAA PIONEER,5,432164755709370368,EBurkhart,5008
2026,1331774804222545920,NCAA PIONEER,5,432164755709370368,EBurkhart,5374
2026,1331774804222545920,NCAA PIONEER,5,432164755709370368,EBurkhart,5906
2026,1331774804222545920,NCAA PIONEER,5,432164755709370368,EBurkhart,5970
2026,1331774804222545920,NCAA PIONEER,5,432164755709370368,EBurkhart,7538
2026,1331774804222545920,NCAA PIONEER,5,432164755709370368,EBurkhart,7571
2026,1331774804222545920,NCAA PIONEER,5,432164755709370368,EBurkhart,8117
2026,1331774804222545920,NCAA PIONEER,5,432164755709370368,EBurkhart,8129
2026,1331774804222545920,NCAA PIONEER,5,432164755709370368,EBurkhart,8143
2026,1331774804222545920,NCAA PIONEER,5,432164755709370368,EBurkhart,8147
2026,1331774804222545920,NCAA PIONEER,5,432164755709370368,EBurkhart,8154
2026,1331774804222545920,NCAA PIONEER,5,432164755709370368,EBurkhart,8249
2026,1331774804222545920,NCAA PIONEER,5,432164755709370368,EBurkhart,8917
2026,1331774804222545920,NCAA PIONEER,5,432164755709370368,EBurkhart,9497
2026,1331774804222545920,NCAA PIONEER,5,432164755709370368,EBurkhart,9500
2026,1331774804222545920,NCAA PIONEER,5,432164755709370368,EBurkhart,9999
2026,1331774804222545920,NCAA PIONEER,5,432164755709370368,EBurkhart,TB
2026,1331774804222545920,NCAA PIONEER,6,455753261765357568,BDAVIS309,10218
2026,1331774804222545920,NCAA PIONEER,6,455753261765357568,BDAVIS309,11584
2026,1331774804222545920,NCAA PIONEER,6,455753261765357568,BDAVIS309,11600
2026,1331774804222545920,NCAA PIONEER,6,455753261765357568,BDAVIS309,11626
2026,1331774804222545920,NCAA PIONEER,6,455753261765357568,BDAVIS309,11635
2026,1331774804222545920,NCAA PIONEER,6,455753261765357568,BDAVIS309,1166
2026,1331774804222545920,NCAA PIONEER,6,455753261765357568,BDAVIS309,12467
2026,1331774804222545920,NCAA PIONEER,6,455753261765357568,BDAVIS309,12476
2026,1331774804222545920,NCAA PIONEER,6,455753261765357568,BDAVIS309,12498
2026,1331774804222545920,NCAA PIONEER,6,455753261765357568,BDAVIS309,12514
2026,1331774804222545920,NCAA PIONEER,6,455753261765357568,BDAVIS309,13281
2026,1331774804222545920,NCAA PIONEER,6,455753261765357568,BDAVIS309,13282
2026,1331774804222545920,NCAA PIONEER,6,455753261765357568,BDAVIS309,13302
2026,1331774804222545920,NCAA PIONEER,6,455753261765357568,BDAVIS309,13311
2026,1331774804222545920,NCAA PIONEER,6,455753261765357568,BDAVIS309,1379
2026,1331774804222545920,NCAA PIONEER,6,455753261765357568,BDAVIS309,1479
2026,1331774804222545920,NCAA PIONEER,6,455753261765357568,BDAVIS309,2359
2026,1331774804222545920,NCAA PIONEER,6,455753261765357568,BDAVIS309,2449
2026,1331774804222545920,NCAA PIONEER,6,455753261765357568,BDAVIS309,2747
2026,1331774804222545920,NCAA PIONEER,6,455753261765357568,BDAVIS309,3198
2026,1331774804222545920,NCAA PIONEER,6,455753261765357568,BDAVIS309,4039
2026,1331774804222545920,NCAA PIONEER,6,455753261765357568,BDAVIS309,4080
2026,1331774804222545920,NCAA PIONEER,6,455753261765357568,BDAVIS309,4666
2026,1331774804222545920,NCAA PIONEER,6,455753261765357568,BDAVIS309,4943
2026,1331774804222545920,NCAA PIONEER,6,455753261765357568,BDAVIS309,4993
2026,1331774804222545920,NCAA PIONEER,6,455753261765357568,BDAVIS309,5917
2026,1331774804222545920,NCAA PIONEER,6,455753261765357568,BDAVIS309,5980
2026,1331774804222545920,NCAA PIONEER,6,455753261765357568,BDAVIS309,6845
2026,1331774804222545920,NCAA PIONEER,6,455753261765357568,BDAVIS309,7567
2026,1331774804222545920,NCAA PIONEER,6,455753261765357568,BDAVIS309,7568
2026,1331774804222545920,NCAA PIONEER,6,455753261765357568,BDAVIS309,8132
2026,1331774804222545920,NCAA PIONEER,6,455753261765357568,BDAVIS309,8145
2026,1331774804222545920,NCAA PIONEER,6,455753261765357568,BDAVIS309,8150
2026,1331774804222545920,NCAA PIONEER,6,455753261765357568,BDAVIS309,9226
2026,1331774804222545920,NCAA PIONEER,6,455753261765357568,BDAVIS309,9481
2026,1331774804222545920,NCAA PIONEER,6,455753261765357568,BDAVIS309,9487
2026,1331774804222545920,NCAA PIONEER,6,455753261765357568,BDAVIS309,9504
2026,1331774804222545920,NCAA PIONEER,6,455753261765357568,BDAVIS309,9506
2026,1331774804222545920,NCAA PIONEER,6,455753261765357568,BDAVIS309,LAR
2026,1331774804222545920,NCAA PIONEER,6,455753261765357568,BDAVIS309,LV
2026,1331774804222545920,NCAA PIONEER,6,455753261765357568,BDAVIS309,WAS
2026,1331774804222545920,NCAA PIONEER,7,398884413687001088,Ortizz,11199
2026,1331774804222545920,NCAA PIONEER,7,398884413687001088,Ortizz,11237
2026,1331774804222545920,NCAA PIONEER,7,398884413687001088,Ortizz,11435
2026,1331774804222545920,NCAA PIONEER,7,398884413687001088,Ortizz,11559
2026,1331774804222545920,NCAA PIONEER,7,398884413687001088,Ortizz,11562
2026,1331774804222545920,NCAA PIONEER,7,398884413687001088,Ortizz,11564
2026,1331774804222545920,NCAA PIONEER,7,398884413687001088,Ortizz,11618
2026,1331774804222545920,NCAA PIONEER,7,398884413687001088,Ortizz,11620
2026,1331774804222545920,NCAA PIONEER,7,398884413687001088,Ortizz,11628
2026,1331774804222545920,NCAA PIONEER,7,398884413687001088,Ortizz,11651
2026,1331774804222545920,NCAA PIONEER,7,398884413687001088,Ortizz,11786
2026,1331774804222545920,NCAA PIONEER,7,398884413687001088,Ortizz,12472
2026,1331774804222545920,NCAA PIONEER,7,398884413687001088,Ortizz,12473
2026,1331774804222545920,NCAA PIONEER,7,398884413687001088,Ortizz,12475
2026,1331774804222545920,NCAA PIONEER,7,398884413687001088,Ortizz,12484
2026,1331774804222545920,NCAA PIONEER,7,398884413687001088,Ortizz,12485
2026,1331774804222545920,NCAA PIONEER,7,398884413687001088,Ortizz,12506
2026,1331774804222545920,NCAA PIONEER,7,398884413687001088,Ortizz,12509
2026,1331774804222545920,NCAA PIONEER,7,398884413687001088,Ortizz,12527
2026,1331774804222545920,NCAA PIONEER,7,398884413687001088,Ortizz,12529
2026,1331774804222545920,NCAA PIONEER,7,398884413687001088,Ortizz,12713
2026,1331774804222545920,NCAA PIONEER,7,398884413687001088,Ortizz,13279
2026,1331774804222545920,NCAA PIONEER,7,398884413687001088,Ortizz,13288
2026,1331774804222545920,NCAA PIONEER,7,398884413687001088,Ortizz,13293
2026,1331774804222545920,NCAA PIONEER,7,398884413687001088,Ortizz,13425
2026,1331774804222545920,NCAA PIONEER,7,398884413687001088,Ortizz,1737
2026,1331774804222545920,NCAA PIONEER,7,398884413687001088,Ortizz,19
2026,1331774804222545920,NCAA PIONEER,7,398884413687001088,Ortizz,5095
2026,1331774804222545920,NCAA PIONEER,7,398884413687001088,Ortizz,5844
2026,1331774804222545920,NCAA PIONEER,7,398884413687001088,Ortizz,5854
2026,1331774804222545920,NCAA PIONEER,7,398884413687001088,Ortizz,6039
2026,1331774804222545920,NCAA PIONEER,7,398884413687001088,Ortizz,6801
2026,1331774804222545920,NCAA PIONEER,7,398884413687001088,Ortizz,6819
2026,1331774804222545920,NCAA PIONEER,7,398884413687001088,Ortizz,6865
2026,1331774804222545920,NCAA PIONEER,7,398884413687001088,Ortizz,7525
2026,1331774804222545920,NCAA PIONEER,7,398884413687001088,Ortizz,7527
2026,1331774804222545920,NCAA PIONEER,7,398884413687001088,Ortizz,7591
2026,1331774804222545920,NCAA PIONEER,7,398884413687001088,Ortizz,7842
2026,1331774804222545920,NCAA PIONEER,7,398884413687001088,Ortizz,8121
2026,1331774804222545920,NCAA PIONEER,7,398884413687001088,Ortizz,8168
2026,1331774804222545920,NCAA PIONEER,7,398884413687001088,Ortizz,8259
2026,1331774804222545920,NCAA PIONEER,7,398884413687001088,Ortizz,8800
2026,1331774804222545920,NCAA PIONEER,7,398884413687001088,Ortizz,9757
2026,1331774804222545920,NCAA PIONEER,7,398884413687001088,Ortizz,ARI
2026,1331774804222545920,NCAA PIONEER,7,398884413687001088,Ortizz,CLE
2026,1331774804222545920,NCAA PIONEER,8,339931221767249920,CrownMeKing,11566
2026,1331774804222545920,NCAA PIONEER,8,339931221767249920,CrownMeKing,11571
2026,1331774804222545920,NCAA PIONEER,8,339931221767249920,CrownMeKing,11575
2026,1331774804222545920,NCAA PIONEER,8,339931221767249920,CrownMeKing,11638
2026,1331774804222545920,NCAA PIONEER,8,339931221767249920,CrownMeKing,11643
2026,1331774804222545920,NCAA PIONEER,8,339931221767249920,CrownMeKing,12490
2026,1331774804222545920,NCAA PIONEER,8,339931221767249920,CrownMeKing,12505
2026,1331774804222545920,NCAA PIONEER,8,339931221767249920,CrownMeKing,12540
2026,1331774804222545920,NCAA PIONEER,8,339931221767249920,CrownMeKing,12961
2026,1331774804222545920,NCAA PIONEER,8,339931221767249920,CrownMeKing,13079
2026,1331774804222545920,NCAA PIONEER,8,339931221767249920,CrownMeKing,13264
2026,1331774804222545920,NCAA PIONEER,8,339931221767249920,CrownMeKing,13270
2026,1331774804222545920,NCAA PIONEER,8,339931221767249920,CrownMeKing,13277
2026,1331774804222545920,NCAA PIONEER,8,339931221767249920,CrownMeKing,13319
2026,1331774804222545920,NCAA PIONEER,8,339931221767249920,CrownMeKing,13322
2026,1331774804222545920,NCAA PIONEER,8,339931221767249920,CrownMeKing,13330
2026,1331774804222545920,NCAA PIONEER,8,339931221767249920,CrownMeKing,13333
2026,1331774804222545920,NCAA PIONEER,8,339931221767249920,CrownMeKing,13348
2026,1331774804222545920,NCAA PIONEER,8,339931221767249920,CrownMeKing,13354
2026,1331774804222545920,NCAA PIONEER,8,339931221767249920,CrownMeKing,13417
2026,1331774804222545920,NCAA PIONEER,8,339931221767249920,CrownMeKing,13424
2026,1331774804222545920,NCAA PIONEER,8,339931221767249920,CrownMeKing,13477
2026,1331774804222545920,NCAA PIONEER,8,339931221767249920,CrownMeKing,1466
2026,1331774804222545920,NCAA PIONEER,8,339931221767249920,CrownMeKing,2133
2026,1331774804222545920,NCAA PIONEER,8,339931221767249920,CrownMeKing,2197
2026,1331774804222545920,NCAA PIONEER,8,339931221767249920,CrownMeKing,2307
2026,1331774804222545920,NCAA PIONEER,8,339931221767249920,CrownMeKing,4137
2026,1331774804222545920,NCAA PIONEER,8,339931221767249920,CrownMeKing,4195
2026,1331774804222545920,NCAA PIONEER,8,339931221767249920,CrownMeKing,4454
2026,1331774804222545920,NCAA PIONEER,8,339931221767249920,CrownMeKing,4663
2026,1331774804222545920,NCAA PIONEER,8,339931221767249920,CrownMeKing,4881
2026,1331774804222545920,NCAA PIONEER,8,339931221767249920,CrownMeKing,6803
2026,1331774804222545920,NCAA PIONEER,8,339931221767249920,CrownMeKing,7021
2026,1331774804222545920,NCAA PIONEER,8,339931221767249920,CrownMeKing,7547
2026,1331774804222545920,NCAA PIONEER,8,339931221767249920,CrownMeKing,7594
2026,1331774804222545920,NCAA PIONEER,8,339931221767249920,CrownMeKing,7670
2026,1331774804222545920,NCAA PIONEER,8,339931221767249920,CrownMeKing,8125
2026,1331774804222545920,NCAA PIONEER,8,339931221767249920,CrownMeKing,8131
2026,1331774804222545920,NCAA PIONEER,8,339931221767249920,CrownMeKing,8148
2026,1331774804222545920,NCAA PIONEER,8,339931221767249920,CrownMeKing,8160
2026,1331774804222545920,NCAA PIONEER,8,339931221767249920,CrownMeKing,9224
2026,1331774804222545920,NCAA PIONEER,8,339931221767249920,CrownMeKing,9493
2026,1331774804222545920,NCAA PIONEER,8,339931221767249920,CrownMeKing,BUF
2026,1331774804222545920,NCAA PIONEER,8,339931221767249920,CrownMeKing,NO
2026,1331774804222545920,NCAA PIONEER,8,339931221767249920,CrownMeKing,NYJ
2026,1331774804222545920,NCAA PIONEER,9,602687087556231168,DictatorBerry,10226
2026,1331774804222545920,NCAA PIONEER,9,602687087556231168,DictatorBerry,11574
2026,1331774804222545920,NCAA PIONEER,9,602687087556231168,DictatorBerry,11619
2026,1331774804222545920,NCAA PIONEER,9,602687087556231168,DictatorBerry,11625
2026,1331774804222545920,NCAA PIONEER,9,602687087556231168,DictatorBerry,12457
2026,1331774804222545920,NCAA PIONEER,9,602687087556231168,DictatorBerry,12481
2026,1331774804222545920,NCAA PIONEER,9,602687087556231168,DictatorBerry,12495
2026,1331774804222545920,NCAA PIONEER,9,602687087556231168,DictatorBerry,12518
2026,1331774804222545920,NCAA PIONEER,9,602687087556231168,DictatorBerry,12526
2026,1331774804222545920,NCAA PIONEER,9,602687087556231168,DictatorBerry,12536
2026,1331774804222545920,NCAA PIONEER,9,602687087556231168,DictatorBerry,12543
2026,1331774804222545920,NCAA PIONEER,9,602687087556231168,DictatorBerry,12544
2026,1331774804222545920,NCAA PIONEER,9,602687087556231168,DictatorBerry,13276
2026,1331774804222545920,NCAA PIONEER,9,602687087556231168,DictatorBerry,13306
2026,1331774804222545920,NCAA PIONEER,9,602687087556231168,DictatorBerry,13405
2026,1331774804222545920,NCAA PIONEER,9,602687087556231168,DictatorBerry,13418
2026,1331774804222545920,NCAA PIONEER,9,602687087556231168,DictatorBerry,13423
2026,1331774804222545920,NCAA PIONEER,9,602687087556231168,DictatorBerry,1945
2026,1331774804222545920,NCAA PIONEER,9,602687087556231168,DictatorBerry,3294
2026,1331774804222545920,NCAA PIONEER,9,602687087556231168,DictatorBerry,5022
2026,1331774804222545920,NCAA PIONEER,9,602687087556231168,DictatorBerry,5119
2026,1331774804222545920,NCAA PIONEER,9,602687087556231168,DictatorBerry,5846
2026,1331774804222545920,NCAA PIONEER,9,602687087556231168,DictatorBerry,6790
2026,1331774804222545920,NCAA PIONEER,9,602687087556231168,DictatorBerry,6945
2026,1331774804222545920,NCAA PIONEER,9,602687087556231168,DictatorBerry,7496
2026,1331774804222545920,NCAA PIONEER,9,602687087556231168,DictatorBerry,7553
2026,1331774804222545920,NCAA PIONEER,9,602687087556231168,DictatorBerry,7562
2026,1331774804222545920,NCAA PIONEER,9,602687087556231168,DictatorBerry,7587
2026,1331774804222545920,NCAA PIONEER,9,602687087556231168,DictatorBerry,7611
2026,1331774804222545920,NCAA PIONEER,9,602687087556231168,DictatorBerry,8110
2026,1331774804222545920,NCAA PIONEER,9,602687087556231168,DictatorBerry,8142
2026,1331774804222545920,NCAA PIONEER,9,602687087556231168,DictatorBerry,8146
2026,1331774804222545920,NCAA PIONEER,9,602687087556231168,DictatorBerry,8408
2026,1331774804222545920,NCAA PIONEER,9,602687087556231168,DictatorBerry,9225
2026,1331774804222545920,NCAA PIONEER,9,602687087556231168,DictatorBerry,9480
2026,1331774804222545920,NCAA PIONEER,9,602687087556231168,DictatorBerry,9486
2026,1331774804222545920,NCAA PIONEER,9,602687087556231168,DictatorBerry,9492
2026,1331774804222545920,NCAA PIONEER,9,602687087556231168,DictatorBerry,9494
2026,1331774804222545920,NCAA PIONEER,9,602687087556231168,DictatorBerry,9502
2026,1331774804222545920,NCAA PIONEER,9,602687087556231168,DictatorBerry,9754
2026,1331774804222545920,NCAA PIONEER,9,602687087556231168,DictatorBerry,JAX
2026,1331774804222545920,NCAA PIONEER,9,602687087556231168,DictatorBerry,NE
2026,1331774804222545920,NCAA PIONEER,10,315736569111650304,JMullen175,10444
2026,1331774804222545920,NCAA PIONEER,10,315736569111650304,JMullen175,11560
2026,1331774804222545920,NCAA PIONEER,10,315736569111650304,JMullen175,11579
2026,1331774804222545920,NCAA PIONEER,10,315736569111650304,JMullen175,11617
2026,1331774804222545920,NCAA PIONEER,10,315736569111650304,JMullen175,12499
2026,1331774804222545920,NCAA PIONEER,10,315736569111650304,JMullen175,12530
2026,1331774804222545920,NCAA PIONEER,10,315736569111650304,JMullen175,12535
2026,1331774804222545920,NCAA PIONEER,10,315736569111650304,JMullen175,13305
2026,1331774804222545920,NCAA PIONEER,10,315736569111650304,JMullen175,13349
2026,1331774804222545920,NCAA PIONEER,10,315736569111650304,JMullen175,13380
2026,1331774804222545920,NCAA PIONEER,10,315736569111650304,JMullen175,13434
2026,1331774804222545920,NCAA PIONEER,10,315736569111650304,JMullen175,2374
2026,1331774804222545920,NCAA PIONEER,10,315736569111650304,JMullen175,3214
2026,1331774804222545920,NCAA PIONEER,10,315736569111650304,JMullen175,3257
2026,1331774804222545920,NCAA PIONEER,10,315736569111650304,JMullen175,3271
2026,1331774804222545920,NCAA PIONEER,10,315736569111650304,JMullen175,503
2026,1331774804222545920,NCAA PIONEER,10,315736569111650304,JMullen175,5870
2026,1331774804222545920,NCAA PIONEER,10,315736569111650304,JMullen175,6011
2026,1331774804222545920,NCAA PIONEER,10,315736569111650304,JMullen175,6136
2026,1331774804222545920,NCAA PIONEER,10,315736569111650304,JMullen175,6783
2026,1331774804222545920,NCAA PIONEER,10,315736569111650304,JMullen175,6806
2026,1331774804222545920,NCAA PIONEER,10,315736569111650304,JMullen175,6813
2026,1331774804222545920,NCAA PIONEER,10,315736569111650304,JMullen175,7049
2026,1331774804222545920,NCAA PIONEER,10,315736569111650304,JMullen175,7569
2026,1331774804222545920,NCAA PIONEER,10,315736569111650304,JMullen175,7607
2026,1331774804222545920,NCAA PIONEER,10,315736569111650304,JMullen175,7922
2026,1331774804222545920,NCAA PIONEER,10,315736569111650304,JMullen175,8144
2026,1331774804222545920,NCAA PIONEER,10,315736569111650304,JMullen175,8161
2026,1331774804222545920,NCAA PIONEER,10,315736569111650304,JMullen175,8183
2026,1331774804222545920,NCAA PIONEER,10,315736569111650304,JMullen175,8207
2026,1331774804222545920,NCAA PIONEER,10,315736569111650304,JMullen175,8219
2026,1331774804222545920,NCAA PIONEER,10,315736569111650304,JMullen175,8225
2026,1331774804222545920,NCAA PIONEER,10,315736569111650304,JMullen175,9221
2026,1331774804222545920,NCAA PIONEER,10,315736569111650304,JMullen175,9482
2026,1331774804222545920,NCAA PIONEER,10,315736569111650304,JMullen175,9998
2026,1331774804222545920,NCAA PIONEER,10,315736569111650304,JMullen175,HOU
2026,1331774804222545920,NCAA PIONEER,10,315736569111650304,JMullen175,PHI
2026,1331774804222545920,NCAA PIONEER,10,315736569111650304,JMullen175,SEA
2026,1331774804222545920,NCAA PIONEER,11,325873712534421504,FatPat1251,10213
2026,1331774804222545920,NCAA PIONEER,11,325873712534421504,FatPat1251,10229
2026,1331774804222545920,NCAA PIONEER,11,325873712534421504,FatPat1251,11616
2026,1331774804222545920,NCAA PIONEER,11,325873712534421504,FatPat1251,11895
2026,1331774804222545920,NCAA PIONEER,11,325873712534421504,FatPat1251,12487
2026,1331774804222545920,NCAA PIONEER,11,325873712534421504,FatPat1251,12492
2026,1331774804222545920,NCAA PIONEER,11,325873712534421504,FatPat1251,12504
2026,1331774804222545920,NCAA PIONEER,11,325873712534421504,FatPat1251,13074
2026,1331774804222545920,NCAA PIONEER,11,325873712534421504,FatPat1251,13269
2026,1331774804222545920,NCAA PIONEER,11,325873712534421504,FatPat1251,13274
2026,1331774804222545920,NCAA PIONEER,11,325873712534421504,FatPat1251,13289
2026,1331774804222545920,NCAA PIONEER,11,325873712534421504,FatPat1251,13411
2026,1331774804222545920,NCAA PIONEER,11,325873712534421504,FatPat1251,3163
2026,1331774804222545920,NCAA PIONEER,11,325873712534421504,FatPat1251,3202
2026,1331774804222545920,NCAA PIONEER,11,325873712534421504,FatPat1251,3451
2026,1331774804222545920,NCAA PIONEER,11,325873712534421504,FatPat1251,4034
2026,1331774804222545920,NCAA PIONEER,11,325873712534421504,FatPat1251,4147
2026,1331774804222545920,NCAA PIONEER,11,325873712534421504,FatPat1251,421
2026,1331774804222545920,NCAA PIONEER,11,325873712534421504,FatPat1251,5012
2026,1331774804222545920,NCAA PIONEER,11,325873712534421504,FatPat1251,5859
2026,1331774804222545920,NCAA PIONEER,11,325873712534421504,FatPat1251,5927
2026,1331774804222545920,NCAA PIONEER,11,325873712534421504,FatPat1251,6528
2026,1331774804222545920,NCAA PIONEER,11,325873712534421504,FatPat1251,6853
2026,1331774804222545920,NCAA PIONEER,11,325873712534421504,FatPat1251,6869
2026,1331774804222545920,NCAA PIONEER,11,325873712534421504,FatPat1251,7535
2026,1331774804222545920,NCAA PIONEER,11,325873712534421504,FatPat1251,7543
2026,1331774804222545920,NCAA PIONEER,11,325873712534421504,FatPat1251,7588
2026,1331774804222545920,NCAA PIONEER,11,325873712534421504,FatPat1251,8112
2026,1331774804222545920,NCAA PIONEER,11,325873712534421504,FatPat1251,8119
2026,1331774804222545920,NCAA PIONEER,11,325873712534421504,FatPat1251,8136
2026,1331774804222545920,NCAA PIONEER,11,325873712534421504,FatPat1251,8254
2026,1331774804222545920,NCAA PIONEER,11,325873712534421504,FatPat1251,9479
2026,1331774804222545920,NCAA PIONEER,11,325873712534421504,FatPat1251,9509
2026,1331774804222545920,NCAA PIONEER,11,325873712534421504,FatPat1251,ATL
2026,1331774804222545920,NCAA PIONEER,11,325873712534421504,FatPat1251,CIN
2026,1331774804222545920,NCAA PIONEER,11,325873712534421504,FatPat1251,GB
2026,1331774804222545920,NCAA PIONEER,11,325873712534421504,FatPat1251,TEN
2026,1331774804222545920,NCAA PIONEER,12,739984250304135168,YikesOnBikes,10955
2026,1331774804222545920,NCAA PIONEER,12,739984250304135168,YikesOnBikes,11370
2026,1331774804222545920,NCAA PIONEER,12,739984250304135168,YikesOnBikes,11599
2026,1331774804222545920,NCAA PIONEER,12,739984250304135168,YikesOnBikes,11629
2026,1331774804222545920,NCAA PIONEER,12,739984250304135168,YikesOnBikes,11637
2026,1331774804222545920,NCAA PIONEER,12,739984250304135168,YikesOnBikes,11729
2026,1331774804222545920,NCAA PIONEER,12,739984250304135168,YikesOnBikes,12470
2026,1331774804222545920,NCAA PIONEER,12,739984250304135168,YikesOnBikes,12531
2026,1331774804222545920,NCAA PIONEER,12,739984250304135168,YikesOnBikes,13285
2026,1331774804222545920,NCAA PIONEER,12,739984250304135168,YikesOnBikes,13287
2026,1331774804222545920,NCAA PIONEER,12,739984250304135168,YikesOnBikes,13294
2026,1331774804222545920,NCAA PIONEER,12,739984250304135168,YikesOnBikes,13345
2026,1331774804222545920,NCAA PIONEER,12,739984250304135168,YikesOnBikes,1339
2026,1331774804222545920,NCAA PIONEER,12,739984250304135168,YikesOnBikes,13392
2026,1331774804222545920,NCAA PIONEER,12,739984250304135168,YikesOnBikes,13401
2026,1331774804222545920,NCAA PIONEER,12,739984250304135168,YikesOnBikes,13413
2026,1331774804222545920,NCAA PIONEER,12,739984250304135168,YikesOnBikes,13421
2026,1331774804222545920,NCAA PIONEER,12,739984250304135168,YikesOnBikes,13533
2026,1331774804222545920,NCAA PIONEER,12,739984250304135168,YikesOnBikes,2306
2026,1331774804222545920,NCAA PIONEER,12,739984250304135168,YikesOnBikes,3155
2026,1331774804222545920,NCAA PIONEER,12,739984250304135168,YikesOnBikes,3321
2026,1331774804222545920,NCAA PIONEER,12,739984250304135168,YikesOnBikes,3678
2026,1331774804222545920,NCAA PIONEER,12,739984250304135168,YikesOnBikes,4033
2026,1331774804222545920,NCAA PIONEER,12,739984250304135168,YikesOnBikes,4037
2026,1331774804222545920,NCAA PIONEER,12,739984250304135168,YikesOnBikes,4144
2026,1331774804222545920,NCAA PIONEER,12,739984250304135168,YikesOnBikes,5045
2026,1331774804222545920,NCAA PIONEER,12,739984250304135168,YikesOnBikes,5967
2026,1331774804222545920,NCAA PIONEER,12,739984250304135168,YikesOnBikes,6149
2026,1331774804222545920,NCAA PIONEER,12,739984250304135168,YikesOnBikes,6271
2026,1331774804222545920,NCAA PIONEER,12,739984250304135168,YikesOnBikes,6786
2026,1331774804222545920,NCAA PIONEER,12,739984250304135168,YikesOnBikes,6804
2026,1331774804222545920,NCAA PIONEER,12,739984250304135168,YikesOnBikes,6904
2026,1331774804222545920,NCAA PIONEER,12,739984250304135168,YikesOnBikes,7039
2026,1331774804222545920,NCAA PIONEER,12,739984250304135168,YikesOnBikes,7523
2026,1331774804222545920,NCAA PIONEER,12,739984250304135168,YikesOnBikes,7528
2026,1331774804222545920,NCAA PIONEER,12,739984250304135168,YikesOnBikes,8127
2026,1331774804222545920,NCAA PIONEER,12,739984250304135168,YikesOnBikes,8151
2026,1331774804222545920,NCAA PIONEER,12,739984250304135168,YikesOnBikes,8167
2026,1331774804222545920,NCAA PIONEER,12,739984250304135168,YikesOnBikes,8180
2026,1331774804222545920,NCAA PIONEER,12,739984250304135168,YikesOnBikes,9511
2026,1331774804222545920,NCAA PIONEER,12,739984250304135168,YikesOnBikes,96
2026,1331774804222545920,NCAA PIONEER,12,739984250304135168,YikesOnBikes,CAR
2026,1331774804222545920,NCAA PIONEER,12,739984250304135168,YikesOnBikes,IND
2026,1331774804222545920,NCAA PIONEER,12,739984250304135168,YikesOnBikes,LAC
2026,1331775170712444928,NCAA SEC,1,441458152391569408,tedman546,10871
2026,1331775170712444928,NCAA SEC,1,441458152391569408,tedman546,11157
2026,1331775170712444928,NCAA SEC,1,441458152391569408,tedman546,11256
2026,1331775170712444928,NCAA SEC,1,441458152391569408,tedman546,11608
2026,1331775170712444928,NCAA SEC,1,441458152391569408,tedman546,11627
2026,1331775170712444928,NCAA SEC,1,441458152391569408,tedman546,11646
2026,1331775170712444928,NCAA SEC,1,441458152391569408,tedman546,11994
2026,1331775170712444928,NCAA SEC,1,441458152391569408,tedman546,12455
2026,1331775170712444928,NCAA SEC,1,441458152391569408,tedman546,12472
2026,1331775170712444928,NCAA SEC,1,441458152391569408,tedman546,12496
2026,1331775170712444928,NCAA SEC,1,441458152391569408,tedman546,12497
2026,1331775170712444928,NCAA SEC,1,441458152391569408,tedman546,12531
2026,1331775170712444928,NCAA SEC,1,441458152391569408,tedman546,13293
2026,1331775170712444928,NCAA SEC,1,441458152391569408,tedman546,13345
2026,1331775170712444928,NCAA SEC,1,441458152391569408,tedman546,13414
2026,1331775170712444928,NCAA SEC,1,441458152391569408,tedman546,13435
2026,1331775170712444928,NCAA SEC,1,441458152391569408,tedman546,3161
2026,1331775170712444928,NCAA SEC,1,441458152391569408,tedman546,3451
2026,1331775170712444928,NCAA SEC,1,441458152391569408,tedman546,4866
2026,1331775170712444928,NCAA SEC,1,441458152391569408,tedman546,4950
2026,1331775170712444928,NCAA SEC,1,441458152391569408,tedman546,5045
2026,1331775170712444928,NCAA SEC,1,441458152391569408,tedman546,5095
2026,1331775170712444928,NCAA SEC,1,441458152391569408,tedman546,5846
2026,1331775170712444928,NCAA SEC,1,441458152391569408,tedman546,5848
2026,1331775170712444928,NCAA SEC,1,441458152391569408,tedman546,5849
2026,1331775170712444928,NCAA SEC,1,441458152391569408,tedman546,5857
2026,1331775170712444928,NCAA SEC,1,441458152391569408,tedman546,5947
2026,1331775170712444928,NCAA SEC,1,441458152391569408,tedman546,6130
2026,1331775170712444928,NCAA SEC,1,441458152391569408,tedman546,6826
2026,1331775170712444928,NCAA SEC,1,441458152391569408,tedman546,6904
2026,1331775170712444928,NCAA SEC,1,441458152391569408,tedman546,7553
2026,1331775170712444928,NCAA SEC,1,441458152391569408,tedman546,7562
2026,1331775170712444928,NCAA SEC,1,441458152391569408,tedman546,8134
2026,1331775170712444928,NCAA SEC,1,441458152391569408,tedman546,8208
2026,1331775170712444928,NCAA SEC,1,441458152391569408,tedman546,8254
2026,1331775170712444928,NCAA SEC,1,441458152391569408,tedman546,8698
2026,1331775170712444928,NCAA SEC,1,441458152391569408,tedman546,8917
2026,1331775170712444928,NCAA SEC,1,441458152391569408,tedman546,9480
2026,1331775170712444928,NCAA SEC,1,441458152391569408,tedman546,9481
2026,1331775170712444928,NCAA SEC,1,441458152391569408,tedman546,9487
2026,1331775170712444928,NCAA SEC,1,441458152391569408,tedman546,9494
2026,1331775170712444928,NCAA SEC,1,441458152391569408,tedman546,BUF
2026,1331775170712444928,NCAA SEC,1,441458152391569408,tedman546,HOU
2026,1331775170712444928,NCAA SEC,1,441458152391569408,tedman546,PHI
2026,1331775170712444928,NCAA SEC,1,441458152391569408,tedman546,TEN
2026,1331775170712444928,NCAA SEC,2,508516852143693824,errand,10444
2026,1331775170712444928,NCAA SEC,2,508516852143693824,errand,12495
2026,1331775170712444928,NCAA SEC,2,508516852143693824,errand,12517
2026,1331775170712444928,NCAA SEC,2,508516852143693824,errand,12523
2026,1331775170712444928,NCAA SEC,2,508516852143693824,errand,12536
2026,1331775170712444928,NCAA SEC,2,508516852143693824,errand,13275
2026,1331775170712444928,NCAA SEC,2,508516852143693824,errand,13292
2026,1331775170712444928,NCAA SEC,2,508516852143693824,errand,13300
2026,1331775170712444928,NCAA SEC,2,508516852143693824,errand,13346
2026,1331775170712444928,NCAA SEC,2,508516852143693824,errand,2133
2026,1331775170712444928,NCAA SEC,2,508516852143693824,errand,3200
2026,1331775170712444928,NCAA SEC,2,508516852143693824,errand,3214
2026,1331775170712444928,NCAA SEC,2,508516852143693824,errand,3286
2026,1331775170712444928,NCAA SEC,2,508516852143693824,errand,3678
2026,1331775170712444928,NCAA SEC,2,508516852143693824,errand,4034
2026,1331775170712444928,NCAA SEC,2,508516852143693824,errand,4066
2026,1331775170712444928,NCAA SEC,2,508516852143693824,errand,4098
2026,1331775170712444928,NCAA SEC,2,508516852143693824,errand,4137
2026,1331775170712444928,NCAA SEC,2,508516852143693824,errand,4147
2026,1331775170712444928,NCAA SEC,2,508516852143693824,errand,4177
2026,1331775170712444928,NCAA SEC,2,508516852143693824,errand,4892
2026,1331775170712444928,NCAA SEC,2,508516852143693824,errand,4972
2026,1331775170712444928,NCAA SEC,2,508516852143693824,errand,4984
2026,1331775170712444928,NCAA SEC,2,508516852143693824,errand,4988
2026,1331775170712444928,NCAA SEC,2,508516852143693824,errand,4995
2026,1331775170712444928,NCAA SEC,2,508516852143693824,errand,5089
2026,1331775170712444928,NCAA SEC,2,508516852143693824,errand,5872
2026,1331775170712444928,NCAA SEC,2,508516852143693824,errand,650
2026,1331775170712444928,NCAA SEC,2,508516852143693824,errand,6794
2026,1331775170712444928,NCAA SEC,2,508516852143693824,errand,7090
2026,1331775170712444928,NCAA SEC,2,508516852143693824,errand,7526
2026,1331775170712444928,NCAA SEC,2,508516852143693824,errand,7561
2026,1331775170712444928,NCAA SEC,2,508516852143693824,errand,7567
2026,1331775170712444928,NCAA SEC,2,508516852143693824,errand,7593
2026,1331775170712444928,NCAA SEC,2,508516852143693824,errand,8110
2026,1331775170712444928,NCAA SEC,2,508516852143693824,errand,8117
2026,1331775170712444928,NCAA SEC,2,508516852143693824,errand,8146
2026,1331775170712444928,NCAA SEC,2,508516852143693824,errand,8159
2026,1331775170712444928,NCAA SEC,2,508516852143693824,errand,9225
2026,1331775170712444928,NCAA SEC,2,508516852143693824,errand,9482
2026,1331775170712444928,NCAA SEC,2,508516852143693824,errand,9502
2026,1331775170712444928,NCAA SEC,2,508516852143693824,errand,LV
2026,1331775170712444928,NCAA SEC,2,508516852143693824,errand,MIA
2026,1331775170712444928,NCAA SEC,2,508516852143693824,errand,TB
2026,1331775170712444928,NCAA SEC,3,457957045534978048,ChadLowe,11569
2026,1331775170712444928,NCAA SEC,3,457957045534978048,ChadLowe,11576
2026,1331775170712444928,NCAA SEC,3,457957045534978048,ChadLowe,11599
2026,1331775170712444928,NCAA SEC,3,457957045534978048,ChadLowe,11626
2026,1331775170712444928,NCAA SEC,3,457957045534978048,ChadLowe,12499
2026,1331775170712444928,NCAA SEC,3,457957045534978048,ChadLowe,12506
2026,1331775170712444928,NCAA SEC,3,457957045534978048,ChadLowe,12511
2026,1331775170712444928,NCAA SEC,3,457957045534978048,ChadLowe,12518
2026,1331775170712444928,NCAA SEC,3,457957045534978048,ChadLowe,12534
2026,1331775170712444928,NCAA SEC,3,457957045534978048,ChadLowe,13288
2026,1331775170712444928,NCAA SEC,3,457957045534978048,ChadLowe,13353
2026,1331775170712444928,NCAA SEC,3,457957045534978048,ChadLowe,13404
2026,1331775170712444928,NCAA SEC,3,457957045534978048,ChadLowe,2309
2026,1331775170712444928,NCAA SEC,3,457957045534978048,ChadLowe,4035
2026,1331775170712444928,NCAA SEC,3,457957045534978048,ChadLowe,4219
2026,1331775170712444928,NCAA SEC,3,457957045534978048,ChadLowe,4227
2026,1331775170712444928,NCAA SEC,3,457957045534978048,ChadLowe,4454
2026,1331775170712444928,NCAA SEC,3,457957045534978048,ChadLowe,4881
2026,1331775170712444928,NCAA SEC,3,457957045534978048,ChadLowe,4981
2026,1331775170712444928,NCAA SEC,3,457957045534978048,ChadLowe,4993
2026,1331775170712444928,NCAA SEC,3,457957045534978048,ChadLowe,5010
2026,1331775170712444928,NCAA SEC,3,457957045534978048,ChadLowe,5189
2026,1331775170712444928,NCAA SEC,3,457957045534978048,ChadLowe,5859
2026,1331775170712444928,NCAA SEC,3,457957045534978048,ChadLowe,6797
2026,1331775170712444928,NCAA SEC,3,457957045534978048,ChadLowe,7670
2026,1331775170712444928,NCAA SEC,3,457957045534978048,ChadLowe,8112
2026,1331775170712444928,NCAA SEC,3,457957045534978048,ChadLowe,8129
2026,1331775170712444928,NCAA SEC,3,457957045534978048,ChadLowe,8154
2026,1331775170712444928,NCAA SEC,3,457957045534978048,ChadLowe,8172
2026,1331775170712444928,NCAA SEC,3,457957045534978048,ChadLowe,9758
2026,1331775170712444928,NCAA SEC,3,457957045534978048,ChadLowe,9997
2026,1331775170712444928,NCAA SEC,3,457957045534978048,ChadLowe,CLE
2026,1331775170712444928,NCAA SEC,3,457957045534978048,ChadLowe,SEA
2026,1331775170712444928,NCAA SEC,4,1289101953728540672,egbdf,11199
2026,1331775170712444928,NCAA SEC,4,1289101953728540672,egbdf,11533
2026,1331775170712444928,NCAA SEC,4,1289101953728540672,egbdf,11592
2026,1331775170712444928,NCAA SEC,4,1289101953728540672,egbdf,11628
2026,1331775170712444928,NCAA SEC,4,1289101953728540672,egbdf,12474
2026,1331775170712444928,NCAA SEC,4,1289101953728540672,egbdf,12483
2026,1331775170712444928,NCAA SEC,4,1289101953728540672,egbdf,12527
2026,1331775170712444928,NCAA SEC,4,1289101953728540672,egbdf,12641
2026,1331775170712444928,NCAA SEC,4,1289101953728540672,egbdf,12670
2026,1331775170712444928,NCAA SEC,4,1289101953728540672,egbdf,12711
2026,1331775170712444928,NCAA SEC,4,1289101953728540672,egbdf,13289
2026,1331775170712444928,NCAA SEC,4,1289101953728540672,egbdf,13298
2026,1331775170712444928,NCAA SEC,4,1289101953728540672,egbdf,13319
2026,1331775170712444928,NCAA SEC,4,1289101953728540672,egbdf,13337
2026,1331775170712444928,NCAA SEC,4,1289101953728540672,egbdf,13401
2026,1331775170712444928,NCAA SEC,4,1289101953728540672,egbdf,3198
2026,1331775170712444928,NCAA SEC,4,1289101953728540672,egbdf,3294
2026,1331775170712444928,NCAA SEC,4,1289101953728540672,egbdf,4040
2026,1331775170712444928,NCAA SEC,4,1289101953728540672,egbdf,4046
2026,1331775170712444928,NCAA SEC,4,1289101953728540672,egbdf,4217
2026,1331775170712444928,NCAA SEC,4,1289101953728540672,egbdf,4943
2026,1331775170712444928,NCAA SEC,4,1289101953728540672,egbdf,4983
2026,1331775170712444928,NCAA SEC,4,1289101953728540672,egbdf,5086
2026,1331775170712444928,NCAA SEC,4,1289101953728540672,egbdf,5844
2026,1331775170712444928,NCAA SEC,4,1289101953728540672,egbdf,5927
2026,1331775170712444928,NCAA SEC,4,1289101953728540672,egbdf,5995
2026,1331775170712444928,NCAA SEC,4,1289101953728540672,egbdf,6039
2026,1331775170712444928,NCAA SEC,4,1289101953728540672,egbdf,6786
2026,1331775170712444928,NCAA SEC,4,1289101953728540672,egbdf,6920
2026,1331775170712444928,NCAA SEC,4,1289101953728540672,egbdf,7021
2026,1331775170712444928,NCAA SEC,4,1289101953728540672,egbdf,7042
2026,1331775170712444928,NCAA SEC,4,1289101953728540672,egbdf,7535
2026,1331775170712444928,NCAA SEC,4,1289101953728540672,egbdf,7601
2026,1331775170712444928,NCAA SEC,4,1289101953728540672,egbdf,7608
2026,1331775170712444928,NCAA SEC,4,1289101953728540672,egbdf,7611
2026,1331775170712444928,NCAA SEC,4,1289101953728540672,egbdf,7839
2026,1331775170712444928,NCAA SEC,4,1289101953728540672,egbdf,8123
2026,1331775170712444928,NCAA SEC,4,1289101953728540672,egbdf,8150
2026,1331775170712444928,NCAA SEC,4,1289101953728540672,egbdf,8180
2026,1331775170712444928,NCAA SEC,4,1289101953728540672,egbdf,8183
2026,1331775170712444928,NCAA SEC,4,1289101953728540672,egbdf,8200
2026,1331775170712444928,NCAA SEC,4,1289101953728540672,egbdf,8676
2026,1331775170712444928,NCAA SEC,4,1289101953728540672,egbdf,9492
2026,1331775170712444928,NCAA SEC,4,1289101953728540672,egbdf,9501
2026,1331775170712444928,NCAA SEC,4,1289101953728540672,egbdf,JAX
2026,1331775170712444928,NCAA SEC,4,1289101953728540672,egbdf,KC
2026,1331775170712444928,NCAA SEC,4,1289101953728540672,egbdf,PIT
2026,1331775170712444928,NCAA SEC,4,1289101953728540672,egbdf,SF
2026,1331775170712444928,NCAA SEC,4,1289101953728540672,egbdf,WAS
2026,1331775170712444928,NCAA SEC,5,562032371824951296,ryank45,10937
2026,1331775170712444928,NCAA SEC,5,562032371824951296,ryank45,11563
2026,1331775170712444928,NCAA SEC,5,562032371824951296,ryank45,11651
2026,1331775170712444928,NCAA SEC,5,562032371824951296,ryank45,1166
2026,1331775170712444928,NCAA SEC,5,562032371824951296,ryank45,12469
2026,1331775170712444928,NCAA SEC,5,562032371824951296,ryank45,12498
2026,1331775170712444928,NCAA SEC,5,562032371824951296,ryank45,12512
2026,1331775170712444928,NCAA SEC,5,562032371824951296,ryank45,12539
2026,1331775170712444928,NCAA SEC,5,562032371824951296,ryank45,12545
2026,1331775170712444928,NCAA SEC,5,562032371824951296,ryank45,12713
2026,1331775170712444928,NCAA SEC,5,562032371824951296,ryank45,13320
2026,1331775170712444928,NCAA SEC,5,562032371824951296,ryank45,13330
2026,1331775170712444928,NCAA SEC,5,562032371824951296,ryank45,13348
2026,1331775170712444928,NCAA SEC,5,562032371824951296,ryank45,13380
2026,1331775170712444928,NCAA SEC,5,562032371824951296,ryank45,1426
2026,1331775170712444928,NCAA SEC,5,562032371824951296,ryank45,2216
2026,1331775170712444928,NCAA SEC,5,562032371824951296,ryank45,2505
2026,1331775170712444928,NCAA SEC,5,562032371824951296,ryank45,2747
2026,1331775170712444928,NCAA SEC,5,562032371824951296,ryank45,3271
2026,1331775170712444928,NCAA SEC,5,562032371824951296,ryank45,3321
2026,1331775170712444928,NCAA SEC,5,562032371824951296,ryank45,4029
2026,1331775170712444928,NCAA SEC,5,562032371824951296,ryank45,4039
2026,1331775170712444928,NCAA SEC,5,562032371824951296,ryank45,4199
2026,1331775170712444928,NCAA SEC,5,562032371824951296,ryank45,4663
2026,1331775170712444928,NCAA SEC,5,562032371824951296,ryank45,5001
2026,1331775170712444928,NCAA SEC,5,562032371824951296,ryank45,5012
2026,1331775170712444928,NCAA SEC,5,562032371824951296,ryank45,6149
2026,1331775170712444928,NCAA SEC,5,562032371824951296,ryank45,6185
2026,1331775170712444928,NCAA SEC,5,562032371824951296,ryank45,6427
2026,1331775170712444928,NCAA SEC,5,562032371824951296,ryank45,6528
2026,1331775170712444928,NCAA SEC,5,562032371824951296,ryank45,6828
2026,1331775170712444928,NCAA SEC,5,562032371824951296,ryank45,6847
2026,1331775170712444928,NCAA SEC,5,562032371824951296,ryank45,6869
2026,1331775170712444928,NCAA SEC,5,562032371824951296,ryank45,7591
2026,1331775170712444928,NCAA SEC,5,562032371824951296,ryank45,8126
2026,1331775170712444928,NCAA SEC,5,562032371824951296,ryank45,8138
2026,1331775170712444928,NCAA SEC,5,562032371824951296,ryank45,8145
2026,1331775170712444928,NCAA SEC,5,562032371824951296,ryank45,8188
2026,1331775170712444928,NCAA SEC,5,562032371824951296,ryank45,8206
2026,1331775170712444928,NCAA SEC,5,562032371824951296,ryank45,9224
2026,1331775170712444928,NCAA SEC,5,562032371824951296,ryank45,ARI
2026,1331775170712444928,NCAA SEC,5,562032371824951296,ryank45,GB
2026,1331775170712444928,NCAA SEC,6,510556455562792960,thatmansanti,10229
2026,1331775170712444928,NCAA SEC,6,510556455562792960,thatmansanti,10232
2026,1331775170712444928,NCAA SEC,6,510556455562792960,thatmansanti,11058
2026,1331775170712444928,NCAA SEC,6,510556455562792960,thatmansanti,11539
2026,1331775170712444928,NCAA SEC,6,510556455562792960,thatmansanti,11559
2026,1331775170712444928,NCAA SEC,6,510556455562792960,thatmansanti,11618
2026,1331775170712444928,NCAA SEC,6,510556455562792960,thatmansanti,11623
2026,1331775170712444928,NCAA SEC,6,510556455562792960,thatmansanti,11792
2026,1331775170712444928,NCAA SEC,6,510556455562792960,thatmansanti,12467
2026,1331775170712444928,NCAA SEC,6,510556455562792960,thatmansanti,12514
2026,1331775170712444928,NCAA SEC,6,510556455562792960,thatmansanti,12547
2026,1331775170712444928,NCAA SEC,6,510556455562792960,thatmansanti,13285
2026,1331775170712444928,NCAA SEC,6,510556455562792960,thatmansanti,13347
2026,1331775170712444928,NCAA SEC,6,510556455562792960,thatmansanti,13349
2026,1331775170712444928,NCAA SEC,6,510556455562792960,thatmansanti,13356
2026,1331775170712444928,NCAA SEC,6,510556455562792960,thatmansanti,1466
2026,1331775170712444928,NCAA SEC,6,510556455562792960,thatmansanti,3163
2026,1331775170712444928,NCAA SEC,6,510556455562792960,thatmansanti,4195
2026,1331775170712444928,NCAA SEC,6,510556455562792960,thatmansanti,5892
2026,1331775170712444928,NCAA SEC,6,510556455562792960,thatmansanti,6813
2026,1331775170712444928,NCAA SEC,6,510556455562792960,thatmansanti,7525
2026,1331775170712444928,NCAA SEC,6,510556455562792960,thatmansanti,7547
2026,1331775170712444928,NCAA SEC,6,510556455562792960,thatmansanti,7564
2026,1331775170712444928,NCAA SEC,6,510556455562792960,thatmansanti,7571
2026,1331775170712444928,NCAA SEC,6,510556455562792960,thatmansanti,7594
2026,1331775170712444928,NCAA SEC,6,510556455562792960,thatmansanti,7602
2026,1331775170712444928,NCAA SEC,6,510556455562792960,thatmansanti,7610
2026,1331775170712444928,NCAA SEC,6,510556455562792960,thatmansanti,8111
2026,1331775170712444928,NCAA SEC,6,510556455562792960,thatmansanti,8132
2026,1331775170712444928,NCAA SEC,6,510556455562792960,thatmansanti,8144
2026,1331775170712444928,NCAA SEC,6,510556455562792960,thatmansanti,8210
2026,1331775170712444928,NCAA SEC,6,510556455562792960,thatmansanti,8219
2026,1331775170712444928,NCAA SEC,6,510556455562792960,thatmansanti,829
2026,1331775170712444928,NCAA SEC,6,510556455562792960,thatmansanti,9226
2026,1331775170712444928,NCAA SEC,6,510556455562792960,thatmansanti,9754
2026,1331775170712444928,NCAA SEC,6,510556455562792960,thatmansanti,BAL
2026,1331775170712444928,NCAA SEC,6,510556455562792960,thatmansanti,CIN
2026,1331775170712444928,NCAA SEC,7,461680102409760768,kodakjack,10859
2026,1331775170712444928,NCAA SEC,7,461680102409760768,kodakjack,11600
2026,1331775170712444928,NCAA SEC,7,461680102409760768,kodakjack,11616
2026,1331775170712444928,NCAA SEC,7,461680102409760768,kodakjack,11624
2026,1331775170712444928,NCAA SEC,7,461680102409760768,kodakjack,11625
2026,1331775170712444928,NCAA SEC,7,461680102409760768,kodakjack,11729
2026,1331775170712444928,NCAA SEC,7,461680102409760768,kodakjack,12457
2026,1331775170712444928,NCAA SEC,7,461680102409760768,kodakjack,12491
2026,1331775170712444928,NCAA SEC,7,461680102409760768,kodakjack,12504
2026,1331775170712444928,NCAA SEC,7,461680102409760768,kodakjack,12510
2026,1331775170712444928,NCAA SEC,7,461680102409760768,kodakjack,12535
2026,1331775170712444928,NCAA SEC,7,461680102409760768,kodakjack,13264
2026,1331775170712444928,NCAA SEC,7,461680102409760768,kodakjack,13272
2026,1331775170712444928,NCAA SEC,7,461680102409760768,kodakjack,13274
2026,1331775170712444928,NCAA SEC,7,461680102409760768,kodakjack,13287
2026,1331775170712444928,NCAA SEC,7,461680102409760768,kodakjack,13307
2026,1331775170712444928,NCAA SEC,7,461680102409760768,kodakjack,13317
2026,1331775170712444928,NCAA SEC,7,461680102409760768,kodakjack,13338
2026,1331775170712444928,NCAA SEC,7,461680102409760768,kodakjack,13533
2026,1331775170712444928,NCAA SEC,7,461680102409760768,kodakjack,13946
2026,1331775170712444928,NCAA SEC,7,461680102409760768,kodakjack,1479
2026,1331775170712444928,NCAA SEC,7,461680102409760768,kodakjack,1945
2026,1331775170712444928,NCAA SEC,7,461680102409760768,kodakjack,6011
2026,1331775170712444928,NCAA SEC,7,461680102409760768,kodakjack,6770
2026,1331775170712444928,NCAA SEC,7,461680102409760768,kodakjack,6790
2026,1331775170712444928,NCAA SEC,7,461680102409760768,kodakjack,6960
2026,1331775170712444928,NCAA SEC,7,461680102409760768,kodakjack,7039
2026,1331775170712444928,NCAA SEC,7,461680102409760768,kodakjack,7066
2026,1331775170712444928,NCAA SEC,7,461680102409760768,kodakjack,7528
2026,1331775170712444928,NCAA SEC,7,461680102409760768,kodakjack,7585
2026,1331775170712444928,NCAA SEC,7,461680102409760768,kodakjack,8125
2026,1331775170712444928,NCAA SEC,7,461680102409760768,kodakjack,8127
2026,1331775170712444928,NCAA SEC,7,461680102409760768,kodakjack,8131
2026,1331775170712444928,NCAA SEC,7,461680102409760768,kodakjack,8139
2026,1331775170712444928,NCAA SEC,7,461680102409760768,kodakjack,8147
2026,1331775170712444928,NCAA SEC,7,461680102409760768,kodakjack,8155
2026,1331775170712444928,NCAA SEC,7,461680102409760768,kodakjack,8161
2026,1331775170712444928,NCAA SEC,7,461680102409760768,kodakjack,8162
2026,1331775170712444928,NCAA SEC,7,461680102409760768,kodakjack,8259
2026,1331775170712444928,NCAA SEC,7,461680102409760768,kodakjack,827
2026,1331775170712444928,NCAA SEC,7,461680102409760768,kodakjack,ATL
2026,1331775170712444928,NCAA SEC,7,461680102409760768,kodakjack,LAC
2026,1331775170712444928,NCAA SEC,8,970737030692937728,Stumpy44,10218
2026,1331775170712444928,NCAA SEC,8,970737030692937728,Stumpy44,10219
2026,1331775170712444928,NCAA SEC,8,970737030692937728,Stumpy44,11237
2026,1331775170712444928,NCAA SEC,8,970737030692937728,Stumpy44,11564
2026,1331775170712444928,NCAA SEC,8,970737030692937728,Stumpy44,11565
2026,1331775170712444928,NCAA SEC,8,970737030692937728,Stumpy44,11604
2026,1331775170712444928,NCAA SEC,8,970737030692937728,Stumpy44,11610
2026,1331775170712444928,NCAA SEC,8,970737030692937728,Stumpy44,11629
2026,1331775170712444928,NCAA SEC,8,970737030692937728,Stumpy44,11647
2026,1331775170712444928,NCAA SEC,8,970737030692937728,Stumpy44,11786
2026,1331775170712444928,NCAA SEC,8,970737030692937728,Stumpy44,12185
2026,1331775170712444928,NCAA SEC,8,970737030692937728,Stumpy44,12490
2026,1331775170712444928,NCAA SEC,8,970737030692937728,Stumpy44,12502
2026,1331775170712444928,NCAA SEC,8,970737030692937728,Stumpy44,12526
2026,1331775170712444928,NCAA SEC,8,970737030692937728,Stumpy44,13268
2026,1331775170712444928,NCAA SEC,8,970737030692937728,Stumpy44,13286
2026,1331775170712444928,NCAA SEC,8,970737030692937728,Stumpy44,13296
2026,1331775170712444928,NCAA SEC,8,970737030692937728,Stumpy44,13301
2026,1331775170712444928,NCAA SEC,8,970737030692937728,Stumpy44,13394
2026,1331775170712444928,NCAA SEC,8,970737030692937728,Stumpy44,13413
2026,1331775170712444928,NCAA SEC,8,970737030692937728,Stumpy44,13417
2026,1331775170712444928,NCAA SEC,8,970737030692937728,Stumpy44,13420
2026,1331775170712444928,NCAA SEC,8,970737030692937728,Stumpy44,13424
2026,1331775170712444928,NCAA SEC,8,970737030692937728,Stumpy44,13545
2026,1331775170712444928,NCAA SEC,8,970737030692937728,Stumpy44,13602
2026,1331775170712444928,NCAA SEC,8,970737030692937728,Stumpy44,2449
2026,1331775170712444928,NCAA SEC,8,970737030692937728,Stumpy44,3634
2026,1331775170712444928,NCAA SEC,8,970737030692937728,Stumpy44,4033
2026,1331775170712444928,NCAA SEC,8,970737030692937728,Stumpy44,5854
2026,1331775170712444928,NCAA SEC,8,970737030692937728,Stumpy44,6768
2026,1331775170712444928,NCAA SEC,8,970737030692937728,Stumpy44,6783
2026,1331775170712444928,NCAA SEC,8,970737030692937728,Stumpy44,6803
2026,1331775170712444928,NCAA SEC,8,970737030692937728,Stumpy44,6804
2026,1331775170712444928,NCAA SEC,8,970737030692937728,Stumpy44,7543
2026,1331775170712444928,NCAA SEC,8,970737030692937728,Stumpy44,8135
2026,1331775170712444928,NCAA SEC,8,970737030692937728,Stumpy44,8136
2026,1331775170712444928,NCAA SEC,8,970737030692937728,Stumpy44,8168
2026,1331775170712444928,NCAA SEC,8,970737030692937728,Stumpy44,8205
2026,1331775170712444928,NCAA SEC,8,970737030692937728,Stumpy44,9221
2026,1331775170712444928,NCAA SEC,8,970737030692937728,Stumpy44,9493
2026,1331775170712444928,NCAA SEC,8,970737030692937728,Stumpy44,9500
2026,1331775170712444928,NCAA SEC,8,970737030692937728,Stumpy44,9504
2026,1331775170712444928,NCAA SEC,8,970737030692937728,Stumpy44,9506
2026,1331775170712444928,NCAA SEC,8,970737030692937728,Stumpy44,MIN
2026,1331775170712444928,NCAA SEC,8,970737030692937728,Stumpy44,NO
2026,1331775170712444928,NCAA SEC,9,1136057205582667776,Neilsondug,10213
2026,1331775170712444928,NCAA SEC,9,1136057205582667776,Neilsondug,10226
2026,1331775170712444928,NCAA SEC,9,1136057205582667776,Neilsondug,11261
2026,1331775170712444928,NCAA SEC,9,1136057205582667776,Neilsondug,11560
2026,1331775170712444928,NCAA SEC,9,1136057205582667776,Neilsondug,11571
2026,1331775170712444928,NCAA SEC,9,1136057205582667776,Neilsondug,11575
2026,1331775170712444928,NCAA SEC,9,1136057205582667776,Neilsondug,11583
2026,1331775170712444928,NCAA SEC,9,1136057205582667776,Neilsondug,11635
2026,1331775170712444928,NCAA SEC,9,1136057205582667776,Neilsondug,11655
2026,1331775170712444928,NCAA SEC,9,1136057205582667776,Neilsondug,11834
2026,1331775170712444928,NCAA SEC,9,1136057205582667776,Neilsondug,12481
2026,1331775170712444928,NCAA SEC,9,1136057205582667776,Neilsondug,12487
2026,1331775170712444928,NCAA SEC,9,1136057205582667776,Neilsondug,12493
2026,1331775170712444928,NCAA SEC,9,1136057205582667776,Neilsondug,12520
2026,1331775170712444928,NCAA SEC,9,1136057205582667776,Neilsondug,12530
2026,1331775170712444928,NCAA SEC,9,1136057205582667776,Neilsondug,12541
2026,1331775170712444928,NCAA SEC,9,1136057205582667776,Neilsondug,12544
2026,1331775170712444928,NCAA SEC,9,1136057205582667776,Neilsondug,12961
2026,1331775170712444928,NCAA SEC,9,1136057205582667776,Neilsondug,13281
2026,1331775170712444928,NCAA SEC,9,1136057205582667776,Neilsondug,13299
2026,1331775170712444928,NCAA SEC,9,1136057205582667776,Neilsondug,13302
2026,1331775170712444928,NCAA SEC,9,1136057205582667776,Neilsondug,13303
2026,1331775170712444928,NCAA SEC,9,1136057205582667776,Neilsondug,13322
2026,1331775170712444928,NCAA SEC,9,1136057205582667776,Neilsondug,13324
2026,1331775170712444928,NCAA SEC,9,1136057205582667776,Neilsondug,13335
2026,1331775170712444928,NCAA SEC,9,1136057205582667776,Neilsondug,13411
2026,1331775170712444928,NCAA SEC,9,1136057205582667776,Neilsondug,13421
2026,1331775170712444928,NCAA SEC,9,1136057205582667776,Neilsondug,13423
2026,1331775170712444928,NCAA SEC,9,1136057205582667776,Neilsondug,13425
2026,1331775170712444928,NCAA SEC,9,1136057205582667776,Neilsondug,13434
2026,1331775170712444928,NCAA SEC,9,1136057205582667776,Neilsondug,13477
2026,1331775170712444928,NCAA SEC,9,1136057205582667776,Neilsondug,13770
2026,1331775170712444928,NCAA SEC,9,1136057205582667776,Neilsondug,13833
2026,1331775170712444928,NCAA SEC,9,1136057205582667776,Neilsondug,13968
2026,1331775170712444928,NCAA SEC,9,1136057205582667776,Neilsondug,2306
2026,1331775170712444928,NCAA SEC,9,1136057205582667776,Neilsondug,2307
2026,1331775170712444928,NCAA SEC,9,1136057205582667776,Neilsondug,5906
2026,1331775170712444928,NCAA SEC,9,1136057205582667776,Neilsondug,6865
2026,1331775170712444928,NCAA SEC,9,1136057205582667776,Neilsondug,7523
2026,1331775170712444928,NCAA SEC,9,1136057205582667776,Neilsondug,7828
2026,1331775170712444928,NCAA SEC,9,1136057205582667776,Neilsondug,9479
2026,1331775170712444928,NCAA SEC,9,1136057205582667776,Neilsondug,9484
2026,1331775170712444928,NCAA SEC,9,1136057205582667776,Neilsondug,DEN
2026,1331775170712444928,NCAA SEC,9,1136057205582667776,Neilsondug,NE
2026,1331775170712444928,NCAA SEC,10,1314486339378368512,DELETED-RO7nDD9xa8Gm7,10236
2026,1331775170712444928,NCAA SEC,10,1314486339378368512,DELETED-RO7nDD9xa8Gm7,11370
2026,1331775170712444928,NCAA SEC,10,1314486339378368512,DELETED-RO7nDD9xa8Gm7,11557
2026,1331775170712444928,NCAA SEC,10,1314486339378368512,DELETED-RO7nDD9xa8Gm7,11579
2026,1331775170712444928,NCAA SEC,10,1314486339378368512,DELETED-RO7nDD9xa8Gm7,11581
2026,1331775170712444928,NCAA SEC,10,1314486339378368512,DELETED-RO7nDD9xa8Gm7,11603
2026,1331775170712444928,NCAA SEC,10,1314486339378368512,DELETED-RO7nDD9xa8Gm7,11620
2026,1331775170712444928,NCAA SEC,10,1314486339378368512,DELETED-RO7nDD9xa8Gm7,11631
2026,1331775170712444928,NCAA SEC,10,1314486339378368512,DELETED-RO7nDD9xa8Gm7,11638
2026,1331775170712444928,NCAA SEC,10,1314486339378368512,DELETED-RO7nDD9xa8Gm7,11643
2026,1331775170712444928,NCAA SEC,10,1314486339378368512,DELETED-RO7nDD9xa8Gm7,11653
2026,1331775170712444928,NCAA SEC,10,1314486339378368512,DELETED-RO7nDD9xa8Gm7,11783
2026,1331775170712444928,NCAA SEC,10,1314486339378368512,DELETED-RO7nDD9xa8Gm7,12015
2026,1331775170712444928,NCAA SEC,10,1314486339378368512,DELETED-RO7nDD9xa8Gm7,12048
2026,1331775170712444928,NCAA SEC,10,1314486339378368512,DELETED-RO7nDD9xa8Gm7,12484
2026,1331775170712444928,NCAA SEC,10,1314486339378368512,DELETED-RO7nDD9xa8Gm7,12485
2026,1331775170712444928,NCAA SEC,10,1314486339378368512,DELETED-RO7nDD9xa8Gm7,12503
2026,1331775170712444928,NCAA SEC,10,1314486339378368512,DELETED-RO7nDD9xa8Gm7,12508
2026,1331775170712444928,NCAA SEC,10,1314486339378368512,DELETED-RO7nDD9xa8Gm7,12521
2026,1331775170712444928,NCAA SEC,10,1314486339378368512,DELETED-RO7nDD9xa8Gm7,12529
2026,1331775170712444928,NCAA SEC,10,1314486339378368512,DELETED-RO7nDD9xa8Gm7,12543
2026,1331775170712444928,NCAA SEC,10,1314486339378368512,DELETED-RO7nDD9xa8Gm7,12718
2026,1331775170712444928,NCAA SEC,10,1314486339378368512,DELETED-RO7nDD9xa8Gm7,13079
2026,1331775170712444928,NCAA SEC,10,1314486339378368512,DELETED-RO7nDD9xa8Gm7,13269
2026,1331775170712444928,NCAA SEC,10,1314486339378368512,DELETED-RO7nDD9xa8Gm7,13278
2026,1331775170712444928,NCAA SEC,10,1314486339378368512,DELETED-RO7nDD9xa8Gm7,13355
2026,1331775170712444928,NCAA SEC,10,1314486339378368512,DELETED-RO7nDD9xa8Gm7,13403
2026,1331775170712444928,NCAA SEC,10,1314486339378368512,DELETED-RO7nDD9xa8Gm7,3257
2026,1331775170712444928,NCAA SEC,10,1314486339378368512,DELETED-RO7nDD9xa8Gm7,4037
2026,1331775170712444928,NCAA SEC,10,1314486339378368512,DELETED-RO7nDD9xa8Gm7,5967
2026,1331775170712444928,NCAA SEC,10,1314486339378368512,DELETED-RO7nDD9xa8Gm7,6650
2026,1331775170712444928,NCAA SEC,10,1314486339378368512,DELETED-RO7nDD9xa8Gm7,7527
2026,1331775170712444928,NCAA SEC,10,1314486339378368512,DELETED-RO7nDD9xa8Gm7,7588
2026,1331775170712444928,NCAA SEC,10,1314486339378368512,DELETED-RO7nDD9xa8Gm7,8121
2026,1331775170712444928,NCAA SEC,10,1314486339378368512,DELETED-RO7nDD9xa8Gm7,8130
2026,1331775170712444928,NCAA SEC,10,1314486339378368512,DELETED-RO7nDD9xa8Gm7,8151
2026,1331775170712444928,NCAA SEC,10,1314486339378368512,DELETED-RO7nDD9xa8Gm7,8167
2026,1331775170712444928,NCAA SEC,10,1314486339378368512,DELETED-RO7nDD9xa8Gm7,8800
2026,1331775170712444928,NCAA SEC,10,1314486339378368512,DELETED-RO7nDD9xa8Gm7,9228
2026,1331775170712444928,NCAA SEC,10,1314486339378368512,DELETED-RO7nDD9xa8Gm7,9229
2026,1331775170712444928,NCAA SEC,10,1314486339378368512,DELETED-RO7nDD9xa8Gm7,9509
2026,1331775170712444928,NCAA SEC,10,1314486339378368512,DELETED-RO7nDD9xa8Gm7,9756
2026,1331775170712444928,NCAA SEC,10,1314486339378368512,DELETED-RO7nDD9xa8Gm7,LAR
2026,1331775170712444928,NCAA SEC,10,1314486339378368512,DELETED-RO7nDD9xa8Gm7,NYG
2026,1331775170712444928,NCAA SEC,10,1314486339378368512,DELETED-RO7nDD9xa8Gm7,NYJ
2026,1331775170712444928,NCAA SEC,11,560284880620699648,devbovino,11435
2026,1331775170712444928,NCAA SEC,11,560284880620699648,devbovino,11584
2026,1331775170712444928,NCAA SEC,11,560284880620699648,devbovino,11586
2026,1331775170712444928,NCAA SEC,11,560284880620699648,devbovino,11597
2026,1331775170712444928,NCAA SEC,11,560284880620699648,devbovino,11632
2026,1331775170712444928,NCAA SEC,11,560284880620699648,devbovino,11637
2026,1331775170712444928,NCAA SEC,11,560284880620699648,devbovino,12471
2026,1331775170712444928,NCAA SEC,11,560284880620699648,devbovino,12482
2026,1331775170712444928,NCAA SEC,11,560284880620699648,devbovino,12489
2026,1331775170712444928,NCAA SEC,11,560284880620699648,devbovino,12492
2026,1331775170712444928,NCAA SEC,11,560284880620699648,devbovino,12501
2026,1331775170712444928,NCAA SEC,11,560284880620699648,devbovino,12505
2026,1331775170712444928,NCAA SEC,11,560284880620699648,devbovino,12509
2026,1331775170712444928,NCAA SEC,11,560284880620699648,devbovino,12522
2026,1331775170712444928,NCAA SEC,11,560284880620699648,devbovino,12533
2026,1331775170712444928,NCAA SEC,11,560284880620699648,devbovino,12540
2026,1331775170712444928,NCAA SEC,11,560284880620699648,devbovino,1264
2026,1331775170712444928,NCAA SEC,11,560284880620699648,devbovino,13276
2026,1331775170712444928,NCAA SEC,11,560284880620699648,devbovino,13279
2026,1331775170712444928,NCAA SEC,11,560284880620699648,devbovino,13402
2026,1331775170712444928,NCAA SEC,11,560284880620699648,devbovino,13405
2026,1331775170712444928,NCAA SEC,11,560284880620699648,devbovino,1373
2026,1331775170712444928,NCAA SEC,11,560284880620699648,devbovino,1433
2026,1331775170712444928,NCAA SEC,11,560284880620699648,devbovino,2020
2026,1331775170712444928,NCAA SEC,11,560284880620699648,devbovino,4017
2026,1331775170712444928,NCAA SEC,11,560284880620699648,devbovino,4144
2026,1331775170712444928,NCAA SEC,11,560284880620699648,devbovino,5850
2026,1331775170712444928,NCAA SEC,11,560284880620699648,devbovino,5870
2026,1331775170712444928,NCAA SEC,11,560284880620699648,devbovino,6271
2026,1331775170712444928,NCAA SEC,11,560284880620699648,devbovino,6819
2026,1331775170712444928,NCAA SEC,11,560284880620699648,devbovino,7694
2026,1331775170712444928,NCAA SEC,11,560284880620699648,devbovino,7922
2026,1331775170712444928,NCAA SEC,11,560284880620699648,devbovino,8137
2026,1331775170712444928,NCAA SEC,11,560284880620699648,devbovino,8142
2026,1331775170712444928,NCAA SEC,11,560284880620699648,devbovino,8143
2026,1331775170712444928,NCAA SEC,11,560284880620699648,devbovino,8225
2026,1331775170712444928,NCAA SEC,11,560284880620699648,devbovino,8228
2026,1331775170712444928,NCAA SEC,11,560284880620699648,devbovino,9486
2026,1331775170712444928,NCAA SEC,11,560284880620699648,devbovino,9497
2026,1331775170712444928,NCAA SEC,11,560284880620699648,devbovino,9511
2026,1331775170712444928,NCAA SEC,11,560284880620699648,devbovino,DET
2026,1331775170712444928,NCAA SEC,11,560284880620699648,devbovino,IND
2026,1331775170712444928,NCAA SEC,12,445468333035220992,JosephMarin07,10222
2026,1331775170712444928,NCAA SEC,12,445468333035220992,JosephMarin07,11562
2026,1331775170712444928,NCAA SEC,12,445468333035220992,JosephMarin07,11566
2026,1331775170712444928,NCAA SEC,12,445468333035220992,JosephMarin07,11577
2026,1331775170712444928,NCAA SEC,12,445468333035220992,JosephMarin07,11589
2026,1331775170712444928,NCAA SEC,12,445468333035220992,JosephMarin07,11596
2026,1331775170712444928,NCAA SEC,12,445468333035220992,JosephMarin07,11630
2026,1331775170712444928,NCAA SEC,12,445468333035220992,JosephMarin07,12476
2026,1331775170712444928,NCAA SEC,12,445468333035220992,JosephMarin07,12507
2026,1331775170712444928,NCAA SEC,12,445468333035220992,JosephMarin07,12519
2026,1331775170712444928,NCAA SEC,12,445468333035220992,JosephMarin07,12524
2026,1331775170712444928,NCAA SEC,12,445468333035220992,JosephMarin07,13294
2026,1331775170712444928,NCAA SEC,12,445468333035220992,JosephMarin07,13305
2026,1331775170712444928,NCAA SEC,12,445468333035220992,JosephMarin07,13311
2026,1331775170712444928,NCAA SEC,12,445468333035220992,JosephMarin07,13357
2026,1331775170712444928,NCAA SEC,12,445468333035220992,JosephMarin07,17
2026,1331775170712444928,NCAA SEC,12,445468333035220992,JosephMarin07,2078
2026,1331775170712444928,NCAA SEC,12,445468333035220992,JosephMarin07,421
2026,1331775170712444928,NCAA SEC,12,445468333035220992,JosephMarin07,5022
2026,1331775170712444928,NCAA SEC,12,445468333035220992,JosephMarin07,5133
2026,1331775170712444928,NCAA SEC,12,445468333035220992,JosephMarin07,5272
2026,1331775170712444928,NCAA SEC,12,445468333035220992,JosephMarin07,6136
2026,1331775170712444928,NCAA SEC,12,445468333035220992,JosephMarin07,6694
2026,1331775170712444928,NCAA SEC,12,445468333035220992,JosephMarin07,6801
2026,1331775170712444928,NCAA SEC,12,445468333035220992,JosephMarin07,6806
2026,1331775170712444928,NCAA SEC,12,445468333035220992,JosephMarin07,6945
2026,1331775170712444928,NCAA SEC,12,445468333035220992,JosephMarin07,7002
2026,1331775170712444928,NCAA SEC,12,445468333035220992,JosephMarin07,7049
2026,1331775170712444928,NCAA SEC,12,445468333035220992,JosephMarin07,7569
2026,1331775170712444928,NCAA SEC,12,445468333035220992,JosephMarin07,7587
2026,1331775170712444928,NCAA SEC,12,445468333035220992,JosephMarin07,7600
2026,1331775170712444928,NCAA SEC,12,445468333035220992,JosephMarin07,7607
2026,1331775170712444928,NCAA SEC,12,445468333035220992,JosephMarin07,7716
2026,1331775170712444928,NCAA SEC,12,445468333035220992,JosephMarin07,8119
2026,1331775170712444928,NCAA SEC,12,445468333035220992,JosephMarin07,8148
2026,1331775170712444928,NCAA SEC,12,445468333035220992,JosephMarin07,8408
2026,1331775170712444928,NCAA SEC,12,445468333035220992,JosephMarin07,9488
2026,1331775170712444928,NCAA SEC,12,445468333035220992,JosephMarin07,9508
2026,1331775170712444928,NCAA SEC,12,445468333035220992,JosephMarin07,96
2026,1331775170712444928,NCAA SEC,12,445468333035220992,JosephMarin07,9753
2026,1331775170712444928,NCAA SEC,12,445468333035220992,JosephMarin07,9757
2026,1331775170712444928,NCAA SEC,12,445468333035220992,JosephMarin07,9998
2026,1331775170712444928,NCAA SEC,12,445468333035220992,JosephMarin07,CAR
2026,1331775170712444928,NCAA SEC,12,445468333035220992,JosephMarin07,CHI
2026,1331775170712444928,NCAA SEC,12,445468333035220992,JosephMarin07,DAL
2026,1331774846710849536,NCAA SUN BELT,1,751973682779508736,bruceble,11610
2026,1331774846710849536,NCAA SUN BELT,1,751973682779508736,bruceble,11616
2026,1331774846710849536,NCAA SUN BELT,1,751973682779508736,bruceble,1166
2026,1331774846710849536,NCAA SUN BELT,1,751973682779508736,bruceble,12486
2026,1331774846710849536,NCAA SUN BELT,1,751973682779508736,bruceble,12506
2026,1331774846710849536,NCAA SUN BELT,1,751973682779508736,bruceble,12519
2026,1331774846710849536,NCAA SUN BELT,1,751973682779508736,bruceble,13269
2026,1331774846710849536,NCAA SUN BELT,1,751973682779508736,bruceble,13270
2026,1331774846710849536,NCAA SUN BELT,1,751973682779508736,bruceble,13275
2026,1331774846710849536,NCAA SUN BELT,1,751973682779508736,bruceble,13348
2026,1331774846710849536,NCAA SUN BELT,1,751973682779508736,bruceble,13400
2026,1331774846710849536,NCAA SUN BELT,1,751973682779508736,bruceble,13423
2026,1331774846710849536,NCAA SUN BELT,1,751973682779508736,bruceble,2306
2026,1331774846710849536,NCAA SUN BELT,1,751973682779508736,bruceble,4035
2026,1331774846710849536,NCAA SUN BELT,1,751973682779508736,bruceble,4039
2026,1331774846710849536,NCAA SUN BELT,1,751973682779508736,bruceble,4040
2026,1331774846710849536,NCAA SUN BELT,1,751973682779508736,bruceble,4098
2026,1331774846710849536,NCAA SUN BELT,1,751973682779508736,bruceble,4227
2026,1331774846710849536,NCAA SUN BELT,1,751973682779508736,bruceble,5012
2026,1331774846710849536,NCAA SUN BELT,1,751973682779508736,bruceble,5846
2026,1331774846710849536,NCAA SUN BELT,1,751973682779508736,bruceble,5848
2026,1331774846710849536,NCAA SUN BELT,1,751973682779508736,bruceble,6151
2026,1331774846710849536,NCAA SUN BELT,1,751973682779508736,bruceble,6271
2026,1331774846710849536,NCAA SUN BELT,1,751973682779508736,bruceble,650
2026,1331774846710849536,NCAA SUN BELT,1,751973682779508736,bruceble,7562
2026,1331774846710849536,NCAA SUN BELT,1,751973682779508736,bruceble,7588
2026,1331774846710849536,NCAA SUN BELT,1,751973682779508736,bruceble,8146
2026,1331774846710849536,NCAA SUN BELT,1,751973682779508736,bruceble,8162
2026,1331774846710849536,NCAA SUN BELT,1,751973682779508736,bruceble,9225
2026,1331774846710849536,NCAA SUN BELT,1,751973682779508736,bruceble,9226
2026,1331774846710849536,NCAA SUN BELT,1,751973682779508736,bruceble,9229
2026,1331774846710849536,NCAA SUN BELT,1,751973682779508736,bruceble,9482
2026,1331774846710849536,NCAA SUN BELT,1,751973682779508736,bruceble,9493
2026,1331774846710849536,NCAA SUN BELT,1,751973682779508736,bruceble,9506
2026,1331774846710849536,NCAA SUN BELT,1,751973682779508736,bruceble,9509
2026,1331774846710849536,NCAA SUN BELT,1,751973682779508736,bruceble,9511
2026,1331774846710849536,NCAA SUN BELT,1,751973682779508736,bruceble,9754
2026,1331774846710849536,NCAA SUN BELT,1,751973682779508736,bruceble,9757
2026,1331774846710849536,NCAA SUN BELT,1,751973682779508736,bruceble,9999
2026,1331774846710849536,NCAA SUN BELT,1,751973682779508736,bruceble,LV
2026,1331774846710849536,NCAA SUN BELT,1,751973682779508736,bruceble,PIT
2026,1331774846710849536,NCAA SUN BELT,2,873461886535036928,Tommybuckets000,10214
2026,1331774846710849536,NCAA SUN BELT,2,873461886535036928,Tommybuckets000,10221
2026,1331774846710849536,NCAA SUN BELT,2,873461886535036928,Tommybuckets000,10234
2026,1331774846710849536,NCAA SUN BELT,2,873461886535036928,Tommybuckets000,11533
2026,1331774846710849536,NCAA SUN BELT,2,873461886535036928,Tommybuckets000,12498
2026,1331774846710849536,NCAA SUN BELT,2,873461886535036928,Tommybuckets000,12499
2026,1331774846710849536,NCAA SUN BELT,2,873461886535036928,Tommybuckets000,12545
2026,1331774846710849536,NCAA SUN BELT,2,873461886535036928,Tommybuckets000,13282
2026,1331774846710849536,NCAA SUN BELT,2,873461886535036928,Tommybuckets000,13305
2026,1331774846710849536,NCAA SUN BELT,2,873461886535036928,Tommybuckets000,13306
2026,1331774846710849536,NCAA SUN BELT,2,873461886535036928,Tommybuckets000,13346
2026,1331774846710849536,NCAA SUN BELT,2,873461886535036928,Tommybuckets000,2197
2026,1331774846710849536,NCAA SUN BELT,2,873461886535036928,Tommybuckets000,2711
2026,1331774846710849536,NCAA SUN BELT,2,873461886535036928,Tommybuckets000,4037
2026,1331774846710849536,NCAA SUN BELT,2,873461886535036928,Tommybuckets000,4066
2026,1331774846710849536,NCAA SUN BELT,2,873461886535036928,Tommybuckets000,4149
2026,1331774846710849536,NCAA SUN BELT,2,873461886535036928,Tommybuckets000,4177
2026,1331774846710849536,NCAA SUN BELT,2,873461886535036928,Tommybuckets000,4217
2026,1331774846710849536,NCAA SUN BELT,2,873461886535036928,Tommybuckets000,4881
2026,1331774846710849536,NCAA SUN BELT,2,873461886535036928,Tommybuckets000,4892
2026,1331774846710849536,NCAA SUN BELT,2,873461886535036928,Tommybuckets000,4983
2026,1331774846710849536,NCAA SUN BELT,2,873461886535036928,Tommybuckets000,5010
2026,1331774846710849536,NCAA SUN BELT,2,873461886535036928,Tommybuckets000,5038
2026,1331774846710849536,NCAA SUN BELT,2,873461886535036928,Tommybuckets000,5045
2026,1331774846710849536,NCAA SUN BELT,2,873461886535036928,Tommybuckets000,5137
2026,1331774846710849536,NCAA SUN BELT,2,873461886535036928,Tommybuckets000,5374
2026,1331774846710849536,NCAA SUN BELT,2,873461886535036928,Tommybuckets000,5850
2026,1331774846710849536,NCAA SUN BELT,2,873461886535036928,Tommybuckets000,5857
2026,1331774846710849536,NCAA SUN BELT,2,873461886535036928,Tommybuckets000,5970
2026,1331774846710849536,NCAA SUN BELT,2,873461886535036928,Tommybuckets000,6083
2026,1331774846710849536,NCAA SUN BELT,2,873461886535036928,Tommybuckets000,6786
2026,1331774846710849536,NCAA SUN BELT,2,873461886535036928,Tommybuckets000,6790
2026,1331774846710849536,NCAA SUN BELT,2,873461886535036928,Tommybuckets000,7042
2026,1331774846710849536,NCAA SUN BELT,2,873461886535036928,Tommybuckets000,7049
2026,1331774846710849536,NCAA SUN BELT,2,873461886535036928,Tommybuckets000,7050
2026,1331774846710849536,NCAA SUN BELT,2,873461886535036928,Tommybuckets000,7083
2026,1331774846710849536,NCAA SUN BELT,2,873461886535036928,Tommybuckets000,7547
2026,1331774846710849536,NCAA SUN BELT,2,873461886535036928,Tommybuckets000,8129
2026,1331774846710849536,NCAA SUN BELT,2,873461886535036928,Tommybuckets000,8177
2026,1331774846710849536,NCAA SUN BELT,2,873461886535036928,Tommybuckets000,8188
2026,1331774846710849536,NCAA SUN BELT,2,873461886535036928,Tommybuckets000,8197
2026,1331774846710849536,NCAA SUN BELT,2,873461886535036928,Tommybuckets000,8214
2026,1331774846710849536,NCAA SUN BELT,2,873461886535036928,Tommybuckets000,8235
2026,1331774846710849536,NCAA SUN BELT,2,873461886535036928,Tommybuckets000,8254
2026,1331774846710849536,NCAA SUN BELT,2,873461886535036928,Tommybuckets000,8917
2026,1331774846710849536,NCAA SUN BELT,2,873461886535036928,Tommybuckets000,9231
2026,1331774846710849536,NCAA SUN BELT,2,873461886535036928,Tommybuckets000,BUF
2026,1331774846710849536,NCAA SUN BELT,2,873461886535036928,Tommybuckets000,CHI
2026,1331774846710849536,NCAA SUN BELT,3,739765296801390592,claym89,11199
2026,1331774846710849536,NCAA SUN BELT,3,739765296801390592,claym89,11564
2026,1331774846710849536,NCAA SUN BELT,3,739765296801390592,claym89,11566
2026,1331774846710849536,NCAA SUN BELT,3,739765296801390592,claym89,11581
2026,1331774846710849536,NCAA SUN BELT,3,739765296801390592,claym89,11583
2026,1331774846710849536,NCAA SUN BELT,3,739765296801390592,claym89,11596
2026,1331774846710849536,NCAA SUN BELT,3,739765296801390592,claym89,11618
2026,1331774846710849536,NCAA SUN BELT,3,739765296801390592,claym89,11625
2026,1331774846710849536,NCAA SUN BELT,3,739765296801390592,claym89,11628
2026,1331774846710849536,NCAA SUN BELT,3,739765296801390592,claym89,11650
2026,1331774846710849536,NCAA SUN BELT,3,739765296801390592,claym89,11729
2026,1331774846710849536,NCAA SUN BELT,3,739765296801390592,claym89,12469
2026,1331774846710849536,NCAA SUN BELT,3,739765296801390592,claym89,12489
2026,1331774846710849536,NCAA SUN BELT,3,739765296801390592,claym89,12492
2026,1331774846710849536,NCAA SUN BELT,3,739765296801390592,claym89,12497
2026,1331774846710849536,NCAA SUN BELT,3,739765296801390592,claym89,12508
2026,1331774846710849536,NCAA SUN BELT,3,739765296801390592,claym89,12509
2026,1331774846710849536,NCAA SUN BELT,3,739765296801390592,claym89,12518
2026,1331774846710849536,NCAA SUN BELT,3,739765296801390592,claym89,12529
2026,1331774846710849536,NCAA SUN BELT,3,739765296801390592,claym89,12535
2026,1331774846710849536,NCAA SUN BELT,3,739765296801390592,claym89,12541
2026,1331774846710849536,NCAA SUN BELT,3,739765296801390592,claym89,13294
2026,1331774846710849536,NCAA SUN BELT,3,739765296801390592,claym89,13301
2026,1331774846710849536,NCAA SUN BELT,3,739765296801390592,claym89,13329
2026,1331774846710849536,NCAA SUN BELT,3,739765296801390592,claym89,13338
2026,1331774846710849536,NCAA SUN BELT,3,739765296801390592,claym89,13347
2026,1331774846710849536,NCAA SUN BELT,3,739765296801390592,claym89,13413
2026,1331774846710849536,NCAA SUN BELT,3,739765296801390592,claym89,13414
2026,1331774846710849536,NCAA SUN BELT,3,739765296801390592,claym89,13545
2026,1331774846710849536,NCAA SUN BELT,3,739765296801390592,claym89,2307
2026,1331774846710849536,NCAA SUN BELT,3,739765296801390592,claym89,3451
2026,1331774846710849536,NCAA SUN BELT,3,739765296801390592,claym89,6130
2026,1331774846710849536,NCAA SUN BELT,3,739765296801390592,claym89,7002
2026,1331774846710849536,NCAA SUN BELT,3,739765296801390592,claym89,7090
2026,1331774846710849536,NCAA SUN BELT,3,739765296801390592,claym89,7591
2026,1331774846710849536,NCAA SUN BELT,3,739765296801390592,claym89,7600
2026,1331774846710849536,NCAA SUN BELT,3,739765296801390592,claym89,8112
2026,1331774846710849536,NCAA SUN BELT,3,739765296801390592,claym89,8131
2026,1331774846710849536,NCAA SUN BELT,3,739765296801390592,claym89,8148
2026,1331774846710849536,NCAA SUN BELT,3,739765296801390592,claym89,8151
2026,1331774846710849536,NCAA SUN BELT,3,739765296801390592,claym89,8800
2026,1331774846710849536,NCAA SUN BELT,3,739765296801390592,claym89,9502
2026,1331774846710849536,NCAA SUN BELT,3,739765296801390592,claym89,NO
2026,1331774846710849536,NCAA SUN BELT,3,739765296801390592,claym89,NYJ
2026,1331774846710849536,NCAA SUN BELT,3,739765296801390592,claym89,TB
2026,1331774846710849536,NCAA SUN BELT,4,447283305738399744,lucchityler,10223
2026,1331774846710849536,NCAA SUN BELT,4,447283305738399744,lucchityler,11584
2026,1331774846710849536,NCAA SUN BELT,4,447283305738399744,lucchityler,11619
2026,1331774846710849536,NCAA SUN BELT,4,447283305738399744,lucchityler,11637
2026,1331774846710849536,NCAA SUN BELT,4,447283305738399744,lucchityler,12514
2026,1331774846710849536,NCAA SUN BELT,4,447283305738399744,lucchityler,12522
2026,1331774846710849536,NCAA SUN BELT,4,447283305738399744,lucchityler,12531
2026,1331774846710849536,NCAA SUN BELT,4,447283305738399744,lucchityler,12533
2026,1331774846710849536,NCAA SUN BELT,4,447283305738399744,lucchityler,13278
2026,1331774846710849536,NCAA SUN BELT,4,447283305738399744,lucchityler,13279
2026,1331774846710849536,NCAA SUN BELT,4,447283305738399744,lucchityler,13337
2026,1331774846710849536,NCAA SUN BELT,4,447283305738399744,lucchityler,13404
2026,1331774846710849536,NCAA SUN BELT,4,447283305738399744,lucchityler,1992
2026,1331774846710849536,NCAA SUN BELT,4,447283305738399744,lucchityler,2152
2026,1331774846710849536,NCAA SUN BELT,4,447283305738399744,lucchityler,2216
2026,1331774846710849536,NCAA SUN BELT,4,447283305738399744,lucchityler,3163
2026,1331774846710849536,NCAA SUN BELT,4,447283305738399744,lucchityler,3225
2026,1331774846710849536,NCAA SUN BELT,4,447283305738399744,lucchityler,3321
2026,1331774846710849536,NCAA SUN BELT,4,447283305738399744,lucchityler,3634
2026,1331774846710849536,NCAA SUN BELT,4,447283305738399744,lucchityler,3976
2026,1331774846710849536,NCAA SUN BELT,4,447283305738399744,lucchityler,4018
2026,1331774846710849536,NCAA SUN BELT,4,447283305738399744,lucchityler,4089
2026,1331774846710849536,NCAA SUN BELT,4,447283305738399744,lucchityler,4147
2026,1331774846710849536,NCAA SUN BELT,4,447283305738399744,lucchityler,4435
2026,1331774846710849536,NCAA SUN BELT,4,447283305738399744,lucchityler,4622
2026,1331774846710849536,NCAA SUN BELT,4,447283305738399744,lucchityler,4663
2026,1331774846710849536,NCAA SUN BELT,4,447283305738399744,lucchityler,4718
2026,1331774846710849536,NCAA SUN BELT,4,447283305738399744,lucchityler,5000
2026,1331774846710849536,NCAA SUN BELT,4,447283305738399744,lucchityler,5110
2026,1331774846710849536,NCAA SUN BELT,4,447283305738399744,lucchityler,5122
2026,1331774846710849536,NCAA SUN BELT,4,447283305738399744,lucchityler,5773
2026,1331774846710849536,NCAA SUN BELT,4,447283305738399744,lucchityler,5844
2026,1331774846710849536,NCAA SUN BELT,4,447283305738399744,lucchityler,5870
2026,1331774846710849536,NCAA SUN BELT,4,447283305738399744,lucchityler,6528
2026,1331774846710849536,NCAA SUN BELT,4,447283305738399744,lucchityler,6857
2026,1331774846710849536,NCAA SUN BELT,4,447283305738399744,lucchityler,7946
2026,1331774846710849536,NCAA SUN BELT,4,447283305738399744,lucchityler,9484
2026,1331774846710849536,NCAA SUN BELT,4,447283305738399744,lucchityler,9497
2026,1331774846710849536,NCAA SUN BELT,4,447283305738399744,lucchityler,TEN
2026,1331774846710849536,NCAA SUN BELT,4,447283305738399744,lucchityler,WAS
2026,1331774846710849536,NCAA SUN BELT,5,546466738316963840,PackMan1212,10213
2026,1331774846710849536,NCAA SUN BELT,5,546466738316963840,PackMan1212,10226
2026,1331774846710849536,NCAA SUN BELT,5,546466738316963840,PackMan1212,11565
2026,1331774846710849536,NCAA SUN BELT,5,546466738316963840,PackMan1212,11576
2026,1331774846710849536,NCAA SUN BELT,5,546466738316963840,PackMan1212,11586
2026,1331774846710849536,NCAA SUN BELT,5,546466738316963840,PackMan1212,11589
2026,1331774846710849536,NCAA SUN BELT,5,546466738316963840,PackMan1212,11620
2026,1331774846710849536,NCAA SUN BELT,5,546466738316963840,PackMan1212,11630
2026,1331774846710849536,NCAA SUN BELT,5,546466738316963840,PackMan1212,11631
2026,1331774846710849536,NCAA SUN BELT,5,546466738316963840,PackMan1212,11635
2026,1331774846710849536,NCAA SUN BELT,5,546466738316963840,PackMan1212,11638
2026,1331774846710849536,NCAA SUN BELT,5,546466738316963840,PackMan1212,12185
2026,1331774846710849536,NCAA SUN BELT,5,546466738316963840,PackMan1212,12483
2026,1331774846710849536,NCAA SUN BELT,5,546466738316963840,PackMan1212,12496
2026,1331774846710849536,NCAA SUN BELT,5,546466738316963840,PackMan1212,12510
2026,1331774846710849536,NCAA SUN BELT,5,546466738316963840,PackMan1212,12511
2026,1331774846710849536,NCAA SUN BELT,5,546466738316963840,PackMan1212,12517
2026,1331774846710849536,NCAA SUN BELT,5,546466738316963840,PackMan1212,12527
2026,1331774846710849536,NCAA SUN BELT,5,546466738316963840,PackMan1212,13281
2026,1331774846710849536,NCAA SUN BELT,5,546466738316963840,PackMan1212,13288
2026,1331774846710849536,NCAA SUN BELT,5,546466738316963840,PackMan1212,13289
2026,1331774846710849536,NCAA SUN BELT,5,546466738316963840,PackMan1212,13401
2026,1331774846710849536,NCAA SUN BELT,5,546466738316963840,PackMan1212,3257
2026,1331774846710849536,NCAA SUN BELT,5,546466738316963840,PackMan1212,421
2026,1331774846710849536,NCAA SUN BELT,5,546466738316963840,PackMan1212,4351
2026,1331774846710849536,NCAA SUN BELT,5,546466738316963840,PackMan1212,4454
2026,1331774846710849536,NCAA SUN BELT,5,546466738316963840,PackMan1212,5189
2026,1331774846710849536,NCAA SUN BELT,5,546466738316963840,PackMan1212,5849
2026,1331774846710849536,NCAA SUN BELT,5,546466738316963840,PackMan1212,6801
2026,1331774846710849536,NCAA SUN BELT,5,546466738316963840,PackMan1212,6960
2026,1331774846710849536,NCAA SUN BELT,5,546466738316963840,PackMan1212,7528
2026,1331774846710849536,NCAA SUN BELT,5,546466738316963840,PackMan1212,7587
2026,1331774846710849536,NCAA SUN BELT,5,546466738316963840,PackMan1212,7602
2026,1331774846710849536,NCAA SUN BELT,5,546466738316963840,PackMan1212,7610
2026,1331774846710849536,NCAA SUN BELT,5,546466738316963840,PackMan1212,7611
2026,1331774846710849536,NCAA SUN BELT,5,546466738316963840,PackMan1212,7694
2026,1331774846710849536,NCAA SUN BELT,5,546466738316963840,PackMan1212,8125
2026,1331774846710849536,NCAA SUN BELT,5,546466738316963840,PackMan1212,8126
2026,1331774846710849536,NCAA SUN BELT,5,546466738316963840,PackMan1212,8137
2026,1331774846710849536,NCAA SUN BELT,5,546466738316963840,PackMan1212,8147
2026,1331774846710849536,NCAA SUN BELT,5,546466738316963840,PackMan1212,8167
2026,1331774846710849536,NCAA SUN BELT,5,546466738316963840,PackMan1212,8180
2026,1331774846710849536,NCAA SUN BELT,5,546466738316963840,PackMan1212,8210
2026,1331774846710849536,NCAA SUN BELT,5,546466738316963840,PackMan1212,8408
2026,1331774846710849536,NCAA SUN BELT,5,546466738316963840,PackMan1212,9479
2026,1331774846710849536,NCAA SUN BELT,5,546466738316963840,PackMan1212,9500
2026,1331774846710849536,NCAA SUN BELT,5,546466738316963840,PackMan1212,ATL
2026,1331774846710849536,NCAA SUN BELT,5,546466738316963840,PackMan1212,KC
2026,1331774846710849536,NCAA SUN BELT,6,465019661495300096,Raidersforte,10229
2026,1331774846710849536,NCAA SUN BELT,6,465019661495300096,Raidersforte,10236
2026,1331774846710849536,NCAA SUN BELT,6,465019661495300096,Raidersforte,11261
2026,1331774846710849536,NCAA SUN BELT,6,465019661495300096,Raidersforte,11655
2026,1331774846710849536,NCAA SUN BELT,6,465019661495300096,Raidersforte,12457
2026,1331774846710849536,NCAA SUN BELT,6,465019661495300096,Raidersforte,12467
2026,1331774846710849536,NCAA SUN BELT,6,465019661495300096,Raidersforte,12471
2026,1331774846710849536,NCAA SUN BELT,6,465019661495300096,Raidersforte,12487
2026,1331774846710849536,NCAA SUN BELT,6,465019661495300096,Raidersforte,12495
2026,1331774846710849536,NCAA SUN BELT,6,465019661495300096,Raidersforte,12501
2026,1331774846710849536,NCAA SUN BELT,6,465019661495300096,Raidersforte,12504
2026,1331774846710849536,NCAA SUN BELT,6,465019661495300096,Raidersforte,12516
2026,1331774846710849536,NCAA SUN BELT,6,465019661495300096,Raidersforte,12540
2026,1331774846710849536,NCAA SUN BELT,6,465019661495300096,Raidersforte,12543
2026,1331774846710849536,NCAA SUN BELT,6,465019661495300096,Raidersforte,12547
2026,1331774846710849536,NCAA SUN BELT,6,465019661495300096,Raidersforte,12713
2026,1331774846710849536,NCAA SUN BELT,6,465019661495300096,Raidersforte,12961
2026,1331774846710849536,NCAA SUN BELT,6,465019661495300096,Raidersforte,13272
2026,1331774846710849536,NCAA SUN BELT,6,465019661495300096,Raidersforte,13285
2026,1331774846710849536,NCAA SUN BELT,6,465019661495300096,Raidersforte,13345
2026,1331774846710849536,NCAA SUN BELT,6,465019661495300096,Raidersforte,13380
2026,1331774846710849536,NCAA SUN BELT,6,465019661495300096,Raidersforte,4144
2026,1331774846710849536,NCAA SUN BELT,6,465019661495300096,Raidersforte,4943
2026,1331774846710849536,NCAA SUN BELT,6,465019661495300096,Raidersforte,6797
2026,1331774846710849536,NCAA SUN BELT,6,465019661495300096,Raidersforte,6803
2026,1331774846710849536,NCAA SUN BELT,6,465019661495300096,Raidersforte,6804
2026,1331774846710849536,NCAA SUN BELT,6,465019661495300096,Raidersforte,6813
2026,1331774846710849536,NCAA SUN BELT,6,465019661495300096,Raidersforte,7569
2026,1331774846710849536,NCAA SUN BELT,6,465019661495300096,Raidersforte,7594
2026,1331774846710849536,NCAA SUN BELT,6,465019661495300096,Raidersforte,7828
2026,1331774846710849536,NCAA SUN BELT,6,465019661495300096,Raidersforte,8110
2026,1331774846710849536,NCAA SUN BELT,6,465019661495300096,Raidersforte,8121
2026,1331774846710849536,NCAA SUN BELT,6,465019661495300096,Raidersforte,8134
2026,1331774846710849536,NCAA SUN BELT,6,465019661495300096,Raidersforte,8136
2026,1331774846710849536,NCAA SUN BELT,6,465019661495300096,Raidersforte,8139
2026,1331774846710849536,NCAA SUN BELT,6,465019661495300096,Raidersforte,8150
2026,1331774846710849536,NCAA SUN BELT,6,465019661495300096,Raidersforte,8205
2026,1331774846710849536,NCAA SUN BELT,6,465019661495300096,Raidersforte,9501
2026,1331774846710849536,NCAA SUN BELT,6,465019661495300096,Raidersforte,BAL
2026,1331774846710849536,NCAA SUN BELT,6,465019661495300096,Raidersforte,HOU
2026,1331774846710849536,NCAA SUN BELT,6,465019661495300096,Raidersforte,LAC
2026,1331774846710849536,NCAA SUN BELT,7,547214728132608000,alphabeasttt,10955
2026,1331774846710849536,NCAA SUN BELT,7,547214728132608000,alphabeasttt,11058
2026,1331774846710849536,NCAA SUN BELT,7,547214728132608000,alphabeasttt,11370
2026,1331774846710849536,NCAA SUN BELT,7,547214728132608000,alphabeasttt,12503
2026,1331774846710849536,NCAA SUN BELT,7,547214728132608000,alphabeasttt,12512
2026,1331774846710849536,NCAA SUN BELT,7,547214728132608000,alphabeasttt,12536
2026,1331774846710849536,NCAA SUN BELT,7,547214728132608000,alphabeasttt,13317
2026,1331774846710849536,NCAA SUN BELT,7,547214728132608000,alphabeasttt,1339
2026,1331774846710849536,NCAA SUN BELT,7,547214728132608000,alphabeasttt,13420
2026,1331774846710849536,NCAA SUN BELT,7,547214728132608000,alphabeasttt,13421
2026,1331774846710849536,NCAA SUN BELT,7,547214728132608000,alphabeasttt,1373
2026,1331774846710849536,NCAA SUN BELT,7,547214728132608000,alphabeasttt,1426
2026,1331774846710849536,NCAA SUN BELT,7,547214728132608000,alphabeasttt,2449
2026,1331774846710849536,NCAA SUN BELT,7,547214728132608000,alphabeasttt,3294
2026,1331774846710849536,NCAA SUN BELT,7,547214728132608000,alphabeasttt,3678
2026,1331774846710849536,NCAA SUN BELT,7,547214728132608000,alphabeasttt,4033
2026,1331774846710849536,NCAA SUN BELT,7,547214728132608000,alphabeasttt,4034
2026,1331774846710849536,NCAA SUN BELT,7,547214728132608000,alphabeasttt,4082
2026,1331774846710849536,NCAA SUN BELT,7,547214728132608000,alphabeasttt,4866
2026,1331774846710849536,NCAA SUN BELT,7,547214728132608000,alphabeasttt,4950
2026,1331774846710849536,NCAA SUN BELT,7,547214728132608000,alphabeasttt,4981
2026,1331774846710849536,NCAA SUN BELT,7,547214728132608000,alphabeasttt,5001
2026,1331774846710849536,NCAA SUN BELT,7,547214728132608000,alphabeasttt,5095
2026,1331774846710849536,NCAA SUN BELT,7,547214728132608000,alphabeasttt,5854
2026,1331774846710849536,NCAA SUN BELT,7,547214728132608000,alphabeasttt,5872
2026,1331774846710849536,NCAA SUN BELT,7,547214728132608000,alphabeasttt,5906
2026,1331774846710849536,NCAA SUN BELT,7,547214728132608000,alphabeasttt,5917
2026,1331774846710849536,NCAA SUN BELT,7,547214728132608000,alphabeasttt,5947
2026,1331774846710849536,NCAA SUN BELT,7,547214728132608000,alphabeasttt,5955
2026,1331774846710849536,NCAA SUN BELT,7,547214728132608000,alphabeasttt,6770
2026,1331774846710849536,NCAA SUN BELT,7,547214728132608000,alphabeasttt,6806
2026,1331774846710849536,NCAA SUN BELT,7,547214728132608000,alphabeasttt,6853
2026,1331774846710849536,NCAA SUN BELT,7,547214728132608000,alphabeasttt,6869
2026,1331774846710849536,NCAA SUN BELT,7,547214728132608000,alphabeasttt,7527
2026,1331774846710849536,NCAA SUN BELT,7,547214728132608000,alphabeasttt,7564
2026,1331774846710849536,NCAA SUN BELT,7,547214728132608000,alphabeasttt,7567
2026,1331774846710849536,NCAA SUN BELT,7,547214728132608000,alphabeasttt,7596
2026,1331774846710849536,NCAA SUN BELT,7,547214728132608000,alphabeasttt,7922
2026,1331774846710849536,NCAA SUN BELT,7,547214728132608000,alphabeasttt,8122
2026,1331774846710849536,NCAA SUN BELT,7,547214728132608000,alphabeasttt,IND
2026,1331774846710849536,NCAA SUN BELT,7,547214728132608000,alphabeasttt,JAX
2026,1331774846710849536,NCAA SUN BELT,7,547214728132608000,alphabeasttt,NYG
2026,1331774846710849536,NCAA SUN BELT,8,441362521463451648,yoboihawks,11600
2026,1331774846710849536,NCAA SUN BELT,8,441362521463451648,yoboihawks,11617
2026,1331774846710849536,NCAA SUN BELT,8,441362521463451648,yoboihawks,11647
2026,1331774846710849536,NCAA SUN BELT,8,441362521463451648,yoboihawks,11792
2026,1331774846710849536,NCAA SUN BELT,8,441362521463451648,yoboihawks,12490
2026,1331774846710849536,NCAA SUN BELT,8,441362521463451648,yoboihawks,12524
2026,1331774846710849536,NCAA SUN BELT,8,441362521463451648,yoboihawks,12530
2026,1331774846710849536,NCAA SUN BELT,8,441362521463451648,yoboihawks,12534
2026,1331774846710849536,NCAA SUN BELT,8,441362521463451648,yoboihawks,13349
2026,1331774846710849536,NCAA SUN BELT,8,441362521463451648,yoboihawks,13405
2026,1331774846710849536,NCAA SUN BELT,8,441362521463451648,yoboihawks,13411
2026,1331774846710849536,NCAA SUN BELT,8,441362521463451648,yoboihawks,13417
2026,1331774846710849536,NCAA SUN BELT,8,441362521463451648,yoboihawks,2747
2026,1331774846710849536,NCAA SUN BELT,8,441362521463451648,yoboihawks,3155
2026,1331774846710849536,NCAA SUN BELT,8,441362521463451648,yoboihawks,4179
2026,1331774846710849536,NCAA SUN BELT,8,441362521463451648,yoboihawks,4381
2026,1331774846710849536,NCAA SUN BELT,8,441362521463451648,yoboihawks,5859
2026,1331774846710849536,NCAA SUN BELT,8,441362521463451648,yoboihawks,5892
2026,1331774846710849536,NCAA SUN BELT,8,441362521463451648,yoboihawks,5927
2026,1331774846710849536,NCAA SUN BELT,8,441362521463451648,yoboihawks,5967
2026,1331774846710849536,NCAA SUN BELT,8,441362521463451648,yoboihawks,6011
2026,1331774846710849536,NCAA SUN BELT,8,441362521463451648,yoboihawks,6136
2026,1331774846710849536,NCAA SUN BELT,8,441362521463451648,yoboihawks,6783
2026,1331774846710849536,NCAA SUN BELT,8,441362521463451648,yoboihawks,6794
2026,1331774846710849536,NCAA SUN BELT,8,441362521463451648,yoboihawks,6904
2026,1331774846710849536,NCAA SUN BELT,8,441362521463451648,yoboihawks,7523
2026,1331774846710849536,NCAA SUN BELT,8,441362521463451648,yoboihawks,7525
2026,1331774846710849536,NCAA SUN BELT,8,441362521463451648,yoboihawks,7543
2026,1331774846710849536,NCAA SUN BELT,8,441362521463451648,yoboihawks,7553
2026,1331774846710849536,NCAA SUN BELT,8,441362521463451648,yoboihawks,8117
2026,1331774846710849536,NCAA SUN BELT,8,441362521463451648,yoboihawks,8130
2026,1331774846710849536,NCAA SUN BELT,8,441362521463451648,yoboihawks,8132
2026,1331774846710849536,NCAA SUN BELT,8,441362521463451648,yoboihawks,8161
2026,1331774846710849536,NCAA SUN BELT,8,441362521463451648,yoboihawks,8168
2026,1331774846710849536,NCAA SUN BELT,8,441362521463451648,yoboihawks,8183
2026,1331774846710849536,NCAA SUN BELT,8,441362521463451648,yoboihawks,9224
2026,1331774846710849536,NCAA SUN BELT,8,441362521463451648,yoboihawks,9480
2026,1331774846710849536,NCAA SUN BELT,8,441362521463451648,yoboihawks,9504
2026,1331774846710849536,NCAA SUN BELT,8,441362521463451648,yoboihawks,ARI
2026,1331774846710849536,NCAA SUN BELT,8,441362521463451648,yoboihawks,CAR
2026,1331774846710849536,NCAA SUN BELT,8,441362521463451648,yoboihawks,MIA
2026,1331774846710849536,NCAA SUN BELT,8,441362521463451648,yoboihawks,SF
2026,1331774846710849536,NCAA SUN BELT,9,380128482900062208,denvermanning,10216
2026,1331774846710849536,NCAA SUN BELT,9,380128482900062208,denvermanning,10231
2026,1331774846710849536,NCAA SUN BELT,9,380128482900062208,denvermanning,10232
2026,1331774846710849536,NCAA SUN BELT,9,380128482900062208,denvermanning,11306
2026,1331774846710849536,NCAA SUN BELT,9,380128482900062208,denvermanning,11439
2026,1331774846710849536,NCAA SUN BELT,9,380128482900062208,denvermanning,11559
2026,1331774846710849536,NCAA SUN BELT,9,380128482900062208,denvermanning,11562
2026,1331774846710849536,NCAA SUN BELT,9,380128482900062208,denvermanning,11597
2026,1331774846710849536,NCAA SUN BELT,9,380128482900062208,denvermanning,11604
2026,1331774846710849536,NCAA SUN BELT,9,380128482900062208,denvermanning,11605
2026,1331774846710849536,NCAA SUN BELT,9,380128482900062208,denvermanning,11629
2026,1331774846710849536,NCAA SUN BELT,9,380128482900062208,denvermanning,11632
2026,1331774846710849536,NCAA SUN BELT,9,380128482900062208,denvermanning,11834
2026,1331774846710849536,NCAA SUN BELT,9,380128482900062208,denvermanning,12484
2026,1331774846710849536,NCAA SUN BELT,9,380128482900062208,denvermanning,12493
2026,1331774846710849536,NCAA SUN BELT,9,380128482900062208,denvermanning,12507
2026,1331774846710849536,NCAA SUN BELT,9,380128482900062208,denvermanning,13274
2026,1331774846710849536,NCAA SUN BELT,9,380128482900062208,denvermanning,13276
2026,1331774846710849536,NCAA SUN BELT,9,380128482900062208,denvermanning,13286
2026,1331774846710849536,NCAA SUN BELT,9,380128482900062208,denvermanning,13303
2026,1331774846710849536,NCAA SUN BELT,9,380128482900062208,denvermanning,13319
2026,1331774846710849536,NCAA SUN BELT,9,380128482900062208,denvermanning,1379
2026,1331774846710849536,NCAA SUN BELT,9,380128482900062208,denvermanning,2020
2026,1331774846710849536,NCAA SUN BELT,9,380128482900062208,denvermanning,2078
2026,1331774846710849536,NCAA SUN BELT,9,380128482900062208,denvermanning,3214
2026,1331774846710849536,NCAA SUN BELT,9,380128482900062208,denvermanning,4234
2026,1331774846710849536,NCAA SUN BELT,9,380128482900062208,denvermanning,503
2026,1331774846710849536,NCAA SUN BELT,9,380128482900062208,denvermanning,5086
2026,1331774846710849536,NCAA SUN BELT,9,380128482900062208,denvermanning,5096
2026,1331774846710849536,NCAA SUN BELT,9,380128482900062208,denvermanning,5119
2026,1331774846710849536,NCAA SUN BELT,9,380128482900062208,denvermanning,5938
2026,1331774846710849536,NCAA SUN BELT,9,380128482900062208,denvermanning,5985
2026,1331774846710849536,NCAA SUN BELT,9,380128482900062208,denvermanning,6111
2026,1331774846710849536,NCAA SUN BELT,9,380128482900062208,denvermanning,6938
2026,1331774846710849536,NCAA SUN BELT,9,380128482900062208,denvermanning,8119
2026,1331774846710849536,NCAA SUN BELT,9,380128482900062208,denvermanning,8123
2026,1331774846710849536,NCAA SUN BELT,9,380128482900062208,denvermanning,8676
2026,1331774846710849536,NCAA SUN BELT,9,380128482900062208,denvermanning,9221
2026,1331774846710849536,NCAA SUN BELT,9,380128482900062208,denvermanning,9227
2026,1331774846710849536,NCAA SUN BELT,9,380128482900062208,denvermanning,9228
2026,1331774846710849536,NCAA SUN BELT,9,380128482900062208,denvermanning,9488
2026,1331774846710849536,NCAA SUN BELT,9,380128482900062208,denvermanning,9508
2026,1331774846710849536,NCAA SUN BELT,9,380128482900062208,denvermanning,9758
2026,1331774846710849536,NCAA SUN BELT,9,380128482900062208,denvermanning,9997
2026,1331774846710849536,NCAA SUN BELT,9,380128482900062208,denvermanning,DEN
2026,1331774846710849536,NCAA SUN BELT,9,380128482900062208,denvermanning,PHI
2026,1331774846710849536,NCAA SUN BELT,10,441330448283463680,Fr3shBC11,10218
2026,1331774846710849536,NCAA SUN BELT,10,441330448283463680,Fr3shBC11,10222
2026,1331774846710849536,NCAA SUN BELT,10,441330448283463680,Fr3shBC11,10235
2026,1331774846710849536,NCAA SUN BELT,10,441330448283463680,Fr3shBC11,11539
2026,1331774846710849536,NCAA SUN BELT,10,441330448283463680,Fr3shBC11,11557
2026,1331774846710849536,NCAA SUN BELT,10,441330448283463680,Fr3shBC11,11623
2026,1331774846710849536,NCAA SUN BELT,10,441330448283463680,Fr3shBC11,11643
2026,1331774846710849536,NCAA SUN BELT,10,441330448283463680,Fr3shBC11,11783
2026,1331774846710849536,NCAA SUN BELT,10,441330448283463680,Fr3shBC11,12015
2026,1331774846710849536,NCAA SUN BELT,10,441330448283463680,Fr3shBC11,12048
2026,1331774846710849536,NCAA SUN BELT,10,441330448283463680,Fr3shBC11,12481
2026,1331774846710849536,NCAA SUN BELT,10,441330448283463680,Fr3shBC11,12500
2026,1331774846710849536,NCAA SUN BELT,10,441330448283463680,Fr3shBC11,12641
2026,1331774846710849536,NCAA SUN BELT,10,441330448283463680,Fr3shBC11,13268
2026,1331774846710849536,NCAA SUN BELT,10,441330448283463680,Fr3shBC11,13277
2026,1331774846710849536,NCAA SUN BELT,10,441330448283463680,Fr3shBC11,13287
2026,1331774846710849536,NCAA SUN BELT,10,441330448283463680,Fr3shBC11,13293
2026,1331774846710849536,NCAA SUN BELT,10,441330448283463680,Fr3shBC11,13311
2026,1331774846710849536,NCAA SUN BELT,10,441330448283463680,Fr3shBC11,13324
2026,1331774846710849536,NCAA SUN BELT,10,441330448283463680,Fr3shBC11,13330
2026,1331774846710849536,NCAA SUN BELT,10,441330448283463680,Fr3shBC11,13424
2026,1331774846710849536,NCAA SUN BELT,10,441330448283463680,Fr3shBC11,13425
2026,1331774846710849536,NCAA SUN BELT,10,441330448283463680,Fr3shBC11,13477
2026,1331774846710849536,NCAA SUN BELT,10,441330448283463680,Fr3shBC11,13533
2026,1331774846710849536,NCAA SUN BELT,10,441330448283463680,Fr3shBC11,13602
2026,1331774846710849536,NCAA SUN BELT,10,441330448283463680,Fr3shBC11,13833
2026,1331774846710849536,NCAA SUN BELT,10,441330448283463680,Fr3shBC11,1466
2026,1331774846710849536,NCAA SUN BELT,10,441330448283463680,Fr3shBC11,19
2026,1331774846710849536,NCAA SUN BELT,10,441330448283463680,Fr3shBC11,1945
2026,1331774846710849536,NCAA SUN BELT,10,441330448283463680,Fr3shBC11,2133
2026,1331774846710849536,NCAA SUN BELT,10,441330448283463680,Fr3shBC11,2505
2026,1331774846710849536,NCAA SUN BELT,10,441330448283463680,Fr3shBC11,4046
2026,1331774846710849536,NCAA SUN BELT,10,441330448283463680,Fr3shBC11,4137
2026,1331774846710849536,NCAA SUN BELT,10,441330448283463680,Fr3shBC11,6819
2026,1331774846710849536,NCAA SUN BELT,10,441330448283463680,Fr3shBC11,6931
2026,1331774846710849536,NCAA SUN BELT,10,441330448283463680,Fr3shBC11,7526
2026,1331774846710849536,NCAA SUN BELT,10,441330448283463680,Fr3shBC11,7571
2026,1331774846710849536,NCAA SUN BELT,10,441330448283463680,Fr3shBC11,8111
2026,1331774846710849536,NCAA SUN BELT,10,441330448283463680,Fr3shBC11,8172
2026,1331774846710849536,NCAA SUN BELT,10,441330448283463680,Fr3shBC11,8259
2026,1331774846710849536,NCAA SUN BELT,10,441330448283463680,Fr3shBC11,96
2026,1331774846710849536,NCAA SUN BELT,10,441330448283463680,Fr3shBC11,CIN
2026,1331774846710849536,NCAA SUN BELT,10,441330448283463680,Fr3shBC11,DAL
2026,1331774846710849536,NCAA SUN BELT,10,441330448283463680,Fr3shBC11,GB
2026,1331774846710849536,NCAA SUN BELT,11,1235453121577111552,Resolhjk,11569
2026,1331774846710849536,NCAA SUN BELT,11,1235453121577111552,Resolhjk,11603
2026,1331774846710849536,NCAA SUN BELT,11,1235453121577111552,Resolhjk,11624
2026,1331774846710849536,NCAA SUN BELT,11,1235453121577111552,Resolhjk,11651
2026,1331774846710849536,NCAA SUN BELT,11,1235453121577111552,Resolhjk,11786
2026,1331774846710849536,NCAA SUN BELT,11,1235453121577111552,Resolhjk,12476
2026,1331774846710849536,NCAA SUN BELT,11,1235453121577111552,Resolhjk,12485
2026,1331774846710849536,NCAA SUN BELT,11,1235453121577111552,Resolhjk,12502
2026,1331774846710849536,NCAA SUN BELT,11,1235453121577111552,Resolhjk,12505
2026,1331774846710849536,NCAA SUN BELT,11,1235453121577111552,Resolhjk,12521
2026,1331774846710849536,NCAA SUN BELT,11,1235453121577111552,Resolhjk,12526
2026,1331774846710849536,NCAA SUN BELT,11,1235453121577111552,Resolhjk,12542
2026,1331774846710849536,NCAA SUN BELT,11,1235453121577111552,Resolhjk,12670
2026,1331774846710849536,NCAA SUN BELT,11,1235453121577111552,Resolhjk,12711
2026,1331774846710849536,NCAA SUN BELT,11,1235453121577111552,Resolhjk,13302
2026,1331774846710849536,NCAA SUN BELT,11,1235453121577111552,Resolhjk,13350
2026,1331774846710849536,NCAA SUN BELT,11,1235453121577111552,Resolhjk,13353
2026,1331774846710849536,NCAA SUN BELT,11,1235453121577111552,Resolhjk,3198
2026,1331774846710849536,NCAA SUN BELT,11,1235453121577111552,Resolhjk,3200
2026,1331774846710849536,NCAA SUN BELT,11,1235453121577111552,Resolhjk,4017
2026,1331774846710849536,NCAA SUN BELT,11,1235453121577111552,Resolhjk,4171
2026,1331774846710849536,NCAA SUN BELT,11,1235453121577111552,Resolhjk,4195
2026,1331774846710849536,NCAA SUN BELT,11,1235453121577111552,Resolhjk,4199
2026,1331774846710849536,NCAA SUN BELT,11,1235453121577111552,Resolhjk,4219
2026,1331774846710849536,NCAA SUN BELT,11,1235453121577111552,Resolhjk,4984
2026,1331774846710849536,NCAA SUN BELT,11,1235453121577111552,Resolhjk,4993
2026,1331774846710849536,NCAA SUN BELT,11,1235453121577111552,Resolhjk,5995
2026,1331774846710849536,NCAA SUN BELT,11,1235453121577111552,Resolhjk,6039
2026,1331774846710849536,NCAA SUN BELT,11,1235453121577111552,Resolhjk,6149
2026,1331774846710849536,NCAA SUN BELT,11,1235453121577111552,Resolhjk,6650
2026,1331774846710849536,NCAA SUN BELT,11,1235453121577111552,Resolhjk,6826
2026,1331774846710849536,NCAA SUN BELT,11,1235453121577111552,Resolhjk,7496
2026,1331774846710849536,NCAA SUN BELT,11,1235453121577111552,Resolhjk,7670
2026,1331774846710849536,NCAA SUN BELT,11,1235453121577111552,Resolhjk,8142
2026,1331774846710849536,NCAA SUN BELT,11,1235453121577111552,Resolhjk,8144
2026,1331774846710849536,NCAA SUN BELT,11,1235453121577111552,Resolhjk,8155
2026,1331774846710849536,NCAA SUN BELT,11,1235453121577111552,Resolhjk,827
2026,1331774846710849536,NCAA SUN BELT,11,1235453121577111552,Resolhjk,829
2026,1331774846710849536,NCAA SUN BELT,11,1235453121577111552,Resolhjk,9481
2026,1331774846710849536,NCAA SUN BELT,11,1235453121577111552,Resolhjk,9486
2026,1331774846710849536,NCAA SUN BELT,11,1235453121577111552,Resolhjk,9487
2026,1331774846710849536,NCAA SUN BELT,11,1235453121577111552,Resolhjk,9494
2026,1331774846710849536,NCAA SUN BELT,11,1235453121577111552,Resolhjk,9756
2026,1331774846710849536,NCAA SUN BELT,11,1235453121577111552,Resolhjk,DET
2026,1331774846710849536,NCAA SUN BELT,11,1235453121577111552,Resolhjk,LAR
2026,1331774846710849536,NCAA SUN BELT,11,1235453121577111552,Resolhjk,NE
2026,1331774846710849536,NCAA SUN BELT,12,465297932204109824,utsa,10219
2026,1331774846710849536,NCAA SUN BELT,12,465297932204109824,utsa,10859
2026,1331774846710849536,NCAA SUN BELT,12,465297932204109824,utsa,10871
2026,1331774846710849536,NCAA SUN BELT,12,465297932204109824,utsa,11157
2026,1331774846710849536,NCAA SUN BELT,12,465297932204109824,utsa,11237
2026,1331774846710849536,NCAA SUN BELT,12,465297932204109824,utsa,11377
2026,1331774846710849536,NCAA SUN BELT,12,465297932204109824,utsa,11435
2026,1331774846710849536,NCAA SUN BELT,12,465297932204109824,utsa,11560
2026,1331774846710849536,NCAA SUN BELT,12,465297932204109824,utsa,11563
2026,1331774846710849536,NCAA SUN BELT,12,465297932204109824,utsa,11571
2026,1331774846710849536,NCAA SUN BELT,12,465297932204109824,utsa,11575
2026,1331774846710849536,NCAA SUN BELT,12,465297932204109824,utsa,11608
2026,1331774846710849536,NCAA SUN BELT,12,465297932204109824,utsa,11626
2026,1331774846710849536,NCAA SUN BELT,12,465297932204109824,utsa,11627
2026,1331774846710849536,NCAA SUN BELT,12,465297932204109824,utsa,11646
2026,1331774846710849536,NCAA SUN BELT,12,465297932204109824,utsa,12472
2026,1331774846710849536,NCAA SUN BELT,12,465297932204109824,utsa,12474
2026,1331774846710849536,NCAA SUN BELT,12,465297932204109824,utsa,12482
2026,1331774846710849536,NCAA SUN BELT,12,465297932204109824,utsa,12544
2026,1331774846710849536,NCAA SUN BELT,12,465297932204109824,utsa,13273
2026,1331774846710849536,NCAA SUN BELT,12,465297932204109824,utsa,13296
2026,1331774846710849536,NCAA SUN BELT,12,465297932204109824,utsa,13298
2026,1331774846710849536,NCAA SUN BELT,12,465297932204109824,utsa,13307
2026,1331774846710849536,NCAA SUN BELT,12,465297932204109824,utsa,13320
2026,1331774846710849536,NCAA SUN BELT,12,465297932204109824,utsa,13402
2026,1331774846710849536,NCAA SUN BELT,12,465297932204109824,utsa,13968
2026,1331774846710849536,NCAA SUN BELT,12,465297932204109824,utsa,1479
2026,1331774846710849536,NCAA SUN BELT,12,465297932204109824,utsa,3161
2026,1331774846710849536,NCAA SUN BELT,12,465297932204109824,utsa,3202
2026,1331774846710849536,NCAA SUN BELT,12,465297932204109824,utsa,3286
2026,1331774846710849536,NCAA SUN BELT,12,465297932204109824,utsa,5022
2026,1331774846710849536,NCAA SUN BELT,12,465297932204109824,utsa,6768
2026,1331774846710849536,NCAA SUN BELT,12,465297932204109824,utsa,6865
2026,1331774846710849536,NCAA SUN BELT,12,465297932204109824,utsa,7021
2026,1331774846710849536,NCAA SUN BELT,12,465297932204109824,utsa,7568
2026,1331774846710849536,NCAA SUN BELT,12,465297932204109824,utsa,7839
2026,1331774846710849536,NCAA SUN BELT,12,465297932204109824,utsa,8138
2026,1331774846710849536,NCAA SUN BELT,12,465297932204109824,utsa,8154
2026,1331774846710849536,NCAA SUN BELT,12,465297932204109824,utsa,8160
2026,1331774846710849536,NCAA SUN BELT,12,465297932204109824,utsa,8228
2026,1331774846710849536,NCAA SUN BELT,12,465297932204109824,utsa,8698
2026,1331774846710849536,NCAA SUN BELT,12,465297932204109824,utsa,9753
2026,1331774846710849536,NCAA SUN BELT,12,465297932204109824,utsa,CLE
2026,1331774846710849536,NCAA SUN BELT,12,465297932204109824,utsa,MIN
2026,1331774846710849536,NCAA SUN BELT,12,465297932204109824,utsa,SEA
2026,1331774695346823168,NCAA USA,1,389658700735868928,dh671,11533
2026,1331774695346823168,NCAA USA,1,389658700735868928,dh671,11600
2026,1331774695346823168,NCAA USA,1,389658700735868928,dh671,11626
2026,1331774695346823168,NCAA USA,1,389658700735868928,dh671,11632
2026,1331774695346823168,NCAA USA,1,389658700735868928,dh671,12457
2026,1331774695346823168,NCAA USA,1,389658700735868928,dh671,12485
2026,1331774695346823168,NCAA USA,1,389658700735868928,dh671,12517
2026,1331774695346823168,NCAA USA,1,389658700735868928,dh671,12524
2026,1331774695346823168,NCAA USA,1,389658700735868928,dh671,13276
2026,1331774695346823168,NCAA USA,1,389658700735868928,dh671,13289
2026,1331774695346823168,NCAA USA,1,389658700735868928,dh671,13337
2026,1331774695346823168,NCAA USA,1,389658700735868928,dh671,13401
2026,1331774695346823168,NCAA USA,1,389658700735868928,dh671,2020
2026,1331774695346823168,NCAA USA,1,389658700735868928,dh671,4144
2026,1331774695346823168,NCAA USA,1,389658700735868928,dh671,5967
2026,1331774695346823168,NCAA USA,1,389658700735868928,dh671,6770
2026,1331774695346823168,NCAA USA,1,389658700735868928,dh671,6806
2026,1331774695346823168,NCAA USA,1,389658700735868928,dh671,6813
2026,1331774695346823168,NCAA USA,1,389658700735868928,dh671,6904
2026,1331774695346823168,NCAA USA,1,389658700735868928,dh671,6955
2026,1331774695346823168,NCAA USA,1,389658700735868928,dh671,7090
2026,1331774695346823168,NCAA USA,1,389658700735868928,dh671,7569
2026,1331774695346823168,NCAA USA,1,389658700735868928,dh671,7596
2026,1331774695346823168,NCAA USA,1,389658700735868928,dh671,7602
2026,1331774695346823168,NCAA USA,1,389658700735868928,dh671,8112
2026,1331774695346823168,NCAA USA,1,389658700735868928,dh671,8122
2026,1331774695346823168,NCAA USA,1,389658700735868928,dh671,8129
2026,1331774695346823168,NCAA USA,1,389658700735868928,dh671,8211
2026,1331774695346823168,NCAA USA,1,389658700735868928,dh671,8220
2026,1331774695346823168,NCAA USA,1,389658700735868928,dh671,8917
2026,1331774695346823168,NCAA USA,1,389658700735868928,dh671,9225
2026,1331774695346823168,NCAA USA,1,389658700735868928,dh671,9480
2026,1331774695346823168,NCAA USA,1,389658700735868928,dh671,9504
2026,1331774695346823168,NCAA USA,1,389658700735868928,dh671,9508
2026,1331774695346823168,NCAA USA,1,389658700735868928,dh671,9997
2026,1331774695346823168,NCAA USA,1,389658700735868928,dh671,CIN
2026,1331774695346823168,NCAA USA,1,389658700735868928,dh671,PHI
2026,1331774695346823168,NCAA USA,2,,Unknown,11571
2026,1331774695346823168,NCAA USA,2,,Unknown,1166
2026,1331774695346823168,NCAA USA,2,,Unknown,12483
2026,1331774695346823168,NCAA USA,2,,Unknown,12490
2026,1331774695346823168,NCAA USA,2,,Unknown,12536
2026,1331774695346823168,NCAA USA,2,,Unknown,12860
2026,1331774695346823168,NCAA USA,2,,Unknown,13272
2026,1331774695346823168,NCAA USA,2,,Unknown,13274
2026,1331774695346823168,NCAA USA,2,,Unknown,13293
2026,1331774695346823168,NCAA USA,2,,Unknown,13299
2026,1331774695346823168,NCAA USA,2,,Unknown,13342
2026,1331774695346823168,NCAA USA,2,,Unknown,13394
2026,1331774695346823168,NCAA USA,2,,Unknown,13402
2026,1331774695346823168,NCAA USA,2,,Unknown,13411
2026,1331774695346823168,NCAA USA,2,,Unknown,1945
2026,1331774695346823168,NCAA USA,2,,Unknown,2133
2026,1331774695346823168,NCAA USA,2,,Unknown,2747
2026,1331774695346823168,NCAA USA,2,,Unknown,3202
2026,1331774695346823168,NCAA USA,2,,Unknown,4037
2026,1331774695346823168,NCAA USA,2,,Unknown,4866
2026,1331774695346823168,NCAA USA,2,,Unknown,4892
2026,1331774695346823168,NCAA USA,2,,Unknown,4943
2026,1331774695346823168,NCAA USA,2,,Unknown,5012
2026,1331774695346823168,NCAA USA,2,,Unknown,5086
2026,1331774695346823168,NCAA USA,2,,Unknown,5846
2026,1331774695346823168,NCAA USA,2,,Unknown,6039
2026,1331774695346823168,NCAA USA,2,,Unknown,6149
2026,1331774695346823168,NCAA USA,2,,Unknown,6804
2026,1331774695346823168,NCAA USA,2,,Unknown,6819
2026,1331774695346823168,NCAA USA,2,,Unknown,7600
2026,1331774695346823168,NCAA USA,2,,Unknown,7611
2026,1331774695346823168,NCAA USA,2,,Unknown,7839
2026,1331774695346823168,NCAA USA,2,,Unknown,8136
2026,1331774695346823168,NCAA USA,2,,Unknown,8146
2026,1331774695346823168,NCAA USA,2,,Unknown,8161
2026,1331774695346823168,NCAA USA,2,,Unknown,9224
2026,1331774695346823168,NCAA USA,2,,Unknown,9228
2026,1331774695346823168,NCAA USA,2,,Unknown,BAL
2026,1331774695346823168,NCAA USA,2,,Unknown,CLE
2026,1331774695346823168,NCAA USA,2,,Unknown,DET
2026,1331774695346823168,NCAA USA,2,,Unknown,WAS
2026,1331774695346823168,NCAA USA,3,599286882408394752,Botro,10232
2026,1331774695346823168,NCAA USA,3,599286882408394752,Botro,11564
2026,1331774695346823168,NCAA USA,3,599286882408394752,Botro,11565
2026,1331774695346823168,NCAA USA,3,599286882408394752,Botro,11610
2026,1331774695346823168,NCAA USA,3,599286882408394752,Botro,11617
2026,1331774695346823168,NCAA USA,3,599286882408394752,Botro,12489
2026,1331774695346823168,NCAA USA,3,599286882408394752,Botro,12505
2026,1331774695346823168,NCAA USA,3,599286882408394752,Botro,12535
2026,1331774695346823168,NCAA USA,3,599286882408394752,Botro,13270
2026,1331774695346823168,NCAA USA,3,599286882408394752,Botro,13305
2026,1331774695346823168,NCAA USA,3,599286882408394752,Botro,13338
2026,1331774695346823168,NCAA USA,3,599286882408394752,Botro,13417
2026,1331774695346823168,NCAA USA,3,599286882408394752,Botro,13424
2026,1331774695346823168,NCAA USA,3,599286882408394752,Botro,13434
2026,1331774695346823168,NCAA USA,3,599286882408394752,Botro,13435
2026,1331774695346823168,NCAA USA,3,599286882408394752,Botro,13545
2026,1331774695346823168,NCAA USA,3,599286882408394752,Botro,13968
2026,1331774695346823168,NCAA USA,3,599286882408394752,Botro,1466
2026,1331774695346823168,NCAA USA,3,599286882408394752,Botro,2449
2026,1331774695346823168,NCAA USA,3,599286882408394752,Botro,3294
2026,1331774695346823168,NCAA USA,3,599286882408394752,Botro,3451
2026,1331774695346823168,NCAA USA,3,599286882408394752,Botro,4034
2026,1331774695346823168,NCAA USA,3,599286882408394752,Botro,4177
2026,1331774695346823168,NCAA USA,3,599286882408394752,Botro,4574
2026,1331774695346823168,NCAA USA,3,599286882408394752,Botro,5001
2026,1331774695346823168,NCAA USA,3,599286882408394752,Botro,5022
2026,1331774695346823168,NCAA USA,3,599286882408394752,Botro,5848
2026,1331774695346823168,NCAA USA,3,599286882408394752,Botro,5859
2026,1331774695346823168,NCAA USA,3,599286882408394752,Botro,5892
2026,1331774695346823168,NCAA USA,3,599286882408394752,Botro,6865
2026,1331774695346823168,NCAA USA,3,599286882408394752,Botro,7039
2026,1331774695346823168,NCAA USA,3,599286882408394752,Botro,7042
2026,1331774695346823168,NCAA USA,3,599286882408394752,Botro,7922
2026,1331774695346823168,NCAA USA,3,599286882408394752,Botro,8119
2026,1331774695346823168,NCAA USA,3,599286882408394752,Botro,8127
2026,1331774695346823168,NCAA USA,3,599286882408394752,Botro,8154
2026,1331774695346823168,NCAA USA,3,599286882408394752,Botro,8180
2026,1331774695346823168,NCAA USA,3,599286882408394752,Botro,8188
2026,1331774695346823168,NCAA USA,3,599286882408394752,Botro,9226
2026,1331774695346823168,NCAA USA,3,599286882408394752,Botro,9488
2026,1331774695346823168,NCAA USA,3,599286882408394752,Botro,CAR
2026,1331774695346823168,NCAA USA,3,599286882408394752,Botro,TEN
2026,1331774695346823168,NCAA USA,4,692542511834558464,GRIDIRONGANG81,10210
2026,1331774695346823168,NCAA USA,4,692542511834558464,GRIDIRONGANG81,10218
2026,1331774695346823168,NCAA USA,4,692542511834558464,GRIDIRONGANG81,11559
2026,1331774695346823168,NCAA USA,4,692542511834558464,GRIDIRONGANG81,11577
2026,1331774695346823168,NCAA USA,4,692542511834558464,GRIDIRONGANG81,11604
2026,1331774695346823168,NCAA USA,4,692542511834558464,GRIDIRONGANG81,11635
2026,1331774695346823168,NCAA USA,4,692542511834558464,GRIDIRONGANG81,12481
2026,1331774695346823168,NCAA USA,4,692542511834558464,GRIDIRONGANG81,12508
2026,1331774695346823168,NCAA USA,4,692542511834558464,GRIDIRONGANG81,12523
2026,1331774695346823168,NCAA USA,4,692542511834558464,GRIDIRONGANG81,12530
2026,1331774695346823168,NCAA USA,4,692542511834558464,GRIDIRONGANG81,13275
2026,1331774695346823168,NCAA USA,4,692542511834558464,GRIDIRONGANG81,13287
2026,1331774695346823168,NCAA USA,4,692542511834558464,GRIDIRONGANG81,13311
2026,1331774695346823168,NCAA USA,4,692542511834558464,GRIDIRONGANG81,13400
2026,1331774695346823168,NCAA USA,4,692542511834558464,GRIDIRONGANG81,3199
2026,1331774695346823168,NCAA USA,4,692542511834558464,GRIDIRONGANG81,3214
2026,1331774695346823168,NCAA USA,4,692542511834558464,GRIDIRONGANG81,4080
2026,1331774695346823168,NCAA USA,4,692542511834558464,GRIDIRONGANG81,4082
2026,1331774695346823168,NCAA USA,4,692542511834558464,GRIDIRONGANG81,4199
2026,1331774695346823168,NCAA USA,4,692542511834558464,GRIDIRONGANG81,421
2026,1331774695346823168,NCAA USA,4,692542511834558464,GRIDIRONGANG81,4227
2026,1331774695346823168,NCAA USA,4,692542511834558464,GRIDIRONGANG81,5857
2026,1331774695346823168,NCAA USA,4,692542511834558464,GRIDIRONGANG81,6528
2026,1331774695346823168,NCAA USA,4,692542511834558464,GRIDIRONGANG81,7538
2026,1331774695346823168,NCAA USA,4,692542511834558464,GRIDIRONGANG81,7543
2026,1331774695346823168,NCAA USA,4,692542511834558464,GRIDIRONGANG81,8110
2026,1331774695346823168,NCAA USA,4,692542511834558464,GRIDIRONGANG81,8111
2026,1331774695346823168,NCAA USA,4,692542511834558464,GRIDIRONGANG81,8140
2026,1331774695346823168,NCAA USA,4,692542511834558464,GRIDIRONGANG81,8167
2026,1331774695346823168,NCAA USA,4,692542511834558464,GRIDIRONGANG81,8168
2026,1331774695346823168,NCAA USA,4,692542511834558464,GRIDIRONGANG81,8183
2026,1331774695346823168,NCAA USA,4,692542511834558464,GRIDIRONGANG81,8205
2026,1331774695346823168,NCAA USA,4,692542511834558464,GRIDIRONGANG81,8225
2026,1331774695346823168,NCAA USA,4,692542511834558464,GRIDIRONGANG81,9221
2026,1331774695346823168,NCAA USA,4,692542511834558464,GRIDIRONGANG81,9497
2026,1331774695346823168,NCAA USA,4,692542511834558464,GRIDIRONGANG81,96
2026,1331774695346823168,NCAA USA,4,692542511834558464,GRIDIRONGANG81,9756
2026,1331774695346823168,NCAA USA,4,692542511834558464,GRIDIRONGANG81,MIA
2026,1331774695346823168,NCAA USA,4,692542511834558464,GRIDIRONGANG81,NYJ
2026,1331774695346823168,NCAA USA,4,692542511834558464,GRIDIRONGANG81,PIT
2026,1331774695346823168,NCAA USA,5,866509840124641280,JustTouchdown1221,10213
2026,1331774695346823168,NCAA USA,5,866509840124641280,JustTouchdown1221,10226
2026,1331774695346823168,NCAA USA,5,866509840124641280,JustTouchdown1221,10236
2026,1331774695346823168,NCAA USA,5,866509840124641280,JustTouchdown1221,11261
2026,1331774695346823168,NCAA USA,5,866509840124641280,JustTouchdown1221,11560
2026,1331774695346823168,NCAA USA,5,866509840124641280,JustTouchdown1221,11576
2026,1331774695346823168,NCAA USA,5,866509840124641280,JustTouchdown1221,11627
2026,1331774695346823168,NCAA USA,5,866509840124641280,JustTouchdown1221,11646
2026,1331774695346823168,NCAA USA,5,866509840124641280,JustTouchdown1221,11651
2026,1331774695346823168,NCAA USA,5,866509840124641280,JustTouchdown1221,11655
2026,1331774695346823168,NCAA USA,5,866509840124641280,JustTouchdown1221,11729
2026,1331774695346823168,NCAA USA,5,866509840124641280,JustTouchdown1221,12048
2026,1331774695346823168,NCAA USA,5,866509840124641280,JustTouchdown1221,12472
2026,1331774695346823168,NCAA USA,5,866509840124641280,JustTouchdown1221,12497
2026,1331774695346823168,NCAA USA,5,866509840124641280,JustTouchdown1221,12499
2026,1331774695346823168,NCAA USA,5,866509840124641280,JustTouchdown1221,12502
2026,1331774695346823168,NCAA USA,5,866509840124641280,JustTouchdown1221,12519
2026,1331774695346823168,NCAA USA,5,866509840124641280,JustTouchdown1221,12526
2026,1331774695346823168,NCAA USA,5,866509840124641280,JustTouchdown1221,12540
2026,1331774695346823168,NCAA USA,5,866509840124641280,JustTouchdown1221,12541
2026,1331774695346823168,NCAA USA,5,866509840124641280,JustTouchdown1221,12641
2026,1331774695346823168,NCAA USA,5,866509840124641280,JustTouchdown1221,12711
2026,1331774695346823168,NCAA USA,5,866509840124641280,JustTouchdown1221,13264
2026,1331774695346823168,NCAA USA,5,866509840124641280,JustTouchdown1221,13286
2026,1331774695346823168,NCAA USA,5,866509840124641280,JustTouchdown1221,13329
2026,1331774695346823168,NCAA USA,5,866509840124641280,JustTouchdown1221,13333
2026,1331774695346823168,NCAA USA,5,866509840124641280,JustTouchdown1221,13345
2026,1331774695346823168,NCAA USA,5,866509840124641280,JustTouchdown1221,13420
2026,1331774695346823168,NCAA USA,5,866509840124641280,JustTouchdown1221,4066
2026,1331774695346823168,NCAA USA,5,866509840124641280,JustTouchdown1221,4981
2026,1331774695346823168,NCAA USA,5,866509840124641280,JustTouchdown1221,5119
2026,1331774695346823168,NCAA USA,5,866509840124641280,JustTouchdown1221,7523
2026,1331774695346823168,NCAA USA,5,866509840124641280,JustTouchdown1221,7670
2026,1331774695346823168,NCAA USA,5,866509840124641280,JustTouchdown1221,8117
2026,1331774695346823168,NCAA USA,5,866509840124641280,JustTouchdown1221,8131
2026,1331774695346823168,NCAA USA,5,866509840124641280,JustTouchdown1221,8132
2026,1331774695346823168,NCAA USA,5,866509840124641280,JustTouchdown1221,8138
2026,1331774695346823168,NCAA USA,5,866509840124641280,JustTouchdown1221,8148
2026,1331774695346823168,NCAA USA,5,866509840124641280,JustTouchdown1221,9482
2026,1331774695346823168,NCAA USA,5,866509840124641280,JustTouchdown1221,9487
2026,1331774695346823168,NCAA USA,5,866509840124641280,JustTouchdown1221,9500
2026,1331774695346823168,NCAA USA,5,866509840124641280,JustTouchdown1221,9502
2026,1331774695346823168,NCAA USA,5,866509840124641280,JustTouchdown1221,9509
2026,1331774695346823168,NCAA USA,5,866509840124641280,JustTouchdown1221,SEA
2026,1331774695346823168,NCAA USA,6,560611777479667712,PatrickT21,10235
2026,1331774695346823168,NCAA USA,6,560611777479667712,PatrickT21,11237
2026,1331774695346823168,NCAA USA,6,560611777479667712,PatrickT21,11435
2026,1331774695346823168,NCAA USA,6,560611777479667712,PatrickT21,11581
2026,1331774695346823168,NCAA USA,6,560611777479667712,PatrickT21,11592
2026,1331774695346823168,NCAA USA,6,560611777479667712,PatrickT21,11628
2026,1331774695346823168,NCAA USA,6,560611777479667712,PatrickT21,11638
2026,1331774695346823168,NCAA USA,6,560611777479667712,PatrickT21,12455
2026,1331774695346823168,NCAA USA,6,560611777479667712,PatrickT21,12494
2026,1331774695346823168,NCAA USA,6,560611777479667712,PatrickT21,12512
2026,1331774695346823168,NCAA USA,6,560611777479667712,PatrickT21,12514
2026,1331774695346823168,NCAA USA,6,560611777479667712,PatrickT21,13150
2026,1331774695346823168,NCAA USA,6,560611777479667712,PatrickT21,13288
2026,1331774695346823168,NCAA USA,6,560611777479667712,PatrickT21,13319
2026,1331774695346823168,NCAA USA,6,560611777479667712,PatrickT21,13320
2026,1331774695346823168,NCAA USA,6,560611777479667712,PatrickT21,13346
2026,1331774695346823168,NCAA USA,6,560611777479667712,PatrickT21,13405
2026,1331774695346823168,NCAA USA,6,560611777479667712,PatrickT21,13413
2026,1331774695346823168,NCAA USA,6,560611777479667712,PatrickT21,13425
2026,1331774695346823168,NCAA USA,6,560611777479667712,PatrickT21,13477
2026,1331774695346823168,NCAA USA,6,560611777479667712,PatrickT21,13533
2026,1331774695346823168,NCAA USA,6,560611777479667712,PatrickT21,13602
2026,1331774695346823168,NCAA USA,6,560611777479667712,PatrickT21,1737
2026,1331774695346823168,NCAA USA,6,560611777479667712,PatrickT21,3161
2026,1331774695346823168,NCAA USA,6,560611777479667712,PatrickT21,3634
2026,1331774695346823168,NCAA USA,6,560611777479667712,PatrickT21,4147
2026,1331774695346823168,NCAA USA,6,560611777479667712,PatrickT21,4983
2026,1331774695346823168,NCAA USA,6,560611777479667712,PatrickT21,4984
2026,1331774695346823168,NCAA USA,6,560611777479667712,PatrickT21,5849
2026,1331774695346823168,NCAA USA,6,560611777479667712,PatrickT21,5947
2026,1331774695346823168,NCAA USA,6,560611777479667712,PatrickT21,650
2026,1331774695346823168,NCAA USA,6,560611777479667712,PatrickT21,7553
2026,1331774695346823168,NCAA USA,6,560611777479667712,PatrickT21,7587
2026,1331774695346823168,NCAA USA,6,560611777479667712,PatrickT21,7608
2026,1331774695346823168,NCAA USA,6,560611777479667712,PatrickT21,8121
2026,1331774695346823168,NCAA USA,6,560611777479667712,PatrickT21,8144
2026,1331774695346823168,NCAA USA,6,560611777479667712,PatrickT21,8155
2026,1331774695346823168,NCAA USA,6,560611777479667712,PatrickT21,9493
2026,1331774695346823168,NCAA USA,6,560611777479667712,PatrickT21,9506
2026,1331774695346823168,NCAA USA,6,560611777479667712,PatrickT21,9757
2026,1331774695346823168,NCAA USA,6,560611777479667712,PatrickT21,IND
2026,1331774695346823168,NCAA USA,6,560611777479667712,PatrickT21,MIN
2026,1331774695346823168,NCAA USA,7,81535409754357760,arandrea,10859
2026,1331774695346823168,NCAA USA,7,81535409754357760,arandrea,10871
2026,1331774695346823168,NCAA USA,7,81535409754357760,arandrea,11199
2026,1331774695346823168,NCAA USA,7,81535409754357760,arandrea,11370
2026,1331774695346823168,NCAA USA,7,81535409754357760,arandrea,11579
2026,1331774695346823168,NCAA USA,7,81535409754357760,arandrea,11625
2026,1331774695346823168,NCAA USA,7,81535409754357760,arandrea,11629
2026,1331774695346823168,NCAA USA,7,81535409754357760,arandrea,12185
2026,1331774695346823168,NCAA USA,7,81535409754357760,arandrea,12482
2026,1331774695346823168,NCAA USA,7,81535409754357760,arandrea,12486
2026,1331774695346823168,NCAA USA,7,81535409754357760,arandrea,12487
2026,1331774695346823168,NCAA USA,7,81535409754357760,arandrea,12496
2026,1331774695346823168,NCAA USA,7,81535409754357760,arandrea,12501
2026,1331774695346823168,NCAA USA,7,81535409754357760,arandrea,12503
2026,1331774695346823168,NCAA USA,7,81535409754357760,arandrea,12507
2026,1331774695346823168,NCAA USA,7,81535409754357760,arandrea,12534
2026,1331774695346823168,NCAA USA,7,81535409754357760,arandrea,12545
2026,1331774695346823168,NCAA USA,7,81535409754357760,arandrea,12718
2026,1331774695346823168,NCAA USA,7,81535409754357760,arandrea,12961
2026,1331774695346823168,NCAA USA,7,81535409754357760,arandrea,13269
2026,1331774695346823168,NCAA USA,7,81535409754357760,arandrea,13285
2026,1331774695346823168,NCAA USA,7,81535409754357760,arandrea,13301
2026,1331774695346823168,NCAA USA,7,81535409754357760,arandrea,13307
2026,1331774695346823168,NCAA USA,7,81535409754357760,arandrea,13349
2026,1331774695346823168,NCAA USA,7,81535409754357760,arandrea,13416
2026,1331774695346823168,NCAA USA,7,81535409754357760,arandrea,13433
2026,1331774695346823168,NCAA USA,7,81535409754357760,arandrea,13833
2026,1331774695346823168,NCAA USA,7,81535409754357760,arandrea,1479
2026,1331774695346823168,NCAA USA,7,81535409754357760,arandrea,2505
2026,1331774695346823168,NCAA USA,7,81535409754357760,arandrea,3163
2026,1331774695346823168,NCAA USA,7,81535409754357760,arandrea,4017
2026,1331774695346823168,NCAA USA,7,81535409754357760,arandrea,5844
2026,1331774695346823168,NCAA USA,7,81535409754357760,arandrea,5906
2026,1331774695346823168,NCAA USA,7,81535409754357760,arandrea,6271
2026,1331774695346823168,NCAA USA,7,81535409754357760,arandrea,6786
2026,1331774695346823168,NCAA USA,7,81535409754357760,arandrea,6790
2026,1331774695346823168,NCAA USA,7,81535409754357760,arandrea,7547
2026,1331774695346823168,NCAA USA,7,81535409754357760,arandrea,7567
2026,1331774695346823168,NCAA USA,7,81535409754357760,arandrea,8150
2026,1331774695346823168,NCAA USA,7,81535409754357760,arandrea,9481
2026,1331774695346823168,NCAA USA,7,81535409754357760,arandrea,9754
2026,1331774695346823168,NCAA USA,7,81535409754357760,arandrea,ARI
2026,1331774695346823168,NCAA USA,7,81535409754357760,arandrea,ATL
2026,1331774695346823168,NCAA USA,7,81535409754357760,arandrea,CHI
2026,1331774695346823168,NCAA USA,7,81535409754357760,arandrea,GB
2026,1331774695346823168,NCAA USA,8,605439246030925824,krichknowsbest,10214
2026,1331774695346823168,NCAA USA,8,605439246030925824,krichknowsbest,10219
2026,1331774695346823168,NCAA USA,8,605439246030925824,krichknowsbest,10231
2026,1331774695346823168,NCAA USA,8,605439246030925824,krichknowsbest,11539
2026,1331774695346823168,NCAA USA,8,605439246030925824,krichknowsbest,11557
2026,1331774695346823168,NCAA USA,8,605439246030925824,krichknowsbest,11583
2026,1331774695346823168,NCAA USA,8,605439246030925824,krichknowsbest,11596
2026,1331774695346823168,NCAA USA,8,605439246030925824,krichknowsbest,11630
2026,1331774695346823168,NCAA USA,8,605439246030925824,krichknowsbest,11647
2026,1331774695346823168,NCAA USA,8,605439246030925824,krichknowsbest,11653
2026,1331774695346823168,NCAA USA,8,605439246030925824,krichknowsbest,12469
2026,1331774695346823168,NCAA USA,8,605439246030925824,krichknowsbest,12471
2026,1331774695346823168,NCAA USA,8,605439246030925824,krichknowsbest,12484
2026,1331774695346823168,NCAA USA,8,605439246030925824,krichknowsbest,12493
2026,1331774695346823168,NCAA USA,8,605439246030925824,krichknowsbest,12518
2026,1331774695346823168,NCAA USA,8,605439246030925824,krichknowsbest,12527
2026,1331774695346823168,NCAA USA,8,605439246030925824,krichknowsbest,13281
2026,1331774695346823168,NCAA USA,8,605439246030925824,krichknowsbest,13330
2026,1331774695346823168,NCAA USA,8,605439246030925824,krichknowsbest,13347
2026,1331774695346823168,NCAA USA,8,605439246030925824,krichknowsbest,13423
2026,1331774695346823168,NCAA USA,8,605439246030925824,krichknowsbest,2216
2026,1331774695346823168,NCAA USA,8,605439246030925824,krichknowsbest,3155
2026,1331774695346823168,NCAA USA,8,605439246030925824,krichknowsbest,3678
2026,1331774695346823168,NCAA USA,8,605439246030925824,krichknowsbest,4454
2026,1331774695346823168,NCAA USA,8,605439246030925824,krichknowsbest,5095
2026,1331774695346823168,NCAA USA,8,605439246030925824,krichknowsbest,5870
2026,1331774695346823168,NCAA USA,8,605439246030925824,krichknowsbest,6650
2026,1331774695346823168,NCAA USA,8,605439246030925824,krichknowsbest,6797
2026,1331774695346823168,NCAA USA,8,605439246030925824,krichknowsbest,6801
2026,1331774695346823168,NCAA USA,8,605439246030925824,krichknowsbest,7002
2026,1331774695346823168,NCAA USA,8,605439246030925824,krichknowsbest,7021
2026,1331774695346823168,NCAA USA,8,605439246030925824,krichknowsbest,7083
2026,1331774695346823168,NCAA USA,8,605439246030925824,krichknowsbest,7594
2026,1331774695346823168,NCAA USA,8,605439246030925824,krichknowsbest,8135
2026,1331774695346823168,NCAA USA,8,605439246030925824,krichknowsbest,8147
2026,1331774695346823168,NCAA USA,8,605439246030925824,krichknowsbest,8151
2026,1331774695346823168,NCAA USA,8,605439246030925824,krichknowsbest,8230
2026,1331774695346823168,NCAA USA,8,605439246030925824,krichknowsbest,8408
2026,1331774695346823168,NCAA USA,8,605439246030925824,krichknowsbest,8676
2026,1331774695346823168,NCAA USA,8,605439246030925824,krichknowsbest,8800
2026,1331774695346823168,NCAA USA,8,605439246030925824,krichknowsbest,9229
2026,1331774695346823168,NCAA USA,8,605439246030925824,krichknowsbest,HOU
2026,1331774695346823168,NCAA USA,8,605439246030925824,krichknowsbest,KC
2026,1331774695346823168,NCAA USA,8,605439246030925824,krichknowsbest,LAR
2026,1331774695346823168,NCAA USA,8,605439246030925824,krichknowsbest,NYG
2026,1331774695346823168,NCAA USA,9,787224085817044992,masshole4eva,10229
2026,1331774695346823168,NCAA USA,9,787224085817044992,masshole4eva,11433
2026,1331774695346823168,NCAA USA,9,787224085817044992,masshole4eva,11566
2026,1331774695346823168,NCAA USA,9,787224085817044992,masshole4eva,11584
2026,1331774695346823168,NCAA USA,9,787224085817044992,masshole4eva,11603
2026,1331774695346823168,NCAA USA,9,787224085817044992,masshole4eva,11608
2026,1331774695346823168,NCAA USA,9,787224085817044992,masshole4eva,11650
2026,1331774695346823168,NCAA USA,9,787224085817044992,masshole4eva,11783
2026,1331774695346823168,NCAA USA,9,787224085817044992,masshole4eva,12467
2026,1331774695346823168,NCAA USA,9,787224085817044992,masshole4eva,12473
2026,1331774695346823168,NCAA USA,9,787224085817044992,masshole4eva,12492
2026,1331774695346823168,NCAA USA,9,787224085817044992,masshole4eva,12495
2026,1331774695346823168,NCAA USA,9,787224085817044992,masshole4eva,12506
2026,1331774695346823168,NCAA USA,9,787224085817044992,masshole4eva,12521
2026,1331774695346823168,NCAA USA,9,787224085817044992,masshole4eva,12542
2026,1331774695346823168,NCAA USA,9,787224085817044992,masshole4eva,12713
2026,1331774695346823168,NCAA USA,9,787224085817044992,masshole4eva,13079
2026,1331774695346823168,NCAA USA,9,787224085817044992,masshole4eva,13268
2026,1331774695346823168,NCAA USA,9,787224085817044992,masshole4eva,13279
2026,1331774695346823168,NCAA USA,9,787224085817044992,masshole4eva,13296
2026,1331774695346823168,NCAA USA,9,787224085817044992,masshole4eva,13322
2026,1331774695346823168,NCAA USA,9,787224085817044992,masshole4eva,13324
2026,1331774695346823168,NCAA USA,9,787224085817044992,masshole4eva,13348
2026,1331774695346823168,NCAA USA,9,787224085817044992,masshole4eva,1339
2026,1331774695346823168,NCAA USA,9,787224085817044992,masshole4eva,13404
2026,1331774695346823168,NCAA USA,9,787224085817044992,masshole4eva,13830
2026,1331774695346823168,NCAA USA,9,787224085817044992,masshole4eva,2307
2026,1331774695346823168,NCAA USA,9,787224085817044992,masshole4eva,3257
2026,1331774695346823168,NCAA USA,9,787224085817044992,masshole4eva,4950
2026,1331774695346823168,NCAA USA,9,787224085817044992,masshole4eva,5850
2026,1331774695346823168,NCAA USA,9,787224085817044992,masshole4eva,6826
2026,1331774695346823168,NCAA USA,9,787224085817044992,masshole4eva,6828
2026,1331774695346823168,NCAA USA,9,787224085817044992,masshole4eva,7049
2026,1331774695346823168,NCAA USA,9,787224085817044992,masshole4eva,7588
2026,1331774695346823168,NCAA USA,9,787224085817044992,masshole4eva,8134
2026,1331774695346823168,NCAA USA,9,787224085817044992,masshole4eva,8142
2026,1331774695346823168,NCAA USA,9,787224085817044992,masshole4eva,8143
2026,1331774695346823168,NCAA USA,9,787224085817044992,masshole4eva,8259
2026,1331774695346823168,NCAA USA,9,787224085817044992,masshole4eva,8698
2026,1331774695346823168,NCAA USA,9,787224085817044992,masshole4eva,9486
2026,1331774695346823168,NCAA USA,9,787224085817044992,masshole4eva,9501
2026,1331774695346823168,NCAA USA,9,787224085817044992,masshole4eva,LV
2026,1331774695346823168,NCAA USA,9,787224085817044992,masshole4eva,NE
2026,1331774695346823168,NCAA USA,9,787224085817044992,masshole4eva,TB
2026,1331774695346823168,NCAA USA,10,590358219562455040,Woolley69,10937
2026,1331774695346823168,NCAA USA,10,590358219562455040,Woolley69,11563
2026,1331774695346823168,NCAA USA,10,590358219562455040,Woolley69,11586
2026,1331774695346823168,NCAA USA,10,590358219562455040,Woolley69,11621
2026,1331774695346823168,NCAA USA,10,590358219562455040,Woolley69,11624
2026,1331774695346823168,NCAA USA,10,590358219562455040,Woolley69,12504
2026,1331774695346823168,NCAA USA,10,590358219562455040,Woolley69,12510
2026,1331774695346823168,NCAA USA,10,590358219562455040,Woolley69,12520
2026,1331774695346823168,NCAA USA,10,590358219562455040,Woolley69,12531
2026,1331774695346823168,NCAA USA,10,590358219562455040,Woolley69,13282
2026,1331774695346823168,NCAA USA,10,590358219562455040,Woolley69,13298
2026,1331774695346823168,NCAA USA,10,590358219562455040,Woolley69,13302
2026,1331774695346823168,NCAA USA,10,590358219562455040,Woolley69,13353
2026,1331774695346823168,NCAA USA,10,590358219562455040,Woolley69,3271
2026,1331774695346823168,NCAA USA,10,590358219562455040,Woolley69,3286
2026,1331774695346823168,NCAA USA,10,590358219562455040,Woolley69,4039
2026,1331774695346823168,NCAA USA,10,590358219562455040,Woolley69,4089
2026,1331774695346823168,NCAA USA,10,590358219562455040,Woolley69,4137
2026,1331774695346823168,NCAA USA,10,590358219562455040,Woolley69,4171
2026,1331774695346823168,NCAA USA,10,590358219562455040,Woolley69,4663
2026,1331774695346823168,NCAA USA,10,590358219562455040,Woolley69,4666
2026,1331774695346823168,NCAA USA,10,590358219562455040,Woolley69,4881
2026,1331774695346823168,NCAA USA,10,590358219562455040,Woolley69,5248
2026,1331774695346823168,NCAA USA,10,590358219562455040,Woolley69,5854
2026,1331774695346823168,NCAA USA,10,590358219562455040,Woolley69,5987
2026,1331774695346823168,NCAA USA,10,590358219562455040,Woolley69,5995
2026,1331774695346823168,NCAA USA,10,590358219562455040,Woolley69,6011
2026,1331774695346823168,NCAA USA,10,590358219562455040,Woolley69,6794
2026,1331774695346823168,NCAA USA,10,590358219562455040,Woolley69,6803
2026,1331774695346823168,NCAA USA,10,590358219562455040,Woolley69,7526
2026,1331774695346823168,NCAA USA,10,590358219562455040,Woolley69,7564
2026,1331774695346823168,NCAA USA,10,590358219562455040,Woolley69,7591
2026,1331774695346823168,NCAA USA,10,590358219562455040,Woolley69,7601
2026,1331774695346823168,NCAA USA,10,590358219562455040,Woolley69,7606
2026,1331774695346823168,NCAA USA,10,590358219562455040,Woolley69,8116
2026,1331774695346823168,NCAA USA,10,590358219562455040,Woolley69,8130
2026,1331774695346823168,NCAA USA,10,590358219562455040,Woolley69,8137
2026,1331774695346823168,NCAA USA,10,590358219562455040,Woolley69,9479
2026,1331774695346823168,NCAA USA,10,590358219562455040,Woolley69,9494
2026,1331774695346823168,NCAA USA,10,590358219562455040,Woolley69,BUF
2026,1331774695346823168,NCAA USA,11,460257215329071104,bshouseman,10222
2026,1331774695346823168,NCAA USA,11,460257215329071104,bshouseman,10444
2026,1331774695346823168,NCAA USA,11,460257215329071104,bshouseman,10955
2026,1331774695346823168,NCAA USA,11,460257215329071104,bshouseman,11575
2026,1331774695346823168,NCAA USA,11,460257215329071104,bshouseman,11589
2026,1331774695346823168,NCAA USA,11,460257215329071104,bshouseman,11620
2026,1331774695346823168,NCAA USA,11,460257215329071104,bshouseman,11631
2026,1331774695346823168,NCAA USA,11,460257215329071104,bshouseman,11637
2026,1331774695346823168,NCAA USA,11,460257215329071104,bshouseman,11643
2026,1331774695346823168,NCAA USA,11,460257215329071104,bshouseman,11834
2026,1331774695346823168,NCAA USA,11,460257215329071104,bshouseman,12015
2026,1331774695346823168,NCAA USA,11,460257215329071104,bshouseman,12474
2026,1331774695346823168,NCAA USA,11,460257215329071104,bshouseman,12498
2026,1331774695346823168,NCAA USA,11,460257215329071104,bshouseman,12509
2026,1331774695346823168,NCAA USA,11,460257215329071104,bshouseman,12529
2026,1331774695346823168,NCAA USA,11,460257215329071104,bshouseman,12533
2026,1331774695346823168,NCAA USA,11,460257215329071104,bshouseman,12544
2026,1331774695346823168,NCAA USA,11,460257215329071104,bshouseman,13277
2026,1331774695346823168,NCAA USA,11,460257215329071104,bshouseman,13278
2026,1331774695346823168,NCAA USA,11,460257215329071104,bshouseman,13294
2026,1331774695346823168,NCAA USA,11,460257215329071104,bshouseman,13317
2026,1331774695346823168,NCAA USA,11,460257215329071104,bshouseman,13421
2026,1331774695346823168,NCAA USA,11,460257215329071104,bshouseman,1373
2026,1331774695346823168,NCAA USA,11,460257215329071104,bshouseman,2306
2026,1331774695346823168,NCAA USA,11,460257215329071104,bshouseman,4033
2026,1331774695346823168,NCAA USA,11,460257215329071104,bshouseman,4046
2026,1331774695346823168,NCAA USA,11,460257215329071104,bshouseman,4993
2026,1331774695346823168,NCAA USA,11,460257215329071104,bshouseman,5045
2026,1331774695346823168,NCAA USA,11,460257215329071104,bshouseman,5189
2026,1331774695346823168,NCAA USA,11,460257215329071104,bshouseman,6427
2026,1331774695346823168,NCAA USA,11,460257215329071104,bshouseman,6768
2026,1331774695346823168,NCAA USA,11,460257215329071104,bshouseman,6783
2026,1331774695346823168,NCAA USA,11,460257215329071104,bshouseman,7525
2026,1331774695346823168,NCAA USA,11,460257215329071104,bshouseman,7828
2026,1331774695346823168,NCAA USA,11,460257215329071104,bshouseman,8125
2026,1331774695346823168,NCAA USA,11,460257215329071104,bshouseman,8126
2026,1331774695346823168,NCAA USA,11,460257215329071104,bshouseman,8210
2026,1331774695346823168,NCAA USA,11,460257215329071104,bshouseman,9484
2026,1331774695346823168,NCAA USA,11,460257215329071104,bshouseman,9511
2026,1331774695346823168,NCAA USA,11,460257215329071104,bshouseman,DAL
2026,1331774695346823168,NCAA USA,11,460257215329071104,bshouseman,JAX
2026,1331774695346823168,NCAA USA,11,460257215329071104,bshouseman,LAC
2026,1331774695346823168,NCAA USA,11,460257215329071104,bshouseman,NO
2026,1331774695346823168,NCAA USA,12,650627977721245696,BroncoZzz,10225
2026,1331774695346823168,NCAA USA,12,650627977721245696,BroncoZzz,11562
2026,1331774695346823168,NCAA USA,12,650627977721245696,BroncoZzz,11570
2026,1331774695346823168,NCAA USA,12,650627977721245696,BroncoZzz,11597
2026,1331774695346823168,NCAA USA,12,650627977721245696,BroncoZzz,11599
2026,1331774695346823168,NCAA USA,12,650627977721245696,BroncoZzz,11618
2026,1331774695346823168,NCAA USA,12,650627977721245696,BroncoZzz,11786
2026,1331774695346823168,NCAA USA,12,650627977721245696,BroncoZzz,11792
2026,1331774695346823168,NCAA USA,12,650627977721245696,BroncoZzz,12522
2026,1331774695346823168,NCAA USA,12,650627977721245696,BroncoZzz,12547
2026,1331774695346823168,NCAA USA,12,650627977721245696,BroncoZzz,13380
2026,1331774695346823168,NCAA USA,12,650627977721245696,BroncoZzz,13414
2026,1331774695346823168,NCAA USA,12,650627977721245696,BroncoZzz,19
2026,1331774695346823168,NCAA USA,12,650627977721245696,BroncoZzz,2078
2026,1331774695346823168,NCAA USA,12,650627977721245696,BroncoZzz,3198
2026,1331774695346823168,NCAA USA,12,650627977721245696,BroncoZzz,3321
2026,1331774695346823168,NCAA USA,12,650627977721245696,BroncoZzz,4035
2026,1331774695346823168,NCAA USA,12,650627977721245696,BroncoZzz,4195
2026,1331774695346823168,NCAA USA,12,650627977721245696,BroncoZzz,4217
2026,1331774695346823168,NCAA USA,12,650627977721245696,BroncoZzz,5133
2026,1331774695346823168,NCAA USA,12,650627977721245696,BroncoZzz,5872
2026,1331774695346823168,NCAA USA,12,650627977721245696,BroncoZzz,5927
2026,1331774695346823168,NCAA USA,12,650627977721245696,BroncoZzz,6083
2026,1331774695346823168,NCAA USA,12,650627977721245696,BroncoZzz,6130
2026,1331774695346823168,NCAA USA,12,650627977721245696,BroncoZzz,7496
2026,1331774695346823168,NCAA USA,12,650627977721245696,BroncoZzz,7527
2026,1331774695346823168,NCAA USA,12,650627977721245696,BroncoZzz,7528
2026,1331774695346823168,NCAA USA,12,650627977721245696,BroncoZzz,7571
2026,1331774695346823168,NCAA USA,12,650627977721245696,BroncoZzz,8172
2026,1331774695346823168,NCAA USA,12,650627977721245696,BroncoZzz,8228
2026,1331774695346823168,NCAA USA,12,650627977721245696,BroncoZzz,9753
2026,1331774695346823168,NCAA USA,12,650627977721245696,BroncoZzz,9758
2026,1331774695346823168,NCAA USA,12,650627977721245696,BroncoZzz,DEN
2026,1331774695346823168,NCAA USA,12,650627977721245696,BroncoZzz,SF
2026,1331774454493122560,NCAA WILD,1,457579310098673664,LanceBoneau,10229
2026,1331774454493122560,NCAA WILD,1,457579310098673664,LanceBoneau,11575
2026,1331774454493122560,NCAA WILD,1,457579310098673664,LanceBoneau,11603
2026,1331774454493122560,NCAA WILD,1,457579310098673664,LanceBoneau,11631
2026,1331774454493122560,NCAA WILD,1,457579310098673664,LanceBoneau,12015
2026,1331774454493122560,NCAA WILD,1,457579310098673664,LanceBoneau,12472
2026,1331774454493122560,NCAA WILD,1,457579310098673664,LanceBoneau,12489
2026,1331774454493122560,NCAA WILD,1,457579310098673664,LanceBoneau,12492
2026,1331774454493122560,NCAA WILD,1,457579310098673664,LanceBoneau,12498
2026,1331774454493122560,NCAA WILD,1,457579310098673664,LanceBoneau,12505
2026,1331774454493122560,NCAA WILD,1,457579310098673664,LanceBoneau,12510
2026,1331774454493122560,NCAA WILD,1,457579310098673664,LanceBoneau,12541
2026,1331774454493122560,NCAA WILD,1,457579310098673664,LanceBoneau,12711
2026,1331774454493122560,NCAA WILD,1,457579310098673664,LanceBoneau,13275
2026,1331774454493122560,NCAA WILD,1,457579310098673664,LanceBoneau,13285
2026,1331774454493122560,NCAA WILD,1,457579310098673664,LanceBoneau,13380
2026,1331774454493122560,NCAA WILD,1,457579310098673664,LanceBoneau,13405
2026,1331774454493122560,NCAA WILD,1,457579310098673664,LanceBoneau,13414
2026,1331774454493122560,NCAA WILD,1,457579310098673664,LanceBoneau,13425
2026,1331774454493122560,NCAA WILD,1,457579310098673664,LanceBoneau,2078
2026,1331774454493122560,NCAA WILD,1,457579310098673664,LanceBoneau,2133
2026,1331774454493122560,NCAA WILD,1,457579310098673664,LanceBoneau,2449
2026,1331774454493122560,NCAA WILD,1,457579310098673664,LanceBoneau,3257
2026,1331774454493122560,NCAA WILD,1,457579310098673664,LanceBoneau,4034
2026,1331774454493122560,NCAA WILD,1,457579310098673664,LanceBoneau,4046
2026,1331774454493122560,NCAA WILD,1,457579310098673664,LanceBoneau,4137
2026,1331774454493122560,NCAA WILD,1,457579310098673664,LanceBoneau,4217
2026,1331774454493122560,NCAA WILD,1,457579310098673664,LanceBoneau,4866
2026,1331774454493122560,NCAA WILD,1,457579310098673664,LanceBoneau,5849
2026,1331774454493122560,NCAA WILD,1,457579310098673664,LanceBoneau,5859
2026,1331774454493122560,NCAA WILD,1,457579310098673664,LanceBoneau,6790
2026,1331774454493122560,NCAA WILD,1,457579310098673664,LanceBoneau,7090
2026,1331774454493122560,NCAA WILD,1,457579310098673664,LanceBoneau,7547
2026,1331774454493122560,NCAA WILD,1,457579310098673664,LanceBoneau,7553
2026,1331774454493122560,NCAA WILD,1,457579310098673664,LanceBoneau,7839
2026,1331774454493122560,NCAA WILD,1,457579310098673664,LanceBoneau,8146
2026,1331774454493122560,NCAA WILD,1,457579310098673664,LanceBoneau,8210
2026,1331774454493122560,NCAA WILD,1,457579310098673664,LanceBoneau,8259
2026,1331774454493122560,NCAA WILD,1,457579310098673664,LanceBoneau,9221
2026,1331774454493122560,NCAA WILD,1,457579310098673664,LanceBoneau,9482
2026,1331774454493122560,NCAA WILD,1,457579310098673664,LanceBoneau,ARI
2026,1331774454493122560,NCAA WILD,1,457579310098673664,LanceBoneau,BUF
2026,1331774454493122560,NCAA WILD,1,457579310098673664,LanceBoneau,TB
2026,1331774454493122560,NCAA WILD,1,457579310098673664,LanceBoneau,TEN
2026,1331774454493122560,NCAA WILD,2,545391514915762176,Hart123,11439
2026,1331774454493122560,NCAA WILD,2,545391514915762176,Hart123,11510
2026,1331774454493122560,NCAA WILD,2,545391514915762176,Hart123,11564
2026,1331774454493122560,NCAA WILD,2,545391514915762176,Hart123,11577
2026,1331774454493122560,NCAA WILD,2,545391514915762176,Hart123,11617
2026,1331774454493122560,NCAA WILD,2,545391514915762176,Hart123,11632
2026,1331774454493122560,NCAA WILD,2,545391514915762176,Hart123,11637
2026,1331774454493122560,NCAA WILD,2,545391514915762176,Hart123,12185
2026,1331774454493122560,NCAA WILD,2,545391514915762176,Hart123,12482
2026,1331774454493122560,NCAA WILD,2,545391514915762176,Hart123,12483
2026,1331774454493122560,NCAA WILD,2,545391514915762176,Hart123,12512
2026,1331774454493122560,NCAA WILD,2,545391514915762176,Hart123,13296
2026,1331774454493122560,NCAA WILD,2,545391514915762176,Hart123,13346
2026,1331774454493122560,NCAA WILD,2,545391514915762176,Hart123,13349
2026,1331774454493122560,NCAA WILD,2,545391514915762176,Hart123,13402
2026,1331774454493122560,NCAA WILD,2,545391514915762176,Hart123,13417
2026,1331774454493122560,NCAA WILD,2,545391514915762176,Hart123,13421
2026,1331774454493122560,NCAA WILD,2,545391514915762176,Hart123,13424
2026,1331774454493122560,NCAA WILD,2,545391514915762176,Hart123,2197
2026,1331774454493122560,NCAA WILD,2,545391514915762176,Hart123,2306
2026,1331774454493122560,NCAA WILD,2,545391514915762176,Hart123,3214
2026,1331774454493122560,NCAA WILD,2,545391514915762176,Hart123,4177
2026,1331774454493122560,NCAA WILD,2,545391514915762176,Hart123,4943
2026,1331774454493122560,NCAA WILD,2,545391514915762176,Hart123,5010
2026,1331774454493122560,NCAA WILD,2,545391514915762176,Hart123,5892
2026,1331774454493122560,NCAA WILD,2,545391514915762176,Hart123,6039
2026,1331774454493122560,NCAA WILD,2,545391514915762176,Hart123,6804
2026,1331774454493122560,NCAA WILD,2,545391514915762176,Hart123,6943
2026,1331774454493122560,NCAA WILD,2,545391514915762176,Hart123,7595
2026,1331774454493122560,NCAA WILD,2,545391514915762176,Hart123,7922
2026,1331774454493122560,NCAA WILD,2,545391514915762176,Hart123,8116
2026,1331774454493122560,NCAA WILD,2,545391514915762176,Hart123,8126
2026,1331774454493122560,NCAA WILD,2,545391514915762176,Hart123,8132
2026,1331774454493122560,NCAA WILD,2,545391514915762176,Hart123,8134
2026,1331774454493122560,NCAA WILD,2,545391514915762176,Hart123,8137
2026,1331774454493122560,NCAA WILD,2,545391514915762176,Hart123,8162
2026,1331774454493122560,NCAA WILD,2,545391514915762176,Hart123,9224
2026,1331774454493122560,NCAA WILD,2,545391514915762176,Hart123,9488
2026,1331774454493122560,NCAA WILD,2,545391514915762176,Hart123,9754
2026,1331774454493122560,NCAA WILD,2,545391514915762176,Hart123,BAL
2026,1331774454493122560,NCAA WILD,2,545391514915762176,Hart123,NYG
2026,1331774454493122560,NCAA WILD,3,441392312380026880,4thdownTD,10213
2026,1331774454493122560,NCAA WILD,3,441392312380026880,4thdownTD,10214
2026,1331774454493122560,NCAA WILD,3,441392312380026880,4thdownTD,10231
2026,1331774454493122560,NCAA WILD,3,441392312380026880,4thdownTD,10859
2026,1331774454493122560,NCAA WILD,3,441392312380026880,4thdownTD,11435
2026,1331774454493122560,NCAA WILD,3,441392312380026880,4thdownTD,11584
2026,1331774454493122560,NCAA WILD,3,441392312380026880,4thdownTD,11610
2026,1331774454493122560,NCAA WILD,3,441392312380026880,4thdownTD,11651
2026,1331774454493122560,NCAA WILD,3,441392312380026880,4thdownTD,11792
2026,1331774454493122560,NCAA WILD,3,441392312380026880,4thdownTD,12455
2026,1331774454493122560,NCAA WILD,3,441392312380026880,4thdownTD,12476
2026,1331774454493122560,NCAA WILD,3,441392312380026880,4thdownTD,12509
2026,1331774454493122560,NCAA WILD,3,441392312380026880,4thdownTD,12530
2026,1331774454493122560,NCAA WILD,3,441392312380026880,4thdownTD,12718
2026,1331774454493122560,NCAA WILD,3,441392312380026880,4thdownTD,12961
2026,1331774454493122560,NCAA WILD,3,441392312380026880,4thdownTD,13278
2026,1331774454493122560,NCAA WILD,3,441392312380026880,4thdownTD,13294
2026,1331774454493122560,NCAA WILD,3,441392312380026880,4thdownTD,13302
2026,1331774454493122560,NCAA WILD,3,441392312380026880,4thdownTD,13305
2026,1331774454493122560,NCAA WILD,3,441392312380026880,4thdownTD,13403
2026,1331774454493122560,NCAA WILD,3,441392312380026880,4thdownTD,4033
2026,1331774454493122560,NCAA WILD,3,441392312380026880,4thdownTD,4039
2026,1331774454493122560,NCAA WILD,3,441392312380026880,4thdownTD,4219
2026,1331774454493122560,NCAA WILD,3,441392312380026880,4thdownTD,4663
2026,1331774454493122560,NCAA WILD,3,441392312380026880,4thdownTD,4892
2026,1331774454493122560,NCAA WILD,3,441392312380026880,4thdownTD,5906
2026,1331774454493122560,NCAA WILD,3,441392312380026880,4thdownTD,6770
2026,1331774454493122560,NCAA WILD,3,441392312380026880,4thdownTD,6819
2026,1331774454493122560,NCAA WILD,3,441392312380026880,4thdownTD,6828
2026,1331774454493122560,NCAA WILD,3,441392312380026880,4thdownTD,6904
2026,1331774454493122560,NCAA WILD,3,441392312380026880,4thdownTD,7021
2026,1331774454493122560,NCAA WILD,3,441392312380026880,4thdownTD,7049
2026,1331774454493122560,NCAA WILD,3,441392312380026880,4thdownTD,7562
2026,1331774454493122560,NCAA WILD,3,441392312380026880,4thdownTD,7607
2026,1331774454493122560,NCAA WILD,3,441392312380026880,4thdownTD,8121
2026,1331774454493122560,NCAA WILD,3,441392312380026880,4thdownTD,8123
2026,1331774454493122560,NCAA WILD,3,441392312380026880,4thdownTD,8129
2026,1331774454493122560,NCAA WILD,3,441392312380026880,4thdownTD,8180
2026,1331774454493122560,NCAA WILD,3,441392312380026880,4thdownTD,8183
2026,1331774454493122560,NCAA WILD,3,441392312380026880,4thdownTD,8205
2026,1331774454493122560,NCAA WILD,3,441392312380026880,4thdownTD,8207
2026,1331774454493122560,NCAA WILD,3,441392312380026880,4thdownTD,9481
2026,1331774454493122560,NCAA WILD,3,441392312380026880,4thdownTD,9997
2026,1331774454493122560,NCAA WILD,3,441392312380026880,4thdownTD,CLE
2026,1331774454493122560,NCAA WILD,3,441392312380026880,4thdownTD,GB
2026,1331774454493122560,NCAA WILD,4,635935003657723904,matthewitz,10219
2026,1331774454493122560,NCAA WILD,4,635935003657723904,matthewitz,11539
2026,1331774454493122560,NCAA WILD,4,635935003657723904,matthewitz,11562
2026,1331774454493122560,NCAA WILD,4,635935003657723904,matthewitz,11576
2026,1331774454493122560,NCAA WILD,4,635935003657723904,matthewitz,11604
2026,1331774454493122560,NCAA WILD,4,635935003657723904,matthewitz,11626
2026,1331774454493122560,NCAA WILD,4,635935003657723904,matthewitz,12457
2026,1331774454493122560,NCAA WILD,4,635935003657723904,matthewitz,12462
2026,1331774454493122560,NCAA WILD,4,635935003657723904,matthewitz,12499
2026,1331774454493122560,NCAA WILD,4,635935003657723904,matthewitz,12503
2026,1331774454493122560,NCAA WILD,4,635935003657723904,matthewitz,12522
2026,1331774454493122560,NCAA WILD,4,635935003657723904,matthewitz,13240
2026,1331774454493122560,NCAA WILD,4,635935003657723904,matthewitz,13276
2026,1331774454493122560,NCAA WILD,4,635935003657723904,matthewitz,13282
2026,1331774454493122560,NCAA WILD,4,635935003657723904,matthewitz,13337
2026,1331774454493122560,NCAA WILD,4,635935003657723904,matthewitz,13353
2026,1331774454493122560,NCAA WILD,4,635935003657723904,matthewitz,1339
2026,1331774454493122560,NCAA WILD,4,635935003657723904,matthewitz,1373
2026,1331774454493122560,NCAA WILD,4,635935003657723904,matthewitz,1426
2026,1331774454493122560,NCAA WILD,4,635935003657723904,matthewitz,1466
2026,1331774454493122560,NCAA WILD,4,635935003657723904,matthewitz,2374
2026,1331774454493122560,NCAA WILD,4,635935003657723904,matthewitz,3164
2026,1331774454493122560,NCAA WILD,4,635935003657723904,matthewitz,3198
2026,1331774454493122560,NCAA WILD,4,635935003657723904,matthewitz,3269
2026,1331774454493122560,NCAA WILD,4,635935003657723904,matthewitz,3976
2026,1331774454493122560,NCAA WILD,4,635935003657723904,matthewitz,4018
2026,1331774454493122560,NCAA WILD,4,635935003657723904,matthewitz,4981
2026,1331774454493122560,NCAA WILD,4,635935003657723904,matthewitz,5045
2026,1331774454493122560,NCAA WILD,4,635935003657723904,matthewitz,5987
2026,1331774454493122560,NCAA WILD,4,635935003657723904,matthewitz,6290
2026,1331774454493122560,NCAA WILD,4,635935003657723904,matthewitz,6805
2026,1331774454493122560,NCAA WILD,4,635935003657723904,matthewitz,6826
2026,1331774454493122560,NCAA WILD,4,635935003657723904,matthewitz,7591
2026,1331774454493122560,NCAA WILD,4,635935003657723904,matthewitz,8167
2026,1331774454493122560,NCAA WILD,4,635935003657723904,matthewitz,829
2026,1331774454493122560,NCAA WILD,4,635935003657723904,matthewitz,9504
2026,1331774454493122560,NCAA WILD,4,635935003657723904,matthewitz,DAL
2026,1331774454493122560,NCAA WILD,4,635935003657723904,matthewitz,MIN
2026,1331774454493122560,NCAA WILD,5,642578171354484736,FareedB,10955
2026,1331774454493122560,NCAA WILD,5,642578171354484736,FareedB,11619
2026,1331774454493122560,NCAA WILD,5,642578171354484736,FareedB,11650
2026,1331774454493122560,NCAA WILD,5,642578171354484736,FareedB,12470
2026,1331774454493122560,NCAA WILD,5,642578171354484736,FareedB,12484
2026,1331774454493122560,NCAA WILD,5,642578171354484736,FareedB,12506
2026,1331774454493122560,NCAA WILD,5,642578171354484736,FareedB,12514
2026,1331774454493122560,NCAA WILD,5,642578171354484736,FareedB,12521
2026,1331774454493122560,NCAA WILD,5,642578171354484736,FareedB,13281
2026,1331774454493122560,NCAA WILD,5,642578171354484736,FareedB,13293
2026,1331774454493122560,NCAA WILD,5,642578171354484736,FareedB,13400
2026,1331774454493122560,NCAA WILD,5,642578171354484736,FareedB,13545
2026,1331774454493122560,NCAA WILD,5,642578171354484736,FareedB,1479
2026,1331774454493122560,NCAA WILD,5,642578171354484736,FareedB,2216
2026,1331774454493122560,NCAA WILD,5,642578171354484736,FareedB,2307
2026,1331774454493122560,NCAA WILD,5,642578171354484736,FareedB,2309
2026,1331774454493122560,NCAA WILD,5,642578171354484736,FareedB,3200
2026,1331774454493122560,NCAA WILD,5,642578171354484736,FareedB,3286
2026,1331774454493122560,NCAA WILD,5,642578171354484736,FareedB,4351
2026,1331774454493122560,NCAA WILD,5,642578171354484736,FareedB,5695
2026,1331774454493122560,NCAA WILD,5,642578171354484736,FareedB,5854
2026,1331774454493122560,NCAA WILD,5,642578171354484736,FareedB,5870
2026,1331774454493122560,NCAA WILD,5,642578171354484736,FareedB,5938
2026,1331774454493122560,NCAA WILD,5,642578171354484736,FareedB,5967
2026,1331774454493122560,NCAA WILD,5,642578171354484736,FareedB,6768
2026,1331774454493122560,NCAA WILD,5,642578171354484736,FareedB,6824
2026,1331774454493122560,NCAA WILD,5,642578171354484736,FareedB,6847
2026,1331774454493122560,NCAA WILD,5,642578171354484736,FareedB,6931
2026,1331774454493122560,NCAA WILD,5,642578171354484736,FareedB,7525
2026,1331774454493122560,NCAA WILD,5,642578171354484736,FareedB,7526
2026,1331774454493122560,NCAA WILD,5,642578171354484736,FareedB,7527
2026,1331774454493122560,NCAA WILD,5,642578171354484736,FareedB,7585
2026,1331774454493122560,NCAA WILD,5,642578171354484736,FareedB,7588
2026,1331774454493122560,NCAA WILD,5,642578171354484736,FareedB,7594
2026,1331774454493122560,NCAA WILD,5,642578171354484736,FareedB,7891
2026,1331774454493122560,NCAA WILD,5,642578171354484736,FareedB,8110
2026,1331774454493122560,NCAA WILD,5,642578171354484736,FareedB,8131
2026,1331774454493122560,NCAA WILD,5,642578171354484736,FareedB,8188
2026,1331774454493122560,NCAA WILD,5,642578171354484736,FareedB,DEN
2026,1331774454493122560,NCAA WILD,5,642578171354484736,FareedB,NE
2026,1331774454493122560,NCAA WILD,5,642578171354484736,FareedB,SEA
2026,1331774454493122560,NCAA WILD,6,203496917160697856,ThomasHarris,11533
2026,1331774454493122560,NCAA WILD,6,203496917160697856,ThomasHarris,11560
2026,1331774454493122560,NCAA WILD,6,203496917160697856,ThomasHarris,11592
2026,1331774454493122560,NCAA WILD,6,203496917160697856,ThomasHarris,11630
2026,1331774454493122560,NCAA WILD,6,203496917160697856,ThomasHarris,11638
2026,1331774454493122560,NCAA WILD,6,203496917160697856,ThomasHarris,12508
2026,1331774454493122560,NCAA WILD,6,203496917160697856,ThomasHarris,12516
2026,1331774454493122560,NCAA WILD,6,203496917160697856,ThomasHarris,12518
2026,1331774454493122560,NCAA WILD,6,203496917160697856,ThomasHarris,12545
2026,1331774454493122560,NCAA WILD,6,203496917160697856,ThomasHarris,13306
2026,1331774454493122560,NCAA WILD,6,203496917160697856,ThomasHarris,13317
2026,1331774454493122560,NCAA WILD,6,203496917160697856,ThomasHarris,13319
2026,1331774454493122560,NCAA WILD,6,203496917160697856,ThomasHarris,13330
2026,1331774454493122560,NCAA WILD,6,203496917160697856,ThomasHarris,3678
2026,1331774454493122560,NCAA WILD,6,203496917160697856,ThomasHarris,4017
2026,1331774454493122560,NCAA WILD,6,203496917160697856,ThomasHarris,4147
2026,1331774454493122560,NCAA WILD,6,203496917160697856,ThomasHarris,4179
2026,1331774454493122560,NCAA WILD,6,203496917160697856,ThomasHarris,4234
2026,1331774454493122560,NCAA WILD,6,203496917160697856,ThomasHarris,4454
2026,1331774454493122560,NCAA WILD,6,203496917160697856,ThomasHarris,5121
2026,1331774454493122560,NCAA WILD,6,203496917160697856,ThomasHarris,5985
2026,1331774454493122560,NCAA WILD,6,203496917160697856,ThomasHarris,6083
2026,1331774454493122560,NCAA WILD,6,203496917160697856,ThomasHarris,6136
2026,1331774454493122560,NCAA WILD,6,203496917160697856,ThomasHarris,6149
2026,1331774454493122560,NCAA WILD,6,203496917160697856,ThomasHarris,6853
2026,1331774454493122560,NCAA WILD,6,203496917160697856,ThomasHarris,7002
2026,1331774454493122560,NCAA WILD,6,203496917160697856,ThomasHarris,7528
2026,1331774454493122560,NCAA WILD,6,203496917160697856,ThomasHarris,7587
2026,1331774454493122560,NCAA WILD,6,203496917160697856,ThomasHarris,7610
2026,1331774454493122560,NCAA WILD,6,203496917160697856,ThomasHarris,8117
2026,1331774454493122560,NCAA WILD,6,203496917160697856,ThomasHarris,8119
2026,1331774454493122560,NCAA WILD,6,203496917160697856,ThomasHarris,8130
2026,1331774454493122560,NCAA WILD,6,203496917160697856,ThomasHarris,8144
2026,1331774454493122560,NCAA WILD,6,203496917160697856,ThomasHarris,8172
2026,1331774454493122560,NCAA WILD,6,203496917160697856,ThomasHarris,8208
2026,1331774454493122560,NCAA WILD,6,203496917160697856,ThomasHarris,9479
2026,1331774454493122560,NCAA WILD,6,203496917160697856,ThomasHarris,9484
2026,1331774454493122560,NCAA WILD,6,203496917160697856,ThomasHarris,9500
2026,1331774454493122560,NCAA WILD,6,203496917160697856,ThomasHarris,9509
2026,1331774454493122560,NCAA WILD,6,203496917160697856,ThomasHarris,LAR
2026,1331774454493122560,NCAA WILD,6,203496917160697856,ThomasHarris,NO
2026,1331774454493122560,NCAA WILD,6,203496917160697856,ThomasHarris,PIT
2026,1331774454493122560,NCAA WILD,7,1213324396148572161,mrflack,10223
2026,1331774454493122560,NCAA WILD,7,1213324396148572161,mrflack,11589
2026,1331774454493122560,NCAA WILD,7,1213324396148572161,mrflack,11629
2026,1331774454493122560,NCAA WILD,7,1213324396148572161,mrflack,12467
2026,1331774454493122560,NCAA WILD,7,1213324396148572161,mrflack,12469
2026,1331774454493122560,NCAA WILD,7,1213324396148572161,mrflack,12485
2026,1331774454493122560,NCAA WILD,7,1213324396148572161,mrflack,12496
2026,1331774454493122560,NCAA WILD,7,1213324396148572161,mrflack,12502
2026,1331774454493122560,NCAA WILD,7,1213324396148572161,mrflack,12511
2026,1331774454493122560,NCAA WILD,7,1213324396148572161,mrflack,12515
2026,1331774454493122560,NCAA WILD,7,1213324396148572161,mrflack,12519
2026,1331774454493122560,NCAA WILD,7,1213324396148572161,mrflack,12527
2026,1331774454493122560,NCAA WILD,7,1213324396148572161,mrflack,12540
2026,1331774454493122560,NCAA WILD,7,1213324396148572161,mrflack,12738
2026,1331774454493122560,NCAA WILD,7,1213324396148572161,mrflack,13268
2026,1331774454493122560,NCAA WILD,7,1213324396148572161,mrflack,13274
2026,1331774454493122560,NCAA WILD,7,1213324396148572161,mrflack,13287
2026,1331774454493122560,NCAA WILD,7,1213324396148572161,mrflack,13420
2026,1331774454493122560,NCAA WILD,7,1213324396148572161,mrflack,3202
2026,1331774454493122560,NCAA WILD,7,1213324396148572161,mrflack,3451
2026,1331774454493122560,NCAA WILD,7,1213324396148572161,mrflack,4080
2026,1331774454493122560,NCAA WILD,7,1213324396148572161,mrflack,421
2026,1331774454493122560,NCAA WILD,7,1213324396148572161,mrflack,4993
2026,1331774454493122560,NCAA WILD,7,1213324396148572161,mrflack,5001
2026,1331774454493122560,NCAA WILD,7,1213324396148572161,mrflack,6650
2026,1331774454493122560,NCAA WILD,7,1213324396148572161,mrflack,6865
2026,1331774454493122560,NCAA WILD,7,1213324396148572161,mrflack,6945
2026,1331774454493122560,NCAA WILD,7,1213324396148572161,mrflack,7567
2026,1331774454493122560,NCAA WILD,7,1213324396148572161,mrflack,7670
2026,1331774454493122560,NCAA WILD,7,1213324396148572161,mrflack,8135
2026,1331774454493122560,NCAA WILD,7,1213324396148572161,mrflack,8917
2026,1331774454493122560,NCAA WILD,7,1213324396148572161,mrflack,9228
2026,1331774454493122560,NCAA WILD,7,1213324396148572161,mrflack,9494
2026,1331774454493122560,NCAA WILD,7,1213324396148572161,mrflack,9501
2026,1331774454493122560,NCAA WILD,7,1213324396148572161,mrflack,9758
2026,1331774454493122560,NCAA WILD,7,1213324396148572161,mrflack,CAR
2026,1331774454493122560,NCAA WILD,7,1213324396148572161,mrflack,CHI
2026,1331774454493122560,NCAA WILD,8,462714981117325312,lmkl,10444
2026,1331774454493122560,NCAA WILD,8,462714981117325312,lmkl,10867
2026,1331774454493122560,NCAA WILD,8,462714981117325312,lmkl,11370
2026,1331774454493122560,NCAA WILD,8,462714981117325312,lmkl,11571
2026,1331774454493122560,NCAA WILD,8,462714981117325312,lmkl,11596
2026,1331774454493122560,NCAA WILD,8,462714981117325312,lmkl,11599
2026,1331774454493122560,NCAA WILD,8,462714981117325312,lmkl,11600
2026,1331774454493122560,NCAA WILD,8,462714981117325312,lmkl,11616
2026,1331774454493122560,NCAA WILD,8,462714981117325312,lmkl,11620
2026,1331774454493122560,NCAA WILD,8,462714981117325312,lmkl,11628
2026,1331774454493122560,NCAA WILD,8,462714981117325312,lmkl,1166
2026,1331774454493122560,NCAA WILD,8,462714981117325312,lmkl,11729
2026,1331774454493122560,NCAA WILD,8,462714981117325312,lmkl,12048
2026,1331774454493122560,NCAA WILD,8,462714981117325312,lmkl,12543
2026,1331774454493122560,NCAA WILD,8,462714981117325312,lmkl,12641
2026,1331774454493122560,NCAA WILD,8,462714981117325312,lmkl,12670
2026,1331774454493122560,NCAA WILD,8,462714981117325312,lmkl,13288
2026,1331774454493122560,NCAA WILD,8,462714981117325312,lmkl,13298
2026,1331774454493122560,NCAA WILD,8,462714981117325312,lmkl,13301
2026,1331774454493122560,NCAA WILD,8,462714981117325312,lmkl,13423
2026,1331774454493122560,NCAA WILD,8,462714981117325312,lmkl,13533
2026,1331774454493122560,NCAA WILD,8,462714981117325312,lmkl,19
2026,1331774454493122560,NCAA WILD,8,462714981117325312,lmkl,2020
2026,1331774454493122560,NCAA WILD,8,462714981117325312,lmkl,4881
2026,1331774454493122560,NCAA WILD,8,462714981117325312,lmkl,5012
2026,1331774454493122560,NCAA WILD,8,462714981117325312,lmkl,5857
2026,1331774454493122560,NCAA WILD,8,462714981117325312,lmkl,5995
2026,1331774454493122560,NCAA WILD,8,462714981117325312,lmkl,6794
2026,1331774454493122560,NCAA WILD,8,462714981117325312,lmkl,6803
2026,1331774454493122560,NCAA WILD,8,462714981117325312,lmkl,7042
2026,1331774454493122560,NCAA WILD,8,462714981117325312,lmkl,7596
2026,1331774454493122560,NCAA WILD,8,462714981117325312,lmkl,8143
2026,1331774454493122560,NCAA WILD,8,462714981117325312,lmkl,8148
2026,1331774454493122560,NCAA WILD,8,462714981117325312,lmkl,8150
2026,1331774454493122560,NCAA WILD,8,462714981117325312,lmkl,8151
2026,1331774454493122560,NCAA WILD,8,462714981117325312,lmkl,8161
2026,1331774454493122560,NCAA WILD,8,462714981117325312,lmkl,8168
2026,1331774454493122560,NCAA WILD,8,462714981117325312,lmkl,8408
2026,1331774454493122560,NCAA WILD,8,462714981117325312,lmkl,9486
2026,1331774454493122560,NCAA WILD,8,462714981117325312,lmkl,ATL
2026,1331774454493122560,NCAA WILD,8,462714981117325312,lmkl,HOU
2026,1331774454493122560,NCAA WILD,8,462714981117325312,lmkl,IND
2026,1331774454493122560,NCAA WILD,8,462714981117325312,lmkl,MIA
2026,1331774454493122560,NCAA WILD,9,603083535368134656,MrBarryMcCockiner,10232
2026,1331774454493122560,NCAA WILD,9,603083535368134656,MrBarryMcCockiner,10235
2026,1331774454493122560,NCAA WILD,9,603083535368134656,MrBarryMcCockiner,11566
2026,1331774454493122560,NCAA WILD,9,603083535368134656,MrBarryMcCockiner,11597
2026,1331774454493122560,NCAA WILD,9,603083535368134656,MrBarryMcCockiner,11643
2026,1331774454493122560,NCAA WILD,9,603083535368134656,MrBarryMcCockiner,11647
2026,1331774454493122560,NCAA WILD,9,603083535368134656,MrBarryMcCockiner,12487
2026,1331774454493122560,NCAA WILD,9,603083535368134656,MrBarryMcCockiner,12500
2026,1331774454493122560,NCAA WILD,9,603083535368134656,MrBarryMcCockiner,12529
2026,1331774454493122560,NCAA WILD,9,603083535368134656,MrBarryMcCockiner,12536
2026,1331774454493122560,NCAA WILD,9,603083535368134656,MrBarryMcCockiner,13272
2026,1331774454493122560,NCAA WILD,9,603083535368134656,MrBarryMcCockiner,13279
2026,1331774454493122560,NCAA WILD,9,603083535368134656,MrBarryMcCockiner,13345
2026,1331774454493122560,NCAA WILD,9,603083535368134656,MrBarryMcCockiner,13401
2026,1331774454493122560,NCAA WILD,9,603083535368134656,MrBarryMcCockiner,1945
2026,1331774454493122560,NCAA WILD,9,603083535368134656,MrBarryMcCockiner,3161
2026,1331774454493122560,NCAA WILD,9,603083535368134656,MrBarryMcCockiner,3294
2026,1331774454493122560,NCAA WILD,9,603083535368134656,MrBarryMcCockiner,3321
2026,1331774454493122560,NCAA WILD,9,603083535368134656,MrBarryMcCockiner,3634
2026,1331774454493122560,NCAA WILD,9,603083535368134656,MrBarryMcCockiner,4037
2026,1331774454493122560,NCAA WILD,9,603083535368134656,MrBarryMcCockiner,4040
2026,1331774454493122560,NCAA WILD,9,603083535368134656,MrBarryMcCockiner,4199
2026,1331774454493122560,NCAA WILD,9,603083535368134656,MrBarryMcCockiner,4950
2026,1331774454493122560,NCAA WILD,9,603083535368134656,MrBarryMcCockiner,5022
2026,1331774454493122560,NCAA WILD,9,603083535368134656,MrBarryMcCockiner,5119
2026,1331774454493122560,NCAA WILD,9,603083535368134656,MrBarryMcCockiner,6001
2026,1331774454493122560,NCAA WILD,9,603083535368134656,MrBarryMcCockiner,6271
2026,1331774454493122560,NCAA WILD,9,603083535368134656,MrBarryMcCockiner,6820
2026,1331774454493122560,NCAA WILD,9,603083535368134656,MrBarryMcCockiner,7537
2026,1331774454493122560,NCAA WILD,9,603083535368134656,MrBarryMcCockiner,7561
2026,1331774454493122560,NCAA WILD,9,603083535368134656,MrBarryMcCockiner,7565
2026,1331774454493122560,NCAA WILD,9,603083535368134656,MrBarryMcCockiner,7569
2026,1331774454493122560,NCAA WILD,9,603083535368134656,MrBarryMcCockiner,7571
2026,1331774454493122560,NCAA WILD,9,603083535368134656,MrBarryMcCockiner,7597
2026,1331774454493122560,NCAA WILD,9,603083535368134656,MrBarryMcCockiner,7600
2026,1331774454493122560,NCAA WILD,9,603083535368134656,MrBarryMcCockiner,7608
2026,1331774454493122560,NCAA WILD,9,603083535368134656,MrBarryMcCockiner,8112
2026,1331774454493122560,NCAA WILD,9,603083535368134656,MrBarryMcCockiner,8125
2026,1331774454493122560,NCAA WILD,9,603083535368134656,MrBarryMcCockiner,8153
2026,1331774454493122560,NCAA WILD,9,603083535368134656,MrBarryMcCockiner,8154
2026,1331774454493122560,NCAA WILD,9,603083535368134656,MrBarryMcCockiner,8170
2026,1331774454493122560,NCAA WILD,9,603083535368134656,MrBarryMcCockiner,8211
2026,1331774454493122560,NCAA WILD,9,603083535368134656,MrBarryMcCockiner,9753
2026,1331774454493122560,NCAA WILD,9,603083535368134656,MrBarryMcCockiner,9998
2026,1331774454493122560,NCAA WILD,9,603083535368134656,MrBarryMcCockiner,CIN
2026,1331774454493122560,NCAA WILD,9,603083535368134656,MrBarryMcCockiner,DET
2026,1331774454493122560,NCAA WILD,9,603083535368134656,MrBarryMcCockiner,LAC
2026,1331774454493122560,NCAA WILD,10,505166677990699008,olddominion2020,11623
2026,1331774454493122560,NCAA WILD,10,505166677990699008,olddominion2020,11646
2026,1331774454493122560,NCAA WILD,10,505166677990699008,olddominion2020,11834
2026,1331774454493122560,NCAA WILD,10,505166677990699008,olddominion2020,12493
2026,1331774454493122560,NCAA WILD,10,505166677990699008,olddominion2020,12497
2026,1331774454493122560,NCAA WILD,10,505166677990699008,olddominion2020,12504
2026,1331774454493122560,NCAA WILD,10,505166677990699008,olddominion2020,12517
2026,1331774454493122560,NCAA WILD,10,505166677990699008,olddominion2020,12533
2026,1331774454493122560,NCAA WILD,10,505166677990699008,olddominion2020,12534
2026,1331774454493122560,NCAA WILD,10,505166677990699008,olddominion2020,12544
2026,1331774454493122560,NCAA WILD,10,505166677990699008,olddominion2020,12547
2026,1331774454493122560,NCAA WILD,10,505166677990699008,olddominion2020,12713
2026,1331774454493122560,NCAA WILD,10,505166677990699008,olddominion2020,13324
2026,1331774454493122560,NCAA WILD,10,505166677990699008,olddominion2020,13338
2026,1331774454493122560,NCAA WILD,10,505166677990699008,olddominion2020,13347
2026,1331774454493122560,NCAA WILD,10,505166677990699008,olddominion2020,13434
2026,1331774454493122560,NCAA WILD,10,505166677990699008,olddominion2020,3163
2026,1331774454493122560,NCAA WILD,10,505166677990699008,olddominion2020,4035
2026,1331774454493122560,NCAA WILD,10,505166677990699008,olddominion2020,4066
2026,1331774454493122560,NCAA WILD,10,505166677990699008,olddominion2020,4984
2026,1331774454493122560,NCAA WILD,10,505166677990699008,olddominion2020,5189
2026,1331774454493122560,NCAA WILD,10,505166677990699008,olddominion2020,5844
2026,1331774454493122560,NCAA WILD,10,505166677990699008,olddominion2020,5846
2026,1331774454493122560,NCAA WILD,10,505166677990699008,olddominion2020,5872
2026,1331774454493122560,NCAA WILD,10,505166677990699008,olddominion2020,5927
2026,1331774454493122560,NCAA WILD,10,505166677990699008,olddominion2020,6786
2026,1331774454493122560,NCAA WILD,10,505166677990699008,olddominion2020,6797
2026,1331774454493122560,NCAA WILD,10,505166677990699008,olddominion2020,6806
2026,1331774454493122560,NCAA WILD,10,505166677990699008,olddominion2020,6813
2026,1331774454493122560,NCAA WILD,10,505166677990699008,olddominion2020,7543
2026,1331774454493122560,NCAA WILD,10,505166677990699008,olddominion2020,7564
2026,1331774454493122560,NCAA WILD,10,505166677990699008,olddominion2020,7828
2026,1331774454493122560,NCAA WILD,10,505166677990699008,olddominion2020,8136
2026,1331774454493122560,NCAA WILD,10,505166677990699008,olddominion2020,8155
2026,1331774454493122560,NCAA WILD,10,505166677990699008,olddominion2020,9493
2026,1331774454493122560,NCAA WILD,10,505166677990699008,olddominion2020,9506
2026,1331774454493122560,NCAA WILD,10,505166677990699008,olddominion2020,9511
2026,1331774454493122560,NCAA WILD,10,505166677990699008,olddominion2020,9757
2026,1331774454493122560,NCAA WILD,10,505166677990699008,olddominion2020,JAX
2026,1331774454493122560,NCAA WILD,10,505166677990699008,olddominion2020,LV
2026,1331774454493122560,NCAA WILD,10,505166677990699008,olddominion2020,NYJ
2026,1331774454493122560,NCAA WILD,11,1228783119826423808,TheScorer,10218
2026,1331774454493122560,NCAA WILD,11,1228783119826423808,TheScorer,10222
2026,1331774454493122560,NCAA WILD,11,1228783119826423808,TheScorer,10226
2026,1331774454493122560,NCAA WILD,11,1228783119826423808,TheScorer,10236
2026,1331774454493122560,NCAA WILD,11,1228783119826423808,TheScorer,11559
2026,1331774454493122560,NCAA WILD,11,1228783119826423808,TheScorer,11563
2026,1331774454493122560,NCAA WILD,11,1228783119826423808,TheScorer,11579
2026,1331774454493122560,NCAA WILD,11,1228783119826423808,TheScorer,11581
2026,1331774454493122560,NCAA WILD,11,1228783119826423808,TheScorer,11583
2026,1331774454493122560,NCAA WILD,11,1228783119826423808,TheScorer,11586
2026,1331774454493122560,NCAA WILD,11,1228783119826423808,TheScorer,11624
2026,1331774454493122560,NCAA WILD,11,1228783119826423808,TheScorer,11625
2026,1331774454493122560,NCAA WILD,11,1228783119826423808,TheScorer,11627
2026,1331774454493122560,NCAA WILD,11,1228783119826423808,TheScorer,11635
2026,1331774454493122560,NCAA WILD,11,1228783119826423808,TheScorer,11655
2026,1331774454493122560,NCAA WILD,11,1228783119826423808,TheScorer,11783
2026,1331774454493122560,NCAA WILD,11,1228783119826423808,TheScorer,11786
2026,1331774454493122560,NCAA WILD,11,1228783119826423808,TheScorer,12471
2026,1331774454493122560,NCAA WILD,11,1228783119826423808,TheScorer,12474
2026,1331774454493122560,NCAA WILD,11,1228783119826423808,TheScorer,12507
2026,1331774454493122560,NCAA WILD,11,1228783119826423808,TheScorer,12523
2026,1331774454493122560,NCAA WILD,11,1228783119826423808,TheScorer,12531
2026,1331774454493122560,NCAA WILD,11,1228783119826423808,TheScorer,12535
2026,1331774454493122560,NCAA WILD,11,1228783119826423808,TheScorer,13269
2026,1331774454493122560,NCAA WILD,11,1228783119826423808,TheScorer,13320
2026,1331774454493122560,NCAA WILD,11,1228783119826423808,TheScorer,13413
2026,1331774454493122560,NCAA WILD,11,1228783119826423808,TheScorer,4195
2026,1331774454493122560,NCAA WILD,11,1228783119826423808,TheScorer,4983
2026,1331774454493122560,NCAA WILD,11,1228783119826423808,TheScorer,5850
2026,1331774454493122560,NCAA WILD,11,1228783119826423808,TheScorer,8127
2026,1331774454493122560,NCAA WILD,11,1228783119826423808,TheScorer,8138
2026,1331774454493122560,NCAA WILD,11,1228783119826423808,TheScorer,8142
2026,1331774454493122560,NCAA WILD,11,1228783119826423808,TheScorer,8228
2026,1331774454493122560,NCAA WILD,11,1228783119826423808,TheScorer,9225
2026,1331774454493122560,NCAA WILD,11,1228783119826423808,TheScorer,9487
2026,1331774454493122560,NCAA WILD,11,1228783119826423808,TheScorer,9502
2026,1331774454493122560,NCAA WILD,11,1228783119826423808,TheScorer,9508
2026,1331774454493122560,NCAA WILD,11,1228783119826423808,TheScorer,9756
2026,1331774454493122560,NCAA WILD,11,1228783119826423808,TheScorer,PHI
2026,1331774454493122560,NCAA WILD,11,1228783119826423808,TheScorer,SF
2026,1331774454493122560,NCAA WILD,12,448446449538035712,DBGiants,11058
2026,1331774454493122560,NCAA WILD,12,448446449538035712,DBGiants,11237
2026,1331774454493122560,NCAA WILD,12,448446449538035712,DBGiants,11595
2026,1331774454493122560,NCAA WILD,12,448446449538035712,DBGiants,11618
2026,1331774454493122560,NCAA WILD,12,448446449538035712,DBGiants,12481
2026,1331774454493122560,NCAA WILD,12,448446449538035712,DBGiants,12490
2026,1331774454493122560,NCAA WILD,12,448446449538035712,DBGiants,12495
2026,1331774454493122560,NCAA WILD,12,448446449538035712,DBGiants,12501
2026,1331774454493122560,NCAA WILD,12,448446449538035712,DBGiants,12524
2026,1331774454493122560,NCAA WILD,12,448446449538035712,DBGiants,12526
2026,1331774454493122560,NCAA WILD,12,448446449538035712,DBGiants,12897
2026,1331774454493122560,NCAA WILD,12,448446449538035712,DBGiants,13286
2026,1331774454493122560,NCAA WILD,12,448446449538035712,DBGiants,13311
2026,1331774454493122560,NCAA WILD,12,448446449538035712,DBGiants,1348
2026,1331774454493122560,NCAA WILD,12,448446449538035712,DBGiants,2505
2026,1331774454493122560,NCAA WILD,12,448446449538035712,DBGiants,2747
2026,1331774454493122560,NCAA WILD,12,448446449538035712,DBGiants,3271
2026,1331774454493122560,NCAA WILD,12,448446449538035712,DBGiants,4144
2026,1331774454493122560,NCAA WILD,12,448446449538035712,DBGiants,4227
2026,1331774454493122560,NCAA WILD,12,448446449538035712,DBGiants,5848
2026,1331774454493122560,NCAA WILD,12,448446449538035712,DBGiants,5947
2026,1331774454493122560,NCAA WILD,12,448446449538035712,DBGiants,6130
2026,1331774454493122560,NCAA WILD,12,448446449538035712,DBGiants,6783
2026,1331774454493122560,NCAA WILD,12,448446449538035712,DBGiants,6801
2026,1331774454493122560,NCAA WILD,12,448446449538035712,DBGiants,7496
2026,1331774454493122560,NCAA WILD,12,448446449538035712,DBGiants,7523
2026,1331774454493122560,NCAA WILD,12,448446449538035712,DBGiants,7611
2026,1331774454493122560,NCAA WILD,12,448446449538035712,DBGiants,7694
2026,1331774454493122560,NCAA WILD,12,448446449538035712,DBGiants,8111
2026,1331774454493122560,NCAA WILD,12,448446449538035712,DBGiants,8147
2026,1331774454493122560,NCAA WILD,12,448446449538035712,DBGiants,8219
2026,1331774454493122560,NCAA WILD,12,448446449538035712,DBGiants,8225
2026,1331774454493122560,NCAA WILD,12,448446449538035712,DBGiants,8676
2026,1331774454493122560,NCAA WILD,12,448446449538035712,DBGiants,8698
2026,1331774454493122560,NCAA WILD,12,448446449538035712,DBGiants,8800
2026,1331774454493122560,NCAA WILD,12,448446449538035712,DBGiants,9226
2026,1331774454493122560,NCAA WILD,12,448446449538035712,DBGiants,9480
2026,1331774454493122560,NCAA WILD,12,448446449538035712,DBGiants,9497
2026,1331774454493122560,NCAA WILD,12,448446449538035712,DBGiants,96
2026,1331774454493122560,NCAA WILD,12,448446449538035712,DBGiants,KC
2026,1331774454493122560,NCAA WILD,12,448446449538035712,DBGiants,WAS
