Year,LeagueID,LeagueName,Week,TransactionID,Type,RosterIDs,OwnerIDs,Picks,Adds,Drops,Status,Created
2026,1331774915392577536,NCAA ACC,1,1333508171917971456,free_agent,[4],['455836851501002752'],[],,{'5230': 4},complete,1772295632870
2026,1331774915392577536,NCAA ACC,1,1333508237898584064,free_agent,[4],['455836851501002752'],[],,{'12539': 4},complete,1772295648601
2026,1331774915392577536,NCAA ACC,1,1333508273004888064,free_agent,[4],['455836851501002752'],[],,{'11377': 4},complete,1772295656972
2026,1331774915392577536,NCAA ACC,1,1333508302239203328,free_agent,[4],['455836851501002752'],[],,{'2307': 4},complete,1772295663941
2026,1331774915392577536,NCAA ACC,1,1333509157927546880,free_agent,[4],['455836851501002752'],[],{'8161': 4},{'11623': 4},complete,1772295867954
2026,1331774915392577536,NCAA ACC,1,1333509685847814144,free_agent,[4],['455836851501002752'],[],{'12015': 4},{'12472': 4},complete,1772295993820
2026,1331774915392577536,NCAA ACC,1,1333998312096813056,free_agent,[7],['453658285061435392'],[],,{'12471': 7},complete,1772412491395
2026,1331774915392577536,NCAA ACC,1,1334000434909573120,free_agent,[7],['453658285061435392'],[],,{'5987': 7},complete,1772412997513
2026,1331774915392577536,NCAA ACC,1,1334000924498071552,free_agent,[7],['453658285061435392'],[],,{'11630': 7},complete,1772413114240
2026,1331774915392577536,NCAA ACC,1,1345277864878026752,free_agent,[11],['458070829909929984'],[],,{'6945': 11},complete,1775101746343
2026,1331774915392577536,NCAA ACC,1,1345278040413863936,free_agent,[11],['458070829909929984'],[],,{'8211': 11},complete,1775101788193
2026,1331774915392577536,NCAA ACC,1,1345278167857758208,free_agent,[11],['458070829909929984'],[],,{'3200': 11},complete,1775101818579
2026,1331774915392577536,NCAA ACC,1,1345279909362139136,free_agent,[12],['302575527556825088'],[],,{'13074': 12},complete,1775102233785
2026,1331774915392577536,NCAA ACC,1,1345279957395333120,free_agent,[12],['302575527556825088'],[],{'10216': 12},{'12496': 12},complete,1775102245237
2026,1331774915392577536,NCAA ACC,1,1350292752054620160,free_agent,[12],['302575527556825088'],[],{'12462': 12},{'4381': 12},complete,1776297388617
2026,1331774915392577536,NCAA ACC,1,1350292954421428224,free_agent,[12],['302575527556825088'],[],{'11821': 12},{'11599': 12},complete,1776297436865
2026,1331774915392577536,NCAA ACC,1,1357802517555089408,free_agent,[5],['468618720470626304'],[],,{'5985': 5},complete,1778087856238
2026,1331774915392577536,NCAA ACC,1,1357802607816511488,free_agent,[5],['468618720470626304'],[],,{'6001': 5},complete,1778087877758
2026,1331774915392577536,NCAA ACC,1,1357802680172412928,free_agent,[5],['468618720470626304'],[],,{'5086': 5},complete,1778087895009
2026,1331774915392577536,NCAA ACC,1,1357825028141371392,free_agent,[3],['870105403659309056'],[],,{'12688': 3},complete,1778093223180
2026,1331774915392577536,NCAA ACC,1,1357825114158174208,free_agent,[3],['870105403659309056'],[],,{'1234': 3},complete,1778093243687
2026,1331774915392577536,NCAA ACC,1,1357825149415477248,free_agent,[3],['870105403659309056'],[],,{'503': 3},complete,1778093252093
2026,1331774915392577536,NCAA ACC,1,1357825216964751360,free_agent,[3],['870105403659309056'],[],,{'3202': 3},complete,1778093268198
2026,1331774915392577536,NCAA ACC,1,1358321641062432768,free_agent,[10],['1357479935924510720'],[],,{'8230': 10},complete,1778211624926
2026,1331774915392577536,NCAA ACC,1,1358321729692246016,free_agent,[10],['1357479935924510720'],[],,{'12690': 10},complete,1778211646057
2026,1331774915392577536,NCAA ACC,1,1358321978825523200,free_agent,[10],['1357479935924510720'],[],,{'8139': 10},complete,1778211705456
2026,1331774915392577536,NCAA ACC,1,1359004944501334016,trade,"[5, 10]","['468618720470626304', '1357479935924510720']","[{'round': 2, 'season': '2026', 'league_id': None, 'roster_id': 5, 'owner_id': 10, 'previous_owner_id': 5}, {'round': 1, 'season': '2027', 'league_id': None, 'roster_id': 5, 'owner_id': 10, 'previous_owner_id': 5}]","{'7543': 10, '7569': 5, '8144': 5}","{'7543': 5, '7569': 10, '8144': 10}",complete,1778374537162
2026,1331774915392577536,NCAA ACC,1,1362521502636838912,trade,"[4, 10]","['455836851501002752', '1357479935924510720']","[{'round': 3, 'season': '2026', 'league_id': None, 'roster_id': 7, 'owner_id': 10, 'previous_owner_id': 4}]","{'12514': 4, '12545': 10}","{'12514': 10, '12545': 4}",complete,1779212949956
2026,1331774915392577536,NCAA ACC,1,1362600699170422784,free_agent,[5],['468618720470626304'],[],,{'5880': 5},complete,1779231831881
2026,1331774915392577536,NCAA ACC,1,1362600886605467648,free_agent,[5],['468618720470626304'],[],,{'10857': 5},complete,1779231876569
2026,1331774915392577536,NCAA ACC,1,1363005989128798208,trade,"[4, 10]","['455836851501002752', '1357479935924510720']",[],{'9504': 10},{'9504': 4},complete,1779328460537
2026,1331774915392577536,NCAA ACC,1,1363585863358873600,trade,"[8, 10]","['456168604006608896', '1357479935924510720']","[{'round': 1, 'season': '2026', 'league_id': None, 'roster_id': 10, 'owner_id': 8, 'previous_owner_id': 10}, {'round': 2, 'season': '2026', 'league_id': None, 'roster_id': 5, 'owner_id': 8, 'previous_owner_id': 10}, {'round': 1, 'season': '2027', 'league_id': None, 'roster_id': 5, 'owner_id': 8, 'previous_owner_id': 10}, {'round': 1, 'season': '2026', 'league_id': None, 'roster_id': 8, 'owner_id': 10, 'previous_owner_id': 8}]",,,complete,1779466713327
2026,1331774915392577536,NCAA ACC,1,1363586023778451456,free_agent,[8],['456168604006608896'],[],,{'1689': 8},complete,1779466751573
2026,1331774915392577536,NCAA ACC,1,1363586245409644544,free_agent,[8],['456168604006608896'],[],,{'11598': 8},complete,1779466804415
2026,1331774915392577536,NCAA ACC,1,1363611969029943296,free_agent,[3],['870105403659309056'],[],{'6789': 3},{'7595': 3},complete,1779472937403
2026,1331774915392577536,NCAA ACC,1,1364431069188730880,trade,"[4, 5]","['455836851501002752', '468618720470626304']","[{'round': 3, 'season': '2026', 'league_id': None, 'roster_id': 5, 'owner_id': 4, 'previous_owner_id': 5}]","{'12484': 4, '4983': 5}","{'12484': 5, '4983': 4}",complete,1779668226100
2026,1331774915392577536,NCAA ACC,1,1366206058703384576,trade,"[1, 4]","['571754879825395712', '455836851501002752']","[{'round': 2, 'season': '2026', 'league_id': None, 'roster_id': 1, 'owner_id': 4, 'previous_owner_id': 1}]","{'5012': 1, '7571': 1}","{'5012': 4, '7571': 4}",complete,1780091416578
2026,1331774915392577536,NCAA ACC,1,1366220027841253376,trade,"[2, 6]","['568115266901286912', '463453800313647104']","[{'round': 1, 'season': '2026', 'league_id': None, 'roster_id': 2, 'owner_id': 6, 'previous_owner_id': 2}, {'round': 1, 'season': '2026', 'league_id': None, 'roster_id': 6, 'owner_id': 2, 'previous_owner_id': 6}, {'round': 4, 'season': '2026', 'league_id': None, 'roster_id': 6, 'owner_id': 2, 'previous_owner_id': 6}]","{'5892': 2, '9228': 6}","{'5892': 6, '9228': 2}",complete,1780094747080
2026,1331774915392577536,NCAA ACC,1,1366511207921487872,free_agent,[3],['870105403659309056'],[],,{'5096': 3},complete,1780164169820
2026,1331774915392577536,NCAA ACC,1,1367115233465737216,trade,"[2, 3]","['568115266901286912', '870105403659309056']","[{'round': 2, 'season': '2026', 'league_id': None, 'roster_id': 2, 'owner_id': 3, 'previous_owner_id': 2}]","{'7553': 2, '8205': 3}","{'7553': 3, '8205': 2}",complete,1780308180733
2026,1331774915392577536,NCAA ACC,1,1367253955955920896,free_agent,[3],['870105403659309056'],[],,{'6528': 3},complete,1780341254751
2026,1331774915392577536,NCAA ACC,1,1367254029893128192,free_agent,[3],['870105403659309056'],[],,{'11608': 3},complete,1780341272379
2026,1331774915392577536,NCAA ACC,1,1367254088135221248,free_agent,[3],['870105403659309056'],[],,{'11994': 3},complete,1780341286265
2026,1331774915392577536,NCAA ACC,1,1367254109333245952,free_agent,[3],['870105403659309056'],[],,{'6154': 3},complete,1780341291319
2026,1331774915392577536,NCAA ACC,1,1367255232974721024,free_agent,[3],['870105403659309056'],[],,{'12523': 3},complete,1780341559216
2026,1331774915392577536,NCAA ACC,1,1367255390831529984,free_agent,[3],['870105403659309056'],[],,{'12516': 3},complete,1780341596852
2026,1331774915392577536,NCAA ACC,1,1367368053070786560,trade,"[3, 5]","['870105403659309056', '468618720470626304']","[{'round': 3, 'season': '2026', 'league_id': None, 'roster_id': 4, 'owner_id': 5, 'previous_owner_id': 3}, {'round': 4, 'season': '2026', 'league_id': None, 'roster_id': 5, 'owner_id': 3, 'previous_owner_id': 5}]",{'8136': 3},{'8136': 5},complete,1780368457624
2026,1331774915392577536,NCAA ACC,1,1367583981238767616,free_agent,[2],['568115266901286912'],[],,{'3269': 2},complete,1780419938911
2026,1331774915392577536,NCAA ACC,1,1367584090206801920,free_agent,[2],['568115266901286912'],[],,{'4234': 2},complete,1780419964890
2026,1331774915392577536,NCAA ACC,1,1367584338434084864,trade,"[3, 4]","['870105403659309056', '455836851501002752']","[{'round': 3, 'season': '2026', 'league_id': None, 'roster_id': 3, 'owner_id': 4, 'previous_owner_id': 3}, {'round': 4, 'season': '2026', 'league_id': None, 'roster_id': 4, 'owner_id': 3, 'previous_owner_id': 4}, {'round': 3, 'season': '2026', 'league_id': None, 'roster_id': 5, 'owner_id': 3, 'previous_owner_id': 4}, {'round': 4, 'season': '2026', 'league_id': None, 'roster_id': 5, 'owner_id': 4, 'previous_owner_id': 3}]",,,complete,1780420024073
2026,1331774915392577536,NCAA ACC,1,1367661568329789440,commissioner,[10],['1357479935924510720'],[],{'13401': 10},,complete,1780438437114
2026,1331774915392577536,NCAA ACC,1,1367751910127312896,free_agent,[10],['1357479935924510720'],[],,{'8145': 10},complete,1780459976278
2026,1331774915392577536,NCAA ACC,1,1367942707644751872,trade,"[1, 4]","['571754879825395712', '455836851501002752']","[{'round': 4, 'season': '2026', 'league_id': None, 'roster_id': 1, 'owner_id': 4, 'previous_owner_id': 1}]","{'12547': 1, '12961': 1}","{'12547': 4, '12961': 4}",complete,1780505465952
2026,1331774915392577536,NCAA ACC,1,1368071432218636288,free_agent,[3],['870105403659309056'],[],,{'7670': 3},complete,1780536156280
2026,1331774915392577536,NCAA ACC,1,1368402775154622464,free_agent,[7],['453658285061435392'],[],,{'7608': 7},complete,1780615154592
2026,1331774915392577536,NCAA ACC,1,1368403252051185664,free_agent,[7],['453658285061435392'],[],,{'6938': 7},complete,1780615268293
2026,1331774915392577536,NCAA ACC,1,1368404519574044672,free_agent,[11],['458070829909929984'],[],,{'7601': 11},complete,1780615570495
2026,1331774915392577536,NCAA ACC,1,1368404546342113280,free_agent,[11],['458070829909929984'],[],,{'4082': 11},complete,1780615576876
2026,1331774915392577536,NCAA ACC,1,1368404550456709120,free_agent,[1],['571754879825395712'],[],,{'2161': 1},complete,1780615577857
2026,1331774915392577536,NCAA ACC,1,1368404601212014592,free_agent,[11],['458070829909929984'],[],,{'4171': 11},complete,1780615589958
2026,1331774915392577536,NCAA ACC,1,1368404608505888768,free_agent,[1],['571754879825395712'],[],,{'5122': 1},complete,1780615591697
2026,1331774915392577536,NCAA ACC,1,1368404919807119360,free_agent,[11],['458070829909929984'],[],,{'9220': 11},complete,1780615665917
2026,1331774915392577536,NCAA ACC,1,1368404970965045248,free_agent,[11],['458070829909929984'],[],,{'6151': 11},complete,1780615678114
2026,1331774915392577536,NCAA ACC,1,1368405110891229184,free_agent,[1],['571754879825395712'],[],,{'5915': 1},complete,1780615711476
2026,1331774915392577536,NCAA ACC,1,1368405577033613312,free_agent,[1],['571754879825395712'],[],,{'8140': 1},complete,1780615822613
2026,1331774915392577536,NCAA ACC,1,1368406179243364352,free_agent,[1],['571754879825395712'],[],,{'8223': 1},complete,1780615966190
2026,1331774915392577536,NCAA ACC,1,1368406542595936256,free_agent,[1],['571754879825395712'],[],,{'4080': 1},complete,1780616052821
2026,1331774915392577536,NCAA ACC,1,1368414333591105536,free_agent,[8],['456168604006608896'],[],,{'1837': 8},complete,1780617910338
2026,1331774915392577536,NCAA ACC,1,1368415359425585152,free_agent,[8],['456168604006608896'],[],,{'7538': 8},complete,1780618154916
2026,1331774915392577536,NCAA ACC,1,1368415462831955968,free_agent,[8],['456168604006608896'],[],,{'7565': 8},complete,1780618179570
2026,1331774915392577536,NCAA ACC,1,1368415597402034176,free_agent,[8],['456168604006608896'],[],,{'2197': 8},complete,1780618211655
2026,1331774915392577536,NCAA ACC,1,1368415690901438464,free_agent,[9],['668318967567323136'],[],,{'7568': 9},complete,1780618233946
2026,1331774915392577536,NCAA ACC,1,1368415778512064512,free_agent,[9],['668318967567323136'],[],,{'9497': 9},complete,1780618254835
2026,1331774915392577536,NCAA ACC,1,1368415801022889984,free_agent,[9],['668318967567323136'],[],,{'5374': 9},complete,1780618260201
2026,1331774915392577536,NCAA ACC,1,1368459940116561920,free_agent,[5],['468618720470626304'],[],,{'17': 5},complete,1780628783781
2026,1331774915392577536,NCAA ACC,1,1368648025567662080,free_agent,[10],['1357479935924510720'],[],,{'8123': 10},complete,1780673626847
2026,1331774915392577536,NCAA ACC,1,1368648625848074240,free_agent,[10],['1357479935924510720'],[],,{'4219': 10},complete,1780673769966
2026,1331774915392577536,NCAA ACC,1,1368648878471012352,free_agent,[10],['1357479935924510720'],[],,{'10867': 10},complete,1780673830195
2026,1331774915392577536,NCAA ACC,1,1368648922414735360,free_agent,[10],['1357479935924510720'],[],,{'12699': 10},complete,1780673840673
2026,1331774915392577536,NCAA ACC,1,1368649519150936064,free_agent,[10],['1357479935924510720'],[],,{'7562': 10},complete,1780673982945
2026,1331774915392577536,NCAA ACC,1,1368699075913854976,waiver,[8],['456168604006608896'],[],{'13296': 8},,complete,1780685798199
2026,1331774915392577536,NCAA ACC,1,1368699315744149504,waiver,[4],['455836851501002752'],[],{'13303': 4},{'11651': 4},complete,1780685855379
2026,1331774915392577536,NCAA ACC,1,1368699774735233024,waiver,[8],['456168604006608896'],[],{'13324': 8},,failed,1780685964810
2026,1331774915392577536,NCAA ACC,1,1368699814539186176,waiver,[8],['456168604006608896'],[],{'13303': 8},,failed,1780685974300
2026,1331774915392577536,NCAA ACC,1,1368699816950906880,waiver,[7],['453658285061435392'],[],{'2078': 7},{'5938': 7},complete,1780685974876
2026,1331774915392577536,NCAA ACC,1,1368700105607122944,waiver,[4],['455836851501002752'],[],{'13324': 4},,failed,1780686043697
2026,1331774915392577536,NCAA ACC,1,1368700246628007936,waiver,[4],['455836851501002752'],[],{'13324': 4},,failed,1780686077319
2026,1331774915392577536,NCAA ACC,1,1368700277909114880,waiver,[4],['455836851501002752'],[],{'13408': 4},,complete,1780686084777
2026,1331774915392577536,NCAA ACC,1,1368700508117696512,waiver,[4],['455836851501002752'],[],{'13296': 4},,failed,1780686139663
2026,1331774915392577536,NCAA ACC,1,1368700516887977984,waiver,[4],['455836851501002752'],[],{'13296': 4},,failed,1780686141753
2026,1331774915392577536,NCAA ACC,1,1368700590305058816,waiver,[4],['455836851501002752'],[],{'13270': 4},,failed,1780686159258
2026,1331774915392577536,NCAA ACC,1,1368700601277382656,waiver,[4],['455836851501002752'],[],{'13270': 4},,failed,1780686161873
2026,1331774915392577536,NCAA ACC,1,1368700815174303744,waiver,[4],['455836851501002752'],[],{'7562': 4},,failed,1780686212870
2026,1331774915392577536,NCAA ACC,1,1368700844765097984,waiver,[4],['455836851501002752'],[],{'13394': 4},,failed,1780686219925
2026,1331774915392577536,NCAA ACC,1,1368700875689705472,waiver,[4],['455836851501002752'],[],{'12634': 4},,failed,1780686227298
2026,1331774915392577536,NCAA ACC,1,1368701225419157504,waiver,[4],['455836851501002752'],[],{'12471': 4},,failed,1780686310680
2026,1331774915392577536,NCAA ACC,1,1368701241172971520,waiver,[4],['455836851501002752'],[],{'13424': 4},,failed,1780686314436
2026,1331774915392577536,NCAA ACC,1,1368701478864183296,waiver,[4],['455836851501002752'],[],{'13338': 4},,failed,1780686371106
2026,1331774915392577536,NCAA ACC,1,1368702226817617920,waiver,[4],['455836851501002752'],[],{'13424': 4},,failed,1780686549433
2026,1331774915392577536,NCAA ACC,1,1368702277136711680,waiver,[4],['455836851501002752'],[],{'13403': 4},,failed,1780686561430
2026,1331774915392577536,NCAA ACC,1,1368708507641077760,waiver,[3],['870105403659309056'],[],{'13303': 3},,failed,1780688046897
2026,1331774915392577536,NCAA ACC,1,1368708930003288064,waiver,[3],['870105403659309056'],[],{'13309': 3},{'1379': 3},complete,1780688147597
2026,1331774915392577536,NCAA ACC,1,1368709168571125760,waiver,[3],['870105403659309056'],[],{'13324': 3},{'11261': 3},complete,1780688204475
2026,1331774915392577536,NCAA ACC,1,1368956308396445696,waiver,[11],['458070829909929984'],[],{'13424': 11},,complete,1780747127202
2026,1331774915392577536,NCAA ACC,1,1369215019706777600,waiver,[3],['870105403659309056'],[],{'13419': 3},{'11299': 3},complete,1780808808785
2026,1331774915392577536,NCAA ACC,1,1369215468946079744,waiver,[3],['870105403659309056'],[],{'13392': 3},{'12670': 3},complete,1780808915892
2026,1331774915392577536,NCAA ACC,1,1369401983718424576,waiver,[4],['455836851501002752'],[],{'12471': 4},{'11592': 4},complete,1780853384479
2026,1331774915392577536,NCAA ACC,1,1369753746225000448,waiver,[3],['870105403659309056'],[],{'13413': 3},{'6789': 3},complete,1780937251197
2026,1331774915392577536,NCAA ACC,1,1373734620725518336,waiver,[10],['1357479935924510720'],[],{'11145': 10},{'6083': 10},complete,1781886365638
2026,1331774915392577536,NCAA ACC,1,1373735167893438464,waiver,[10],['1357479935924510720'],[],{'11145': 10},,failed,1781886496092
2026,1331774915392577536,NCAA ACC,1,1373739145716862976,free_agent,[10],['1357479935924510720'],[],,{'96': 10},complete,1781887444480
2026,1331774915392577536,NCAA ACC,1,1373739284476985344,waiver,[8],['456168604006608896'],[],{'96': 8},,complete,1781887477563
2026,1331774915392577536,NCAA ACC,1,1373752245144801280,waiver,[4],['455836851501002752'],[],{'96': 4},,failed,1781890567627
2026,1331774915392577536,NCAA ACC,1,1380917511045799936,waiver,[3],['870105403659309056'],[],{'13329': 3},{'12500': 3},complete,1783598900141
2026,1331774915392577536,NCAA ACC,1,1384365789368299520,free_agent,[1],['571754879825395712'],[],,{'6805': 1},complete,1784421033759
2026,1331774915392577536,NCAA ACC,1,1384365875418640384,free_agent,[1],['571754879825395712'],[],,{'3423': 1},complete,1784421054275
2026,1331774915392577536,NCAA ACC,1,1389326848931958784,waiver,[4],['455836851501002752'],[],{'11630': 4},,complete,1785603842532
2026,1331774915392577536,NCAA ACC,1,1390042726241685504,waiver,[3],['870105403659309056'],[],{'13270': 3},{'13309': 3},complete,1785774520983
2026,1331774915392577536,NCAA ACC,1,1390898625755750400,waiver,[10],['1357479935924510720'],[],{'13533': 10},,complete,1785978583329
2026,1331774915392577536,NCAA ACC,1,1392672993414500352,waiver,[3],['870105403659309056'],[],{'7608': 3},,complete,1786401625545
2026,1331774915392577536,NCAA ACC,1,1393008719679209472,waiver,[8],['456168604006608896'],[],{'13403': 8},,complete,1786481668924
2026,1331774915392577536,NCAA ACC,1,1393008776570748928,waiver,[8],['456168604006608896'],[],{'11651': 8},{'11619': 8},complete,1786481682487
2026,1331774915392577536,NCAA ACC,1,1394748987243782144,free_agent,[2],['568115266901286912'],[],,{'1433': 2},complete,1786896581043
2026,1331774915392577536,NCAA ACC,1,1394749159570968576,free_agent,[2],['568115266901286912'],[],,{'2749': 2},complete,1786896622130
2026,1331774915392577536,NCAA ACC,1,1396702717782556672,free_agent,[7],['453658285061435392'],[],,{'4988': 7},complete,1787362386702
2026,1331774915392577536,NCAA ACC,1,1396703289332011008,waiver,[7],['453658285061435392'],[],{'3200': 7},,complete,1787362522971
2026,1331774915392577536,NCAA ACC,1,1397083082065993728,waiver,[3],['870105403659309056'],[],{'13602': 3},{'12470': 3},complete,1787453072614
2026,1331774915392577536,NCAA ACC,1,1397784307518480384,waiver,[7],['453658285061435392'],[],{'11557': 7},,complete,1787620257790
2026,1331774915392577536,NCAA ACC,1,1398138462799958016,free_agent,[3],['870105403659309056'],[],,{'13392': 3},complete,1787704694990
2026,1331774915392577536,NCAA ACC,1,1398138552176398336,waiver,[3],['870105403659309056'],[],{'13477': 3},,complete,1787704716299
2026,1331774915392577536,NCAA ACC,1,1399895982883233792,waiver,[4],['455836851501002752'],[],{'11237': 4},,complete,1788123720431
2026,1331774915392577536,NCAA ACC,1,1400542233559638016,waiver,[3],['870105403659309056'],[],{'13425': 3},,complete,1788277798599
2026,1331774915392577536,NCAA ACC,1,1400542271094435840,waiver,[3],['870105403659309056'],[],{'13264': 3},,complete,1788277807547
2026,1331774915392577536,NCAA ACC,1,1400542490146156544,free_agent,[3],['870105403659309056'],[],,{'13419': 3},complete,1788277859773
2026,1331774915392577536,NCAA ACC,1,1400605652044271616,waiver,[7],['453658285061435392'],[],{'12494': 7},{'7561': 7},complete,1788292918744
2026,1331774915392577536,NCAA ACC,1,1401245712624164864,free_agent,[6],['463453800313647104'],[],,{'5209': 6},complete,1788445521078
2026,1331774915392577536,NCAA ACC,1,1401245735386673152,free_agent,[6],['463453800313647104'],[],,{'9490': 6},complete,1788445526505
2026,1331774915392577536,NCAA ACC,1,1401245768513253376,free_agent,[6],['463453800313647104'],[],,{'7606': 6},complete,1788445534402
2026,1331774915392577536,NCAA ACC,1,1401245800931004416,free_agent,[6],['463453800313647104'],[],,{'5010': 6},complete,1788445542131
2026,1331774915392577536,NCAA ACC,1,1401245841653530624,free_agent,[6],['463453800313647104'],[],,{'2474': 6},complete,1788445551840
2026,1331774915392577536,NCAA ACC,1,1401245885513379840,free_agent,[6],['463453800313647104'],[],,{'12750': 6},complete,1788445562298
2026,1331774915392577536,NCAA ACC,1,1401246337126670336,free_agent,[6],['463453800313647104'],[],,{'2750': 6},complete,1788445669971
2026,1331774915392577536,NCAA ACC,1,1401246506710757376,free_agent,[6],['463453800313647104'],[],,{'8670': 6},complete,1788445710403
2026,1331774915392577536,NCAA ACC,1,1401246656300593152,waiver,[6],['463453800313647104'],[],{'6083': 6},,complete,1788445746068
2026,1331774915392577536,NCAA ACC,1,1401246672452857856,waiver,[6],['463453800313647104'],[],{'13833': 6},,complete,1788445749919
2026,1331774915392577536,NCAA ACC,1,1401327755634728960,free_agent,[10],['1357479935924510720'],[],,{'12738': 10},complete,1788465081656
2026,1331774915392577536,NCAA ACC,1,1402853529919488000,waiver,[7],['453658285061435392'],[],{'13338': 7},{'6149': 7},complete,1788828854592
2026,1331774915392577536,NCAA ACC,1,1403075925221900288,free_agent,[10],['1357479935924510720'],[],,{'11145': 10},complete,1788881877764
2026,1331774915392577536,NCAA ACC,1,1403484873364103168,waiver,[3],['870105403659309056'],[],{'13968': 3},,complete,1788979378600
2026,1331774915392577536,NCAA ACC,1,1403567401152364544,free_agent,[12],['302575527556825088'],[],,{'11439': 12},complete,1788999054758
2026,1331774915392577536,NCAA ACC,1,1403567492844011520,free_agent,[12],['302575527556825088'],[],,{'5119': 12},complete,1788999076618
2026,1331774915392577536,NCAA ACC,1,1403567561429299200,free_agent,[12],['302575527556825088'],[],,{'11789': 12},complete,1788999092970
2026,1331774915392577536,NCAA ACC,1,1404889180344987648,free_agent,[12],['302575527556825088'],[],{'4574': 12},,complete,1789314191474
2026,1331774915392577536,NCAA ACC,1,1404892173790384128,free_agent,[4],['455836851501002752'],[],{'11592': 4},{'13408': 4},complete,1789314905168
2026,1331774915392577536,NCAA ACC,2,1405728174649737216,free_agent,[12],['302575527556825088'],[],{'5119': 12},,complete,1789514223304
2026,1331774915392577536,NCAA ACC,2,1405728195499569152,free_agent,[12],['302575527556825088'],[],{'5854': 12},,complete,1789514228275
2026,1331774915392577536,NCAA ACC,2,1405748144007819264,free_agent,[5],['468618720470626304'],[],{'12472': 5},,complete,1789518984370
2026,1331774915392577536,NCAA ACC,2,1407436619979440128,free_agent,[4],['455836851501002752'],[],{'12718': 4},{'12457': 4},complete,1789921548412
2026,1331774915392577536,NCAA ACC,2,1407529652427186176,free_agent,[9],['668318967567323136'],[],{'11256': 9},,complete,1789943729076
2026,1331774915392577536,NCAA ACC,2,1407640600211152896,free_agent,[9],['668318967567323136'],[],{'2307': 9},,complete,1789970181089
2026,1331774915392577536,NCAA ACC,2,1407741082900402176,free_agent,[8],['456168604006608896'],[],,{'13403': 8},complete,1789994138029
2026,1331774915392577536,NCAA ACC,2,1407741128169541632,free_agent,[8],['456168604006608896'],[],,{'11640': 8},complete,1789994148823
2026,1331774915392577536,NCAA ACC,3,1408092914524987392,free_agent,[5],['468618720470626304'],[],{'11608': 5},,complete,1790078021225
2026,1331774915392577536,NCAA ACC,3,1408155334094209024,free_agent,[3],['870105403659309056'],[],{'3155': 3},{'7608': 3},complete,1790092903210
2026,1331774915392577536,NCAA ACC,3,1408521882218627072,free_agent,[11],['458070829909929984'],[],{'6828': 11},,complete,1790180295093
2026,1331774915392577536,NCAA ACC,4,1410770959698300928,free_agent,[4],['455836851501002752'],[],{'13394': 4},{'12471': 4},complete,1790716516951
2026,1331774915392577536,NCAA ACC,4,1410771153676447744,free_agent,[4],['455836851501002752'],[],{'13277': 4},,complete,1790716563199
2026,1331774915392577536,NCAA ACC,4,1411528681100169216,free_agent,[7],['453658285061435392'],[],{'7039': 7},{'2078': 7},complete,1790897171810
2026,1331774915392577536,NCAA ACC,4,1411912103886872576,trade,"[1, 4]","['571754879825395712', '455836851501002752']","[{'round': 3, 'season': '2027', 'league_id': None, 'roster_id': 1, 'owner_id': 4, 'previous_owner_id': 1}]",{'5967': 1},{'5967': 4},complete,1790988586927
2026,1331774915392577536,NCAA ACC,4,1411913737039847424,free_agent,[1],['571754879825395712'],[],,{'4233': 1},complete,1790988976300
2026,1331774915392577536,NCAA ACC,4,1412167480687792128,free_agent,[4],['455836851501002752'],[],{'12496': 4},,complete,1791049473501
2026,1331774915392577536,NCAA ACC,5,1413168978754281472,free_agent,[2],['568115266901286912'],[],{'13150': 2},,complete,1791288249246
2026,1316899936696016896,NCAA BIG 10,1,1333357859324297216,free_agent,[9],['559208653427675136'],[],,{'6960': 9},complete,1772259795555
2026,1316899936696016896,NCAA BIG 10,1,1333357915976765440,free_agent,[9],['559208653427675136'],[],,{'5096': 9},complete,1772259809062
2026,1316899936696016896,NCAA BIG 10,1,1333357946557456384,free_agent,[9],['559208653427675136'],[],,{'6943': 9},complete,1772259816353
2026,1316899936696016896,NCAA BIG 10,1,1333357973036101632,free_agent,[9],['559208653427675136'],[],,{'5955': 9},complete,1772259822666
2026,1316899936696016896,NCAA BIG 10,1,1352357796573626368,free_agent,[9],['559208653427675136'],[],,{'827': 9},complete,1776789733598
2026,1316899936696016896,NCAA BIG 10,1,1353976849385943040,free_agent,[6],['460511267564548096'],[],,{'11716': 6},complete,1777175745868
2026,1316899936696016896,NCAA BIG 10,1,1354530599850774528,free_agent,[6],['460511267564548096'],[],,{'1234': 6},complete,1777307770267
2026,1316899936696016896,NCAA BIG 10,1,1354542107422920704,free_agent,[11],['471056290550902784'],[],,{'4179': 11},complete,1777310513887
2026,1316899936696016896,NCAA BIG 10,1,1354542439599198208,free_agent,[11],['471056290550902784'],[],,{'5230': 11},complete,1777310593083
2026,1316899936696016896,NCAA BIG 10,1,1354542496746586112,free_agent,[11],['471056290550902784'],[],,{'8932': 11},complete,1777310606709
2026,1316899936696016896,NCAA BIG 10,1,1354543210793304064,free_agent,[11],['471056290550902784'],[],,{'10866': 11},complete,1777310776950
2026,1316899936696016896,NCAA BIG 10,1,1355040219253981184,free_agent,[4],['1354967293209083904'],[],,{'6268': 4},complete,1777429273001
2026,1316899936696016896,NCAA BIG 10,1,1355040321779552256,free_agent,[4],['1354967293209083904'],[],,{'6805': 4},complete,1777429297446
2026,1316899936696016896,NCAA BIG 10,1,1355040351475232768,free_agent,[4],['1354967293209083904'],[],,{'3582': 4},complete,1777429304526
2026,1316899936696016896,NCAA BIG 10,1,1355040373512105984,free_agent,[4],['1354967293209083904'],[],,{'4068': 4},complete,1777429309779
2026,1316899936696016896,NCAA BIG 10,1,1355040402163400704,free_agent,[4],['1354967293209083904'],[],,{'8475': 4},complete,1777429316610
2026,1316899936696016896,NCAA BIG 10,1,1355040442843955200,free_agent,[4],['1354967293209083904'],[],,{'4054': 4},complete,1777429326310
2026,1316899936696016896,NCAA BIG 10,1,1355040484992491520,free_agent,[4],['1354967293209083904'],[],,{'5133': 4},complete,1777429336358
2026,1316899936696016896,NCAA BIG 10,1,1355040544765534208,free_agent,[4],['1354967293209083904'],[],,{'11599': 4},complete,1777429350609
2026,1316899936696016896,NCAA BIG 10,1,1365086560566915072,commissioner,[2],['438178170542223360'],[],{'13302': 2},,complete,1779824507423
2026,1316899936696016896,NCAA BIG 10,1,1365086593492221952,commissioner,[6],['460511267564548096'],[],{'13275': 6},,complete,1779824515272
2026,1316899936696016896,NCAA BIG 10,1,1365171571852836864,commissioner,[12],['443870183853912064'],[],{'13293': 12},,complete,1779844775692
2026,1316899936696016896,NCAA BIG 10,1,1365603722285035520,commissioner,[11],['471056290550902784'],[],{'13347': 11},,complete,1779947808385
2026,1316899936696016896,NCAA BIG 10,1,1365603757731086336,commissioner,[9],['559208653427675136'],[],{'13380': 9},,complete,1779947816835
2026,1316899936696016896,NCAA BIG 10,1,1368364988359520256,free_agent,[7],['460518714907815936'],[],,{'12412': 7},complete,1780606145518
2026,1316899936696016896,NCAA BIG 10,1,1368365051148267520,free_agent,[7],['460518714907815936'],[],,{'8145': 7},complete,1780606160488
2026,1316899936696016896,NCAA BIG 10,1,1368365205075038208,free_agent,[7],['460518714907815936'],[],,{'12516': 7},complete,1780606197187
2026,1316899936696016896,NCAA BIG 10,1,1368365510541979648,free_agent,[7],['460518714907815936'],[],,{'2307': 7},complete,1780606270016
2026,1316899936696016896,NCAA BIG 10,1,1368434399615422464,free_agent,[8],['998438693570539520'],[],,{'503': 8},complete,1780622694451
2026,1316899936696016896,NCAA BIG 10,1,1368434437934555136,free_agent,[8],['998438693570539520'],[],,{'5189': 8},complete,1780622703587
2026,1316899936696016896,NCAA BIG 10,1,1368434468037103616,free_agent,[8],['998438693570539520'],[],,{'3271': 8},complete,1780622710764
2026,1316899936696016896,NCAA BIG 10,1,1368434491558731776,free_agent,[8],['998438693570539520'],[],,{'7554': 8},complete,1780622716373
2026,1316899936696016896,NCAA BIG 10,1,1368434528250519552,free_agent,[8],['998438693570539520'],[],,{'11629': 8},complete,1780622725121
2026,1316899936696016896,NCAA BIG 10,1,1368434567366610944,free_agent,[8],['998438693570539520'],[],,{'4351': 8},complete,1780622734447
2026,1316899936696016896,NCAA BIG 10,1,1368434587989983232,free_agent,[8],['998438693570539520'],[],,{'1689': 8},complete,1780622739363
2026,1316899936696016896,NCAA BIG 10,1,1368434612975472640,free_agent,[8],['998438693570539520'],[],,{'3200': 8},complete,1780622745320
2026,1316899936696016896,NCAA BIG 10,1,1368434648199200769,free_agent,[8],['998438693570539520'],[],,{'8254': 8},complete,1780622753719
2026,1316899936696016896,NCAA BIG 10,1,1368434671817351168,free_agent,[8],['998438693570539520'],[],,{'6945': 8},complete,1780622759349
2026,1316899936696016896,NCAA BIG 10,1,1368434694944731136,free_agent,[8],['998438693570539520'],[],,{'10234': 8},complete,1780622764863
2026,1316899936696016896,NCAA BIG 10,1,1368434753698529280,free_agent,[8],['998438693570539520'],[],{'2078': 8},,complete,1780622778872
2026,1316899936696016896,NCAA BIG 10,1,1368434906929041408,free_agent,[8],['998438693570539520'],[],{'13413': 8},,complete,1780622815404
2026,1316899936696016896,NCAA BIG 10,1,1368434925052624896,free_agent,[8],['998438693570539520'],[],{'13424': 8},,complete,1780622819725
2026,1316899936696016896,NCAA BIG 10,1,1368434946963677184,free_agent,[8],['998438693570539520'],[],{'13306': 8},,complete,1780622824949
2026,1316899936696016896,NCAA BIG 10,1,1368434971609432064,free_agent,[8],['998438693570539520'],[],{'13392': 8},,complete,1780622830825
2026,1316899936696016896,NCAA BIG 10,1,1368435062114103296,free_agent,[8],['998438693570539520'],[],{'13477': 8},,complete,1780622852403
2026,1316899936696016896,NCAA BIG 10,1,1368435267957956608,free_agent,[2],['438178170542223360'],[],,{'8122': 2},complete,1780622901481
2026,1316899936696016896,NCAA BIG 10,1,1368435288086441984,free_agent,[2],['438178170542223360'],[],,{'6845': 2},complete,1780622906279
2026,1316899936696016896,NCAA BIG 10,1,1368435309204733952,free_agent,[2],['438178170542223360'],[],,{'7607': 2},complete,1780622911315
2026,1316899936696016896,NCAA BIG 10,1,1368435339777028096,free_agent,[2],['438178170542223360'],[],,{'12539': 2},complete,1780622918603
2026,1316899936696016896,NCAA BIG 10,1,1368435445725159424,free_agent,[2],['438178170542223360'],[],,{'7596': 2},complete,1780622943863
2026,1316899936696016896,NCAA BIG 10,1,1368435470748352512,free_agent,[2],['438178170542223360'],[],,{'10225': 2},complete,1780622949829
2026,1316899936696016896,NCAA BIG 10,1,1368435502549565440,free_agent,[2],['438178170542223360'],[],,{'11579': 2},complete,1780622957411
2026,1316899936696016896,NCAA BIG 10,1,1368435608623550464,free_agent,[2],['438178170542223360'],[],,{'12471': 2},complete,1780622982701
2026,1316899936696016896,NCAA BIG 10,1,1368435682577518592,free_agent,[8],['998438693570539520'],[],{'8800': 8},,complete,1780623000334
2026,1316899936696016896,NCAA BIG 10,1,1368436098702782464,free_agent,[8],['998438693570539520'],[],,{'7812': 8},complete,1780623099545
2026,1316899936696016896,NCAA BIG 10,1,1368436320694718464,free_agent,[8],['998438693570539520'],[],,{'13413': 8},complete,1780623152472
2026,1316899936696016896,NCAA BIG 10,1,1368436346074451968,free_agent,[8],['998438693570539520'],[],,{'13424': 8},complete,1780623158524
2026,1316899936696016896,NCAA BIG 10,1,1368436368136495104,free_agent,[8],['998438693570539520'],[],,{'13306': 8},complete,1780623163783
2026,1316899936696016896,NCAA BIG 10,1,1368436390961901568,free_agent,[8],['998438693570539520'],[],,{'13392': 8},complete,1780623169225
2026,1316899936696016896,NCAA BIG 10,1,1368436410528313344,free_agent,[8],['998438693570539520'],[],,{'13477': 8},complete,1780623173891
2026,1316899936696016896,NCAA BIG 10,1,1368439988844265472,free_agent,[11],['471056290550902784'],[],,{'4171': 11},complete,1780624027027
2026,1316899936696016896,NCAA BIG 10,1,1368440200941817856,free_agent,[11],['471056290550902784'],[],,{'11748': 11},complete,1780624077596
2026,1316899936696016896,NCAA BIG 10,1,1368441863991738368,free_agent,[11],['471056290550902784'],[],,{'6151': 11},complete,1780624474097
2026,1316899936696016896,NCAA BIG 10,1,1368443187332419584,free_agent,[11],['471056290550902784'],[],,{'2505': 11},complete,1780624789607
2026,1316899936696016896,NCAA BIG 10,1,1368444295941480448,free_agent,[11],['471056290550902784'],[],,{'3286': 11},complete,1780625053920
2026,1316899936696016896,NCAA BIG 10,1,1368444395833036800,free_agent,[11],['471056290550902784'],[],,{'12478': 11},complete,1780625077735
2026,1316899936696016896,NCAA BIG 10,1,1368595843891892224,free_agent,[9],['559208653427675136'],[],,{'5938': 9},complete,1780661185767
2026,1316899936696016896,NCAA BIG 10,1,1368699853407797248,free_agent,[7],['460518714907815936'],[],,{'6820': 7},complete,1780685983568
2026,1316899936696016896,NCAA BIG 10,1,1368699903974309888,free_agent,[7],['460518714907815936'],[],,{'6853': 7},complete,1780685995623
2026,1316899936696016896,NCAA BIG 10,1,1368700062032490496,free_agent,[7],['460518714907815936'],[],,{'5086': 7},complete,1780686033308
2026,1316899936696016896,NCAA BIG 10,1,1369137530162667520,free_agent,[6],['460511267564548096'],[],,{'10223': 6},complete,1780790333837
2026,1316899936696016896,NCAA BIG 10,1,1369137794605125632,free_agent,[6],['460511267564548096'],[],,{'9227': 6},complete,1780790396885
2026,1316899936696016896,NCAA BIG 10,1,1369352791172079616,free_agent,[10],['459225788735025152'],[],,{'7612': 10},complete,1780841656061
2026,1316899936696016896,NCAA BIG 10,1,1369352811355078656,free_agent,[10],['459225788735025152'],[],,{'8118': 10},complete,1780841660873
2026,1316899936696016896,NCAA BIG 10,1,1369352880288456704,free_agent,[10],['459225788735025152'],[],,{'6798': 10},complete,1780841677308
2026,1316899936696016896,NCAA BIG 10,1,1369352931312177152,free_agent,[10],['459225788735025152'],[],,{'4718': 10},complete,1780841689473
2026,1316899936696016896,NCAA BIG 10,1,1369353216185081856,free_agent,[10],['459225788735025152'],[],,{'9499': 10},complete,1780841757392
2026,1316899936696016896,NCAA BIG 10,1,1369353307268587520,free_agent,[10],['459225788735025152'],[],,{'17': 10},complete,1780841779108
2026,1316899936696016896,NCAA BIG 10,1,1369353340986601472,free_agent,[10],['459225788735025152'],[],{'5189': 10},{'11261': 10},complete,1780841787148
2026,1316899936696016896,NCAA BIG 10,1,1369353411727720448,free_agent,[10],['459225788735025152'],[],{'8258': 10},{'6427': 10},complete,1780841804013
2026,1316899936696016896,NCAA BIG 10,1,1375452656704708608,free_agent,[12],['443870183853912064'],[],,{'4082': 12},complete,1782295977334
2026,1316899936696016896,NCAA BIG 10,1,1375452752267706368,free_agent,[12],['443870183853912064'],[],,{'5010': 12},complete,1782296000118
2026,1316899936696016896,NCAA BIG 10,1,1375453069524897792,free_agent,[12],['443870183853912064'],[],,{'4234': 12},complete,1782296075758
2026,1316899936696016896,NCAA BIG 10,1,1383525622759829504,free_agent,[2],['438178170542223360'],[],{'8172': 2},{'11650': 2},complete,1784220722430
2026,1316899936696016896,NCAA BIG 10,1,1383668385476263936,free_agent,[5],['856759599565475840'],[],,{'7593': 5},complete,1784254759715
2026,1316899936696016896,NCAA BIG 10,1,1383668503407525888,free_agent,[5],['856759599565475840'],[],,{'7066': 5},complete,1784254787831
2026,1316899936696016896,NCAA BIG 10,1,1383668530964090880,free_agent,[5],['856759599565475840'],[],,{'5185': 5},complete,1784254794401
2026,1316899936696016896,NCAA BIG 10,1,1383668943645859840,free_agent,[5],['856759599565475840'],[],,{'8670': 5},complete,1784254892792
2026,1316899936696016896,NCAA BIG 10,1,1383669164736008192,free_agent,[5],['856759599565475840'],[],,{'11619': 5},complete,1784254945504
2026,1316899936696016896,NCAA BIG 10,1,1388504186529783808,free_agent,[12],['443870183853912064'],[],,{'12515': 12},complete,1785407704531
2026,1316899936696016896,NCAA BIG 10,1,1388504297678835712,free_agent,[12],['443870183853912064'],[],,{'11645': 12},complete,1785407731030
2026,1316899936696016896,NCAA BIG 10,1,1388504559160131584,free_agent,[12],['443870183853912064'],[],{'6865': 12},,complete,1785407793372
2026,1316899936696016896,NCAA BIG 10,1,1388951506232840192,free_agent,[2],['438178170542223360'],[],{'13413': 2},{'11569': 2},complete,1785514353858
2026,1316899936696016896,NCAA BIG 10,1,1388963393037164544,free_agent,[9],['559208653427675136'],[],{'13602': 9},,complete,1785517187893
2026,1316899936696016896,NCAA BIG 10,1,1388964176931590144,free_agent,[9],['559208653427675136'],[],{'13329': 9},{'1426': 9},complete,1785517374788
2026,1316899936696016896,NCAA BIG 10,1,1388995644546371584,free_agent,[9],['559208653427675136'],[],{'13424': 9},,complete,1785524877252
2026,1316899936696016896,NCAA BIG 10,1,1398290958352703488,free_agent,[3],['437465313911500800'],[],,{'1348': 3},complete,1787741052762
2026,1316899936696016896,NCAA BIG 10,1,1398291232106541056,free_agent,[3],['437465313911500800'],[],,{'4666': 3},complete,1787741118030
2026,1316899936696016896,NCAA BIG 10,1,1398291374134042624,free_agent,[3],['437465313911500800'],[],,{'6938': 3},complete,1787741151892
2026,1316899936696016896,NCAA BIG 10,1,1398291702036328448,free_agent,[3],['437465313911500800'],[],{'2505': 3},{'11616': 3},complete,1787741230071
2026,1316899936696016896,NCAA BIG 10,1,1398291771934441472,free_agent,[3],['437465313911500800'],[],{'13533': 3},{'12542': 3},complete,1787741246735
2026,1316899936696016896,NCAA BIG 10,1,1398292036582440960,free_agent,[3],['437465313911500800'],[],{'11261': 3},{'8208': 3},complete,1787741309832
2026,1316899936696016896,NCAA BIG 10,1,1398292447913627648,free_agent,[3],['437465313911500800'],[],{'11370': 3},{'11640': 3},complete,1787741407901
2026,1316899936696016896,NCAA BIG 10,1,1398782380348612608,free_agent,[2],['438178170542223360'],[],{'11569': 2},{'11562': 2},complete,1787858216897
2026,1316899936696016896,NCAA BIG 10,1,1399878327824556032,free_agent,[9],['559208653427675136'],[],{'11237': 9},,complete,1788119511136
2026,1316899936696016896,NCAA BIG 10,1,1399878710563176448,free_agent,[9],['559208653427675136'],[],,{'11299': 9},complete,1788119602389
2026,1316899936696016896,NCAA BIG 10,1,1399878933687640064,free_agent,[9],['559208653427675136'],[],{'12048': 9},,complete,1788119655585
2026,1316899936696016896,NCAA BIG 10,1,1399939706296274944,free_agent,[9],['559208653427675136'],[],,{'11789': 9},complete,1788134144904
2026,1316899936696016896,NCAA BIG 10,1,1400153854481305600,free_agent,[10],['459225788735025152'],[],{'13833': 10},,complete,1788185201811
2026,1316899936696016896,NCAA BIG 10,1,1400154047897473024,free_agent,[10],['459225788735025152'],[],,{'8258': 10},complete,1788185247925
2026,1316899936696016896,NCAA BIG 10,1,1400154081565138944,free_agent,[10],['459225788735025152'],[],,{'7601': 10},complete,1788185255952
2026,1316899936696016896,NCAA BIG 10,1,1400154269566386176,free_agent,[10],['459225788735025152'],[],{'13307': 10},,complete,1788185300774
2026,1316899936696016896,NCAA BIG 10,1,1400190232615251968,free_agent,[6],['460511267564548096'],[],,{'12718': 6},complete,1788193875033
2026,1316899936696016896,NCAA BIG 10,1,1400190708194758656,free_agent,[6],['460511267564548096'],[],,{'11199': 6},complete,1788193988421
2026,1316899936696016896,NCAA BIG 10,1,1400191335985606656,trade,"[5, 6]","['856759599565475840', '460511267564548096']","[{'round': 3, 'season': '2027', 'league_id': None, 'roster_id': 6, 'owner_id': 5, 'previous_owner_id': 6}]",{'3214': 6},{'3214': 5},complete,1788194138097
2026,1316899936696016896,NCAA BIG 10,1,1400223226394652672,free_agent,[5],['856759599565475840'],[],{'8127': 5},{'4663': 5},complete,1788201741363
2026,1316899936696016896,NCAA BIG 10,1,1400943835021836288,free_agent,[9],['559208653427675136'],[],,{'8160': 9},complete,1788373547849
2026,1316899936696016896,NCAA BIG 10,1,1400943862511341568,free_agent,[9],['559208653427675136'],[],,{'19': 9},complete,1788373554402
2026,1316899936696016896,NCAA BIG 10,1,1400944072650162176,free_agent,[9],['559208653427675136'],[],{'13264': 9},,complete,1788373604504
2026,1316899936696016896,NCAA BIG 10,1,1400944130078601216,free_agent,[9],['559208653427675136'],[],{'12494': 9},,complete,1788373618195
2026,1316899936696016896,NCAA BIG 10,1,1400945047771348992,free_agent,[2],['438178170542223360'],[],{'13968': 2},{'4233': 2},complete,1788373836991
2026,1316899936696016896,NCAA BIG 10,1,1400967530524229632,free_agent,[12],['443870183853912064'],[],{'13491': 12},,complete,1788379197296
2026,1316899936696016896,NCAA BIG 10,1,1401407262299279360,free_agent,[6],['460511267564548096'],[],,{'7538': 6},complete,1788484037521
2026,1316899936696016896,NCAA BIG 10,1,1401659121501024256,free_agent,[12],['443870183853912064'],[],,{'13357': 12},complete,1788544085435
2026,1316899936696016896,NCAA BIG 10,1,1401659389911293952,free_agent,[12],['443870183853912064'],[],{'13297': 12},,complete,1788544149428
2026,1316899936696016896,NCAA BIG 10,1,1402049846147293184,free_agent,[6],['460511267564548096'],[],,{'4098': 6},complete,1788637241450
2026,1316899936696016896,NCAA BIG 10,1,1402698245779533824,free_agent,[10],['459225788735025152'],[],,{'12476': 10},complete,1788791831968
2026,1316899936696016896,NCAA BIG 10,1,1402744109394870272,free_agent,[9],['559208653427675136'],[],{'11579': 9},,complete,1788802766706
2026,1316899936696016896,NCAA BIG 10,1,1403523713676161024,free_agent,[1],['465720627639087104'],[],,{'4988': 1},complete,1788988638851
2026,1316899936696016896,NCAA BIG 10,1,1404893811183722496,free_agent,[1],['465720627639087104'],[],{'4574': 1},{'10863': 1},complete,1789315295553
2026,1316899936696016896,NCAA BIG 10,1,1404944143599304704,free_agent,[6],['460511267564548096'],[],{'3634': 6},{'6828': 6},complete,1789327295736
2026,1316899936696016896,NCAA BIG 10,1,1405020155251015680,free_agent,[9],['559208653427675136'],[],{'3286': 9},{'11994': 9},complete,1789345418326
2026,1316899936696016896,NCAA BIG 10,2,1405838398186422272,free_agent,[1],['465720627639087104'],[],,{'11058': 1},complete,1789540502643
2026,1316899936696016896,NCAA BIG 10,2,1405838476724748288,free_agent,[1],['465720627639087104'],[],,{'3269': 1},complete,1789540521368
2026,1316899936696016896,NCAA BIG 10,2,1405838665753571328,free_agent,[1],['465720627639087104'],[],,{'8202': 1},complete,1789540566436
2026,1316899936696016896,NCAA BIG 10,2,1405838741079121920,free_agent,[1],['465720627639087104'],[],,{'5113': 1},complete,1789540584396
2026,1316899936696016896,NCAA BIG 10,2,1405838951264047104,free_agent,[1],['465720627639087104'],[],{'12472': 1},,complete,1789540634507
2026,1316899936696016896,NCAA BIG 10,2,1406200830490689536,free_agent,[7],['460518714907815936'],[],{'5854': 7},,complete,1789626913238
2026,1316899936696016896,NCAA BIG 10,2,1406383308069212160,free_agent,[12],['443870183853912064'],[],{'13324': 12},,complete,1789670419283
2026,1316899936696016896,NCAA BIG 10,2,1406455127430205440,free_agent,[1],['465720627639087104'],[],,{'2374': 1},complete,1789687542353
2026,1316899936696016896,NCAA BIG 10,3,1408247519841976320,free_agent,[1],['465720627639087104'],[],,{'4018': 1},complete,1790114882005
2026,1316899936696016896,NCAA BIG 10,3,1408247560983924736,free_agent,[1],['465720627639087104'],[],,{'8220': 1},complete,1790114891815
2026,1316899936696016896,NCAA BIG 10,3,1409218164436332544,free_agent,[12],['443870183853912064'],[],{'2307': 12},{'6011': 12},complete,1790346301710
2026,1316899936696016896,NCAA BIG 10,3,1409578830355599360,free_agent,[10],['459225788735025152'],[],{'1737': 10},,complete,1790432291166
2026,1316899936696016896,NCAA BIG 10,4,1411089885925793792,free_agent,[7],['460518714907815936'],[],{'3271': 7},,complete,1790792554888
2026,1316899936696016896,NCAA BIG 10,4,1411089911406215168,free_agent,[7],['460518714907815936'],[],{'6828': 7},,complete,1790792560964
2026,1316899936696016896,NCAA BIG 10,4,1411371985082097664,free_agent,[7],['460518714907815936'],[],{'12718': 7},,complete,1790859812568
2026,1316899936696016896,NCAA BIG 10,4,1411372231778402304,free_agent,[7],['460518714907815936'],[],,{'11653': 7},complete,1790859871386
2026,1316899936696016896,NCAA BIG 10,4,1412481592579903488,free_agent,[6],['460511267564548096'],[],{'13425': 6},,complete,1791124363611
2026,1316899936696016896,NCAA BIG 10,4,1412481800122470400,free_agent,[6],['460511267564548096'],[],{'13277': 6},,complete,1791124413093
2026,1316899936696016896,NCAA BIG 10,4,1412481867415851008,free_agent,[6],['460511267564548096'],[],{'8207': 6},,complete,1791124429138
2026,1316899936696016896,NCAA BIG 10,4,1412482317846405120,free_agent,[6],['460511267564548096'],[],{'13150': 6},,complete,1791124536529
2026,1316899936696016896,NCAA BIG 10,4,1412517527354941440,free_agent,[7],['460518714907815936'],[],{'4663': 7},,complete,1791132931130
2026,1316899936696016896,NCAA BIG 10,4,1412550331929317376,free_agent,[1],['465720627639087104'],[],{'11157': 1},,complete,1791140752349
2026,1331774880181399552,NCAA BIG 12,1,1332714856721158144,free_agent,[8],['543929284962770944'],[],,{'11806': 8},complete,1772106491788
2026,1331774880181399552,NCAA BIG 12,1,1332715023268605952,free_agent,[8],['543929284962770944'],[],,{'8177': 8},complete,1772106531497
2026,1331774880181399552,NCAA BIG 12,1,1332715049579454464,free_agent,[8],['543929284962770944'],[],,{'8145': 8},complete,1772106537770
2026,1331774880181399552,NCAA BIG 12,1,1332715801794326528,free_agent,[8],['543929284962770944'],[],,{'5185': 8},complete,1772106717111
2026,1331774880181399552,NCAA BIG 12,1,1336814587613294592,free_agent,[11],['619190004979138560'],[],,{'2749': 11},complete,1773083943802
2026,1331774880181399552,NCAA BIG 12,1,1338003267103264768,free_agent,[4],['425362114291437568'],[],,{'11588': 4},complete,1773367347077
2026,1331774880181399552,NCAA BIG 12,1,1338003311395082240,free_agent,[4],['425362114291437568'],[],,{'8800': 4},complete,1773367357638
2026,1331774880181399552,NCAA BIG 12,1,1338003427547959296,free_agent,[4],['425362114291437568'],[],,{'6151': 4},complete,1773367385331
2026,1331774880181399552,NCAA BIG 12,1,1348442742371393536,free_agent,[5],['464117743042424832'],[],,{'827': 5},complete,1775856311937
2026,1331774880181399552,NCAA BIG 12,1,1348442808704327680,free_agent,[5],['464117743042424832'],[],,{'8207': 5},complete,1775856327752
2026,1331774880181399552,NCAA BIG 12,1,1348442900010123264,free_agent,[5],['464117743042424832'],[],,{'2306': 5},complete,1775856349521
2026,1331774880181399552,NCAA BIG 12,1,1348442965269282816,free_agent,[5],['464117743042424832'],[],,{'7601': 5},complete,1775856365080
2026,1331774880181399552,NCAA BIG 12,1,1348446105150447616,free_agent,[4],['425362114291437568'],[],{'11821': 4},{'8200': 4},complete,1775857113687
2026,1331774880181399552,NCAA BIG 12,1,1351160942620082176,free_agent,[7],['425386065373691904'],[],,{'11577': 7},complete,1776504381378
2026,1331774880181399552,NCAA BIG 12,1,1351160973125259264,free_agent,[7],['425386065373691904'],[],,{'12496': 7},complete,1776504388652
2026,1331774880181399552,NCAA BIG 12,1,1355930676066541568,free_agent,[11],['619190004979138560'],[],,{'11605': 11},complete,1777641574449
2026,1331774880181399552,NCAA BIG 12,1,1355930728344326144,free_agent,[11],['619190004979138560'],[],,{'3269': 11},complete,1777641586913
2026,1331774880181399552,NCAA BIG 12,1,1355930770048286720,free_agent,[11],['619190004979138560'],[],,{'12539': 11},complete,1777641596856
2026,1331774880181399552,NCAA BIG 12,1,1355930889820835840,free_agent,[11],['619190004979138560'],[],,{'11599': 11},complete,1777641625412
2026,1331774880181399552,NCAA BIG 12,1,1357210042591375360,free_agent,[6],['335910160469880832'],[],,{'1689': 6},complete,1777946599198
2026,1331774880181399552,NCAA BIG 12,1,1357210074820390912,free_agent,[6],['335910160469880832'],[],,{'2374': 6},complete,1777946606882
2026,1331774880181399552,NCAA BIG 12,1,1357973452899749888,free_agent,[6],['335910160469880832'],[],,{'5121': 6},complete,1778128610399
2026,1331774880181399552,NCAA BIG 12,1,1359252724884983808,trade,"[2, 9]","['667752373111824384', '453711063846744064']","[{'round': 1, 'season': '2026', 'league_id': None, 'roster_id': 12, 'owner_id': 2, 'previous_owner_id': 9}, {'round': 1, 'season': '2026', 'league_id': None, 'roster_id': 2, 'owner_id': 9, 'previous_owner_id': 2}]","{'4035': 9, '4892': 9, '8676': 2}","{'4035': 2, '4892': 2, '8676': 9}",complete,1778433612609
2026,1331774880181399552,NCAA BIG 12,1,1359442995899830272,free_agent,[9],['453711063846744064'],[],,{'6598': 9},complete,1778478976754
2026,1331774880181399552,NCAA BIG 12,1,1359443044037832704,free_agent,[9],['453711063846744064'],[],,{'7593': 9},complete,1778478988231
2026,1331774880181399552,NCAA BIG 12,1,1359443085129428992,free_agent,[9],['453711063846744064'],[],,{'6938': 9},complete,1778478998027
2026,1331774880181399552,NCAA BIG 12,1,1359443130998358016,free_agent,[9],['453711063846744064'],[],,{'10862': 9},complete,1778479008963
2026,1331774880181399552,NCAA BIG 12,1,1359578062148096000,trade,"[5, 7]","['464117743042424832', '425386065373691904']","[{'round': 2, 'season': '2026', 'league_id': None, 'roster_id': 2, 'owner_id': 7, 'previous_owner_id': 5}, {'round': 2, 'season': '2026', 'league_id': None, 'roster_id': 5, 'owner_id': 7, 'previous_owner_id': 5}, {'round': 1, 'season': '2026', 'league_id': None, 'roster_id': 7, 'owner_id': 5, 'previous_owner_id': 7}]",,,complete,1778511179056
2026,1331774880181399552,NCAA BIG 12,1,1359713086742728704,trade,"[5, 8]","['464117743042424832', '543929284962770944']",[],"{'10859': 5, '5849': 8, '6790': 8, '8210': 5}","{'10859': 8, '5849': 5, '6790': 5, '8210': 8}",complete,1778543371429
2026,1331774880181399552,NCAA BIG 12,1,1359725349977464832,trade,"[4, 9]","['425362114291437568', '453711063846744064']","[{'round': 1, 'season': '2026', 'league_id': None, 'roster_id': 2, 'owner_id': 4, 'previous_owner_id': 9}, {'round': 2, 'season': '2026', 'league_id': None, 'roster_id': 4, 'owner_id': 9, 'previous_owner_id': 4}, {'round': 2, 'season': '2026', 'league_id': None, 'roster_id': 9, 'owner_id': 4, 'previous_owner_id': 9}, {'round': 4, 'season': '2027', 'league_id': None, 'roster_id': 9, 'owner_id': 4, 'previous_owner_id': 9}, {'round': 4, 'season': '2028', 'league_id': None, 'roster_id': 9, 'owner_id': 4, 'previous_owner_id': 9}]",{'12506': 9},{'12506': 4},complete,1778546295212
2026,1331774880181399552,NCAA BIG 12,1,1359789090328821760,free_agent,[6],['335910160469880832'],[],,{'5985': 6},complete,1778561492095
2026,1331774880181399552,NCAA BIG 12,1,1359789309212778496,free_agent,[6],['335910160469880832'],[],,{'6869': 6},complete,1778561544281
2026,1331774880181399552,NCAA BIG 12,1,1359789690537938944,free_agent,[6],['335910160469880832'],[],,{'6853': 6},complete,1778561635196
2026,1331774880181399552,NCAA BIG 12,1,1359789868544200704,free_agent,[6],['335910160469880832'],[],,{'5086': 6},complete,1778561677636
2026,1331774880181399552,NCAA BIG 12,1,1361561095608750080,commissioner,[3],['533541056352481280'],[],{'13353': 3},,complete,1778983971077
2026,1331774880181399552,NCAA BIG 12,1,1362077383510728704,commissioner,[8],['543929284962770944'],[],{'13302': 8},,complete,1779107063705
2026,1331774880181399552,NCAA BIG 12,1,1362077418189246464,commissioner,[4],['425362114291437568'],[],{'13405': 4},,complete,1779107071972
2026,1331774880181399552,NCAA BIG 12,1,1363614967005216768,free_agent,[6],['335910160469880832'],[],,{'10216': 6},complete,1779473652176
2026,1331774880181399552,NCAA BIG 12,1,1363615246459101184,free_agent,[6],['335910160469880832'],[],,{'4381': 6},complete,1779473718803
2026,1331774880181399552,NCAA BIG 12,1,1363615559081541632,free_agent,[7],['425386065373691904'],[],,{'17': 7},complete,1779473793338
2026,1331774880181399552,NCAA BIG 12,1,1363615672701030400,free_agent,[7],['425386065373691904'],[],,{'12503': 7},complete,1779473820428
2026,1331774880181399552,NCAA BIG 12,1,1363615699708153856,free_agent,[7],['425386065373691904'],[],,{'11439': 7},complete,1779473826866
2026,1331774880181399552,NCAA BIG 12,1,1363615738962657280,free_agent,[6],['335910160469880832'],[],,{'12462': 6},complete,1779473836225
2026,1331774880181399552,NCAA BIG 12,1,1363615829182140416,free_agent,[4],['425362114291437568'],[],,{'11821': 4},complete,1779473857736
2026,1331774880181399552,NCAA BIG 12,1,1363615832097198080,free_agent,[6],['335910160469880832'],[],,{'11068': 6},complete,1779473858430
2026,1331774880181399552,NCAA BIG 12,1,1363615862195490816,free_agent,[7],['425386065373691904'],[],,{'4666': 7},complete,1779473865606
2026,1331774880181399552,NCAA BIG 12,1,1363615906873221120,free_agent,[4],['425362114291437568'],[],,{'11608': 4},complete,1779473876259
2026,1331774880181399552,NCAA BIG 12,1,1363615952826036224,free_agent,[4],['425362114291437568'],[],,{'2505': 4},complete,1779473887214
2026,1331774880181399552,NCAA BIG 12,1,1363615962451939328,free_agent,[6],['335910160469880832'],[],{'13434': 6},,complete,1779473889509
2026,1331774880181399552,NCAA BIG 12,1,1363616019565785088,free_agent,[4],['425362114291437568'],[],,{'1433': 4},complete,1779473903127
2026,1331774880181399552,NCAA BIG 12,1,1363616145239736320,free_agent,[7],['425386065373691904'],[],,{'12486': 7},complete,1779473933090
2026,1331774880181399552,NCAA BIG 12,1,1363616182506127360,free_agent,[4],['425362114291437568'],[],,{'1339': 4},complete,1779473941975
2026,1331774880181399552,NCAA BIG 12,1,1363616220548452352,free_agent,[6],['335910160469880832'],[],,{'13434': 6},complete,1779473951044
2026,1331774880181399552,NCAA BIG 12,1,1363792652104912896,free_agent,[12],['820771678849171456'],[],,{'8139': 12},complete,1779516015605
2026,1331774880181399552,NCAA BIG 12,1,1363792687240577024,free_agent,[12],['820771678849171456'],[],,{'12868': 12},complete,1779516023982
2026,1331774880181399552,NCAA BIG 12,1,1363792875678072832,free_agent,[12],['820771678849171456'],[],,{'4171': 12},complete,1779516068910
2026,1331774880181399552,NCAA BIG 12,1,1363792965398466560,free_agent,[12],['820771678849171456'],[],,{'4082': 12},complete,1779516090300
2026,1331774880181399552,NCAA BIG 12,1,1363829555709636608,free_agent,[9],['453711063846744064'],[],,{'6960': 9},complete,1779524814110
2026,1331774880181399552,NCAA BIG 12,1,1364021353421770752,commissioner,[8],['543929284962770944'],[],{'13296': 8},,complete,1779570542249
2026,1331774880181399552,NCAA BIG 12,1,1364385066397999104,waiver,[4],['425362114291437568'],[],{'13411': 4},,complete,1779657258180
2026,1331774880181399552,NCAA BIG 12,1,1364385122001907712,waiver,[4],['425362114291437568'],[],{'13413': 4},,failed,1779657271436
2026,1331774880181399552,NCAA BIG 12,1,1364385193414127616,waiver,[4],['425362114291437568'],[],{'13333': 4},,failed,1779657288463
2026,1331774880181399552,NCAA BIG 12,1,1364385315288002560,waiver,[4],['425362114291437568'],[],{'13348': 4},{'11569': 4},complete,1779657317519
2026,1331774880181399552,NCAA BIG 12,1,1364511616514658304,free_agent,[12],['820771678849171456'],[],,{'8583': 12},complete,1779687430079
2026,1331774880181399552,NCAA BIG 12,1,1364511671254548480,free_agent,[12],['820771678849171456'],[],,{'4314': 12},complete,1779687443129
2026,1331774880181399552,NCAA BIG 12,1,1364512145600974848,waiver,[12],['820771678849171456'],[],{'13434': 12},,complete,1779687556224
2026,1331774880181399552,NCAA BIG 12,1,1364512606689185792,waiver,[12],['820771678849171456'],[],{'13413': 12},{'7565': 12},complete,1779687666155
2026,1331774880181399552,NCAA BIG 12,1,1364513251773124608,waiver,[12],['820771678849171456'],[],{'13324': 12},{'5374': 12},complete,1779687819954
2026,1331774880181399552,NCAA BIG 12,1,1364592901857738752,waiver,[11],['619190004979138560'],[],{'13434': 11},,failed,1779706810014
2026,1331774880181399552,NCAA BIG 12,1,1364601595597164544,free_agent,[5],['464117743042424832'],[],,{'503': 5},complete,1779708882764
2026,1331774880181399552,NCAA BIG 12,1,1364601625330581504,free_agent,[5],['464117743042424832'],[],,{'8219': 5},complete,1779708889852
2026,1331774880181399552,NCAA BIG 12,1,1364601677323206656,free_agent,[5],['464117743042424832'],[],,{'11820': 5},complete,1779708902248
2026,1331774880181399552,NCAA BIG 12,1,1364601931128913920,waiver,[5],['464117743042424832'],[],{'13545': 5},{'11789': 5},complete,1779708962761
2026,1331774880181399552,NCAA BIG 12,1,1364602792500543488,waiver,[5],['464117743042424832'],[],{'13427': 5},{'3271': 5},complete,1779709168128
2026,1331774880181399552,NCAA BIG 12,1,1364606330844778496,waiver,[11],['619190004979138560'],[],{'13307': 11},{'4234': 11},complete,1779710011734
2026,1331774880181399552,NCAA BIG 12,1,1372773469686624256,waiver,[6],['335910160469880832'],[],{'13833': 6},,complete,1781657209372
2026,1331774880181399552,NCAA BIG 12,1,1387946626374455296,waiver,[4],['425362114291437568'],[],{'13329': 4},,complete,1785274771831
2026,1331774880181399552,NCAA BIG 12,1,1389374274891948032,waiver,[12],['820771678849171456'],[],{'12503': 12},{'1837': 12},complete,1785615149762
2026,1331774880181399552,NCAA BIG 12,1,1389374674193911808,waiver,[12],['820771678849171456'],[],{'13394': 12},{'10234': 12},complete,1785615244963
2026,1331774880181399552,NCAA BIG 12,1,1391284753797222400,waiver,[4],['425362114291437568'],[],{'13333': 4},{'12547': 4},complete,1786070643428
2026,1331774880181399552,NCAA BIG 12,1,1394206163897192448,waiver,[4],['425362114291437568'],[],{'13533': 4},{'11435': 4},complete,1786767161872
2026,1331774880181399552,NCAA BIG 12,1,1394206428834582528,waiver,[4],['425362114291437568'],[],{'13477': 4},{'13411': 4},complete,1786767225039
2026,1331774880181399552,NCAA BIG 12,1,1394206619687993344,waiver,[4],['425362114291437568'],[],{'13418': 4},{'8698': 4},complete,1786767270543
2026,1331774880181399552,NCAA BIG 12,1,1394385244383088640,free_agent,[6],['335910160469880832'],[],,{'4098': 6},complete,1786809857987
2026,1331774880181399552,NCAA BIG 12,1,1394385313954041856,free_agent,[6],['335910160469880832'],[],,{'4988': 6},complete,1786809874574
2026,1331774880181399552,NCAA BIG 12,1,1395120896112340992,free_agent,[4],['425362114291437568'],[],,{'5848': 4},complete,1786985251027
2026,1331774880181399552,NCAA BIG 12,1,1396272773537472512,waiver,[7],['425386065373691904'],[],{'13411': 7},,complete,1787259880007
2026,1331774880181399552,NCAA BIG 12,1,1396946690275057664,waiver,[11],['619190004979138560'],[],{'13541': 11},,complete,1787420554277
2026,1331774880181399552,NCAA BIG 12,1,1397389816424828928,free_agent,[6],['335910160469880832'],[],,{'4233': 6},complete,1787526203785
2026,1331774880181399552,NCAA BIG 12,1,1397734046141796352,free_agent,[8],['543929284962770944'],[],,{'1234': 8},complete,1787608274544
2026,1331774880181399552,NCAA BIG 12,1,1397734125049221120,free_agent,[8],['543929284962770944'],[],,{'19': 8},complete,1787608293358
2026,1331774880181399552,NCAA BIG 12,1,1397734276966985728,free_agent,[8],['543929284962770944'],[],,{'12634': 8},complete,1787608329577
2026,1331774880181399552,NCAA BIG 12,1,1397734350308511744,free_agent,[8],['543929284962770944'],[],,{'5133': 8},complete,1787608347064
2026,1331774880181399552,NCAA BIG 12,1,1397734922256388096,waiver,[8],['543929284962770944'],[],{'13602': 8},,complete,1787608483427
2026,1331774880181399552,NCAA BIG 12,1,1397744254389870592,waiver,[4],['425362114291437568'],[],{'8800': 4},,failed,1787610708381
2026,1331774880181399552,NCAA BIG 12,1,1397788451532746752,waiver,[5],['464117743042424832'],[],{'8800': 5},{'11619': 5},complete,1787621245800
2026,1331774880181399552,NCAA BIG 12,1,1397788670618005504,waiver,[5],['464117743042424832'],[],{'13416': 5},{'13427': 5},complete,1787621298034
2026,1331774880181399552,NCAA BIG 12,1,1398441558562361344,trade,"[7, 11]","['425386065373691904', '619190004979138560']","[{'round': 3, 'season': '2027', 'league_id': None, 'roster_id': 7, 'owner_id': 11, 'previous_owner_id': 7}]","{'7569': 7, '8155': 11}","{'7569': 11, '8155': 7}",complete,1787776958651
2026,1331774880181399552,NCAA BIG 12,1,1399891809999589376,waiver,[4],['425362114291437568'],[],{'11237': 4},,failed,1788122725538
2026,1331774880181399552,NCAA BIG 12,1,1399953614868385792,waiver,[11],['619190004979138560'],[],{'11237': 11},,complete,1788137460966
2026,1331774880181399552,NCAA BIG 12,1,1400311627613478912,waiver,[5],['464117743042424832'],[],{'2078': 5},,complete,1788222817857
2026,1331774880181399552,NCAA BIG 12,1,1400453667676540928,free_agent,[8],['543929284962770944'],[],,{'3321': 8},complete,1788256682847
2026,1331774880181399552,NCAA BIG 12,1,1400613656697315328,waiver,[11],['619190004979138560'],[],{'13425': 11},,complete,1788294827201
2026,1331774880181399552,NCAA BIG 12,1,1400613732140216320,waiver,[11],['619190004979138560'],[],{'13264': 11},,complete,1788294845188
2026,1331774880181399552,NCAA BIG 12,1,1400738552660111360,free_agent,[3],['533541056352481280'],[],,{'4080': 3},complete,1788324604720
2026,1331774880181399552,NCAA BIG 12,1,1400738624407900160,free_agent,[3],['533541056352481280'],[],,{'5987': 3},complete,1788324621825
2026,1331774880181399552,NCAA BIG 12,1,1400738816431501312,free_agent,[3],['533541056352481280'],[],,{'5010': 3},complete,1788324667607
2026,1331774880181399552,NCAA BIG 12,1,1400738941132353536,free_agent,[3],['533541056352481280'],[],,{'5955': 3},complete,1788324697339
2026,1331774880181399552,NCAA BIG 12,1,1400739225611042816,free_agent,[3],['533541056352481280'],[],,{'6111': 3},complete,1788324765163
2026,1331774880181399552,NCAA BIG 12,1,1400739311820804096,free_agent,[3],['533541056352481280'],[],,{'8129': 3},complete,1788324785718
2026,1331774880181399552,NCAA BIG 12,1,1400739454666194944,free_agent,[3],['533541056352481280'],[],,{'6943': 3},complete,1788324819774
2026,1331774880181399552,NCAA BIG 12,1,1400740060369784832,waiver,[3],['533541056352481280'],[],{'2505': 3},{'5970': 3},complete,1788324964186
2026,1331774880181399552,NCAA BIG 12,1,1400740161628696576,waiver,[3],['533541056352481280'],[],{'13968': 3},,failed,1788324988328
2026,1331774880181399552,NCAA BIG 12,1,1400740663770779648,waiver,[3],['533541056352481280'],[],{'13968': 3},{'8208': 3},complete,1788325108047
2026,1331774880181399552,NCAA BIG 12,1,1400740895153795072,waiver,[3],['533541056352481280'],[],{'8698': 3},,failed,1788325163214
2026,1331774880181399552,NCAA BIG 12,1,1400740954482192384,waiver,[3],['533541056352481280'],[],{'8698': 3},,failed,1788325177359
2026,1331774880181399552,NCAA BIG 12,1,1400951098998546432,waiver,[6],['335910160469880832'],[],{'12547': 6},,complete,1788375279716
2026,1331774880181399552,NCAA BIG 12,1,1403192195443400704,waiver,[4],['425362114291437568'],[],{'11599': 4},,complete,1788909598746
2026,1331774880181399552,NCAA BIG 12,1,1403369054525202432,waiver,[8],['543929284962770944'],[],{'11435': 8},,complete,1788951765237
2026,1331774880181399552,NCAA BIG 12,1,1403386171257520128,free_agent,[11],['619190004979138560'],[],,{'12476': 11},complete,1788955846184
2026,1331774880181399552,NCAA BIG 12,1,1405439295472377856,waiver,[7],['425386065373691904'],[],{'5854': 7},,complete,1789445349142
2026,1331774880181399552,NCAA BIG 12,2,1406183016618799104,waiver,[6],['335910160469880832'],[],{'11729': 6},,complete,1789622666080
2026,1331774880181399552,NCAA BIG 12,2,1407430930435432448,waiver,[12],['820771678849171456'],[],{'12496': 12},,complete,1789920191920
2026,1331774880181399552,NCAA BIG 12,3,1408210752984113152,waiver,[3],['533541056352481280'],[],{'2306': 3},{'13335': 3},complete,1790106116104
2026,1331774880181399552,NCAA BIG 12,3,1409805833201635328,waiver,[6],['335910160469880832'],[],{'11577': 6},,complete,1790486412863
2026,1331774880181399552,NCAA BIG 12,3,1410238400614699008,waiver,[8],['543929284962770944'],[],{'12718': 8},,complete,1790589544970
2026,1331774880181399552,NCAA BIG 12,3,1410238423985393664,waiver,[8],['543929284962770944'],[],{'12634': 8},,complete,1790589550543
2026,1331774880181399552,NCAA BIG 12,3,1410238459687211008,waiver,[8],['543929284962770944'],[],{'3271': 8},,failed,1790589559055
2026,1331774880181399552,NCAA BIG 12,4,1410707875348656128,waiver,[3],['533541056352481280'],[],{'3321': 3},{'11579': 3},complete,1790701476470
2026,1331774880181399552,NCAA BIG 12,4,1410747618782351360,free_agent,[8],['543929284962770944'],[],,{'12670': 8},complete,1790710952042
2026,1331774880181399552,NCAA BIG 12,4,1410748499670175744,waiver,[8],['543929284962770944'],[],{'7039': 8},,complete,1790711162063
2026,1331774880181399552,NCAA BIG 12,4,1410748690448056320,waiver,[8],['543929284962770944'],[],{'11433': 8},{'7562': 8},complete,1790711207547
2026,1331774880181399552,NCAA BIG 12,4,1410748989413842944,waiver,[8],['543929284962770944'],[],{'3271': 8},{'11994': 8},complete,1790711278827
2026,1331774880181399552,NCAA BIG 12,4,1410861939550171136,waiver,[5],['464117743042424832'],[],{'3321': 5},,failed,1790738208237
2026,1331774880181399552,NCAA BIG 12,4,1410868208939900928,waiver,[7],['425386065373691904'],[],{'3321': 7},,failed,1790739702976
2026,1331774880181399552,NCAA BIG 12,4,1411485345299660800,waiver,[7],['425386065373691904'],[],{'1737': 7},,complete,1790886839751
2026,1331774880181399552,NCAA BIG 12,4,1411490376350445568,waiver,[11],['619190004979138560'],[],{'13277': 11},{'11570': 11},complete,1790888039246
2026,1331774880181399552,NCAA BIG 12,4,1411593117781499904,free_agent,[4],['425362114291437568'],[],,{'10937': 4},complete,1790912534713
2026,1331774880181399552,NCAA BIG 12,4,1412881940222132224,waiver,[7],['425386065373691904'],[],{'13557': 7},,complete,1791219813927
2026,1331775206619885568,NCAA BIG EAST & CO.,1,1332613645099614208,free_agent,[5],['836025225756934144'],[],,{'7538': 5},complete,1772082361057
2026,1331775206619885568,NCAA BIG EAST & CO.,1,1334251746679066624,free_agent,[5],['836025225756934144'],[],,{'331': 5},complete,1772472914909
2026,1331775206619885568,NCAA BIG EAST & CO.,1,1334307147600658432,free_agent,[12],['64174089933570048'],[],,{'8258': 12},complete,1772486123517
2026,1331775206619885568,NCAA BIG EAST & CO.,1,1334307168899334144,free_agent,[12],['64174089933570048'],[],,{'6083': 12},complete,1772486128595
2026,1331775206619885568,NCAA BIG EAST & CO.,1,1334307218685710336,free_agent,[12],['64174089933570048'],[],,{'5955': 12},complete,1772486140465
2026,1331775206619885568,NCAA BIG EAST & CO.,1,1334307415989944320,free_agent,[12],['64174089933570048'],[],,{'11895': 12},complete,1772486187506
2026,1331775206619885568,NCAA BIG EAST & CO.,1,1334307615567532032,free_agent,[12],['64174089933570048'],[],{'2028': 12},{'7562': 12},complete,1772486235090
2026,1331775206619885568,NCAA BIG EAST & CO.,1,1335822096168652800,free_agent,[2],['1171256102760251392'],[],,{'6659': 2},complete,1772847315403
2026,1331775206619885568,NCAA BIG EAST & CO.,1,1335822526567165952,free_agent,[2],['1171256102760251392'],[],,{'4314': 2},complete,1772847418017
2026,1331775206619885568,NCAA BIG EAST & CO.,1,1335822694339334144,free_agent,[2],['1171256102760251392'],[],,{'5985': 2},complete,1772847458017
2026,1331775206619885568,NCAA BIG EAST & CO.,1,1336930754331971584,free_agent,[1],['1087519270663258112'],[],,{'6963': 1},complete,1773111640106
2026,1331775206619885568,NCAA BIG EAST & CO.,1,1336931106733178880,free_agent,[1],['1087519270663258112'],[],,{'4029': 1},complete,1773111724125
2026,1331775206619885568,NCAA BIG EAST & CO.,1,1336931346353762304,free_agent,[1],['1087519270663258112'],[],,{'8139': 1},complete,1773111781255
2026,1331775206619885568,NCAA BIG EAST & CO.,1,1338029473441792000,free_agent,[7],['456159345906806784'],[],,{'6588': 7},complete,1773373595155
2026,1331775206619885568,NCAA BIG EAST & CO.,1,1338029697459556352,free_agent,[7],['456159345906806784'],[],,{'17': 7},complete,1773373648565
2026,1331775206619885568,NCAA BIG EAST & CO.,1,1338029788907962368,free_agent,[7],['456159345906806784'],[],,{'5987': 7},complete,1773373670368
2026,1331775206619885568,NCAA BIG EAST & CO.,1,1338649013796225024,free_agent,[4],['456129190995947520'],[],,{'11299': 4},complete,1773521305086
2026,1331775206619885568,NCAA BIG EAST & CO.,1,1338649067793711104,free_agent,[4],['456129190995947520'],[],,{'11599': 4},complete,1773521317960
2026,1331775206619885568,NCAA BIG EAST & CO.,1,1339289670453858304,free_agent,[12],['64174089933570048'],[],{'13150': 12},{'2028': 12},complete,1773674049536
2026,1331775206619885568,NCAA BIG EAST & CO.,1,1345291491827806208,free_agent,[2],['1171256102760251392'],[],,{'5773': 2},complete,1775104995261
2026,1331775206619885568,NCAA BIG EAST & CO.,1,1345292382295298048,free_agent,[2],['1171256102760251392'],[],,{'4381': 2},complete,1775105207564
2026,1331775206619885568,NCAA BIG EAST & CO.,1,1346612109781250048,free_agent,[1],['1087519270663258112'],[],,{'8220': 1},complete,1775419855116
2026,1331775206619885568,NCAA BIG EAST & CO.,1,1346612189129117697,free_agent,[1],['1087519270663258112'],[],,{'8162': 1},complete,1775419874035
2026,1331775206619885568,NCAA BIG EAST & CO.,1,1351329713372532736,free_agent,[11],['456182244336201728'],[],,{'6151': 11},complete,1776544619461
2026,1331775206619885568,NCAA BIG EAST & CO.,1,1351329835984617473,free_agent,[11],['456182244336201728'],[],,{'5185': 11},complete,1776544648694
2026,1331775206619885568,NCAA BIG EAST & CO.,1,1351329906281177088,free_agent,[11],['456182244336201728'],[],,{'7585': 11},complete,1776544665454
2026,1331775206619885568,NCAA BIG EAST & CO.,1,1352137969724555265,free_agent,[5],['836025225756934144'],[],,{'827': 5},complete,1776737322792
2026,1331775206619885568,NCAA BIG EAST & CO.,1,1352138040734134272,free_agent,[5],['836025225756934144'],[],,{'6943': 5},complete,1776737339722
2026,1331775206619885568,NCAA BIG EAST & CO.,1,1353208012688363520,free_agent,[2],['1171256102760251392'],[],,{'6290': 2},complete,1776992440915
2026,1331775206619885568,NCAA BIG EAST & CO.,1,1353208860000686080,free_agent,[2],['1171256102760251392'],[],,{'4351': 2},complete,1776992642930
2026,1331775206619885568,NCAA BIG EAST & CO.,1,1354270797983653888,free_agent,[7],['456159345906806784'],[],,{'503': 7},complete,1777245828676
2026,1331775206619885568,NCAA BIG EAST & CO.,1,1354270934764097536,free_agent,[7],['456159345906806784'],[],,{'12486': 7},complete,1777245861287
2026,1331775206619885568,NCAA BIG EAST & CO.,1,1356485696092672000,trade,"[7, 12]","['456159345906806784', '64174089933570048']","[{'round': 1, 'season': '2026', 'league_id': None, 'roster_id': 7, 'owner_id': 12, 'previous_owner_id': 7}]","{'8150': 12, '8155': 12, '9221': 7}","{'8150': 7, '8155': 7, '9221': 12}",complete,1777773901536
2026,1331775206619885568,NCAA BIG EAST & CO.,1,1356487191773081600,trade,"[7, 10]","['456159345906806784', '1336086766108549120']","[{'round': 2, 'season': '2026', 'league_id': None, 'roster_id': 7, 'owner_id': 10, 'previous_owner_id': 7}]","{'12484': 10, '7588': 10, '9226': 7}","{'12484': 7, '7588': 7, '9226': 10}",complete,1777774258134
2026,1331775206619885568,NCAA BIG EAST & CO.,1,1358972406558892032,free_agent,[12],['64174089933570048'],[],,{'11588': 12},complete,1778366779511
2026,1331775206619885568,NCAA BIG EAST & CO.,1,1360801848511983616,free_agent,[5],['836025225756934144'],[],,{'11617': 5},complete,1778802952462
2026,1331775206619885568,NCAA BIG EAST & CO.,1,1360802040107765761,free_agent,[5],['836025225756934144'],[],,{'11645': 5},complete,1778802998143
2026,1331775206619885568,NCAA BIG EAST & CO.,1,1360802060362059776,free_agent,[5],['836025225756934144'],[],,{'4234': 5},complete,1778803002971
2026,1331775206619885568,NCAA BIG EAST & CO.,1,1366540013671571456,free_agent,[6],['443323427143544832'],[],,{'11292': 6},complete,1780171037647
2026,1331775206619885568,NCAA BIG EAST & CO.,1,1366540040087281664,free_agent,[6],['443323427143544832'],[],,{'4574': 6},complete,1780171043944
2026,1331775206619885568,NCAA BIG EAST & CO.,1,1366540063428608000,free_agent,[6],['443323427143544832'],[],,{'6938': 6},complete,1780171049509
2026,1331775206619885568,NCAA BIG EAST & CO.,1,1366540086597922816,free_agent,[6],['443323427143544832'],[],,{'5284': 6},complete,1780171055033
2026,1331775206619885568,NCAA BIG EAST & CO.,1,1368768498175578112,free_agent,[2],['1171256102760251392'],[],,{'7050': 2},complete,1780702349756
2026,1331775206619885568,NCAA BIG EAST & CO.,1,1368768748630085632,free_agent,[2],['1171256102760251392'],[],,{'11595': 2},complete,1780702409468
2026,1331775206619885568,NCAA BIG EAST & CO.,1,1368785449077731328,free_agent,[1],['1087519270663258112'],[],,{'1234': 1},complete,1780706391165
2026,1331775206619885568,NCAA BIG EAST & CO.,1,1369319803726082048,free_agent,[2],['1171256102760251392'],[],{'13270': 2},,complete,1780833791241
2026,1331775206619885568,NCAA BIG EAST & CO.,1,1369320086627708928,free_agent,[2],['1171256102760251392'],[],{'13413': 2},,complete,1780833858690
2026,1331775206619885568,NCAA BIG EAST & CO.,1,1369320278978478080,free_agent,[4],['456129190995947520'],[],,{'1689': 4},complete,1780833904550
2026,1331775206619885568,NCAA BIG EAST & CO.,1,1369320303880077312,free_agent,[10],['1336086766108549120'],[],,{'5095': 10},complete,1780833910487
2026,1331775206619885568,NCAA BIG EAST & CO.,1,1369320387195703296,free_agent,[10],['1336086766108549120'],[],,{'12488': 10},complete,1780833930351
2026,1331775206619885568,NCAA BIG EAST & CO.,1,1369320404010676224,free_agent,[4],['456129190995947520'],[],,{'5937': 4},complete,1780833934361
2026,1331775206619885568,NCAA BIG EAST & CO.,1,1369320461975977984,free_agent,[10],['1336086766108549120'],[],,{'12460': 10},complete,1780833948180
2026,1331775206619885568,NCAA BIG EAST & CO.,1,1369320502165782528,free_agent,[10],['1336086766108549120'],[],,{'2374': 10},complete,1780833957762
2026,1331775206619885568,NCAA BIG EAST & CO.,1,1369320627785207808,free_agent,[4],['456129190995947520'],[],,{'6945': 4},complete,1780833987712
2026,1331775206619885568,NCAA BIG EAST & CO.,1,1369320899538350080,free_agent,[10],['1336086766108549120'],[],,{'12516': 10},complete,1780834052503
2026,1331775206619885568,NCAA BIG EAST & CO.,1,1369321037488979968,free_agent,[10],['1336086766108549120'],[],,{'7595': 10},complete,1780834085393
2026,1331775206619885568,NCAA BIG EAST & CO.,1,1369321052181655552,free_agent,[4],['456129190995947520'],[],,{'2505': 4},complete,1780834088896
2026,1331775206619885568,NCAA BIG EAST & CO.,1,1369321107730997248,free_agent,[10],['1336086766108549120'],[],,{'4663': 10},complete,1780834102140
2026,1331775206619885568,NCAA BIG EAST & CO.,1,1369321529946406912,free_agent,[10],['1336086766108549120'],[],,{'12472': 10},complete,1780834202805
2026,1331775206619885568,NCAA BIG EAST & CO.,1,1369321781776646144,free_agent,[10],['1336086766108549120'],[],,{'8135': 10},complete,1780834262845
2026,1331775206619885568,NCAA BIG EAST & CO.,1,1369323030303506432,free_agent,[8],['456167283761344512'],[],,{'6820': 8},complete,1780834560517
2026,1331775206619885568,NCAA BIG EAST & CO.,1,1369323153590853632,free_agent,[8],['456167283761344512'],[],,{'5010': 8},complete,1780834589911
2026,1331775206619885568,NCAA BIG EAST & CO.,1,1369323237065920512,free_agent,[8],['456167283761344512'],[],,{'6074': 8},complete,1780834609813
2026,1331775206619885568,NCAA BIG EAST & CO.,1,1369323471816900608,free_agent,[8],['456167283761344512'],[],,{'5096': 8},complete,1780834665782
2026,1331775206619885568,NCAA BIG EAST & CO.,1,1369323505279057920,free_agent,[8],['456167283761344512'],[],,{'2749': 8},complete,1780834673760
2026,1331775206619885568,NCAA BIG EAST & CO.,1,1369359190652366848,free_agent,[7],['456159345906806784'],[],{'13833': 7},,complete,1780843181816
2026,1331775206619885568,NCAA BIG EAST & CO.,1,1369359410769428480,free_agent,[7],['456159345906806784'],[],{'13600': 7},,complete,1780843234297
2026,1331775206619885568,NCAA BIG EAST & CO.,1,1369382542389551104,free_agent,[5],['836025225756934144'],[],,{'1433': 5},complete,1780848749304
2026,1331775206619885568,NCAA BIG EAST & CO.,1,1369382683049734144,free_agent,[5],['836025225756934144'],[],{'13272': 5},,complete,1780848782840
2026,1331775206619885568,NCAA BIG EAST & CO.,1,1369382707565449216,free_agent,[5],['836025225756934144'],[],{'13306': 5},,complete,1780848788685
2026,1331775206619885568,NCAA BIG EAST & CO.,1,1369427378836639744,free_agent,[1],['1087519270663258112'],[],{'13324': 1},{'5374': 1},complete,1780859439147
2026,1331775206619885568,NCAA BIG EAST & CO.,1,1369714003202285568,free_agent,[4],['456129190995947520'],[],{'13289': 4},{'7607': 4},complete,1780927775720
2026,1331775206619885568,NCAA BIG EAST & CO.,1,1369723504080994304,free_agent,[11],['456182244336201728'],[],,{'7593': 11},complete,1780930040906
2026,1331775206619885568,NCAA BIG EAST & CO.,1,1369723904423133184,free_agent,[11],['456182244336201728'],[],,{'4602': 11},complete,1780930136355
2026,1331775206619885568,NCAA BIG EAST & CO.,1,1369754165386969088,free_agent,[12],['64174089933570048'],[],,{'9501': 12},complete,1780937351131
2026,1331775206619885568,NCAA BIG EAST & CO.,1,1369754333196869632,free_agent,[12],['64174089933570048'],[],,{'13150': 12},complete,1780937391140
2026,1331775206619885568,NCAA BIG EAST & CO.,1,1372149059950772224,free_agent,[7],['456159345906806784'],[],{'13392': 7},,complete,1781508338491
2026,1331775206619885568,NCAA BIG EAST & CO.,1,1372149240515538944,free_agent,[7],['456159345906806784'],[],{'2078': 7},,complete,1781508381540
2026,1331775206619885568,NCAA BIG EAST & CO.,1,1372436287914512384,free_agent,[6],['443323427143544832'],[],,{'11306': 6},complete,1781576818974
2026,1331775206619885568,NCAA BIG EAST & CO.,1,1372436515195457536,free_agent,[6],['443323427143544832'],[],,{'6960': 6},complete,1781576873162
2026,1331775206619885568,NCAA BIG EAST & CO.,1,1372436548632465408,free_agent,[6],['443323427143544832'],[],,{'5409': 6},complete,1781576881133
2026,1331775206619885568,NCAA BIG EAST & CO.,1,1389922094292164608,free_agent,[12],['64174089933570048'],[],,{'11619': 12},complete,1785745760085
2026,1331775206619885568,NCAA BIG EAST & CO.,1,1390146249298034688,free_agent,[9],['802480422482206720'],[],,{'2197': 9},complete,1785799202802
2026,1331775206619885568,NCAA BIG EAST & CO.,1,1390146259850911744,free_agent,[9],['802480422482206720'],[],,{'7601': 9},complete,1785799205319
2026,1331775206619885568,NCAA BIG EAST & CO.,1,1390146292084142080,free_agent,[9],['802480422482206720'],[],,{'6845': 9},complete,1785799213003
2026,1331775206619885568,NCAA BIG EAST & CO.,1,1390146356345049088,free_agent,[9],['802480422482206720'],[],,{'12478': 9},complete,1785799228325
2026,1331775206619885568,NCAA BIG EAST & CO.,1,1393437326050349056,free_agent,[11],['456182244336201728'],[],{'2505': 11},,complete,1786583856645
2026,1331775206619885568,NCAA BIG EAST & CO.,1,1394139923476414464,free_agent,[4],['456129190995947520'],[],{'13533': 4},,complete,1786751368925
2026,1331775206619885568,NCAA BIG EAST & CO.,1,1394758112790974464,free_agent,[2],['1171256102760251392'],[],{'13726': 2},{'2152': 2},complete,1786898756744
2026,1331775206619885568,NCAA BIG EAST & CO.,1,1397032895616401408,free_agent,[2],['1171256102760251392'],[],{'13010': 2},{'6869': 2},complete,1787441107233
2026,1331775206619885568,NCAA BIG EAST & CO.,1,1397348843309314048,free_agent,[5],['836025225756934144'],[],{'13602': 5},,complete,1787516435032
2026,1331775206619885568,NCAA BIG EAST & CO.,1,1399451052289335296,free_agent,[11],['456182244336201728'],[],{'13603': 11},{'10937': 11},complete,1788017640711
2026,1331775206619885568,NCAA BIG EAST & CO.,1,1399861425446350848,free_agent,[12],['64174089933570048'],[],,{'10444': 12},complete,1788115481295
2026,1331775206619885568,NCAA BIG EAST & CO.,1,1399862311342067712,free_agent,[12],['64174089933570048'],[],{'9501': 12},,complete,1788115692509
2026,1331775206619885568,NCAA BIG EAST & CO.,1,1399994021660622848,free_agent,[12],['64174089933570048'],[],{'6083': 12},,complete,1788147094696
2026,1331775206619885568,NCAA BIG EAST & CO.,1,1400144157925748736,free_agent,[7],['456159345906806784'],[],{'5095': 7},{'13066': 7},complete,1788182889972
2026,1331775206619885568,NCAA BIG EAST & CO.,1,1400144210136457216,free_agent,[7],['456159345906806784'],[],,{'6920': 7},complete,1788182902419
2026,1331775206619885568,NCAA BIG EAST & CO.,1,1400144247407013888,free_agent,[7],['456159345906806784'],[],,{'1426': 7},complete,1788182911306
2026,1331775206619885568,NCAA BIG EAST & CO.,1,1400253943698763776,free_agent,[12],['64174089933570048'],[],,{'11650': 12},complete,1788209064939
2026,1331775206619885568,NCAA BIG EAST & CO.,1,1400254044739502080,free_agent,[12],['64174089933570048'],[],,{'8143': 12},complete,1788209089029
2026,1331775206619885568,NCAA BIG EAST & CO.,1,1400254123147796480,free_agent,[12],['64174089933570048'],[],{'12048': 12},,complete,1788209107724
2026,1331775206619885568,NCAA BIG EAST & CO.,1,1400264894762213376,free_agent,[7],['456159345906806784'],[],{'13477': 7},,complete,1788211675877
2026,1331775206619885568,NCAA BIG EAST & CO.,1,1401086848582868992,free_agent,[2],['1171256102760251392'],[],,{'8125': 2},complete,1788407644938
2026,1331775206619885568,NCAA BIG EAST & CO.,1,1401088283047395328,free_agent,[2],['1171256102760251392'],[],{'11237': 2},,complete,1788407986941
2026,1331775206619885568,NCAA BIG EAST & CO.,1,1401249242202308608,free_agent,[7],['456159345906806784'],[],{'8125': 7},,complete,1788446362594
2026,1331775206619885568,NCAA BIG EAST & CO.,1,1401416391428460544,free_agent,[11],['456182244336201728'],[],{'10235': 11},,complete,1788486214075
2026,1331775206619885568,NCAA BIG EAST & CO.,1,1401695976510517248,free_agent,[12],['64174089933570048'],[],,{'12476': 12},complete,1788552872354
2026,1331775206619885568,NCAA BIG EAST & CO.,1,1403233340986822657,free_agent,[7],['456159345906806784'],[],{'8127': 7},,complete,1788919408607
2026,1331775206619885568,NCAA BIG EAST & CO.,1,1404604200247136256,free_agent,[12],['64174089933570048'],[],{'13968': 12},,complete,1789246246924
2026,1331775206619885568,NCAA BIG EAST & CO.,1,1405065469378981888,free_agent,[2],['1171256102760251392'],[],{'3161': 2},,complete,1789356222056
2026,1331775206619885568,NCAA BIG EAST & CO.,2,1405526898716467200,free_agent,[12],['64174089933570048'],[],{'12472': 12},{'13968': 12},complete,1789466235383
2026,1331775206619885568,NCAA BIG EAST & CO.,2,1405527719512403968,free_agent,[12],['64174089933570048'],[],{'13968': 12},,complete,1789466431076
2026,1331775206619885568,NCAA BIG EAST & CO.,2,1406454119077584914,free_agent,[4],['456129190995947520'],[],{'3634': 4},,complete,1789687301944
2026,1331775206619885568,NCAA BIG EAST & CO.,2,1407550073813884928,free_agent,[2],['1171256102760251392'],[],{'1737': 2},,complete,1789948597914
2026,1331775206619885568,NCAA BIG EAST & CO.,3,1408276219501309952,free_agent,[11],['456182244336201728'],[],,{'10216': 11},complete,1790121724537
2026,1331775206619885568,NCAA BIG EAST & CO.,3,1408293212564566016,free_agent,[8],['456167283761344512'],[],,{'7561': 8},complete,1790125775999
2026,1331775206619885568,NCAA BIG EAST & CO.,3,1408293424301420544,free_agent,[8],['456167283761344512'],[],,{'1264': 8},complete,1790125826482
2026,1331775206619885568,NCAA BIG EAST & CO.,3,1408293473525796864,free_agent,[8],['456167283761344512'],[],,{'11820': 8},complete,1790125838217
2026,1331775206619885568,NCAA BIG EAST & CO.,3,1408293602634838016,free_agent,[8],['456167283761344512'],[],{'11608': 8},,complete,1790125868999
2026,1331775206619885568,NCAA BIG EAST & CO.,3,1408533530119544832,free_agent,[7],['456159345906806784'],[],{'5854': 7},,complete,1790183072170
2026,1331775206619885568,NCAA BIG EAST & CO.,3,1410487596437585920,free_agent,[2],['1171256102760251392'],[],,{'4080': 2},complete,1790648957884
2026,1331775206619885568,NCAA BIG EAST & CO.,4,1410962996427055104,free_agent,[12],['64174089933570048'],[],{'13425': 12},{'11629': 12},complete,1790762302075
2026,1316899756005412864,NCAA BIG SKY,1,1316909150147452928,free_agent,[4],['519439276311531520'],[],,{'4068': 4},complete,1768338117685
2026,1316899756005412864,NCAA BIG SKY,1,1316909334348726272,trade,"[4, 5]","['519439276311531520', '465934519652839424']",[],"{'6803': 4, '9482': 5}","{'6803': 5, '9482': 4}",complete,1768338161602
2026,1316899756005412864,NCAA BIG SKY,1,1317191461166411776,free_agent,[5],['465934519652839424'],[],{'8172': 5},{'12538': 5},complete,1768405425878
2026,1316899756005412864,NCAA BIG SKY,1,1334407168710934528,free_agent,[3],['449327253101211648'],[],,{'5955': 3},complete,1772509970408
2026,1316899756005412864,NCAA BIG SKY,1,1334407416049078272,free_agent,[3],['449327253101211648'],[],,{'2749': 3},complete,1772510029379
2026,1316899756005412864,NCAA BIG SKY,1,1334407564309327872,free_agent,[3],['449327253101211648'],[],,{'7891': 3},complete,1772510064727
2026,1316899756005412864,NCAA BIG SKY,1,1334407619023998976,free_agent,[3],['449327253101211648'],[],,{'7537': 3},complete,1772510077771
2026,1316899756005412864,NCAA BIG SKY,1,1334407731863363584,free_agent,[3],['449327253101211648'],[],,{'11994': 3},complete,1772510104674
2026,1316899756005412864,NCAA BIG SKY,1,1334407882199810048,free_agent,[3],['449327253101211648'],[],{'11729': 3},,complete,1772510140517
2026,1316899756005412864,NCAA BIG SKY,1,1335374339305930752,free_agent,[8],['437413803001376768'],[],,{'12715': 8},complete,1772740561847
2026,1316899756005412864,NCAA BIG SKY,1,1335374363360239616,free_agent,[8],['437413803001376768'],[],,{'9492': 8},complete,1772740567582
2026,1316899756005412864,NCAA BIG SKY,1,1335374542670958592,free_agent,[8],['437413803001376768'],[],,{'6945': 8},complete,1772740610333
2026,1316899756005412864,NCAA BIG SKY,1,1335374578418978816,free_agent,[8],['437413803001376768'],[],,{'12515': 8},complete,1772740618856
2026,1316899756005412864,NCAA BIG SKY,1,1339456881051058176,free_agent,[10],['334014945886748672'],[],,{'7794': 10},complete,1773713915650
2026,1316899756005412864,NCAA BIG SKY,1,1339456896058261504,free_agent,[10],['334014945886748672'],[],,{'8230': 10},complete,1773713919228
2026,1316899756005412864,NCAA BIG SKY,1,1339456910864187392,free_agent,[10],['334014945886748672'],[],,{'4029': 10},complete,1773713922758
2026,1316899756005412864,NCAA BIG SKY,1,1339456925821059072,free_agent,[10],['334014945886748672'],[],,{'3164': 10},complete,1773713926324
2026,1316899756005412864,NCAA BIG SKY,1,1339456940614369280,free_agent,[10],['334014945886748672'],[],,{'1049': 10},complete,1773713929850
2026,1316899756005412864,NCAA BIG SKY,1,1339456994817351680,free_agent,[10],['334014945886748672'],[],,{'2309': 10},complete,1773713942773
2026,1316899756005412864,NCAA BIG SKY,1,1339457016774553600,free_agent,[10],['334014945886748672'],[],,{'5038': 10},complete,1773713948008
2026,1316899756005412864,NCAA BIG SKY,1,1339462639696224256,free_agent,[10],['334014945886748672'],[],,{'4973': 10},complete,1773715288617
2026,1316899756005412864,NCAA BIG SKY,1,1353867695891709952,free_agent,[10],['334014945886748672'],[],,{'6151': 10},complete,1777149721647
2026,1316899756005412864,NCAA BIG SKY,1,1355036118923358208,trade,"[5, 10]","['465934519652839424', '334014945886748672']","[{'round': 1, 'season': '2027', 'league_id': None, 'roster_id': 5, 'owner_id': 10, 'previous_owner_id': 5}, {'round': 2, 'season': '2027', 'league_id': None, 'roster_id': 5, 'owner_id': 10, 'previous_owner_id': 5}, {'round': 1, 'season': '2028', 'league_id': None, 'roster_id': 5, 'owner_id': 10, 'previous_owner_id': 5}]","{'11604': 5, '12514': 5}","{'11604': 10, '12514': 10}",complete,1777428295406
2026,1316899756005412864,NCAA BIG SKY,1,1355041266793979905,trade,"[5, 10]","['465934519652839424', '334014945886748672']","[{'round': 2, 'season': '2026', 'league_id': None, 'roster_id': 5, 'owner_id': 10, 'previous_owner_id': 5}, {'round': 3, 'season': '2026', 'league_id': None, 'roster_id': 5, 'owner_id': 10, 'previous_owner_id': 5}, {'round': 4, 'season': '2026', 'league_id': None, 'roster_id': 5, 'owner_id': 10, 'previous_owner_id': 5}, {'round': 2, 'season': '2028', 'league_id': None, 'roster_id': 5, 'owner_id': 10, 'previous_owner_id': 5}]","{'11625': 5, '11646': 10, '12530': 5, '8172': 10, '8183': 5}","{'11625': 10, '11646': 5, '12530': 10, '8172': 5, '8183': 10}",complete,1777429522754
2026,1316899756005412864,NCAA BIG SKY,1,1355045981917298688,free_agent,[5],['465934519652839424'],[],,{'11588': 5},complete,1777430646927
2026,1316899756005412864,NCAA BIG SKY,1,1355046026192379904,free_agent,[5],['465934519652839424'],[],,{'12516': 5},complete,1777430657483
2026,1316899756005412864,NCAA BIG SKY,1,1355047212517707776,free_agent,[4],['519439276311531520'],[],,{'6659': 4},complete,1777430940326
2026,1316899756005412864,NCAA BIG SKY,1,1355047505825386496,free_agent,[5],['465934519652839424'],[],,{'8122': 5},complete,1777431010256
2026,1316899756005412864,NCAA BIG SKY,1,1355047628865310720,free_agent,[5],['465934519652839424'],[],,{'7670': 5},complete,1777431039590
2026,1316899756005412864,NCAA BIG SKY,1,1355047776165036032,free_agent,[5],['465934519652839424'],[],,{'11640': 5},complete,1777431074709
2026,1316899756005412864,NCAA BIG SKY,1,1355048066851299328,free_agent,[5],['465934519652839424'],[],,{'11592': 5},complete,1777431144015
2026,1316899756005412864,NCAA BIG SKY,1,1355048299664506880,free_agent,[5],['465934519652839424'],[],,{'10235': 5},complete,1777431199521
2026,1316899756005412864,NCAA BIG SKY,1,1356673427401887744,trade,"[6, 10]","['424793511431262208', '334014945886748672']","[{'round': 2, 'season': '2026', 'league_id': None, 'roster_id': 10, 'owner_id': 6, 'previous_owner_id': 10}, {'round': 1, 'season': '2026', 'league_id': None, 'roster_id': 3, 'owner_id': 6, 'previous_owner_id': 10}, {'round': 1, 'season': '2026', 'league_id': None, 'roster_id': 6, 'owner_id': 10, 'previous_owner_id': 6}]",,,complete,1777818660168
2026,1316899756005412864,NCAA BIG SKY,1,1357046040565407744,trade,"[2, 4]","['439255136309604352', '519439276311531520']","[{'round': 2, 'season': '2026', 'league_id': None, 'roster_id': 2, 'owner_id': 4, 'previous_owner_id': 2}, {'round': 4, 'season': '2027', 'league_id': None, 'roster_id': 2, 'owner_id': 4, 'previous_owner_id': 2}, {'round': 2, 'season': '2026', 'league_id': None, 'roster_id': 4, 'owner_id': 2, 'previous_owner_id': 4}, {'round': 3, 'season': '2027', 'league_id': None, 'roster_id': 4, 'owner_id': 2, 'previous_owner_id': 4}]",,,complete,1777907498069
2026,1316899756005412864,NCAA BIG SKY,1,1357512475079098368,trade,"[5, 6]","['465934519652839424', '424793511431262208']","[{'round': 4, 'season': '2026', 'league_id': None, 'roster_id': 11, 'owner_id': 6, 'previous_owner_id': 5}, {'round': 3, 'season': '2026', 'league_id': None, 'roster_id': 2, 'owner_id': 6, 'previous_owner_id': 5}, {'round': 2, 'season': '2026', 'league_id': None, 'roster_id': 3, 'owner_id': 5, 'previous_owner_id': 6}, {'round': 4, 'season': '2027', 'league_id': None, 'roster_id': 5, 'owner_id': 6, 'previous_owner_id': 5}]",,,complete,1778018704722
2026,1316899756005412864,NCAA BIG SKY,1,1357532637081661440,commissioner,[2],['439255136309604352'],[],{'13293': 2},,complete,1778023511718
2026,1316899756005412864,NCAA BIG SKY,1,1359055346965942272,trade,"[5, 10]","['465934519652839424', '334014945886748672']","[{'round': 4, 'season': '2028', 'league_id': None, 'roster_id': 5, 'owner_id': 10, 'previous_owner_id': 5}]",{'8172': 5},{'8172': 10},complete,1778386554046
2026,1316899756005412864,NCAA BIG SKY,1,1359370638925533184,free_agent,[5],['465934519652839424'],[],,{'19': 5},complete,1778461725506
2026,1316899756005412864,NCAA BIG SKY,1,1359383860214796288,free_agent,[3],['449327253101211648'],[],,{'11729': 3},complete,1778464877707
2026,1316899756005412864,NCAA BIG SKY,1,1359383930582605825,free_agent,[3],['449327253101211648'],[],,{'8129': 3},complete,1778464894484
2026,1316899756005412864,NCAA BIG SKY,1,1359384006944096256,free_agent,[3],['449327253101211648'],[],,{'12670': 3},complete,1778464912690
2026,1316899756005412864,NCAA BIG SKY,1,1360091277743370241,free_agent,[5],['465934519652839424'],[],,{'12472': 5},complete,1778633539189
2026,1316899756005412864,NCAA BIG SKY,1,1360091338904727554,free_agent,[5],['465934519652839424'],[],,{'10226': 5},complete,1778633553772
2026,1316899756005412864,NCAA BIG SKY,1,1360091359322603520,free_agent,[5],['465934519652839424'],[],,{'9501': 5},complete,1778633558640
2026,1316899756005412864,NCAA BIG SKY,1,1360091738823233538,free_agent,[4],['519439276311531520'],[],,{'11895': 4},complete,1778633649119
2026,1316899756005412864,NCAA BIG SKY,1,1360109694542159872,free_agent,[3],['449327253101211648'],[],{'13307': 3},,complete,1778637930096
2026,1316899756005412864,NCAA BIG SKY,1,1360109767707594752,free_agent,[5],['465934519652839424'],[],{'13282': 5},,complete,1778637947540
2026,1316899756005412864,NCAA BIG SKY,1,1360109781213249536,free_agent,[1],['456258200757334016'],[],,{'10218': 1},complete,1778637950761
2026,1316899756005412864,NCAA BIG SKY,1,1360109793871691776,free_agent,[3],['449327253101211648'],[],{'13411': 3},,complete,1778637953778
2026,1316899756005412864,NCAA BIG SKY,1,1360110092581605376,free_agent,[1],['456258200757334016'],[],,{'8125': 1},complete,1778638024996
2026,1316899756005412864,NCAA BIG SKY,1,1360110330407043072,free_agent,[1],['456258200757334016'],[],,{'12462': 1},complete,1778638081698
2026,1316899756005412864,NCAA BIG SKY,1,1360110383263657984,free_agent,[1],['456258200757334016'],[],,{'11199': 1},complete,1778638094300
2026,1316899756005412864,NCAA BIG SKY,1,1360111042658570240,free_agent,[1],['456258200757334016'],[],{'13424': 1},{'11789': 1},complete,1778638251513
2026,1316899756005412864,NCAA BIG SKY,1,1360111314600484865,free_agent,[6],['424793511431262208'],[],,{'11568': 6},complete,1778638316349
2026,1316899756005412864,NCAA BIG SKY,1,1360111346246488064,free_agent,[10],['334014945886748672'],[],{'13421': 10},,complete,1778638323893
2026,1316899756005412864,NCAA BIG SKY,1,1360111401313517568,free_agent,[10],['334014945886748672'],[],{'13327': 10},,complete,1778638337022
2026,1316899756005412864,NCAA BIG SKY,1,1360111424147292160,free_agent,[10],['334014945886748672'],[],{'13403': 10},,complete,1778638342467
2026,1316899756005412864,NCAA BIG SKY,1,1360111449380241408,free_agent,[10],['334014945886748672'],[],{'13946': 10},,complete,1778638348482
2026,1316899756005412864,NCAA BIG SKY,1,1360111466690134016,free_agent,[10],['334014945886748672'],[],{'13413': 10},,complete,1778638352610
2026,1316899756005412864,NCAA BIG SKY,1,1360111483014352896,free_agent,[6],['424793511431262208'],[],,{'2374': 6},complete,1778638356501
2026,1316899756005412864,NCAA BIG SKY,1,1360111519475441664,free_agent,[10],['334014945886748672'],[],{'13412': 10},,complete,1778638365194
2026,1316899756005412864,NCAA BIG SKY,1,1360111535673839617,free_agent,[10],['334014945886748672'],[],{'14031': 10},,complete,1778638369056
2026,1316899756005412864,NCAA BIG SKY,1,1360111565306593280,free_agent,[10],['334014945886748672'],[],{'14005': 10},,complete,1778638376121
2026,1316899756005412864,NCAA BIG SKY,1,1360111609246142464,free_agent,[6],['424793511431262208'],[],,{'11834': 6},complete,1778638386597
2026,1316899756005412864,NCAA BIG SKY,1,1360111650207703040,free_agent,[7],['78892531970359296'],[],,{'5937': 7},complete,1778638396363
2026,1316899756005412864,NCAA BIG SKY,1,1360111728808976384,free_agent,[7],['78892531970359296'],[],,{'8123': 7},complete,1778638415103
2026,1316899756005412864,NCAA BIG SKY,1,1360111767346229248,free_agent,[6],['424793511431262208'],[],,{'12476': 6},complete,1778638424291
2026,1316899756005412864,NCAA BIG SKY,1,1360111787332100096,free_agent,[10],['334014945886748672'],[],{'13957': 10},,complete,1778638429057
2026,1316899756005412864,NCAA BIG SKY,1,1360111789504757760,free_agent,[6],['424793511431262208'],[],,{'11439': 6},complete,1778638429574
2026,1316899756005412864,NCAA BIG SKY,1,1360112050814062592,free_agent,[6],['424793511431262208'],[],,{'9497': 6},complete,1778638491875
2026,1316899756005412864,NCAA BIG SKY,1,1360112142161842176,free_agent,[6],['424793511431262208'],[],,{'5987': 6},complete,1778638513654
2026,1316899756005412864,NCAA BIG SKY,1,1360112151146008576,free_agent,[5],['465934519652839424'],[],{'12476': 5},{'12718': 5},complete,1778638515797
2026,1316899756005412864,NCAA BIG SKY,1,1360112160159584256,free_agent,[6],['424793511431262208'],[],,{'8249': 6},complete,1778638517945
2026,1316899756005412864,NCAA BIG SKY,1,1360112343811375104,free_agent,[6],['424793511431262208'],[],,{'10234': 6},complete,1778638561731
2026,1316899756005412864,NCAA BIG SKY,1,1360112575131418624,free_agent,[6],['424793511431262208'],[],{'11199': 6},{'12471': 6},complete,1778638616883
2026,1316899756005412864,NCAA BIG SKY,1,1360112684284014592,free_agent,[5],['465934519652839424'],[],{'12471': 5},{'11623': 5},complete,1778638642907
2026,1316899756005412864,NCAA BIG SKY,1,1360139437064859648,free_agent,[2],['439255136309604352'],[],,{'5272': 2},complete,1778645021266
2026,1316899756005412864,NCAA BIG SKY,1,1360139469402963968,free_agent,[2],['439255136309604352'],[],,{'503': 2},complete,1778645028976
2026,1316899756005412864,NCAA BIG SKY,1,1360139504807088128,free_agent,[2],['439255136309604352'],[],,{'4080': 2},complete,1778645037417
2026,1316899756005412864,NCAA BIG SKY,1,1360139521005481984,free_agent,[2],['439255136309604352'],[],,{'6943': 2},complete,1778645041279
2026,1316899756005412864,NCAA BIG SKY,1,1360139544250318848,free_agent,[2],['439255136309604352'],[],,{'3200': 2},complete,1778645046821
2026,1316899756005412864,NCAA BIG SKY,1,1360147748225060864,free_agent,[8],['437413803001376768'],[],,{'11619': 8},complete,1778647002802
2026,1316899756005412864,NCAA BIG SKY,1,1360147770626801664,free_agent,[8],['437413803001376768'],[],,{'12478': 8},complete,1778647008142
2026,1316899756005412864,NCAA BIG SKY,1,1360147796606349312,free_agent,[8],['437413803001376768'],[],,{'12641': 8},complete,1778647014337
2026,1316899756005412864,NCAA BIG SKY,1,1360150392385597440,free_agent,[8],['437413803001376768'],[],,{'8800': 8},complete,1778647633219
2026,1316899756005412864,NCAA BIG SKY,1,1360150502297317376,free_agent,[8],['437413803001376768'],[],{'13392': 8},,complete,1778647659423
2026,1316899756005412864,NCAA BIG SKY,1,1360283918774853632,free_agent,[5],['465934519652839424'],[],{'13335': 5},{'5095': 5},complete,1778679468391
2026,1316899756005412864,NCAA BIG SKY,1,1360284165513170944,free_agent,[4],['519439276311531520'],[],,{'2028': 4},complete,1778679527217
2026,1316899756005412864,NCAA BIG SKY,1,1360284191006130176,free_agent,[4],['519439276311531520'],[],,{'4219': 4},complete,1778679533295
2026,1316899756005412864,NCAA BIG SKY,1,1360291266641809408,free_agent,[7],['78892531970359296'],[],,{'12496': 7},complete,1778681220258
2026,1316899756005412864,NCAA BIG SKY,1,1360291696566337536,free_agent,[7],['78892531970359296'],[],,{'12520': 7},complete,1778681322761
2026,1316899756005412864,NCAA BIG SKY,1,1360291762999939072,free_agent,[7],['78892531970359296'],[],,{'12817': 7},complete,1778681338599
2026,1316899756005412864,NCAA BIG SKY,1,1360650431398711296,free_agent,[5],['465934519652839424'],[],{'13408': 5},{'13335': 5},complete,1778766851809
2026,1316899756005412864,NCAA BIG SKY,1,1360650509546967040,free_agent,[5],['465934519652839424'],[],{'13324': 5},{'11571': 5},complete,1778766870441
2026,1316899756005412864,NCAA BIG SKY,1,1360688102347132928,free_agent,[11],['604388962898866176'],[],,{'8220': 11},complete,1778775833263
2026,1316899756005412864,NCAA BIG SKY,1,1360688244605353984,free_agent,[11],['604388962898866176'],[],,{'5916': 11},complete,1778775867180
2026,1316899756005412864,NCAA BIG SKY,1,1363927554569814016,free_agent,[7],['78892531970359296'],[],,{'17': 7},complete,1779548178860
2026,1316899756005412864,NCAA BIG SKY,1,1367917259254681600,free_agent,[5],['465934519652839424'],[],{'13066': 5},{'5119': 5},complete,1780499398581
2026,1316899756005412864,NCAA BIG SKY,1,1370908757885730816,free_agent,[3],['449327253101211648'],[],,{'6789': 3},complete,1781212627434
2026,1316899756005412864,NCAA BIG SKY,1,1373389121501827072,free_agent,[3],['449327253101211648'],[],{'5886': 3},,complete,1781803992203
2026,1316899756005412864,NCAA BIG SKY,1,1390491768528568320,free_agent,[5],['465934519652839424'],[],{'13420': 5},,complete,1785881581006
2026,1316899756005412864,NCAA BIG SKY,1,1390491785171591168,free_agent,[5],['465934519652839424'],[],{'13404': 5},,complete,1785881584974
2026,1316899756005412864,NCAA BIG SKY,1,1390491878490644480,free_agent,[5],['465934519652839424'],[],{'13335': 5},,complete,1785881607223
2026,1316899756005412864,NCAA BIG SKY,1,1390491904428212224,free_agent,[5],['465934519652839424'],[],{'13322': 5},,complete,1785881613407
2026,1316899756005412864,NCAA BIG SKY,1,1393630941229887488,free_agent,[3],['449327253101211648'],[],{'12954': 3},{'5886': 3},complete,1786630018101
2026,1316899756005412864,NCAA BIG SKY,1,1395833473360470016,free_agent,[3],['449327253101211648'],[],{'13726': 3},{'12954': 3},complete,1787155142682
2026,1316899756005412864,NCAA BIG SKY,1,1396744751973138432,free_agent,[12],['519767126595325952'],[],,{'10215': 12},complete,1787372408434
2026,1316899756005412864,NCAA BIG SKY,1,1396744839281790976,free_agent,[12],['519767126595325952'],[],,{'5185': 12},complete,1787372429250
2026,1316899756005412864,NCAA BIG SKY,1,1397299705171476480,free_agent,[12],['519767126595325952'],[],,{'8583': 12},complete,1787504719587
2026,1316899756005412864,NCAA BIG SKY,1,1397310273014005760,free_agent,[8],['437413803001376768'],[],{'13315': 8},{'11617': 8},complete,1787507239157
2026,1316899756005412864,NCAA BIG SKY,1,1399509964757680128,free_agent,[5],['465934519652839424'],[],,{'13066': 5},complete,1788031686538
2026,1316899756005412864,NCAA BIG SKY,1,1399510324872228864,free_agent,[5],['465934519652839424'],[],{'11834': 5},{'13335': 5},complete,1788031772396
2026,1316899756005412864,NCAA BIG SKY,1,1399510447090085888,free_agent,[5],['465934519652839424'],[],{'8800': 5},{'13404': 5},complete,1788031801534
2026,1316899756005412864,NCAA BIG SKY,1,1399510563247132672,free_agent,[7],['78892531970359296'],[],{'13264': 7},{'4233': 7},complete,1788031829228
2026,1316899756005412864,NCAA BIG SKY,1,1399511034502377472,free_agent,[5],['465934519652839424'],[],{'13833': 5},{'13420': 5},complete,1788031941584
2026,1316899756005412864,NCAA BIG SKY,1,1400196673589772288,free_agent,[5],['465934519652839424'],[],{'5119': 5},,complete,1788195410682
2026,1316899756005412864,NCAA BIG SKY,1,1400213815114649600,free_agent,[12],['519767126595325952'],[],{'12048': 12},{'11058': 12},complete,1788199497540
2026,1316899756005412864,NCAA BIG SKY,1,1400313640803966976,free_agent,[8],['437413803001376768'],[],{'11237': 8},,complete,1788223297839
2026,1316899756005412864,NCAA BIG SKY,1,1400313737700724736,free_agent,[8],['437413803001376768'],[],,{'12738': 8},complete,1788223320941
2026,1316899756005412864,NCAA BIG SKY,1,1400313893565288448,free_agent,[8],['437413803001376768'],[],{'13425': 8},,complete,1788223358101
2026,1316899756005412864,NCAA BIG SKY,1,1400381592802766848,free_agent,[3],['449327253101211648'],[],{'10226': 3},{'10444': 3},complete,1788239498858
2026,1316899756005412864,NCAA BIG SKY,1,1400539069120831488,free_agent,[5],['465934519652839424'],[],{'12901': 5},{'13282': 5},complete,1788277044137
2026,1316899756005412864,NCAA BIG SKY,1,1400539878369820672,free_agent,[5],['465934519652839424'],[],{'13533': 5},{'12901': 5},complete,1788277237077
2026,1316899756005412864,NCAA BIG SKY,1,1401377714723631104,free_agent,[1],['456258200757334016'],[],{'10235': 1},,complete,1788476992831
2026,1316899756005412864,NCAA BIG SKY,1,1402294169786937344,free_agent,[5],['465934519652839424'],[],,{'5119': 5},complete,1788695492744
2026,1316899756005412864,NCAA BIG SKY,1,1402522781119160320,free_agent,[10],['334014945886748672'],[],{'11510': 10},{'11636': 10},complete,1788749997933
2026,1316899756005412864,NCAA BIG SKY,1,1403113871627005952,free_agent,[4],['519439276311531520'],[],{'13968': 4},,complete,1788890924893
2026,1316899756005412864,NCAA BIG SKY,1,1403113920289337344,free_agent,[4],['519439276311531520'],[],{'5095': 4},,complete,1788890936494
2026,1316899756005412864,NCAA BIG SKY,1,1403113966346981376,free_agent,[4],['519439276311531520'],[],{'10218': 4},,complete,1788890947476
2026,1316899756005412864,NCAA BIG SKY,1,1403126191010906112,free_agent,[4],['519439276311531520'],[],,{'4666': 4},complete,1788893862062
2026,1316899756005412864,NCAA BIG SKY,1,1403511523472596992,free_agent,[2],['439255136309604352'],[],,{'1234': 2},complete,1788985732480
2026,1316899756005412864,NCAA BIG SKY,1,1403511593421099009,free_agent,[2],['439255136309604352'],[],,{'1339': 2},complete,1788985749157
2026,1316899756005412864,NCAA BIG SKY,1,1403511617852907520,free_agent,[2],['439255136309604352'],[],,{'5409': 2},complete,1788985754982
2026,1316899756005412864,NCAA BIG SKY,1,1403511632499326976,free_agent,[2],['439255136309604352'],[],,{'8670': 2},complete,1788985758475
2026,1316899756005412864,NCAA BIG SKY,1,1403783587190337536,free_agent,[11],['604388962898866176'],[],{'11571': 11},{'3199': 11},complete,1789050597526
2026,1316899756005412864,NCAA BIG SKY,1,1403783741049974784,free_agent,[11],['604388962898866176'],[],{'8119': 11},{'1689': 11},complete,1789050634209
2026,1316899756005412864,NCAA BIG SKY,1,1404197349298855936,free_agent,[3],['449327253101211648'],[],{'4574': 3},{'6130': 3},complete,1789149246100
2026,1316899756005412864,NCAA BIG SKY,1,1404672088471617536,free_agent,[5],['465934519652839424'],[],{'8127': 5},,complete,1789262432739
2026,1316899756005412864,NCAA BIG SKY,1,1405345383185383424,free_agent,[5],['465934519652839424'],[],{'3161': 5},{'12476': 5},complete,1789422958707
2026,1316899756005412864,NCAA BIG SKY,2,1405616783045484544,free_agent,[4],['519439276311531520'],[],{'9501': 4},,complete,1789487665476
2026,1316899756005412864,NCAA BIG SKY,2,1405616894408495104,free_agent,[4],['519439276311531520'],[],{'12472': 4},{'5010': 4},complete,1789487692027
2026,1316899756005412864,NCAA BIG SKY,2,1405625823116935168,free_agent,[3],['449327253101211648'],[],{'6130': 3},{'12543': 3},complete,1789489820797
2026,1316899756005412864,NCAA BIG SKY,2,1405633461313708032,trade,"[4, 7]","['519439276311531520', '78892531970359296']","[{'round': 3, 'season': '2028', 'league_id': None, 'roster_id': 4, 'owner_id': 7, 'previous_owner_id': 4}]",{'12497': 4},{'12497': 7},complete,1789491641886
2026,1316899756005412864,NCAA BIG SKY,2,1405640652737220608,free_agent,[4],['519439276311531520'],[],,{'5917': 4},complete,1789493356454
2026,1316899756005412864,NCAA BIG SKY,2,1405656408438902784,free_agent,[2],['439255136309604352'],[],,{'7561': 2},complete,1789497112906
2026,1316899756005412864,NCAA BIG SKY,2,1405902560522428416,free_agent,[7],['78892531970359296'],[],{'11729': 7},,complete,1789555800136
2026,1316899756005412864,NCAA BIG SKY,2,1407424975110991872,free_agent,[5],['465934519652839424'],[],{'5119': 5},{'11261': 5},complete,1789918772059
2026,1316899756005412864,NCAA BIG SKY,2,1407736298864713728,free_agent,[5],['465934519652839424'],[],{'11256': 5},{'13533': 5},complete,1789992997426
2026,1316899756005412864,NCAA BIG SKY,3,1408124716882964480,free_agent,[12],['519767126595325952'],[],{'11608': 12},,complete,1790085603498
2026,1316899756005412864,NCAA BIG SKY,3,1408692700848381952,free_agent,[10],['334014945886748672'],[],,{'6824': 10},complete,1790221021428
2026,1316899756005412864,NCAA BIG SKY,3,1408692719735328768,free_agent,[10],['334014945886748672'],[],,{'14031': 10},complete,1790221025932
2026,1316899756005412864,NCAA BIG SKY,3,1408692746272665600,free_agent,[10],['334014945886748672'],[],,{'6850': 10},complete,1790221032258
2026,1316899756005412864,NCAA BIG SKY,3,1408692800991637504,free_agent,[10],['334014945886748672'],[],,{'4381': 10},complete,1790221045305
2026,1316899756005412864,NCAA BIG SKY,3,1408692819048022016,free_agent,[10],['334014945886748672'],[],,{'5230': 10},complete,1790221049609
2026,1316899756005412864,NCAA BIG SKY,3,1408692854166921216,free_agent,[10],['334014945886748672'],[],,{'13327': 10},complete,1790221057982
2026,1316899756005412864,NCAA BIG SKY,3,1408692874207354880,free_agent,[10],['334014945886748672'],[],,{'13946': 10},complete,1790221062760
2026,1316899756005412864,NCAA BIG SKY,3,1408692900375609344,free_agent,[10],['334014945886748672'],[],,{'13403': 10},complete,1790221069000
2026,1316899756005412864,NCAA BIG SKY,3,1408692924861968384,free_agent,[10],['334014945886748672'],[],,{'14005': 10},complete,1790221074837
2026,1316899756005412864,NCAA BIG SKY,3,1408692955199328256,free_agent,[3],['449327253101211648'],[],{'1339': 3},{'4574': 3},complete,1790221082070
2026,1316899756005412864,NCAA BIG SKY,3,1408692967400546304,free_agent,[10],['334014945886748672'],[],,{'7565': 10},complete,1790221084979
2026,1316899756005412864,NCAA BIG SKY,3,1409013979803602944,free_agent,[1],['456258200757334016'],[],{'1737': 1},,complete,1790297620300
2026,1316899756005412864,NCAA BIG SKY,3,1410472256743784448,free_agent,[5],['465934519652839424'],[],{'11261': 5},{'3161': 5},complete,1790645300616
2026,1316899756005412864,NCAA BIG SKY,4,1411196959728947200,free_agent,[3],['449327253101211648'],[],{'12718': 3},{'12511': 3},complete,1790818083272
2026,1316899756005412864,NCAA BIG SKY,4,1412202030218444800,free_agent,[4],['519439276311531520'],[],{'3155': 4},{'4082': 4},complete,1791057710751
2026,1316899756005412864,NCAA BIG SKY,4,1412487827056230400,free_agent,[8],['437413803001376768'],[],{'11157': 8},,complete,1791125850026
2026,1316899756005412864,NCAA BIG SKY,4,1412542018688647168,free_agent,[4],['519439276311531520'],[],{'13150': 4},{'11621': 4},complete,1791138770318
2026,1316899756005412864,NCAA BIG SKY,4,1412615238221582336,free_agent,[12],['519767126595325952'],[],,{'4234': 12},complete,1791156227216
2026,1316899756005412864,NCAA BIG SKY,4,1412615571471597568,free_agent,[12],['519767126595325952'],[],{'13420': 12},,complete,1791156306668
2026,1316899756005412864,NCAA BIG SKY,5,1413231561779814400,free_agent,[4],['519439276311531520'],[],{'7039': 4},{'10216': 4},complete,1791303170203
2026,1331774630620332032,NCAA HISTORICALLY BLACK,1,1343798790263435264,free_agent,[6],['692168840821411840'],[],,{'9220': 6},complete,1774749107474
2026,1331774630620332032,NCAA HISTORICALLY BLACK,1,1343798829786361856,free_agent,[6],['692168840821411840'],[],,{'6290': 6},complete,1774749116897
2026,1331774630620332032,NCAA HISTORICALLY BLACK,1,1343798873990139904,free_agent,[6],['692168840821411840'],[],,{'1689': 6},complete,1774749127436
2026,1331774630620332032,NCAA HISTORICALLY BLACK,1,1343799217428123648,free_agent,[6],['692168840821411840'],[],,{'12539': 6},complete,1774749209318
2026,1331774630620332032,NCAA HISTORICALLY BLACK,1,1387053293418606592,free_agent,[2],['1240179381624655872'],[],{'12467': 2},,complete,1785061784657
2026,1331774630620332032,NCAA HISTORICALLY BLACK,1,1387053316134965248,free_agent,[2],['1240179381624655872'],[],{'12541': 2},,complete,1785061790072
2026,1331774630620332032,NCAA HISTORICALLY BLACK,1,1387053335193853952,free_agent,[2],['1240179381624655872'],[],{'12470': 2},,complete,1785061794617
2026,1331774630620332032,NCAA HISTORICALLY BLACK,1,1387053353128701952,free_agent,[2],['1240179381624655872'],[],{'8161': 2},,complete,1785061798893
2026,1331774630620332032,NCAA HISTORICALLY BLACK,1,1387053472725078016,free_agent,[2],['1240179381624655872'],[],{'12482': 2},,complete,1785061827406
2026,1331774630620332032,NCAA HISTORICALLY BLACK,1,1387053496259342336,free_agent,[2],['1240179381624655872'],[],{'12543': 2},,complete,1785061833018
2026,1331774630620332032,NCAA HISTORICALLY BLACK,1,1387053645694005248,free_agent,[2],['1240179381624655872'],[],{'12185': 2},,complete,1785061868645
2026,1331774630620332032,NCAA HISTORICALLY BLACK,1,1387053792406544384,free_agent,[2],['1240179381624655872'],[],{'6083': 2},,complete,1785061903624
2026,1331774630620332032,NCAA HISTORICALLY BLACK,1,1390447467337613312,free_agent,[4],['471080793406435328'],[],,{'3269': 4},complete,1785871018779
2026,1331774630620332032,NCAA HISTORICALLY BLACK,1,1390447932213325824,free_agent,[4],['471080793406435328'],[],,{'5374': 4},complete,1785871129614
2026,1331774630620332032,NCAA HISTORICALLY BLACK,1,1390448051209908224,free_agent,[4],['471080793406435328'],[],,{'6963': 4},complete,1785871157986
2026,1331774630620332032,NCAA HISTORICALLY BLACK,1,1390750009254760448,free_agent,[1],['471427194132885504'],[],,{'8932': 1},complete,1785943150393
2026,1331774630620332032,NCAA HISTORICALLY BLACK,1,1390750053949243392,free_agent,[1],['471427194132885504'],[],,{'5230': 1},complete,1785943161049
2026,1331774630620332032,NCAA HISTORICALLY BLACK,1,1390750230005182464,free_agent,[1],['471427194132885504'],[],,{'11377': 1},complete,1785943203024
2026,1331774630620332032,NCAA HISTORICALLY BLACK,1,1390750309277532160,free_agent,[1],['471427194132885504'],[],,{'8200': 1},complete,1785943221924
2026,1331774630620332032,NCAA HISTORICALLY BLACK,1,1390750362696183808,free_agent,[12],['520088376557371392'],[],,{'2161': 12},complete,1785943234660
2026,1331774630620332032,NCAA HISTORICALLY BLACK,1,1390750777928056832,free_agent,[12],['520088376557371392'],[],,{'8221': 12},complete,1785943333659
2026,1331774630620332032,NCAA HISTORICALLY BLACK,1,1390750798220115968,free_agent,[1],['471427194132885504'],[],,{'11748': 1},complete,1785943338497
2026,1331774630620332032,NCAA HISTORICALLY BLACK,1,1390750862212595712,free_agent,[1],['471427194132885504'],[],{'13545': 1},,complete,1785943353754
2026,1331774630620332032,NCAA HISTORICALLY BLACK,1,1390751132044779520,free_agent,[1],['471427194132885504'],[],{'12860': 1},{'12670': 1},complete,1785943418088
2026,1331774630620332032,NCAA HISTORICALLY BLACK,1,1390751141989474304,free_agent,[12],['520088376557371392'],[],,{'503': 12},complete,1785943420458
2026,1331774630620332032,NCAA HISTORICALLY BLACK,1,1390751308251668480,free_agent,[12],['520088376557371392'],[],,{'6074': 12},complete,1785943460098
2026,1331774630620332032,NCAA HISTORICALLY BLACK,1,1390751562552320000,free_agent,[1],['471427194132885504'],[],{'13066': 1},{'8122': 1},complete,1785943520728
2026,1331774630620332032,NCAA HISTORICALLY BLACK,1,1390751820342632448,free_agent,[12],['520088376557371392'],[],{'7608': 12},{'4098': 12},complete,1785943582191
2026,1331774630620332032,NCAA HISTORICALLY BLACK,1,1390752155744370688,free_agent,[1],['471427194132885504'],[],{'13833': 1},{'9757': 1},complete,1785943662156
2026,1331774630620332032,NCAA HISTORICALLY BLACK,1,1390752383285329920,free_agent,[12],['520088376557371392'],[],{'13424': 12},{'9490': 12},complete,1785943716406
2026,1331774630620332032,NCAA HISTORICALLY BLACK,1,1390753779149701120,free_agent,[12],['520088376557371392'],[],,{'8219': 12},complete,1785944049207
2026,1331774630620332032,NCAA HISTORICALLY BLACK,1,1390753836699754496,free_agent,[12],['520088376557371392'],[],{'13394': 12},,complete,1785944062927
2026,1331774630620332032,NCAA HISTORICALLY BLACK,1,1391210265407668224,free_agent,[2],['1240179381624655872'],[],,{'11311': 2},complete,1786052884011
2026,1331774630620332032,NCAA HISTORICALLY BLACK,1,1391210286807019520,free_agent,[2],['1240179381624655872'],[],,{'8181': 2},complete,1786052889113
2026,1331774630620332032,NCAA HISTORICALLY BLACK,1,1391210321187717120,free_agent,[2],['1240179381624655872'],[],,{'8414': 2},complete,1786052897310
2026,1331774630620332032,NCAA HISTORICALLY BLACK,1,1391210335758721024,free_agent,[2],['1240179381624655872'],[],,{'10221': 2},complete,1786052900784
2026,1331774630620332032,NCAA HISTORICALLY BLACK,1,1391210365924163584,free_agent,[2],['1240179381624655872'],[],,{'2749': 2},complete,1786052907976
2026,1331774630620332032,NCAA HISTORICALLY BLACK,1,1391210444265394177,free_agent,[2],['1240179381624655872'],[],{'13413': 2},,complete,1786052926654
2026,1331774630620332032,NCAA HISTORICALLY BLACK,1,1391210732724432896,free_agent,[2],['1240179381624655872'],[],{'13296': 2},,complete,1786052995428
2026,1331774630620332032,NCAA HISTORICALLY BLACK,1,1391745048382574592,free_agent,[11],['327614483000217600'],[],,{'6011': 11},complete,1786180386209
2026,1331774630620332032,NCAA HISTORICALLY BLACK,1,1391745073284157440,free_agent,[11],['327614483000217600'],[],,{'2307': 11},complete,1786180392146
2026,1331774630620332032,NCAA HISTORICALLY BLACK,1,1391745108159770624,free_agent,[11],['327614483000217600'],[],,{'827': 11},complete,1786180400461
2026,1331774630620332032,NCAA HISTORICALLY BLACK,1,1391745135519215616,free_agent,[11],['327614483000217600'],[],,{'11588': 11},complete,1786180406983
2026,1331774630620332032,NCAA HISTORICALLY BLACK,1,1391745178271768576,free_agent,[11],['327614483000217600'],[],,{'6144': 11},complete,1786180417176
2026,1331774630620332032,NCAA HISTORICALLY BLACK,1,1391745231023542272,free_agent,[11],['327614483000217600'],[],,{'12472': 11},complete,1786180429753
2026,1331774630620332032,NCAA HISTORICALLY BLACK,1,1391745308290985984,free_agent,[11],['327614483000217600'],[],,{'7716': 11},complete,1786180448176
2026,1331774630620332032,NCAA HISTORICALLY BLACK,1,1391745672390152192,free_agent,[11],['327614483000217600'],[],,{'6853': 11},complete,1786180534983
2026,1331774630620332032,NCAA HISTORICALLY BLACK,1,1391745719085338624,free_agent,[11],['327614483000217600'],[],,{'10444': 11},complete,1786180546116
2026,1331774630620332032,NCAA HISTORICALLY BLACK,1,1391746226415734784,free_agent,[11],['327614483000217600'],[],{'13411': 11},,complete,1786180667074
2026,1331774630620332032,NCAA HISTORICALLY BLACK,1,1391746307206443008,free_agent,[11],['327614483000217600'],[],{'13270': 11},,complete,1786180686335
2026,1331774630620332032,NCAA HISTORICALLY BLACK,1,1391746389108625408,free_agent,[11],['327614483000217600'],[],{'13420': 11},,complete,1786180705862
2026,1331774630620332032,NCAA HISTORICALLY BLACK,1,1394669002302689280,free_agent,[4],['471080793406435328'],[],,{'10216': 4},complete,1786877511147
2026,1331774630620332032,NCAA HISTORICALLY BLACK,1,1394669061106860032,free_agent,[4],['471080793406435328'],[],,{'4234': 4},complete,1786877525167
2026,1331774630620332032,NCAA HISTORICALLY BLACK,1,1394669131248181248,free_agent,[4],['471080793406435328'],[],,{'11636': 4},complete,1786877541890
2026,1331774630620332032,NCAA HISTORICALLY BLACK,1,1394669356096430080,free_agent,[4],['471080793406435328'],[],,{'11306': 4},complete,1786877595498
2026,1331774630620332032,NCAA HISTORICALLY BLACK,1,1394669436123754496,free_agent,[4],['471080793406435328'],[],{'13315': 4},,complete,1786877614578
2026,1331774630620332032,NCAA HISTORICALLY BLACK,1,1394756756868976640,free_agent,[6],['692168840821411840'],[],,{'4988': 6},complete,1786898433466
2026,1331774630620332032,NCAA HISTORICALLY BLACK,1,1394756835201806336,free_agent,[6],['692168840821411840'],[],,{'5955': 6},complete,1786898452142
2026,1331774630620332032,NCAA HISTORICALLY BLACK,1,1394757013015121920,free_agent,[6],['692168840821411840'],[],,{'17': 6},complete,1786898494536
2026,1331774630620332032,NCAA HISTORICALLY BLACK,1,1394757104778084352,free_agent,[6],['692168840821411840'],[],{'13726': 6},,complete,1786898516414
2026,1331774630620332032,NCAA HISTORICALLY BLACK,1,1394757204271169536,free_agent,[6],['692168840821411840'],[],{'13434': 6},,complete,1786898540136
2026,1331774630620332032,NCAA HISTORICALLY BLACK,1,1394847261137068032,free_agent,[9],['1260322259726249984'],[],,{'6945': 9},complete,1786920011365
2026,1331774630620332032,NCAA HISTORICALLY BLACK,1,1394847331102253056,free_agent,[9],['1260322259726249984'],[],,{'2374': 9},complete,1786920028046
2026,1331774630620332032,NCAA HISTORICALLY BLACK,1,1394847361322205184,free_agent,[9],['1260322259726249984'],[],,{'2197': 9},complete,1786920035251
2026,1331774630620332032,NCAA HISTORICALLY BLACK,1,1394847528419065856,free_agent,[9],['1260322259726249984'],[],,{'11789': 9},complete,1786920075090
2026,1331774630620332032,NCAA HISTORICALLY BLACK,1,1394847814109917184,free_agent,[9],['1260322259726249984'],[],,{'8254': 9},complete,1786920143204
2026,1331774630620332032,NCAA HISTORICALLY BLACK,1,1398283831332630528,free_agent,[1],['471427194132885504'],[],,{'12718': 1},complete,1787739353549
2026,1331774630620332032,NCAA HISTORICALLY BLACK,1,1398284742343839744,free_agent,[1],['471427194132885504'],[],{'13533': 1},{'12860': 1},complete,1787739570751
2026,1331774630620332032,NCAA HISTORICALLY BLACK,1,1400353737800699904,free_agent,[8],['467835045181124608'],[],,{'4602': 8},complete,1788232857707
2026,1331774630620332032,NCAA HISTORICALLY BLACK,1,1400353787796815872,free_agent,[8],['467835045181124608'],[],,{'4973': 8},complete,1788232869627
2026,1331774630620332032,NCAA HISTORICALLY BLACK,1,1400353812824268800,free_agent,[8],['467835045181124608'],[],,{'7602': 8},complete,1788232875594
2026,1331774630620332032,NCAA HISTORICALLY BLACK,1,1400353846294740992,free_agent,[8],['467835045181124608'],[],,{'5010': 8},complete,1788232883574
2026,1331774630620332032,NCAA HISTORICALLY BLACK,1,1400353926682804224,free_agent,[8],['467835045181124608'],[],,{'5185': 8},complete,1788232902740
2026,1331774630620332032,NCAA HISTORICALLY BLACK,1,1400353970450403328,free_agent,[8],['467835045181124608'],[],,{'6814': 8},complete,1788232913175
2026,1331774630620332032,NCAA HISTORICALLY BLACK,1,1400354018554875904,free_agent,[8],['467835045181124608'],[],,{'13300': 8},complete,1788232924644
2026,1331774630620332032,NCAA HISTORICALLY BLACK,1,1400354051962462208,free_agent,[8],['467835045181124608'],[],,{'7720': 8},complete,1788232932610
2026,1331774630620332032,NCAA HISTORICALLY BLACK,1,1400354084770336768,free_agent,[8],['467835045181124608'],[],,{'1837': 8},complete,1788232940431
2026,1331774630620332032,NCAA HISTORICALLY BLACK,1,1400354154639060992,free_agent,[8],['467835045181124608'],[],,{'8159': 8},complete,1788232957090
2026,1331774630620332032,NCAA HISTORICALLY BLACK,1,1400478739506167808,free_agent,[2],['1240179381624655872'],[],{'13264': 2},{'4040': 2},complete,1788262660436
2026,1331774630620332032,NCAA HISTORICALLY BLACK,1,1400478900726808576,free_agent,[2],['1240179381624655872'],[],{'12048': 2},,complete,1788262698874
2026,1331774630620332032,NCAA HISTORICALLY BLACK,1,1400479125872857088,free_agent,[2],['1240179381624655872'],[],{'13306': 2},,complete,1788262752554
2026,1331774630620332032,NCAA HISTORICALLY BLACK,1,1400479163965579264,free_agent,[2],['1240179381624655872'],[],{'13423': 2},,complete,1788262761635
2026,1331774630620332032,NCAA HISTORICALLY BLACK,1,1400479240104747008,free_agent,[2],['1240179381624655872'],[],{'13329': 2},{'10937': 2},complete,1788262779789
2026,1331774630620332032,NCAA HISTORICALLY BLACK,1,1400521228325797888,free_agent,[1],['471427194132885504'],[],{'11370': 1},{'13066': 1},complete,1788272790560
2026,1331774630620332032,NCAA HISTORICALLY BLACK,1,1401900622550183936,free_agent,[1],['471427194132885504'],[],{'10235': 1},{'11653': 1},complete,1788601663771
2026,1331774630620332032,NCAA HISTORICALLY BLACK,1,1401921344802668544,free_agent,[1],['471427194132885504'],[],{'11237': 1},{'11623': 1},complete,1788606604341
2026,1331774630620332032,NCAA HISTORICALLY BLACK,1,1402082040156848128,free_agent,[11],['327614483000217600'],[],{'13968': 11},{'13416': 11},complete,1788644917100
2026,1331774630620332032,NCAA HISTORICALLY BLACK,1,1403559943453335552,free_agent,[2],['1240179381624655872'],[],,{'4666': 2},complete,1788997276704
2026,1331774630620332032,NCAA HISTORICALLY BLACK,1,1403560116011188224,free_agent,[2],['1240179381624655872'],[],{'13324': 2},{'7587': 2},complete,1788997317845
2026,1331774630620332032,NCAA HISTORICALLY BLACK,1,1403560181303963648,free_agent,[2],['1240179381624655872'],[],{'13602': 2},{'11599': 2},complete,1788997333411
2026,1331774630620332032,NCAA HISTORICALLY BLACK,1,1403650976933498880,free_agent,[6],['692168840821411840'],[],{'8127': 6},,complete,1789018980776
2026,1331774630620332032,NCAA HISTORICALLY BLACK,1,1403650993425522688,free_agent,[6],['692168840821411840'],[],{'12491': 6},,complete,1789018984709
2026,1331774630620332032,NCAA HISTORICALLY BLACK,1,1403651094885769216,free_agent,[6],['692168840821411840'],[],{'3286': 6},{'6920': 6},complete,1789019008899
2026,1331774630620332032,NCAA HISTORICALLY BLACK,1,1403651123381817344,free_agent,[6],['692168840821411840'],[],{'11592': 6},{'5096': 6},complete,1789019015693
2026,1331774630620332032,NCAA HISTORICALLY BLACK,1,1403869140015382528,free_agent,[6],['692168840821411840'],[],,{'11261': 6},complete,1789070994909
2026,1331774630620332032,NCAA HISTORICALLY BLACK,1,1404327884964773888,free_agent,[4],['471080793406435328'],[],{'13477': 4},,complete,1789180368228
2026,1331774630620332032,NCAA HISTORICALLY BLACK,1,1404760088756887552,free_agent,[4],['471080793406435328'],[],{'4574': 4},,complete,1789283413641
2026,1331774630620332032,NCAA HISTORICALLY BLACK,1,1404892213942452224,trade,"[6, 12]","['692168840821411840', '520088376557371392']","[{'round': 3, 'season': '2028', 'league_id': None, 'roster_id': 6, 'owner_id': 12, 'previous_owner_id': 6}, {'round': 4, 'season': '2028', 'league_id': None, 'roster_id': 6, 'owner_id': 12, 'previous_owner_id': 6}]",{'MIA': 6},{'MIA': 12},complete,1789314914740
2026,1331774630620332032,NCAA HISTORICALLY BLACK,1,1405040710591188992,free_agent,[1],['471427194132885504'],[],{'9757': 1},{'10235': 1},complete,1789350319101
2026,1331774630620332032,NCAA HISTORICALLY BLACK,2,1405834011313438720,free_agent,[1],['471427194132885504'],[],{'12472': 1},{'13347': 1},complete,1789539456732
2026,1331774630620332032,NCAA HISTORICALLY BLACK,2,1406025799248666624,free_agent,[11],['327614483000217600'],[],{'5854': 11},,complete,1789585182539
2026,1331774630620332032,NCAA HISTORICALLY BLACK,2,1406025824867504128,free_agent,[11],['327614483000217600'],[],{'11261': 11},,complete,1789585188646
2026,1331774630620332032,NCAA HISTORICALLY BLACK,2,1406262005718888448,free_agent,[11],['327614483000217600'],[],{'6931': 11},,complete,1789641498549
2026,1331774630620332032,NCAA HISTORICALLY BLACK,2,1406262095841869824,free_agent,[11],['327614483000217600'],[],{'13347': 11},{'4233': 11},complete,1789641520037
2026,1331774630620332032,NCAA HISTORICALLY BLACK,3,1408059108849979392,free_agent,[11],['327614483000217600'],[],{'2307': 11},{'12485': 11},complete,1790069961324
2026,1331774630620332032,NCAA HISTORICALLY BLACK,3,1408059146296623104,free_agent,[11],['327614483000217600'],[],{'11256': 11},{'12544': 11},complete,1790069970252
2026,1331774630620332032,NCAA HISTORICALLY BLACK,3,1410403768415105024,free_agent,[6],['692168840821411840'],[],,{'6699': 6},complete,1790628971726
2026,1331774630620332032,NCAA HISTORICALLY BLACK,3,1410404126835101696,free_agent,[6],['692168840821411840'],[],{'3269': 6},{'5973': 6},complete,1790629057180
2026,1331774630620332032,NCAA HISTORICALLY BLACK,3,1410490884046299136,free_agent,[1],['471427194132885504'],[],{'12718': 1},{'11237': 1},complete,1790649741711
2026,1331774630620332032,NCAA HISTORICALLY BLACK,4,1411364525067849728,free_agent,[11],['327614483000217600'],[],{'1737': 11},{'3161': 11},complete,1790858033962
2026,1331774630620332032,NCAA HISTORICALLY BLACK,4,1411364609092317184,free_agent,[11],['327614483000217600'],[],{'13425': 11},{'6931': 11},complete,1790858053996
2026,1331774630620332032,NCAA HISTORICALLY BLACK,4,1412460798973902848,free_agent,[4],['471080793406435328'],[],{'11157': 4},{'4574': 4},complete,1791119406029
2026,1331774630620332032,NCAA HISTORICALLY BLACK,4,1412542327439761408,free_agent,[12],['520088376557371392'],[],{'13150': 12},,complete,1791138843930
2026,1331774630620332032,NCAA HISTORICALLY BLACK,5,1413196035265773568,free_agent,[11],['327614483000217600'],[],{'7039': 11},{'2307': 11},complete,1791294700022
2026,1331774741488369664,NCAA IVY,1,1331961598666878976,free_agent,[5],['395321276102627328'],[],,{'10214': 5},complete,1771926901073
2026,1331774741488369664,NCAA IVY,1,1331962180110659584,free_agent,[5],['395321276102627328'],[],,{'4574': 5},complete,1771927039700
2026,1331774741488369664,NCAA IVY,1,1331962240244408320,free_agent,[5],['395321276102627328'],[],,{'8139': 5},complete,1771927054037
2026,1331774741488369664,NCAA IVY,1,1331962379478528000,free_agent,[5],['395321276102627328'],[],,{'6126': 5},complete,1771927087233
2026,1331774741488369664,NCAA IVY,1,1331965167801487360,free_agent,[10],['1142198466060402688'],[],,{'8122': 10},complete,1771927752021
2026,1331774741488369664,NCAA IVY,1,1331965475243950080,free_agent,[10],['1142198466060402688'],[],,{'7757': 10},complete,1771927825321
2026,1331774741488369664,NCAA IVY,1,1331965620979236864,free_agent,[10],['1142198466060402688'],[],,{'12866': 10},complete,1771927860067
2026,1331774741488369664,NCAA IVY,1,1336964765758525440,free_agent,[1],['470912510262767616'],[],,{'7535': 1},complete,1773119749062
2026,1331774741488369664,NCAA IVY,1,1336964922977849344,free_agent,[1],['470912510262767616'],[],,{'10871': 1},complete,1773119786546
2026,1331774741488369664,NCAA IVY,1,1338112712571355136,free_agent,[7],['1135784589957652480'],[],,{'12538': 7},complete,1773393440910
2026,1331774741488369664,NCAA IVY,1,1338112734444662784,free_agent,[7],['1135784589957652480'],[],,{'12775': 7},complete,1773393446125
2026,1331774741488369664,NCAA IVY,1,1338112767797780480,free_agent,[7],['1135784589957652480'],[],,{'331': 7},complete,1773393454077
2026,1331774741488369664,NCAA IVY,1,1338112880481947655,free_agent,[7],['1135784589957652480'],[],,{'2749': 7},complete,1773393480943
2026,1331774741488369664,NCAA IVY,1,1338113234523140096,free_agent,[7],['1135784589957652480'],[],,{'4171': 7},complete,1773393565353
2026,1331774741488369664,NCAA IVY,1,1338113418594381824,free_agent,[7],['1135784589957652480'],[],,{'4040': 7},complete,1773393609239
2026,1331774741488369664,NCAA IVY,1,1338115134240849920,free_agent,[7],['1135784589957652480'],[],{'12897': 7},,complete,1773394018281
2026,1331774741488369664,NCAA IVY,1,1354921930448191488,free_agent,[11],['460895027179024384'],[],,{'6828': 11},complete,1777401070752
2026,1331774741488369664,NCAA IVY,1,1355376872535379968,free_agent,[11],['460895027179024384'],[],,{'7561': 11},complete,1777509537399
2026,1331774741488369664,NCAA IVY,1,1357064089238503424,free_agent,[9],['1402806331622043648'],[],,{'10866': 9},complete,1777911801208
2026,1331774741488369664,NCAA IVY,1,1357064166078177280,free_agent,[9],['1402806331622043648'],[],,{'7610': 9},complete,1777911819527
2026,1331774741488369664,NCAA IVY,1,1357064216112033792,free_agent,[9],['1402806331622043648'],[],,{'11588': 9},complete,1777911831457
2026,1331774741488369664,NCAA IVY,1,1357064293673086976,free_agent,[9],['1402806331622043648'],[],,{'11640': 9},complete,1777911849948
2026,1331774741488369664,NCAA IVY,1,1357064491853967360,free_agent,[9],['1402806331622043648'],[],,{'12817': 9},complete,1777911897198
2026,1331774741488369664,NCAA IVY,1,1357064517896372224,free_agent,[9],['1402806331622043648'],[],,{'12961': 9},complete,1777911903407
2026,1331774741488369664,NCAA IVY,1,1357064929844154368,free_agent,[9],['1402806331622043648'],[],,{'4195': 9},complete,1777912001624
2026,1331774741488369664,NCAA IVY,1,1357065544162906112,free_agent,[9],['1402806331622043648'],[],,{'11562': 9},complete,1777912148089
2026,1331774741488369664,NCAA IVY,1,1357068648488910848,free_agent,[9],['1402806331622043648'],[],,{'12738': 9},complete,1777912888217
2026,1331774741488369664,NCAA IVY,1,1357584205571166209,free_agent,[12],['464595147808567296'],[],,{'5096': 12},complete,1778035806604
2026,1331774741488369664,NCAA IVY,1,1357584439785312256,free_agent,[12],['464595147808567296'],[],,{'11582': 12},complete,1778035862445
2026,1331774741488369664,NCAA IVY,1,1357584622258503680,free_agent,[12],['464595147808567296'],[],,{'5374': 12},complete,1778035905950
2026,1331774741488369664,NCAA IVY,1,1358350311177068544,free_agent,[7],['1135784589957652480'],[],,{'12897': 7},complete,1778218460414
2026,1331774741488369664,NCAA IVY,1,1358350330265354240,free_agent,[7],['1135784589957652480'],[],,{'11299': 7},complete,1778218464965
2026,1331774741488369664,NCAA IVY,1,1358350433172602880,free_agent,[7],['1135784589957652480'],[],,{'12658': 7},complete,1778218489500
2026,1331774741488369664,NCAA IVY,1,1358350502181494784,free_agent,[7],['1135784589957652480'],[],,{'12634': 7},complete,1778218505953
2026,1331774741488369664,NCAA IVY,1,1358350606351224832,free_agent,[7],['1135784589957652480'],[],,{'8160': 7},complete,1778218530789
2026,1331774741488369664,NCAA IVY,1,1358944936027750400,free_agent,[2],['730628287012921344'],[],{'4195': 2},,complete,1778360230027
2026,1331774741488369664,NCAA IVY,1,1358944985629589504,free_agent,[2],['730628287012921344'],[],{'6011': 2},,complete,1778360241852
2026,1331774741488369664,NCAA IVY,1,1358945052172251136,free_agent,[2],['730628287012921344'],[],{'12738': 2},,complete,1778360257718
2026,1331774741488369664,NCAA IVY,1,1358945129930444800,free_agent,[2],['730628287012921344'],[],{'11370': 2},,complete,1778360276256
2026,1331774741488369664,NCAA IVY,1,1358945432658546688,free_agent,[2],['730628287012921344'],[],{'6828': 2},,complete,1778360348433
2026,1331774741488369664,NCAA IVY,1,1358945478242222080,free_agent,[2],['730628287012921344'],[],{'11729': 2},,complete,1778360359300
2026,1331774741488369664,NCAA IVY,1,1358945745964658688,free_agent,[2],['730628287012921344'],[],{'9227': 2},,complete,1778360423130
2026,1331774741488369664,NCAA IVY,1,1359719947302883328,trade,"[2, 11]","['730628287012921344', '460895027179024384']","[{'round': 1, 'season': '2026', 'league_id': None, 'roster_id': 11, 'owner_id': 2, 'previous_owner_id': 11}, {'round': 1, 'season': '2026', 'league_id': None, 'roster_id': 2, 'owner_id': 11, 'previous_owner_id': 2}, {'round': 3, 'season': '2026', 'league_id': None, 'roster_id': 2, 'owner_id': 11, 'previous_owner_id': 2}]","{'11566': 2, '3163': 11}","{'11566': 11, '3163': 2}",complete,1778545007114
2026,1331774741488369664,NCAA IVY,1,1359740962070339584,free_agent,[11],['460895027179024384'],[],,{'7595': 11},complete,1778550017424
2026,1331774741488369664,NCAA IVY,1,1361592472106434560,trade,"[1, 10]","['470912510262767616', '1142198466060402688']","[{'round': 1, 'season': '2026', 'league_id': None, 'roster_id': 1, 'owner_id': 10, 'previous_owner_id': 1}, {'round': 1, 'season': '2027', 'league_id': None, 'roster_id': 10, 'owner_id': 1, 'previous_owner_id': 10}]",,,complete,1778991451816
2026,1331774741488369664,NCAA IVY,1,1361671371163176960,trade,"[2, 9]","['730628287012921344', '1402806331622043648']","[{'round': 1, 'season': '2026', 'league_id': None, 'roster_id': 11, 'owner_id': 9, 'previous_owner_id': 2}, {'round': 1, 'season': '2026', 'league_id': None, 'roster_id': 9, 'owner_id': 2, 'previous_owner_id': 9}, {'round': 2, 'season': '2026', 'league_id': None, 'roster_id': 9, 'owner_id': 9, 'previous_owner_id': 2}]",,,complete,1779010262817
2026,1331774741488369664,NCAA IVY,1,1362276102088691712,free_agent,[8],['461688192555282432'],[],,{'11377': 8},complete,1779154441905
2026,1331774741488369664,NCAA IVY,1,1362276220204507136,free_agent,[8],['461688192555282432'],[],,{'11994': 8},complete,1779154470066
2026,1331774741488369664,NCAA IVY,1,1362276256850116608,free_agent,[8],['461688192555282432'],[],,{'5133': 8},complete,1779154478804
2026,1331774741488369664,NCAA IVY,1,1362276641211940864,free_agent,[8],['461688192555282432'],[],,{'6151': 8},complete,1779154570442
2026,1331774741488369664,NCAA IVY,1,1362276794501169152,free_agent,[8],['461688192555282432'],[],,{'6943': 8},complete,1779154606989
2026,1331774741488369664,NCAA IVY,1,1363222693133975552,free_agent,[10],['1142198466060402688'],[],,{'3200': 10},complete,1779380126797
2026,1331774741488369664,NCAA IVY,1,1363223114074329088,free_agent,[10],['1142198466060402688'],[],,{'12539': 10},complete,1779380227157
2026,1331774741488369664,NCAA IVY,1,1363223401803583488,free_agent,[10],['1142198466060402688'],[],,{'1234': 10},complete,1779380295758
2026,1331774741488369664,NCAA IVY,1,1363223517314699264,free_agent,[10],['1142198466060402688'],[],,{'2505': 10},complete,1779380323298
2026,1331774741488369664,NCAA IVY,1,1363226942404329472,trade,"[10, 11]","['1142198466060402688', '460895027179024384']","[{'round': 2, 'season': '2026', 'league_id': None, 'roster_id': 11, 'owner_id': 10, 'previous_owner_id': 11}]",{'8210': 11},{'8210': 10},complete,1779381139902
2026,1331774741488369664,NCAA IVY,1,1363909334471299072,free_agent,[11],['460895027179024384'],[],,{'3202': 11},complete,1779543834849
2026,1331774741488369664,NCAA IVY,1,1364390498034274304,trade,"[2, 10]","['730628287012921344', '1142198466060402688']","[{'round': 3, 'season': '2027', 'league_id': None, 'roster_id': 10, 'owner_id': 2, 'previous_owner_id': 10}, {'round': 4, 'season': '2026', 'league_id': None, 'roster_id': 2, 'owner_id': 10, 'previous_owner_id': 2}, {'round': 4, 'season': '2027', 'league_id': None, 'roster_id': 2, 'owner_id': 10, 'previous_owner_id': 2}]","{'11435': 2, '1466': 10}","{'11435': 10, '1466': 2}",complete,1779658553183
2026,1331774741488369664,NCAA IVY,1,1364635078864429056,free_agent,[11],['460895027179024384'],[],,{'7891': 11},complete,1779716865796
2026,1331774741488369664,NCAA IVY,1,1364643599009976320,free_agent,[8],['461688192555282432'],[],,{'11623': 8},complete,1779718897157
2026,1331774741488369664,NCAA IVY,1,1364643758141870080,free_agent,[8],['461688192555282432'],[],,{'6945': 8},complete,1779718935097
2026,1331774741488369664,NCAA IVY,1,1364644124229144576,free_agent,[8],['461688192555282432'],[],,{'4233': 8},complete,1779719022379
2026,1331774741488369664,NCAA IVY,1,1364727613133709312,free_agent,[2],['730628287012921344'],[],{'13411': 2},{'11895': 2},complete,1779738927686
2026,1331774741488369664,NCAA IVY,1,1364727671845588992,free_agent,[2],['730628287012921344'],[],{'13306': 2},{'2410': 2},complete,1779738941683
2026,1331774741488369664,NCAA IVY,1,1364727985474654208,free_agent,[12],['464595147808567296'],[],,{'17': 12},complete,1779739016458
2026,1331774741488369664,NCAA IVY,1,1364728108309045248,free_agent,[12],['464595147808567296'],[],,{'11574': 12},complete,1779739045744
2026,1331774741488369664,NCAA IVY,1,1364728242275110912,free_agent,[2],['730628287012921344'],[],{'13420': 2},{'7050': 2},complete,1779739077684
2026,1331774741488369664,NCAA IVY,1,1364728295542771712,free_agent,[2],['730628287012921344'],[],{'13338': 2},{'6853': 2},complete,1779739090384
2026,1331774741488369664,NCAA IVY,1,1364728420256215040,free_agent,[2],['730628287012921344'],[],{'13424': 2},{'9227': 2},complete,1779739120119
2026,1331774741488369664,NCAA IVY,1,1364728759940313088,free_agent,[2],['730628287012921344'],[],{'12462': 2},{'5987': 2},complete,1779739201106
2026,1331774741488369664,NCAA IVY,1,1364729995603214336,free_agent,[11],['460895027179024384'],[],,{'7670': 11},complete,1779739495710
2026,1331774741488369664,NCAA IVY,1,1364730490694664192,free_agent,[11],['460895027179024384'],[],,{'3271': 11},complete,1779739613749
2026,1331774741488369664,NCAA IVY,1,1364732933780287488,free_agent,[2],['730628287012921344'],[],,{'7593': 2},complete,1779740196226
2026,1331774741488369664,NCAA IVY,1,1364733113518784512,free_agent,[2],['730628287012921344'],[],,{'5185': 2},complete,1779740239079
2026,1331774741488369664,NCAA IVY,1,1364733247216418816,free_agent,[2],['730628287012921344'],[],{'13413': 2},,complete,1779740270955
2026,1331774741488369664,NCAA IVY,1,1364734241174216704,free_agent,[1],['470912510262767616'],[],,{'503': 1},complete,1779740507933
2026,1331774741488369664,NCAA IVY,1,1364734793878614016,free_agent,[1],['470912510262767616'],[],,{'7568': 1},complete,1779740639708
2026,1331774741488369664,NCAA IVY,1,1364735730798039040,free_agent,[1],['470912510262767616'],[],,{'11619': 1},complete,1779740863087
2026,1331774741488369664,NCAA IVY,1,1364735837924753408,free_agent,[1],['470912510262767616'],[],,{'8225': 1},complete,1779740888629
2026,1331774741488369664,NCAA IVY,1,1364737100263481344,free_agent,[9],['1402806331622043648'],[],{'13324': 9},,complete,1779741189593
2026,1331774741488369664,NCAA IVY,1,1364737373446885376,free_agent,[9],['1402806331622043648'],[],,{'12496': 9},complete,1779741254726
2026,1331774741488369664,NCAA IVY,1,1364737461657305088,free_agent,[9],['1402806331622043648'],[],,{'11199': 9},complete,1779741275756
2026,1331774741488369664,NCAA IVY,1,1364737504221073408,free_agent,[9],['1402806331622043648'],[],,{'11575': 9},complete,1779741285905
2026,1331774741488369664,NCAA IVY,1,1364737540942200832,free_agent,[9],['1402806331622043648'],[],,{'2306': 9},complete,1779741294659
2026,1331774741488369664,NCAA IVY,1,1364737694097240064,free_agent,[9],['1402806331622043648'],[],,{'12500': 9},complete,1779741331174
2026,1331774741488369664,NCAA IVY,1,1364737719028183040,free_agent,[9],['1402806331622043648'],[],,{'12486': 9},complete,1779741337118
2026,1331774741488369664,NCAA IVY,1,1364737788313882624,free_agent,[7],['1135784589957652480'],[],{'13333': 7},,complete,1779741353638
2026,1331774741488369664,NCAA IVY,1,1364740114470699008,free_agent,[4],['570803989783429120'],[],,{'10210': 4},complete,1779741908236
2026,1331774741488369664,NCAA IVY,1,1364740131205963776,free_agent,[4],['570803989783429120'],[],,{'10212': 4},complete,1779741912226
2026,1331774741488369664,NCAA IVY,1,1364740147123331073,free_agent,[4],['570803989783429120'],[],,{'4082': 4},complete,1779741916022
2026,1331774741488369664,NCAA IVY,1,1364740182904954880,free_agent,[4],['570803989783429120'],[],,{'11590': 4},complete,1779741924552
2026,1331774741488369664,NCAA IVY,1,1364778320025104384,free_agent,[2],['730628287012921344'],[],{'11575': 2},,complete,1779751017150
2026,1331774741488369664,NCAA IVY,1,1364872923914997760,free_agent,[10],['1142198466060402688'],[],,{'12889': 10},complete,1779773572475
2026,1331774741488369664,NCAA IVY,1,1364873603291574272,free_agent,[10],['1142198466060402688'],[],{'13270': 10},{'4219': 10},complete,1779773734452
2026,1331774741488369664,NCAA IVY,1,1364873877750050816,free_agent,[10],['1142198466060402688'],[],{'13427': 10},{'12699': 10},complete,1779773799887
2026,1331774741488369664,NCAA IVY,1,1364888658175365120,free_agent,[5],['395321276102627328'],[],,{'10234': 5},complete,1779777323815
2026,1331774741488369664,NCAA IVY,1,1364888813578502144,free_agent,[5],['395321276102627328'],[],,{'5409': 5},complete,1779777360867
2026,1331774741488369664,NCAA IVY,1,1364888853218861056,free_agent,[5],['395321276102627328'],[],,{'7602': 5},complete,1779777370317
2026,1331774741488369664,NCAA IVY,1,1364889109214019584,trade,"[1, 7]","['470912510262767616', '1135784589957652480']","[{'round': 1, 'season': '2027', 'league_id': None, 'roster_id': 1, 'owner_id': 7, 'previous_owner_id': 1}]","{'12501': 7, '5859': 1, '6790': 1}","{'12501': 1, '5859': 7, '6790': 7}",complete,1779777431351
2026,1331774741488369664,NCAA IVY,1,1364889227187204096,free_agent,[5],['395321276102627328'],[],{'13477': 5},{'8254': 5},complete,1779777459478
2026,1331774741488369664,NCAA IVY,1,1364890264673472512,free_agent,[1],['470912510262767616'],[],,{'10937': 1},complete,1779777706834
2026,1331774741488369664,NCAA IVY,1,1364891474881159168,free_agent,[7],['1135784589957652480'],[],,{'5970': 7},complete,1779777995370
2026,1331774741488369664,NCAA IVY,1,1364892678965194752,free_agent,[7],['1135784589957652480'],[],{'13434': 7},,complete,1779778282446
2026,1331774741488369664,NCAA IVY,1,1364892815129059328,free_agent,[7],['1135784589957652480'],[],{'13307': 7},,complete,1779778314910
2026,1331774741488369664,NCAA IVY,1,1364892980271386624,free_agent,[7],['1135784589957652480'],[],{'13392': 7},,complete,1779778354283
2026,1331774741488369664,NCAA IVY,1,1364893416017649664,free_agent,[7],['1135784589957652480'],[],,{'11617': 7},complete,1779778458173
2026,1331774741488369664,NCAA IVY,1,1364894147487469568,free_agent,[7],['1135784589957652480'],[],,{'4381': 7},complete,1779778632569
2026,1331774741488369664,NCAA IVY,1,1364895660997902336,trade,"[1, 4]","['470912510262767616', '570803989783429120']",[],"{'12522': 4, '8131': 1}","{'12522': 1, '8131': 4}",complete,1779778993419
2026,1331774741488369664,NCAA IVY,1,1364905608309907456,free_agent,[7],['1135784589957652480'],[],{'11199': 7},,complete,1779781365043
2026,1331774741488369664,NCAA IVY,1,1364905856608514048,free_agent,[7],['1135784589957652480'],[],{'13300': 7},,complete,1779781424242
2026,1331774741488369664,NCAA IVY,1,1364912338016153600,free_agent,[7],['1135784589957652480'],[],,{'13300': 7},complete,1779782969529
2026,1331774741488369664,NCAA IVY,1,1364925902835703808,free_agent,[5],['395321276102627328'],[],{'13299': 5},{'10235': 5},complete,1779786203635
2026,1331774741488369664,NCAA IVY,1,1364931025473384448,trade,"[5, 9]","['395321276102627328', '1402806331622043648']",[],"{'4866': 9, '6786': 5, '6806': 5, '7543': 9}","{'4866': 5, '6786': 9, '6806': 9, '7543': 5}",complete,1779787424967
2026,1331774741488369664,NCAA IVY,1,1365288827018555392,free_agent,[2],['730628287012921344'],[],{'13394': 2},{'11629': 2},complete,1779872731503
2026,1331774741488369664,NCAA IVY,1,1365289552905764864,free_agent,[2],['730628287012921344'],[],{'13418': 2},{'8230': 2},complete,1779872904567
2026,1331774741488369664,NCAA IVY,1,1365668970593529856,free_agent,[9],['1402806331622043648'],[],,{'7591': 9},complete,1779963364793
2026,1331774741488369664,NCAA IVY,1,1365854011932028928,free_agent,[10],['1142198466060402688'],[],{'7591': 10},{'12516': 10},complete,1780007482086
2026,1331774741488369664,NCAA IVY,1,1365909703963443200,trade,"[7, 10]","['1135784589957652480', '1142198466060402688']","[{'round': 2, 'season': '2027', 'league_id': None, 'roster_id': 10, 'owner_id': 7, 'previous_owner_id': 10}]","{'4017': 10, '5892': 10}","{'4017': 7, '5892': 7}",complete,1780020760101
2026,1331774741488369664,NCAA IVY,1,1367283609395826688,free_agent,[10],['1142198466060402688'],[],{'2078': 10},{'12523': 10},complete,1780348324683
2026,1331774741488369664,NCAA IVY,1,1369492457829457920,free_agent,[9],['1402806331622043648'],[],,{'PIT': 9},complete,1780874955187
2026,1331774741488369664,NCAA IVY,1,1369492661366456320,free_agent,[9],['1402806331622043648'],[],{'PIT': 9},,complete,1780875003714
2026,1331774741488369664,NCAA IVY,1,1369492960739090432,free_agent,[12],['464595147808567296'],[],,{'5938': 12},complete,1780875075090
2026,1331774741488369664,NCAA IVY,1,1369493874820530176,free_agent,[12],['464595147808567296'],[],{'12860': 12},{'1837': 12},complete,1780875293024
2026,1331774741488369664,NCAA IVY,1,1369857974763257856,free_agent,[10],['1142198466060402688'],[],,{'8129': 10},complete,1780962101215
2026,1331774741488369664,NCAA IVY,1,1369858670648659968,free_agent,[10],['1142198466060402688'],[],,{'12542': 10},complete,1780962267128
2026,1331774741488369664,NCAA IVY,1,1369881552099487745,trade,"[1, 10]","['470912510262767616', '1142198466060402688']","[{'round': 1, 'season': '2028', 'league_id': None, 'roster_id': 10, 'owner_id': 1, 'previous_owner_id': 10}]",{'6790': 10},{'6790': 1},complete,1780967722491
2026,1331774741488369664,NCAA IVY,1,1369913073116127232,free_agent,[7],['1135784589957652480'],[],{'13435': 7},,complete,1780975237686
2026,1331774741488369664,NCAA IVY,1,1370077855387521024,free_agent,[10],['1142198466060402688'],[],,{'3161': 10},complete,1781014524841
2026,1331774741488369664,NCAA IVY,1,1370080660126965760,free_agent,[10],['1142198466060402688'],[],,{'12472': 10},complete,1781015193543
2026,1331774741488369664,NCAA IVY,1,1370080706381774848,free_agent,[10],['1142198466060402688'],[],{'13329': 10},,complete,1781015204571
2026,1331774741488369664,NCAA IVY,1,1370082555126099968,free_agent,[10],['1142198466060402688'],[],{'6427': 10},{'12478': 10},complete,1781015645346
2026,1331774741488369664,NCAA IVY,1,1370619502101827584,free_agent,[2],['730628287012921344'],[],{'12048': 2},{'6828': 2},complete,1781143663481
2026,1331774741488369664,NCAA IVY,1,1371041503656292352,free_agent,[7],['1135784589957652480'],[],{'13322': 7},,complete,1781244276492
2026,1331774741488369664,NCAA IVY,1,1373444058495602688,free_agent,[9],['1402806331622043648'],[],{'12542': 9},,complete,1781817090204
2026,1331774741488369664,NCAA IVY,1,1390123422482169856,free_agent,[2],['730628287012921344'],[],{'7608': 2},{'12473': 2},complete,1785793760465
2026,1331774741488369664,NCAA IVY,1,1393192759992545280,free_agent,[2],['730628287012921344'],[],{'13533': 2},{'6011': 2},complete,1786525547554
2026,1331774741488369664,NCAA IVY,1,1393429874433077248,free_agent,[2],['730628287012921344'],[],{'2505': 2},{'4663': 2},complete,1786582080042
2026,1331774741488369664,NCAA IVY,1,1395452984124510208,free_agent,[10],['1142198466060402688'],[],{'13726': 10},{'13427': 10},complete,1787064426979
2026,1331774741488369664,NCAA IVY,1,1395453144724430848,free_agent,[10],['1142198466060402688'],[],{'11608': 10},{'1426': 10},complete,1787064465270
2026,1331774741488369664,NCAA IVY,1,1395453451462254592,free_agent,[10],['1142198466060402688'],[],{'10235': 10},{'12641': 10},complete,1787064538402
2026,1331774741488369664,NCAA IVY,1,1395453915591356416,free_agent,[10],['1142198466060402688'],[],{'13079': 10},{'6427': 10},complete,1787064649059
2026,1331774741488369664,NCAA IVY,1,1395454235889397760,free_agent,[10],['1142198466060402688'],[],{'2306': 10},{'12688': 10},complete,1787064725423
2026,1331774741488369664,NCAA IVY,1,1396736740705751040,free_agent,[12],['464595147808567296'],[],,{'4988': 12},complete,1787370498400
2026,1331774741488369664,NCAA IVY,1,1396737386561404928,free_agent,[12],['464595147808567296'],[],{'13342': 12},,complete,1787370652383
2026,1331774741488369664,NCAA IVY,1,1396737606145802240,free_agent,[12],['464595147808567296'],[],{'3202': 12},,complete,1787370704736
2026,1331774741488369664,NCAA IVY,1,1396737832797622272,free_agent,[12],['464595147808567296'],[],{'7891': 12},{'3202': 12},complete,1787370758775
2026,1331774741488369664,NCAA IVY,1,1396737869975949312,free_agent,[12],['464595147808567296'],[],{'13541': 12},,complete,1787370767638
2026,1331774741488369664,NCAA IVY,1,1396755914287034368,trade,"[2, 10]","['730628287012921344', '1142198466060402688']","[{'round': 2, 'season': '2028', 'league_id': None, 'roster_id': 10, 'owner_id': 2, 'previous_owner_id': 10}]","{'2133': 10, '8408': 2}","{'2133': 2, '8408': 10}",complete,1787375069738
2026,1331774741488369664,NCAA IVY,1,1396999021607804928,free_agent,[10],['1142198466060402688'],[],{'13602': 10},{'10226': 10},complete,1787433031039
2026,1331774741488369664,NCAA IVY,1,1396999191271641088,free_agent,[4],['570803989783429120'],[],{'10226': 4},,complete,1787433071490
2026,1331774741488369664,NCAA IVY,1,1396999473044987904,free_agent,[4],['570803989783429120'],[],{'11058': 4},{'11261': 4},complete,1787433138671
2026,1331774741488369664,NCAA IVY,1,1397000132653817856,free_agent,[10],['1142198466060402688'],[],{'3200': 10},{'8111': 10},complete,1787433295933
2026,1331774741488369664,NCAA IVY,1,1397395441150091264,free_agent,[8],['461688192555282432'],[],{'8111': 8},,complete,1787527544824
2026,1331774741488369664,NCAA IVY,1,1397395631382769664,free_agent,[6],['1017588201080369152'],[],,{'13403': 6},complete,1787527590178
2026,1331774741488369664,NCAA IVY,1,1397755314744406016,free_agent,[2],['730628287012921344'],[],{'13403': 2},{'12738': 2},complete,1787613345375
2026,1331774741488369664,NCAA IVY,1,1399395438892744704,free_agent,[10],['1142198466060402688'],[],{'13264': 10},{'13726': 10},complete,1788004381443
2026,1331774741488369664,NCAA IVY,1,1399773361977987072,free_agent,[6],['1017588201080369152'],[],,{'3321': 6},complete,1788094485329
2026,1331774741488369664,NCAA IVY,1,1399853524669452288,free_agent,[8],['461688192555282432'],[],,{'11653': 8},complete,1788113597604
2026,1331774741488369664,NCAA IVY,1,1399853582638940160,free_agent,[8],['461688192555282432'],[],,{'12185': 8},complete,1788113611425
2026,1331774741488369664,NCAA IVY,1,1399853643183693824,free_agent,[8],['461688192555282432'],[],{'11237': 8},,complete,1788113625859
2026,1331774741488369664,NCAA IVY,1,1399869932753145856,free_agent,[2],['730628287012921344'],[],{'3321': 2},{'13403': 2},complete,1788117509596
2026,1331774741488369664,NCAA IVY,1,1399870603594334208,free_agent,[10],['1142198466060402688'],[],{'13425': 10},{'13270': 10},complete,1788117669536
2026,1331774741488369664,NCAA IVY,1,1399976284829847552,free_agent,[11],['460895027179024384'],[],,{'10444': 11},complete,1788142865907
2026,1331774741488369664,NCAA IVY,1,1400035316487745536,free_agent,[2],['730628287012921344'],[],{'12185': 2},{'7608': 2},complete,1788156940150
2026,1331774741488369664,NCAA IVY,1,1400419895899885568,free_agent,[2],['730628287012921344'],[],{'13270': 2},{'12462': 2},complete,1788248631027
2026,1331774741488369664,NCAA IVY,1,1400419963331674112,free_agent,[2],['730628287012921344'],[],{'12641': 2},{'13418': 2},complete,1788248647104
2026,1331774741488369664,NCAA IVY,1,1402319338937061376,free_agent,[3],['480124073456693248'],[],,{'4666': 3},complete,1788701493537
2026,1331774741488369664,NCAA IVY,1,1402319469610561536,free_agent,[3],['480124073456693248'],[],,{'1689': 3},complete,1788701524692
2026,1331774741488369664,NCAA IVY,1,1402319514036625408,free_agent,[3],['480124073456693248'],[],,{'4198': 3},complete,1788701535284
2026,1331774741488369664,NCAA IVY,1,1402319537243725824,free_agent,[3],['480124073456693248'],[],,{'5052': 3},complete,1788701540817
2026,1331774741488369664,NCAA IVY,1,1402319554784301056,free_agent,[3],['480124073456693248'],[],,{'1346': 3},complete,1788701544999
2026,1331774741488369664,NCAA IVY,1,1402319573323120640,free_agent,[3],['480124073456693248'],[],,{'5137': 3},complete,1788701549420
2026,1331774741488369664,NCAA IVY,1,1402319640201338880,free_agent,[3],['480124073456693248'],[],,{'6421': 3},complete,1788701565364
2026,1331774741488369664,NCAA IVY,1,1402319661294456832,free_agent,[3],['480124073456693248'],[],,{'5248': 3},complete,1788701570393
2026,1331774741488369664,NCAA IVY,1,1402319768706420736,free_agent,[3],['480124073456693248'],[],,{'3357': 3},complete,1788701596003
2026,1331774741488369664,NCAA IVY,1,1402320078216699904,free_agent,[3],['480124073456693248'],[],{'6083': 3},,complete,1788701669795
2026,1331774741488369664,NCAA IVY,1,1402320116263174144,free_agent,[3],['480124073456693248'],[],{'13968': 3},,complete,1788701678866
2026,1331774741488369664,NCAA IVY,1,1403614625081176064,free_agent,[12],['464595147808567296'],[],{'8127': 12},{'6845': 12},complete,1789010313820
2026,1331774741488369664,NCAA IVY,1,1403615012391510016,free_agent,[12],['464595147808567296'],[],{'13833': 12},{'5119': 12},complete,1789010406161
2026,1331774741488369664,NCAA IVY,1,1405460471078715392,free_agent,[2],['730628287012921344'],[],{'12472': 2},{'2020': 2},complete,1789450397799
2026,1331774741488369664,NCAA IVY,2,1405519364207165440,free_agent,[10],['1142198466060402688'],[],{'3161': 10},,complete,1789464439015
2026,1331774741488369664,NCAA IVY,2,1405638396994416640,free_agent,[11],['460895027179024384'],[],{'2020': 11},,complete,1789492818644
2026,1331774741488369664,NCAA IVY,2,1405638518985748480,free_agent,[11],['460895027179024384'],[],{'7670': 11},,complete,1789492847728
2026,1331774741488369664,NCAA IVY,2,1405785262776205312,free_agent,[12],['464595147808567296'],[],,{'11633': 12},complete,1789527834174
2026,1331774741488369664,NCAA IVY,2,1406240060432461851,free_agent,[7],['1135784589957652480'],[],{'13277': 7},,complete,1789636266385
2026,1331774741488369664,NCAA IVY,2,1406473404877492224,free_agent,[10],['1142198466060402688'],[],{'6931': 10},,complete,1789691900037
2026,1331774741488369664,NCAA IVY,2,1406609174942502912,free_agent,[7],['1135784589957652480'],[],{'10444': 7},,complete,1789724270142
2026,1331774741488369664,NCAA IVY,2,1406609202796908544,free_agent,[7],['1135784589957652480'],[],{'12496': 7},,complete,1789724276783
2026,1331774741488369664,NCAA IVY,3,1408043742312640512,free_agent,[1],['470912510262767616'],[],{'12961': 1},,complete,1790066297656
2026,1331774741488369664,NCAA IVY,3,1408141375370715136,free_agent,[10],['1142198466060402688'],[],{'7039': 10},{'3200': 10},complete,1790089575192
2026,1331774741488369664,NCAA IVY,3,1408141729713934336,free_agent,[10],['1142198466060402688'],[],{'11421': 10},{'12455': 10},complete,1790089659673
2026,1331774741488369664,NCAA IVY,3,1408656318293708800,free_agent,[2],['730628287012921344'],[],{'6828': 2},,complete,1790212347151
2026,1331774741488369664,NCAA IVY,3,1409008699963346944,free_agent,[2],['730628287012921344'],[],{'4663': 2},,complete,1790296361488
2026,1331774741488369664,NCAA IVY,3,1409127838946238464,trade,"[1, 7]","['470912510262767616', '1135784589957652480']",[],"{'11586': 7, '13274': 1, '5859': 7, '9487': 1}","{'11586': 1, '13274': 7, '5859': 1, '9487': 7}",complete,1790324766435
2026,1331774741488369664,NCAA IVY,3,1409131303151878144,free_agent,[7],['1135784589957652480'],[],,{'13435': 7},complete,1790325592366
2026,1331774741488369664,NCAA IVY,3,1409325802662699008,trade,"[2, 8]","['730628287012921344', '461688192555282432']",[],"{'11575': 8, '2216': 8, '8142': 2}","{'11575': 2, '2216': 2, '8142': 8}",complete,1790371964663
2026,1331774741488369664,NCAA IVY,3,1409326240875216896,free_agent,[2],['730628287012921344'],[],{'11616': 2},{'4663': 2},complete,1790372069141
2026,1331774741488369664,NCAA IVY,3,1409667433282781184,free_agent,[11],['460895027179024384'],[],{'6012': 11},,complete,1790453415750
2026,1331774741488369664,NCAA IVY,3,1409667479432642560,free_agent,[11],['460895027179024384'],[],{'3155': 11},,complete,1790453426753
2026,1331774741488369664,NCAA IVY,3,1409667569761153024,free_agent,[11],['460895027179024384'],[],{'11623': 11},,complete,1790453448289
2026,1331774741488369664,NCAA IVY,3,1409886806425526272,free_agent,[7],['1135784589957652480'],[],,{'13392': 7},complete,1790505718383
2026,1331774741488369664,NCAA IVY,3,1410553991556841472,free_agent,[5],['395321276102627328'],[],{'12634': 5},,complete,1790664787714
2026,1331774741488369664,NCAA IVY,4,1410684366195093504,free_agent,[12],['464595147808567296'],[],{'3271': 12},,complete,1790695871450
2026,1331774741488369664,NCAA IVY,4,1410912765454852096,free_agent,[2],['730628287012921344'],[],{'4663': 2},,complete,1790750326077
2026,1331774741488369664,NCAA IVY,4,1410913036281061376,free_agent,[2],['730628287012921344'],[],{'8207': 2},,complete,1790750390648
2026,1331774741488369664,NCAA IVY,4,1411301885985509376,free_agent,[7],['1135784589957652480'],[],,{'4018': 7},complete,1790843099641
2026,1331774741488369664,NCAA IVY,4,1411305456265076736,free_agent,[7],['1135784589957652480'],[],{'11261': 7},,complete,1790843950862
2026,1331774741488369664,NCAA IVY,4,1411673964274536448,free_agent,[7],['1135784589957652480'],[],{'12500': 7},,complete,1790931810018
2026,1331774741488369664,NCAA IVY,4,1411674199856046080,free_agent,[7],['1135784589957652480'],[],{'13726': 7},,complete,1790931866185
2026,1331774741488369664,NCAA IVY,4,1411674249982160896,free_agent,[7],['1135784589957652480'],[],{'12455': 7},,complete,1790931878136
2026,1331774741488369664,NCAA IVY,4,1411675515030441984,free_agent,[7],['1135784589957652480'],[],{'13315': 7},,complete,1790932179747
2026,1331774741488369664,NCAA IVY,4,1412296283367989248,free_agent,[2],['730628287012921344'],[],{'11157': 2},,complete,1791080182452
2026,1331774741488369664,NCAA IVY,4,1412325964028899328,trade,"[1, 3]","['470912510262767616', '480124073456693248']","[{'round': 2, 'season': '2027', 'league_id': None, 'roster_id': 1, 'owner_id': 3, 'previous_owner_id': 1}]","{'11620': 3, '12517': 3, '6801': 3, '9221': 1}","{'11620': 1, '12517': 1, '6801': 1, '9221': 3}",complete,1791087258874
2026,1331774741488369664,NCAA IVY,4,1412543700814315520,free_agent,[2],['730628287012921344'],[],{'13150': 2},{'12641': 2},complete,1791139171368
2026,1331774741488369664,NCAA IVY,4,1412544260703637504,free_agent,[7],['1135784589957652480'],[],{'4018': 7},{'9497': 7},complete,1791139304856
2026,1331774741488369664,NCAA IVY,4,1412544616279834624,free_agent,[7],['1135784589957652480'],[],{'13557': 7},{'7596': 7},complete,1791139389632
2026,1331774741488369664,NCAA IVY,4,1412547435913359360,free_agent,[12],['464595147808567296'],[],{'11433': 12},,complete,1791140061886
2026,1331774599196585984,NCAA MOUNTAIN WEST,1,1331807330068594688,free_agent,[11],['702897403514159104'],[],,{'827': 11},complete,1771890120574
2026,1331774599196585984,NCAA MOUNTAIN WEST,1,1331809037867552768,free_agent,[11],['702897403514159104'],[],,{'11439': 11},complete,1771890527744
2026,1331774599196585984,NCAA MOUNTAIN WEST,1,1336794892977860608,free_agent,[1],['596835723861082112'],[],,{'8583': 1},complete,1773079248235
2026,1331774599196585984,NCAA MOUNTAIN WEST,1,1336794942097342464,free_agent,[1],['596835723861082112'],[],,{'7496': 1},complete,1773079259947
2026,1331774599196585984,NCAA MOUNTAIN WEST,1,1354897866497216512,free_agent,[11],['702897403514159104'],[],,{'11653': 11},complete,1777395333460
2026,1331774599196585984,NCAA MOUNTAIN WEST,1,1354898156311019520,free_agent,[11],['702897403514159104'],[],,{'2505': 11},complete,1777395402556
2026,1331774599196585984,NCAA MOUNTAIN WEST,1,1358906901806485504,free_agent,[3],['560626155833876480'],[],,{'5010': 3},complete,1778351161962
2026,1331774599196585984,NCAA MOUNTAIN WEST,1,1358906972824408064,free_agent,[3],['560626155833876480'],[],,{'5096': 3},complete,1778351178894
2026,1331774599196585984,NCAA MOUNTAIN WEST,1,1368487391777538048,free_agent,[9],['589001974318403584'],[],,{'7601': 9},complete,1780635328767
2026,1331774599196585984,NCAA MOUNTAIN WEST,1,1372726357292773376,free_agent,[7],['604155835978944512'],[],,{'12502': 7},complete,1781645976902
2026,1331774599196585984,NCAA MOUNTAIN WEST,1,1372726402478006272,free_agent,[7],['604155835978944512'],[],,{'6271': 7},complete,1781645987676
2026,1331774599196585984,NCAA MOUNTAIN WEST,1,1372726513614458880,free_agent,[7],['604155835978944512'],[],,{'12634': 7},complete,1781646014172
2026,1331774599196585984,NCAA MOUNTAIN WEST,1,1372726544576811008,free_agent,[7],['604155835978944512'],[],,{'4234': 7},complete,1781646021555
2026,1331774599196585984,NCAA MOUNTAIN WEST,1,1372726605864009728,free_agent,[10],['1374560757252890624'],[],,{'11748': 10},complete,1781646036167
2026,1331774599196585984,NCAA MOUNTAIN WEST,1,1372726630530691072,free_agent,[10],['1374560757252890624'],[],,{'9229': 10},complete,1781646042047
2026,1331774599196585984,NCAA MOUNTAIN WEST,1,1372726643595956224,free_agent,[10],['1374560757252890624'],[],,{'4018': 10},complete,1781646045162
2026,1331774599196585984,NCAA MOUNTAIN WEST,1,1372726657244205056,free_agent,[7],['604155835978944512'],[],,{'6803': 7},complete,1781646048416
2026,1331774599196585984,NCAA MOUNTAIN WEST,1,1372726705277382656,free_agent,[7],['604155835978944512'],[],,{'8122': 7},complete,1781646059869
2026,1331774599196585984,NCAA MOUNTAIN WEST,1,1372726816472596480,free_agent,[10],['1374560757252890624'],[],,{'8670': 10},complete,1781646086379
2026,1331774599196585984,NCAA MOUNTAIN WEST,1,1372726867404009472,free_agent,[7],['604155835978944512'],[],,{'6011': 7},complete,1781646098522
2026,1331774599196585984,NCAA MOUNTAIN WEST,1,1372726898794201088,free_agent,[7],['604155835978944512'],[],,{'4219': 7},complete,1781646106006
2026,1331774599196585984,NCAA MOUNTAIN WEST,1,1372727033196478464,free_agent,[7],['604155835978944512'],[],,{'11599': 7},complete,1781646138051
2026,1331774599196585984,NCAA MOUNTAIN WEST,1,1372728547239542784,free_agent,[7],['604155835978944512'],[],,{'4454': 7},complete,1781646499027
2026,1331774599196585984,NCAA MOUNTAIN WEST,1,1372732413607673856,free_agent,[5],['1124191785678430208'],[],,{'8208': 5},complete,1781647420840
2026,1331774599196585984,NCAA MOUNTAIN WEST,1,1372732472885772288,free_agent,[5],['1124191785678430208'],[],,{'7828': 5},complete,1781647434973
2026,1331774599196585984,NCAA MOUNTAIN WEST,1,1372732529374670848,free_agent,[5],['1124191785678430208'],[],,{'12478': 5},complete,1781647448441
2026,1331774599196585984,NCAA MOUNTAIN WEST,1,1372732566003519488,free_agent,[5],['1124191785678430208'],[],,{'7561': 5},complete,1781647457174
2026,1331774599196585984,NCAA MOUNTAIN WEST,1,1372732588170440704,free_agent,[5],['1124191785678430208'],[],,{'2749': 5},complete,1781647462459
2026,1331774599196585984,NCAA MOUNTAIN WEST,1,1372734901144547328,free_agent,[5],['1124191785678430208'],[],,{'3200': 5},complete,1781648013916
2026,1331774599196585984,NCAA MOUNTAIN WEST,1,1373214215870906368,free_agent,[5],['1124191785678430208'],[],{'12502': 5},,complete,1781762291451
2026,1331774599196585984,NCAA MOUNTAIN WEST,1,1373621332645810176,free_agent,[5],['1124191785678430208'],[],,{'11557': 5},complete,1781859355654
2026,1331774599196585984,NCAA MOUNTAIN WEST,1,1373621423163047936,free_agent,[5],['1124191785678430208'],[],,{'12472': 5},complete,1781859377235
2026,1331774599196585984,NCAA MOUNTAIN WEST,1,1373621562044841984,free_agent,[5],['1124191785678430208'],[],,{'9497': 5},complete,1781859410348
2026,1331774599196585984,NCAA MOUNTAIN WEST,1,1373621736095883264,free_agent,[5],['1124191785678430208'],[],,{'3269': 5},complete,1781859451844
2026,1331774599196585984,NCAA MOUNTAIN WEST,1,1374136005174493184,free_agent,[5],['1124191785678430208'],[],,{'5133': 5},complete,1781982063148
2026,1331774599196585984,NCAA MOUNTAIN WEST,1,1374136088603398144,free_agent,[5],['1124191785678430208'],[],,{'3286': 5},complete,1781982083038
2026,1331774599196585984,NCAA MOUNTAIN WEST,1,1380221730802388992,free_agent,[11],['702897403514159104'],[],,{'12412': 11},complete,1783433013204
2026,1331774599196585984,NCAA MOUNTAIN WEST,1,1381323165443067904,trade,"[7, 12]","['604155835978944512', '734939566091436032']","[{'round': 2, 'season': '2027', 'league_id': None, 'roster_id': 12, 'owner_id': 7, 'previous_owner_id': 12}]","{'11597': 7, '12501': 7, '7525': 12, '7607': 7, '9754': 12}","{'11597': 12, '12501': 12, '7525': 7, '7607': 12, '9754': 7}",complete,1783695615686
2026,1331774599196585984,NCAA MOUNTAIN WEST,1,1385116998358282240,trade,"[2, 7]","['463106510101147648', '604155835978944512']","[{'round': 1, 'season': '2027', 'league_id': None, 'roster_id': 12, 'owner_id': 2, 'previous_owner_id': 7}, {'round': 3, 'season': '2027', 'league_id': None, 'roster_id': 7, 'owner_id': 7, 'previous_owner_id': 2}, {'round': 4, 'season': '2027', 'league_id': None, 'roster_id': 7, 'owner_id': 2, 'previous_owner_id': 7}]",{'8155': 7},{'8155': 2},complete,1784600135939
2026,1331774599196585984,NCAA MOUNTAIN WEST,1,1385340819640180736,free_agent,[1],['596835723861082112'],[],,{'19': 1},complete,1784653499092
2026,1331774599196585984,NCAA MOUNTAIN WEST,1,1385340901265530880,free_agent,[1],['596835723861082112'],[],,{'8207': 1},complete,1784653518552
2026,1331774599196585984,NCAA MOUNTAIN WEST,1,1385340954805813248,free_agent,[1],['596835723861082112'],[],,{'9495': 1},complete,1784653531317
2026,1331774599196585984,NCAA MOUNTAIN WEST,1,1385341098506883072,free_agent,[1],['596835723861082112'],[],,{'8123': 1},complete,1784653565579
2026,1331774599196585984,NCAA MOUNTAIN WEST,1,1385341165213081600,free_agent,[1],['596835723861082112'],[],,{'7593': 1},complete,1784653581482
2026,1331774599196585984,NCAA MOUNTAIN WEST,1,1385341382859689984,free_agent,[1],['596835723861082112'],[],{'6803': 1},{'5970': 1},complete,1784653633374
2026,1331774599196585984,NCAA MOUNTAIN WEST,1,1385341621368786944,free_agent,[11],['702897403514159104'],[],,{'11596': 11},complete,1784653690238
2026,1331774599196585984,NCAA MOUNTAIN WEST,1,1385341685814292480,free_agent,[11],['702897403514159104'],[],,{'11623': 11},complete,1784653705603
2026,1331774599196585984,NCAA MOUNTAIN WEST,1,1385341968493608960,free_agent,[8],['325726913966395392'],[],,{'5937': 8},complete,1784653772999
2026,1331774599196585984,NCAA MOUNTAIN WEST,1,1385342048361549824,free_agent,[8],['325726913966395392'],[],,{'6938': 8},complete,1784653792041
2026,1331774599196585984,NCAA MOUNTAIN WEST,1,1385342094553411584,free_agent,[8],['325726913966395392'],[],,{'503': 8},complete,1784653803054
2026,1331774599196585984,NCAA MOUNTAIN WEST,1,1385342452189130752,free_agent,[11],['702897403514159104'],[],,{'12718': 11},complete,1784653888321
2026,1331774599196585984,NCAA MOUNTAIN WEST,1,1385343190264983552,free_agent,[5],['1124191785678430208'],[],{'13296': 5},,complete,1784654064293
2026,1331774599196585984,NCAA MOUNTAIN WEST,1,1385343226742870016,free_agent,[5],['1124191785678430208'],[],{'13413': 5},,complete,1784654072989
2026,1331774599196585984,NCAA MOUNTAIN WEST,1,1385343685943656448,free_agent,[12],['734939566091436032'],[],{'13411': 12},{'8255': 12},complete,1784654182471
2026,1331774599196585984,NCAA MOUNTAIN WEST,1,1385343770312052736,free_agent,[5],['1124191785678430208'],[],{'13833': 5},,complete,1784654202586
2026,1331774599196585984,NCAA MOUNTAIN WEST,1,1385343808178237440,free_agent,[12],['734939566091436032'],[],{'13324': 12},{'5409': 12},complete,1784654211614
2026,1331774599196585984,NCAA MOUNTAIN WEST,1,1385343819867754496,free_agent,[5],['1124191785678430208'],[],{'13434': 5},,complete,1784654214402
2026,1331774599196585984,NCAA MOUNTAIN WEST,1,1385343941510987776,free_agent,[7],['604155835978944512'],[],{'13380': 7},{'12470': 7},complete,1784654243404
2026,1331774599196585984,NCAA MOUNTAIN WEST,1,1385344041931010048,free_agent,[12],['734939566091436032'],[],{'11058': 12},{'1348': 12},complete,1784654267345
2026,1331774599196585984,NCAA MOUNTAIN WEST,1,1385344572825022464,free_agent,[8],['325726913966395392'],[],,{'6960': 8},complete,1784654393920
2026,1331774599196585984,NCAA MOUNTAIN WEST,1,1385410195483525120,free_agent,[7],['604155835978944512'],[],,{'11789': 7},complete,1784670039582
2026,1331774599196585984,NCAA MOUNTAIN WEST,1,1386106703916843008,free_agent,[5],['1124191785678430208'],[],{'13306': 5},,complete,1784836100132
2026,1331774599196585984,NCAA MOUNTAIN WEST,1,1387537193358098432,free_agent,[6],['837430327189295104'],[],,{'10221': 6},complete,1785177155392
2026,1331774599196585984,NCAA MOUNTAIN WEST,1,1387537284139589632,free_agent,[6],['837430327189295104'],[],,{'10216': 6},complete,1785177177036
2026,1331774599196585984,NCAA MOUNTAIN WEST,1,1387537361147031552,free_agent,[6],['837430327189295104'],[],,{'8220': 6},complete,1785177195396
2026,1331774599196585984,NCAA MOUNTAIN WEST,1,1387537382990954496,free_agent,[6],['837430327189295104'],[],,{'4098': 6},complete,1785177200604
2026,1331774599196585984,NCAA MOUNTAIN WEST,1,1392995991350689792,free_agent,[5],['1124191785678430208'],[],,{'12185': 5},complete,1786478634253
2026,1331774599196585984,NCAA MOUNTAIN WEST,1,1392996195332296704,free_agent,[5],['1124191785678430208'],[],{'13533': 5},,complete,1786478682886
2026,1331774599196585984,NCAA MOUNTAIN WEST,1,1393079977750056960,free_agent,[11],['702897403514159104'],[],{'8181': 11},{'8135': 11},complete,1786498658171
2026,1331774599196585984,NCAA MOUNTAIN WEST,1,1393080569486671872,free_agent,[11],['702897403514159104'],[],{'10937': 11},{'11577': 11},complete,1786498799253
2026,1331774599196585984,NCAA MOUNTAIN WEST,1,1395030944708042752,free_agent,[11],['702897403514159104'],[],{'13425': 11},,complete,1786963804942
2026,1331774599196585984,NCAA MOUNTAIN WEST,1,1396716659510611968,free_agent,[2],['463106510101147648'],[],,{'4082': 2},complete,1787365710669
2026,1331774599196585984,NCAA MOUNTAIN WEST,1,1396716702615523328,free_agent,[2],['463106510101147648'],[],,{'11994': 2},complete,1787365720947
2026,1331774599196585984,NCAA MOUNTAIN WEST,1,1396716790087700480,free_agent,[2],['463106510101147648'],[],,{'1234': 2},complete,1787365741802
2026,1331774599196585984,NCAA MOUNTAIN WEST,1,1396716981989715968,free_agent,[2],['463106510101147648'],[],,{'9998': 2},complete,1787365787554
2026,1331774599196585984,NCAA MOUNTAIN WEST,1,1396952465982623744,free_agent,[11],['702897403514159104'],[],,{'13425': 11},complete,1787421931314
2026,1331774599196585984,NCAA MOUNTAIN WEST,1,1396952790160433152,free_agent,[11],['702897403514159104'],[],{'5119': 11},{'10937': 11},complete,1787422008603
2026,1331774599196585984,NCAA MOUNTAIN WEST,1,1397096459026874368,free_agent,[11],['702897403514159104'],[],{'9229': 11},,complete,1787456261930
2026,1331774599196585984,NCAA MOUNTAIN WEST,1,1397096952604131328,free_agent,[11],['702897403514159104'],[],{'13270': 11},{'8181': 11},complete,1787456379608
2026,1331774599196585984,NCAA MOUNTAIN WEST,1,1397291446695944192,free_agent,[11],['702897403514159104'],[],{'13602': 11},{'2307': 11},complete,1787502750613
2026,1331774599196585984,NCAA MOUNTAIN WEST,1,1397715184486780928,trade,"[2, 11]","['463106510101147648', '702897403514159104']","[{'round': 4, 'season': '2027', 'league_id': None, 'roster_id': 2, 'owner_id': 11, 'previous_owner_id': 2}]",{'11589': 2},{'11589': 11},complete,1787603777576
2026,1331774599196585984,NCAA MOUNTAIN WEST,1,1398828259348602880,free_agent,[1],['596835723861082112'],[],,{'11619': 1},complete,1787869155302
2026,1331774599196585984,NCAA MOUNTAIN WEST,1,1398845089186320384,trade,"[6, 7]","['837430327189295104', '604155835978944512']","[{'round': 4, 'season': '2027', 'league_id': None, 'roster_id': 6, 'owner_id': 7, 'previous_owner_id': 6}]","{'12519': 6, '13286': 7}","{'12519': 7, '13286': 6}",complete,1787873167849
2026,1331774599196585984,NCAA MOUNTAIN WEST,1,1398857136036913152,trade,"[2, 6]","['463106510101147648', '837430327189295104']","[{'round': 1, 'season': '2027', 'league_id': None, 'roster_id': 6, 'owner_id': 2, 'previous_owner_id': 6}, {'round': 4, 'season': '2028', 'league_id': None, 'roster_id': 6, 'owner_id': 2, 'previous_owner_id': 6}]",{'11628': 6},{'11628': 2},complete,1787876040041
2026,1331774599196585984,NCAA MOUNTAIN WEST,1,1398881196062048256,free_agent,[6],['837430327189295104'],[],,{'5284': 6},complete,1787881776398
2026,1331774599196585984,NCAA MOUNTAIN WEST,1,1398883414655946752,free_agent,[6],['837430327189295104'],[],,{'8195': 6},complete,1787882305353
2026,1331774599196585984,NCAA MOUNTAIN WEST,1,1398883475435589632,free_agent,[6],['837430327189295104'],[],,{'2359': 6},complete,1787882319844
2026,1331774599196585984,NCAA MOUNTAIN WEST,1,1398883713932144640,free_agent,[6],['837430327189295104'],[],,{'5230': 6},complete,1787882376705
2026,1331774599196585984,NCAA MOUNTAIN WEST,1,1398883949823930368,free_agent,[12],['734939566091436032'],[],{'2505': 12},{'4973': 12},complete,1787882432946
2026,1331774599196585984,NCAA MOUNTAIN WEST,1,1398884029561851904,free_agent,[6],['837430327189295104'],[],{'13968': 6},,complete,1787882451957
2026,1331774599196585984,NCAA MOUNTAIN WEST,1,1398884046758555648,free_agent,[12],['734939566091436032'],[],{'4454': 12},{'6943': 12},complete,1787882456058
2026,1331774599196585984,NCAA MOUNTAIN WEST,1,1398884476494344192,free_agent,[6],['837430327189295104'],[],{'13329': 6},,complete,1787882558515
2026,1331774599196585984,NCAA MOUNTAIN WEST,1,1398884534992269312,free_agent,[12],['734939566091436032'],[],{'6271': 12},{'6234': 12},complete,1787882572461
2026,1331774599196585984,NCAA MOUNTAIN WEST,1,1398884602302476288,free_agent,[12],['734939566091436032'],[],{'7828': 12},{'5955': 12},complete,1787882588509
2026,1331774599196585984,NCAA MOUNTAIN WEST,1,1398884687534956544,free_agent,[12],['734939566091436032'],[],{'13394': 12},{'5695': 12},complete,1787882608831
2026,1331774599196585984,NCAA MOUNTAIN WEST,1,1398884970956656640,free_agent,[6],['837430327189295104'],[],{'12048': 6},,complete,1787882676404
2026,1331774599196585984,NCAA MOUNTAIN WEST,1,1398885181900738560,free_agent,[12],['734939566091436032'],[],{'5970': 12},{'2410': 12},complete,1787882726696
2026,1331774599196585984,NCAA MOUNTAIN WEST,1,1398885455541379072,free_agent,[12],['734939566091436032'],[],{'8800': 12},{'5916': 12},complete,1787882791937
2026,1331774599196585984,NCAA MOUNTAIN WEST,1,1398885476051505152,free_agent,[6],['837430327189295104'],[],{'13477': 6},,complete,1787882796827
2026,1331774599196585984,NCAA MOUNTAIN WEST,1,1398885742700199936,free_agent,[12],['734939566091436032'],[],{'11577': 12},{'2320': 12},complete,1787882860401
2026,1331774599196585984,NCAA MOUNTAIN WEST,1,1398885806558470144,free_agent,[12],['734939566091436032'],[],{'11570': 12},{'5122': 12},complete,1787882875627
2026,1331774599196585984,NCAA MOUNTAIN WEST,1,1398885932899258368,free_agent,[12],['734939566091436032'],[],{'13348': 12},{'6918': 12},complete,1787882905748
2026,1331774599196585984,NCAA MOUNTAIN WEST,1,1398886468763516928,free_agent,[12],['734939566091436032'],[],{'13435': 12},{'6963': 12},complete,1787883033508
2026,1331774599196585984,NCAA MOUNTAIN WEST,1,1398886832720068608,free_agent,[12],['734939566091436032'],[],{'8135': 12},{'3976': 12},complete,1787883120282
2026,1331774599196585984,NCAA MOUNTAIN WEST,1,1399875149100007424,free_agent,[5],['1124191785678430208'],[],,{'13401': 5},complete,1788118753270
2026,1331774599196585984,NCAA MOUNTAIN WEST,1,1399997994538913792,free_agent,[6],['837430327189295104'],[],{'13264': 6},,complete,1788148041904
2026,1331774599196585984,NCAA MOUNTAIN WEST,1,1399998733172662272,free_agent,[6],['837430327189295104'],[],{'11237': 6},{'7066': 6},complete,1788148218008
2026,1331774599196585984,NCAA MOUNTAIN WEST,1,1400113075729768448,free_agent,[11],['702897403514159104'],[],{'13946': 11},,complete,1788175479398
2026,1331774599196585984,NCAA MOUNTAIN WEST,1,1402474991915667456,free_agent,[3],['560626155833876480'],[],,{'13300': 3},complete,1788738604099
2026,1331774599196585984,NCAA MOUNTAIN WEST,1,1402641322287890432,free_agent,[1],['596835723861082112'],[],{'12185': 1},,complete,1788778260350
2026,1331774599196585984,NCAA MOUNTAIN WEST,1,1402800578278514688,free_agent,[9],['589001974318403584'],[],,{'4171': 9},complete,1788816229937
2026,1331774599196585984,NCAA MOUNTAIN WEST,1,1402800778074177536,free_agent,[9],['589001974318403584'],[],,{'11645': 9},complete,1788816277573
2026,1331774599196585984,NCAA MOUNTAIN WEST,1,1402800843618578432,free_agent,[9],['589001974318403584'],[],,{'5185': 9},complete,1788816293199
2026,1331774599196585984,NCAA MOUNTAIN WEST,1,1402801374659387392,free_agent,[9],['589001974318403584'],[],,{'13403': 9},complete,1788816419810
2026,1331774599196585984,NCAA MOUNTAIN WEST,1,1402802375911014400,free_agent,[9],['589001974318403584'],[],,{'4040': 9},complete,1788816658527
2026,1331774599196585984,NCAA MOUNTAIN WEST,1,1402803409895075840,free_agent,[8],['325726913966395392'],[],,{'6111': 8},complete,1788816905047
2026,1331774599196585984,NCAA MOUNTAIN WEST,1,1402803566594260992,free_agent,[8],['325726913966395392'],[],,{'9999': 8},complete,1788816942407
2026,1331774599196585984,NCAA MOUNTAIN WEST,1,1402803750397079552,free_agent,[8],['325726913966395392'],[],,{'2197': 8},complete,1788816986229
2026,1331774599196585984,NCAA MOUNTAIN WEST,1,1402803885805940736,free_agent,[8],['325726913966395392'],[],,{'6151': 8},complete,1788817018514
2026,1331774599196585984,NCAA MOUNTAIN WEST,1,1403500069310701568,free_agent,[7],['604155835978944512'],[],,{'12476': 7},complete,1788983001596
2026,1331774599196585984,NCAA MOUNTAIN WEST,1,1403524002751717376,free_agent,[11],['702897403514159104'],[],,{'13946': 11},complete,1788988707772
2026,1331774599196585984,NCAA MOUNTAIN WEST,2,1405767793705586688,free_agent,[5],['1124191785678430208'],[],,{'12523': 5},complete,1789523669223
2026,1331774599196585984,NCAA MOUNTAIN WEST,2,1406460257718345728,free_agent,[1],['596835723861082112'],[],{'3286': 1},,complete,1789688765509
2026,1331774599196585984,NCAA MOUNTAIN WEST,2,1406476905602961408,free_agent,[11],['702897403514159104'],[],{'12472': 11},,complete,1789692734674
2026,1331774599196585984,NCAA MOUNTAIN WEST,2,1406477048414838784,free_agent,[11],['702897403514159104'],[],{'13079': 11},,complete,1789692768723
2026,1331774599196585984,NCAA MOUNTAIN WEST,2,1406481809797124096,free_agent,[11],['702897403514159104'],[],{'11729': 11},{'13079': 11},complete,1789693903925
2026,1331774599196585984,NCAA MOUNTAIN WEST,2,1407410450890518528,free_agent,[1],['596835723861082112'],[],{'6931': 1},,complete,1789915309215
2026,1331774599196585984,NCAA MOUNTAIN WEST,2,1407410757049565184,free_agent,[1],['596835723861082112'],[],{'11596': 1},,complete,1789915382210
2026,1331774599196585984,NCAA MOUNTAIN WEST,3,1408053842347610112,free_agent,[1],['596835723861082112'],[],{'2307': 1},,complete,1790068705693
2026,1331774599196585984,NCAA MOUNTAIN WEST,3,1408274142918082560,trade,"[2, 11]","['463106510101147648', '702897403514159104']","[{'round': 1, 'season': '2027', 'league_id': None, 'roster_id': 11, 'owner_id': 2, 'previous_owner_id': 11}]","{'11635': 11, '8112': 2, '8150': 11, '96': 11}","{'11635': 2, '8112': 11, '8150': 2, '96': 2}",complete,1790121229442
2026,1331774599196585984,NCAA MOUNTAIN WEST,3,1408297734938648576,free_agent,[11],['702897403514159104'],[],,{'7585': 11},complete,1790126854218
2026,1331774599196585984,NCAA MOUNTAIN WEST,3,1408297778530078720,free_agent,[11],['702897403514159104'],[],,{'12467': 11},complete,1790126864611
2026,1331774599196585984,NCAA MOUNTAIN WEST,3,1408298590895366144,free_agent,[11],['702897403514159104'],[],,{'13270': 11},complete,1790127058294
2026,1331774599196585984,NCAA MOUNTAIN WEST,3,1408623690962235392,free_agent,[10],['1374560757252890624'],[],,{'MIA': 10},complete,1790204568190
2026,1331774599196585984,NCAA MOUNTAIN WEST,3,1408815351260524544,free_agent,[1],['596835723861082112'],[],{'MIA': 1},{'11299': 1},complete,1790250263565
2026,1331774599196585984,NCAA MOUNTAIN WEST,3,1408960099052986368,trade,"[1, 2]","['596835723861082112', '463106510101147648']",[],"{'11584': 1, '12490': 2, 'SEA': 2, 'TEN': 1}","{'11584': 2, '12490': 1, 'SEA': 1, 'TEN': 2}",complete,1790284774129
2026,1331774599196585984,NCAA MOUNTAIN WEST,3,1409723989936324608,free_agent,[11],['702897403514159104'],[],{'11256': 11},,complete,1790466899907
2026,1331774599196585984,NCAA MOUNTAIN WEST,4,1410601871357366272,free_agent,[1],['596835723861082112'],[],{'12718': 1},{'11562': 1},complete,1790676203148
2026,1331774599196585984,NCAA MOUNTAIN WEST,4,1410706268183605248,free_agent,[4],['1132868015638532096'],[],,{'13404': 4},complete,1790701093292
2026,1331774599196585984,NCAA MOUNTAIN WEST,4,1410706301016604672,free_agent,[4],['1132868015638532096'],[],,{'2152': 4},complete,1790701101120
2026,1331774599196585984,NCAA MOUNTAIN WEST,4,1410706323531726848,free_agent,[4],['1132868015638532096'],[],,{'1029': 4},complete,1790701106488
2026,1331774599196585984,NCAA MOUNTAIN WEST,4,1410706457791393792,free_agent,[4],['1132868015638532096'],[],,{'1837': 4},complete,1790701138498
2026,1331774599196585984,NCAA MOUNTAIN WEST,4,1410706669012320256,free_agent,[4],['1132868015638532096'],[],,{'5536': 4},complete,1790701188856
2026,1331774599196585984,NCAA MOUNTAIN WEST,4,1410706706672918528,free_agent,[4],['1132868015638532096'],[],,{'4127': 4},complete,1790701197835
2026,1331774599196585984,NCAA MOUNTAIN WEST,4,1410706927771496448,free_agent,[4],['1132868015638532096'],[],,{'3634': 4},complete,1790701250549
2026,1331774599196585984,NCAA MOUNTAIN WEST,4,1410707051516030976,free_agent,[4],['1132868015638532096'],[],,{'7062': 4},complete,1790701280052
2026,1331774599196585984,NCAA MOUNTAIN WEST,4,1410707146558996480,free_agent,[4],['1132868015638532096'],[],,{'5985': 4},complete,1790701302712
2026,1331774599196585984,NCAA MOUNTAIN WEST,4,1410707224619204608,free_agent,[4],['1132868015638532096'],[],,{'4995': 4},complete,1790701321323
2026,1331774599196585984,NCAA MOUNTAIN WEST,4,1410707269993156608,free_agent,[4],['1132868015638532096'],[],,{'2460': 4},complete,1790701332141
2026,1331774599196585984,NCAA MOUNTAIN WEST,4,1410707387060396032,free_agent,[4],['1132868015638532096'],[],,{'6063': 4},complete,1790701360052
2026,1331774599196585984,NCAA MOUNTAIN WEST,4,1410707438868434944,free_agent,[4],['1132868015638532096'],[],,{'5880': 4},complete,1790701372404
2026,1331774599196585984,NCAA MOUNTAIN WEST,4,1410707490814869504,free_agent,[4],['1132868015638532096'],[],,{'5374': 4},complete,1790701384789
2026,1331774599196585984,NCAA MOUNTAIN WEST,4,1410707953962463232,free_agent,[4],['1132868015638532096'],[],,{'13278': 4},complete,1790701495212
2026,1331774599196585984,NCAA MOUNTAIN WEST,4,1410708023818616832,free_agent,[4],['1132868015638532096'],[],,{'1689': 4},complete,1790701511867
2026,1331774599196585984,NCAA MOUNTAIN WEST,4,1410708052386009088,free_agent,[4],['1132868015638532096'],[],,{'8428': 4},complete,1790701518679
2026,1331774599196585984,NCAA MOUNTAIN WEST,4,1410720397804019712,free_agent,[1],['596835723861082112'],[],{'3634': 1},{'10226': 1},complete,1790704462055
2026,1331774599196585984,NCAA MOUNTAIN WEST,4,1410807940402683904,free_agent,[5],['1124191785678430208'],[],{'13425': 5},,complete,1790725333837
2026,1331774599196585984,NCAA MOUNTAIN WEST,4,1410878217987936256,free_agent,[6],['837430327189295104'],[],{'13277': 6},,complete,1790742089319
2026,1331774599196585984,NCAA MOUNTAIN WEST,4,1410878633844686848,free_agent,[6],['837430327189295104'],[],{'13338': 6},,complete,1790742188467
2026,1331774599196585984,NCAA MOUNTAIN WEST,4,1410891366715691008,free_agent,[9],['589001974318403584'],[],{'11433': 9},,complete,1790745224220
2026,1331774599196585984,NCAA MOUNTAIN WEST,4,1412658861323640832,free_agent,[11],['702897403514159104'],[],{'13150': 11},{'11627': 11},complete,1791166627773
2026,1331774599196585984,NCAA MOUNTAIN WEST,4,1412659153582727168,free_agent,[11],['702897403514159104'],[],{'4018': 11},{'11729': 11},complete,1791166697453
2026,1331774544905510912,NCAA OHIO VALLEY,1,1356763938150178817,free_agent,[8],['426756284365160448'],[],,{'12715': 8},complete,1777840239611
2026,1331774544905510912,NCAA OHIO VALLEY,1,1356764116001255424,free_agent,[8],['426756284365160448'],[],,{'4234': 8},complete,1777840282014
2026,1331774544905510912,NCAA OHIO VALLEY,1,1357513150391398400,free_agent,[7],['635700695584043008'],[],,{'4351': 7},complete,1778018865729
2026,1331774544905510912,NCAA OHIO VALLEY,1,1357513194272223232,free_agent,[7],['635700695584043008'],[],,{'4111': 7},complete,1778018876192
2026,1331774544905510912,NCAA OHIO VALLEY,1,1357721039718592512,free_agent,[9],['997659278062272512'],[],,{'5973': 9},complete,1778068430407
2026,1331774544905510912,NCAA OHIO VALLEY,1,1357721737243930624,free_agent,[9],['997659278062272512'],[],,{'4718': 9},complete,1778068596710
2026,1331774544905510912,NCAA OHIO VALLEY,1,1357721942718693376,free_agent,[9],['997659278062272512'],[],,{'7561': 9},complete,1778068645699
2026,1331774544905510912,NCAA OHIO VALLEY,1,1358387303323566080,free_agent,[11],['638193564806897664'],[],,{'1426': 11},complete,1778227280030
2026,1331774544905510912,NCAA OHIO VALLEY,1,1358387334134890496,free_agent,[11],['638193564806897664'],[],,{'3269': 11},complete,1778227287375
2026,1331774544905510912,NCAA OHIO VALLEY,1,1366193773687615488,free_agent,[10],['594242128851296256'],[],,{'5987': 10},complete,1780088487602
2026,1331774544905510912,NCAA OHIO VALLEY,1,1366193852192391168,free_agent,[10],['594242128851296256'],[],,{'7602': 10},complete,1780088506318
2026,1331774544905510912,NCAA OHIO VALLEY,1,1366193870160793600,free_agent,[10],['594242128851296256'],[],,{'9481': 10},complete,1780088510602
2026,1331774544905510912,NCAA OHIO VALLEY,1,1366193894160633856,free_agent,[10],['594242128851296256'],[],,{'11895': 10},complete,1780088516324
2026,1331774544905510912,NCAA OHIO VALLEY,1,1366193908219932672,free_agent,[10],['594242128851296256'],[],,{'4171': 10},complete,1780088519676
2026,1331774544905510912,NCAA OHIO VALLEY,1,1366976782917464064,trade,"[10, 12]","['594242128851296256', '300814106795974656']","[{'round': 4, 'season': '2026', 'league_id': None, 'roster_id': 10, 'owner_id': 12, 'previous_owner_id': 10}, {'round': 2, 'season': '2026', 'league_id': None, 'roster_id': 12, 'owner_id': 10, 'previous_owner_id': 12}]","{'12487': 10, '12519': 12, '12547': 10}","{'12487': 12, '12519': 10, '12547': 12}",complete,1780275171550
2026,1331774544905510912,NCAA OHIO VALLEY,1,1368258682701246464,free_agent,[10],['594242128851296256'],[],,{'9497': 10},complete,1780580800274
2026,1331774544905510912,NCAA OHIO VALLEY,1,1368258811680280576,free_agent,[10],['594242128851296256'],[],,{'11633': 10},complete,1780580831025
2026,1331774544905510912,NCAA OHIO VALLEY,1,1368258836456026112,free_agent,[10],['594242128851296256'],[],,{'10867': 10},complete,1780580836932
2026,1331774544905510912,NCAA OHIO VALLEY,1,1368609555205873664,trade,"[8, 10]","['426756284365160448', '594242128851296256']","[{'round': 3, 'season': '2026', 'league_id': None, 'roster_id': 10, 'owner_id': 8, 'previous_owner_id': 10}, {'round': 3, 'season': '2027', 'league_id': None, 'roster_id': 10, 'owner_id': 8, 'previous_owner_id': 10}, {'round': 4, 'season': '2027', 'league_id': None, 'roster_id': 10, 'owner_id': 8, 'previous_owner_id': 10}, {'round': 3, 'season': '2026', 'league_id': None, 'roster_id': 8, 'owner_id': 10, 'previous_owner_id': 8}]",,,complete,1780664454798
2026,1331774544905510912,NCAA OHIO VALLEY,1,1369228752231358464,commissioner,[5],['474662041341128704'],[],{'13293': 5},,complete,1780812082873
2026,1331774544905510912,NCAA OHIO VALLEY,1,1370184712642895872,commissioner,[11],['638193564806897664'],[],{'13285': 11},,complete,1781040001597
2026,1331774544905510912,NCAA OHIO VALLEY,1,1374915048492761088,free_agent,[12],['300814106795974656'],[],,{'1433': 12},complete,1782167801548
2026,1331774544905510912,NCAA OHIO VALLEY,1,1374915110417502208,free_agent,[12],['300814106795974656'],[],,{'10220': 12},complete,1782167816312
2026,1331774544905510912,NCAA OHIO VALLEY,1,1374915324071149568,free_agent,[12],['300814106795974656'],[],,{'5955': 12},complete,1782167867252
2026,1331774544905510912,NCAA OHIO VALLEY,1,1374915417348243456,free_agent,[12],['300814106795974656'],[],,{'7610': 12},complete,1782167889490
2026,1331774544905510912,NCAA OHIO VALLEY,1,1374915511330017281,free_agent,[12],['300814106795974656'],[],,{'5230': 12},complete,1782167911897
2026,1331774544905510912,NCAA OHIO VALLEY,1,1374916053452218368,free_agent,[12],['300814106795974656'],[],{'13411': 12},,complete,1782168041150
2026,1331774544905510912,NCAA OHIO VALLEY,1,1374926227827085312,free_agent,[11],['638193564806897664'],[],,{'7537': 11},complete,1782170466909
2026,1331774544905510912,NCAA OHIO VALLEY,1,1374926251050930176,free_agent,[11],['638193564806897664'],[],,{'8122': 11},complete,1782170472446
2026,1331774544905510912,NCAA OHIO VALLEY,1,1389322945783939072,free_agent,[8],['426756284365160448'],[],,{'5185': 8},complete,1785602911948
2026,1331774544905510912,NCAA OHIO VALLEY,1,1389322970735837184,free_agent,[8],['426756284365160448'],[],,{'6920': 8},complete,1785602917898
2026,1331774544905510912,NCAA OHIO VALLEY,1,1389323006697836544,free_agent,[8],['426756284365160448'],[],,{'8168': 8},complete,1785602926471
2026,1331774544905510912,NCAA OHIO VALLEY,1,1389323080525967360,free_agent,[8],['426756284365160448'],[],,{'5086': 8},complete,1785602944073
2026,1331774544905510912,NCAA OHIO VALLEY,1,1389323141435625472,free_agent,[8],['426756284365160448'],[],{'13413': 8},{'6828': 8},complete,1785602958595
2026,1331774544905510912,NCAA OHIO VALLEY,1,1389325638715871232,free_agent,[10],['594242128851296256'],[],,{'3161': 10},complete,1785603553994
2026,1331774544905510912,NCAA OHIO VALLEY,1,1389325715094142976,free_agent,[10],['594242128851296256'],[],,{'3634': 10},complete,1785603572203
2026,1331774544905510912,NCAA OHIO VALLEY,1,1389332223114645504,free_agent,[8],['426756284365160448'],[],{'13329': 8},{'8160': 8},complete,1785605123836
2026,1331774544905510912,NCAA OHIO VALLEY,1,1396964751581450240,free_agent,[6],['331558449374593024'],[],,{'4082': 6},complete,1787424860428
2026,1331774544905510912,NCAA OHIO VALLEY,1,1396964981085323264,free_agent,[6],['331558449374593024'],[],,{'12539': 6},complete,1787424915146
2026,1331774544905510912,NCAA OHIO VALLEY,1,1396965266390261760,free_agent,[6],['331558449374593024'],[],,{'2749': 6},complete,1787424983169
2026,1331774544905510912,NCAA OHIO VALLEY,1,1396965332278603776,free_agent,[6],['331558449374593024'],[],,{'11299': 6},complete,1787424998877
2026,1331774544905510912,NCAA OHIO VALLEY,1,1396965373458305024,free_agent,[6],['331558449374593024'],[],,{'12412': 6},complete,1787425008695
2026,1331774544905510912,NCAA OHIO VALLEY,1,1396965403762176000,free_agent,[6],['331558449374593024'],[],,{'1234': 6},complete,1787425015920
2026,1331774544905510912,NCAA OHIO VALLEY,1,1396965598193307648,free_agent,[6],['331558449374593024'],[],,{'7601': 6},complete,1787425062276
2026,1331774544905510912,NCAA OHIO VALLEY,1,1396965799209537536,free_agent,[6],['331558449374593024'],[],{'13533': 6},,complete,1787425110202
2026,1331774544905510912,NCAA OHIO VALLEY,1,1396965947700449280,free_agent,[6],['331558449374593024'],[],{'13541': 6},{'7607': 6},complete,1787425145605
2026,1331774544905510912,NCAA OHIO VALLEY,1,1396966115472580608,free_agent,[6],['331558449374593024'],[],{'13545': 6},{'1348': 6},complete,1787425185605
2026,1331774544905510912,NCAA OHIO VALLEY,1,1396966468402335744,free_agent,[6],['331558449374593024'],[],{'13418': 6},{'12658': 6},complete,1787425269750
2026,1331774544905510912,NCAA OHIO VALLEY,1,1396966767204540416,free_agent,[6],['331558449374593024'],[],{'13324': 6},{'11616': 6},complete,1787425340991
2026,1331774544905510912,NCAA OHIO VALLEY,1,1396967004333727744,free_agent,[6],['331558449374593024'],[],{'13477': 6},{'12634': 6},complete,1787425397526
2026,1331774544905510912,NCAA OHIO VALLEY,1,1397840254408400896,free_agent,[4],['472879969664495616'],[],,{'13300': 4},complete,1787633596568
2026,1331774544905510912,NCAA OHIO VALLEY,1,1397840271479181312,free_agent,[4],['472879969664495616'],[],,{'6814': 4},complete,1787633600638
2026,1331774544905510912,NCAA OHIO VALLEY,1,1397840285744009216,free_agent,[4],['472879969664495616'],[],,{'7794': 4},complete,1787633604039
2026,1331774544905510912,NCAA OHIO VALLEY,1,1397840307877376000,free_agent,[4],['472879969664495616'],[],,{'2309': 4},complete,1787633609317
2026,1331774544905510912,NCAA OHIO VALLEY,1,1397840344292327424,free_agent,[4],['472879969664495616'],[],,{'1099': 4},complete,1787633617998
2026,1331774544905510912,NCAA OHIO VALLEY,1,1397840362243936256,free_agent,[4],['472879969664495616'],[],,{'49': 4},complete,1787633622279
2026,1331774544905510912,NCAA OHIO VALLEY,1,1397840404694450176,free_agent,[4],['472879969664495616'],[],{'8800': 4},,complete,1787633632399
2026,1331774544905510912,NCAA OHIO VALLEY,1,1397840450013900800,free_agent,[4],['472879969664495616'],[],{'11574': 4},,complete,1787633643204
2026,1331774544905510912,NCAA OHIO VALLEY,1,1398142548798656512,free_agent,[2],['601198801197260800'],[],,{'11599': 2},complete,1787705669167
2026,1331774544905510912,NCAA OHIO VALLEY,1,1398142598278885376,free_agent,[2],['601198801197260800'],[],,{'10228': 2},complete,1787705680964
2026,1331774544905510912,NCAA OHIO VALLEY,1,1398142651420676096,free_agent,[2],['601198801197260800'],[],,{'4663': 2},complete,1787705693634
2026,1331774544905510912,NCAA OHIO VALLEY,1,1398142808698699776,free_agent,[2],['601198801197260800'],[],,{'6938': 2},complete,1787705731132
2026,1331774544905510912,NCAA OHIO VALLEY,1,1400618702130413568,free_agent,[2],['601198801197260800'],[],{'8172': 2},{'10871': 2},complete,1788296030127
2026,1331774544905510912,NCAA OHIO VALLEY,1,1400618802009415680,free_agent,[2],['601198801197260800'],[],{'13833': 2},{'9998': 2},complete,1788296053940
2026,1331774544905510912,NCAA OHIO VALLEY,1,1400618964660322304,free_agent,[2],['601198801197260800'],[],{'13968': 2},{'8932': 2},complete,1788296092718
2026,1331774544905510912,NCAA OHIO VALLEY,1,1402462613127901184,free_agent,[12],['300814106795974656'],[],{'11608': 12},,complete,1788735652766
2026,1331774544905510912,NCAA OHIO VALLEY,1,1402658181292773376,free_agent,[8],['426756284365160448'],[],,{'4988': 8},complete,1788782279850
2026,1331774544905510912,NCAA OHIO VALLEY,1,1403469195106099200,free_agent,[3],['468944645166985216'],[],,{'6845': 3},complete,1788975640612
2026,1331774544905510912,NCAA OHIO VALLEY,1,1403469220288667648,free_agent,[3],['468944645166985216'],[],,{'5096': 3},complete,1788975646616
2026,1331774544905510912,NCAA OHIO VALLEY,1,1403469254984036352,free_agent,[3],['468944645166985216'],[],,{'1689': 3},complete,1788975654887
2026,1331774544905510912,NCAA OHIO VALLEY,1,1403469312320188416,free_agent,[3],['468944645166985216'],[],,{'3225': 3},complete,1788975668557
2026,1331774544905510912,NCAA OHIO VALLEY,1,1403518579017547776,free_agent,[9],['997659278062272512'],[],,{'11789': 9},complete,1788987414654
2026,1331774544905510912,NCAA OHIO VALLEY,1,1403518606095970304,free_agent,[9],['997659278062272512'],[],,{'3200': 9},complete,1788987421109
2026,1331774544905510912,NCAA OHIO VALLEY,1,1403518633447030784,free_agent,[9],['997659278062272512'],[],,{'12476': 9},complete,1788987427631
2026,1331774544905510912,NCAA OHIO VALLEY,1,1403518657480421376,free_agent,[9],['997659278062272512'],[],,{'6945': 9},complete,1788987433361
2026,1331774544905510912,NCAA OHIO VALLEY,1,1403519265071505408,free_agent,[9],['997659278062272512'],[],{'13434': 9},,complete,1788987578221
2026,1331774544905510912,NCAA OHIO VALLEY,1,1403519294658097152,free_agent,[9],['997659278062272512'],[],{'13297': 9},,complete,1788987585276
2026,1331774544905510912,NCAA OHIO VALLEY,1,1403519332499075072,free_agent,[9],['997659278062272512'],[],{'13333': 9},,complete,1788987594297
2026,1331774544905510912,NCAA OHIO VALLEY,1,1403519561411612672,free_agent,[9],['997659278062272512'],[],{'13299': 9},,complete,1788987648874
2026,1331774544905510912,NCAA OHIO VALLEY,1,1403528972532236288,free_agent,[5],['474662041341128704'],[],,{'11994': 5},complete,1788989892660
2026,1331774544905510912,NCAA OHIO VALLEY,1,1403529054497320960,free_agent,[5],['474662041341128704'],[],,{'5970': 5},complete,1788989912203
2026,1331774544905510912,NCAA OHIO VALLEY,1,1403529092858437632,free_agent,[5],['474662041341128704'],[],,{'6960': 5},complete,1788989921348
2026,1331774544905510912,NCAA OHIO VALLEY,1,1403529385063055360,free_agent,[5],['474662041341128704'],[],,{'11623': 5},complete,1788989991015
2026,1331774544905510912,NCAA OHIO VALLEY,1,1403529459906125824,free_agent,[5],['474662041341128704'],[],,{'7587': 5},complete,1788990008859
2026,1331774544905510912,NCAA OHIO VALLEY,1,1403529648536588288,free_agent,[5],['474662041341128704'],[],,{'11630': 5},complete,1788990053832
2026,1331774544905510912,NCAA OHIO VALLEY,1,1403557612858953728,free_agent,[12],['300814106795974656'],[],{'11630': 12},,complete,1788996721046
2026,1331774544905510912,NCAA OHIO VALLEY,1,1403884035469524992,free_agent,[5],['474662041341128704'],[],,{'17': 5},complete,1789074546261
2026,1331774544905510912,NCAA OHIO VALLEY,1,1404890679724752896,free_agent,[7],['635700695584043008'],[],,{'3202': 7},complete,1789314548955
2026,1331774544905510912,NCAA OHIO VALLEY,1,1404890759030640640,free_agent,[7],['635700695584043008'],[],,{'9490': 7},complete,1789314567862
2026,1331774544905510912,NCAA OHIO VALLEY,1,1404946728834068480,free_agent,[11],['638193564806897664'],[],{'3634': 11},{'4040': 11},complete,1789327912104
2026,1331774544905510912,NCAA OHIO VALLEY,2,1405680488164683776,free_agent,[6],['331558449374593024'],[],{'3161': 6},{'4018': 6},complete,1789502853960
2026,1331774544905510912,NCAA OHIO VALLEY,2,1406401966229229568,free_agent,[10],['594242128851296256'],[],{'13394': 10},,complete,1789674867735
2026,1331774544905510912,NCAA OHIO VALLEY,2,1407427262902435840,free_agent,[6],['331558449374593024'],[],{'6931': 6},,complete,1789919317511
2026,1331774544905510912,NCAA OHIO VALLEY,2,1407427632475160576,free_agent,[6],['331558449374593024'],[],{'13264': 6},,complete,1789919405624
2026,1331774544905510912,NCAA OHIO VALLEY,2,1407427657242521600,free_agent,[6],['331558449374593024'],[],{'13277': 6},,complete,1789919411530
2026,1331774544905510912,NCAA OHIO VALLEY,2,1407429230215610368,free_agent,[11],['638193564806897664'],[],{'1379': 11},{'12515': 11},complete,1789919786556
2026,1331774544905510912,NCAA OHIO VALLEY,4,1410649575521280000,free_agent,[11],['638193564806897664'],[],{'13425': 11},,complete,1790687576707
2026,1331774544905510912,NCAA OHIO VALLEY,4,1411532946862551040,free_agent,[10],['594242128851296256'],[],{'3155': 10},,complete,1790898188847
2026,1331774544905510912,NCAA OHIO VALLEY,4,1411532973307633664,free_agent,[10],['594242128851296256'],[],{'5985': 10},,complete,1790898195152
2026,1331774544905510912,NCAA OHIO VALLEY,4,1412145619283316736,free_agent,[11],['638193564806897664'],[],{'13150': 11},,complete,1791044261335
2026,1331774544905510912,NCAA OHIO VALLEY,4,1412615273910939648,free_agent,[5],['474662041341128704'],[],{'11157': 5},,complete,1791156235725
2026,1331775106527006720,NCAA PAC 12,1,1331777856027496448,free_agent,[7],['597246797479469056'],[],,{'7601': 7},complete,1771883093414
2026,1331775106527006720,NCAA PAC 12,1,1337825085649620992,free_agent,[11],['76460245878456320'],[],,{'11199': 11},complete,1773324865308
2026,1331775106527006720,NCAA PAC 12,1,1337825145988853760,free_agent,[11],['76460245878456320'],[],,{'8123': 11},complete,1773324879694
2026,1331775106527006720,NCAA PAC 12,1,1337825212288212992,free_agent,[11],['76460245878456320'],[],,{'10223': 11},complete,1773324895501
2026,1331775106527006720,NCAA PAC 12,1,1337825585757425664,free_agent,[11],['76460245878456320'],[],,{'11370': 11},complete,1773324984543
2026,1331775106527006720,NCAA PAC 12,1,1337826126491312128,free_agent,[11],['76460245878456320'],[],,{'4144': 11},complete,1773325113465
2026,1331775106527006720,NCAA PAC 12,1,1337826252148441088,free_agent,[11],['76460245878456320'],[],{'12897': 11},,complete,1773325143423
2026,1331775106527006720,NCAA PAC 12,1,1337858144369393664,free_agent,[9],['519390092788297728'],[],,{'11435': 9},complete,1773332747122
2026,1331775106527006720,NCAA PAC 12,1,1337928302635003904,free_agent,[11],['76460245878456320'],[],,{'8800': 11},complete,1773349474155
2026,1331775106527006720,NCAA PAC 12,1,1337928481018761216,free_agent,[11],['76460245878456320'],[],{'11435': 11},,complete,1773349516685
2026,1331775106527006720,NCAA PAC 12,1,1338643482977243136,free_agent,[7],['597246797479469056'],[],,{'8139': 7},complete,1773519986436
2026,1331775106527006720,NCAA PAC 12,1,1338643741954576384,free_agent,[7],['597246797479469056'],[],,{'11633': 7},complete,1773520048181
2026,1331775106527006720,NCAA PAC 12,1,1338643862540800000,free_agent,[7],['597246797479469056'],[],,{'8413': 7},complete,1773520076931
2026,1331775106527006720,NCAA PAC 12,1,1338644077763129344,free_agent,[7],['597246797479469056'],[],{'11199': 7},{'10216': 7},complete,1773520128244
2026,1331775106527006720,NCAA PAC 12,1,1339791670706700288,free_agent,[11],['76460245878456320'],[],{'12860': 11},{'11439': 11},complete,1773793735723
2026,1331775106527006720,NCAA PAC 12,1,1340167855202656256,free_agent,[2],['709857172258881536'],[],,{'5185': 2},complete,1773883425096
2026,1331775106527006720,NCAA PAC 12,1,1348114791691984896,free_agent,[4],['477666723663704064'],[],,{'2359': 4},complete,1775778122403
2026,1331775106527006720,NCAA PAC 12,1,1348114846591225856,free_agent,[4],['477666723663704064'],[],,{'12520': 4},complete,1775778135491
2026,1331775106527006720,NCAA PAC 12,1,1348114882611912704,free_agent,[4],['477666723663704064'],[],,{'331': 4},complete,1775778144080
2026,1331775106527006720,NCAA PAC 12,1,1348114948978393088,free_agent,[4],['477666723663704064'],[],,{'11581': 4},complete,1775778159902
2026,1331775106527006720,NCAA PAC 12,1,1348133492155764736,free_agent,[7],['597246797479469056'],[],{'11581': 7},{'7828': 7},complete,1775782580940
2026,1331775106527006720,NCAA PAC 12,1,1352528582018072576,free_agent,[2],['709857172258881536'],[],,{'10863': 2},complete,1776830452020
2026,1331775106527006720,NCAA PAC 12,1,1352677802016542720,trade,"[4, 8]","['477666723663704064', '460348260653985792']","[{'round': 1, 'season': '2026', 'league_id': None, 'roster_id': 4, 'owner_id': 8, 'previous_owner_id': 4}, {'round': 2, 'season': '2026', 'league_id': None, 'roster_id': 4, 'owner_id': 4, 'previous_owner_id': 8}, {'round': 2, 'season': '2026', 'league_id': None, 'roster_id': 8, 'owner_id': 4, 'previous_owner_id': 8}, {'round': 4, 'season': '2026', 'league_id': None, 'roster_id': 8, 'owner_id': 8, 'previous_owner_id': 4}]","{'8167': 8, '9487': 4}","{'8167': 4, '9487': 8}",complete,1776866028840
2026,1331775106527006720,NCAA PAC 12,1,1354890293337411584,trade,"[3, 12]","['470320542868566016', '450806182555152384']","[{'round': 3, 'season': '2027', 'league_id': None, 'roster_id': 3, 'owner_id': 12, 'previous_owner_id': 3}]",{'4972': 3},{'4972': 12},complete,1777393527878
2026,1331775106527006720,NCAA PAC 12,1,1358898457573588992,free_agent,[4],['477666723663704064'],[],,{'12538': 4},complete,1778349148699
2026,1331775106527006720,NCAA PAC 12,1,1364252072827969536,free_agent,[1],['917575404431831040'],[],,{'5955': 1},complete,1779625550041
2026,1331775106527006720,NCAA PAC 12,1,1364252171171807232,free_agent,[1],['917575404431831040'],[],,{'13074': 1},complete,1779625573489
2026,1331775106527006720,NCAA PAC 12,1,1364252315799797760,free_agent,[1],['917575404431831040'],[],,{'3200': 1},complete,1779625607971
2026,1331775106527006720,NCAA PAC 12,1,1364252872044220416,free_agent,[1],['917575404431831040'],[],,{'2374': 1},complete,1779625740589
2026,1331775106527006720,NCAA PAC 12,1,1364827086405013504,free_agent,[4],['477666723663704064'],[],{'4464': 4},,complete,1779762643961
2026,1331775106527006720,NCAA PAC 12,1,1365165791481180160,free_agent,[4],['477666723663704064'],[],{'11370': 4},{'12542': 4},complete,1779843397544
2026,1331775106527006720,NCAA PAC 12,1,1365165838935535616,free_agent,[4],['477666723663704064'],[],{'12462': 4},{'11592': 4},complete,1779843408858
2026,1331775106527006720,NCAA PAC 12,1,1365784245322158080,trade,"[3, 6]","['470320542868566016', '338823136923381760']","[{'round': 1, 'season': '2026', 'league_id': None, 'roster_id': 3, 'owner_id': 6, 'previous_owner_id': 3}, {'round': 2, 'season': '2026', 'league_id': None, 'roster_id': 3, 'owner_id': 6, 'previous_owner_id': 3}, {'round': 1, 'season': '2026', 'league_id': None, 'roster_id': 6, 'owner_id': 3, 'previous_owner_id': 6}]",,,complete,1779990848431
2026,1331775106527006720,NCAA PAC 12,1,1365804724791562240,trade,"[4, 8]","['477666723663704064', '460348260653985792']","[{'round': 3, 'season': '2026', 'league_id': None, 'roster_id': 4, 'owner_id': 8, 'previous_owner_id': 4}, {'round': 2, 'season': '2027', 'league_id': None, 'roster_id': 4, 'owner_id': 8, 'previous_owner_id': 4}, {'round': 3, 'season': '2026', 'league_id': None, 'roster_id': 8, 'owner_id': 4, 'previous_owner_id': 8}, {'round': 3, 'season': '2027', 'league_id': None, 'roster_id': 8, 'owner_id': 4, 'previous_owner_id': 8}]","{'11638': 8, '12545': 4}","{'11638': 4, '12545': 8}",complete,1779995731116
2026,1331775106527006720,NCAA PAC 12,1,1366194040755736576,free_agent,[12],['450806182555152384'],[],,{'12516': 12},complete,1780088551276
2026,1331775106527006720,NCAA PAC 12,1,1366194187527024640,free_agent,[12],['450806182555152384'],[],,{'7608': 12},complete,1780088586268
2026,1331775106527006720,NCAA PAC 12,1,1366197900433985536,free_agent,[10],['534619662650601472'],[],{'12542': 10},,complete,1780089471494
2026,1331775106527006720,NCAA PAC 12,1,1366279314852560896,trade,"[8, 9]","['460348260653985792', '519390092788297728']","[{'round': 1, 'season': '2026', 'league_id': None, 'roster_id': 11, 'owner_id': 9, 'previous_owner_id': 8}, {'round': 3, 'season': '2026', 'league_id': None, 'roster_id': 4, 'owner_id': 9, 'previous_owner_id': 8}, {'round': 1, 'season': '2026', 'league_id': None, 'roster_id': 9, 'owner_id': 8, 'previous_owner_id': 9}]",,,complete,1780108882205
2026,1331775106527006720,NCAA PAC 12,1,1366297084218576896,trade,"[6, 7]","['338823136923381760', '597246797479469056']","[{'round': 1, 'season': '2026', 'league_id': None, 'roster_id': 3, 'owner_id': 7, 'previous_owner_id': 6}, {'round': 1, 'season': '2026', 'league_id': None, 'roster_id': 7, 'owner_id': 6, 'previous_owner_id': 7}, {'round': 3, 'season': '2026', 'league_id': None, 'roster_id': 7, 'owner_id': 6, 'previous_owner_id': 7}]",,,complete,1780113118752
2026,1331775106527006720,NCAA PAC 12,1,1366442677486223360,free_agent,[6],['338823136923381760'],[],,{'7561': 6},complete,1780147830891
2026,1331775106527006720,NCAA PAC 12,1,1366442904263852032,free_agent,[6],['338823136923381760'],[],,{'2749': 6},complete,1780147884959
2026,1331775106527006720,NCAA PAC 12,1,1366442998409203712,free_agent,[6],['338823136923381760'],[],,{'4080': 6},complete,1780147907405
2026,1331775106527006720,NCAA PAC 12,1,1366443084807671808,free_agent,[6],['338823136923381760'],[],,{'1689': 6},complete,1780147928005
2026,1331775106527006720,NCAA PAC 12,1,1366443166294626304,free_agent,[6],['338823136923381760'],[],,{'11511': 6},complete,1780147947432
2026,1331775106527006720,NCAA PAC 12,1,1366443228714242048,free_agent,[6],['338823136923381760'],[],,{'7565': 6},complete,1780147962314
2026,1331775106527006720,NCAA PAC 12,1,1366443326672240640,free_agent,[6],['338823136923381760'],[],,{'1837': 6},complete,1780147985670
2026,1331775106527006720,NCAA PAC 12,1,1366443492657631232,free_agent,[6],['338823136923381760'],[],,{'5272': 6},complete,1780148025244
2026,1331775106527006720,NCAA PAC 12,1,1366443575444803584,free_agent,[6],['338823136923381760'],[],,{'1348': 6},complete,1780148044981
2026,1331775106527006720,NCAA PAC 12,1,1366443850830204928,free_agent,[6],['338823136923381760'],[],,{'5987': 6},complete,1780148110638
2026,1331775106527006720,NCAA PAC 12,1,1366444135115948032,free_agent,[6],['338823136923381760'],[],,{'2505': 6},complete,1780148178417
2026,1331775106527006720,NCAA PAC 12,1,1366455928865423360,trade,"[2, 3]","['709857172258881536', '470320542868566016']","[{'round': 1, 'season': '2026', 'league_id': None, 'roster_id': 2, 'owner_id': 3, 'previous_owner_id': 2}, {'round': 3, 'season': '2026', 'league_id': None, 'roster_id': 2, 'owner_id': 3, 'previous_owner_id': 2}]",{'7543': 2},{'7543': 3},complete,1780150990266
2026,1331775106527006720,NCAA PAC 12,1,1366563832499019776,free_agent,[10],['534619662650601472'],[],,{'11034': 10},complete,1780176716498
2026,1331775106527006720,NCAA PAC 12,1,1366569540317609984,trade,"[4, 6]","['477666723663704064', '338823136923381760']","[{'round': 2, 'season': '2026', 'league_id': None, 'roster_id': 3, 'owner_id': 4, 'previous_owner_id': 6}, {'round': 2, 'season': '2026', 'league_id': None, 'roster_id': 4, 'owner_id': 6, 'previous_owner_id': 4}, {'round': 4, 'season': '2026', 'league_id': None, 'roster_id': 6, 'owner_id': 4, 'previous_owner_id': 6}, {'round': 3, 'season': '2026', 'league_id': None, 'roster_id': 8, 'owner_id': 6, 'previous_owner_id': 4}]",,,complete,1780178077348
2026,1331775106527006720,NCAA PAC 12,1,1366622135165939712,trade,"[1, 4]","['917575404431831040', '477666723663704064']","[{'round': 3, 'season': '2026', 'league_id': None, 'roster_id': 1, 'owner_id': 1, 'previous_owner_id': 4}, {'round': 4, 'season': '2026', 'league_id': None, 'roster_id': 1, 'owner_id': 4, 'previous_owner_id': 1}, {'round': 3, 'season': '2027', 'league_id': None, 'roster_id': 1, 'owner_id': 4, 'previous_owner_id': 1}]",,,complete,1780190616937
2026,1331775106527006720,NCAA PAC 12,1,1366829182989922304,free_agent,[8],['460348260653985792'],[],,{'4171': 8},complete,1780239980984
2026,1331775106527006720,NCAA PAC 12,1,1366829235796189184,free_agent,[8],['460348260653985792'],[],,{'5096': 8},complete,1780239993574
2026,1331775106527006720,NCAA PAC 12,1,1366829280843042816,free_agent,[8],['460348260653985792'],[],,{'4040': 8},complete,1780240004314
2026,1331775106527006720,NCAA PAC 12,1,1366829320948948992,free_agent,[8],['460348260653985792'],[],,{'8670': 8},complete,1780240013877
2026,1331775106527006720,NCAA PAC 12,1,1367170196241911808,free_agent,[3],['470320542868566016'],[],,{'503': 3},complete,1780321284880
2026,1331775106527006720,NCAA PAC 12,1,1367170230337441792,free_agent,[3],['470320542868566016'],[],,{'10871': 3},complete,1780321293008
2026,1331775106527006720,NCAA PAC 12,1,1367170261266214912,free_agent,[3],['470320542868566016'],[],,{'4082': 3},complete,1780321300382
2026,1331775106527006720,NCAA PAC 12,1,1367170428304396288,free_agent,[3],['470320542868566016'],[],,{'6154': 3},complete,1780321340208
2026,1331775106527006720,NCAA PAC 12,1,1367176235779645440,trade,"[2, 9]","['709857172258881536', '519390092788297728']","[{'round': 4, 'season': '2026', 'league_id': None, 'roster_id': 2, 'owner_id': 9, 'previous_owner_id': 2}, {'round': 3, 'season': '2027', 'league_id': None, 'roster_id': 2, 'owner_id': 9, 'previous_owner_id': 2}, {'round': 3, 'season': '2026', 'league_id': None, 'roster_id': 4, 'owner_id': 2, 'previous_owner_id': 9}]",,,complete,1780322724818
2026,1331775106527006720,NCAA PAC 12,1,1367230464485498880,free_agent,[12],['450806182555152384'],[],,{'4381': 12},complete,1780335653948
2026,1331775106527006720,NCAA PAC 12,1,1367230539597099008,free_agent,[6],['338823136923381760'],[],{'6011': 6},,complete,1780335671856
2026,1331775106527006720,NCAA PAC 12,1,1367230542130466816,free_agent,[12],['450806182555152384'],[],,{'13150': 12},complete,1780335672460
2026,1331775106527006720,NCAA PAC 12,1,1367230624821149696,free_agent,[6],['338823136923381760'],[],{'13411': 6},,complete,1780335692175
2026,1331775106527006720,NCAA PAC 12,1,1367230714558312448,free_agent,[12],['450806182555152384'],[],,{'3161': 12},complete,1780335713570
2026,1331775106527006720,NCAA PAC 12,1,1367230754563579904,free_agent,[6],['338823136923381760'],[],{'12718': 6},,complete,1780335723108
2026,1331775106527006720,NCAA PAC 12,1,1367230768748703744,free_agent,[8],['460348260653985792'],[],,{'4663': 8},complete,1780335726490
2026,1331775106527006720,NCAA PAC 12,1,1367230832816701440,free_agent,[9],['519390092788297728'],[],{'13296': 9},{'11630': 9},complete,1780335741766
2026,1331775106527006720,NCAA PAC 12,1,1367230862222962688,free_agent,[8],['460348260653985792'],[],,{'11599': 8},complete,1780335748776
2026,1331775106527006720,NCAA PAC 12,1,1367230908322557952,free_agent,[8],['460348260653985792'],[],,{'10225': 8},complete,1780335759767
2026,1331775106527006720,NCAA PAC 12,1,1367230934050406400,free_agent,[8],['460348260653985792'],[],,{'8162': 8},complete,1780335765902
2026,1331775106527006720,NCAA PAC 12,1,1367230987808837632,free_agent,[5],['454372407956729856'],[],,{'1234': 5},complete,1780335778718
2026,1331775106527006720,NCAA PAC 12,1,1367231000794390528,free_agent,[6],['338823136923381760'],[],{'4040': 6},{'11748': 6},complete,1780335781814
2026,1331775106527006720,NCAA PAC 12,1,1367231017835839488,free_agent,[8],['460348260653985792'],[],{'13303': 8},{'12185': 8},complete,1780335785877
2026,1331775106527006720,NCAA PAC 12,1,1367231020323057664,free_agent,[5],['454372407956729856'],[],,{'10862': 5},complete,1780335786470
2026,1331775106527006720,NCAA PAC 12,1,1367231045761519616,free_agent,[5],['454372407956729856'],[],,{'4718': 5},complete,1780335792535
2026,1331775106527006720,NCAA PAC 12,1,1367231083258605568,free_agent,[5],['454372407956729856'],[],,{'6945': 5},complete,1780335801475
2026,1331775106527006720,NCAA PAC 12,1,1367231116263587840,free_agent,[5],['454372407956729856'],[],{'13324': 5},,complete,1780335809345
2026,1331775106527006720,NCAA PAC 12,1,1367231194336366592,free_agent,[5],['454372407956729856'],[],,{'4602': 5},complete,1780335827958
2026,1331775106527006720,NCAA PAC 12,1,1367231217157537792,free_agent,[5],['454372407956729856'],[],,{'5010': 5},complete,1780335833400
2026,1331775106527006720,NCAA PAC 12,1,1367231246702239744,free_agent,[5],['454372407956729856'],[],,{'2750': 5},complete,1780335840443
2026,1331775106527006720,NCAA PAC 12,1,1367231327547441152,free_agent,[5],['454372407956729856'],[],{'2078': 5},,complete,1780335859719
2026,1331775106527006720,NCAA PAC 12,1,1367231600256892928,free_agent,[5],['454372407956729856'],[],{'13403': 5},,complete,1780335924737
2026,1331775106527006720,NCAA PAC 12,1,1367231675741773824,free_agent,[12],['450806182555152384'],[],{'13306': 12},,complete,1780335942735
2026,1331775106527006720,NCAA PAC 12,1,1367231695677317120,free_agent,[7],['597246797479469056'],[],,{'12048': 7},complete,1780335947488
2026,1331775106527006720,NCAA PAC 12,1,1367231732813688832,free_agent,[7],['597246797479469056'],[],,{'8135': 7},complete,1780335956341
2026,1331775106527006720,NCAA PAC 12,1,1367231895057735680,free_agent,[5],['454372407956729856'],[],{'13270': 5},,complete,1780335995023
2026,1331775106527006720,NCAA PAC 12,1,1367231999827279872,free_agent,[7],['597246797479469056'],[],{'13423': 7},{'11199': 7},complete,1780336020002
2026,1331775106527006720,NCAA PAC 12,1,1367232015090352128,free_agent,[12],['450806182555152384'],[],{'13322': 12},{'7587': 12},complete,1780336023641
2026,1331775106527006720,NCAA PAC 12,1,1367232040361033728,free_agent,[5],['454372407956729856'],[],{'7828': 5},,complete,1780336029667
2026,1331775106527006720,NCAA PAC 12,1,1367232090076094464,free_agent,[8],['460348260653985792'],[],{'11199': 8},{'12515': 8},complete,1780336041519
2026,1331775106527006720,NCAA PAC 12,1,1367232260830425088,free_agent,[8],['460348260653985792'],[],{'4666': 8},{'12478': 8},complete,1780336082231
2026,1331775106527006720,NCAA PAC 12,1,1367257180872376320,free_agent,[4],['477666723663704064'],[],,{'9501': 4},complete,1780342023631
2026,1331775106527006720,NCAA PAC 12,1,1367257221255143424,free_agent,[4],['477666723663704064'],[],,{'11571': 4},complete,1780342033260
2026,1331775106527006720,NCAA PAC 12,1,1367257246177726464,free_agent,[4],['477666723663704064'],[],,{'9757': 4},complete,1780342039201
2026,1331775106527006720,NCAA PAC 12,1,1367257266641707008,free_agent,[4],['477666723663704064'],[],,{'11557': 4},complete,1780342044081
2026,1331775106527006720,NCAA PAC 12,1,1367257290331144192,free_agent,[4],['477666723663704064'],[],,{'9230': 4},complete,1780342049728
2026,1331775106527006720,NCAA PAC 12,1,1367257301064384512,free_agent,[4],['477666723663704064'],[],,{'4464': 4},complete,1780342052287
2026,1331775106527006720,NCAA PAC 12,1,1367257328100859904,free_agent,[4],['477666723663704064'],[],{'13401': 4},,complete,1780342058733
2026,1331775106527006720,NCAA PAC 12,1,1367257416558706688,free_agent,[4],['477666723663704064'],[],{'13404': 4},{'12462': 4},complete,1780342079823
2026,1331775106527006720,NCAA PAC 12,1,1367284315938881536,free_agent,[1],['917575404431831040'],[],{'13392': 1},,complete,1780348493135
2026,1331775106527006720,NCAA PAC 12,1,1367284617345761280,free_agent,[1],['917575404431831040'],[],{'13408': 1},,complete,1780348564997
2026,1331775106527006720,NCAA PAC 12,1,1367284863522066432,free_agent,[1],['917575404431831040'],[],{'13327': 1},,complete,1780348623689
2026,1331775106527006720,NCAA PAC 12,1,1367284891749728256,free_agent,[1],['917575404431831040'],[],{'13419': 1},,complete,1780348630419
2026,1331775106527006720,NCAA PAC 12,1,1367573212182884352,free_agent,[10],['534619662650601472'],[],{'13299': 10},,complete,1780417371367
2026,1331775106527006720,NCAA PAC 12,1,1367573224170229760,free_agent,[10],['534619662650601472'],[],{'13335': 10},,complete,1780417374225
2026,1331775106527006720,NCAA PAC 12,1,1367573234219778048,free_agent,[10],['534619662650601472'],[],{'13418': 10},,complete,1780417376622
2026,1331775106527006720,NCAA PAC 12,1,1367573279056855040,free_agent,[10],['534619662650601472'],[],{'13314': 10},{'6151': 10},complete,1780417387312
2026,1331775106527006720,NCAA PAC 12,1,1367891250899877888,free_agent,[4],['477666723663704064'],[],{'13968': 4},{'17': 4},complete,1780493197706
2026,1331775106527006720,NCAA PAC 12,1,1369522849718493184,trade,"[2, 4]","['709857172258881536', '477666723663704064']","[{'round': 1, 'season': '2027', 'league_id': None, 'roster_id': 2, 'owner_id': 4, 'previous_owner_id': 2}, {'round': 1, 'season': '2028', 'league_id': None, 'roster_id': 2, 'owner_id': 4, 'previous_owner_id': 2}, {'round': 3, 'season': '2028', 'league_id': None, 'roster_id': 4, 'owner_id': 2, 'previous_owner_id': 4}]","{'11620': 4, '6794': 2}","{'11620': 2, '6794': 4}",complete,1780882201179
2026,1331775106527006720,NCAA PAC 12,1,1369529505009389568,free_agent,[4],['477666723663704064'],[],{'13833': 4},{'1264': 4},complete,1780883787923
2026,1331775106527006720,NCAA PAC 12,1,1369529527763484672,free_agent,[12],['450806182555152384'],[],,{'9497': 12},complete,1780883793348
2026,1331775106527006720,NCAA PAC 12,1,1369529651394789376,free_agent,[12],['450806182555152384'],[],,{'5854': 12},complete,1780883822824
2026,1331775106527006720,NCAA PAC 12,1,1369529679601471488,free_agent,[12],['450806182555152384'],[],{'8800': 12},,complete,1780883829550
2026,1331775106527006720,NCAA PAC 12,1,1373476011219378176,free_agent,[2],['709857172258881536'],[],{'11145': 2},,complete,1781824708326
2026,1331775106527006720,NCAA PAC 12,1,1375915435098132480,trade,"[6, 10]","['338823136923381760', '534619662650601472']","[{'round': 2, 'season': '2027', 'league_id': None, 'roster_id': 6, 'owner_id': 10, 'previous_owner_id': 6}, {'round': 1, 'season': '2028', 'league_id': None, 'roster_id': 6, 'owner_id': 10, 'previous_owner_id': 6}, {'round': 1, 'season': '2029', 'league_id': None, 'roster_id': 6, 'owner_id': 10, 'previous_owner_id': 6}]","{'3198': 6, '8137': 6}","{'3198': 10, '8137': 10}",complete,1782406312302
2026,1331775106527006720,NCAA PAC 12,1,1380102015291514880,free_agent,[10],['534619662650601472'],[],{'8135': 10},{'5248': 10},complete,1783404470802
2026,1331775106527006720,NCAA PAC 12,1,1384570908122820608,free_agent,[4],['477666723663704064'],[],{'13282': 4},{'9486': 4},complete,1784469937881
2026,1331775106527006720,NCAA PAC 12,1,1386168357648105472,free_agent,[10],['534619662650601472'],[],,{'1426': 10},complete,1784850799527
2026,1331775106527006720,NCAA PAC 12,1,1386168368096116736,free_agent,[10],['534619662650601472'],[],{'11571': 10},,complete,1784850802018
2026,1331775106527006720,NCAA PAC 12,1,1386437813758611456,free_agent,[4],['477666723663704064'],[],{'11592': 4},,complete,1784915042870
2026,1331775106527006720,NCAA PAC 12,1,1389111914927235072,free_agent,[4],['477666723663704064'],[],{'4464': 4},,complete,1785552598271
2026,1331775106527006720,NCAA PAC 12,1,1389668725820522496,trade,"[3, 4]","['470320542868566016', '477666723663704064']","[{'round': 4, 'season': '2027', 'league_id': None, 'roster_id': 3, 'owner_id': 4, 'previous_owner_id': 3}, {'round': 3, 'season': '2028', 'league_id': None, 'roster_id': 3, 'owner_id': 4, 'previous_owner_id': 3}, {'round': 1, 'season': '2027', 'league_id': None, 'roster_id': 4, 'owner_id': 3, 'previous_owner_id': 4}, {'round': 1, 'season': '2028', 'league_id': None, 'roster_id': 4, 'owner_id': 3, 'previous_owner_id': 4}]","{'12526': 4, '9487': 3}","{'12526': 3, '9487': 4}",complete,1785685352334
2026,1331775106527006720,NCAA PAC 12,1,1389822333618761728,free_agent,[1],['917575404431831040'],[],,{'13327': 1},complete,1785721975286
2026,1331775106527006720,NCAA PAC 12,1,1390883798798860289,trade,"[1, 4]","['917575404431831040', '477666723663704064']","[{'round': 4, 'season': '2027', 'league_id': None, 'roster_id': 1, 'owner_id': 4, 'previous_owner_id': 1}, {'round': 3, 'season': '2028', 'league_id': None, 'roster_id': 1, 'owner_id': 4, 'previous_owner_id': 1}, {'round': 4, 'season': '2028', 'league_id': None, 'roster_id': 1, 'owner_id': 4, 'previous_owner_id': 1}, {'round': 1, 'season': '2027', 'league_id': None, 'roster_id': 2, 'owner_id': 1, 'previous_owner_id': 4}, {'round': 1, 'season': '2028', 'league_id': None, 'roster_id': 2, 'owner_id': 1, 'previous_owner_id': 4}, {'round': 3, 'season': '2027', 'league_id': None, 'roster_id': 4, 'owner_id': 1, 'previous_owner_id': 4}]","{'12481': 1, '12527': 4, '7090': 4}","{'12481': 4, '12527': 1, '7090': 1}",complete,1785975048307
2026,1331775106527006720,NCAA PAC 12,1,1391146727335022592,free_agent,[4],['477666723663704064'],[],,{'11789': 4},complete,1786037735354
2026,1331775106527006720,NCAA PAC 12,1,1391245951951204352,free_agent,[1],['917575404431831040'],[],{'13533': 1},,complete,1786061392346
2026,1331775106527006720,NCAA PAC 12,1,1391246529871773697,free_agent,[1],['917575404431831040'],[],{'13477': 1},,complete,1786061530133
2026,1331775106527006720,NCAA PAC 12,1,1391247133012684800,free_agent,[1],['917575404431831040'],[],{'9486': 1},,complete,1786061673933
2026,1331775106527006720,NCAA PAC 12,1,1392336875028496384,free_agent,[4],['477666723663704064'],[],,{'11370': 4},complete,1786321488677
2026,1331775106527006720,NCAA PAC 12,1,1392409503835648000,free_agent,[3],['470320542868566016'],[],,{'11640': 3},complete,1786338804734
2026,1331775106527006720,NCAA PAC 12,1,1392409832291598336,free_agent,[3],['470320542868566016'],[],,{'11806': 3},complete,1786338883043
2026,1331775106527006720,NCAA PAC 12,1,1392519318184415232,trade,"[3, 4]","['470320542868566016', '477666723663704064']","[{'round': 3, 'season': '2028', 'league_id': None, 'roster_id': 3, 'owner_id': 3, 'previous_owner_id': 4}, {'round': 4, 'season': '2028', 'league_id': None, 'roster_id': 3, 'owner_id': 4, 'previous_owner_id': 3}, {'round': 4, 'season': '2029', 'league_id': None, 'roster_id': 3, 'owner_id': 4, 'previous_owner_id': 3}, {'round': 3, 'season': '2029', 'league_id': None, 'roster_id': 4, 'owner_id': 3, 'previous_owner_id': 4}]","{'11786': 4, '12961': 3, '13319': 3, '13405': 4, '7021': 3, '7567': 4}","{'11786': 3, '12961': 4, '13319': 4, '13405': 3, '7021': 4, '7567': 3}",complete,1786364986515
2026,1331775106527006720,NCAA PAC 12,1,1392593840585592832,free_agent,[1],['917575404431831040'],[],{'13079': 1},,complete,1786382754039
2026,1331775106527006720,NCAA PAC 12,1,1393424083961540608,free_agent,[6],['338823136923381760'],[],{'2505': 6},{'11573': 6},complete,1786580699486
2026,1331775106527006720,NCAA PAC 12,1,1393988267849830400,free_agent,[4],['477666723663704064'],[],{'13491': 4},,complete,1786715211407
2026,1331775106527006720,NCAA PAC 12,1,1395271191723257856,free_agent,[4],['477666723663704064'],[],,{'13491': 4},complete,1787021084293
2026,1331775106527006720,NCAA PAC 12,1,1396327659285266432,free_agent,[1],['917575404431831040'],[],{'13429': 1},,complete,1787272965789
2026,1331775106527006720,NCAA PAC 12,1,1396331845255192576,free_agent,[1],['917575404431831040'],[],{'13541': 1},,complete,1787273963801
2026,1331775106527006720,NCAA PAC 12,1,1396934012823429120,free_agent,[11],['76460245878456320'],[],,{'11299': 11},complete,1787417531737
2026,1331775106527006720,NCAA PAC 12,1,1396934113440579584,free_agent,[11],['76460245878456320'],[],,{'12860': 11},complete,1787417555726
2026,1331775106527006720,NCAA PAC 12,1,1396934150669242368,free_agent,[11],['76460245878456320'],[],,{'12539': 11},complete,1787417564602
2026,1331775106527006720,NCAA PAC 12,1,1396934238325977088,free_agent,[11],['76460245878456320'],[],,{'4988': 11},complete,1787417585502
2026,1331775106527006720,NCAA PAC 12,1,1396934265031163904,free_agent,[11],['76460245878456320'],[],,{'12897': 11},complete,1787417591869
2026,1331775106527006720,NCAA PAC 12,1,1396934292369596416,free_agent,[11],['76460245878456320'],[],{'9501': 11},,complete,1787417598386
2026,1331775106527006720,NCAA PAC 12,1,1396934392458256384,free_agent,[11],['76460245878456320'],[],{'11370': 11},,complete,1787417622249
2026,1331775106527006720,NCAA PAC 12,1,1396935170677813248,free_agent,[11],['76460245878456320'],[],{'12185': 11},{'6271': 11},complete,1787417807792
2026,1331775106527006720,NCAA PAC 12,1,1396939415053422592,free_agent,[4],['477666723663704064'],[],,{'12544': 4},complete,1787418819729
2026,1331775106527006720,NCAA PAC 12,1,1397675888539144192,free_agent,[5],['454372407956729856'],[],,{'11619': 5},complete,1787594408691
2026,1331775106527006720,NCAA PAC 12,1,1397743262348931072,free_agent,[7],['597246797479469056'],[],{'13342': 7},,complete,1787610471859
2026,1331775106527006720,NCAA PAC 12,1,1397743317017485312,free_agent,[7],['597246797479469056'],[],{'13412': 7},,complete,1787610484893
2026,1331775106527006720,NCAA PAC 12,1,1397744646855065600,free_agent,[7],['597246797479469056'],[],{'13297': 7},,complete,1787610801952
2026,1331775106527006720,NCAA PAC 12,1,1397744739662434304,free_agent,[7],['597246797479469056'],[],{'13333': 7},,complete,1787610824079
2026,1331775106527006720,NCAA PAC 12,1,1398696339814019072,free_agent,[9],['519390092788297728'],[],{'6271': 9},,complete,1787837703235
2026,1331775106527006720,NCAA PAC 12,1,1398696403382906880,free_agent,[9],['519390092788297728'],[],{'13435': 9},,complete,1787837718391
2026,1331775106527006720,NCAA PAC 12,1,1399575931315560448,free_agent,[1],['917575404431831040'],[],{'13264': 1},,complete,1788047414190
2026,1331775106527006720,NCAA PAC 12,1,1400158742841921536,free_agent,[5],['454372407956729856'],[],{'8225': 5},,complete,1788186367286
2026,1331775106527006720,NCAA PAC 12,1,1400158946429280256,free_agent,[5],['454372407956729856'],[],,{'11621': 5},complete,1788186415826
2026,1331775106527006720,NCAA PAC 12,1,1400158982571634688,free_agent,[5],['454372407956729856'],[],,{'6920': 5},complete,1788186424443
2026,1331775106527006720,NCAA PAC 12,1,1400159929280552960,free_agent,[5],['454372407956729856'],[],{'12048': 5},,complete,1788186650155
2026,1331775106527006720,NCAA PAC 12,1,1400232762807480320,free_agent,[11],['76460245878456320'],[],{'11237': 11},{'7607': 11},complete,1788204015021
2026,1331775106527006720,NCAA PAC 12,1,1400233127586111488,free_agent,[11],['76460245878456320'],[],{'13425': 11},{'1433': 11},complete,1788204101991
2026,1331775106527006720,NCAA PAC 12,1,1400233632597045248,free_agent,[11],['76460245878456320'],[],{'13307': 11},,complete,1788204222396
2026,1331775106527006720,NCAA PAC 12,1,1400233669511131136,free_agent,[11],['76460245878456320'],[],{'12494': 11},,complete,1788204231196
2026,1331775106527006720,NCAA PAC 12,1,1400461563202138112,free_agent,[4],['477666723663704064'],[],{'4144': 4},,complete,1788258565286
2026,1331775106527006720,NCAA PAC 12,1,1400517302599880704,free_agent,[8],['460348260653985792'],[],,{'4666': 8},complete,1788271854594
2026,1331775106527006720,NCAA PAC 12,1,1400517506703052800,free_agent,[8],['460348260653985792'],[],,{'9999': 8},complete,1788271903256
2026,1331775106527006720,NCAA PAC 12,1,1400517800799293440,free_agent,[8],['460348260653985792'],[],{'12544': 8},,complete,1788271973375
2026,1331775106527006720,NCAA PAC 12,1,1400518219709583360,free_agent,[8],['460348260653985792'],[],{'9757': 8},,complete,1788272073251
2026,1331775106527006720,NCAA PAC 12,1,1401394042473816064,free_agent,[1],['917575404431831040'],[],,{'11616': 1},complete,1788480885670
2026,1331775106527006720,NCAA PAC 12,1,1401427020532994048,free_agent,[8],['460348260653985792'],[],{'13726': 8},,complete,1788488748251
2026,1331775106527006720,NCAA PAC 12,1,1401592208406114304,free_agent,[12],['450806182555152384'],[],{'12658': 12},{'11653': 12},complete,1788528132109
2026,1331775106527006720,NCAA PAC 12,1,1403270847313006592,free_agent,[11],['76460245878456320'],[],{'8127': 11},{'4098': 11},complete,1788928350813
2026,1331775106527006720,NCAA PAC 12,1,1403439402432131072,trade,"[8, 12]","['460348260653985792', '450806182555152384']","[{'round': 3, 'season': '2028', 'league_id': None, 'roster_id': 12, 'owner_id': 8, 'previous_owner_id': 12}, {'round': 2, 'season': '2027', 'league_id': None, 'roster_id': 4, 'owner_id': 12, 'previous_owner_id': 8}]",{'6650': 8},{'6650': 12},complete,1788968537485
2026,1331775106527006720,NCAA PAC 12,1,1403440874054008832,free_agent,[8],['460348260653985792'],[],,{'4018': 8},complete,1788968888346
2026,1331775106527006720,NCAA PAC 12,1,1403441386061115392,free_agent,[3],['470320542868566016'],[],,{'11569': 3},complete,1788969010418
2026,1331775106527006720,NCAA PAC 12,1,1403575608214052864,free_agent,[11],['76460245878456320'],[],{'5854': 11},{'12494': 11},complete,1789001011473
2026,1331775106527006720,NCAA PAC 12,1,1404917673317392384,free_agent,[6],['338823136923381760'],[],,{'4040': 6},complete,1789320984728
2026,1331775106527006720,NCAA PAC 12,1,1404994745775751168,free_agent,[4],['477666723663704064'],[],{'3161': 4},{'4233': 4},complete,1789339360234
2026,1331775106527006720,NCAA PAC 12,1,1405074613217574912,free_agent,[3],['470320542868566016'],[],{'3286': 3},,complete,1789358402116
2026,1331775106527006720,NCAA PAC 12,1,1405312482620252160,free_agent,[5],['454372407956729856'],[],{'3634': 5},,complete,1789415114601
2026,1331775106527006720,NCAA PAC 12,1,1405390054137892864,free_agent,[3],['470320542868566016'],[],{'12472': 3},,complete,1789433609092
2026,1331775106527006720,NCAA PAC 12,2,1405669160133902336,free_agent,[3],['470320542868566016'],[],{'11577': 3},,complete,1789500153148
2026,1331775106527006720,NCAA PAC 12,2,1405669222989799424,free_agent,[3],['470320542868566016'],[],{'11630': 3},,complete,1789500168133
2026,1331775106527006720,NCAA PAC 12,2,1405672019751608320,free_agent,[11],['76460245878456320'],[],{'11729': 11},,complete,1789500834933
2026,1331775106527006720,NCAA PAC 12,2,1405726274588037120,free_agent,[12],['450806182555152384'],[],{'7694': 12},,complete,1789513770295
2026,1331775106527006720,NCAA PAC 12,3,1408071770002485248,free_agent,[12],['450806182555152384'],[],{'11256': 12},,complete,1790072979978
2026,1331775106527006720,NCAA PAC 12,3,1408847574437285888,free_agent,[4],['477666723663704064'],[],{'6828': 4},{'7090': 4},complete,1790257946170
2026,1331775106527006720,NCAA PAC 12,3,1409958575383547904,free_agent,[12],['450806182555152384'],[],,{'13306': 12},complete,1790522829436
2026,1331775106527006720,NCAA PAC 12,3,1409958679574282240,free_agent,[12],['450806182555152384'],[],{'8162': 12},,complete,1790522854277
2026,1331775106527006720,NCAA PAC 12,3,1409958774357118976,free_agent,[4],['477666723663704064'],[],{'13306': 4},{'13401': 4},complete,1790522876876
2026,1331775106527006720,NCAA PAC 12,3,1410011770080235520,free_agent,[8],['460348260653985792'],[],{'7090': 8},{'7596': 8},complete,1790535512041
2026,1331775106527006720,NCAA PAC 12,3,1410360487807389696,trade,"[5, 12]","['454372407956729856', '450806182555152384']","[{'round': 4, 'season': '2027', 'league_id': None, 'roster_id': 5, 'owner_id': 12, 'previous_owner_id': 5}]",{'96': 5},{'96': 12},complete,1790618652826
2026,1331775106527006720,NCAA PAC 12,4,1410718489752174592,free_agent,[8],['460348260653985792'],[],{'4663': 8},{'12523': 8},complete,1790704007141
2026,1331775106527006720,NCAA PAC 12,4,1411531784272789504,free_agent,[12],['450806182555152384'],[],{'8168': 12},,complete,1790897911665
2026,1331775106527006720,NCAA PAC 12,4,1411532394489454592,free_agent,[12],['450806182555152384'],[],{'13277': 12},,complete,1790898057151
2026,1331775106527006720,NCAA PAC 12,4,1411535294406164480,free_agent,[3],['470320542868566016'],[],{'7039': 3},,complete,1790898748546
2026,1331775106527006720,NCAA PAC 12,4,1411826528349605888,trade,"[1, 3]","['917575404431831040', '470320542868566016']","[{'round': 2, 'season': '2027', 'league_id': None, 'roster_id': 3, 'owner_id': 1, 'previous_owner_id': 3}]",{'3294': 3},{'3294': 1},complete,1790968184129
2026,1331775106527006720,NCAA PAC 12,4,1411833398242078720,free_agent,[3],['470320542868566016'],[],,{'11579': 3},complete,1790969822038
2026,1331775106527006720,NCAA PAC 12,4,1411903244183080960,free_agent,[10],['534619662650601472'],[],{'1737': 10},,complete,1790986474609
2026,1331775106527006720,NCAA PAC 12,4,1411904455141572608,free_agent,[1],['917575404431831040'],[],,{'8143': 1},complete,1790986763324
2026,1331775106527006720,NCAA PAC 12,4,1411904521235357696,free_agent,[1],['917575404431831040'],[],,{'11821': 1},complete,1790986779081
2026,1331775106527006720,NCAA PAC 12,4,1412478326966079488,free_agent,[12],['450806182555152384'],[],{'13557': 12},{'12738': 12},complete,1791123585028
2026,1331775106527006720,NCAA PAC 12,4,1412542198074941440,free_agent,[12],['450806182555152384'],[],{'13150': 12},{'12658': 12},complete,1791138813087
2026,1331775106527006720,NCAA PAC 12,4,1412957063377641472,free_agent,[11],['76460245878456320'],[],{'4018': 11},,complete,1791237724683
2026,1331774804222545920,NCAA PIONEER,1,1331784071327514624,free_agent,[8],['339931221767249920'],[],,{'5185': 8},complete,1771884575258
2026,1331774804222545920,NCAA PIONEER,1,1331784422634065920,free_agent,[8],['339931221767249920'],[],,{'4177': 8},complete,1771884659015
2026,1331774804222545920,NCAA PIONEER,1,1331785150391934976,free_agent,[8],['339931221767249920'],[],,{'7561': 8},complete,1771884832527
2026,1331774804222545920,NCAA PIONEER,1,1331789440347033600,free_agent,[2],['468638573403303936'],[],,{'12634': 2},complete,1771885855331
2026,1331774804222545920,NCAA PIONEER,1,1331789517354467328,free_agent,[2],['468638573403303936'],[],,{'12538': 2},complete,1771885873691
2026,1331774804222545920,NCAA PIONEER,1,1331789994657865728,free_agent,[2],['468638573403303936'],[],,{'5230': 2},complete,1771885987489
2026,1331774804222545920,NCAA PIONEER,1,1332233927166808064,free_agent,[3],['459110344502013952'],[],,{'10214': 3},complete,1771991829247
2026,1331774804222545920,NCAA PIONEER,1,1333263697899954176,free_agent,[3],['459110344502013952'],[],,{'17': 3},complete,1772237345722
2026,1331774804222545920,NCAA PIONEER,1,1333265000113913856,free_agent,[3],['459110344502013952'],[],,{'12523': 3},complete,1772237656195
2026,1331774804222545920,NCAA PIONEER,1,1333266771116818432,free_agent,[3],['459110344502013952'],[],,{'12961': 3},complete,1772238078434
2026,1331774804222545920,NCAA PIONEER,1,1333266849684537344,free_agent,[3],['459110344502013952'],[],{'MIA': 3},,complete,1772238097166
2026,1331774804222545920,NCAA PIONEER,1,1335573625964630016,free_agent,[1],['993737529142693888'],[],,{'1352': 1},complete,1772788075489
2026,1331774804222545920,NCAA PIONEER,1,1336921608530456576,free_agent,[8],['339931221767249920'],[],{'12523': 8},{'829': 8},complete,1773109459578
2026,1331774804222545920,NCAA PIONEER,1,1352414867566391296,free_agent,[8],['339931221767249920'],[],,{'4574': 8},complete,1776803340382
2026,1331774804222545920,NCAA PIONEER,1,1352415067752132608,free_agent,[8],['339931221767249920'],[],,{'4234': 8},complete,1776803388111
2026,1331774804222545920,NCAA PIONEER,1,1352416910200819712,free_agent,[8],['339931221767249920'],[],,{'12699': 8},complete,1776803827385
2026,1331774804222545920,NCAA PIONEER,1,1352417189281423360,free_agent,[8],['339931221767249920'],[],,{'4381': 8},complete,1776803893922
2026,1331774804222545920,NCAA PIONEER,1,1353755738249367552,free_agent,[2],['468638573403303936'],[],,{'12516': 2},complete,1777123028866
2026,1331774804222545920,NCAA PIONEER,1,1355361785732956160,free_agent,[1],['993737529142693888'],[],,{'7605': 1},complete,1777505940424
2026,1331774804222545920,NCAA PIONEER,1,1355361852753719296,free_agent,[1],['993737529142693888'],[],,{'2306': 1},complete,1777505956404
2026,1331774804222545920,NCAA PIONEER,1,1355361874396323840,free_agent,[1],['993737529142693888'],[],,{'2307': 1},complete,1777505961563
2026,1331774804222545920,NCAA PIONEER,1,1355361900325535744,free_agent,[1],['993737529142693888'],[],,{'1837': 1},complete,1777505967745
2026,1331774804222545920,NCAA PIONEER,1,1355361968059326482,free_agent,[1],['993737529142693888'],[],,{'1348': 1},complete,1777505983895
2026,1331774804222545920,NCAA PIONEER,1,1355362069016252416,free_agent,[1],['993737529142693888'],[],,{'5010': 1},complete,1777506007964
2026,1331774804222545920,NCAA PIONEER,1,1355362124771127296,free_agent,[1],['993737529142693888'],[],,{'11590': 1},complete,1777506021257
2026,1331774804222545920,NCAA PIONEER,1,1355362702268059648,free_agent,[1],['993737529142693888'],[],,{'8489': 1},complete,1777506158943
2026,1331774804222545920,NCAA PIONEER,1,1355409360511053824,free_agent,[8],['339931221767249920'],[],{'2307': 8},,complete,1777517283136
2026,1331774804222545920,NCAA PIONEER,1,1364022469639299072,free_agent,[11],['325873712534421504'],[],,{'6943': 11},complete,1779570808376
2026,1331774804222545920,NCAA PIONEER,1,1364022515231358976,free_agent,[11],['325873712534421504'],[],,{'5121': 11},complete,1779570819246
2026,1331774804222545920,NCAA PIONEER,1,1364022541764554752,free_agent,[11],['325873712534421504'],[],,{'2197': 11},complete,1779570825571
2026,1331774804222545920,NCAA PIONEER,1,1364022631547813888,free_agent,[11],['325873712534421504'],[],,{'4663': 11},complete,1779570846977
2026,1331774804222545920,NCAA PIONEER,1,1364036560470679552,free_agent,[8],['339931221767249920'],[],,{'4040': 8},complete,1779574167891
2026,1331774804222545920,NCAA PIONEER,1,1364037546434117632,free_agent,[8],['339931221767249920'],[],,{'4098': 8},complete,1779574402964
2026,1331774804222545920,NCAA PIONEER,1,1364392266491240448,free_agent,[4],['439351925129867264'],[],,{'11640': 4},complete,1779658974816
2026,1331774804222545920,NCAA PIONEER,1,1364392289811570688,free_agent,[4],['439351925129867264'],[],,{'8139': 4},complete,1779658980376
2026,1331774804222545920,NCAA PIONEER,1,1364392316596412416,free_agent,[4],['439351925129867264'],[],,{'4082': 4},complete,1779658986761
2026,1331774804222545920,NCAA PIONEER,1,1364392337857323008,free_agent,[4],['439351925129867264'],[],,{'6843': 4},complete,1779658991831
2026,1331774804222545920,NCAA PIONEER,1,1364392376935677952,free_agent,[4],['439351925129867264'],[],{'8172': 4},,complete,1779659001147
2026,1331774804222545920,NCAA PIONEER,1,1364392713000062976,free_agent,[4],['439351925129867264'],[],{'12486': 4},,complete,1779659081271
2026,1331774804222545920,NCAA PIONEER,1,1369896915398823936,free_agent,[1],['993737529142693888'],[],{'2078': 1},,complete,1780971385387
2026,1331774804222545920,NCAA PIONEER,1,1377689461428609024,free_agent,[5],['432164755709370368'],[],,{'8195': 5},complete,1782829273138
2026,1331774804222545920,NCAA PIONEER,1,1377689476893007872,free_agent,[5],['432164755709370368'],[],,{'6144': 5},complete,1782829276825
2026,1331774804222545920,NCAA PIONEER,1,1377689490084093952,free_agent,[5],['432164755709370368'],[],,{'5248': 5},complete,1782829279970
2026,1331774804222545920,NCAA PIONEER,1,1377689509491150848,free_agent,[5],['432164755709370368'],[],,{'8220': 5},complete,1782829284597
2026,1331774804222545920,NCAA PIONEER,1,1377689539807547392,free_agent,[5],['432164755709370368'],[],,{'10221': 5},complete,1782829291826
2026,1331774804222545920,NCAA PIONEER,1,1377689563119505408,free_agent,[5],['432164755709370368'],[],,{'1264': 5},complete,1782829297384
2026,1331774804222545920,NCAA PIONEER,1,1386168231659577344,free_agent,[12],['739984250304135168'],[],,{'6820': 12},complete,1784850769489
2026,1331774804222545920,NCAA PIONEER,1,1386168373250887680,free_agent,[12],['739984250304135168'],[],,{'12690': 12},complete,1784850803247
2026,1331774804222545920,NCAA PIONEER,1,1386168467224264704,free_agent,[12],['739984250304135168'],[],,{'11748': 12},complete,1784850825652
2026,1331774804222545920,NCAA PIONEER,1,1387314252808716288,trade,"[7, 12]","['398884413687001088', '739984250304135168']","[{'round': 1, 'season': '2027', 'league_id': None, 'roster_id': 12, 'owner_id': 7, 'previous_owner_id': 12}, {'round': 1, 'season': '2026', 'league_id': None, 'roster_id': 7, 'owner_id': 12, 'previous_owner_id': 7}, {'round': 4, 'season': '2026', 'league_id': None, 'roster_id': 7, 'owner_id': 12, 'previous_owner_id': 7}]",{'8180': 12},{'8180': 7},complete,1785124002224
2026,1331774804222545920,NCAA PIONEER,1,1387575106573713408,free_agent,[11],['325873712534421504'],[],,{'7083': 11},complete,1785186194607
2026,1331774804222545920,NCAA PIONEER,1,1387575129482985472,free_agent,[11],['325873712534421504'],[],,{'827': 11},complete,1785186200069
2026,1331774804222545920,NCAA PIONEER,1,1387575217471098880,free_agent,[11],['325873712534421504'],[],,{'6850': 11},complete,1785186221047
2026,1331774804222545920,NCAA PIONEER,1,1387956105061085184,free_agent,[12],['739984250304135168'],[],,{'2749': 12},complete,1785277031726
2026,1331774804222545920,NCAA PIONEER,1,1387956173231132672,free_agent,[12],['739984250304135168'],[],,{'11806': 12},complete,1785277047978
2026,1331774804222545920,NCAA PIONEER,1,1387957481157693440,free_agent,[4],['439351925129867264'],[],,{'10871': 4},complete,1785277359813
2026,1331774804222545920,NCAA PIONEER,1,1387957555048747008,free_agent,[4],['439351925129867264'],[],,{'12486': 4},complete,1785277377429
2026,1331774804222545920,NCAA PIONEER,1,1387957607355936768,free_agent,[4],['439351925129867264'],[],,{'19': 4},complete,1785277389901
2026,1331774804222545920,NCAA PIONEER,1,1387957642613256192,free_agent,[4],['439351925129867264'],[],,{'8122': 4},complete,1785277398306
2026,1331774804222545920,NCAA PIONEER,1,1387958031303573504,free_agent,[4],['439351925129867264'],[],,{'7596': 4},complete,1785277490977
2026,1331774804222545920,NCAA PIONEER,1,1387961386541268992,trade,"[4, 8]","['439351925129867264', '339931221767249920']","[{'round': 2, 'season': '2027', 'league_id': None, 'roster_id': 8, 'owner_id': 4, 'previous_owner_id': 8}]","{'11638': 8, '12489': 4, '7021': 8}","{'11638': 4, '12489': 8, '7021': 4}",complete,1785278290929
2026,1331774804222545920,NCAA PIONEER,1,1388051403007619072,free_agent,[8],['339931221767249920'],[],,{'8932': 8},complete,1785299752526
2026,1331774804222545920,NCAA PIONEER,1,1388053075465367552,free_agent,[8],['339931221767249920'],[],,{'3161': 8},complete,1785300151271
2026,1331774804222545920,NCAA PIONEER,1,1388315633208270848,free_agent,[4],['439351925129867264'],[],,{'12185': 4},complete,1785362749915
2026,1331774804222545920,NCAA PIONEER,1,1388315655819784192,free_agent,[4],['439351925129867264'],[],,{'4988': 4},complete,1785362755307
2026,1331774804222545920,NCAA PIONEER,1,1389719573439221760,free_agent,[8],['339931221767249920'],[],,{'5095': 8},complete,1785697475350
2026,1331774804222545920,NCAA PIONEER,1,1389737640852484100,free_agent,[2],['468638573403303936'],[],,{'11789': 2},complete,1785701782958
2026,1331774804222545920,NCAA PIONEER,1,1389738171910082560,free_agent,[2],['468638573403303936'],[],,{'12542': 2},complete,1785701909572
2026,1331774804222545920,NCAA PIONEER,1,1389738329221632000,free_agent,[2],['468638573403303936'],[],,{'11570': 2},complete,1785701947077
2026,1331774804222545920,NCAA PIONEER,1,1389738486076051456,free_agent,[2],['468638573403303936'],[],,{'11557': 2},complete,1785701984475
2026,1331774804222545920,NCAA PIONEER,1,1390146018242215936,free_agent,[8],['339931221767249920'],[],{'13270': 8},,complete,1785799147714
2026,1331774804222545920,NCAA PIONEER,1,1390146039310192640,free_agent,[8],['339931221767249920'],[],{'13424': 8},,complete,1785799152737
2026,1331774804222545920,NCAA PIONEER,1,1390146076350103552,free_agent,[8],['339931221767249920'],[],{'13338': 8},,complete,1785799161568
2026,1331774804222545920,NCAA PIONEER,1,1390146159074353152,free_agent,[8],['339931221767249920'],[],{'13348': 8},,complete,1785799181291
2026,1331774804222545920,NCAA PIONEER,1,1390146163528732672,free_agent,[2],['468638573403303936'],[],{'13545': 2},,complete,1785799182353
2026,1331774804222545920,NCAA PIONEER,1,1390146193538973696,free_agent,[8],['339931221767249920'],[],{'13354': 8},,complete,1785799189509
2026,1331774804222545920,NCAA PIONEER,1,1390146322127917056,free_agent,[1],['993737529142693888'],[],{'7608': 1},,complete,1785799220166
2026,1331774804222545920,NCAA PIONEER,1,1390146350263316480,free_agent,[2],['468638573403303936'],[],{'13324': 2},{'1433': 2},complete,1785799226874
2026,1331774804222545920,NCAA PIONEER,1,1390146379724120064,free_agent,[8],['339931221767249920'],[],{'13477': 8},{'4219': 8},complete,1785799233898
2026,1331774804222545920,NCAA PIONEER,1,1390146528781291520,free_agent,[1],['993737529142693888'],[],{'3286': 1},,complete,1785799269436
2026,1331774804222545920,NCAA PIONEER,1,1390146790199668736,free_agent,[8],['339931221767249920'],[],{'12961': 8},{'12523': 8},complete,1785799331763
2026,1331774804222545920,NCAA PIONEER,1,1390146917605842944,free_agent,[1],['993737529142693888'],[],{'13394': 1},,complete,1785799362139
2026,1331774804222545920,NCAA PIONEER,1,1390146994957213696,free_agent,[1],['993737529142693888'],[],{'11570': 1},{'6151': 1},complete,1785799380582
2026,1331774804222545920,NCAA PIONEER,1,1390146997108883456,free_agent,[2],['468638573403303936'],[],{'13303': 2},{'11256': 2},complete,1785799381094
2026,1331774804222545920,NCAA PIONEER,1,1390147364571840512,free_agent,[1],['993737529142693888'],[],{'12048': 1},{'12515': 1},complete,1785799468704
2026,1331774804222545920,NCAA PIONEER,1,1390147481303527424,free_agent,[6],['455753261765357568'],[],,{'4089': 6},complete,1785799496536
2026,1331774804222545920,NCAA PIONEER,1,1390147503608827904,free_agent,[6],['455753261765357568'],[],,{'2251': 6},complete,1785799501853
2026,1331774804222545920,NCAA PIONEER,1,1390147516221095936,free_agent,[1],['993737529142693888'],[],{'4098': 1},{'6938': 1},complete,1785799504861
2026,1331774804222545920,NCAA PIONEER,1,1390147574740058112,free_agent,[2],['468638573403303936'],[],{'13833': 2},{'4017': 2},complete,1785799518812
2026,1331774804222545920,NCAA PIONEER,1,1390147592901398528,free_agent,[6],['455753261765357568'],[],,{'8174': 6},complete,1785799523143
2026,1331774804222545920,NCAA PIONEER,1,1390147597926158336,free_agent,[4],['439351925129867264'],[],{'11592': 4},,complete,1785799524340
2026,1331774804222545920,NCAA PIONEER,1,1390147842630254592,free_agent,[4],['439351925129867264'],[],{'4040': 4},,complete,1785799582682
2026,1331774804222545920,NCAA PIONEER,1,1390147938541387776,free_agent,[6],['455753261765357568'],[],,{'1234': 6},complete,1785799605550
2026,1331774804222545920,NCAA PIONEER,1,1390147949224263680,free_agent,[4],['439351925129867264'],[],{'4017': 4},,complete,1785799608096
2026,1331774804222545920,NCAA PIONEER,1,1390148023408947200,free_agent,[8],['339931221767249920'],[],{'4663': 8},{'6130': 8},complete,1785799625783
2026,1331774804222545920,NCAA PIONEER,1,1390152724397436928,free_agent,[7],['398884413687001088'],[],,{'11299': 7},complete,1785800746586
2026,1331774804222545920,NCAA PIONEER,1,1390152802398912512,free_agent,[7],['398884413687001088'],[],,{'11653': 7},complete,1785800765183
2026,1331774804222545920,NCAA PIONEER,1,1390152870195654656,free_agent,[7],['398884413687001088'],[],,{'6920': 7},complete,1785800781347
2026,1331774804222545920,NCAA PIONEER,1,1390152904156934144,free_agent,[7],['398884413687001088'],[],,{'3200': 7},complete,1785800789444
2026,1331774804222545920,NCAA PIONEER,1,1390152921219354624,free_agent,[7],['398884413687001088'],[],,{'11068': 7},complete,1785800793512
2026,1331774804222545920,NCAA PIONEER,1,1390152956019474432,free_agent,[7],['398884413687001088'],[],,{'11650': 7},complete,1785800801809
2026,1331774804222545920,NCAA PIONEER,1,1390153612654546944,free_agent,[7],['398884413687001088'],[],{'19': 7},,complete,1785800958364
2026,1331774804222545920,NCAA PIONEER,1,1390153809027674112,free_agent,[7],['398884413687001088'],[],{'11653': 7},,complete,1785801005182
2026,1331774804222545920,NCAA PIONEER,1,1390162023190388736,free_agent,[12],['739984250304135168'],[],,{'5955': 12},complete,1785802963592
2026,1331774804222545920,NCAA PIONEER,1,1390162086352404480,free_agent,[12],['739984250304135168'],[],,{'8204': 12},complete,1785802978650
2026,1331774804222545920,NCAA PIONEER,1,1390162135337668608,free_agent,[12],['739984250304135168'],[],,{'6931': 12},complete,1785802990329
2026,1331774804222545920,NCAA PIONEER,1,1390162219714486272,free_agent,[12],['739984250304135168'],[],{'13392': 12},{'13150': 12},complete,1785803010447
2026,1331774804222545920,NCAA PIONEER,1,1390162389961314304,free_agent,[12],['739984250304135168'],[],{'13401': 12},{'5937': 12},complete,1785803051036
2026,1331774804222545920,NCAA PIONEER,1,1391436465128378368,free_agent,[12],['739984250304135168'],[],,{'9505': 12},complete,1786106814227
2026,1331774804222545920,NCAA PIONEER,1,1391436573223968768,free_agent,[12],['739984250304135168'],[],{'13533': 12},{'5133': 12},complete,1786106839999
2026,1331774804222545920,NCAA PIONEER,1,1391795276150247424,free_agent,[7],['398884413687001088'],[],{'13415': 7},{'6789': 7},complete,1786192361441
2026,1331774804222545920,NCAA PIONEER,1,1392985450913726464,free_agent,[3],['459110344502013952'],[],,{'4233': 3},complete,1786476121217
2026,1331774804222545920,NCAA PIONEER,1,1392997979236896768,free_agent,[3],['459110344502013952'],[],,{'12670': 3},complete,1786479108203
2026,1331774804222545920,NCAA PIONEER,1,1392998169972854784,free_agent,[3],['459110344502013952'],[],,{'12496': 3},complete,1786479153678
2026,1331774804222545920,NCAA PIONEER,1,1394378261236056064,free_agent,[9],['602687087556231168'],[],,{'10223': 9},complete,1786808193076
2026,1331774804222545920,NCAA PIONEER,1,1394378274997567488,free_agent,[9],['602687087556231168'],[],,{'8162': 9},complete,1786808196356
2026,1331774804222545920,NCAA PIONEER,1,1394378336834166784,free_agent,[9],['602687087556231168'],[],,{'10228': 9},complete,1786808211099
2026,1331774804222545920,NCAA PIONEER,1,1394378353015803904,free_agent,[9],['602687087556231168'],[],,{'3634': 9},complete,1786808214957
2026,1331774804222545920,NCAA PIONEER,1,1394378371621715968,free_agent,[9],['602687087556231168'],[],,{'4171': 9},complete,1786808219393
2026,1331774804222545920,NCAA PIONEER,1,1394378476168949760,free_agent,[9],['602687087556231168'],[],{'13418': 9},,complete,1786808244320
2026,1331774804222545920,NCAA PIONEER,1,1396624243252289536,free_agent,[12],['739984250304135168'],[],,{'11821': 12},complete,1787343676916
2026,1331774804222545920,NCAA PIONEER,1,1396624549625233408,free_agent,[12],['739984250304135168'],[],{'8127': 12},{'5985': 12},complete,1787343749961
2026,1331774804222545920,NCAA PIONEER,1,1396659945566408704,free_agent,[3],['459110344502013952'],[],{'13307': 3},{'7694': 3},complete,1787352189011
2026,1331774804222545920,NCAA PIONEER,1,1397013503369314304,free_agent,[8],['339931221767249920'],[],{'13322': 8},{'8917': 8},complete,1787436483761
2026,1331774804222545920,NCAA PIONEER,1,1397321894927048704,free_agent,[7],['398884413687001088'],[],{'5095': 7},,complete,1787510010037
2026,1331774804222545920,NCAA PIONEER,1,1398190096636739584,free_agent,[12],['739984250304135168'],[],{'13403': 12},,complete,1787717005456
2026,1331774804222545920,NCAA PIONEER,1,1398224116355477504,free_agent,[3],['459110344502013952'],[],,{'12511': 3},complete,1787725116388
2026,1331774804222545920,NCAA PIONEER,1,1398501389767827456,free_agent,[5],['432164755709370368'],[],{'8917': 5},{'1426': 5},complete,1787791223521
2026,1331774804222545920,NCAA PIONEER,1,1398501471556800512,free_agent,[5],['432164755709370368'],[],{'13435': 5},{'1339': 5},complete,1787791243021
2026,1331774804222545920,NCAA PIONEER,1,1399266684111486976,free_agent,[8],['339931221767249920'],[],{'13264': 8},,complete,1787973683912
2026,1331774804222545920,NCAA PIONEER,1,1399792592937332736,free_agent,[7],['398884413687001088'],[],{'11237': 7},{'11623': 7},complete,1788099070346
2026,1331774804222545920,NCAA PIONEER,1,1399881700288278529,free_agent,[7],['398884413687001088'],[],{'13425': 7},{'13415': 7},complete,1788120315195
2026,1331774804222545920,NCAA PIONEER,1,1399943377964822528,free_agent,[2],['468638573403303936'],[],,{'12860': 2},complete,1788135020299
2026,1331774804222545920,NCAA PIONEER,1,1399943472072404992,free_agent,[2],['468638573403303936'],[],{'12494': 2},,complete,1788135042735
2026,1331774804222545920,NCAA PIONEER,1,1400218694071672832,free_agent,[1],['993737529142693888'],[],,{'4018': 1},complete,1788200660773
2026,1331774804222545920,NCAA PIONEER,1,1400218833146363904,free_agent,[1],['993737529142693888'],[],{'11608': 1},,complete,1788200693932
2026,1331774804222545920,NCAA PIONEER,1,1400295786113138688,free_agent,[2],['468638573403303936'],[],{'3634': 2},,complete,1788219040949
2026,1331774804222545920,NCAA PIONEER,1,1400310204779786240,free_agent,[12],['739984250304135168'],[],{'1339': 12},,complete,1788222478627
2026,1331774804222545920,NCAA PIONEER,1,1400319410362654720,free_agent,[8],['339931221767249920'],[],{'13079': 8},,complete,1788224673409
2026,1331774804222545920,NCAA PIONEER,1,1400410809691070464,free_agent,[3],['459110344502013952'],[],{'13726': 3},,complete,1788246464707
2026,1331774804222545920,NCAA PIONEER,1,1400411840973901824,free_agent,[3],['459110344502013952'],[],{'12542': 3},{'13066': 3},complete,1788246710583
2026,1331774804222545920,NCAA PIONEER,1,1400413949991583744,free_agent,[3],['459110344502013952'],[],{'13602': 3},{'12462': 3},complete,1788247213412
2026,1331774804222545920,NCAA PIONEER,1,1400414614595837952,free_agent,[3],['459110344502013952'],[],{'13968': 3},{'12738': 3},complete,1788247371867
2026,1331774804222545920,NCAA PIONEER,1,1400925503065497600,free_agent,[3],['459110344502013952'],[],{'12496': 3},,complete,1788369177170
2026,1331774804222545920,NCAA PIONEER,1,1402558253849686016,free_agent,[4],['439351925129867264'],[],{'12185': 4},,complete,1788758455291
2026,1331774804222545920,NCAA PIONEER,1,1403262033280892928,free_agent,[12],['739984250304135168'],[],{'11729': 12},{'12520': 12},complete,1788926249384
2026,1331774804222545920,NCAA PIONEER,1,1403424045038305280,free_agent,[5],['432164755709370368'],[],{'4177': 5},{'6111': 5},complete,1788964875996
2026,1331774804222545920,NCAA PIONEER,1,1403520103940739072,free_agent,[8],['339931221767249920'],[],{'12491': 8},{'12503': 8},complete,1788987778223
2026,1331774804222545920,NCAA PIONEER,1,1403545522676989952,free_agent,[10],['315736569111650304'],[],,{'5987': 10},complete,1788993838522
2026,1331774804222545920,NCAA PIONEER,1,1403545557468794880,free_agent,[10],['315736569111650304'],[],,{'5880': 10},complete,1788993846818
2026,1331774804222545920,NCAA PIONEER,1,1403545625223569408,free_agent,[10],['315736569111650304'],[],,{'6963': 10},complete,1788993862972
2026,1331774804222545920,NCAA PIONEER,1,1403545702541365248,free_agent,[10],['315736569111650304'],[],,{'6805': 10},complete,1788993881405
2026,1331774804222545920,NCAA PIONEER,1,1403545730441863168,free_agent,[10],['315736569111650304'],[],,{'11306': 10},complete,1788993888057
2026,1331774804222545920,NCAA PIONEER,1,1403545761928548352,free_agent,[10],['315736569111650304'],[],,{'8140': 10},complete,1788993895565
2026,1331774804222545920,NCAA PIONEER,1,1403545800042106880,free_agent,[10],['315736569111650304'],[],,{'10234': 10},complete,1788993904651
2026,1331774804222545920,NCAA PIONEER,1,1405061295333560320,free_agent,[3],['459110344502013952'],[],{'6130': 3},{'12496': 3},complete,1789355226885
2026,1331774804222545920,NCAA PIONEER,2,1407053905686208512,free_agent,[3],['459110344502013952'],[],{'3161': 3},,complete,1789830302214
2026,1331774804222545920,NCAA PIONEER,2,1407905015074508800,free_agent,[8],['339931221767249920'],[],{'10214': 8},{'4663': 8},complete,1790033222506
2026,1331774804222545920,NCAA PIONEER,3,1408058120869085184,free_agent,[12],['739984250304135168'],[],{'6931': 12},{'13403': 12},complete,1790069725772
2026,1331774804222545920,NCAA PIONEER,3,1408214193248677888,free_agent,[12],['739984250304135168'],[],{'3155': 12},{'10231': 12},complete,1790106936327
2026,1331774804222545920,NCAA PIONEER,3,1408353732227309568,free_agent,[7],['398884413687001088'],[],{'8168': 7},,complete,1790140205012
2026,1331774804222545920,NCAA PIONEER,3,1408353771578241024,free_agent,[7],['398884413687001088'],[],{'7842': 7},,complete,1790140214393
2026,1331774804222545920,NCAA PIONEER,3,1408584392212746240,free_agent,[12],['739984250304135168'],[],{'2306': 12},,complete,1790195198638
2026,1331774804222545920,NCAA PIONEER,3,1408644747345547264,free_agent,[5],['432164755709370368'],[],{'11256': 5},,complete,1790209588422
2026,1331774804222545920,NCAA PIONEER,3,1408860702034169856,free_agent,[3],['459110344502013952'],[],,{'3161': 3},complete,1790261076033
2026,1331774804222545920,NCAA PIONEER,3,1409013443159154688,free_agent,[2],['468638573403303936'],[],{'4314': 2},,complete,1790297492355
2026,1331774804222545920,NCAA PIONEER,3,1409311226881658880,free_agent,[8],['339931221767249920'],[],{'4663': 8},{'10214': 8},complete,1790368489527
2026,1331774804222545920,NCAA PIONEER,3,1409313203279687680,free_agent,[8],['339931221767249920'],[],{'2197': 8},{'12491': 8},complete,1790368960736
2026,1331774804222545920,NCAA PIONEER,3,1409865857709961216,free_agent,[3],['459110344502013952'],[],{'11056': 3},,complete,1790500723820
2026,1331774804222545920,NCAA PIONEER,3,1410149092146872320,free_agent,[12],['739984250304135168'],[],{'7039': 12},{'6931': 12},complete,1790568252172
2026,1331774804222545920,NCAA PIONEER,3,1410494640380985344,free_agent,[8],['339931221767249920'],[],{'13277': 8},{'13338': 8},complete,1790650637291
2026,1331774804222545920,NCAA PIONEER,4,1410710884971479040,free_agent,[1],['993737529142693888'],[],,{'2078': 1},complete,1790702194019
2026,1331774804222545920,NCAA PIONEER,4,1410830552671469568,free_agent,[3],['459110344502013952'],[],,{'6130': 3},complete,1790730725022
2026,1331774804222545920,NCAA PIONEER,4,1410853586665000960,free_agent,[3],['459110344502013952'],[],{'11623': 3},,complete,1790736216754
2026,1331774804222545920,NCAA PIONEER,4,1410854880632991744,free_agent,[3],['459110344502013952'],[],{'13338': 3},{'11623': 3},complete,1790736525260
2026,1331774804222545920,NCAA PIONEER,4,1410922996440346624,free_agent,[7],['398884413687001088'],[],,{'11653': 7},complete,1790752765334
2026,1331774804222545920,NCAA PIONEER,4,1410923020268122112,free_agent,[7],['398884413687001088'],[],{'1737': 7},,complete,1790752771015
2026,1331774804222545920,NCAA PIONEER,4,1412500587861336064,free_agent,[2],['468638573403303936'],[],{'13557': 2},{'11058': 2},complete,1791128892439
2026,1331774804222545920,NCAA PIONEER,4,1412703746730868736,free_agent,[12],['739984250304135168'],[],{'4018': 12},{'11599': 12},complete,1791177329288
2026,1331774804222545920,NCAA PIONEER,4,1412760583366823936,free_agent,[12],['739984250304135168'],[],{'13150': 12},,complete,1791190880198
2026,1331775170712444928,NCAA SEC,1,1331844815024844800,free_agent,[10],['1314486339378368512'],[],,{'11820': 10},complete,1771899057683
2026,1331775170712444928,NCAA SEC,1,1331844909233078272,free_agent,[10],['1314486339378368512'],[],,{'5973': 10},complete,1771899080144
2026,1331775170712444928,NCAA SEC,1,1331847529981026304,free_agent,[10],['1314486339378368512'],[],{'11579': 10},{'11608': 10},complete,1771899704979
2026,1331775170712444928,NCAA SEC,1,1332095246527365120,free_agent,[10],['1314486339378368512'],[],{'11256': 10},{'8800': 10},complete,1771958765206
2026,1331775170712444928,NCAA SEC,1,1337342825854935040,free_agent,[10],['1314486339378368512'],[],{'12897': 10},{'10214': 10},complete,1773209885613
2026,1331775170712444928,NCAA SEC,1,1345394697773813760,free_agent,[11],['560284880620699648'],[],,{'7891': 11},complete,1775129601476
2026,1331775170712444928,NCAA SEC,1,1345394748738777088,free_agent,[11],['560284880620699648'],[],,{'7496': 11},complete,1775129613626
2026,1331775170712444928,NCAA SEC,1,1345437256197881856,free_agent,[10],['1314486339378368512'],[],{'11370': 10},{'2306': 10},complete,1775139748195
2026,1331775170712444928,NCAA SEC,1,1347975917804204032,free_agent,[10],['1314486339378368512'],[],{'11581': 10},{'11256': 10},complete,1775745012287
2026,1331775170712444928,NCAA SEC,1,1350342674984472576,free_agent,[10],['1314486339378368512'],[],{'12048': 10},{'12897': 10},complete,1776309291171
2026,1331775170712444928,NCAA SEC,1,1354862079361687552,free_agent,[8],['970737030692937728'],[],,{'1266': 8},complete,1777386801141
2026,1331775170712444928,NCAA SEC,1,1354862110680547328,free_agent,[8],['970737030692937728'],[],,{'11008': 8},complete,1777386808608
2026,1331775170712444928,NCAA SEC,1,1354862140053278720,free_agent,[8],['970737030692937728'],[],,{'503': 8},complete,1777386815611
2026,1331775170712444928,NCAA SEC,1,1354862206700748800,free_agent,[8],['970737030692937728'],[],,{'11789': 8},complete,1777386831501
2026,1331775170712444928,NCAA SEC,1,1354862227282206720,free_agent,[8],['970737030692937728'],[],,{'8670': 8},complete,1777386836408
2026,1331775170712444928,NCAA SEC,1,1354862261822296064,free_agent,[8],['970737030692937728'],[],,{'6268': 8},complete,1777386844643
2026,1331775170712444928,NCAA SEC,1,1354992930342850560,trade,"[8, 10]","['970737030692937728', '1314486339378368512']","[{'round': 2, 'season': '2026', 'league_id': None, 'roster_id': 10, 'owner_id': 8, 'previous_owner_id': 10}, {'round': 3, 'season': '2026', 'league_id': None, 'roster_id': 8, 'owner_id': 10, 'previous_owner_id': 8}, {'round': 2, 'season': '2027', 'league_id': None, 'roster_id': 8, 'owner_id': 10, 'previous_owner_id': 8}]","{'12508': 10, '6804': 8}","{'12508': 8, '6804': 10}",complete,1777417998447
2026,1331775170712444928,NCAA SEC,1,1355024138925797376,free_agent,[8],['970737030692937728'],[],,{'2359': 8},complete,1777425439152
2026,1331775170712444928,NCAA SEC,1,1355189029577965568,free_agent,[8],['970737030692937728'],[],,{'3225': 8},complete,1777464752148
2026,1331775170712444928,NCAA SEC,1,1355189079280455680,free_agent,[8],['970737030692937728'],[],,{'10860': 8},complete,1777464763997
2026,1331775170712444928,NCAA SEC,1,1355327439001092096,free_agent,[9],['1136057205582667776'],[],,{'6963': 9},complete,1777497751526
2026,1331775170712444928,NCAA SEC,1,1355346127225884672,free_agent,[9],['1136057205582667776'],[],,{'6659': 9},complete,1777502207146
2026,1331775170712444928,NCAA SEC,1,1355346241998852096,free_agent,[9],['1136057205582667776'],[],,{'5113': 9},complete,1777502234509
2026,1331775170712444928,NCAA SEC,1,1355346301054640128,free_agent,[9],['1136057205582667776'],[],,{'7612': 9},complete,1777502248589
2026,1331775170712444928,NCAA SEC,1,1355513883581771776,free_agent,[8],['970737030692937728'],[],,{'10212': 8},complete,1777542203377
2026,1331775170712444928,NCAA SEC,1,1355513968017285120,free_agent,[8],['970737030692937728'],[],,{'4082': 8},complete,1777542223508
2026,1331775170712444928,NCAA SEC,1,1355514069913735168,free_agent,[8],['970737030692937728'],[],,{'9999': 8},complete,1777542247803
2026,1331775170712444928,NCAA SEC,1,1355514085952737280,free_agent,[8],['970737030692937728'],[],,{'10866': 8},complete,1777542251626
2026,1331775170712444928,NCAA SEC,1,1355647598291070976,free_agent,[9],['1136057205582667776'],[],{'7828': 9},{'4351': 9},complete,1777574083448
2026,1331775170712444928,NCAA SEC,1,1356038226057367552,free_agent,[8],['970737030692937728'],[],,{'11617': 8},complete,1777667216366
2026,1331775170712444928,NCAA SEC,1,1373177853822119936,free_agent,[10],['1314486339378368512'],[],{'8800': 10},{'11588': 10},complete,1781753622063
2026,1331775170712444928,NCAA SEC,1,1380944150857252864,free_agent,[9],['1136057205582667776'],[],,{'7538': 9},complete,1783605251568
2026,1331775170712444928,NCAA SEC,1,1380944342536978432,free_agent,[9],['1136057205582667776'],[],{'2306': 9},,complete,1783605297268
2026,1331775170712444928,NCAA SEC,1,1381031183680282624,free_agent,[9],['1136057205582667776'],[],,{'11640': 9},complete,1783626001809
2026,1331775170712444928,NCAA SEC,1,1381031345261658112,free_agent,[9],['1136057205582667776'],[],,{'12889': 9},complete,1783626040333
2026,1331775170712444928,NCAA SEC,1,1381031398076342272,free_agent,[9],['1136057205582667776'],[],,{'5096': 9},complete,1783626052925
2026,1331775170712444928,NCAA SEC,1,1381031459451592704,free_agent,[9],['1136057205582667776'],[],,{'11574': 9},complete,1783626067558
2026,1331775170712444928,NCAA SEC,1,1381031537163661312,free_agent,[9],['1136057205582667776'],[],,{'11306': 9},complete,1783626086086
2026,1331775170712444928,NCAA SEC,1,1381031590766874625,free_agent,[9],['1136057205582667776'],[],,{'5938': 9},complete,1783626098867
2026,1331775170712444928,NCAA SEC,1,1381031701110595584,free_agent,[9],['1136057205582667776'],[],,{'7568': 9},complete,1783626125175
2026,1331775170712444928,NCAA SEC,1,1381031846254510080,free_agent,[9],['1136057205582667776'],[],,{'10231': 9},complete,1783626159779
2026,1331775170712444928,NCAA SEC,1,1381032009819770880,free_agent,[9],['1136057205582667776'],[],,{'11573': 9},complete,1783626198776
2026,1331775170712444928,NCAA SEC,1,1381208142439784448,trade,"[8, 9]","['970737030692937728', '1136057205582667776']","[{'round': 1, 'season': '2027', 'league_id': None, 'roster_id': 8, 'owner_id': 9, 'previous_owner_id': 8}, {'round': 2, 'season': '2026', 'league_id': None, 'roster_id': 9, 'owner_id': 8, 'previous_owner_id': 9}]","{'11604': 8, '9484': 9}","{'11604': 9, '9484': 8}",complete,1783668192065
2026,1331775170712444928,NCAA SEC,1,1381211140129841152,free_agent,[9],['1136057205582667776'],[],{'8932': 9},,complete,1783668906770
2026,1331775170712444928,NCAA SEC,1,1381770314689552384,free_agent,[9],['1136057205582667776'],[],{'2028': 9},,complete,1783802224374
2026,1331775170712444928,NCAA SEC,1,1385291541454553088,free_agent,[7],['461680102409760768'],[],,{'1348': 7},complete,1784641750256
2026,1331775170712444928,NCAA SEC,1,1385291647947927552,free_agent,[7],['461680102409760768'],[],,{'7050': 7},complete,1784641775646
2026,1331775170712444928,NCAA SEC,1,1385291734400892928,free_agent,[7],['461680102409760768'],[],,{'2711': 7},complete,1784641796258
2026,1331775170712444928,NCAA SEC,1,1385291769171697664,free_agent,[7],['461680102409760768'],[],,{'10862': 7},complete,1784641804548
2026,1331775170712444928,NCAA SEC,1,1385424229654077440,free_agent,[1],['441458152391569408'],[],,{'11806': 1},complete,1784673385588
2026,1331775170712444928,NCAA SEC,1,1385424768022364160,free_agent,[1],['441458152391569408'],[],,{'11157': 1},complete,1784673513945
2026,1331775170712444928,NCAA SEC,1,1385426038707736576,free_agent,[1],['441458152391569408'],[],,{'2197': 1},complete,1784673816900
2026,1331775170712444928,NCAA SEC,1,1385426272905072640,free_agent,[1],['441458152391569408'],[],,{'4018': 1},complete,1784673872737
2026,1331775170712444928,NCAA SEC,1,1389830379539537920,free_agent,[11],['560284880620699648'],[],,{'13282': 11},complete,1785723893583
2026,1331775170712444928,NCAA SEC,1,1389830534384848896,free_agent,[11],['560284880620699648'],[],,{'5970': 11},complete,1785723930501
2026,1331775170712444928,NCAA SEC,1,1389830599790841856,free_agent,[11],['560284880620699648'],[],,{'12496': 11},complete,1785723946095
2026,1331775170712444928,NCAA SEC,1,1389830682255040512,free_agent,[11],['560284880620699648'],[],,{'1234': 11},complete,1785723965756
2026,1331775170712444928,NCAA SEC,1,1389830920990646272,free_agent,[8],['970737030692937728'],[],{'13424': 8},,complete,1785724022675
2026,1331775170712444928,NCAA SEC,1,1389830936123699200,free_agent,[8],['970737030692937728'],[],{'11588': 8},,complete,1785724026284
2026,1331775170712444928,NCAA SEC,1,1389831143271976960,free_agent,[8],['970737030692937728'],[],{'13394': 8},,complete,1785724075671
2026,1331775170712444928,NCAA SEC,1,1389831155158642688,free_agent,[8],['970737030692937728'],[],{'13270': 8},,complete,1785724078506
2026,1331775170712444928,NCAA SEC,1,1389831169922592768,free_agent,[8],['970737030692937728'],[],{'13413': 8},,complete,1785724082026
2026,1331775170712444928,NCAA SEC,1,1389831253825441792,free_agent,[8],['970737030692937728'],[],{'13296': 8},,complete,1785724102029
2026,1331775170712444928,NCAA SEC,1,1389831727723077632,free_agent,[8],['970737030692937728'],[],{'13545': 8},,complete,1785724215016
2026,1331775170712444928,NCAA SEC,1,1389909155359236096,free_agent,[9],['1136057205582667776'],[],{'13400': 9},,complete,1785742675202
2026,1331775170712444928,NCAA SEC,1,1389909212607320064,free_agent,[9],['1136057205582667776'],[],{'13421': 9},,complete,1785742688852
2026,1331775170712444928,NCAA SEC,1,1389909871771516928,free_agent,[9],['1136057205582667776'],[],{'13411': 9},,complete,1785742846008
2026,1331775170712444928,NCAA SEC,1,1389920529036611584,free_agent,[9],['1136057205582667776'],[],{'13434': 9},,complete,1785745386898
2026,1331775170712444928,NCAA SEC,1,1389921483043647488,free_agent,[9],['1136057205582667776'],[],{'13968': 9},{'1339': 9},complete,1785745614351
2026,1331775170712444928,NCAA SEC,1,1390072718786834432,free_agent,[6],['510556455562792960'],[],,{'6151': 6},complete,1785781671763
2026,1331775170712444928,NCAA SEC,1,1390072745290641408,free_agent,[6],['510556455562792960'],[],,{'1837': 6},complete,1785781678081
2026,1331775170712444928,NCAA SEC,1,1390072787183341568,free_agent,[6],['510556455562792960'],[],,{'5248': 6},complete,1785781688069
2026,1331775170712444928,NCAA SEC,1,1390072890841374720,free_agent,[6],['510556455562792960'],[],,{'9499': 6},complete,1785781712783
2026,1331775170712444928,NCAA SEC,1,1390073095011713024,free_agent,[6],['510556455562792960'],[],,{'1689': 6},complete,1785781761461
2026,1331775170712444928,NCAA SEC,1,1398362339668951040,free_agent,[1],['441458152391569408'],[],,{'11650': 1},complete,1787758071395
2026,1331775170712444928,NCAA SEC,1,1398362726115368960,free_agent,[1],['441458152391569408'],[],,{'12412': 1},complete,1787758163530
2026,1331775170712444928,NCAA SEC,1,1398774982946934784,free_agent,[9],['1136057205582667776'],[],{'13324': 9},{'2028': 9},complete,1787856453218
2026,1331775170712444928,NCAA SEC,1,1398775332256915456,free_agent,[9],['1136057205582667776'],[],{'13477': 9},{'8932': 9},complete,1787856536500
2026,1331775170712444928,NCAA SEC,1,1399867134422605824,free_agent,[7],['461680102409760768'],[],,{'6850': 7},complete,1788116842421
2026,1331775170712444928,NCAA SEC,1,1399867170426474496,free_agent,[7],['461680102409760768'],[],,{'4381': 7},complete,1788116851005
2026,1331775170712444928,NCAA SEC,1,1399867203695681536,free_agent,[7],['461680102409760768'],[],,{'5917': 7},complete,1788116858938
2026,1331775170712444928,NCAA SEC,1,1399867232963604480,free_agent,[7],['461680102409760768'],[],,{'6943': 7},complete,1788116865916
2026,1331775170712444928,NCAA SEC,1,1399867254320975872,free_agent,[7],['461680102409760768'],[],,{'4234': 7},complete,1788116871007
2026,1331775170712444928,NCAA SEC,1,1399867280434724864,free_agent,[7],['461680102409760768'],[],,{'5987': 7},complete,1788116877233
2026,1331775170712444928,NCAA SEC,1,1399867522194341888,free_agent,[7],['461680102409760768'],[],{'13264': 7},,complete,1788116934873
2026,1331775170712444928,NCAA SEC,1,1399867570714062848,free_agent,[7],['461680102409760768'],[],{'8127': 7},,complete,1788116946441
2026,1331775170712444928,NCAA SEC,1,1399867986491211776,free_agent,[7],['461680102409760768'],[],{'13533': 7},,complete,1788117045571
2026,1331775170712444928,NCAA SEC,1,1399868045182169088,free_agent,[7],['461680102409760768'],[],{'13946': 7},,complete,1788117059563
2026,1331775170712444928,NCAA SEC,1,1399868185963995136,free_agent,[7],['461680102409760768'],[],{'11729': 7},,complete,1788117093128
2026,1331775170712444928,NCAA SEC,1,1399868274082111488,free_agent,[7],['461680102409760768'],[],{'13338': 7},,complete,1788117114137
2026,1331775170712444928,NCAA SEC,1,1399868342440861696,free_agent,[7],['461680102409760768'],[],{'13307': 7},,complete,1788117130435
2026,1331775170712444928,NCAA SEC,1,1400936898838462464,free_agent,[8],['970737030692937728'],[],{'11237': 8},,complete,1788371894133
2026,1331775170712444928,NCAA SEC,1,1400940897142591488,free_agent,[9],['1136057205582667776'],[],,{'19': 9},complete,1788372847403
2026,1331775170712444928,NCAA SEC,1,1400941058023530496,free_agent,[9],['1136057205582667776'],[],,{'5857': 9},complete,1788372885761
2026,1331775170712444928,NCAA SEC,1,1400941256560910336,free_agent,[9],['1136057205582667776'],[],{'13299': 9},,complete,1788372933096
2026,1331775170712444928,NCAA SEC,1,1400941512468017152,free_agent,[9],['1136057205582667776'],[],{'13303': 9},,complete,1788372994109
2026,1331775170712444928,NCAA SEC,1,1400941614876082176,free_agent,[9],['1136057205582667776'],[],{'13425': 9},,complete,1788373018524
2026,1331775170712444928,NCAA SEC,1,1400941805595308032,free_agent,[9],['1136057205582667776'],[],{'13770': 9},,complete,1788373063995
2026,1331775170712444928,NCAA SEC,1,1400942017101459456,free_agent,[9],['1136057205582667776'],[],,{'4666': 9},complete,1788373114423
2026,1331775170712444928,NCAA SEC,1,1400942103218880512,free_agent,[9],['1136057205582667776'],[],,{'5119': 9},complete,1788373134954
2026,1331775170712444928,NCAA SEC,1,1400948278949871616,free_agent,[1],['441458152391569408'],[],{'13435': 1},,complete,1788374607363
2026,1331775170712444928,NCAA SEC,1,1400948879788158976,free_agent,[9],['1136057205582667776'],[],{'13322': 9},,complete,1788374750615
2026,1331775170712444928,NCAA SEC,1,1400948905524346880,free_agent,[1],['441458152391569408'],[],{'11608': 1},,complete,1788374756750
2026,1331775170712444928,NCAA SEC,1,1400949008708476928,free_agent,[1],['441458152391569408'],[],{'12496': 1},,complete,1788374781351
2026,1331775170712444928,NCAA SEC,1,1400949255128014848,free_agent,[9],['1136057205582667776'],[],{'13335': 9},,complete,1788374840102
2026,1331775170712444928,NCAA SEC,1,1402045282954285056,free_agent,[9],['1136057205582667776'],[],{'13833': 9},,complete,1788636153500
2026,1331775170712444928,NCAA SEC,1,1403745218892726272,free_agent,[8],['970737030692937728'],[],{'5854': 8},{'11588': 8},complete,1789041449810
2026,1331775170712444928,NCAA SEC,1,1403830714037739520,free_agent,[2],['508516852143693824'],[],,{'11595': 2},complete,1789061833442
2026,1331775170712444928,NCAA SEC,1,1403830750972788736,free_agent,[2],['508516852143693824'],[],,{'10221': 2},complete,1789061842248
2026,1331775170712444928,NCAA SEC,1,1403830765472526336,free_agent,[2],['508516852143693824'],[],,{'5110': 2},complete,1789061845704
2026,1331775170712444928,NCAA SEC,1,1404863767229046784,free_agent,[7],['461680102409760768'],[],{'12491': 7},{'10223': 7},complete,1789308132515
2026,1331775170712444928,NCAA SEC,1,1404957712235683840,free_agent,[8],['970737030692937728'],[],{'3634': 8},{'10955': 8},complete,1789330530750
2026,1331775170712444928,NCAA SEC,1,1405288266315341824,free_agent,[1],['441458152391569408'],[],{'5857': 1},{'8122': 1},complete,1789409340984
2026,1331775170712444928,NCAA SEC,1,1405345895771394048,free_agent,[5],['562032371824951296'],[],,{'10863': 5},complete,1789423080918
2026,1331775170712444928,NCAA SEC,1,1405346091590807552,free_agent,[5],['562032371824951296'],[],,{'11619': 5},complete,1789423127604
2026,1331775170712444928,NCAA SEC,1,1405346237875552256,free_agent,[5],['562032371824951296'],[],,{'4171': 5},complete,1789423162481
2026,1331775170712444928,NCAA SEC,2,1405625941866106880,free_agent,[1],['441458152391569408'],[],{'12472': 1},{'11439': 1},complete,1789489849109
2026,1331775170712444928,NCAA SEC,2,1405626552556810240,free_agent,[1],['441458152391569408'],[],{'3161': 1},{'11299': 1},complete,1789489994709
2026,1331775170712444928,NCAA SEC,2,1407481413787205632,free_agent,[8],['970737030692937728'],[],{'13602': 8},{'13270': 8},complete,1789932228089
2026,1331775170712444928,NCAA SEC,2,1407685690895958016,free_agent,[9],['1136057205582667776'],[],{'2307': 9},{'13400': 9},complete,1789980931546
2026,1331775170712444928,NCAA SEC,2,1407883988571336704,free_agent,[1],['441458152391569408'],[],{'11256': 1},{'8207': 1},complete,1790028209397
2026,1331775170712444928,NCAA SEC,3,1409241829144117248,free_agent,[8],['970737030692937728'],[],{'8168': 8},,complete,1790351943816
2026,1331775170712444928,NCAA SEC,3,1409241911356555264,free_agent,[8],['970737030692937728'],[],{'11629': 8},,complete,1790351963417
2026,1331775170712444928,NCAA SEC,3,1410125885629014016,free_agent,[6],['510556455562792960'],[],,{'2374': 6},complete,1790562719307
2026,1331775170712444928,NCAA SEC,4,1410766289781223424,free_agent,[7],['461680102409760768'],[],{'7039': 7},{'7596': 7},complete,1790715403555
2026,1331775170712444928,NCAA SEC,4,1412519840438038528,free_agent,[1],['441458152391569408'],[],{'11157': 1},{'11570': 1},complete,1791133482611
2026,1331775170712444928,NCAA SEC,4,1412771958021431296,free_agent,[8],['970737030692937728'],[],{'4018': 8},{'13602': 8},complete,1791193592127
2026,1331775170712444928,NCAA SEC,4,1412857415518466048,free_agent,[1],['441458152391569408'],[],{'13150': 1},{'8254': 1},complete,1791213966782
2026,1331774846710849536,NCAA SUN BELT,1,1336767200064716800,free_agent,[10],['441330448283463680'],[],,{'12889': 10},complete,1773072645730
2026,1331774846710849536,NCAA SUN BELT,1,1336767383687163904,free_agent,[10],['441330448283463680'],[],,{'3269': 10},complete,1773072689509
2026,1331774846710849536,NCAA SUN BELT,1,1336767484967006208,free_agent,[10],['441330448283463680'],[],,{'12385': 10},complete,1773072713656
2026,1331774846710849536,NCAA SUN BELT,1,1336767588289495040,free_agent,[10],['441330448283463680'],[],,{'8220': 10},complete,1773072738290
2026,1331774846710849536,NCAA SUN BELT,1,1336767848772550656,free_agent,[10],['441330448283463680'],[],{'12500': 10},{'4080': 10},complete,1773072800395
2026,1331774846710849536,NCAA SUN BELT,1,1336769502662111232,free_agent,[10],['441330448283463680'],[],{'11557': 10},{'1689': 10},complete,1773073194712
2026,1331774846710849536,NCAA SUN BELT,1,1336769828622438400,free_agent,[10],['441330448283463680'],[],{'4972': 10},{'10867': 10},complete,1773073272427
2026,1331774846710849536,NCAA SUN BELT,1,1336800372747927552,free_agent,[10],['441330448283463680'],[],{'12523': 10},{'5133': 10},complete,1773080554715
2026,1331774846710849536,NCAA SUN BELT,1,1336801102712033280,free_agent,[10],['441330448283463680'],[],{'11592': 10},{'2374': 10},complete,1773080728751
2026,1331774846710849536,NCAA SUN BELT,1,1339614307951857664,free_agent,[10],['441330448283463680'],[],{'12897': 10},{'8230': 10},complete,1773751449148
2026,1331774846710849536,NCAA SUN BELT,1,1339614408325763072,free_agent,[10],['441330448283463680'],[],{'8172': 10},{'2505': 10},complete,1773751473078
2026,1331774846710849536,NCAA SUN BELT,1,1369231944218320896,free_agent,[3],['739765296801390592'],[],,{'8207': 3},complete,1780812843903
2026,1331774846710849536,NCAA SUN BELT,1,1369232033938694144,free_agent,[3],['739765296801390592'],[],,{'11789': 3},complete,1780812865293
2026,1331774846710849536,NCAA SUN BELT,1,1369321501794275328,free_agent,[3],['739765296801390592'],[],{'8800': 3},{'11573': 3},complete,1780834196092
2026,1331774846710849536,NCAA SUN BELT,1,1369321583415402496,free_agent,[3],['739765296801390592'],[],{'12462': 3},{'6828': 3},complete,1780834215552
2026,1331774846710849536,NCAA SUN BELT,1,1369321652722077696,free_agent,[3],['739765296801390592'],[],{'12470': 3},{'8225': 3},complete,1780834232077
2026,1331774846710849536,NCAA SUN BELT,1,1374039476514361344,free_agent,[10],['441330448283463680'],[],{'8135': 10},{'1837': 10},complete,1781959048921
2026,1331774846710849536,NCAA SUN BELT,1,1376407086417580032,free_agent,[1],['751973682779508736'],[],,{'6219': 1},complete,1782523531110
2026,1331774846710849536,NCAA SUN BELT,1,1376407241585868800,free_agent,[1],['751973682779508736'],[],,{'4068': 1},complete,1782523568105
2026,1331774846710849536,NCAA SUN BELT,1,1376407299119132672,free_agent,[1],['751973682779508736'],[],,{'9495': 1},complete,1782523581823
2026,1331774846710849536,NCAA SUN BELT,1,1376407374167830530,free_agent,[1],['751973682779508736'],[],,{'6694': 1},complete,1782523599715
2026,1331774846710849536,NCAA SUN BELT,1,1376407470414512129,free_agent,[1],['751973682779508736'],[],,{'2749': 1},complete,1782523622663
2026,1331774846710849536,NCAA SUN BELT,1,1376407536177008640,free_agent,[1],['751973682779508736'],[],,{'5937': 1},complete,1782523638341
2026,1331774846710849536,NCAA SUN BELT,1,1376407571027472384,free_agent,[1],['751973682779508736'],[],,{'11895': 1},complete,1782523646651
2026,1331774846710849536,NCAA SUN BELT,1,1376407655236505600,free_agent,[1],['751973682779508736'],[],,{'8145': 1},complete,1782523666727
2026,1331774846710849536,NCAA SUN BELT,1,1376407697028562944,free_agent,[1],['751973682779508736'],[],,{'5409': 1},complete,1782523676691
2026,1331774846710849536,NCAA SUN BELT,1,1376409613548666880,free_agent,[12],['465297932204109824'],[],,{'11994': 12},complete,1782524133625
2026,1331774846710849536,NCAA SUN BELT,1,1376409693127180288,free_agent,[12],['465297932204109824'],[],,{'11806': 12},complete,1782524152598
2026,1331774846710849536,NCAA SUN BELT,1,1376409902288756736,free_agent,[12],['465297932204109824'],[],,{'11633': 12},complete,1782524202466
2026,1331774846710849536,NCAA SUN BELT,1,1376410285102874624,free_agent,[12],['465297932204109824'],[],,{'6945': 12},complete,1782524293737
2026,1331774846710849536,NCAA SUN BELT,1,1376410301607477248,free_agent,[6],['465019661495300096'],[],,{'1234': 6},complete,1782524297671
2026,1331774846710849536,NCAA SUN BELT,1,1376410491944964096,free_agent,[12],['465297932204109824'],[],,{'6963': 12},complete,1782524343052
2026,1331774846710849536,NCAA SUN BELT,1,1376410578725142528,free_agent,[12],['465297932204109824'],[],,{'4274': 12},complete,1782524363741
2026,1331774846710849536,NCAA SUN BELT,1,1378188001493946368,free_agent,[1],['751973682779508736'],[],{'2306': 1},,complete,1782948134352
2026,1331774846710849536,NCAA SUN BELT,1,1378770198030475264,free_agent,[12],['465297932204109824'],[],,{'17': 12},complete,1783086940823
2026,1331774846710849536,NCAA SUN BELT,1,1378806347327361024,free_agent,[7],['547214728132608000'],[],,{'1433': 7},complete,1783095559487
2026,1331774846710849536,NCAA SUN BELT,1,1379910513441382400,free_agent,[12],['465297932204109824'],[],,{'12455': 12},complete,1783358813203
2026,1331774846710849536,NCAA SUN BELT,1,1380591780654772224,trade,"[1, 7]","['751973682779508736', '547214728132608000']","[{'round': 1, 'season': '2026', 'league_id': None, 'roster_id': 7, 'owner_id': 1, 'previous_owner_id': 7}]",{'12512': 7},{'12512': 1},complete,1783521239964
2026,1331774846710849536,NCAA SUN BELT,1,1380592723651760128,free_agent,[7],['547214728132608000'],[],,{'6955': 7},complete,1783521464792
2026,1331774846710849536,NCAA SUN BELT,1,1382425098195050496,free_agent,[1],['751973682779508736'],[],,{'11640': 1},complete,1783958336927
2026,1331774846710849536,NCAA SUN BELT,1,1382425134228328448,free_agent,[1],['751973682779508736'],[],,{'9220': 1},complete,1783958345519
2026,1331774846710849536,NCAA SUN BELT,1,1382425174330060800,free_agent,[1],['751973682779508736'],[],,{'11199': 1},complete,1783958355080
2026,1331774846710849536,NCAA SUN BELT,1,1382425343574446080,free_agent,[1],['751973682779508736'],[],,{'10235': 1},complete,1783958395430
2026,1331774846710849536,NCAA SUN BELT,1,1382425406543523840,free_agent,[1],['751973682779508736'],[],,{'10866': 1},complete,1783958410443
2026,1331774846710849536,NCAA SUN BELT,1,1382425511484989440,free_agent,[1],['751973682779508736'],[],,{'11570': 1},complete,1783958435464
2026,1331774846710849536,NCAA SUN BELT,1,1382736256412184576,free_agent,[10],['441330448283463680'],[],,{'11574': 10},complete,1784032522828
2026,1331774846710849536,NCAA SUN BELT,1,1382737820254228480,free_agent,[10],['441330448283463680'],[],,{'12897': 10},complete,1784032895676
2026,1331774846710849536,NCAA SUN BELT,1,1382738829860933632,free_agent,[10],['441330448283463680'],[],,{'11599': 10},complete,1784033136385
2026,1331774846710849536,NCAA SUN BELT,1,1382741420896432128,free_agent,[10],['441330448283463680'],[],,{'12658': 10},complete,1784033754136
2026,1331774846710849536,NCAA SUN BELT,1,1382741742624714752,free_agent,[10],['441330448283463680'],[],,{'12523': 10},complete,1784033830843
2026,1331774846710849536,NCAA SUN BELT,1,1385229248515563520,free_agent,[3],['739765296801390592'],[],,{'9999': 3},complete,1784626898463
2026,1331774846710849536,NCAA SUN BELT,1,1385229322201083904,free_agent,[3],['739765296801390592'],[],,{'11577': 3},complete,1784626916030
2026,1331774846710849536,NCAA SUN BELT,1,1385229352454606848,free_agent,[3],['739765296801390592'],[],,{'7562': 3},complete,1784626923243
2026,1331774846710849536,NCAA SUN BELT,1,1385229469500870656,free_agent,[3],['739765296801390592'],[],,{'3271': 3},complete,1784626951149
2026,1331774846710849536,NCAA SUN BELT,1,1385230067860267008,free_agent,[3],['739765296801390592'],[],{'13545': 3},{'8143': 3},complete,1784627093809
2026,1331774846710849536,NCAA SUN BELT,1,1387532406054985728,free_agent,[10],['441330448283463680'],[],{'13324': 10},{'11299': 10},complete,1785176014011
2026,1331774846710849536,NCAA SUN BELT,1,1389028851794874368,free_agent,[3],['739765296801390592'],[],{'13413': 3},{'12462': 3},complete,1785532794477
2026,1331774846710849536,NCAA SUN BELT,1,1391129223132880896,free_agent,[10],['441330448283463680'],[],{'13424': 10},{'4098': 10},complete,1786033562028
2026,1331774846710849536,NCAA SUN BELT,1,1391131675605336064,free_agent,[10],['441330448283463680'],[],{'13602': 10},,complete,1786034146742
2026,1331774846710849536,NCAA SUN BELT,1,1391289635950301184,free_agent,[1],['751973682779508736'],[],{'13270': 1},,complete,1786071807423
2026,1331774846710849536,NCAA SUN BELT,1,1391289740875022336,free_agent,[1],['751973682779508736'],[],{'13348': 1},,complete,1786071832439
2026,1331774846710849536,NCAA SUN BELT,1,1391289796285992960,free_agent,[1],['751973682779508736'],[],{'4098': 1},,complete,1786071845650
2026,1331774846710849536,NCAA SUN BELT,1,1391289969993068544,free_agent,[1],['751973682779508736'],[],{'9999': 1},{'10444': 1},complete,1786071887065
2026,1331774846710849536,NCAA SUN BELT,1,1391290345177759744,free_agent,[1],['751973682779508736'],[],,{'5095': 1},complete,1786071976516
2026,1331774846710849536,NCAA SUN BELT,1,1393334920016850944,free_agent,[10],['441330448283463680'],[],{'13533': 10},{'13602': 10},complete,1786559441144
2026,1331774846710849536,NCAA SUN BELT,1,1393600981849108480,free_agent,[10],['441330448283463680'],[],{'2505': 10},{'11595': 10},complete,1786622875228
2026,1331774846710849536,NCAA SUN BELT,1,1394727705919905792,free_agent,[10],['441330448283463680'],[],{'13315': 10},{'7607': 10},complete,1786891507181
2026,1331774846710849536,NCAA SUN BELT,1,1397666258714890240,free_agent,[12],['465297932204109824'],[],{'13968': 12},,complete,1787592112762
2026,1331774846710849536,NCAA SUN BELT,1,1397812440195997696,free_agent,[10],['441330448283463680'],[],,{'4972': 10},complete,1787626965143
2026,1331774846710849536,NCAA SUN BELT,1,1397812612435042304,free_agent,[10],['441330448283463680'],[],{'13602': 10},{'2307': 10},complete,1787627006208
2026,1331774846710849536,NCAA SUN BELT,1,1397813190271750144,free_agent,[10],['441330448283463680'],[],{'11653': 10},{'11592': 10},complete,1787627143975
2026,1331774846710849536,NCAA SUN BELT,1,1398162177285754880,free_agent,[10],['441330448283463680'],[],{'13477': 10},{'8135': 10},complete,1787710348964
2026,1331774846710849536,NCAA SUN BELT,1,1399871857410179072,free_agent,[10],['441330448283463680'],[],{'13833': 10},{'11653': 10},complete,1788117968470
2026,1331774846710849536,NCAA SUN BELT,1,1400000481144619008,free_agent,[10],['441330448283463680'],[],{'13425': 10},,complete,1788148634757
2026,1331774846710849536,NCAA SUN BELT,1,1400276661714333696,free_agent,[3],['739765296801390592'],[],{'13338': 3},,complete,1788214481337
2026,1331774846710849536,NCAA SUN BELT,1,1400323563277312017,free_agent,[12],['465297932204109824'],[],{'11237': 12},,complete,1788225663541
2026,1331774846710849536,NCAA SUN BELT,1,1400323875228676096,free_agent,[12],['465297932204109824'],[],{'13307': 12},{'12529': 12},complete,1788225737915
2026,1331774846710849536,NCAA SUN BELT,1,1400331457490104320,free_agent,[3],['739765296801390592'],[],{'12529': 3},{'12470': 3},complete,1788227545667
2026,1331774846710849536,NCAA SUN BELT,1,1400331969698476032,free_agent,[3],['739765296801390592'],[],{'13329': 3},,complete,1788227667787
2026,1331774846710849536,NCAA SUN BELT,1,1400338319555964928,free_agent,[7],['547214728132608000'],[],,{'6421': 7},complete,1788229181712
2026,1331774846710849536,NCAA SUN BELT,1,1400338400296382464,free_agent,[7],['547214728132608000'],[],,{'4988': 7},complete,1788229200962
2026,1331774846710849536,NCAA SUN BELT,1,1400338460232949760,free_agent,[7],['547214728132608000'],[],,{'5347': 7},complete,1788229215251
2026,1331774846710849536,NCAA SUN BELT,1,1400338988312612864,free_agent,[7],['547214728132608000'],[],{'5095': 7},,complete,1788229341155
2026,1331774846710849536,NCAA SUN BELT,1,1401628906485780480,free_agent,[12],['465297932204109824'],[],{'13273': 12},,complete,1788536881613
2026,1331774846710849536,NCAA SUN BELT,1,1403020809324228608,free_agent,[10],['441330448283463680'],[],{'10235': 10},{'13315': 10},complete,1788868737110
2026,1331774846710849536,NCAA SUN BELT,1,1403500274122854400,free_agent,[8],['441362521463451648'],[],,{'7601': 8},complete,1788983050426
2026,1331774846710849536,NCAA SUN BELT,1,1403500334030045184,free_agent,[8],['441362521463451648'],[],,{'4666': 8},complete,1788983064709
2026,1331774846710849536,NCAA SUN BELT,1,1403500389038403584,free_agent,[8],['441362521463451648'],[],,{'10863': 8},complete,1788983077825
2026,1331774846710849536,NCAA SUN BELT,1,1403500463013244928,free_agent,[8],['441362521463451648'],[],,{'7561': 8},complete,1788983095462
2026,1331774846710849536,NCAA SUN BELT,1,1403500534253563904,free_agent,[8],['441362521463451648'],[],,{'5185': 8},complete,1788983112446
2026,1331774846710849536,NCAA SUN BELT,1,1403500634556108800,free_agent,[8],['441362521463451648'],[],,{'5987': 8},complete,1788983136361
2026,1331774846710849536,NCAA SUN BELT,1,1403500717792153600,free_agent,[8],['441362521463451648'],[],,{'7066': 8},complete,1788983156205
2026,1331774846710849536,NCAA SUN BELT,1,1404840047705919488,free_agent,[3],['739765296801390592'],[],{'11199': 3},,complete,1789302477340
2026,1331774846710849536,NCAA SUN BELT,2,1405714077388455936,free_agent,[3],['739765296801390592'],[],{'11729': 3},,complete,1789510862255
2026,1331774846710849536,NCAA SUN BELT,2,1407910975721537536,free_agent,[1],['751973682779508736'],[],{'7562': 1},,complete,1790034643635
2026,1331774846710849536,NCAA SUN BELT,3,1408969353981906944,free_agent,[3],['739765296801390592'],[],,{'11579': 3},complete,1790286980676
2026,1331774846710849536,NCAA SUN BELT,3,1408969587369750528,free_agent,[3],['739765296801390592'],[],{'2307': 3},,complete,1790287036319
2026,1331774846710849536,NCAA SUN BELT,3,1408988456029368320,free_agent,[12],['465297932204109824'],[],{'11608': 12},{'4233': 12},complete,1790291534958
2026,1331774846710849536,NCAA SUN BELT,4,1412309744806289408,free_agent,[10],['441330448283463680'],[],{'6931': 10},,complete,1791083391910
2026,1331774846710849536,NCAA SUN BELT,4,1412309933025722368,free_agent,[10],['441330448283463680'],[],{'13277': 10},,complete,1791083436784
2026,1331774846710849536,NCAA SUN BELT,4,1412310773979496448,free_agent,[12],['465297932204109824'],[],{'11157': 12},,complete,1791083637284
2026,1331774846710849536,NCAA SUN BELT,4,1412384745207205888,free_agent,[8],['441362521463451648'],[],{'3155': 8},,complete,1791101273398
2026,1331774695346823168,NCAA USA,1,1332166109423497216,free_agent,[9],['787224085817044992'],[],,{'4381': 9},complete,1771975660237
2026,1331774695346823168,NCAA USA,1,1332166406795440128,free_agent,[9],['787224085817044992'],[],,{'6768': 9},complete,1771975731136
2026,1331774695346823168,NCAA USA,1,1332166638329417728,free_agent,[9],['787224085817044992'],[],,{'7537': 9},complete,1771975786338
2026,1331774695346823168,NCAA USA,1,1332926202641395712,free_agent,[7],['81535409754357760'],[],,{'7610': 7},complete,1772156880582
2026,1331774695346823168,NCAA USA,1,1332926295696216064,free_agent,[7],['81535409754357760'],[],,{'11645': 7},complete,1772156902768
2026,1331774695346823168,NCAA USA,1,1332926787419656192,free_agent,[7],['81535409754357760'],[],,{'12634': 7},complete,1772157020004
2026,1331774695346823168,NCAA USA,1,1348832470333681664,free_agent,[3],['599286882408394752'],[],,{'827': 3},complete,1775949230324
2026,1331774695346823168,NCAA USA,1,1348832522594684928,free_agent,[3],['599286882408394752'],[],,{'11299': 3},complete,1775949242784
2026,1331774695346823168,NCAA USA,1,1348832582329970688,free_agent,[3],['599286882408394752'],[],,{'9492': 3},complete,1775949257027
2026,1331774695346823168,NCAA USA,1,1349816199617220608,free_agent,[3],['599286882408394752'],[],,{'8123': 3},complete,1776183769663
2026,1331774695346823168,NCAA USA,1,1349816298401443840,free_agent,[3],['599286882408394752'],[],,{'5374': 3},complete,1776183793215
2026,1331774695346823168,NCAA USA,1,1355944710765555712,free_agent,[5],['866509840124641280'],[],,{'11748': 5},complete,1777644920582
2026,1331774695346823168,NCAA USA,1,1355944752171732992,free_agent,[5],['866509840124641280'],[],,{'11619': 5},complete,1777644930454
2026,1331774695346823168,NCAA USA,1,1355944982267068416,free_agent,[5],['866509840124641280'],[],,{'8254': 5},complete,1777644985313
2026,1331774695346823168,NCAA USA,1,1355945026420482048,free_agent,[5],['866509840124641280'],[],,{'5096': 5},complete,1777644995840
2026,1331774695346823168,NCAA USA,1,1355945499131121664,free_agent,[5],['866509840124641280'],[],,{'13101': 5},complete,1777645108544
2026,1331774695346823168,NCAA USA,1,1355945708670189568,free_agent,[5],['866509840124641280'],[],,{'11439': 5},complete,1777645158501
2026,1331774695346823168,NCAA USA,1,1355945772016758784,free_agent,[5],['866509840124641280'],[],,{'6039': 5},complete,1777645173604
2026,1331774695346823168,NCAA USA,1,1356056049186009088,free_agent,[8],['605439246030925824'],[],,{'2374': 8},complete,1777671465730
2026,1331774695346823168,NCAA USA,1,1364023287700529152,free_agent,[8],['605439246030925824'],[],,{'11592': 8},complete,1779571003416
2026,1331774695346823168,NCAA USA,1,1364023329492566016,free_agent,[8],['605439246030925824'],[],,{'8583': 8},complete,1779571013381
2026,1331774695346823168,NCAA USA,1,1365553972949028864,free_agent,[11],['460257215329071104'],[],,{'5937': 11},complete,1779935947218
2026,1331774695346823168,NCAA USA,1,1365554075671744512,free_agent,[11],['460257215329071104'],[],,{'12538': 11},complete,1779935971710
2026,1331774695346823168,NCAA USA,1,1365554323194417152,free_agent,[11],['460257215329071104'],[],,{'10866': 11},complete,1779936030723
2026,1331774695346823168,NCAA USA,1,1365554911005126656,free_agent,[11],['460257215329071104'],[],,{'3161': 11},complete,1779936170868
2026,1331774695346823168,NCAA USA,1,1365765419071193088,free_agent,[7],['81535409754357760'],[],,{'5127': 7},complete,1779986359903
2026,1331774695346823168,NCAA USA,1,1365773247534092288,free_agent,[2],[0],[],,{'11616': 2},complete,1779988226354
2026,1331774695346823168,NCAA USA,1,1365773275266834432,free_agent,[2],[0],[],,{'503': 2},complete,1779988232965
2026,1331774695346823168,NCAA USA,1,1365773313804075008,free_agent,[2],[0],[],,{'6945': 2},complete,1779988242154
2026,1331774695346823168,NCAA USA,1,1366849349497126912,trade,"[2, 6]","[0, '560611777479667712']","[{'round': 2, 'season': '2026', 'league_id': None, 'roster_id': 6, 'owner_id': 2, 'previous_owner_id': 6}]","{'12512': 6, '4866': 2}","{'12512': 2, '4866': 6}",complete,1780244789054
2026,1331774695346823168,NCAA USA,1,1368703576938909696,free_agent,[2],[0],[],,{'8255': 2},complete,1780686871326
2026,1331774695346823168,NCAA USA,1,1368703607037247488,free_agent,[2],[0],[],,{'4988': 2},complete,1780686878503
2026,1331774695346823168,NCAA USA,1,1368703629841678336,free_agent,[2],[0],[],,{'7608': 2},complete,1780686883940
2026,1331774695346823168,NCAA USA,1,1368703684891914240,free_agent,[2],[0],[],,{'6853': 2},complete,1780686897065
2026,1331774695346823168,NCAA USA,1,1368703713325117440,free_agent,[2],[0],[],,{'11994': 2},complete,1780686903844
2026,1331774695346823168,NCAA USA,1,1368703734481166336,free_agent,[2],[0],[],,{'5955': 2},complete,1780686908888
2026,1331774695346823168,NCAA USA,1,1368703752571224064,free_agent,[2],[0],[],,{'1689': 2},complete,1780686913200
2026,1331774695346823168,NCAA USA,1,1368703772150231040,free_agent,[2],[0],[],,{'5185': 2},complete,1780686917868
2026,1331774695346823168,NCAA USA,1,1370918470291566592,free_agent,[9],['787224085817044992'],[],,{'6789': 9},complete,1781214943052
2026,1331774695346823168,NCAA USA,1,1372686396803780608,trade,"[2, 9]","[0, '787224085817044992']","[{'round': 3, 'season': '2026', 'league_id': None, 'roster_id': 12, 'owner_id': 2, 'previous_owner_id': 9}, {'round': 3, 'season': '2026', 'league_id': None, 'roster_id': 5, 'owner_id': 2, 'previous_owner_id': 9}, {'round': 2, 'season': '2026', 'league_id': None, 'roster_id': 6, 'owner_id': 9, 'previous_owner_id': 2}]",,,complete,1781636449580
2026,1331774695346823168,NCAA USA,1,1375181746949099520,free_agent,[2],[0],[],,{'12511': 2},complete,1782231387415
2026,1331774695346823168,NCAA USA,1,1375181787369603072,free_agent,[2],[0],[],,{'1166': 2},complete,1782231397052
2026,1331774695346823168,NCAA USA,1,1375181842415632384,free_agent,[2],[0],[],,{'11629': 2},complete,1782231410177
2026,1331774695346823168,NCAA USA,1,1383848041039020032,trade,"[2, 9]","[0, '787224085817044992']","[{'round': 3, 'season': '2027', 'league_id': None, 'roster_id': 2, 'owner_id': 9, 'previous_owner_id': 2}, {'round': 2, 'season': '2028', 'league_id': None, 'roster_id': 2, 'owner_id': 9, 'previous_owner_id': 2}, {'round': 2, 'season': '2028', 'league_id': None, 'roster_id': 9, 'owner_id': 9, 'previous_owner_id': 2}]",{'7611': 2},{'7611': 9},complete,1784297592939
2026,1331774695346823168,NCAA USA,1,1383882297773666304,free_agent,[2],[0],[],,{'12472': 2},complete,1784305760381
2026,1331774695346823168,NCAA USA,1,1383928767440781312,free_agent,[3],['599286882408394752'],[],,{'2197': 3},complete,1784316839612
2026,1331774695346823168,NCAA USA,1,1383928837477257216,free_agent,[3],['599286882408394752'],[],,{'8181': 3},complete,1784316856310
2026,1331774695346823168,NCAA USA,1,1383929630506909696,free_agent,[2],[0],[],{'6768': 2},,complete,1784317045384
2026,1331774695346823168,NCAA USA,1,1383929701289955328,free_agent,[3],['599286882408394752'],[],{'13435': 3},{'4972': 3},complete,1784317062259
2026,1331774695346823168,NCAA USA,1,1383929810429947904,free_agent,[2],[0],[],{'6039': 2},,complete,1784317088280
2026,1331774695346823168,NCAA USA,1,1383929841954324480,free_agent,[2],[0],[],{'12860': 2},,complete,1784317095796
2026,1331774695346823168,NCAA USA,1,1383929887789694976,free_agent,[2],[0],[],{'13394': 2},,complete,1784317106724
2026,1331774695346823168,NCAA USA,1,1383929913802756096,free_agent,[2],[0],[],{'13411': 2},,complete,1784317112926
2026,1331774695346823168,NCAA USA,1,1383929964646105088,free_agent,[2],[0],[],{'13342': 2},,complete,1784317125049
2026,1331774695346823168,NCAA USA,1,1383930041926168576,free_agent,[3],['599286882408394752'],[],{'13270': 3},{'3200': 3},complete,1784317143473
2026,1331774695346823168,NCAA USA,1,1383930052952985600,free_agent,[2],[0],[],{'3202': 2},,complete,1784317146102
2026,1331774695346823168,NCAA USA,1,1383930126797934592,free_agent,[3],['599286882408394752'],[],{'8127': 3},{'4098': 3},complete,1784317163708
2026,1331774695346823168,NCAA USA,1,1383930254896160768,free_agent,[3],['599286882408394752'],[],{'13424': 3},{'5938': 3},complete,1784317194249
2026,1331774695346823168,NCAA USA,1,1383931069438373888,free_agent,[8],['605439246030925824'],[],,{'2505': 8},complete,1784317388452
2026,1331774695346823168,NCAA USA,1,1383931108978094080,free_agent,[8],['605439246030925824'],[],,{'4040': 8},complete,1784317397879
2026,1331774695346823168,NCAA USA,1,1383931174543458304,free_agent,[8],['605439246030925824'],[],,{'4018': 8},complete,1784317413510
2026,1331774695346823168,NCAA USA,1,1383931312565399552,free_agent,[8],['605439246030925824'],[],,{'5985': 8},complete,1784317446418
2026,1331774695346823168,NCAA USA,1,1383932129624223744,free_agent,[8],['605439246030925824'],[],{'11653': 8},,complete,1784317641219
2026,1331774695346823168,NCAA USA,1,1383997429866594304,free_agent,[9],['787224085817044992'],[],,{'11058': 9},complete,1784333210011
2026,1331774695346823168,NCAA USA,1,1383997740886794240,free_agent,[9],['787224085817044992'],[],,{'11633': 9},complete,1784333284164
2026,1331774695346823168,NCAA USA,1,1383998422649950208,free_agent,[7],['81535409754357760'],[],,{'1433': 7},complete,1784333446709
2026,1331774695346823168,NCAA USA,1,1383998592687050752,free_agent,[7],['81535409754357760'],[],,{'6820': 7},complete,1784333487248
2026,1331774695346823168,NCAA USA,1,1383998847100944384,free_agent,[7],['81535409754357760'],[],,{'11640': 7},complete,1784333547905
2026,1331774695346823168,NCAA USA,1,1384017497140768768,free_agent,[7],['81535409754357760'],[],,{'12539': 7},complete,1784337994422
2026,1331774695346823168,NCAA USA,1,1384408108742225920,free_agent,[9],['787224085817044992'],[],,{'11377': 9},complete,1784431123484
2026,1331774695346823168,NCAA USA,1,1384470940041105408,free_agent,[11],['460257215329071104'],[],,{'12503': 11},complete,1784446103633
2026,1331774695346823168,NCAA USA,1,1384471681384345600,free_agent,[11],['460257215329071104'],[],,{'8208': 11},complete,1784446280383
2026,1331774695346823168,NCAA USA,1,1384472072498999296,free_agent,[11],['460257215329071104'],[],,{'11623': 11},complete,1784446373632
2026,1331774695346823168,NCAA USA,1,1384472604298993664,free_agent,[11],['460257215329071104'],[],,{'11569': 11},complete,1784446500423
2026,1331774695346823168,NCAA USA,1,1385805164534857729,free_agent,[9],['787224085817044992'],[],{'13296': 9},{'12470': 9},complete,1784764207541
2026,1331774695346823168,NCAA USA,1,1385805379413237760,free_agent,[9],['787224085817044992'],[],{'13324': 9},{'12500': 9},complete,1784764258772
2026,1331774695346823168,NCAA USA,1,1387151379499331584,free_agent,[9],['787224085817044992'],[],{'13830': 9},{'6943': 9},complete,1785085170200
2026,1331774695346823168,NCAA USA,1,1390805571426320384,free_agent,[5],['866509840124641280'],[],{'13329': 5},,complete,1785956397447
2026,1331774695346823168,NCAA USA,1,1390806701086629888,free_agent,[5],['866509840124641280'],[],{'11058': 5},{'5095': 5},complete,1785956666780
2026,1331774695346823168,NCAA USA,1,1390856233627435008,free_agent,[2],[0],[],{'1166': 2},{'6768': 2},complete,1785968476257
2026,1331774695346823168,NCAA USA,1,1390869877572509696,free_agent,[11],['460257215329071104'],[],{'6768': 11},{'7561': 11},complete,1785971729228
2026,1331774695346823168,NCAA USA,1,1391216699704868864,free_agent,[6],['560611777479667712'],[],,{'6984': 6},complete,1786054418067
2026,1331774695346823168,NCAA USA,1,1391216725856358400,free_agent,[6],['560611777479667712'],[],,{'11574': 6},complete,1786054424303
2026,1331774695346823168,NCAA USA,1,1391216743287894016,free_agent,[6],['560611777479667712'],[],,{'6805': 6},complete,1786054428459
2026,1331774695346823168,NCAA USA,1,1391216779858038784,free_agent,[6],['560611777479667712'],[],,{'6920': 6},complete,1786054437178
2026,1331774695346823168,NCAA USA,1,1391216799327985664,free_agent,[6],['560611777479667712'],[],,{'4068': 6},complete,1786054441819
2026,1331774695346823168,NCAA USA,1,1391216828222570496,free_agent,[6],['560611777479667712'],[],,{'6850': 6},complete,1786054448708
2026,1331774695346823168,NCAA USA,1,1391216843640803328,free_agent,[6],['560611777479667712'],[],,{'8249': 6},complete,1786054452384
2026,1331774695346823168,NCAA USA,1,1391216881842556928,free_agent,[6],['560611777479667712'],[],,{'10870': 6},complete,1786054461492
2026,1331774695346823168,NCAA USA,1,1391216912582610944,free_agent,[6],['560611777479667712'],[],,{'7568': 6},complete,1786054468821
2026,1331774695346823168,NCAA USA,1,1391216926763540480,free_agent,[6],['560611777479667712'],[],,{'8221': 6},complete,1786054472202
2026,1331774695346823168,NCAA USA,1,1391216963476258816,free_agent,[6],['560611777479667712'],[],{'13533': 6},,complete,1786054480955
2026,1331774695346823168,NCAA USA,1,1391216991250939904,free_agent,[6],['560611777479667712'],[],{'13413': 6},,complete,1786054487577
2026,1331774695346823168,NCAA USA,1,1391217009622016000,free_agent,[6],['560611777479667712'],[],{'7608': 6},,complete,1786054491957
2026,1331774695346823168,NCAA USA,1,1393020961380392960,free_agent,[6],['560611777479667712'],[],,{'4464': 6},complete,1786484587573
2026,1331774695346823168,NCAA USA,1,1393020999674384384,free_agent,[6],['560611777479667712'],[],,{'6828': 6},complete,1786484596702
2026,1331774695346823168,NCAA USA,1,1393021025347735552,free_agent,[6],['560611777479667712'],[],,{'8162': 6},complete,1786484602823
2026,1331774695346823168,NCAA USA,1,1393021137826385920,free_agent,[6],['560611777479667712'],[],,{'7694': 6},complete,1786484629641
2026,1331774695346823168,NCAA USA,1,1393021153886371840,free_agent,[6],['560611777479667712'],[],,{'8160': 6},complete,1786484633469
2026,1331774695346823168,NCAA USA,1,1393021258504888320,free_agent,[6],['560611777479667712'],[],,{'9222': 6},complete,1786484658413
2026,1331774695346823168,NCAA USA,1,1393021318567333888,free_agent,[6],['560611777479667712'],[],,{'4234': 6},complete,1786484672732
2026,1331774695346823168,NCAA USA,1,1393021361126924288,free_agent,[6],['560611777479667712'],[],{'13150': 6},,complete,1786484682879
2026,1331774695346823168,NCAA USA,1,1393021378336137216,free_agent,[6],['560611777479667712'],[],{'13477': 6},,complete,1786484686983
2026,1331774695346823168,NCAA USA,1,1393021384937967616,free_agent,[6],['560611777479667712'],[],{'11592': 6},,complete,1786484688556
2026,1331774695346823168,NCAA USA,1,1393850266637340672,free_agent,[7],['81535409754357760'],[],{'13433': 7},{'12738': 7},complete,1786682309354
2026,1331774695346823168,NCAA USA,1,1393850330394955776,free_agent,[7],['81535409754357760'],[],{'2505': 7},{'1339': 7},complete,1786682324554
2026,1331774695346823168,NCAA USA,1,1395603928380379136,free_agent,[6],['560611777479667712'],[],,{'7607': 6},complete,1787100414895
2026,1331774695346823168,NCAA USA,1,1397975959495307264,free_agent,[6],['560611777479667712'],[],{'13602': 6},,complete,1787665951182
2026,1331774695346823168,NCAA USA,1,1397977637346914304,free_agent,[8],['605439246030925824'],[],{'11557': 8},,complete,1787666351214
2026,1331774695346823168,NCAA USA,1,1398041622976929792,free_agent,[5],['866509840124641280'],[],{'5119': 5},{'11058': 5},complete,1787681606576
2026,1331774695346823168,NCAA USA,1,1398041824190337024,free_agent,[5],['866509840124641280'],[],{'11261': 5},,complete,1787681654549
2026,1331774695346823168,NCAA USA,1,1399249822900318208,free_agent,[5],['866509840124641280'],[],{'13264': 5},,complete,1787969663885
2026,1331774695346823168,NCAA USA,1,1399251797347979264,free_agent,[7],['81535409754357760'],[],{'12503': 7},,complete,1787970134630
2026,1331774695346823168,NCAA USA,1,1399257642114744320,free_agent,[3],['599286882408394752'],[],{'13338': 3},{'12718': 3},complete,1787971528131
2026,1331774695346823168,NCAA USA,1,1399267991488610304,free_agent,[8],['605439246030925824'],[],{'13423': 8},{'4219': 8},complete,1787973995614
2026,1331774695346823168,NCAA USA,1,1399584350600716288,free_agent,[4],['692542511834558464'],[],,{'2161': 4},complete,1788049421504
2026,1331774695346823168,NCAA USA,1,1399837426326761472,free_agent,[6],['560611777479667712'],[],{'11237': 6},,complete,1788109759459
2026,1331774695346823168,NCAA USA,1,1399956003465801728,free_agent,[7],['81535409754357760'],[],{'13833': 7},,complete,1788138030452
2026,1331774695346823168,NCAA USA,1,1399956114673500160,free_agent,[7],['81535409754357760'],[],{'13307': 7},,complete,1788138056967
2026,1331774695346823168,NCAA USA,1,1400304134401318912,free_agent,[5],['866509840124641280'],[],{'12048': 5},,complete,1788221031336
2026,1331774695346823168,NCAA USA,1,1400304301355614208,free_agent,[5],['866509840124641280'],[],{'13333': 5},,complete,1788221071140
2026,1331774695346823168,NCAA USA,1,1400462423244222464,free_agent,[11],['460257215329071104'],[],{'6427': 11},,complete,1788258770336
2026,1331774695346823168,NCAA USA,1,1400462675040858112,free_agent,[11],['460257215329071104'],[],{'13403': 11},,complete,1788258830369
2026,1331774695346823168,NCAA USA,1,1400467747879563264,free_agent,[6],['560611777479667712'],[],{'13425': 6},,complete,1788260039828
2026,1331774695346823168,NCAA USA,1,1400467762781888512,free_agent,[6],['560611777479667712'],[],{'12494': 6},,complete,1788260043381
2026,1331774695346823168,NCAA USA,1,1400566674930814976,free_agent,[8],['605439246030925824'],[],{'12471': 8},,complete,1788283625876
2026,1331774695346823168,NCAA USA,1,1402284214807703552,free_agent,[8],['605439246030925824'],[],{'5095': 8},,complete,1788693119293
2026,1331774695346823168,NCAA USA,1,1402879465285021696,free_agent,[1],['389658700735868928'],[],,{'6146': 1},complete,1788835038066
2026,1331774695346823168,NCAA USA,1,1402879498365497344,free_agent,[1],['389658700735868928'],[],,{'6018': 1},complete,1788835045952
2026,1331774695346823168,NCAA USA,1,1402879571405058048,free_agent,[1],['389658700735868928'],[],,{'6151': 1},complete,1788835063367
2026,1331774695346823168,NCAA USA,1,1402879610382770176,free_agent,[1],['389658700735868928'],[],,{'5230': 1},complete,1788835072659
2026,1331774695346823168,NCAA USA,1,1402879756399079424,free_agent,[1],['389658700735868928'],[],,{'1426': 1},complete,1788835107472
2026,1331774695346823168,NCAA USA,1,1402879804960739328,free_agent,[1],['389658700735868928'],[],,{'9490': 1},complete,1788835119050
2026,1331774695346823168,NCAA USA,1,1404207584163962880,free_agent,[7],['81535409754357760'],[],,{'12462': 7},complete,1789151686281
2026,1331774695346823168,NCAA USA,1,1404208609600040960,free_agent,[7],['81535409754357760'],[],{'11629': 7},,complete,1789151930765
2026,1331774695346823168,NCAA USA,1,1404266846785429504,free_agent,[3],['599286882408394752'],[],{'4574': 3},{'9999': 3},complete,1789165815591
2026,1331774695346823168,NCAA USA,1,1404266952741908480,free_agent,[3],['599286882408394752'],[],{'13968': 3},{'17': 3},complete,1789165840853
2026,1331774695346823168,NCAA USA,1,1404693037048709120,free_agent,[1],['389658700735868928'],[],,{'6909': 1},complete,1789267427268
2026,1331774695346823168,NCAA USA,1,1404693069214838784,free_agent,[1],['389658700735868928'],[],,{'6402': 1},complete,1789267434938
2026,1331774695346823168,NCAA USA,1,1405010648412266496,free_agent,[4],['692542511834558464'],[],,{'11590': 4},complete,1789343151718
2026,1331774695346823168,NCAA USA,1,1405010712840941568,free_agent,[4],['692542511834558464'],[],,{'1352': 4},complete,1789343167079
2026,1331774695346823168,NCAA USA,1,1405010832009474048,free_agent,[4],['692542511834558464'],[],,{'11615': 4},complete,1789343195491
2026,1331774695346823168,NCAA USA,1,1405011235195379712,free_agent,[4],['692542511834558464'],[],,{'1837': 4},complete,1789343291618
2026,1331774695346823168,NCAA USA,2,1405920040892567552,free_agent,[5],['866509840124641280'],[],{'12472': 5},{'7562': 5},complete,1789559967782
2026,1331774695346823168,NCAA USA,2,1405920322582052864,free_agent,[5],['866509840124641280'],[],{'11729': 5},{'12543': 5},complete,1789560034942
2026,1331774695346823168,NCAA USA,2,1405923608970215424,free_agent,[6],['560611777479667712'],[],,{'12476': 6},complete,1789560818477
2026,1331774695346823168,NCAA USA,2,1405923722497458176,free_agent,[6],['560611777479667712'],[],{'3161': 6},,complete,1789560845545
2026,1331774695346823168,NCAA USA,2,1405923734153375744,free_agent,[6],['560611777479667712'],[],{'3634': 6},,complete,1789560848323
2026,1331774695346823168,NCAA USA,2,1406445031589502976,free_agent,[11],['460257215329071104'],[],{'6931': 11},{'13403': 11},complete,1789685135317
2026,1331774695346823168,NCAA USA,2,1406735310913650688,free_agent,[12],['650627977721245696'],[],,{'2028': 12},complete,1789754343301
2026,1331774695346823168,NCAA USA,2,1406735328244486144,free_agent,[12],['650627977721245696'],[],,{'6111': 12},complete,1789754347433
2026,1331774695346823168,NCAA USA,2,1406735345839538176,free_agent,[12],['650627977721245696'],[],,{'8157': 12},complete,1789754351628
2026,1331774695346823168,NCAA USA,2,1406735366580432896,free_agent,[12],['650627977721245696'],[],,{'2749': 12},complete,1789754356573
2026,1331774695346823168,NCAA USA,2,1406735380023107584,free_agent,[12],['650627977721245696'],[],,{'4951': 12},complete,1789754359778
2026,1331774695346823168,NCAA USA,2,1406735400738828288,free_agent,[12],['650627977721245696'],[],,{'11605': 12},complete,1789754364717
2026,1331774695346823168,NCAA USA,2,1406735419042779136,free_agent,[12],['650627977721245696'],[],,{'11789': 12},complete,1789754369081
2026,1331774695346823168,NCAA USA,2,1407425479392145408,free_agent,[7],['81535409754357760'],[],{'12718': 7},,complete,1789918892289
2026,1331774695346823168,NCAA USA,3,1408559896940609536,free_agent,[9],['787224085817044992'],[],{'1339': 9},,complete,1790189358510
2026,1331774695346823168,NCAA USA,3,1409053389366599680,free_agent,[9],['787224085817044992'],[],{'6828': 9},,complete,1790307016272
2026,1331774695346823168,NCAA USA,3,1409330845281509376,free_agent,[8],['605439246030925824'],[],{'3155': 8},,complete,1790373166917
2026,1331774695346823168,NCAA USA,3,1409862386269061120,free_agent,[11],['460257215329071104'],[],{'13277': 11},{'6931': 11},complete,1790499896164
2026,1331774695346823168,NCAA USA,4,1410762141031501824,free_agent,[6],['560611777479667712'],[],{'1737': 6},{'5970': 6},complete,1790714414417
2026,1331774695346823168,NCAA USA,4,1410785923880308736,free_agent,[9],['787224085817044992'],[],{'11433': 9},,complete,1790720084690
2026,1331774695346823168,NCAA USA,4,1412193793238663168,free_agent,[3],['599286882408394752'],[],{'7039': 3},,complete,1791055746901
2026,1331774454493122560,NCAA WILD,1,1335487149562134528,free_agent,[10],['505166677990699008'],[],,{'11640': 10},complete,1772767457909
2026,1331774454493122560,NCAA WILD,1,1339285858561327104,free_agent,[11],['1228783119826423808'],[],,{'4144': 11},complete,1773673140711
2026,1331774454493122560,NCAA WILD,1,1339286016996962304,free_agent,[11],['1228783119826423808'],[],,{'331': 11},complete,1773673178485
2026,1331774454493122560,NCAA WILD,1,1339472246267199488,free_agent,[8],['462714981117325312'],[],,{'10866': 8},complete,1773717579002
2026,1331774454493122560,NCAA WILD,1,1339472279528050688,free_agent,[8],['462714981117325312'],[],,{'8160': 8},complete,1773717586933
2026,1331774454493122560,NCAA WILD,1,1339472428157386752,free_agent,[8],['462714981117325312'],[],,{'11261': 8},complete,1773717622369
2026,1331774454493122560,NCAA WILD,1,1345187795706056704,free_agent,[11],['1228783119826423808'],[],,{'11588': 11},complete,1775080272178
2026,1331774454493122560,NCAA WILD,1,1345188143975923712,free_agent,[11],['1228783119826423808'],[],,{'11624': 11},complete,1775080355212
2026,1331774454493122560,NCAA WILD,1,1345188183976988673,free_agent,[11],['1228783119826423808'],[],,{'12472': 11},complete,1775080364750
2026,1331774454493122560,NCAA WILD,1,1345188234346369024,free_agent,[11],['1228783119826423808'],[],,{'9492': 11},complete,1775080376758
2026,1331774454493122560,NCAA WILD,1,1345188254818770944,free_agent,[1],['457579310098673664'],[],{'11624': 1},{'2505': 1},complete,1775080381639
2026,1331774454493122560,NCAA WILD,1,1350857780205998080,trade,"[1, 8]","['457579310098673664', '462714981117325312']","[{'round': 3, 'season': '2026', 'league_id': None, 'roster_id': 8, 'owner_id': 1, 'previous_owner_id': 8}, {'round': 4, 'season': '2026', 'league_id': None, 'roster_id': 8, 'owner_id': 8, 'previous_owner_id': 1}]","{'5859': 1, '8151': 8}","{'5859': 8, '8151': 1}",complete,1776432101827
2026,1331774454493122560,NCAA WILD,1,1351973738588954624,free_agent,[12],['448446449538035712'],[],,{'7601': 12},complete,1776698167038
2026,1331774454493122560,NCAA WILD,1,1354937199853830144,trade,"[1, 11]","['457579310098673664', '1228783119826423808']",[],{'11624': 11},{'11624': 1},complete,1777404711262
2026,1331774454493122560,NCAA WILD,1,1355249548364095488,trade,"[1, 11]","['457579310098673664', '1228783119826423808']","[{'round': 3, 'season': '2026', 'league_id': None, 'roster_id': 11, 'owner_id': 1, 'previous_owner_id': 11}, {'round': 3, 'season': '2027', 'league_id': None, 'roster_id': 11, 'owner_id': 1, 'previous_owner_id': 11}]","{'11563': 11, '11631': 1, '12489': 1, '5850': 11}","{'11563': 1, '11631': 11, '12489': 11, '5850': 1}",complete,1777479180951
2026,1331774454493122560,NCAA WILD,1,1355263053477724160,free_agent,[12],['448446449538035712'],[],,{'7593': 12},complete,1777482400820
2026,1331774454493122560,NCAA WILD,1,1367286957603831808,free_agent,[1],['457579310098673664'],[],{'2078': 1},,complete,1780349122957
2026,1331774454493122560,NCAA WILD,1,1368383843479867392,free_agent,[12],['448446449538035712'],[],{'8800': 12},,complete,1780610640930
2026,1331774454493122560,NCAA WILD,1,1368726215547977728,free_agent,[10],['505166677990699008'],[],,{'12889': 10},complete,1780692268792
2026,1331774454493122560,NCAA WILD,1,1368727044384378880,free_agent,[10],['505166677990699008'],[],,{'11377': 10},complete,1780692466401
2026,1331774454493122560,NCAA WILD,1,1369728249050968064,free_agent,[12],['448446449538035712'],[],,{'11573': 12},complete,1780931172195
2026,1331774454493122560,NCAA WILD,1,1369728373856665600,free_agent,[12],['448446449538035712'],[],,{'6151': 12},complete,1780931201952
2026,1331774454493122560,NCAA WILD,1,1372302641857576960,free_agent,[7],['1213324396148572161'],[],,{'1266': 7},complete,1781544955270
2026,1331774454493122560,NCAA WILD,1,1372302732999790592,free_agent,[7],['1213324396148572161'],[],,{'1352': 7},complete,1781544977000
2026,1331774454493122560,NCAA WILD,1,1372302812733521920,free_agent,[7],['1213324396148572161'],[],,{'1535': 7},complete,1781544996010
2026,1331774454493122560,NCAA WILD,1,1372303135778799616,free_agent,[7],['1213324396148572161'],[],,{'5917': 7},complete,1781545073030
2026,1331774454493122560,NCAA WILD,1,1372303568928800768,free_agent,[7],['1213324396148572161'],[],,{'5154': 7},complete,1781545176301
2026,1331774454493122560,NCAA WILD,1,1372303609282183168,free_agent,[7],['1213324396148572161'],[],,{'4274': 7},complete,1781545185922
2026,1331774454493122560,NCAA WILD,1,1374451149544910848,free_agent,[1],['457579310098673664'],[],,{'13300': 1},complete,1782057199420
2026,1331774454493122560,NCAA WILD,1,1374451166905106432,free_agent,[1],['457579310098673664'],[],,{'1234': 1},complete,1782057203560
2026,1331774454493122560,NCAA WILD,1,1374451246315888640,free_agent,[1],['457579310098673664'],[],,{'11199': 1},complete,1782057222492
2026,1331774454493122560,NCAA WILD,1,1374451262648508416,free_agent,[1],['457579310098673664'],[],,{'9999': 1},complete,1782057226387
2026,1331774454493122560,NCAA WILD,1,1374451278876258304,free_agent,[1],['457579310098673664'],[],,{'12486': 1},complete,1782057230256
2026,1331774454493122560,NCAA WILD,1,1374463803554529280,free_agent,[11],['1228783119826423808'],[],,{'13292': 11},complete,1782060216372
2026,1331774454493122560,NCAA WILD,1,1374463827512430592,free_agent,[11],['1228783119826423808'],[],,{'12473': 11},complete,1782060222083
2026,1331774454493122560,NCAA WILD,1,1389198337764229120,free_agent,[11],['1228783119826423808'],[],{'13413': 11},{'11575': 11},complete,1785573203081
2026,1331774454493122560,NCAA WILD,1,1391133086829285377,free_agent,[3],['441392312380026880'],[],,{'4381': 3},complete,1786034483205
2026,1331774454493122560,NCAA WILD,1,1391133129745395712,free_agent,[3],['441392312380026880'],[],,{'1689': 3},complete,1786034493436
2026,1331774454493122560,NCAA WILD,1,1391135374159405056,free_agent,[1],['457579310098673664'],[],{'11575': 1},,complete,1786035028546
2026,1331774454493122560,NCAA WILD,1,1393064565050216448,free_agent,[10],['505166677990699008'],[],,{'11557': 10},complete,1786494983497
2026,1331774454493122560,NCAA WILD,1,1393064882986840064,free_agent,[10],['505166677990699008'],[],{'13347': 10},{'650': 10},complete,1786495059300
2026,1331774454493122560,NCAA WILD,1,1393065641367330816,free_agent,[10],['505166677990699008'],[],{'13434': 10},{'10871': 10},complete,1786495240111
2026,1331774454493122560,NCAA WILD,1,1393079207227047936,free_agent,[8],['462714981117325312'],[],,{'5955': 8},complete,1786498474464
2026,1331774454493122560,NCAA WILD,1,1393079575461781504,free_agent,[8],['462714981117325312'],[],,{'12658': 8},complete,1786498562258
2026,1331774454493122560,NCAA WILD,1,1393079620919652352,free_agent,[8],['462714981117325312'],[],,{'8139': 8},complete,1786498573096
2026,1331774454493122560,NCAA WILD,1,1396654403800313856,free_agent,[1],['457579310098673664'],[],{'12015': 1},{'10937': 1},complete,1787350867751
2026,1331774454493122560,NCAA WILD,1,1397670241697320960,free_agent,[6],['203496917160697856'],[],,{'1837': 6},complete,1787593062379
2026,1331774454493122560,NCAA WILD,1,1397670316716634112,free_agent,[6],['203496917160697856'],[],,{'1264': 6},complete,1787593080265
2026,1331774454493122560,NCAA WILD,1,1397670640898576384,free_agent,[6],['203496917160697856'],[],,{'6012': 6},complete,1787593157556
2026,1331774454493122560,NCAA WILD,1,1397670777586716672,free_agent,[6],['203496917160697856'],[],,{'4171': 6},complete,1787593190145
2026,1331774454493122560,NCAA WILD,1,1397671050044563456,free_agent,[6],['203496917160697856'],[],,{'7602': 6},complete,1787593255104
2026,1331774454493122560,NCAA WILD,1,1397671224665985024,free_agent,[6],['203496917160697856'],[],,{'11806': 6},complete,1787593296737
2026,1331774454493122560,NCAA WILD,1,1397671521618493440,free_agent,[6],['203496917160697856'],[],,{'5086': 6},complete,1787593367536
2026,1331774454493122560,NCAA WILD,1,1400066319486857216,free_agent,[12],['448446449538035712'],[],,{'4098': 12},complete,1788164331841
2026,1331774454493122560,NCAA WILD,1,1400067204124295168,free_agent,[12],['448446449538035712'],[],{'11237': 12},{'5096': 12},complete,1788164542756
2026,1331774454493122560,NCAA WILD,1,1400067775849869312,free_agent,[12],['448446449538035712'],[],{'2505': 12},,complete,1788164679065
2026,1331774454493122560,NCAA WILD,1,1400069417299144704,free_agent,[12],['448446449538035712'],[],{'4144': 12},{'17': 12},complete,1788165070417
2026,1331774454493122560,NCAA WILD,1,1400751080559644672,free_agent,[8],['462714981117325312'],[],{'12048': 8},{'4988': 8},complete,1788327591603
2026,1331774454493122560,NCAA WILD,1,1400751295479951360,free_agent,[8],['462714981117325312'],[],{'13533': 8},,complete,1788327642844
2026,1331774454493122560,NCAA WILD,1,1401574274539462656,free_agent,[3],['441392312380026880'],[],,{'11569': 3},complete,1788523856343
2026,1331774454493122560,NCAA WILD,1,1401574321599590400,free_agent,[3],['441392312380026880'],[],,{'11582': 3},complete,1788523867562
2026,1331774454493122560,NCAA WILD,1,1401574424397742080,free_agent,[3],['441392312380026880'],[],,{'11299': 3},complete,1788523892071
2026,1331774454493122560,NCAA WILD,1,1403490521648816128,free_agent,[11],['1228783119826423808'],[],,{'9229': 11},complete,1788980725255
2026,1331774454493122560,NCAA WILD,1,1403490544864313344,free_agent,[11],['1228783119826423808'],[],,{'11565': 11},complete,1788980730790
2026,1331774454493122560,NCAA WILD,1,1403490672417251328,free_agent,[11],['1228783119826423808'],[],,{'12542': 11},complete,1788980761201
2026,1331774454493122560,NCAA WILD,1,1403495992396914688,trade,"[8, 11]","['462714981117325312', '1228783119826423808']","[{'round': 4, 'season': '2027', 'league_id': None, 'roster_id': 11, 'owner_id': 8, 'previous_owner_id': 11}, {'round': 2, 'season': '2028', 'league_id': None, 'roster_id': 11, 'owner_id': 8, 'previous_owner_id': 11}]","{'12474': 11, '4983': 11, '8148': 8, '9486': 8}","{'12474': 8, '4983': 8, '8148': 11, '9486': 11}",complete,1788982029584
2026,1331774454493122560,NCAA WILD,1,1403497121579065344,free_agent,[2],['545391514915762176'],[],,{'7530': 2},complete,1788982298801
2026,1331774454493122560,NCAA WILD,1,1403497149064286208,free_agent,[2],['545391514915762176'],[],,{'6870': 2},complete,1788982305354
2026,1331774454493122560,NCAA WILD,1,1403497224079515648,free_agent,[2],['545391514915762176'],[],,{'4666': 2},complete,1788982323239
2026,1331774454493122560,NCAA WILD,1,1403497276717932544,free_agent,[2],['545391514915762176'],[],,{'10863': 2},complete,1788982335789
2026,1331774454493122560,NCAA WILD,1,1403497301254717440,free_agent,[2],['545391514915762176'],[],,{'5113': 2},complete,1788982341640
2026,1331774454493122560,NCAA WILD,1,1403497355424079872,free_agent,[2],['545391514915762176'],[],,{'6996': 2},complete,1788982354554
2026,1331774454493122560,NCAA WILD,1,1403497463016431616,free_agent,[2],['545391514915762176'],[],,{'6074': 2},complete,1788982380206
2026,1331774454493122560,NCAA WILD,1,1403497623058493440,free_agent,[2],['545391514915762176'],[],,{'4602': 2},complete,1788982418363
2026,1331774454493122560,NCAA WILD,1,1403497886423007232,free_agent,[2],['545391514915762176'],[],,{'5185': 2},complete,1788982481155
2026,1331774454493122560,NCAA WILD,1,1403498019386580992,free_agent,[2],['545391514915762176'],[],,{'5230': 2},complete,1788982512855
2026,1331774454493122560,NCAA WILD,1,1404904746602532864,free_agent,[5],['642578171354484736'],[],,{'4082': 5},complete,1789317902759
2026,1331774454493122560,NCAA WILD,1,1404904828873764864,free_agent,[5],['642578171354484736'],[],,{'5973': 5},complete,1789317922374
2026,1331774454493122560,NCAA WILD,1,1404904866932850688,free_agent,[5],['642578171354484736'],[],,{'1433': 5},complete,1789317931448
2026,1331774454493122560,NCAA WILD,1,1404905264657813504,free_agent,[5],['642578171354484736'],[],,{'2749': 5},complete,1789318026274
2026,1331774454493122560,NCAA WILD,1,1404905414201450502,free_agent,[5],['642578171354484736'],[],{'13545': 5},,complete,1789318061927
2026,1331774454493122560,NCAA WILD,2,1405572873568964608,free_agent,[1],['457579310098673664'],[],{'12472': 1},,complete,1789477196641
2026,1331774454493122560,NCAA WILD,2,1407659871326785536,free_agent,[11],['1228783119826423808'],[],{'10218': 11},,complete,1789974775681
2026,1331774454493122560,NCAA WILD,2,1407660164340813824,free_agent,[11],['1228783119826423808'],[],{'8127': 11},,complete,1789974845541
2026,1331774454493122560,NCAA WILD,3,1408140703413923840,free_agent,[3],['441392312380026880'],[],{'12718': 3},{'5970': 3},complete,1790089414984
2026,1331774454493122560,NCAA WILD,4,1412491821866573824,free_agent,[1],['457579310098673664'],[],{'13425': 1},,complete,1791126802463
2026,1331774454493122560,NCAA WILD,5,1413209204759572480,free_agent,[11],['1228783119826423808'],[],{'13264': 11},,complete,1791297839873
