LeagueID,LeagueName,DraftID,Round,Pick_No,OverallPick,Picked_By,RosterID,PlayerID,FirstName,LastName,Team,Position,Status,YearsExp
455862950553448448,NCAA ACC,455862953845977088,1,1,1,412872416486764544,5,4866,Saquon,Barkley,NYG,RB,Active,1
455862950553448448,NCAA ACC,455862953845977088,1,2,2,487145262624534528,6,4034,Christian,McCaffrey,CAR,RB,Active,2
455862950553448448,NCAA ACC,455862953845977088,1,3,3,343081722184728576,10,4035,Alvin,Kamara,NO,RB,Active,2
455862950553448448,NCAA ACC,455862953845977088,1,4,4,455836851501002752,4,1426,DeAndre,Hopkins,HOU,WR,Active,6
455862950553448448,NCAA ACC,455862953845977088,1,5,5,447244659752693760,12,3164,Ezekiel,Elliott,DAL,RB,Active,3
455862950553448448,NCAA ACC,455862953845977088,1,6,6,455753261765357568,3,2133,Davante,Adams,GB,WR,Active,5
455862950553448448,NCAA ACC,455862953845977088,1,7,7,329474836155879424,2,4018,Joe,Mixon,CIN,RB,Active,2
455862950553448448,NCAA ACC,455862953845977088,1,8,8,456168604006608896,8,2078,Odell,Beckham Jr,CLE,WR,Active,5
455862950553448448,NCAA ACC,455862953845977088,1,9,9,453658285061435392,7,4988,Nick,Chubb,CLE,RB,Active,1
455862950553448448,NCAA ACC,455862953845977088,1,10,10,458070829909929984,11,3199,Michael,Thomas,NO,WR,Active,3
455862950553448448,NCAA ACC,455862953845977088,1,11,11,412321968218451968,9,4040,JuJu,Smith-Schuster,PIT,WR,Active,2
455862950553448448,NCAA ACC,455862953845977088,1,12,12,431254350514356224,1,3321,Tyreek,Hill,KC,WR,Active,3
455862950553448448,NCAA ACC,455862953845977088,2,12,13,431254350514356224,1,2391,David,Johnson,ARI,RB,Active,4
455862950553448448,NCAA ACC,455862953845977088,2,11,14,412321968218451968,9,1408,Le'Veon,Bell,NYJ,RB,Active,6
455862950553448448,NCAA ACC,455862953845977088,2,10,15,458070829909929984,11,2216,Mike,Evans,TB,WR,Active,5
455862950553448448,NCAA ACC,455862953845977088,2,9,16,453658285061435392,7,947,Julio,Jones,ATL,WR,Active,8
455862950553448448,NCAA ACC,455862953845977088,2,8,17,456168604006608896,8,2320,Melvin,Gordon,LAC,RB,Active,4
455862950553448448,NCAA ACC,455862953845977088,2,7,18,329474836155879424,2,2315,Todd,Gurley,LAR,RB,Active,4
455862950553448448,NCAA ACC,455862953845977088,2,6,19,455753261765357568,3,4029,Dalvin,Cook,MIN,RB,Active,2
455862950553448448,NCAA ACC,455862953845977088,2,5,20,447244659752693760,12,1466,Travis,Kelce,KC,TE,Active,6
455862950553448448,NCAA ACC,455862953845977088,2,4,21,455836851501002752,4,4137,James,Conner,PIT,RB,Active,2
455862950553448448,NCAA ACC,455862953845977088,2,3,22,343081722184728576,10,4046,Patrick,Mahomes,KC,QB,Active,2
455862950553448448,NCAA ACC,455862953845977088,2,2,23,487145262624534528,6,1479,Keenan,Allen,LAC,WR,Active,6
455862950553448448,NCAA ACC,455862953845977088,2,1,24,412872416486764544,5,536,Antonio,Brown,OAK,WR,Active,9
455862950553448448,NCAA ACC,455862953845977088,3,1,25,412872416486764544,5,5068,Kerryon,Johnson,DET,RB,Active,1
455862950553448448,NCAA ACC,455862953845977088,3,2,26,412872416486764544,5,1689,Adam,Thielen,MIN,WR,Active,6
455862950553448448,NCAA ACC,455862953845977088,3,3,27,343081722184728576,10,4217,George,Kittle,SF,TE,Active,2
455862950553448448,NCAA ACC,455862953845977088,3,4,28,455836851501002752,4,4199,Aaron,Jones,GB,RB,Active,2
455862950553448448,NCAA ACC,455862953845977088,3,5,29,447244659752693760,12,1339,Zach,Ertz,PHI,TE,Active,6
455862950553448448,NCAA ACC,455862953845977088,3,6,30,455753261765357568,3,2449,Stefon,Diggs,MIN,WR,Active,4
455862950553448448,NCAA ACC,455862953845977088,3,7,31,329474836155879424,2,5850,Josh,Jacobs,OAK,RB,Active,0
455862950553448448,NCAA ACC,455862953845977088,3,8,32,456168604006608896,8,2309,Amari,Cooper,DAL,WR,Active,4
455862950553448448,NCAA ACC,455862953845977088,3,9,33,453658285061435392,7,4152,Marlon,Mack,IND,RB,Active,2
455862950553448448,NCAA ACC,455862953845977088,3,10,34,458070829909929984,11,1110,T.Y.,Hilton,IND,WR,Active,7
455862950553448448,NCAA ACC,455862953845977088,3,11,35,412321968218451968,9,3969,Leonard,Fournette,JAX,RB,Active,2
455862950553448448,NCAA ACC,455862953845977088,3,12,36,431254350514356224,1,2197,Brandin,Cooks,LAR,WR,Active,5
455862950553448448,NCAA ACC,455862953845977088,4,12,37,456168604006608896,8,5892,David,Montgomery,CHI,RB,Active,0
455862950553448448,NCAA ACC,455862953845977088,4,11,38,412321968218451968,9,4131,Kenny,Golladay,DET,WR,Active,2
455862950553448448,NCAA ACC,455862953845977088,4,10,39,458070829909929984,11,2168,Devonta,Freeman,ATL,RB,Active,5
455862950553448448,NCAA ACC,455862953845977088,4,9,40,453658285061435392,7,1111,Andrew,Luck,IND,QB,Active,7
455862950553448448,NCAA ACC,455862953845977088,4,8,41,431254350514356224,1,4983,D.J.,Moore,CAR,WR,Active,1
455862950553448448,NCAA ACC,455862953845977088,4,7,42,329474836155879424,2,4892,Baker,Mayfield,CLE,QB,Active,1
455862950553448448,NCAA ACC,455862953845977088,4,6,43,455753261765357568,3,830,AJ,Green,CIN,WR,Active,8
455862950553448448,NCAA ACC,455862953845977088,4,5,44,447244659752693760,12,1352,Robert,Woods,LAR,WR,Active,6
455862950553448448,NCAA ACC,455862953845977088,4,4,45,455836851501002752,4,4055,OJ,Howard,TB,TE,Active,2
455862950553448448,NCAA ACC,455862953845977088,4,3,46,343081722184728576,10,4962,Sony,Michel,NE,RB,Active,1
455862950553448448,NCAA ACC,455862953845977088,4,2,47,412872416486764544,5,4017,Deshaun,Watson,HOU,QB,Active,2
455862950553448448,NCAA ACC,455862953845977088,4,1,48,412872416486764544,5,4068,Mike,Williams,LAC,WR,Active,2
455862950553448448,NCAA ACC,455862953845977088,5,1,49,487145262624534528,6,1833,Damien,Williams,KC,RB,Active,5
455862950553448448,NCAA ACC,455862953845977088,5,2,50,487145262624534528,6,5170,Phillip,Lindsay,DEN,RB,Active,1
455862950553448448,NCAA ACC,455862953845977088,5,3,51,343081722184728576,10,4037,Chris,Godwin,TB,WR,Active,2
455862950553448448,NCAA ACC,455862953845977088,5,4,52,455836851501002752,4,3198,Derrick,Henry,TEN,RB,Active,3
455862950553448448,NCAA ACC,455862953845977088,5,5,53,447244659752693760,12,3225,Tyler,Boyd,CIN,WR,Active,3
455862950553448448,NCAA ACC,455862953845977088,5,6,54,455753261765357568,3,4039,Cooper,Kupp,LAR,WR,Active,2
455862950553448448,NCAA ACC,455862953845977088,5,7,55,329474836155879424,2,4981,Calvin,Ridley,ATL,WR,Active,1
455862950553448448,NCAA ACC,455862953845977088,5,8,56,455836851501002752,4,2374,Tyler,Lockett,SEA,WR,Active,4
455862950553448448,NCAA ACC,455862953845977088,5,9,57,453658285061435392,7,3242,Kenyan,Drake,MIA,RB,Active,3
455862950553448448,NCAA ACC,455862953845977088,5,10,58,458070829909929984,11,4066,Evan,Engram,NYG,TE,Active,2
455862950553448448,NCAA ACC,455862953845977088,5,11,59,412321968218451968,9,4949,Derrius,Guice,WAS,RB,Active,1
455862950553448448,NCAA ACC,455862953845977088,5,12,60,431254350514356224,1,1992,Allen,Robinson,CHI,WR,Active,5
455862950553448448,NCAA ACC,455862953845977088,6,12,61,487145262624534528,6,5878,N'Keal,Harry,NE,WR,Active,0
455862950553448448,NCAA ACC,455862953845977088,6,11,62,412321968218451968,9,4950,Christian,Kirk,ARI,WR,Active,1
455862950553448448,NCAA ACC,455862953845977088,6,10,63,458070829909929984,11,4985,Rashaad,Penny,SEA,RB,Active,1
455862950553448448,NCAA ACC,455862953845977088,6,9,64,453658285061435392,7,3214,Hunter,Henry,LAC,TE,Active,3
455862950553448448,NCAA ACC,455862953845977088,6,8,65,456168604006608896,8,6151,Miles,Sanders,PHI,RB,Active,0
455862950553448448,NCAA ACC,455862953845977088,6,7,66,329474836155879424,2,1825,Jarvis,Landry,CLE,WR,Active,5
455862950553448448,NCAA ACC,455862953845977088,6,6,67,455753261765357568,3,1848,James,White,NE,RB,Active,5
455862950553448448,NCAA ACC,455862953845977088,6,5,68,447244659752693760,12,4992,Dante,Pettis,SF,WR,Active,1
455862950553448448,NCAA ACC,455862953845977088,6,4,69,456168604006608896,8,5844,T.J.,Hockenson,DET,TE,Active,0
455862950553448448,NCAA ACC,455862953845977088,6,3,70,343081722184728576,10,4273,Chris,Carson,SEA,RB,Active,2
455862950553448448,NCAA ACC,455862953845977088,6,2,71,487145262624534528,6,3157,Will,Fuller,HOU,WR,Active,3
455862950553448448,NCAA ACC,455862953845977088,6,1,72,412872416486764544,5,1817,Sammy,Watkins,KC,WR,Active,5
455862950553448448,NCAA ACC,455862953845977088,7,1,73,412872416486764544,5,96,Aaron,Rodgers,GB,QB,Active,14
455862950553448448,NCAA ACC,455862953845977088,7,2,74,487145262624534528,6,3976,Mitch,Trubisky,CHI,QB,Active,2
455862950553448448,NCAA ACC,455862953845977088,7,3,75,343081722184728576,10,4098,Kareem,Hunt,CLE,RB,Suspended,2
455862950553448448,NCAA ACC,455862953845977088,7,4,76,431254350514356224,1,956,Mark,Ingram,BAL,RB,Active,8
455862950553448448,NCAA ACC,455862953845977088,7,5,77,447244659752693760,12,5849,Kyler,Murray,ARI,QB,Active,0
455862950553448448,NCAA ACC,455862953845977088,7,6,78,455753261765357568,3,344,Julian,Edelman,NE,WR,Active,10
455862950553448448,NCAA ACC,455862953845977088,7,7,79,329474836155879424,2,4157,Tarik,Cohen,CHI,RB,Active,2
455862950553448448,NCAA ACC,455862953845977088,7,8,80,456168604006608896,8,3161,Carson,Wentz,PHI,QB,Active,3
455862950553448448,NCAA ACC,455862953845977088,7,9,81,453658285061435392,7,1149,Alshon,Jeffery,PHI,WR,Active,7
455862950553448448,NCAA ACC,455862953845977088,7,10,82,458070829909929984,11,5846,D.K.,Metcalf,SEA,WR,Active,0
455862950553448448,NCAA ACC,455862953845977088,7,11,83,412321968218451968,9,4036,Corey,Davis,TEN,WR,Active,2
455862950553448448,NCAA ACC,455862953845977088,7,12,84,431254350514356224,1,2378,Tevin,Coleman,SF,RB,Active,4
455862950553448448,NCAA ACC,455862953845977088,8,12,85,431254350514356224,1,3423,Robby,Anderson,NYJ,WR,Active,3
455862950553448448,NCAA ACC,455862953845977088,8,11,86,412321968218451968,9,4881,Lamar,Jackson,BAL,QB,Active,1
455862950553448448,NCAA ACC,455862953845977088,8,10,87,458070829909929984,11,3163,Jared,Goff,LAR,QB,Active,3
455862950553448448,NCAA ACC,455862953845977088,8,9,88,453658285061435392,7,5916,Darrell,Henderson,LAR,RB,Active,0
455862950553448448,NCAA ACC,455862953845977088,8,8,89,456168604006608896,8,3200,Sterling,Shepard,NYG,WR,Active,3
455862950553448448,NCAA ACC,455862953845977088,8,7,90,329474836155879424,2,4663,Austin,Ekeler,LAC,RB,Active,2
455862950553448448,NCAA ACC,455862953845977088,8,6,91,455753261765357568,3,1234,Russell,Wilson,SEA,QB,Active,7
455862950553448448,NCAA ACC,455862953845977088,8,5,92,447244659752693760,12,1048,Lamar,Miller,HOU,RB,Active,7
455862950553448448,NCAA ACC,455862953845977088,8,4,93,455836851501002752,4,5045,Courtland,Sutton,DEN,WR,Active,1
455862950553448448,NCAA ACC,455862953845977088,8,3,94,343081722184728576,10,5857,Noah,Fant,DEN,TE,Active,0
455862950553448448,NCAA ACC,455862953845977088,8,2,95,431254350514356224,1,2118,Eric,Ebron,IND,TE,Active,5
455862950553448448,NCAA ACC,455862953845977088,8,1,96,487145262624534528,6,4033,David,Njoku,CLE,TE,Active,2
455862950553448448,NCAA ACC,455862953845977088,9,1,97,412872416486764544,5,5880,Parris,Campbell,IND,WR,Active,0
455862950553448448,NCAA ACC,455862953845977088,9,2,98,487145262624534528,6,1706,Jack,Doyle,IND,TE,Active,6
455862950553448448,NCAA ACC,455862953845977088,9,3,99,343081722184728576,10,4146,Dede,Westbrook,JAX,WR,Active,2
455862950553448448,NCAA ACC,455862953845977088,9,4,100,455836851501002752,4,3294,Dak,Prescott,DAL,QB,Active,3
455862950553448448,NCAA ACC,455862953845977088,9,5,101,447244659752693760,12,4082,Curtis,Samuel,CAR,WR,Active,2
455862950553448448,NCAA ACC,455862953845977088,9,6,102,455753261765357568,3,3202,Austin,Hooper,ATL,TE,Active,3
455862950553448448,NCAA ACC,455862953845977088,9,7,103,329474836155879424,2,5859,A.J.,Brown,TEN,WR,Active,0
455862950553448448,NCAA ACC,455862953845977088,9,8,104,447244659752693760,12,1067,Marvin,Jones,DET,WR,Active,7
455862950553448448,NCAA ACC,455862953845977088,9,9,105,453658285061435392,7,5052,Ronald,Jones II,TB,RB,Active,1
455862950553448448,NCAA ACC,455862953845977088,9,10,106,458070829909929984,11,5007,Keke,Coutee,HOU,WR,Active,1
455862950553448448,NCAA ACC,455862953845977088,9,11,107,412321968218451968,9,5038,Michael,Gallup,DAL,WR,Active,1
455862950553448448,NCAA ACC,455862953845977088,9,12,108,431254350514356224,1,24,Matt,Ryan,ATL,QB,Active,11
455862950553448448,NCAA ACC,455862953845977088,10,12,109,431254350514356224,1,5915,Andy,Isabella,ARI,WR,Active,0
455862950553448448,NCAA ACC,455862953845977088,10,11,110,412321968218451968,9,5046,Royce,Freeman,DEN,RB,Active,1
455862950553448448,NCAA ACC,455862953845977088,10,10,111,458070829909929984,11,2161,Jerick,McKinnon,SF,RB,Active,5
455862950553448448,NCAA ACC,455862953845977088,10,9,112,453658285061435392,7,5863,JJ,Arcega-Whiteside,PHI,WR,Active,0
455862950553448448,NCAA ACC,455862953845977088,10,8,113,456168604006608896,8,5890,Damien,Harris,NE,RB,Active,0
455862950553448448,NCAA ACC,455862953845977088,10,7,114,329474836155879424,2,5347,Nyheim,Hines,IND,RB,Active,1
455862950553448448,NCAA ACC,455862953845977088,10,6,115,455753261765357568,3,5848,Marquise,Brown,BAL,WR,Non Football Injury,0
455862950553448448,NCAA ACC,455862953845977088,10,5,116,447244659752693760,12,5917,Mecole,Hardman,KC,WR,Active,0
455862950553448448,NCAA ACC,455862953845977088,10,4,117,456168604006608896,8,1587,Vance,McDonald,PIT,TE,Active,6
455862950553448448,NCAA ACC,455862953845977088,10,3,118,343081722184728576,10,5872,Deebo,Samuel,SF,WR,Active,0
455862950553448448,NCAA ACC,455862953845977088,10,2,119,487145262624534528,6,3306,Jordan,Howard,PHI,RB,Active,3
455862950553448448,NCAA ACC,455862953845977088,10,1,120,412872416486764544,5,5995,Justice,Hill,BAL,RB,Active,0
455862950553448448,NCAA ACC,455862953845977088,11,1,121,412872416486764544,5,5086,Marquez,Valdes-Scantling,GB,WR,Active,1
455862950553448448,NCAA ACC,455862953845977088,11,2,122,487145262624534528,6,5013,Anthony,Miller,CHI,WR,Active,1
455862950553448448,NCAA ACC,455862953845977088,11,3,123,343081722184728576,10,4111,D'Onta,Foreman,HOU,RB,Active,2
455862950553448448,NCAA ACC,455862953845977088,11,4,124,455836851501002752,4,6130,Devin,Singletary,BUF,RB,Active,0
455862950553448448,NCAA ACC,455862953845977088,11,5,125,455836851501002752,4,5107,Jaylen,Samuels,PIT,RB,Active,1
455862950553448448,NCAA ACC,455862953845977088,11,6,126,455753261765357568,3,1476,Latavius,Murray,NO,RB,Active,6
455862950553448448,NCAA ACC,455862953845977088,11,7,127,329474836155879424,2,954,Cam,Newton,CAR,QB,Active,8
455862950553448448,NCAA ACC,455862953845977088,11,8,128,456168604006608896,8,3503,Geronimo,Allison,GB,WR,Active,3
455862950553448448,NCAA ACC,455862953845977088,11,9,129,453658285061435392,7,642,Golden,Tate,NYG,WR,Active,9
455862950553448448,NCAA ACC,455862953845977088,11,10,130,458070829909929984,11,5004,Ito,Smith,ATL,RB,Active,1
455862950553448448,NCAA ACC,455862953845977088,11,11,131,412321968218451968,9,367,Jared,Cook,NO,TE,Active,10
455862950553448448,NCAA ACC,455862953845977088,11,12,132,431254350514356224,1,5131,Justin,Jackson,LAC,RB,Active,1
455862950553448448,NCAA ACC,455862953845977088,12,12,133,431254350514356224,1,5886,Hakeem,Butler,ARI,WR,Active,0
455862950553448448,NCAA ACC,455862953845977088,12,11,134,412321968218451968,9,2382,Duke,Johnson,CLE,RB,Active,4
455862950553448448,NCAA ACC,455862953845977088,12,10,135,458070829909929984,11,1793,Trey,Burton,CHI,TE,Active,5
455862950553448448,NCAA ACC,455862953845977088,12,9,136,453658285061435392,7,5987,Alexander,Mattison,MIN,RB,Active,0
455862950553448448,NCAA ACC,455862953845977088,12,8,137,456168604006608896,8,1837,Jimmy,Garoppolo,SF,QB,Active,5
455862950553448448,NCAA ACC,455862953845977088,12,7,138,329474836155879424,2,5024,James,Washington,PIT,WR,Active,1
455862950553448448,NCAA ACC,455862953845977088,12,6,139,455753261765357568,3,788,Dion,Lewis,TEN,RB,Active,8
455862950553448448,NCAA ACC,455862953845977088,12,5,140,455836851501002752,4,2346,Devin,Funchess,IND,WR,Active,4
455862950553448448,NCAA ACC,455862953845977088,12,4,141,455836851501002752,4,5012,Mark,Andrews,BAL,TE,Active,1
455862950553448448,NCAA ACC,455862953845977088,12,3,142,343081722184728576,10,4984,Josh,Allen,BUF,QB,Active,1
455862950553448448,NCAA ACC,455862953845977088,12,2,143,455836851501002752,4,5009,Chris,Herndon IV,NYJ,TE,Suspended,1
455862950553448448,NCAA ACC,455862953845977088,12,1,144,412872416486764544,5,5022,Dallas,Goedert,PHI,TE,Active,1
455862950553448448,NCAA ACC,455862953845977088,13,1,145,487145262624534528,6,4993,Mike,Gesicki,MIA,TE,Active,1
455862950553448448,NCAA ACC,455862953845977088,13,2,146,431254350514356224,1,CHI,Chicago,Bears,CHI,DEF,,
455862950553448448,NCAA ACC,455862953845977088,13,3,147,343081722184728576,10,6126,Irv,Smith Jr.,MIN,TE,Active,0
455862950553448448,NCAA ACC,455862953845977088,13,4,148,455836851501002752,4,4998,Daesean,Hamilton,DEN,WR,Active,1
455862950553448448,NCAA ACC,455862953845977088,13,5,149,447244659752693760,12,2306,Jameis,Winston,TB,QB,Active,4
455862950553448448,NCAA ACC,455862953845977088,13,6,150,455753261765357568,3,2238,John,Brown,BUF,WR,Active,5
455862950553448448,NCAA ACC,455862953845977088,13,7,151,329474836155879424,2,LAR,Los Angeles,Rams,LAR,DEF,,
455862950553448448,NCAA ACC,455862953845977088,13,8,152,456168604006608896,8,5250,Robert,Foster,BUF,WR,Active,1
455862950553448448,NCAA ACC,455862953845977088,13,9,153,453658285061435392,7,1166,Kirk,Cousins,MIN,QB,Active,7
455862950553448448,NCAA ACC,455862953845977088,13,10,154,458070829909929984,11,5026,Tre'Quan,Smith,NO,WR,Active,1
455862950553448448,NCAA ACC,455862953845977088,13,11,155,412321968218451968,9,4994,Kalen,Ballage,MIA,RB,Active,1
455862950553448448,NCAA ACC,455862953845977088,13,12,156,431254350514356224,1,JAX,Jacksonville,Jaguars,JAX,DEF,,
455862950553448448,NCAA ACC,455862953845977088,14,12,157,431254350514356224,1,BAL,Baltimore,Ravens,BAL,DEF,,
455862950553448448,NCAA ACC,455862953845977088,14,11,158,412321968218451968,9,2319,Devante,Parker,MIA,WR,Active,4
455862950553448448,NCAA ACC,455862953845977088,14,10,159,458070829909929984,11,4455,Matt,Breida,SF,RB,Active,2
455862950553448448,NCAA ACC,455862953845977088,14,9,160,453658285061435392,7,6139,Jace,Sternberger,GB,TE,Active,0
455862950553448448,NCAA ACC,455862953845977088,14,8,161,456168604006608896,8,6156,Benny,Snell Jr.,PIT,RB,Active,0
455862950553448448,NCAA ACC,455862953845977088,14,7,162,329474836155879424,2,2257,Carlos,Hyde,KC,RB,Active,5
455862950553448448,NCAA ACC,455862953845977088,14,6,163,455753261765357568,3,2583,Tyrell,Williams,OAK,WR,Active,4
455862950553448448,NCAA ACC,455862953845977088,14,5,164,447244659752693760,12,5000,Chase,Edmonds,ARI,RB,Active,1
455862950553448448,NCAA ACC,455862953845977088,14,4,165,447244659752693760,12,1451,CJ,Anderson,DET,RB,Active,6
455862950553448448,NCAA ACC,455862953845977088,14,3,166,343081722184728576,10,1555,Kenny,Stills,MIA,WR,Active,6
455862950553448448,NCAA ACC,455862953845977088,14,2,167,412872416486764544,5,289,Drew,Brees,NO,QB,Active,18
455862950553448448,NCAA ACC,455862953845977088,14,1,168,412872416486764544,5,223,Larry,Fitzgerald,ARI,WR,Active,15
455862950553448448,NCAA ACC,455862953845977088,15,1,169,412872416486764544,5,CLE,Cleveland,Browns,CLE,DEF,,
455862950553448448,NCAA ACC,455862953845977088,15,2,170,487145262624534528,6,4149,Jamaal,Williams,GB,RB,Active,2
455862950553448448,NCAA ACC,455862953845977088,15,3,171,343081722184728576,10,5310,Antonio,Callaway,CLE,WR,Active,1
455862950553448448,NCAA ACC,455862953845977088,15,4,172,447244659752693760,12,HOU,Houston,Texans,HOU,DEF,,
455862950553448448,NCAA ACC,455862953845977088,15,5,173,455836851501002752,4,LAC,Los Angeles,Chargers,LAC,DEF,,
455862950553448448,NCAA ACC,455862953845977088,15,6,174,455836851501002752,4,3594,Peyton,Barber,TB,RB,Active,3
455862950553448448,NCAA ACC,455862953845977088,15,7,175,329474836155879424,2,538,Emmanuel,Sanders,DEN,WR,Active,9
455862950553448448,NCAA ACC,455862953845977088,15,8,176,456168604006608896,8,DAL,Dallas,Cowboys,DAL,DEF,,
455862950553448448,NCAA ACC,455862953845977088,15,9,177,453658285061435392,7,1971,Donte,Moncrief,PIT,WR,Active,5
455862950553448448,NCAA ACC,455862953845977088,15,10,178,458070829909929984,11,4943,Sam,Darnold,NYJ,QB,Active,1
455862950553448448,NCAA ACC,455862953845977088,15,11,179,412321968218451968,9,6178,Darwin,Thompson,KC,RB,Active,0
455862950553448448,NCAA ACC,455862953845977088,15,12,180,431254350514356224,1,DEN,Denver,Broncos,DEN,DEF,,
455862950553448448,NCAA ACC,455862953845977088,16,12,181,431254350514356224,1,6007,Ryquell,Armstead,JAX,RB,Active,0
455862950553448448,NCAA ACC,455862953845977088,16,11,182,412321968218451968,9,NO,New Orleans,Saints,NO,DEF,,
455862950553448448,NCAA ACC,455862953845977088,16,10,183,458070829909929984,11,PHI,Philadelphia,Eagles,PHI,DEF,,
455862950553448448,NCAA ACC,455862953845977088,16,9,184,453658285061435392,7,PIT,Pittsburgh,Steelers,PIT,DEF,,
455862950553448448,NCAA ACC,455862953845977088,16,8,185,456168604006608896,8,NE,New England,Patriots,NE,DEF,,
455862950553448448,NCAA ACC,455862953845977088,16,7,186,329474836155879424,2,421,Matthew,Stafford,DET,QB,Active,10
455862950553448448,NCAA ACC,455862953845977088,16,6,187,455753261765357568,3,1346,Marquise,Goodwin,SF,WR,Active,6
455862950553448448,NCAA ACC,455862953845977088,16,5,188,447244659752693760,12,5248,Gus,Edwards,BAL,RB,Active,1
455862950553448448,NCAA ACC,455862953845977088,16,4,189,455753261765357568,3,MIN,Minnesota,Vikings,MIN,DEF,,
455862950553448448,NCAA ACC,455862953845977088,16,3,190,343081722184728576,10,2341,TJ,Yeldon,BUF,RB,Active,4
455862950553448448,NCAA ACC,455862953845977088,16,2,191,487145262624534528,6,5845,Dwayne,Haskins,WAS,QB,Active,0
455862950553448448,NCAA ACC,455862953845977088,16,1,192,412872416486764544,5,147,DeSean,Jackson,PHI,WR,Active,11
455862950553448448,NCAA ACC,455862953845977088,17,1,193,412872416486764544,5,2028,Derek,Carr,OAK,QB,Active,5
455862950553448448,NCAA ACC,455862953845977088,17,2,194,487145262624534528,6,2325,Nelson,Agholor,PHI,WR,Active,4
455862950553448448,NCAA ACC,455862953845977088,17,3,195,343081722184728576,10,BUF,Buffalo,Bills,BUF,DEF,,
455862950553448448,NCAA ACC,455862953845977088,17,4,196,455836851501002752,4,KC,Kansas City,Chiefs,KC,DEF,,
455862950553448448,NCAA ACC,455862953845977088,17,5,197,447244659752693760,12,4274,David,Moore,SEA,WR,Active,2
455862950553448448,NCAA ACC,455862953845977088,17,6,198,455753261765357568,3,SEA,Seattle,Seahawks,SEA,DEF,,
455862950553448448,NCAA ACC,455862953845977088,17,7,199,329474836155879424,2,GB,Green Bay,Packers,GB,DEF,,
455862950553448448,NCAA ACC,455862953845977088,17,8,200,456168604006608896,8,676,LeSean,McCoy,BUF,RB,Active,10
455862950553448448,NCAA ACC,455862953845977088,17,9,201,453658285061435392,7,ARI,Arizona,Cardinals,ARI,DEF,,
455862950553448448,NCAA ACC,455862953845977088,17,10,202,458070829909929984,11,3451,Ka'imi,Fairbairn,HOU,K,Active,3
455862950553448448,NCAA ACC,455862953845977088,17,11,203,412321968218451968,9,5965,Miles,Boykin,BAL,WR,Active,0
455862950553448448,NCAA ACC,455862953845977088,17,12,204,431254350514356224,1,138,Ben,Roethlisberger,PIT,QB,Active,15
455862950553448448,NCAA ACC,455862953845977088,18,12,205,431254350514356224,1,5139,Trey,Quinn,WAS,WR,Active,1
455862950553448448,NCAA ACC,455862953845977088,18,11,206,412321968218451968,9,NYJ,New York,Jets,NYJ,DEF,,
455862950553448448,NCAA ACC,455862953845977088,18,10,207,458070829909929984,11,1502,Chris,Thompson,WAS,RB,Active,6
455862950553448448,NCAA ACC,455862953845977088,18,9,208,453658285061435392,7,5927,Terry,McLaurin,WAS,WR,Active,0
455862950553448448,NCAA ACC,455862953845977088,18,8,209,456168604006608896,8,1244,Josh,Gordon,,WR,Inactive,7
455862950553448448,NCAA ACC,455862953845977088,18,7,210,329474836155879424,2,1854,Quincy,Enunwa,NYJ,WR,Active,5
455862950553448448,NCAA ACC,455862953845977088,18,6,211,455753261765357568,3,2307,Marcus,Mariota,TEN,QB,Active,4
455862950553448448,NCAA ACC,455862953845977088,18,5,212,447244659752693760,12,WAS,Washington,Redskins,WAS,DEF,,
455862950553448448,NCAA ACC,455862953845977088,18,4,213,455836851501002752,4,TEN,Tennessee,Titans,TEN,DEF,,
455862950553448448,NCAA ACC,455862953845977088,18,3,214,343081722184728576,10,6144,Trayveon,Williams,CIN,RB,Active,0
455862950553448448,NCAA ACC,455862953845977088,18,2,215,487145262624534528,6,IND,Indianapolis,Colts,IND,DEF,,
455862950553448448,NCAA ACC,455862953845977088,18,1,216,412872416486764544,5,184,Adrian,Peterson,WAS,RB,Active,12
455862950553448448,NCAA ACC,455862953845977088,19,1,217,412872416486764544,5,5937,Diontae,Johnson,PIT,WR,Active,0
455862950553448448,NCAA ACC,455862953845977088,19,2,218,487145262624534528,6,5101,Deon,Cain,IND,WR,Active,1
455862950553448448,NCAA ACC,455862953845977088,19,3,219,343081722184728576,10,2410,Jamison,Crowder,NYJ,WR,Active,4
455862950553448448,NCAA ACC,455862953845977088,19,4,220,456168604006608896,8,5967,Tony,Pollard,DAL,RB,Active,0
455862950553448448,NCAA ACC,455862953845977088,19,5,221,447244659752693760,12,2025,Albert,Wilson,MIA,WR,Active,5
455862950553448448,NCAA ACC,455862953845977088,19,6,222,455753261765357568,3,2822,Adam,Humphries,TEN,WR,Active,4
455862950553448448,NCAA ACC,455862953845977088,19,7,223,329474836155879424,2,4038,John,Ross,CIN,WR,Active,2
455862950553448448,NCAA ACC,455862953845977088,19,8,224,455836851501002752,4,5911,Jalen,Hurd,SF,WR,Active,0
455862950553448448,NCAA ACC,455862953845977088,19,9,225,453658285061435392,7,6153,Dexter,Williams,GB,RB,Active,0
455862950553448448,NCAA ACC,455862953845977088,19,10,226,458070829909929984,11,1386,Giovani,Bernard,CIN,RB,Active,6
455862950553448448,NCAA ACC,455862953845977088,19,11,227,412321968218451968,9,331,Philip,Rivers,LAC,QB,Active,15
455862950553448448,NCAA ACC,455862953845977088,19,12,228,431254350514356224,1,1264,Justin,Tucker,BAL,K,Active,7
455862950553448448,NCAA ACC,455862953845977088,20,12,229,431254350514356224,1,4227,Harrison,Butker,KC,K,Active,2
455862950553448448,NCAA ACC,455862953845977088,20,11,230,412321968218451968,9,5889,Bryce,Love,WAS,RB,Non Football Injury,0
455862950553448448,NCAA ACC,455862953845977088,20,10,231,458070829909929984,11,4951,D.J.,Chark,JAX,WR,Active,1
455862950553448448,NCAA ACC,455862953845977088,20,9,232,453658285061435392,7,4218,Trent,Taylor,SF,WR,Active,2
455862950553448448,NCAA ACC,455862953845977088,20,8,233,456168604006608896,8,5870,Daniel,Jones,NYG,QB,Active,0
455862950553448448,NCAA ACC,455862953845977088,20,7,234,329474836155879424,2,943,Kyle,Rudolph,MIN,TE,Active,8
455862950553448448,NCAA ACC,455862953845977088,20,6,235,455753261765357568,3,1500,Jordan,Reed,WAS,TE,Active,6
455862950553448448,NCAA ACC,455862953845977088,20,5,236,447244659752693760,12,1266,Greg,Zuerlein,LAR,K,Active,7
455862950553448448,NCAA ACC,455862953845977088,20,4,237,455753261765357568,3,5884,Kelvin,Harmon,WAS,WR,Active,0
455862950553448448,NCAA ACC,455862953845977088,20,3,238,343081722184728576,10,CAR,Carolina,Panthers,CAR,DEF,,
455862950553448448,NCAA ACC,455862953845977088,20,2,239,487145262624534528,6,616,Jimmy,Graham,GB,TE,Active,9
455862950553448448,NCAA ACC,455862953845977088,20,1,240,412872416486764544,5,58,Greg,Olsen,CAR,TE,Active,12
455862950553448448,NCAA ACC,455862953845977088,21,1,241,412872416486764544,5,110,Stephen,Gostkowski,NE,K,Active,13
455862950553448448,NCAA ACC,455862953845977088,21,2,242,487145262624534528,6,503,Graham,Gano,CAR,K,Active,10
455862950553448448,NCAA ACC,455862953845977088,21,3,243,343081722184728576,10,3208,Kenneth,Dixon,BAL,RB,Active,3
455862950553448448,NCAA ACC,455862953845977088,21,4,244,455836851501002752,4,4080,Zay,Jones,BUF,WR,Active,2
455862950553448448,NCAA ACC,455862953845977088,21,5,245,447244659752693760,12,1388,Tyler,Eifert,CIN,TE,Active,6
455862950553448448,NCAA ACC,455862953845977088,21,6,246,455753261765357568,3,3868,Jalen,Richard,OAK,RB,Active,3
455862950553448448,NCAA ACC,455862953845977088,21,7,247,329474836155879424,2,2431,Mike,Davis,CHI,RB,Active,4
455862950553448448,NCAA ACC,455862953845977088,21,8,248,456168604006608896,8,2821,Jake,Kumerow,GB,WR,Active,4
455862950553448448,NCAA ACC,455862953845977088,21,9,249,453658285061435392,7,6149,Darius,Slayton,NYG,WR,Active,0
455862950553448448,NCAA ACC,455862953845977088,21,10,250,458070829909929984,11,4995,Ian,Thomas,CAR,TE,Active,1
455862950553448448,NCAA ACC,455862953845977088,21,11,251,412321968218451968,9,5973,Josh,Oliver,JAX,TE,Active,0
455862950553448448,NCAA ACC,455862953845977088,21,12,252,431254350514356224,1,284,Delanie,Walker,TEN,TE,Active,13
455862950553448448,NCAA ACC,455862953845977088,22,12,253,431254350514356224,1,6031,Alex,Barnes,TEN,RB,Active,0
455862950553448448,NCAA ACC,455862953845977088,22,11,254,412321968218451968,9,23,Jason,Witten,DAL,TE,Active,16
455862950553448448,NCAA ACC,455862953845977088,22,10,255,458070829909929984,11,4171,Josh,Reynolds,LAR,WR,Active,2
455862950553448448,NCAA ACC,455862953845977088,22,9,256,453658285061435392,7,2944,Matt,LaCosse,NE,TE,Active,4
455862950553448448,NCAA ACC,455862953845977088,22,8,257,456168604006608896,8,6002,Qadree,Ollison,ATL,RB,Active,0
455862950553448448,NCAA ACC,455862953845977088,22,7,258,329474836155879424,2,167,Tom,Brady,NE,QB,Active,19
455862950553448448,NCAA ACC,455862953845977088,22,6,259,455836851501002752,4,5873,Riley,Ridley,CHI,WR,Active,0
455862950553448448,NCAA ACC,455862953845977088,22,5,260,447244659752693760,12,1071,Mohamed,Sanu,ATL,WR,Active,7
455862950553448448,NCAA ACC,455862953845977088,22,4,261,455836851501002752,4,5854,Drew,Lock,DEN,QB,Active,0
455862950553448448,NCAA ACC,455862953845977088,22,3,262,343081722184728576,10,1987,Marqise,Lee,JAX,WR,Physically Unable to Perform,5
455862950553448448,NCAA ACC,455862953845977088,22,2,263,487145262624534528,6,5955,Hunter,Renfrow,OAK,WR,Active,0
455862950553448448,NCAA ACC,455862953845977088,22,1,264,412872416486764544,5,928,Randall,Cobb,DAL,WR,Active,8
455862950553448448,NCAA ACC,455862953845977088,23,1,265,412872416486764544,5,5918,Rodney,Anderson,CIN,RB,Non Football Injury,0
455862950553448448,NCAA ACC,455862953845977088,23,2,266,487145262624534528,6,MIA,Miami,Dolphins,MIA,DEF,,
455862950553448448,NCAA ACC,455862953845977088,23,3,267,343081722184728576,10,829,Andy,Dalton,CIN,QB,Active,8
455862950553448448,NCAA ACC,455862953845977088,23,4,268,455836851501002752,4,4973,Hayden,Hurst,BAL,TE,Active,1
455862950553448448,NCAA ACC,455862953845977088,23,5,269,447244659752693760,12,1029,Nick,Foles,JAX,QB,Active,7
455862950553448448,NCAA ACC,455862953845977088,23,6,270,455753261765357568,3,3178,Josh,Doctson,WAS,WR,Active,3
455862950553448448,NCAA ACC,455862953845977088,23,7,271,329474836155879424,2,4089,Gerald,Everett,LAR,TE,Active,2
455862950553448448,NCAA ACC,455862953845977088,23,8,272,455836851501002752,4,DET,Detroit,Lions,DET,DEF,,
455862950553448448,NCAA ACC,455862953845977088,23,9,273,453658285061435392,7,2399,Ty,Montgomery,NYJ,RB,Active,4
455862950553448448,NCAA ACC,455862953845977088,23,10,274,458070829909929984,11,ATL,Atlanta,Falcons,ATL,DEF,,
455862950553448448,NCAA ACC,455862953845977088,23,11,275,412321968218451968,9,2331,Breshad,Perriman,TB,WR,Active,4
455862950553448448,NCAA ACC,455862953845977088,23,12,276,431254350514356224,1,5903,Will,Grier,CAR,QB,Active,0
455862950553448448,NCAA ACC,455862953845977088,24,12,277,431254350514356224,1,SF,San Francisco,49ers,SF,DEF,,
455862950553448448,NCAA ACC,455862953845977088,24,11,278,412321968218451968,9,4863,Josh,Rosen,MIA,QB,Active,1
455862950553448448,NCAA ACC,455862953845977088,24,10,279,458070829909929984,11,1750,Giorgio,Tavecchio,ATL,K,Active,7
455862950553448448,NCAA ACC,455862953845977088,24,9,280,453658285061435392,7,NYG,New York,Giants,NYG,DEF,,
455862950553448448,NCAA ACC,455862953845977088,24,8,281,456168604006608896,8,4085,Adam,Shaheen,CHI,TE,Active,2
455862950553448448,NCAA ACC,455862953845977088,24,7,282,329474836155879424,2,5323,Equanimeous,St. Brown,GB,WR,Active,1
455862950553448448,NCAA ACC,455862953845977088,24,6,283,455753261765357568,3,OAK,Oakland,Raiders,OAK,DEF,,
455862950553448448,NCAA ACC,455862953845977088,24,5,284,447244659752693760,12,3678,Wil,Lutz,NO,K,Active,3
455862950553448448,NCAA ACC,455862953845977088,24,4,285,455836851501002752,4,4144,Jonnu,Smith,TEN,TE,Physically Unable to Perform,2
455862950553448448,NCAA ACC,455862953845977088,24,3,286,343081722184728576,10,2279,Paul,Richardson,WAS,WR,Active,5
455862950553448448,NCAA ACC,455862953845977088,24,2,287,487145262624534528,6,4531,Ricky,Seals-Jones,ARI,TE,Active,2
455862950553448448,NCAA ACC,455862953845977088,24,1,288,412872416486764544,5,1903,Taylor,Gabriel,CHI,WR,Active,5
455862950553448448,NCAA ACC,455862953845977088,25,1,289,412872416486764544,5,1195,Doug,Martin,OAK,RB,Active,7
455862950553448448,NCAA ACC,455862953845977088,25,2,290,487145262624534528,6,5924,Emanuel,Hall,CHI,WR,Active,0
455862950553448448,NCAA ACC,455862953845977088,25,3,291,343081722184728576,10,4195,Jake,Elliott,PHI,K,Active,2
455862950553448448,NCAA ACC,455862953845977088,25,4,292,455836851501002752,4,2588,Malcolm,Brown,LAR,RB,Active,4
455862950553448448,NCAA ACC,455862953845977088,25,5,293,447244659752693760,12,5549,Darrel,Williams,KC,RB,Active,1
455862950553448448,NCAA ACC,455862953845977088,25,6,294,455753261765357568,3,4263,Elijah,McGuire,NYJ,RB,Active,2
455862950553448448,NCAA ACC,455862953845977088,25,7,295,329474836155879424,2,TB,Tampa Bay,Buccaneers,TB,DEF,,
455862950553448448,NCAA ACC,455862953845977088,25,8,296,456168604006608896,8,2505,Darren,Waller,OAK,TE,Practice Squad,4
455862950553448448,NCAA ACC,455862953845977088,25,9,297,453658285061435392,7,5100,Jordan,Wilkins,IND,RB,Active,1
455862950553448448,NCAA ACC,455862953845977088,25,10,298,458070829909929984,11,5076,John,Kelly,LAR,RB,Active,1
455862950553448448,NCAA ACC,455862953845977088,25,11,299,412321968218451968,9,3286,Demarcus,Robinson,KC,WR,Active,3
455862950553448448,NCAA ACC,455862953845977088,25,12,300,431254350514356224,1,5117,Jordan,Thomas,HOU,TE,Active,1
455862950553448448,NCAA ACC,455862953845977088,26,12,301,431254350514356224,1,6072,Bruce,Anderson,TB,RB,Active,0
455862950553448448,NCAA ACC,455862953845977088,26,11,302,412321968218451968,9,1517,Theo,Riddick,,RB,Inactive,6
455862950553448448,NCAA ACC,455862953845977088,26,10,303,458070829909929984,11,CIN,Cincinnati,Bengals,CIN,DEF,,
455862950553448448,NCAA ACC,455862953845977088,26,9,304,453658285061435392,7,6045,Gary,Jennings Jr.,SEA,WR,Active,0
455862950553448448,NCAA ACC,455862953845977088,26,8,305,456168604006608896,8,3650,Maurice,Harris,NE,WR,Active,3
455862950553448448,NCAA ACC,455862953845977088,26,7,306,329474836155879424,2,695,Ted,Ginn,NO,WR,Active,12
455862950553448448,NCAA ACC,455862953845977088,26,6,307,455753261765357568,3,4125,Taywan,Taylor,TEN,WR,Active,2
455862950553448448,NCAA ACC,455862953845977088,26,5,308,447244659752693760,12,3371,Darius,Jackson,DAL,RB,Practice Squad,3
455862950553448448,NCAA ACC,455862953845977088,26,4,309,455836851501002752,4,2334,Phillip,Dorsett,NE,WR,Active,4
455862950553448448,NCAA ACC,455862953845977088,26,3,310,343081722184728576,10,2560,Zach,Zenner,DET,RB,Active,4
455862950553448448,NCAA ACC,455862953845977088,26,2,311,487145262624534528,6,5980,Myles,Gaskin,MIA,RB,Active,0
455862950553448448,NCAA ACC,455862953845977088,26,1,312,412872416486764544,5,4622,Keelan,Cole,JAX,WR,Active,2
455862950553448448,NCAA ACC,455862953845977088,27,1,313,412872416486764544,5,491,Danny,Amendola,DET,WR,Active,11
455862950553448448,NCAA ACC,455862953845977088,27,2,314,487145262624534528,6,5970,Greg,Dortch,NYJ,WR,Active,0
455862950553448448,NCAA ACC,455862953845977088,27,3,315,343081722184728576,10,2003,Bennie,Fowler,NYG,WR,Active,5
455862950553448448,NCAA ACC,455862953845977088,27,4,316,455836851501002752,4,5230,Michael,Badgley,LAC,K,Practice Squad,1
455862950553448448,NCAA ACC,455862953845977088,27,5,317,447244659752693760,12,3328,Rashard,Higgins,CLE,WR,Active,3
455862950553448448,NCAA ACC,455862953845977088,27,6,318,455753261765357568,3,1911,Willie,Snead,BAL,WR,Active,5
455862950553448448,NCAA ACC,455862953845977088,27,7,319,329474836155879424,2,120,Adam,Vinatieri,IND,K,Active,23
455862950553448448,NCAA ACC,455862953845977088,27,8,320,455836851501002752,4,2381,Chris,Conley,JAX,WR,Active,4
455862950553448448,NCAA ACC,455862953845977088,27,9,321,453658285061435392,7,6395,Trinity,Benson,DEN,WR,Active,0
455862950553448448,NCAA ACC,455862953845977088,27,10,322,458070829909929984,11,988,Doug,Baldwin,,WR,Inactive,8
455862950553448448,NCAA ACC,455862953845977088,27,11,323,412321968218451968,9,5906,Dawson,Knox,BUF,TE,Active,0
455862950553448448,NCAA ACC,455862953845977088,27,12,324,431254350514356224,1,6107,Emmanuel,Butler,NO,WR,Active,0
455862950553448448,NCAA ACC,455862953845977088,28,12,325,431254350514356224,1,6068,Devine,Ozigbo,NO,RB,Active,0
455862950553448448,NCAA ACC,455862953845977088,28,11,326,412321968218451968,9,6136,Jarrett,Stidham,NE,QB,Active,0
455862950553448448,NCAA ACC,455862953845977088,28,10,327,458070829909929984,11,560,Demaryius,Thomas,NE,WR,Physically Unable to Perform,9
455862950553448448,NCAA ACC,455862953845977088,28,9,328,453658285061435392,7,4972,Mason,Rudolph,PIT,QB,Active,1
455862950553448448,NCAA ACC,455862953845977088,28,8,329,456168604006608896,8,1387,Rex,Burkhead,NE,RB,Active,6
455862950553448448,NCAA ACC,455862953845977088,28,7,330,329474836155879424,2,2214,Cameron,Brate,TB,TE,Active,5
455862950553448448,NCAA ACC,455862953845977088,28,6,331,455753261765357568,3,5136,Josh,Adams,PHI,RB,Active,1
455862950553448448,NCAA ACC,455862953845977088,28,5,332,447244659752693760,12,4054,Mo,Alie-Cox,IND,TE,Active,2
455862950553448448,NCAA ACC,455862953845977088,28,4,333,456168604006608896,8,4958,Brett,Maher,DAL,K,Active,6
455862950553448448,NCAA ACC,455862953845977088,28,3,334,343081722184728576,10,5010,Will,Dissly,SEA,TE,Active,1
455862950553448448,NCAA ACC,455862953845977088,28,2,335,487145262624534528,6,1329,Chris,Hogan,CAR,WR,Active,8
455862950553448448,NCAA ACC,455862953845977088,28,1,336,412872416486764544,5,246,Darren,Sproles,PHI,RB,Active,14
455862950553448448,NCAA ACC,455862953845977088,29,1,337,412872416486764544,5,3664,JD,McKissic,SEA,RB,Active,3
455862950553448448,NCAA ACC,455862953845977088,29,2,338,487145262624534528,6,6001,Drew,Sample,CIN,TE,Active,0
455862950553448448,NCAA ACC,455862953845977088,29,3,339,456168604006608896,8,5587,Chris,Warren III,OAK,RB,Active,1
455862950553448448,NCAA ACC,455862953845977088,29,4,340,455836851501002752,4,19,Joe,Flacco,DEN,QB,Active,11
455862950553448448,NCAA ACC,455862953845977088,29,5,341,447244659752693760,12,5962,Keesean,Johnson,ARI,WR,Active,0
455862950553448448,NCAA ACC,455862953845977088,29,6,342,455753261765357568,3,1945,Chris,Boswell,PIT,K,Active,5
455862950553448448,NCAA ACC,455862953845977088,29,7,343,329474836155879424,2,49,Robbie,Gould,SF,K,Active,14
455862950553448448,NCAA ACC,455862953845977088,29,8,344,343081722184728576,10,6039,Ty,Johnson,DET,RB,Active,0
455862950553448448,NCAA ACC,455862953845977088,29,9,345,453658285061435392,7,3827,Aldrick,Rosas,NYG,K,Active,3
455862950553448448,NCAA ACC,455862953845977088,29,10,346,458070829909929984,11,3209,Devontae,Booker,DEN,RB,Active,3
455862950553448448,NCAA ACC,455862953845977088,29,11,347,412321968218451968,9,4351,Tim,Patrick,DEN,WR,Active,2
455862950553448448,NCAA ACC,455862953845977088,29,12,348,431254350514356224,1,6159,Mike,Weber,DAL,RB,Active,0
455862950553448448,NCAA ACC,455862953845977088,30,12,349,431254350514356224,1,6168,John,Ursua,SEA,WR,Active,0
455862950553448448,NCAA ACC,455862953845977088,30,11,350,412321968218451968,9,17,Matt,Prater,DET,K,Active,13
455862950553448448,NCAA ACC,455862953845977088,30,10,351,458070829909929984,11,2477,Cameron,Artis-Payne,CAR,RB,Active,4
455862950553448448,NCAA ACC,455862953845977088,30,9,352,453658285061435392,7,4187,Brian,Hill,ATL,RB,Active,2
455862950553448448,NCAA ACC,455862953845977088,30,8,353,456168604006608896,8,2747,Jason,Myers,SEA,K,Active,4
455862950553448448,NCAA ACC,455862953845977088,30,7,354,329474836155879424,2,6164,Kahale,Warring,HOU,TE,Active,0
455862950553448448,NCAA ACC,455862953845977088,30,6,355,455753261765357568,3,1601,Spencer,Ware,IND,RB,Physically Unable to Perform,6
455862950553448448,NCAA ACC,455862953845977088,30,5,356,447244659752693760,12,1144,Cole,Beasley,BUF,WR,Active,7
455862950553448448,NCAA ACC,455862953845977088,30,4,357,455836851501002752,4,1433,Brandon,McManus,DEN,K,Active,6
455862950553448448,NCAA ACC,455862953845977088,30,3,358,343081722184728576,10,5134,Keith,Kirkwood,NO,WR,Active,1
455862950553448448,NCAA ACC,455862953845977088,30,2,359,487145262624534528,6,59,Mason,Crosby,GB,K,Non Football Injury,12
455862950553448448,NCAA ACC,455862953845977088,30,1,360,412872416486764544,5,5919,Elijah,Holyfield,CAR,RB,Active,0
455862950553448448,NCAA ACC,455862953845977088,31,1,361,412872416486764544,5,232,Frank,Gore,BUF,RB,Active,14
455862950553448448,NCAA ACC,455862953845977088,31,2,362,487145262624534528,6,188,Eli,Manning,NYG,QB,Active,15
455862950553448448,NCAA ACC,455862953845977088,31,3,363,343081722184728576,10,6167,Jordan,Scarlett,CAR,RB,Active,0
455862950553448448,NCAA ACC,455862953845977088,31,4,364,455836851501002752,4,4670,Artavis,Scott,LAC,WR,Active,2
455862950553448448,NCAA ACC,455862953845977088,31,5,365,447244659752693760,12,3355,Cody,Core,CIN,WR,Active,3
455862950553448448,NCAA ACC,455862953845977088,31,6,366,455753261765357568,3,391,Ryan,Succop,TEN,K,Active,10
455862950553448448,NCAA ACC,455862953845977088,31,7,367,329474836155879424,2,6012,Travis,Homer,SEA,RB,Active,0
455862950553448448,NCAA ACC,455862953845977088,31,8,368,343081722184728576,10,1170,Alfred,Morris,DAL,RB,Active,7
455862950553448448,NCAA ACC,455862953845977088,31,9,369,453658285061435392,7,3582,Chester,Rogers,IND,WR,Active,3
455862950553448448,NCAA ACC,455862953845977088,31,10,370,458070829909929984,11,5977,Terry,Godwin,CAR,WR,Active,0
455862950553448448,NCAA ACC,455862953845977088,31,11,371,412321968218451968,9,6069,Stanley,Morgan Jr.,CIN,WR,Active,0
455862950553448448,NCAA ACC,455862953845977088,31,12,372,431254350514356224,1,6290,Scott,Miller,TB,WR,Active,0
455862950553448448,NCAA ACC,455862953845977088,32,12,373,431254350514356224,1,6032,Keelan,Doss,OAK,WR,Active,0
455862950553448448,NCAA ACC,455862953845977088,32,11,374,412321968218451968,9,4571,Blake,Jarwin,DAL,TE,Active,2
455862950553448448,NCAA ACC,455862953845977088,32,10,375,458070829909929984,11,2222,Austin,Seferian-Jenkins,,TE,Inactive,5
455862950553448448,NCAA ACC,455862953845977088,32,9,376,453658285061435392,7,2020,Cairo,Santos,TB,K,Active,5
455862950553448448,NCAA ACC,455862953845977088,32,8,377,456168604006608896,8,333,Ryan,Fitzpatrick,MIA,QB,Active,14
455862950553448448,NCAA ACC,455862953845977088,32,7,378,329474836155879424,2,6011,Gardner,Minshew,JAX,QB,Active,0
455862950553448448,NCAA ACC,455862953845977088,32,6,379,455753261765357568,3,3258,Nick,Vannett,SEA,TE,Active,3
455862950553448448,NCAA ACC,455862953845977088,32,5,380,447244659752693760,12,3257,Jacoby,Brissett,IND,QB,Active,3
455862950553448448,NCAA ACC,455862953845977088,32,4,381,455836851501002752,4,3204,CJ,Prosise,SEA,RB,Active,3
455862950553448448,NCAA ACC,455862953845977088,32,3,382,343081722184728576,10,6246,Jeremy,Cox,LAC,RB,Active,0
455862950553448448,NCAA ACC,455862953845977088,32,2,383,487145262624534528,6,1984,Allen,Hurns,MIA,WR,Active,5
455862950553448448,NCAA ACC,455862953845977088,32,1,384,412872416486764544,5,4651,Corey,Clement,PHI,RB,Active,2
455862950553448448,NCAA ACC,455862953845977088,33,1,385,412872416486764544,5,2699,Cameron,Meredith,NO,WR,Active,4
455862950553448448,NCAA ACC,455862953845977088,33,2,386,487145262624534528,6,3309,Wendell,Smallwood,PHI,RB,Active,3
455862950553448448,NCAA ACC,455862953845977088,33,3,387,343081722184728576,10,2152,Teddy,Bridgewater,NO,QB,Active,5
455862950553448448,NCAA ACC,455862953845977088,33,4,388,455836851501002752,4,2452,Jay,Ajayi,,RB,Inactive,4
455862950553448448,NCAA ACC,455862953845977088,33,5,389,447244659752693760,12,515,Rob,Gronkowski,,TE,Inactive,9
455862950553448448,NCAA ACC,455862953845977088,33,6,390,455753261765357568,3,2412,Justin,Hardy,ATL,WR,Active,4
455862950553448448,NCAA ACC,455862953845977088,33,7,391,329474836155879424,2,6148,Preston,Williams,MIA,WR,Active,0
455862950553448448,NCAA ACC,455862953845977088,33,8,392,456168604006608896,8,1575,Andre,Ellington,TB,RB,Active,6
455862950553448448,NCAA ACC,455862953845977088,33,9,393,453658285061435392,7,1684,Jaron,Brown,SEA,WR,Active,6
455862950553448448,NCAA ACC,455862953845977088,33,10,394,458070829909929984,11,4162,Ryan,Switzer,PIT,WR,Active,2
455862950553448448,NCAA ACC,455862953845977088,33,11,395,412321968218451968,9,775,Steven,Hauschka,BUF,K,Active,11
455862950553448448,NCAA ACC,455862953845977088,33,12,396,431254350514356224,1,5947,Jakobi,Meyers,NE,WR,Active,0
455862950553448448,NCAA ACC,455862953845977088,34,12,397,431254350514356224,1,4464,Nick,Mullens,SF,QB,Active,2
455862950553448448,NCAA ACC,455862953845977088,34,11,398,412321968218451968,9,6185,Easton,Stick,LAC,QB,Active,0
455862950553448448,NCAA ACC,455862953845977088,34,10,399,458070829909929984,11,3342,Jakeem,Grant,MIA,WR,Active,3
455862950553448448,NCAA ACC,455862953845977088,34,9,400,453658285061435392,7,4151,Jake,Butt,DEN,TE,Practice Squad,2
455862950553448448,NCAA ACC,455862953845977088,34,8,401,456168604006608896,8,663,Benjamin,Watson,NE,TE,Suspended,15
455862950553448448,NCAA ACC,455862953845977088,34,7,402,329474836155879424,2,4283,Khalfani,Muhammad,DEN,RB,Practice Squad,2
455862950553448448,NCAA ACC,455862953845977088,34,6,403,455753261765357568,3,1564,Benjamin,Cunningham,JAX,RB,Active,6
455862950553448448,NCAA ACC,455862953845977088,34,5,404,447244659752693760,12,2004,Cody,Latimer,NYG,WR,Active,5
455862950553448448,NCAA ACC,455862953845977088,34,4,405,455836851501002752,4,5570,Chad,Beebe,MIN,WR,Active,1
455862950553448448,NCAA ACC,455862953845977088,34,3,406,343081722184728576,10,1567,Tavon,Austin,DAL,RB,Active,6
455862950553448448,NCAA ACC,455862953845977088,34,2,407,487145262624534528,6,3271,Tyler,Higbee,LAR,TE,Active,3
455862950553448448,NCAA ACC,455862953845977088,34,1,408,412872416486764544,5,3155,Laquon,Treadwell,MIN,WR,Active,3
455862950553448448,NCAA ACC,455862953845977088,35,1,409,412872416486764544,5,5199,Byron,Pringle,KC,WR,Active,1
455862950553448448,NCAA ACC,455862953845977088,35,2,410,487145262624534528,6,4381,Taysom,Hill,NO,QB,Active,2
455862950553448448,NCAA ACC,455862953845977088,35,3,411,456168604006608896,8,1944,Alfred,Blue,JAX,RB,Active,5
455862950553448448,NCAA ACC,455862953845977088,35,4,412,455836851501002752,4,350,Mark,Sanchez,,QB,Inactive,10
455862950553448448,NCAA ACC,455862953845977088,35,5,413,447244659752693760,12,268,Alex,Smith,WAS,QB,Physically Unable to Perform,14
455862950553448448,NCAA ACC,455862953845977088,35,6,414,455753261765357568,3,5432,Cam,Sims,WAS,WR,Active,1
455862950553448448,NCAA ACC,455862953845977088,35,7,415,329474836155879424,2,5266,Detrez,Newsome,LAC,RB,Active,1
455862950553448448,NCAA ACC,455862953845977088,35,8,416,456168604006608896,8,5284,Jeffery,Wilson,SF,RB,Active,1
455862950553448448,NCAA ACC,455862953845977088,35,9,417,453658285061435392,7,4718,Dare,Ogunbowale,TB,RB,Practice Squad,2
455862950553448448,NCAA ACC,455862953845977088,35,10,418,458070829909929984,11,142,Tony,Romo,,QB,Inactive,16
455862950553448448,NCAA ACC,455862953845977088,35,11,419,412321968218451968,9,4197,Isaiah,McKenzie,BUF,WR,Practice Squad,2
455862950553448448,NCAA ACC,455862953845977088,35,12,420,431254350514356224,1,1800,Jordan,Matthews,SF,WR,Active,5
460505297153159168,NCAA AMERICAN,460505298944126976,1,1,1,,1,4866,Saquon,Barkley,NYG,RB,Active,1
460505297153159168,NCAA AMERICAN,460505298944126976,1,2,2,483060475177725952,8,1426,DeAndre,Hopkins,HOU,WR,Active,6
460505297153159168,NCAA AMERICAN,460505298944126976,1,3,3,461371192859684864,6,4035,Alvin,Kamara,NO,RB,Active,2
460505297153159168,NCAA AMERICAN,460505298944126976,1,4,4,338755364516274176,7,4034,Christian,McCaffrey,CAR,RB,Active,2
460505297153159168,NCAA AMERICAN,460505298944126976,1,5,5,468528626384498688,9,3164,Ezekiel,Elliott,DAL,RB,Did Not Report,3
460505297153159168,NCAA AMERICAN,460505298944126976,1,6,6,448960297869242368,3,2078,Odell,Beckham Jr,CLE,WR,Active,5
460505297153159168,NCAA AMERICAN,460505298944126976,1,7,7,483372287504936960,10,2133,Davante,Adams,GB,WR,Active,5
460505297153159168,NCAA AMERICAN,460505298944126976,1,8,8,338808944136822784,4,3199,Michael,Thomas,NO,WR,Active,3
460505297153159168,NCAA AMERICAN,460505298944126976,1,9,9,460383495076704256,2,4040,JuJu,Smith-Schuster,PIT,WR,Active,2
460505297153159168,NCAA AMERICAN,460505298944126976,1,10,10,482752177878593536,11,4018,Joe,Mixon,CIN,RB,Active,2
460505297153159168,NCAA AMERICAN,460505298944126976,1,11,11,462804070080442368,5,4988,Nick,Chubb,CLE,RB,Active,1
460505297153159168,NCAA AMERICAN,460505298944126976,1,12,12,465954574398648320,12,2216,Mike,Evans,TB,WR,Active,5
460505297153159168,NCAA AMERICAN,460505298944126976,2,12,13,465954574398648320,12,2315,Todd,Gurley,LAR,RB,Active,4
460505297153159168,NCAA AMERICAN,460505298944126976,2,11,14,462804070080442368,5,947,Julio,Jones,ATL,WR,Active,8
460505297153159168,NCAA AMERICAN,460505298944126976,2,10,15,482752177878593536,11,2391,David,Johnson,ARI,RB,Active,4
460505297153159168,NCAA AMERICAN,460505298944126976,2,9,16,460383495076704256,2,4029,Dalvin,Cook,MIN,RB,Active,2
460505297153159168,NCAA AMERICAN,460505298944126976,2,8,17,338808944136822784,4,1408,Le'Veon,Bell,NYJ,RB,Active,6
460505297153159168,NCAA AMERICAN,460505298944126976,2,7,18,483372287504936960,10,2320,Melvin,Gordon,LAC,RB,Did Not Report,4
460505297153159168,NCAA AMERICAN,460505298944126976,2,6,19,448960297869242368,3,3321,Tyreek,Hill,KC,WR,Active,3
460505297153159168,NCAA AMERICAN,460505298944126976,2,5,20,468528626384498688,9,1479,Keenan,Allen,LAC,WR,Active,6
460505297153159168,NCAA AMERICAN,460505298944126976,2,4,21,338755364516274176,7,4137,James,Conner,PIT,RB,Active,2
460505297153159168,NCAA AMERICAN,460505298944126976,2,3,22,461371192859684864,6,2309,Amari,Cooper,DAL,WR,Active,4
460505297153159168,NCAA AMERICAN,460505298944126976,2,2,23,483060475177725952,8,536,Antonio,Brown,OAK,WR,Active,9
460505297153159168,NCAA AMERICAN,460505298944126976,2,1,24,,1,2449,Stefon,Diggs,MIN,WR,Active,4
460505297153159168,NCAA AMERICAN,460505298944126976,3,1,25,,1,2197,Brandin,Cooks,LAR,WR,Active,5
460505297153159168,NCAA AMERICAN,460505298944126976,3,2,26,483060475177725952,8,4046,Patrick,Mahomes,KC,QB,Active,2
460505297153159168,NCAA AMERICAN,460505298944126976,3,3,27,461371192859684864,6,4217,George,Kittle,SF,TE,Active,2
460505297153159168,NCAA AMERICAN,460505298944126976,3,4,28,338755364516274176,7,1110,T.Y.,Hilton,IND,WR,Active,7
460505297153159168,NCAA AMERICAN,460505298944126976,3,5,29,468528626384498688,9,1689,Adam,Thielen,MIN,WR,Active,6
460505297153159168,NCAA AMERICAN,460505298944126976,3,6,30,448960297869242368,3,4199,Aaron,Jones,GB,RB,Active,2
460505297153159168,NCAA AMERICAN,460505298944126976,3,7,31,483372287504936960,10,1466,Travis,Kelce,KC,TE,Active,6
460505297153159168,NCAA AMERICAN,460505298944126976,3,8,32,338808944136822784,4,5068,Kerryon,Johnson,DET,RB,Active,1
460505297153159168,NCAA AMERICAN,460505298944126976,3,9,33,460383495076704256,2,4152,Marlon,Mack,IND,RB,Active,2
460505297153159168,NCAA AMERICAN,460505298944126976,3,10,34,482752177878593536,11,1339,Zach,Ertz,PHI,TE,Active,6
460505297153159168,NCAA AMERICAN,460505298944126976,3,11,35,462804070080442368,5,3969,Leonard,Fournette,JAX,RB,Active,2
460505297153159168,NCAA AMERICAN,460505298944126976,3,12,36,465954574398648320,12,4131,Kenny,Golladay,DET,WR,Active,2
460505297153159168,NCAA AMERICAN,460505298944126976,4,12,37,465954574398648320,12,1111,Andrew,Luck,IND,QB,Active,7
460505297153159168,NCAA AMERICAN,460505298944126976,4,11,38,462804070080442368,5,4055,OJ,Howard,TB,TE,Active,2
460505297153159168,NCAA AMERICAN,460505298944126976,4,10,39,482752177878593536,11,5850,Josh,Jacobs,OAK,RB,Active,0
460505297153159168,NCAA AMERICAN,460505298944126976,4,9,40,460383495076704256,2,4037,Chris,Godwin,TB,WR,Active,2
460505297153159168,NCAA AMERICAN,460505298944126976,4,8,41,338808944136822784,4,1352,Robert,Woods,LAR,WR,Active,6
460505297153159168,NCAA AMERICAN,460505298944126976,4,7,42,483372287504936960,10,4983,D.J.,Moore,CAR,WR,Active,1
460505297153159168,NCAA AMERICAN,460505298944126976,4,6,43,448960297869242368,3,5892,David,Montgomery,CHI,RB,Active,0
460505297153159168,NCAA AMERICAN,460505298944126976,4,5,44,468528626384498688,9,1825,Jarvis,Landry,CLE,WR,Active,5
460505297153159168,NCAA AMERICAN,460505298944126976,4,4,45,338755364516274176,7,4039,Cooper,Kupp,LAR,WR,Active,2
460505297153159168,NCAA AMERICAN,460505298944126976,4,3,46,461371192859684864,6,4962,Sony,Michel,NE,RB,Active,1
460505297153159168,NCAA AMERICAN,460505298944126976,4,2,47,483060475177725952,8,3198,Derrick,Henry,TEN,RB,Active,3
460505297153159168,NCAA AMERICAN,460505298944126976,4,1,48,,1,1833,Damien,Williams,KC,RB,Active,5
460505297153159168,NCAA AMERICAN,460505298944126976,5,1,49,,1,2168,Devonta,Freeman,ATL,RB,Active,5
460505297153159168,NCAA AMERICAN,460505298944126976,5,2,50,483060475177725952,8,4157,Tarik,Cohen,CHI,RB,Active,2
460505297153159168,NCAA AMERICAN,460505298944126976,5,3,51,461371192859684864,6,4981,Calvin,Ridley,ATL,WR,Active,1
460505297153159168,NCAA AMERICAN,460505298944126976,5,4,52,338755364516274176,7,3225,Tyler,Boyd,CIN,WR,Active,3
460505297153159168,NCAA AMERICAN,460505298944126976,5,5,53,468528626384498688,9,5170,Phillip,Lindsay,DEN,RB,Active,1
460505297153159168,NCAA AMERICAN,460505298944126976,5,6,54,448960297869242368,3,2374,Tyler,Lockett,SEA,WR,Active,4
460505297153159168,NCAA AMERICAN,460505298944126976,5,7,55,483372287504936960,10,4892,Baker,Mayfield,CLE,QB,Active,1
460505297153159168,NCAA AMERICAN,460505298944126976,5,8,56,338808944136822784,4,4068,Mike,Williams,LAC,WR,Active,2
460505297153159168,NCAA AMERICAN,460505298944126976,5,9,57,460383495076704256,2,4017,Deshaun,Watson,HOU,QB,Active,2
460505297153159168,NCAA AMERICAN,460505298944126976,5,10,58,482752177878593536,11,830,AJ,Green,CIN,WR,Active,8
460505297153159168,NCAA AMERICAN,460505298944126976,5,11,59,462804070080442368,5,1992,Allen,Robinson,CHI,WR,Active,5
460505297153159168,NCAA AMERICAN,460505298944126976,5,12,60,465954574398648320,12,4066,Evan,Engram,NYG,TE,Active,2
460505297153159168,NCAA AMERICAN,460505298944126976,6,12,61,465954574398648320,12,5045,Courtland,Sutton,DEN,WR,Active,1
460505297153159168,NCAA AMERICAN,460505298944126976,6,11,62,462804070080442368,5,96,Aaron,Rodgers,GB,QB,Active,14
460505297153159168,NCAA AMERICAN,460505298944126976,6,10,63,482752177878593536,11,6151,Miles,Sanders,PHI,RB,Active,0
460505297153159168,NCAA AMERICAN,460505298944126976,6,9,64,460383495076704256,2,4992,Dante,Pettis,SF,WR,Active,1
460505297153159168,NCAA AMERICAN,460505298944126976,6,8,65,338808944136822784,4,4949,Derrius,Guice,WAS,RB,Active,1
460505297153159168,NCAA AMERICAN,460505298944126976,6,7,66,483372287504936960,10,4985,Rashaad,Penny,SEA,RB,Active,1
460505297153159168,NCAA AMERICAN,460505298944126976,6,6,67,448960297869242368,3,4950,Christian,Kirk,ARI,WR,Active,1
460505297153159168,NCAA AMERICAN,460505298944126976,6,5,68,468528626384498688,9,1234,Russell,Wilson,SEA,QB,Active,7
460505297153159168,NCAA AMERICAN,460505298944126976,6,4,69,338755364516274176,7,3214,Hunter,Henry,LAC,TE,Active,3
460505297153159168,NCAA AMERICAN,460505298944126976,6,3,70,461371192859684864,6,1149,Alshon,Jeffery,PHI,WR,Active,7
460505297153159168,NCAA AMERICAN,460505298944126976,6,2,71,483060475177725952,8,5878,N'Keal,Harry,NE,WR,Active,0
460505297153159168,NCAA AMERICAN,460505298944126976,6,1,72,,1,3157,Will,Fuller,HOU,WR,Active,3
460505297153159168,NCAA AMERICAN,460505298944126976,7,1,73,,1,4033,David,Njoku,CLE,TE,Active,2
460505297153159168,NCAA AMERICAN,460505298944126976,7,2,74,483060475177725952,8,5846,D.K.,Metcalf,SEA,WR,Active,0
460505297153159168,NCAA AMERICAN,460505298944126976,7,3,75,461371192859684864,6,956,Mark,Ingram,BAL,RB,Active,8
460505297153159168,NCAA AMERICAN,460505298944126976,7,4,76,338755364516274176,7,4273,Chris,Carson,SEA,RB,Active,2
460505297153159168,NCAA AMERICAN,460505298944126976,7,5,77,468528626384498688,9,2118,Eric,Ebron,IND,TE,Active,5
460505297153159168,NCAA AMERICAN,460505298944126976,7,6,78,448960297869242368,3,4036,Corey,Davis,TEN,WR,Active,2
460505297153159168,NCAA AMERICAN,460505298944126976,7,7,79,483372287504936960,10,5859,A.J.,Brown,TEN,WR,Active,0
460505297153159168,NCAA AMERICAN,460505298944126976,7,8,80,338808944136822784,4,1817,Sammy,Watkins,KC,WR,Active,5
460505297153159168,NCAA AMERICAN,460505298944126976,7,9,81,460383495076704256,2,3423,Robby,Anderson,NYJ,WR,Active,3
460505297153159168,NCAA AMERICAN,460505298944126976,7,10,82,482752177878593536,11,3161,Carson,Wentz,PHI,QB,Active,3
460505297153159168,NCAA AMERICAN,460505298944126976,7,11,83,462804070080442368,5,344,Julian,Edelman,NE,WR,Non Football Injury,10
460505297153159168,NCAA AMERICAN,460505298944126976,7,12,84,465954574398648320,12,3242,Kenyan,Drake,MIA,RB,Active,3
460505297153159168,NCAA AMERICAN,460505298944126976,8,12,85,465954574398648320,12,5046,Royce,Freeman,DEN,RB,Active,1
460505297153159168,NCAA AMERICAN,460505298944126976,8,11,86,462804070080442368,5,1848,James,White,NE,RB,Active,5
460505297153159168,NCAA AMERICAN,460505298944126976,8,10,87,482752177878593536,11,4082,Curtis,Samuel,CAR,WR,Active,2
460505297153159168,NCAA AMERICAN,460505298944126976,8,9,88,460383495076704256,2,5844,T.J.,Hockenson,DET,TE,Active,0
460505297153159168,NCAA AMERICAN,460505298944126976,8,8,89,338808944136822784,4,4098,Kareem,Hunt,CLE,RB,Non Football Injury,2
460505297153159168,NCAA AMERICAN,460505298944126976,8,7,90,483372287504936960,10,5848,Marquise,Brown,BAL,WR,Active,0
460505297153159168,NCAA AMERICAN,460505298944126976,8,6,91,448960297869242368,3,5007,Keke,Coutee,HOU,WR,Active,1
460505297153159168,NCAA AMERICAN,460505298944126976,8,5,92,468528626384498688,9,5013,Anthony,Miller,CHI,WR,Active,1
460505297153159168,NCAA AMERICAN,460505298944126976,8,4,93,338755364516274176,7,1067,Marvin,Jones,DET,WR,Active,7
460505297153159168,NCAA AMERICAN,460505298944126976,8,3,94,461371192859684864,6,3163,Jared,Goff,LAR,QB,Active,3
460505297153159168,NCAA AMERICAN,460505298944126976,8,2,95,483060475177725952,8,2378,Tevin,Coleman,SF,RB,Active,4
460505297153159168,NCAA AMERICAN,460505298944126976,8,1,96,,1,954,Cam,Newton,CAR,QB,Active,8
460505297153159168,NCAA AMERICAN,460505298944126976,9,1,97,,1,5038,Michael,Gallup,DAL,WR,Active,1
460505297153159168,NCAA AMERICAN,460505298944126976,9,2,98,483060475177725952,8,5880,Parris,Campbell,IND,WR,Active,0
460505297153159168,NCAA AMERICAN,460505298944126976,9,3,99,461371192859684864,6,4146,Dede,Westbrook,JAX,WR,Active,2
460505297153159168,NCAA AMERICAN,460505298944126976,9,4,100,338755364516274176,7,24,Matt,Ryan,ATL,QB,Active,11
460505297153159168,NCAA AMERICAN,460505298944126976,9,5,101,468528626384498688,9,3306,Jordan,Howard,PHI,RB,Active,3
460505297153159168,NCAA AMERICAN,460505298944126976,9,6,102,448960297869242368,3,5849,Kyler,Murray,ARI,QB,Active,0
460505297153159168,NCAA AMERICAN,460505298944126976,9,7,103,483372287504936960,10,3200,Sterling,Shepard,NYG,WR,Active,3
460505297153159168,NCAA AMERICAN,460505298944126976,9,8,104,338808944136822784,4,5916,Darrell,Henderson,LAR,RB,Active,0
460505297153159168,NCAA AMERICAN,460505298944126976,9,9,105,460383495076704256,2,1048,Lamar,Miller,HOU,RB,Active,7
460505297153159168,NCAA AMERICAN,460505298944126976,9,10,106,482752177878593536,11,5872,Deebo,Samuel,SF,WR,Active,0
460505297153159168,NCAA AMERICAN,460505298944126976,9,11,107,462804070080442368,5,CHI,Chicago,Bears,CHI,DEF,,
460505297153159168,NCAA AMERICAN,460505298944126976,9,12,108,465954574398648320,12,5857,Noah,Fant,DEN,TE,Active,0
460505297153159168,NCAA AMERICAN,460505298944126976,10,12,109,465954574398648320,12,642,Golden,Tate,NYG,WR,Active,9
460505297153159168,NCAA AMERICAN,460505298944126976,10,11,110,462804070080442368,5,4663,Austin,Ekeler,LAC,RB,Active,2
460505297153159168,NCAA AMERICAN,460505298944126976,10,10,111,482752177878593536,11,5086,Marquez,Valdes-Scantling,GB,WR,Active,1
460505297153159168,NCAA AMERICAN,460505298944126976,10,9,112,460383495076704256,2,5347,Nyheim,Hines,IND,RB,Active,1
460505297153159168,NCAA AMERICAN,460505298944126976,10,8,113,338808944136822784,4,5024,James,Washington,PIT,WR,Active,1
460505297153159168,NCAA AMERICAN,460505298944126976,10,7,114,483372287504936960,10,3976,Mitch,Trubisky,CHI,QB,Active,2
460505297153159168,NCAA AMERICAN,460505298944126976,10,6,115,448960297869242368,3,2306,Jameis,Winston,TB,QB,Active,4
460505297153159168,NCAA AMERICAN,460505298944126976,10,5,116,468528626384498688,9,289,Drew,Brees,NO,QB,Active,18
460505297153159168,NCAA AMERICAN,460505298944126976,10,4,117,338755364516274176,7,3503,Geronimo,Allison,GB,WR,Active,3
460505297153159168,NCAA AMERICAN,460505298944126976,10,3,118,461371192859684864,6,5052,Ronald,Jones II,TB,RB,Active,1
460505297153159168,NCAA AMERICAN,460505298944126976,10,2,119,483060475177725952,8,5890,Damien,Harris,NE,RB,Active,0
460505297153159168,NCAA AMERICAN,460505298944126976,10,1,120,,1,2161,Jerick,McKinnon,SF,RB,Active,5
460505297153159168,NCAA AMERICAN,460505298944126976,11,1,121,,1,3294,Dak,Prescott,DAL,QB,Active,3
460505297153159168,NCAA AMERICAN,460505298944126976,11,2,122,483060475177725952,8,1837,Jimmy,Garoppolo,SF,QB,Active,5
460505297153159168,NCAA AMERICAN,460505298944126976,11,3,123,461371192859684864,6,5026,Tre'Quan,Smith,NO,WR,Active,1
460505297153159168,NCAA AMERICAN,460505298944126976,11,4,124,338755364516274176,7,1476,Latavius,Murray,NO,RB,Active,6
460505297153159168,NCAA AMERICAN,460505298944126976,11,5,125,468528626384498688,9,4994,Kalen,Ballage,MIA,RB,Active,1
460505297153159168,NCAA AMERICAN,460505298944126976,11,6,126,448960297869242368,3,6130,Devin,Singletary,BUF,RB,Active,0
460505297153159168,NCAA AMERICAN,460505298944126976,11,7,127,483372287504936960,10,5022,Dallas,Goedert,PHI,TE,Active,1
460505297153159168,NCAA AMERICAN,460505298944126976,11,8,128,338808944136822784,4,4881,Lamar,Jackson,BAL,QB,Active,1
460505297153159168,NCAA AMERICAN,460505298944126976,11,9,129,460383495076704256,2,4943,Sam,Darnold,NYJ,QB,Active,1
460505297153159168,NCAA AMERICAN,460505298944126976,11,10,130,482752177878593536,11,2382,Duke,Johnson,CLE,RB,Active,4
460505297153159168,NCAA AMERICAN,460505298944126976,11,11,131,462804070080442368,5,367,Jared,Cook,NO,TE,Active,10
460505297153159168,NCAA AMERICAN,460505298944126976,11,12,132,465954574398648320,12,5917,Mecole,Hardman,KC,WR,Active,0
460505297153159168,NCAA AMERICAN,460505298944126976,12,12,133,465954574398648320,12,LAR,Los Angeles,Rams,LAR,DEF,,
460505297153159168,NCAA AMERICAN,460505298944126976,12,11,134,462804070080442368,5,5107,Jaylen,Samuels,PIT,RB,Active,1
460505297153159168,NCAA AMERICAN,460505298944126976,12,10,135,482752177878593536,11,2238,John,Brown,BUF,WR,Active,5
460505297153159168,NCAA AMERICAN,460505298944126976,12,9,136,460383495076704256,2,5009,Chris,Herndon IV,NYJ,TE,Suspended,1
460505297153159168,NCAA AMERICAN,460505298944126976,12,8,137,338808944136822784,4,1587,Vance,McDonald,PIT,TE,Active,6
460505297153159168,NCAA AMERICAN,460505298944126976,12,7,138,483372287504936960,10,5915,Andy,Isabella,ARI,WR,Active,0
460505297153159168,NCAA AMERICAN,460505298944126976,12,6,139,448960297869242368,3,5995,Justice,Hill,BAL,RB,Active,0
460505297153159168,NCAA AMERICAN,460505298944126976,12,5,140,468528626384498688,9,LAC,Los Angeles,Chargers,LAC,DEF,,
460505297153159168,NCAA AMERICAN,460505298944126976,12,4,141,338755364516274176,7,1971,Donte,Moncrief,PIT,WR,Active,5
460505297153159168,NCAA AMERICAN,460505298944126976,12,3,142,461371192859684864,6,2346,Devin,Funchess,IND,WR,Active,4
460505297153159168,NCAA AMERICAN,460505298944126976,12,2,143,483060475177725952,8,1793,Trey,Burton,CHI,TE,Active,5
460505297153159168,NCAA AMERICAN,460505298944126976,12,1,144,,1,JAX,Jacksonville,Jaguars,JAX,DEF,,
460505297153159168,NCAA AMERICAN,460505298944126976,13,1,145,,1,5863,JJ,Arcega-Whiteside,PHI,WR,Active,0
460505297153159168,NCAA AMERICAN,460505298944126976,13,2,146,483060475177725952,8,2583,Tyrell,Williams,OAK,WR,Active,4
460505297153159168,NCAA AMERICAN,460505298944126976,13,3,147,461371192859684864,6,1555,Kenny,Stills,MIA,WR,Active,6
460505297153159168,NCAA AMERICAN,460505298944126976,13,4,148,338755364516274176,7,5012,Mark,Andrews,BAL,TE,Active,1
460505297153159168,NCAA AMERICAN,460505298944126976,13,5,149,468528626384498688,9,331,Philip,Rivers,LAC,QB,Active,15
460505297153159168,NCAA AMERICAN,460505298944126976,13,6,150,448960297869242368,3,3202,Austin,Hooper,ATL,TE,Active,3
460505297153159168,NCAA AMERICAN,460505298944126976,13,7,151,483372287504936960,10,4455,Matt,Breida,SF,RB,Active,2
460505297153159168,NCAA AMERICAN,460505298944126976,13,8,152,338808944136822784,4,538,Emmanuel,Sanders,DEN,WR,Active,9
460505297153159168,NCAA AMERICAN,460505298944126976,13,9,153,460383495076704256,2,CLE,Cleveland,Browns,CLE,DEF,,
460505297153159168,NCAA AMERICAN,460505298944126976,13,10,154,482752177878593536,11,HOU,Houston,Texans,HOU,DEF,,
460505297153159168,NCAA AMERICAN,460505298944126976,13,11,155,462804070080442368,5,167,Tom,Brady,NE,QB,Active,19
460505297153159168,NCAA AMERICAN,460505298944126976,13,12,156,465954574398648320,12,5004,Ito,Smith,ATL,RB,Active,1
460505297153159168,NCAA AMERICAN,460505298944126976,14,12,157,465954574398648320,12,1166,Kirk,Cousins,MIN,QB,Active,7
460505297153159168,NCAA AMERICAN,460505298944126976,14,11,158,462804070080442368,5,223,Larry,Fitzgerald,ARI,WR,Active,15
460505297153159168,NCAA AMERICAN,460505298944126976,14,10,159,482752177878593536,11,DAL,Dallas,Cowboys,DAL,DEF,,
460505297153159168,NCAA AMERICAN,460505298944126976,14,9,160,460383495076704256,2,5987,Alexander,Mattison,MIN,RB,Active,0
460505297153159168,NCAA AMERICAN,460505298944126976,14,8,161,338808944136822784,4,5310,Antonio,Callaway,CLE,WR,Active,1
460505297153159168,NCAA AMERICAN,460505298944126976,14,7,162,483372287504936960,10,5886,Hakeem,Butler,ARI,WR,Active,0
460505297153159168,NCAA AMERICAN,460505298944126976,14,6,163,448960297869242368,3,5131,Justin,Jackson,LAC,RB,Active,1
460505297153159168,NCAA AMERICAN,460505298944126976,14,5,164,468528626384498688,9,1264,Justin,Tucker,BAL,K,Active,7
460505297153159168,NCAA AMERICAN,460505298944126976,14,4,165,338755364516274176,7,676,LeSean,McCoy,BUF,RB,Active,10
460505297153159168,NCAA AMERICAN,460505298944126976,14,3,166,461371192859684864,6,4111,D'Onta,Foreman,IND,RB,Active,2
460505297153159168,NCAA AMERICAN,460505298944126976,14,2,167,483060475177725952,8,1346,Marquise,Goodwin,SF,WR,Active,6
460505297153159168,NCAA AMERICAN,460505298944126976,14,1,168,,1,5250,Robert,Foster,BUF,WR,Active,1
460505297153159168,NCAA AMERICAN,460505298944126976,15,1,169,,1,788,Dion,Lewis,TEN,RB,Active,8
460505297153159168,NCAA AMERICAN,460505298944126976,15,2,170,483060475177725952,8,PHI,Philadelphia,Eagles,PHI,DEF,,
460505297153159168,NCAA AMERICAN,460505298944126976,15,3,171,461371192859684864,6,4984,Josh,Allen,BUF,QB,Active,1
460505297153159168,NCAA AMERICAN,460505298944126976,15,4,172,338755364516274176,7,BAL,Baltimore,Ravens,BAL,DEF,,
460505297153159168,NCAA AMERICAN,460505298944126976,15,5,173,468528626384498688,9,1502,Chris,Thompson,WAS,RB,Active,6
460505297153159168,NCAA AMERICAN,460505298944126976,15,6,174,448960297869242368,3,5967,Tony,Pollard,DAL,RB,Active,0
460505297153159168,NCAA AMERICAN,460505298944126976,15,7,175,483372287504936960,10,PIT,Pittsburgh,Steelers,PIT,DEF,,
460505297153159168,NCAA AMERICAN,460505298944126976,15,8,176,338808944136822784,4,138,Ben,Roethlisberger,PIT,QB,Active,15
460505297153159168,NCAA AMERICAN,460505298944126976,15,9,177,460383495076704256,2,DEN,Denver,Broncos,DEN,DEF,,
460505297153159168,NCAA AMERICAN,460505298944126976,15,10,178,482752177878593536,11,IND,Indianapolis,Colts,IND,DEF,,
460505297153159168,NCAA AMERICAN,460505298944126976,15,11,179,462804070080442368,5,2410,Jamison,Crowder,NYJ,WR,Active,4
460505297153159168,NCAA AMERICAN,460505298944126976,15,12,180,465954574398648320,12,2257,Carlos,Hyde,KC,RB,Active,5
460505297153159168,NCAA AMERICAN,460505298944126976,16,12,181,465954574398648320,12,4998,Daesean,Hamilton,DEN,WR,Active,1
460505297153159168,NCAA AMERICAN,460505298944126976,16,11,182,462804070080442368,5,3594,Peyton,Barber,TB,RB,Active,3
460505297153159168,NCAA AMERICAN,460505298944126976,16,10,183,482752177878593536,11,5000,Chase,Edmonds,ARI,RB,Active,1
460505297153159168,NCAA AMERICAN,460505298944126976,16,9,184,460383495076704256,2,5965,Miles,Boykin,BAL,WR,Active,0
460505297153159168,NCAA AMERICAN,460505298944126976,16,8,185,338808944136822784,4,147,DeSean,Jackson,PHI,WR,Active,11
460505297153159168,NCAA AMERICAN,460505298944126976,16,7,186,483372287504936960,10,1750,Giorgio,Tavecchio,ATL,K,Active,7
460505297153159168,NCAA AMERICAN,460505298944126976,16,6,187,448960297869242368,3,6178,Darwin,Thompson,KC,RB,Active,0
460505297153159168,NCAA AMERICAN,460505298944126976,16,5,188,468528626384498688,9,4038,John,Ross,CIN,WR,Active,2
460505297153159168,NCAA AMERICAN,460505298944126976,16,4,189,338755364516274176,7,MIN,Minnesota,Vikings,MIN,DEF,,
460505297153159168,NCAA AMERICAN,460505298944126976,16,3,190,461371192859684864,6,NO,New Orleans,Saints,NO,DEF,,
460505297153159168,NCAA AMERICAN,460505298944126976,16,2,191,483060475177725952,8,2319,Devante,Parker,MIA,WR,Active,4
460505297153159168,NCAA AMERICAN,460505298944126976,16,1,192,,1,4993,Mike,Gesicki,MIA,TE,Active,1
460505297153159168,NCAA AMERICAN,460505298944126976,17,1,193,,1,2341,TJ,Yeldon,BUF,RB,Active,4
460505297153159168,NCAA AMERICAN,460505298944126976,17,2,194,483060475177725952,8,1266,Greg,Zuerlein,LAR,K,Active,7
460505297153159168,NCAA AMERICAN,460505298944126976,17,3,195,461371192859684864,6,1854,Quincy,Enunwa,NYJ,WR,Active,5
460505297153159168,NCAA AMERICAN,460505298944126976,17,4,196,338755364516274176,7,1451,CJ,Anderson,DET,RB,Active,6
460505297153159168,NCAA AMERICAN,460505298944126976,17,5,197,468528626384498688,9,2822,Adam,Humphries,TEN,WR,Active,4
460505297153159168,NCAA AMERICAN,460505298944126976,17,6,198,448960297869242368,3,2025,Albert,Wilson,MIA,WR,Active,5
460505297153159168,NCAA AMERICAN,460505298944126976,17,7,199,483372287504936960,10,421,Matthew,Stafford,DET,QB,Active,10
460505297153159168,NCAA AMERICAN,460505298944126976,17,8,200,338808944136822784,4,1386,Giovani,Bernard,CIN,RB,Active,6
460505297153159168,NCAA AMERICAN,460505298944126976,17,9,201,460383495076704256,2,4995,Ian,Thomas,CAR,TE,Active,1
460505297153159168,NCAA AMERICAN,460505298944126976,17,10,202,482752177878593536,11,3868,Jalen,Richard,OAK,RB,Active,3
460505297153159168,NCAA AMERICAN,460505298944126976,17,11,203,462804070080442368,5,110,Stephen,Gostkowski,NE,K,Active,13
460505297153159168,NCAA AMERICAN,460505298944126976,17,12,204,465954574398648320,12,2431,Mike,Davis,CHI,RB,Active,4
460505297153159168,NCAA AMERICAN,460505298944126976,18,12,205,465954574398648320,12,4227,Harrison,Butker,KC,K,Active,2
460505297153159168,NCAA AMERICAN,460505298944126976,18,11,206,462804070080442368,5,184,Adrian,Peterson,WAS,RB,Active,12
460505297153159168,NCAA AMERICAN,460505298944126976,18,10,207,482752177878593536,11,2028,Derek,Carr,OAK,QB,Active,5
460505297153159168,NCAA AMERICAN,460505298944126976,18,9,208,460383495076704256,2,4195,Jake,Elliott,PHI,K,Active,2
460505297153159168,NCAA AMERICAN,460505298944126976,18,8,209,338808944136822784,4,GB,Green Bay,Packers,GB,DEF,,
460505297153159168,NCAA AMERICAN,460505298944126976,18,7,210,483372287504936960,10,1706,Jack,Doyle,IND,TE,Active,6
460505297153159168,NCAA AMERICAN,460505298944126976,18,6,211,448960297869242368,3,6156,Benny,Snell Jr.,PIT,RB,Active,0
460505297153159168,NCAA AMERICAN,460505298944126976,18,5,212,468528626384498688,9,4080,Zay,Jones,BUF,WR,Active,2
460505297153159168,NCAA AMERICAN,460505298944126976,18,4,213,338755364516274176,7,4149,Jamaal,Williams,GB,RB,Active,2
460505297153159168,NCAA AMERICAN,460505298944126976,18,3,214,461371192859684864,6,3678,Wil,Lutz,NO,K,Active,3
460505297153159168,NCAA AMERICAN,460505298944126976,18,2,215,483060475177725952,8,2325,Nelson,Agholor,PHI,WR,Active,4
460505297153159168,NCAA AMERICAN,460505298944126976,18,1,216,,1,ARI,Arizona,Cardinals,ARI,DEF,,
460505297153159168,NCAA AMERICAN,460505298944126976,19,1,217,,1,5845,Dwayne,Haskins,WAS,QB,Active,0
460505297153159168,NCAA AMERICAN,460505298944126976,19,2,218,483060475177725952,8,5136,Josh,Adams,PHI,RB,Active,1
460505297153159168,NCAA AMERICAN,460505298944126976,19,3,219,461371192859684864,6,1500,Jordan,Reed,WAS,TE,Active,6
460505297153159168,NCAA AMERICAN,460505298944126976,19,4,220,338755364516274176,7,4274,David,Moore,SEA,WR,Active,2
460505297153159168,NCAA AMERICAN,460505298944126976,19,5,221,468528626384498688,9,2307,Marcus,Mariota,TEN,QB,Active,4
460505297153159168,NCAA AMERICAN,460505298944126976,19,6,222,448960297869242368,3,6072,Bruce,Anderson,TB,RB,Active,0
460505297153159168,NCAA AMERICAN,460505298944126976,19,7,223,483372287504936960,10,6007,Ryquell,Armstead,JAX,RB,Active,0
460505297153159168,NCAA AMERICAN,460505298944126976,19,8,224,338808944136822784,4,4263,Elijah,McGuire,NYJ,RB,Active,2
460505297153159168,NCAA AMERICAN,460505298944126976,19,9,225,460383495076704256,2,NE,New England,Patriots,NE,DEF,,
460505297153159168,NCAA AMERICAN,460505298944126976,19,10,226,482752177878593536,11,3451,Ka'imi,Fairbairn,HOU,K,Active,3
460505297153159168,NCAA AMERICAN,460505298944126976,19,11,227,462804070080442368,5,1071,Mohamed,Sanu,ATL,WR,Active,7
460505297153159168,NCAA AMERICAN,460505298944126976,19,12,228,465954574398648320,12,KC,Kansas City,Chiefs,KC,DEF,,
460505297153159168,NCAA AMERICAN,460505298944126976,20,12,229,465954574398648320,12,4863,Josh,Rosen,MIA,QB,Active,1
460505297153159168,NCAA AMERICAN,460505298944126976,20,11,230,462804070080442368,5,5927,Terry,McLaurin,WAS,WR,Active,0
460505297153159168,NCAA AMERICAN,460505298944126976,20,10,231,482752177878593536,11,943,Kyle,Rudolph,MIN,TE,Active,8
460505297153159168,NCAA AMERICAN,460505298944126976,20,9,232,460383495076704256,2,6126,Irv,Smith Jr.,MIN,TE,Active,0
460505297153159168,NCAA AMERICAN,460505298944126976,20,8,233,338808944136822784,4,NYJ,New York,Jets,NYJ,DEF,,
460505297153159168,NCAA AMERICAN,460505298944126976,20,7,234,483372287504936960,10,SEA,Seattle,Seahawks,SEA,DEF,,
460505297153159168,NCAA AMERICAN,460505298944126976,20,6,235,448960297869242368,3,5889,Bryce,Love,WAS,RB,Non Football Injury,0
460505297153159168,NCAA AMERICAN,460505298944126976,20,5,236,468528626384498688,9,6139,Jace,Sternberger,GB,TE,Active,0
460505297153159168,NCAA AMERICAN,460505298944126976,20,4,237,338755364516274176,7,695,Ted,Ginn,NO,WR,Active,12
460505297153159168,NCAA AMERICAN,460505298944126976,20,3,238,461371192859684864,6,TEN,Tennessee,Titans,TEN,DEF,,
460505297153159168,NCAA AMERICAN,460505298944126976,20,2,239,483060475177725952,8,616,Jimmy,Graham,GB,TE,Active,9
460505297153159168,NCAA AMERICAN,460505298944126976,20,1,240,,1,5937,Diontae,Johnson,PIT,WR,Active,0
460505297153159168,NCAA AMERICAN,460505298944126976,21,1,241,,1,4958,Brett,Maher,DAL,K,Active,6
460505297153159168,NCAA AMERICAN,460505298944126976,21,2,242,483060475177725952,8,5248,Gus,Edwards,BAL,RB,Active,1
460505297153159168,NCAA AMERICAN,460505298944126976,21,3,243,461371192859684864,6,4089,Gerald,Everett,LAR,TE,Active,2
460505297153159168,NCAA AMERICAN,460505298944126976,21,4,244,338755364516274176,7,2588,Malcolm,Brown,LAR,RB,Active,4
460505297153159168,NCAA AMERICAN,460505298944126976,21,5,245,468528626384498688,9,59,Mason,Crosby,GB,K,Active,12
460505297153159168,NCAA AMERICAN,460505298944126976,21,6,246,448960297869242368,3,5973,Josh,Oliver,JAX,TE,Active,0
460505297153159168,NCAA AMERICAN,460505298944126976,21,7,247,483372287504936960,10,5854,Drew,Lock,DEN,QB,Active,0
460505297153159168,NCAA AMERICAN,460505298944126976,21,8,248,338808944136822784,4,1244,Josh,Gordon,NE,WR,Active,7
460505297153159168,NCAA AMERICAN,460505298944126976,21,9,249,460383495076704256,2,58,Greg,Olsen,CAR,TE,Active,12
460505297153159168,NCAA AMERICAN,460505298944126976,21,10,250,482752177878593536,11,4973,Hayden,Hurst,BAL,TE,Active,1
460505297153159168,NCAA AMERICAN,460505298944126976,21,11,251,462804070080442368,5,BUF,Buffalo,Bills,BUF,DEF,,
460505297153159168,NCAA AMERICAN,460505298944126976,21,12,252,465954574398648320,12,284,Delanie,Walker,TEN,TE,Active,13
460505297153159168,NCAA AMERICAN,460505298944126976,22,12,253,465954574398648320,12,4951,D.J.,Chark,JAX,WR,Active,1
460505297153159168,NCAA AMERICAN,460505298944126976,22,11,254,462804070080442368,5,120,Adam,Vinatieri,IND,K,Active,23
460505297153159168,NCAA AMERICAN,460505298944126976,22,10,255,482752177878593536,11,5911,Jalen,Hurd,SF,WR,Active,0
460505297153159168,NCAA AMERICAN,460505298944126976,22,9,256,460383495076704256,2,1987,Marqise,Lee,JAX,WR,Physically Unable to Perform,5
460505297153159168,NCAA AMERICAN,460505298944126976,22,8,257,338808944136822784,4,2505,Darren,Waller,OAK,TE,Practice Squad,4
460505297153159168,NCAA AMERICAN,460505298944126976,22,7,258,483372287504936960,10,2747,Jason,Myers,SEA,K,Active,4
460505297153159168,NCAA AMERICAN,460505298944126976,22,6,259,448960297869242368,3,5906,Dawson,Knox,BUF,TE,Active,0
460505297153159168,NCAA AMERICAN,460505298944126976,22,5,260,468528626384498688,9,1903,Taylor,Gabriel,CHI,WR,Active,5
460505297153159168,NCAA AMERICAN,460505298944126976,22,4,261,338755364516274176,7,829,Andy,Dalton,CIN,QB,Active,8
460505297153159168,NCAA AMERICAN,460505298944126976,22,3,262,461371192859684864,6,1195,Doug,Martin,OAK,RB,Active,7
460505297153159168,NCAA AMERICAN,460505298944126976,22,2,263,483060475177725952,8,5139,Trey,Quinn,WAS,WR,Active,1
460505297153159168,NCAA AMERICAN,460505298944126976,22,1,264,,1,1388,Tyler,Eifert,CIN,TE,Active,6
460505297153159168,NCAA AMERICAN,460505298944126976,23,1,265,,1,1945,Chris,Boswell,PIT,K,Active,5
460505297153159168,NCAA AMERICAN,460505298944126976,23,2,266,483060475177725952,8,4171,Josh,Reynolds,LAR,WR,Active,2
460505297153159168,NCAA AMERICAN,460505298944126976,23,3,267,461371192859684864,6,6153,Dexter,Williams,GB,RB,Active,0
460505297153159168,NCAA AMERICAN,460505298944126976,23,4,268,338755364516274176,7,3178,Josh,Doctson,WAS,WR,Active,3
460505297153159168,NCAA AMERICAN,460505298944126976,23,5,269,468528626384498688,9,CAR,Carolina,Panthers,CAR,DEF,,
460505297153159168,NCAA AMERICAN,460505298944126976,23,6,270,448960297869242368,3,ATL,Atlanta,Falcons,ATL,DEF,,
460505297153159168,NCAA AMERICAN,460505298944126976,23,7,271,483372287504936960,10,SF,San Francisco,49ers,SF,DEF,,
460505297153159168,NCAA AMERICAN,460505298944126976,23,8,272,338808944136822784,4,OAK,Oakland,Raiders,OAK,DEF,,
460505297153159168,NCAA AMERICAN,460505298944126976,23,9,273,460383495076704256,2,1387,Rex,Burkhead,NE,RB,Active,6
460505297153159168,NCAA AMERICAN,460505298944126976,23,10,274,482752177878593536,11,MIA,Miami,Dolphins,MIA,DEF,,
460505297153159168,NCAA AMERICAN,460505298944126976,23,11,275,462804070080442368,5,6159,Mike,Weber,DAL,RB,Active,0
460505297153159168,NCAA AMERICAN,460505298944126976,23,12,276,465954574398648320,12,17,Matt,Prater,DET,K,Active,13
460505297153159168,NCAA AMERICAN,460505298944126976,24,12,277,465954574398648320,12,DET,Detroit,Lions,DET,DEF,,
460505297153159168,NCAA AMERICAN,460505298944126976,24,11,278,462804070080442368,5,2279,Paul,Richardson,WAS,WR,Active,5
460505297153159168,NCAA AMERICAN,460505298944126976,24,10,279,482752177878593536,11,TB,Tampa Bay,Buccaneers,TB,DEF,,
460505297153159168,NCAA AMERICAN,460505298944126976,24,9,280,460383495076704256,2,49,Robbie,Gould,SF,K,Active,14
460505297153159168,NCAA AMERICAN,460505298944126976,24,8,281,338808944136822784,4,5101,Deon,Cain,IND,WR,Active,1
460505297153159168,NCAA AMERICAN,460505298944126976,24,7,282,483372287504936960,10,NYG,New York,Giants,NYG,DEF,,
460505297153159168,NCAA AMERICAN,460505298944126976,24,6,283,448960297869242368,3,WAS,Washington,Redskins,WAS,DEF,,
460505297153159168,NCAA AMERICAN,460505298944126976,24,5,284,468528626384498688,9,CIN,Cincinnati,Bengals,CIN,DEF,,
460505297153159168,NCAA AMERICAN,460505298944126976,24,4,285,338755364516274176,7,1517,Theo,Riddick,DEN,RB,Active,6
460505297153159168,NCAA AMERICAN,460505298944126976,24,3,286,461371192859684864,6,5323,Equanimeous,St. Brown,GB,WR,Active,1
460505297153159168,NCAA AMERICAN,460505298944126976,24,2,287,483060475177725952,8,899,Dan,Bailey,MIN,K,Active,8
460505297153159168,NCAA AMERICAN,460505298944126976,24,1,288,,1,1029,Nick,Foles,JAX,QB,Active,7
460505297153159168,NCAA AMERICAN,460505298944126976,25,1,289,,1,5884,Kelvin,Harmon,WAS,WR,Active,0
460505297153159168,NCAA AMERICAN,460505298944126976,25,2,290,483060475177725952,8,6164,Kahale,Warring,HOU,TE,Active,0
460505297153159168,NCAA AMERICAN,460505298944126976,25,3,291,461371192859684864,6,1433,Brandon,McManus,DEN,K,Active,6
460505297153159168,NCAA AMERICAN,460505298944126976,25,4,292,338755364516274176,7,2214,Cameron,Brate,TB,TE,Active,5
460505297153159168,NCAA AMERICAN,460505298944126976,25,5,293,468528626384498688,9,5918,Rodney,Anderson,CIN,RB,Active,0
460505297153159168,NCAA AMERICAN,460505298944126976,25,6,294,448960297869242368,3,5230,Michael,Badgley,LAC,K,Practice Squad,1
460505297153159168,NCAA AMERICAN,460505298944126976,25,7,295,483372287504936960,10,928,Randall,Cobb,DAL,WR,Active,8
460505297153159168,NCAA AMERICAN,460505298944126976,25,8,296,338808944136822784,4,503,Graham,Gano,CAR,K,Active,10
460505297153159168,NCAA AMERICAN,460505298944126976,25,9,297,460383495076704256,2,4144,Jonnu,Smith,TEN,TE,Physically Unable to Perform,2
460505297153159168,NCAA AMERICAN,460505298944126976,25,10,298,482752177878593536,11,5870,Daniel,Jones,NYG,QB,Active,0
460505297153159168,NCAA AMERICAN,460505298944126976,25,11,299,462804070080442368,5,5980,Myles,Gaskin,MIA,RB,Active,0
460505297153159168,NCAA AMERICAN,460505298944126976,25,12,300,465954574398648320,12,2152,Teddy,Bridgewater,NO,QB,Active,5
460505297153159168,NCAA AMERICAN,460505298944126976,26,12,301,465954574398648320,12,2477,Cameron,Artis-Payne,CAR,RB,Active,4
460505297153159168,NCAA AMERICAN,460505298944126976,26,11,302,462804070080442368,5,3208,Kenneth,Dixon,BAL,RB,Active,3
460505297153159168,NCAA AMERICAN,460505298944126976,26,10,303,482752177878593536,11,1901,Isaiah,Crowell,OAK,RB,Injured Reserve,5
460505297153159168,NCAA AMERICAN,460505298944126976,26,9,304,460383495076704256,2,5873,Riley,Ridley,CHI,WR,Active,0
460505297153159168,NCAA AMERICAN,460505298944126976,26,8,305,338808944136822784,4,2242,Chandler,Catanzaro,NYJ,K,Active,5
460505297153159168,NCAA AMERICAN,460505298944126976,26,7,306,483372287504936960,10,2545,Geoff,Swaim,JAX,TE,Active,4
460505297153159168,NCAA AMERICAN,460505298944126976,26,6,307,448960297869242368,3,775,Steven,Hauschka,BUF,K,Active,11
460505297153159168,NCAA AMERICAN,460505298944126976,26,5,308,468528626384498688,9,1911,Willie,Snead,BAL,WR,Active,5
460505297153159168,NCAA AMERICAN,460505298944126976,26,4,309,338755364516274176,7,5962,Keesean,Johnson,ARI,WR,Active,0
460505297153159168,NCAA AMERICAN,460505298944126976,26,3,310,461371192859684864,6,2003,Bennie,Fowler,NYG,WR,Active,5
460505297153159168,NCAA AMERICAN,460505298944126976,26,2,311,483060475177725952,8,1567,Tavon,Austin,DAL,RB,Active,6
460505297153159168,NCAA AMERICAN,460505298944126976,26,1,312,,1,4125,Taywan,Taylor,TEN,WR,Active,2
460505297153159168,NCAA AMERICAN,460505298944126976,27,1,313,,1,5947,Jakobi,Meyers,NE,WR,Active,0
460505297153159168,NCAA AMERICAN,460505298944126976,27,2,314,483060475177725952,8,2560,Zach,Zenner,DET,RB,Active,4
460505297153159168,NCAA AMERICAN,460505298944126976,27,3,315,461371192859684864,6,560,Demaryius,Thomas,NE,WR,Physically Unable to Perform,9
460505297153159168,NCAA AMERICAN,460505298944126976,27,4,316,338755364516274176,7,2334,Phillip,Dorsett,NE,WR,Active,4
460505297153159168,NCAA AMERICAN,460505298944126976,27,5,317,468528626384498688,9,333,Ryan,Fitzpatrick,MIA,QB,Active,14
460505297153159168,NCAA AMERICAN,460505298944126976,27,6,318,448960297869242368,3,5010,Will,Dissly,SEA,TE,Active,1
460505297153159168,NCAA AMERICAN,460505298944126976,27,7,319,483372287504936960,10,6144,Trayveon,Williams,CIN,RB,Active,0
460505297153159168,NCAA AMERICAN,460505298944126976,27,8,320,338808944136822784,4,2399,Ty,Montgomery,NYJ,RB,Active,4
460505297153159168,NCAA AMERICAN,460505298944126976,27,9,321,460383495076704256,2,5100,Jordan,Wilkins,IND,RB,Active,1
460505297153159168,NCAA AMERICAN,460505298944126976,27,10,322,482752177878593536,11,3827,Aldrick,Rosas,NYG,K,Active,3
460505297153159168,NCAA AMERICAN,460505298944126976,27,11,323,462804070080442368,5,3328,Rashard,Higgins,CLE,WR,Active,3
460505297153159168,NCAA AMERICAN,460505298944126976,27,12,324,465954574398648320,12,4622,Keelan,Cole,JAX,WR,Active,2
460505297153159168,NCAA AMERICAN,460505298944126976,28,12,325,465954574398648320,12,6001,Drew,Sample,CIN,TE,Active,0
460505297153159168,NCAA AMERICAN,460505298944126976,28,11,326,462804070080442368,5,3209,Devontae,Booker,DEN,RB,Active,3
460505297153159168,NCAA AMERICAN,460505298944126976,28,10,327,482752177878593536,11,4972,Mason,Rudolph,PIT,QB,Active,1
460505297153159168,NCAA AMERICAN,460505298944126976,28,9,328,460383495076704256,2,6136,Jarrett,Stidham,NE,QB,Active,0
460505297153159168,NCAA AMERICAN,460505298944126976,28,8,329,338808944136822784,4,4651,Corey,Clement,PHI,RB,Active,2
460505297153159168,NCAA AMERICAN,460505298944126976,28,7,330,483372287504936960,10,5919,Elijah,Holyfield,CAR,RB,Active,0
460505297153159168,NCAA AMERICAN,460505298944126976,28,6,331,448960297869242368,3,5885,Ryan,Finley,CIN,QB,Active,0
460505297153159168,NCAA AMERICAN,460505298944126976,28,5,332,468528626384498688,9,827,Tyrod,Taylor,LAC,QB,Active,8
460505297153159168,NCAA AMERICAN,460505298944126976,28,4,333,338755364516274176,7,2821,Jake,Kumerow,GB,WR,Active,4
460505297153159168,NCAA AMERICAN,460505298944126976,28,3,334,461371192859684864,6,5199,Byron,Pringle,KC,WR,Active,1
460505297153159168,NCAA AMERICAN,460505298944126976,28,2,335,483060475177725952,8,1329,Chris,Hogan,CAR,WR,Active,8
460505297153159168,NCAA AMERICAN,460505298944126976,28,1,336,,1,4531,Ricky,Seals-Jones,ARI,TE,Active,2
460505297153159168,NCAA AMERICAN,460505298944126976,29,1,337,,1,2020,Cairo,Santos,TB,K,Active,5
460505297153159168,NCAA AMERICAN,460505298944126976,29,2,338,483060475177725952,8,988,Doug,Baldwin,,WR,Inactive,8
460505297153159168,NCAA AMERICAN,460505298944126976,29,3,339,461371192859684864,6,2331,Breshad,Perriman,TB,WR,Active,4
460505297153159168,NCAA AMERICAN,460505298944126976,29,4,340,338755364516274176,7,2452,Jay,Ajayi,,RB,Inactive,4
460505297153159168,NCAA AMERICAN,460505298944126976,29,5,341,468528626384498688,9,3286,Demarcus,Robinson,KC,WR,Active,3
460505297153159168,NCAA AMERICAN,460505298944126976,29,6,342,448960297869242368,3,5903,Will,Grier,CAR,QB,Active,0
460505297153159168,NCAA AMERICAN,460505298944126976,29,7,343,483372287504936960,10,1601,Spencer,Ware,IND,RB,Physically Unable to Perform,6
460505297153159168,NCAA AMERICAN,460505298944126976,29,8,344,338808944136822784,4,4187,Brian,Hill,ATL,RB,Active,2
460505297153159168,NCAA AMERICAN,460505298944126976,29,9,345,460383495076704256,2,3309,Wendell,Smallwood,PHI,RB,Active,3
460505297153159168,NCAA AMERICAN,460505298944126976,29,10,346,482752177878593536,11,6142,Caleb,Wilson,ARI,TE,Active,0
460505297153159168,NCAA AMERICAN,460505298944126976,29,11,347,462804070080442368,5,491,Danny,Amendola,DET,WR,Active,11
460505297153159168,NCAA AMERICAN,460505298944126976,29,12,348,465954574398648320,12,1379,Kyle,Juszczyk,SF,RB,Active,6
460505297153159168,NCAA AMERICAN,460505298944126976,30,12,349,465954574398648320,12,246,Darren,Sproles,PHI,RB,Active,14
460505297153159168,NCAA AMERICAN,460505298944126976,30,11,350,462804070080442368,5,818,Bilal,Powell,NYJ,RB,Active,8
460505297153159168,NCAA AMERICAN,460505298944126976,30,10,351,482752177878593536,11,6148,Preston,Williams,MIA,WR,Active,0
460505297153159168,NCAA AMERICAN,460505298944126976,30,9,352,460383495076704256,2,6039,Ty,Johnson,DET,RB,Active,0
460505297153159168,NCAA AMERICAN,460505298944126976,30,8,353,338808944136822784,4,2671,Josh,Lambo,JAX,K,Active,4
460505297153159168,NCAA AMERICAN,460505298944126976,30,7,354,483372287504936960,10,232,Frank,Gore,BUF,RB,Active,14
460505297153159168,NCAA AMERICAN,460505298944126976,30,6,355,448960297869242368,3,6167,Jordan,Scarlett,CAR,RB,Active,0
460505297153159168,NCAA AMERICAN,460505298944126976,30,5,356,468528626384498688,9,1564,Benjamin,Cunningham,JAX,RB,Active,6
460505297153159168,NCAA AMERICAN,460505298944126976,30,4,357,338755364516274176,7,5076,John,Kelly,LAR,RB,Active,1
460505297153159168,NCAA AMERICAN,460505298944126976,30,3,358,461371192859684864,6,6011,Gardner,Minshew,JAX,QB,Active,0
460505297153159168,NCAA AMERICAN,460505298944126976,30,2,359,483060475177725952,8,2381,Chris,Conley,JAX,WR,Active,4
460505297153159168,NCAA AMERICAN,460505298944126976,30,1,360,,1,3664,JD,McKissic,SEA,RB,Active,3
460505297153159168,NCAA AMERICAN,460505298944126976,31,1,361,,1,2222,Austin,Seferian-Jenkins,,TE,Inactive,5
460505297153159168,NCAA AMERICAN,460505298944126976,31,2,362,483060475177725952,8,5123,Trenton,Cannon,NYJ,RB,Active,1
460505297153159168,NCAA AMERICAN,460505298944126976,31,3,363,461371192859684864,6,2685,Jordan,Taylor,MIN,WR,Active,4
460505297153159168,NCAA AMERICAN,460505298944126976,31,4,364,338755364516274176,7,5955,Hunter,Renfrow,OAK,WR,Active,0
460505297153159168,NCAA AMERICAN,460505298944126976,31,5,365,468528626384498688,9,5374,Justin,Watson,TB,WR,Active,1
460505297153159168,NCAA AMERICAN,460505298944126976,31,6,366,448960297869242368,3,5924,Emanuel,Hall,CHI,WR,Active,0
460505297153159168,NCAA AMERICAN,460505298944126976,31,7,367,483372287504936960,10,19,Joe,Flacco,DEN,QB,Active,11
460505297153159168,NCAA AMERICAN,460505298944126976,31,8,368,338808944136822784,4,1944,Alfred,Blue,JAX,RB,Active,5
460505297153159168,NCAA AMERICAN,460505298944126976,31,9,369,460383495076704256,2,6012,Travis,Homer,SEA,RB,Active,0
460505297153159168,NCAA AMERICAN,460505298944126976,31,10,370,482752177878593536,11,1348,Dustin,Hopkins,WAS,K,Active,6
460505297153159168,NCAA AMERICAN,460505298944126976,31,11,371,462804070080442368,5,4150,Wayne,Gallman,NYG,RB,Active,2
460505297153159168,NCAA AMERICAN,460505298944126976,31,12,372,465954574398648320,12,2892,Rod,Smith,NYG,RB,Active,4
460505297153159168,NCAA AMERICAN,460505298944126976,32,12,373,465954574398648320,12,5970,Greg,Dortch,NYJ,WR,Active,0
460505297153159168,NCAA AMERICAN,460505298944126976,32,11,374,462804070080442368,5,23,Jason,Witten,DAL,TE,Active,16
460505297153159168,NCAA AMERICAN,460505298944126976,32,10,375,482752177878593536,11,4571,Blake,Jarwin,DAL,TE,Active,2
460505297153159168,NCAA AMERICAN,460505298944126976,32,9,376,460383495076704256,2,6031,Alex,Barnes,TEN,RB,Active,0
460505297153159168,NCAA AMERICAN,460505298944126976,32,8,377,338808944136822784,4,1535,Cordarrelle,Patterson,CHI,RB,Active,6
460505297153159168,NCAA AMERICAN,460505298944126976,32,7,378,483372287504936960,10,3355,Cody,Core,CIN,WR,Active,3
460505297153159168,NCAA AMERICAN,460505298944126976,32,6,379,448960297869242368,3,6002,Qadree,Ollison,ATL,RB,Active,0
460505297153159168,NCAA AMERICAN,460505298944126976,32,5,380,468528626384498688,9,2750,Deandre,Carter,HOU,WR,Physically Unable to Perform,4
460505297153159168,NCAA AMERICAN,460505298944126976,32,4,381,338755364516274176,7,4085,Adam,Shaheen,CHI,TE,Active,2
460505297153159168,NCAA AMERICAN,460505298944126976,32,3,382,461371192859684864,6,5115,David,Williams,DEN,RB,Practice Squad,1
460505297153159168,NCAA AMERICAN,460505298944126976,32,2,383,483060475177725952,8,2412,Justin,Hardy,ATL,WR,Active,4
460505297153159168,NCAA AMERICAN,460505298944126976,32,1,384,,1,5134,Keith,Kirkwood,NO,WR,Active,1
460505297153159168,NCAA AMERICAN,460505298944126976,33,1,385,,1,188,Eli,Manning,NYG,QB,Active,15
460505297153159168,NCAA AMERICAN,460505298944126976,33,2,386,483060475177725952,8,1979,Blake,Bortles,LAR,QB,Active,5
460505297153159168,NCAA AMERICAN,460505298944126976,33,3,387,461371192859684864,6,1049,Ryan,Tannehill,TEN,QB,Active,7
460505297153159168,NCAA AMERICAN,460505298944126976,33,4,388,338755364516274176,7,127,Matt,Bryant,,K,Inactive,17
460505297153159168,NCAA AMERICAN,460505298944126976,33,5,389,468528626384498688,9,1737,Case,Keenum,WAS,QB,Active,7
460505297153159168,NCAA AMERICAN,460505298944126976,33,6,390,448960297869242368,3,5977,Terry,Godwin,CAR,WR,Active,0
460505297153159168,NCAA AMERICAN,460505298944126976,33,7,391,483372287504936960,10,826,Torrey,Smith,CAR,WR,Active,8
460505297153159168,NCAA AMERICAN,460505298944126976,33,8,392,338808944136822784,4,4381,Taysom,Hill,NO,QB,Active,2
460505297153159168,NCAA AMERICAN,460505298944126976,33,9,393,460383495076704256,2,391,Ryan,Succop,TEN,K,Active,10
460505297153159168,NCAA AMERICAN,460505298944126976,33,10,394,482752177878593536,11,6147,Clayton,Thorson,PHI,QB,Active,0
460505297153159168,NCAA AMERICAN,460505298944126976,33,11,395,462804070080442368,5,1144,Cole,Beasley,BUF,WR,Active,7
460505297153159168,NCAA AMERICAN,460505298944126976,33,12,396,465954574398648320,12,1312,Josh,Bellamy,NYJ,WR,Active,7
460505297153159168,NCAA AMERICAN,460505298944126976,34,12,397,465954574398648320,12,4319,Zach,Pascal,IND,WR,Active,2
460505297153159168,NCAA AMERICAN,460505298944126976,34,11,398,462804070080442368,5,1684,Jaron,Brown,SEA,WR,Active,6
460505297153159168,NCAA AMERICAN,460505298944126976,34,10,399,482752177878593536,11,4233,Zane,Gonzalez,ARI,K,Active,2
460505297153159168,NCAA AMERICAN,460505298944126976,34,9,400,460383495076704256,2,6165,Antoine,Wesley,BAL,WR,Active,0
460505297153159168,NCAA AMERICAN,460505298944126976,34,8,401,338808944136822784,4,1077,Travis,Benjamin,LAC,WR,Active,7
460505297153159168,NCAA AMERICAN,460505298944126976,34,7,402,483372287504936960,10,3204,CJ,Prosise,SEA,RB,Active,3
460505297153159168,NCAA AMERICAN,460505298944126976,34,6,403,448960297869242368,3,1099,Randy,Bullock,CIN,K,Active,7
460505297153159168,NCAA AMERICAN,460505298944126976,34,5,404,468528626384498688,9,4480,Jesus,Wilson,TB,WR,Active,2
460505297153159168,NCAA AMERICAN,460505298944126976,34,4,405,338755364516274176,7,5095,Daniel,Carlson,OAK,K,Active,1
460505297153159168,NCAA AMERICAN,460505298944126976,34,3,406,461371192859684864,6,1471,Brice,Butler,MIA,WR,Active,6
460505297153159168,NCAA AMERICAN,460505298944126976,34,2,407,483060475177725952,8,268,Alex,Smith,WAS,QB,Physically Unable to Perform,14
460505297153159168,NCAA AMERICAN,460505298944126976,34,1,408,,1,2699,Cameron,Meredith,NE,WR,Physically Unable to Perform,4
460505297153159168,NCAA AMERICAN,460505298944126976,35,1,409,,1,3582,Chester,Rogers,IND,WR,Active,3
460505297153159168,NCAA AMERICAN,460505298944126976,35,2,410,483060475177725952,8,2980,Eli,Rogers,PIT,WR,Active,4
460505297153159168,NCAA AMERICAN,460505298944126976,35,3,411,461371192859684864,6,2462,JJ,Nelson,OAK,WR,Active,4
460505297153159168,NCAA AMERICAN,460505298944126976,35,4,412,338755364516274176,7,5119,Jason,Sanders,MIA,K,Active,1
460505297153159168,NCAA AMERICAN,460505298944126976,35,5,413,468528626384498688,9,5587,Chris,Warren III,OAK,RB,Active,1
460505297153159168,NCAA AMERICAN,460505298944126976,35,6,414,448960297869242368,3,6107,Emmanuel,Butler,NO,WR,Active,0
460505297153159168,NCAA AMERICAN,460505298944126976,35,7,415,483372287504936960,10,4670,Artavis,Scott,LAC,WR,Active,2
460505297153159168,NCAA AMERICAN,460505298944126976,35,8,416,338808944136822784,4,2460,CJ,Uzomah,CIN,TE,Active,4
460505297153159168,NCAA AMERICAN,460505298944126976,35,9,417,460383495076704256,2,4464,Nick,Mullens,SF,QB,Active,2
460505297153159168,NCAA AMERICAN,460505298944126976,35,10,418,482752177878593536,11,3343,Nate,Sudfeld,PHI,QB,Active,3
460505297153159168,NCAA AMERICAN,460505298944126976,35,11,419,462804070080442368,5,1170,Alfred,Morris,DAL,RB,Active,7
460505297153159168,NCAA AMERICAN,460505298944126976,35,12,420,465954574398648320,12,2529,Marcus,Murphy,BUF,RB,Active,4
460505110800232448,NCAA BIG 10,463409723719282688,1,1,1,438178170542223360,2,2699,Cameron,Meredith,NE,WR,Physically Unable to Perform,4
460505110800232448,NCAA BIG 10,463409723719282688,1,2,2,388919621245210624,11,1575,Andre,Ellington,TB,RB,Active,6
460505110800232448,NCAA BIG 10,463409723719282688,1,3,3,459506557705515008,10,829,Andy,Dalton,CIN,QB,Active,8
460505110800232448,NCAA BIG 10,463409723719282688,1,4,4,460383495076704256,9,1077,Travis,Benjamin,LAC,WR,Active,7
460505110800232448,NCAA BIG 10,463409723719282688,1,5,5,456550391375458304,3,5570,Chad,Beebe,MIN,WR,Active,1
460505110800232448,NCAA BIG 10,463409723719282688,1,6,6,459190461706268672,5,560,Demaryius,Thomas,NE,WR,Physically Unable to Perform,9
460505110800232448,NCAA BIG 10,463409723719282688,1,7,7,,4,ARI,Arizona,Cardinals,ARI,DEF,,
460505110800232448,NCAA BIG 10,463409723719282688,1,8,8,340600026956906496,1,6107,Emmanuel,Butler,NO,WR,Active,0
460505110800232448,NCAA BIG 10,463409723719282688,1,9,9,460511267564548096,6,5199,Byron,Pringle,KC,WR,Active,1
460505110800232448,NCAA BIG 10,463409723719282688,1,10,10,460518714907815936,7,6136,Jarrett,Stidham,NE,QB,Active,0
460505110800232448,NCAA BIG 10,463409723719282688,1,11,11,475385751685558272,8,2560,Zach,Zenner,DET,RB,Active,4
460505110800232448,NCAA BIG 10,463409723719282688,1,12,12,443870183853912064,12,CIN,Cincinnati,Bengals,CIN,DEF,,
460505110800232448,NCAA BIG 10,463409723719282688,2,12,13,443870183853912064,12,5918,Rodney,Anderson,CIN,RB,Non Football Injury,0
460505110800232448,NCAA BIG 10,463409723719282688,2,11,14,475385751685558272,8,5134,Keith,Kirkwood,NO,WR,Active,1
460505110800232448,NCAA BIG 10,463409723719282688,2,10,15,460518714907815936,7,TB,Tampa Bay,Buccaneers,TB,DEF,,
460505110800232448,NCAA BIG 10,463409723719282688,2,9,16,460511267564548096,6,1195,Doug,Martin,OAK,RB,Active,7
460505110800232448,NCAA BIG 10,463409723719282688,2,8,17,340600026956906496,1,1684,Jaron,Brown,SEA,WR,Active,6
460505110800232448,NCAA BIG 10,463409723719282688,2,7,18,,4,1049,Ryan,Tannehill,TEN,QB,Active,7
460505110800232448,NCAA BIG 10,463409723719282688,2,6,19,459190461706268672,5,775,Steven,Hauschka,BUF,K,Active,11
460505110800232448,NCAA BIG 10,463409723719282688,2,5,20,456550391375458304,3,5947,Jakobi,Meyers,NE,WR,Active,0
460505110800232448,NCAA BIG 10,463409723719282688,2,4,21,460383495076704256,9,6164,Kahale,Warring,HOU,TE,Active,0
460505110800232448,NCAA BIG 10,463409723719282688,2,3,22,459506557705515008,10,3209,Devontae,Booker,DEN,RB,Active,3
460505110800232448,NCAA BIG 10,463409723719282688,2,2,23,388919621245210624,11,6031,Alex,Barnes,TEN,RB,Active,0
460505110800232448,NCAA BIG 10,463409723719282688,2,1,24,438178170542223360,2,1601,Spencer,Ware,IND,RB,Physically Unable to Perform,6
460505110800232448,NCAA BIG 10,463409723719282688,3,1,25,438178170542223360,2,3453,Josh,Ferguson,HOU,RB,Practice Squad,3
460505110800232448,NCAA BIG 10,463409723719282688,3,2,26,388919621245210624,11,6001,Drew,Sample,CIN,TE,Active,0
460505110800232448,NCAA BIG 10,463409723719282688,3,3,27,459506557705515008,10,455,Michael,Crabtree,,WR,Inactive,10
460505110800232448,NCAA BIG 10,463409723719282688,3,4,28,460383495076704256,9,2477,Cameron,Artis-Payne,CAR,RB,Active,4
460505110800232448,NCAA BIG 10,463409723719282688,3,5,29,456550391375458304,3,6334,Damarea,Crockett,HOU,RB,Active,0
460505110800232448,NCAA BIG 10,463409723719282688,3,6,30,459190461706268672,5,3355,Cody,Core,CIN,WR,Active,3
460505110800232448,NCAA BIG 10,463409723719282688,3,7,31,,4,2222,Austin,Seferian-Jenkins,,TE,Inactive,5
460505110800232448,NCAA BIG 10,463409723719282688,3,8,32,340600026956906496,1,3582,Chester,Rogers,IND,WR,Active,3
460505110800232448,NCAA BIG 10,463409723719282688,3,9,33,460511267564548096,6,5117,Jordan,Thomas,HOU,TE,Active,1
460505110800232448,NCAA BIG 10,463409723719282688,3,10,34,460518714907815936,7,5975,Alize,Mack,NO,TE,Active,0
460505110800232448,NCAA BIG 10,463409723719282688,3,11,35,475385751685558272,8,2545,Geoff,Swaim,JAX,TE,Active,4
460505110800232448,NCAA BIG 10,463409723719282688,3,12,36,443870183853912064,12,5374,Justin,Watson,TB,WR,Active,1
460505110800232448,NCAA BIG 10,463409723719282688,4,12,37,443870183853912064,12,3258,Nick,Vannett,SEA,TE,Active,3
460505110800232448,NCAA BIG 10,463409723719282688,4,11,38,475385751685558272,8,2312,Kevin,White,ARI,WR,Active,4
460505110800232448,NCAA BIG 10,463409723719282688,4,10,39,460518714907815936,7,391,Ryan,Succop,TEN,K,Active,10
460505110800232448,NCAA BIG 10,463409723719282688,4,9,40,460511267564548096,6,3257,Jacoby,Brissett,IND,QB,Active,3
460505110800232448,NCAA BIG 10,463409723719282688,4,8,41,340600026956906496,1,899,Dan,Bailey,MIN,K,Active,8
460505110800232448,NCAA BIG 10,463409723719282688,4,7,42,,4,2242,Chandler,Catanzaro,NYJ,K,Active,5
460505110800232448,NCAA BIG 10,463409723719282688,4,6,43,459190461706268672,5,6012,Travis,Homer,SEA,RB,Active,0
460505110800232448,NCAA BIG 10,463409723719282688,4,5,44,456550391375458304,3,3371,Darius,Jackson,DAL,RB,Practice Squad,3
460505110800232448,NCAA BIG 10,463409723719282688,4,4,45,460383495076704256,9,2020,Cairo,Santos,TB,K,Active,5
460505110800232448,NCAA BIG 10,463409723719282688,4,3,46,459506557705515008,10,1348,Dustin,Hopkins,WAS,K,Active,6
460505110800232448,NCAA BIG 10,463409723719282688,4,2,47,388919621245210624,11,4670,Artavis,Scott,LAC,WR,Active,2
460505110800232448,NCAA BIG 10,463409723719282688,4,1,48,438178170542223360,2,4162,Ryan,Switzer,PIT,WR,Active,2
460505110800232448,NCAA BIG 10,460505112721223680,1,1,1,340600026956906496,1,4866,Saquon,Barkley,NYG,RB,Active,1
460505110800232448,NCAA BIG 10,460505112721223680,1,2,2,438178170542223360,2,3164,Ezekiel,Elliott,DAL,RB,Did Not Report,3
460505110800232448,NCAA BIG 10,460505112721223680,1,3,3,456550391375458304,3,4034,Christian,McCaffrey,CAR,RB,Active,2
460505110800232448,NCAA BIG 10,460505112721223680,1,4,4,,4,4035,Alvin,Kamara,NO,RB,Active,2
460505110800232448,NCAA BIG 10,460505112721223680,1,5,5,459190461706268672,5,2391,David,Johnson,ARI,RB,Active,4
460505110800232448,NCAA BIG 10,460505112721223680,1,6,6,460511267564548096,6,1408,Le'Veon,Bell,NYJ,RB,Active,6
460505110800232448,NCAA BIG 10,460505112721223680,1,7,7,460518714907815936,7,1426,DeAndre,Hopkins,HOU,WR,Active,6
460505110800232448,NCAA BIG 10,460505112721223680,1,8,8,475385751685558272,8,2133,Davante,Adams,GB,WR,Active,5
460505110800232448,NCAA BIG 10,460505112721223680,1,9,9,460383495076704256,9,2315,Todd,Gurley,LAR,RB,Active,4
460505110800232448,NCAA BIG 10,460505112721223680,1,10,10,459506557705515008,10,2078,Odell,Beckham Jr,CLE,WR,Active,5
460505110800232448,NCAA BIG 10,460505112721223680,1,11,11,388919621245210624,11,4018,Joe,Mixon,CIN,RB,Active,2
460505110800232448,NCAA BIG 10,460505112721223680,1,12,12,443870183853912064,12,4029,Dalvin,Cook,MIN,RB,Active,2
460505110800232448,NCAA BIG 10,460505112721223680,2,12,13,443870183853912064,12,4040,JuJu,Smith-Schuster,PIT,WR,Active,2
460505110800232448,NCAA BIG 10,460505112721223680,2,11,14,388919621245210624,11,947,Julio,Jones,ATL,WR,Active,8
460505110800232448,NCAA BIG 10,460505112721223680,2,10,15,459506557705515008,10,536,Antonio,Brown,OAK,WR,Non Football Injury,9
460505110800232448,NCAA BIG 10,460505112721223680,2,9,16,460383495076704256,9,2309,Amari,Cooper,DAL,WR,Active,4
460505110800232448,NCAA BIG 10,460505112721223680,2,8,17,475385751685558272,8,3199,Michael,Thomas,NO,WR,Did Not Report,3
460505110800232448,NCAA BIG 10,460505112721223680,2,7,18,460518714907815936,7,2216,Mike,Evans,TB,WR,Active,5
460505110800232448,NCAA BIG 10,460505112721223680,2,6,19,460511267564548096,6,4137,James,Conner,PIT,RB,Active,2
460505110800232448,NCAA BIG 10,460505112721223680,2,5,20,459190461706268672,5,4988,Nick,Chubb,CLE,RB,Active,1
460505110800232448,NCAA BIG 10,460505112721223680,2,4,21,,4,1479,Keenan,Allen,LAC,WR,Active,6
460505110800232448,NCAA BIG 10,460505112721223680,2,3,22,456550391375458304,3,1466,Travis,Kelce,KC,TE,Active,6
460505110800232448,NCAA BIG 10,460505112721223680,2,2,23,438178170542223360,2,1110,T.Y.,Hilton,IND,WR,Active,7
460505110800232448,NCAA BIG 10,460505112721223680,2,1,24,340600026956906496,1,2320,Melvin,Gordon,LAC,RB,Did Not Report,4
460505110800232448,NCAA BIG 10,460505112721223680,3,1,25,340600026956906496,1,3321,Tyreek,Hill,KC,WR,Active,3
460505110800232448,NCAA BIG 10,460505112721223680,3,2,26,438178170542223360,2,3198,Derrick,Henry,TEN,RB,Active,3
460505110800232448,NCAA BIG 10,460505112721223680,3,3,27,456550391375458304,3,1689,Adam,Thielen,MIN,WR,Active,6
460505110800232448,NCAA BIG 10,460505112721223680,3,4,28,,4,5170,Phillip,Lindsay,DEN,RB,Active,1
460505110800232448,NCAA BIG 10,460505112721223680,3,5,29,459190461706268672,5,830,AJ,Green,CIN,WR,Active,8
460505110800232448,NCAA BIG 10,460505112721223680,3,6,30,460511267564548096,6,4131,Kenny,Golladay,DET,WR,Active,2
460505110800232448,NCAA BIG 10,460505112721223680,3,7,31,460518714907815936,7,4217,George,Kittle,SF,TE,Active,2
460505110800232448,NCAA BIG 10,460505112721223680,3,8,32,475385751685558272,8,3969,Leonard,Fournette,JAX,RB,Active,2
460505110800232448,NCAA BIG 10,460505112721223680,3,9,33,460383495076704256,9,2449,Stefon,Diggs,MIN,WR,Active,4
460505110800232448,NCAA BIG 10,460505112721223680,3,10,34,459506557705515008,10,1833,Damien,Williams,KC,RB,Active,5
460505110800232448,NCAA BIG 10,460505112721223680,3,11,35,388919621245210624,11,4152,Marlon,Mack,IND,RB,Active,2
460505110800232448,NCAA BIG 10,460505112721223680,3,12,36,443870183853912064,12,1339,Zach,Ertz,PHI,TE,Active,6
460505110800232448,NCAA BIG 10,460505112721223680,4,12,37,443870183853912064,12,5892,David,Montgomery,CHI,RB,Active,0
460505110800232448,NCAA BIG 10,460505112721223680,4,11,38,388919621245210624,11,1352,Robert,Woods,LAR,WR,Active,6
460505110800232448,NCAA BIG 10,460505112721223680,4,10,39,459506557705515008,10,5850,Josh,Jacobs,OAK,RB,Active,0
460505110800232448,NCAA BIG 10,460505112721223680,4,9,40,460383495076704256,9,4046,Patrick,Mahomes,KC,QB,Active,2
460505110800232448,NCAA BIG 10,460505112721223680,4,8,41,475385751685558272,8,2197,Brandin,Cooks,LAR,WR,Active,5
460505110800232448,NCAA BIG 10,460505112721223680,4,7,42,460518714907815936,7,5068,Kerryon,Johnson,DET,RB,Active,1
460505110800232448,NCAA BIG 10,460505112721223680,4,6,43,460511267564548096,6,1817,Sammy,Watkins,KC,WR,Active,5
460505110800232448,NCAA BIG 10,460505112721223680,4,5,44,459190461706268672,5,6151,Miles,Sanders,PHI,RB,Active,0
460505110800232448,NCAA BIG 10,460505112721223680,4,4,45,,4,4037,Chris,Godwin,TB,WR,Active,2
460505110800232448,NCAA BIG 10,460505112721223680,4,3,46,456550391375458304,3,2168,Devonta,Freeman,ATL,RB,Active,5
460505110800232448,NCAA BIG 10,460505112721223680,4,2,47,438178170542223360,2,4962,Sony,Michel,NE,RB,Physically Unable to Perform,1
460505110800232448,NCAA BIG 10,460505112721223680,4,1,48,340600026956906496,1,4068,Mike,Williams,LAC,WR,Active,2
460505110800232448,NCAA BIG 10,460505112721223680,5,1,49,340600026956906496,1,4199,Aaron,Jones,GB,RB,Active,2
460505110800232448,NCAA BIG 10,460505112721223680,5,2,50,438178170542223360,2,4981,Calvin,Ridley,ATL,WR,Active,1
460505110800232448,NCAA BIG 10,460505112721223680,5,3,51,456550391375458304,3,2374,Tyler,Lockett,SEA,WR,Active,4
460505110800232448,NCAA BIG 10,460505112721223680,5,4,52,,4,4098,Kareem,Hunt,CLE,RB,Non Football Injury,2
460505110800232448,NCAA BIG 10,460505112721223680,5,5,53,459190461706268672,5,344,Julian,Edelman,NE,WR,Non Football Injury,10
460505110800232448,NCAA BIG 10,460505112721223680,5,6,54,460511267564548096,6,1992,Allen,Robinson,CHI,WR,Active,5
460505110800232448,NCAA BIG 10,460505112721223680,5,7,55,460518714907815936,7,4983,D.J.,Moore,CAR,WR,Active,1
460505110800232448,NCAA BIG 10,460505112721223680,5,8,56,475385751685558272,8,1848,James,White,NE,RB,Active,5
460505110800232448,NCAA BIG 10,460505112721223680,5,9,57,460383495076704256,9,4273,Chris,Carson,SEA,RB,Active,2
460505110800232448,NCAA BIG 10,460505112721223680,5,10,58,459506557705515008,10,4157,Tarik,Cohen,CHI,RB,Active,2
460505110800232448,NCAA BIG 10,460505112721223680,5,11,59,388919621245210624,11,3225,Tyler,Boyd,CIN,WR,Active,3
460505110800232448,NCAA BIG 10,460505112721223680,5,12,60,443870183853912064,12,4039,Cooper,Kupp,LAR,WR,Active,2
460505110800232448,NCAA BIG 10,460505112721223680,6,12,61,443870183853912064,12,4992,Dante,Pettis,SF,WR,Active,1
460505110800232448,NCAA BIG 10,460505112721223680,6,11,62,388919621245210624,11,96,Aaron,Rodgers,GB,QB,Active,14
460505110800232448,NCAA BIG 10,460505112721223680,6,10,63,459506557705515008,10,1149,Alshon,Jeffery,PHI,WR,Active,7
460505110800232448,NCAA BIG 10,460505112721223680,6,9,64,460383495076704256,9,2118,Eric,Ebron,IND,TE,Active,5
460505110800232448,NCAA BIG 10,460505112721223680,6,8,65,475385751685558272,8,4892,Baker,Mayfield,CLE,QB,Active,1
460505110800232448,NCAA BIG 10,460505112721223680,6,7,66,460518714907815936,7,1111,Andrew,Luck,IND,QB,Active,7
460505110800232448,NCAA BIG 10,460505112721223680,6,6,67,460511267564548096,6,4036,Corey,Davis,TEN,WR,Active,2
460505110800232448,NCAA BIG 10,460505112721223680,6,5,68,459190461706268672,5,3242,Kenyan,Drake,MIA,RB,Active,3
460505110800232448,NCAA BIG 10,460505112721223680,6,4,69,,4,5859,A.J.,Brown,TEN,WR,Active,0
460505110800232448,NCAA BIG 10,460505112721223680,6,3,70,456550391375458304,3,1825,Jarvis,Landry,CLE,WR,Active,5
460505110800232448,NCAA BIG 10,460505112721223680,6,2,71,438178170542223360,2,4017,Deshaun,Watson,HOU,QB,Active,2
460505110800232448,NCAA BIG 10,460505112721223680,6,1,72,340600026956906496,1,956,Mark,Ingram,BAL,RB,Active,8
460505110800232448,NCAA BIG 10,460505112721223680,7,1,73,340600026956906496,1,5878,N'Keal,Harry,NE,WR,Active,0
460505110800232448,NCAA BIG 10,460505112721223680,7,2,74,438178170542223360,2,5045,Courtland,Sutton,DEN,WR,Active,1
460505110800232448,NCAA BIG 10,460505112721223680,7,3,75,456550391375458304,3,4949,Derrius,Guice,WAS,RB,Active,1
460505110800232448,NCAA BIG 10,460505112721223680,7,4,76,,4,3423,Robby,Anderson,NYJ,WR,Active,3
460505110800232448,NCAA BIG 10,460505112721223680,7,5,77,459190461706268672,5,4066,Evan,Engram,NYG,TE,Active,2
460505110800232448,NCAA BIG 10,460505112721223680,7,6,78,460511267564548096,6,24,Matt,Ryan,ATL,QB,Active,11
460505110800232448,NCAA BIG 10,460505112721223680,7,7,79,460518714907815936,7,5844,T.J.,Hockenson,DET,TE,Active,0
460505110800232448,NCAA BIG 10,460505112721223680,7,8,80,475385751685558272,8,4985,Rashaad,Penny,SEA,RB,Active,1
460505110800232448,NCAA BIG 10,460505112721223680,7,9,81,460383495076704256,9,147,DeSean,Jackson,PHI,WR,Active,11
460505110800232448,NCAA BIG 10,460505112721223680,7,10,82,459506557705515008,10,1048,Lamar,Miller,HOU,RB,Active,7
460505110800232448,NCAA BIG 10,460505112721223680,7,11,83,388919621245210624,11,4950,Christian,Kirk,ARI,WR,Active,1
460505110800232448,NCAA BIG 10,460505112721223680,7,12,84,443870183853912064,12,3161,Carson,Wentz,PHI,QB,Active,3
460505110800232448,NCAA BIG 10,460505112721223680,8,12,85,443870183853912064,12,2378,Tevin,Coleman,SF,RB,Active,4
460505110800232448,NCAA BIG 10,460505112721223680,8,11,86,388919621245210624,11,5046,Royce,Freeman,DEN,RB,Active,1
460505110800232448,NCAA BIG 10,460505112721223680,8,10,87,459506557705515008,10,5916,Darrell,Henderson,LAR,RB,Active,0
460505110800232448,NCAA BIG 10,460505112721223680,8,9,88,460383495076704256,9,4033,David,Njoku,CLE,TE,Active,2
460505110800232448,NCAA BIG 10,460505112721223680,8,8,89,475385751685558272,8,4055,OJ,Howard,TB,TE,Active,2
460505110800232448,NCAA BIG 10,460505112721223680,8,7,90,460518714907815936,7,3306,Jordan,Howard,PHI,RB,Active,3
460505110800232448,NCAA BIG 10,460505112721223680,8,6,91,460511267564548096,6,538,Emmanuel,Sanders,DEN,WR,Active,9
460505110800232448,NCAA BIG 10,460505112721223680,8,5,92,459190461706268672,5,5849,Kyler,Murray,ARI,QB,Active,0
460505110800232448,NCAA BIG 10,460505112721223680,8,4,93,,4,1234,Russell,Wilson,SEA,QB,Active,7
460505110800232448,NCAA BIG 10,460505112721223680,8,3,94,456550391375458304,3,3163,Jared,Goff,LAR,QB,Active,3
460505110800232448,NCAA BIG 10,460505112721223680,8,2,95,438178170542223360,2,4663,Austin,Ekeler,LAC,RB,Active,2
460505110800232448,NCAA BIG 10,460505112721223680,8,1,96,340600026956906496,1,4881,Lamar,Jackson,BAL,QB,Active,1
460505110800232448,NCAA BIG 10,460505112721223680,9,1,97,340600026956906496,1,1587,Vance,McDonald,PIT,TE,Active,6
460505110800232448,NCAA BIG 10,460505112721223680,9,2,98,438178170542223360,2,CHI,Chicago,Bears,CHI,DEF,,
460505110800232448,NCAA BIG 10,460505112721223680,9,3,99,456550391375458304,3,5007,Keke,Coutee,HOU,WR,Active,1
460505110800232448,NCAA BIG 10,460505112721223680,9,4,100,,4,5009,Chris,Herndon IV,NYJ,TE,Suspended,1
460505110800232448,NCAA BIG 10,460505112721223680,9,5,101,459190461706268672,5,5917,Mecole,Hardman,KC,WR,Active,0
460505110800232448,NCAA BIG 10,460505112721223680,9,6,102,460511267564548096,6,3214,Hunter,Henry,LAC,TE,Active,3
460505110800232448,NCAA BIG 10,460505112721223680,9,7,103,460518714907815936,7,3200,Sterling,Shepard,NYG,WR,Active,3
460505110800232448,NCAA BIG 10,460505112721223680,9,8,104,475385751685558272,8,3157,Will,Fuller,HOU,WR,Active,3
460505110800232448,NCAA BIG 10,460505112721223680,9,9,105,460383495076704256,9,4080,Zay,Jones,BUF,WR,Active,2
460505110800232448,NCAA BIG 10,460505112721223680,9,10,106,459506557705515008,10,289,Drew,Brees,NO,QB,Active,18
460505110800232448,NCAA BIG 10,460505112721223680,9,11,107,388919621245210624,11,1476,Latavius,Murray,NO,RB,Active,6
460505110800232448,NCAA BIG 10,460505112721223680,9,12,108,443870183853912064,12,5086,Marquez,Valdes-Scantling,GB,WR,Active,1
460505110800232448,NCAA BIG 10,460505112721223680,10,12,109,443870183853912064,12,4111,D'Onta,Foreman,HOU,RB,Active,2
460505110800232448,NCAA BIG 10,460505112721223680,10,11,110,388919621245210624,11,4998,Daesean,Hamilton,DEN,WR,Active,1
460505110800232448,NCAA BIG 10,460505112721223680,10,10,111,459506557705515008,10,1346,Marquise,Goodwin,SF,WR,Active,6
460505110800232448,NCAA BIG 10,460505112721223680,10,9,112,460383495076704256,9,5310,Antonio,Callaway,CLE,WR,Active,1
460505110800232448,NCAA BIG 10,460505112721223680,10,8,113,475385751685558272,8,5872,Deebo,Samuel,SF,WR,Active,0
460505110800232448,NCAA BIG 10,460505112721223680,10,7,114,460518714907815936,7,5052,Ronald,Jones II,TB,RB,Active,1
460505110800232448,NCAA BIG 10,460505112721223680,10,6,115,460511267564548096,6,5013,Anthony,Miller,CHI,WR,Active,1
460505110800232448,NCAA BIG 10,460505112721223680,10,5,116,459190461706268672,5,331,Philip,Rivers,LAC,QB,Active,15
460505110800232448,NCAA BIG 10,460505112721223680,10,4,117,,4,5846,D.K.,Metcalf,SEA,WR,Active,0
460505110800232448,NCAA BIG 10,460505112721223680,10,3,118,456550391375458304,3,5880,Parris,Campbell,IND,WR,Active,0
460505110800232448,NCAA BIG 10,460505112721223680,10,2,119,438178170542223360,2,1067,Marvin,Jones,DET,WR,Active,7
460505110800232448,NCAA BIG 10,460505112721223680,10,1,120,340600026956906496,1,3503,Geronimo,Allison,GB,WR,Active,3
460505110800232448,NCAA BIG 10,460505112721223680,11,1,121,340600026956906496,1,954,Cam,Newton,CAR,QB,Active,8
460505110800232448,NCAA BIG 10,460505112721223680,11,2,122,438178170542223360,2,367,Jared,Cook,NO,TE,Active,10
460505110800232448,NCAA BIG 10,460505112721223680,11,3,123,456550391375458304,3,4146,Dede,Westbrook,JAX,WR,Active,2
460505110800232448,NCAA BIG 10,460505112721223680,11,4,124,,4,788,Dion,Lewis,TEN,RB,Active,8
460505110800232448,NCAA BIG 10,460505112721223680,11,5,125,459190461706268672,5,5038,Michael,Gallup,DAL,WR,Active,1
460505110800232448,NCAA BIG 10,460505112721223680,11,6,126,460511267564548096,6,2583,Tyrell,Williams,OAK,WR,Active,4
460505110800232448,NCAA BIG 10,460505112721223680,11,7,127,460518714907815936,7,5848,Marquise,Brown,BAL,WR,Non Football Injury,0
460505110800232448,NCAA BIG 10,460505112721223680,11,8,128,475385751685558272,8,2346,Devin,Funchess,IND,WR,Active,4
460505110800232448,NCAA BIG 10,460505112721223680,11,9,129,460383495076704256,9,167,Tom,Brady,NE,QB,Active,19
460505110800232448,NCAA BIG 10,460505112721223680,11,10,130,459506557705515008,10,223,Larry,Fitzgerald,ARI,WR,Active,15
460505110800232448,NCAA BIG 10,460505112721223680,11,11,131,388919621245210624,11,5915,Andy,Isabella,ARI,WR,Active,0
460505110800232448,NCAA BIG 10,460505112721223680,11,12,132,443870183853912064,12,4082,Curtis,Samuel,CAR,WR,Active,2
460505110800232448,NCAA BIG 10,460505112721223680,12,12,133,443870183853912064,12,3202,Austin,Hooper,ATL,TE,Active,3
460505110800232448,NCAA BIG 10,460505112721223680,12,11,134,388919621245210624,11,4984,Josh,Allen,BUF,QB,Active,1
460505110800232448,NCAA BIG 10,460505112721223680,12,10,135,459506557705515008,10,284,Delanie,Walker,TEN,TE,Active,13
460505110800232448,NCAA BIG 10,460505112721223680,12,9,136,460383495076704256,9,676,LeSean,McCoy,BUF,RB,Active,10
460505110800232448,NCAA BIG 10,460505112721223680,12,8,137,475385751685558272,8,5024,James,Washington,PIT,WR,Active,1
460505110800232448,NCAA BIG 10,460505112721223680,12,7,138,460518714907815936,7,4943,Sam,Darnold,NYJ,QB,Active,1
460505110800232448,NCAA BIG 10,460505112721223680,12,6,139,460511267564548096,6,6130,Devin,Singletary,BUF,RB,Active,0
460505110800232448,NCAA BIG 10,460505112721223680,12,5,140,459190461706268672,5,3976,Mitch,Trubisky,CHI,QB,Active,2
460505110800232448,NCAA BIG 10,460505112721223680,12,4,141,,4,5890,Damien,Harris,NE,RB,Active,0
460505110800232448,NCAA BIG 10,460505112721223680,12,3,142,456550391375458304,3,5004,Ito,Smith,ATL,RB,Active,1
460505110800232448,NCAA BIG 10,460505112721223680,12,2,143,438178170542223360,2,1451,CJ,Anderson,DET,RB,Active,6
460505110800232448,NCAA BIG 10,460505112721223680,12,1,144,340600026956906496,1,6156,Benny,Snell Jr.,PIT,RB,Active,0
460505110800232448,NCAA BIG 10,460505112721223680,13,1,145,340600026956906496,1,5919,Elijah,Holyfield,CAR,RB,Active,0
460505110800232448,NCAA BIG 10,460505112721223680,13,2,146,438178170542223360,2,138,Ben,Roethlisberger,PIT,QB,Active,15
460505110800232448,NCAA BIG 10,460505112721223680,13,3,147,456550391375458304,3,3868,Jalen,Richard,OAK,RB,Active,3
460505110800232448,NCAA BIG 10,460505112721223680,13,4,148,,4,642,Golden,Tate,NYG,WR,Active,9
460505110800232448,NCAA BIG 10,460505112721223680,13,5,149,459190461706268672,5,5026,Tre'Quan,Smith,NO,WR,Active,1
460505110800232448,NCAA BIG 10,460505112721223680,13,6,150,460511267564548096,6,5012,Mark,Andrews,BAL,TE,Active,1
460505110800232448,NCAA BIG 10,460505112721223680,13,7,151,460518714907815936,7,4455,Matt,Breida,SF,RB,Active,2
460505110800232448,NCAA BIG 10,460505112721223680,13,8,152,475385751685558272,8,5863,JJ,Arcega-Whiteside,PHI,WR,Active,0
460505110800232448,NCAA BIG 10,460505112721223680,13,9,153,460383495076704256,9,BAL,Baltimore,Ravens,BAL,DEF,,
460505110800232448,NCAA BIG 10,460505112721223680,13,10,154,459506557705515008,10,1266,Greg,Zuerlein,LAR,K,Active,7
460505110800232448,NCAA BIG 10,460505112721223680,13,11,155,388919621245210624,11,1706,Jack,Doyle,IND,TE,Active,6
460505110800232448,NCAA BIG 10,460505112721223680,13,12,156,443870183853912064,12,5107,Jaylen,Samuels,PIT,RB,Active,1
460505110800232448,NCAA BIG 10,460505112721223680,14,12,157,443870183853912064,12,2306,Jameis,Winston,TB,QB,Active,4
460505110800232448,NCAA BIG 10,460505112721223680,14,11,158,388919621245210624,11,DEN,Denver,Broncos,DEN,DEF,,
460505110800232448,NCAA BIG 10,460505112721223680,14,10,159,459506557705515008,10,695,Ted,Ginn,NO,WR,Active,12
460505110800232448,NCAA BIG 10,460505112721223680,14,9,160,460383495076704256,9,232,Frank,Gore,BUF,RB,Active,14
460505110800232448,NCAA BIG 10,460505112721223680,14,8,161,475385751685558272,8,2161,Jerick,McKinnon,SF,RB,Physically Unable to Perform,5
460505110800232448,NCAA BIG 10,460505112721223680,14,7,162,460518714907815936,7,5022,Dallas,Goedert,PHI,TE,Active,1
460505110800232448,NCAA BIG 10,460505112721223680,14,6,163,460511267564548096,6,1793,Trey,Burton,CHI,TE,Active,5
460505110800232448,NCAA BIG 10,460505112721223680,14,5,164,459190461706268672,5,3678,Wil,Lutz,NO,K,Active,3
460505110800232448,NCAA BIG 10,460505112721223680,14,4,165,,4,JAX,Jacksonville,Jaguars,JAX,DEF,,
460505110800232448,NCAA BIG 10,460505112721223680,14,3,166,456550391375458304,3,1837,Jimmy,Garoppolo,SF,QB,Active,5
460505110800232448,NCAA BIG 10,460505112721223680,14,2,167,438178170542223360,2,1555,Kenny,Stills,MIA,WR,Active,6
460505110800232448,NCAA BIG 10,460505112721223680,14,1,168,340600026956906496,1,5995,Justice,Hill,BAL,RB,Active,0
460505110800232448,NCAA BIG 10,460505112721223680,15,1,169,340600026956906496,1,2025,Albert,Wilson,MIA,WR,Active,5
460505110800232448,NCAA BIG 10,460505112721223680,15,2,170,438178170542223360,2,4227,Harrison,Butker,KC,K,Active,2
460505110800232448,NCAA BIG 10,460505112721223680,15,3,171,456550391375458304,3,4144,Jonnu,Smith,TEN,TE,Physically Unable to Perform,2
460505110800232448,NCAA BIG 10,460505112721223680,15,4,172,,4,1500,Jordan,Reed,WAS,TE,Active,6
460505110800232448,NCAA BIG 10,460505112721223680,15,5,173,459190461706268672,5,616,Jimmy,Graham,GB,TE,Active,9
460505110800232448,NCAA BIG 10,460505112721223680,15,6,174,460511267564548096,6,5250,Robert,Foster,BUF,WR,Active,1
460505110800232448,NCAA BIG 10,460505112721223680,15,7,175,460518714907815936,7,3594,Peyton,Barber,TB,RB,Active,3
460505110800232448,NCAA BIG 10,460505112721223680,15,8,176,475385751685558272,8,LAR,Los Angeles,Rams,LAR,DEF,,
460505110800232448,NCAA BIG 10,460505112721223680,15,9,177,460383495076704256,9,17,Matt,Prater,DET,K,Active,13
460505110800232448,NCAA BIG 10,460505112721223680,15,10,178,459506557705515008,10,58,Greg,Olsen,CAR,TE,Active,12
460505110800232448,NCAA BIG 10,460505112721223680,15,11,179,388919621245210624,11,5857,Noah,Fant,DEN,TE,Active,0
460505110800232448,NCAA BIG 10,460505112721223680,15,12,180,443870183853912064,12,LAC,Los Angeles,Chargers,LAC,DEF,,
460505110800232448,NCAA BIG 10,460505112721223680,16,12,181,443870183853912064,12,2382,Duke,Johnson,CLE,RB,Active,4
460505110800232448,NCAA BIG 10,460505112721223680,16,11,182,388919621245210624,11,3451,Ka'imi,Fairbairn,HOU,K,Active,3
460505110800232448,NCAA BIG 10,460505112721223680,16,10,183,459506557705515008,10,184,Adrian,Peterson,WAS,RB,Active,12
460505110800232448,NCAA BIG 10,460505112721223680,16,9,184,460383495076704256,9,2452,Jay,Ajayi,,RB,Inactive,4
460505110800232448,NCAA BIG 10,460505112721223680,16,8,185,475385751685558272,8,110,Stephen,Gostkowski,NE,K,Active,13
460505110800232448,NCAA BIG 10,460505112721223680,16,7,186,460518714907815936,7,HOU,Houston,Texans,HOU,DEF,,
460505110800232448,NCAA BIG 10,460505112721223680,16,6,187,460511267564548096,6,1166,Kirk,Cousins,MIN,QB,Active,7
460505110800232448,NCAA BIG 10,460505112721223680,16,5,188,459190461706268672,5,NO,New Orleans,Saints,NO,DEF,,
460505110800232448,NCAA BIG 10,460505112721223680,16,4,189,,4,3294,Dak,Prescott,DAL,QB,Active,3
460505110800232448,NCAA BIG 10,460505112721223680,16,3,190,456550391375458304,3,MIN,Minnesota,Vikings,MIN,DEF,,
460505110800232448,NCAA BIG 10,460505112721223680,16,2,191,438178170542223360,2,943,Kyle,Rudolph,MIN,TE,Active,8
460505110800232448,NCAA BIG 10,460505112721223680,16,1,192,340600026956906496,1,333,Ryan,Fitzpatrick,MIA,QB,Active,14
460505110800232448,NCAA BIG 10,460505112721223680,17,1,193,340600026956906496,1,PHI,Philadelphia,Eagles,PHI,DEF,,
460505110800232448,NCAA BIG 10,460505112721223680,17,2,194,438178170542223360,2,5845,Dwayne,Haskins,WAS,QB,Active,0
460505110800232448,NCAA BIG 10,460505112721223680,17,3,195,456550391375458304,3,4195,Jake,Elliott,PHI,K,Active,2
460505110800232448,NCAA BIG 10,460505112721223680,17,4,196,,4,1264,Justin,Tucker,BAL,K,Active,7
460505110800232448,NCAA BIG 10,460505112721223680,17,5,197,459190461706268672,5,6007,Ryquell,Armstead,JAX,RB,Active,0
460505110800232448,NCAA BIG 10,460505112721223680,17,6,198,460511267564548096,6,TEN,Tennessee,Titans,TEN,DEF,,
460505110800232448,NCAA BIG 10,460505112721223680,17,7,199,460518714907815936,7,5131,Justin,Jackson,LAC,RB,Active,1
460505110800232448,NCAA BIG 10,460505112721223680,17,8,200,475385751685558272,8,4995,Ian,Thomas,CAR,TE,Active,1
460505110800232448,NCAA BIG 10,460505112721223680,17,9,201,460383495076704256,9,6159,Mike,Weber,DAL,RB,Active,0
460505110800232448,NCAA BIG 10,460505112721223680,17,10,202,459506557705515008,10,1071,Mohamed,Sanu,ATL,WR,Active,7
460505110800232448,NCAA BIG 10,460505112721223680,17,11,203,388919621245210624,11,5987,Alexander,Mattison,MIN,RB,Active,0
460505110800232448,NCAA BIG 10,460505112721223680,17,12,204,443870183853912064,12,BUF,Buffalo,Bills,BUF,DEF,,
460505110800232448,NCAA BIG 10,460505112721223680,18,12,205,443870183853912064,12,5230,Michael,Badgley,LAC,K,Practice Squad,1
460505110800232448,NCAA BIG 10,460505112721223680,18,11,206,388919621245210624,11,5347,Nyheim,Hines,IND,RB,Active,1
460505110800232448,NCAA BIG 10,460505112721223680,18,10,207,459506557705515008,10,NE,New England,Patriots,NE,DEF,,
460505110800232448,NCAA BIG 10,460505112721223680,18,9,208,460383495076704256,9,DAL,Dallas,Cowboys,DAL,DEF,,
460505110800232448,NCAA BIG 10,460505112721223680,18,8,209,475385751685558272,8,3342,Jakeem,Grant,MIA,WR,Active,3
460505110800232448,NCAA BIG 10,460505112721223680,18,7,210,460518714907815936,7,5854,Drew,Lock,DEN,QB,Active,0
460505110800232448,NCAA BIG 10,460505112721223680,18,6,211,460511267564548096,6,4994,Kalen,Ballage,MIA,RB,Active,1
460505110800232448,NCAA BIG 10,460505112721223680,18,5,212,459190461706268672,5,5965,Miles,Boykin,BAL,WR,Active,0
460505110800232448,NCAA BIG 10,460505112721223680,18,4,213,,4,2319,Devante,Parker,MIA,WR,Active,4
460505110800232448,NCAA BIG 10,460505112721223680,18,3,214,456550391375458304,3,5911,Jalen,Hurd,SF,WR,Active,0
460505110800232448,NCAA BIG 10,460505112721223680,18,2,215,438178170542223360,2,PIT,Pittsburgh,Steelers,PIT,DEF,,
460505110800232448,NCAA BIG 10,460505112721223680,18,1,216,340600026956906496,1,503,Graham,Gano,CAR,K,Active,10
460505110800232448,NCAA BIG 10,460505112721223680,19,1,217,340600026956906496,1,5937,Diontae,Johnson,PIT,WR,Active,0
460505110800232448,NCAA BIG 10,460505112721223680,19,2,218,438178170542223360,2,1386,Giovani,Bernard,CIN,RB,Active,6
460505110800232448,NCAA BIG 10,460505112721223680,19,3,219,456550391375458304,3,4973,Hayden,Hurst,BAL,TE,Active,1
460505110800232448,NCAA BIG 10,460505112721223680,19,4,220,,4,GB,Green Bay,Packers,GB,DEF,,
460505110800232448,NCAA BIG 10,460505112721223680,19,5,221,459190461706268672,5,2944,Matt,LaCosse,NE,TE,Active,4
460505110800232448,NCAA BIG 10,460505112721223680,19,6,222,460511267564548096,6,3827,Aldrick,Rosas,NYG,K,Active,3
460505110800232448,NCAA BIG 10,460505112721223680,19,7,223,460518714907815936,7,4149,Jamaal,Williams,GB,RB,Active,2
460505110800232448,NCAA BIG 10,460505112721223680,19,8,224,475385751685558272,8,4951,D.J.,Chark,JAX,WR,Active,1
460505110800232448,NCAA BIG 10,460505112721223680,19,9,225,460383495076704256,9,5903,Will,Grier,CAR,QB,Active,0
460505110800232448,NCAA BIG 10,460505112721223680,19,10,226,459506557705515008,10,23,Jason,Witten,DAL,TE,Active,16
460505110800232448,NCAA BIG 10,460505112721223680,19,11,227,388919621245210624,11,2238,John,Brown,BUF,WR,Active,5
460505110800232448,NCAA BIG 10,460505112721223680,19,12,228,443870183853912064,12,5000,Chase,Edmonds,ARI,RB,Active,1
460505110800232448,NCAA BIG 10,460505112721223680,20,12,229,443870183853912064,12,6126,Irv,Smith Jr.,MIN,TE,Active,0
460505110800232448,NCAA BIG 10,460505112721223680,20,11,230,388919621245210624,11,5010,Will,Dissly,SEA,TE,Active,1
460505110800232448,NCAA BIG 10,460505112721223680,20,10,231,459506557705515008,10,1971,Donte,Moncrief,PIT,WR,Active,5
460505110800232448,NCAA BIG 10,460505112721223680,20,9,232,460383495076704256,9,4218,Trent,Taylor,SF,WR,Active,2
460505110800232448,NCAA BIG 10,460505112721223680,20,8,233,475385751685558272,8,1911,Willie,Snead,BAL,WR,Active,5
460505110800232448,NCAA BIG 10,460505112721223680,20,7,234,460518714907815936,7,4038,John,Ross,CIN,WR,Active,2
460505110800232448,NCAA BIG 10,460505112721223680,20,6,235,460511267564548096,6,6139,Jace,Sternberger,GB,TE,Active,0
460505110800232448,NCAA BIG 10,460505112721223680,20,5,236,459190461706268672,5,5886,Hakeem,Butler,ARI,WR,Active,0
460505110800232448,NCAA BIG 10,460505112721223680,20,4,237,,4,2028,Derek,Carr,OAK,QB,Active,5
460505110800232448,NCAA BIG 10,460505112721223680,20,3,238,456550391375458304,3,1854,Quincy,Enunwa,NYJ,WR,Active,5
460505110800232448,NCAA BIG 10,460505112721223680,20,2,239,438178170542223360,2,421,Matthew,Stafford,DET,QB,Active,10
460505110800232448,NCAA BIG 10,460505112721223680,20,1,240,340600026956906496,1,1144,Cole,Beasley,BUF,WR,Active,7
460505110800232448,NCAA BIG 10,460505112721223680,21,1,241,340600026956906496,1,2399,Ty,Montgomery,NYJ,RB,Active,4
460505110800232448,NCAA BIG 10,460505112721223680,21,2,242,438178170542223360,2,5927,Terry,McLaurin,WAS,WR,Active,0
460505110800232448,NCAA BIG 10,460505112721223680,21,3,243,456550391375458304,3,1388,Tyler,Eifert,CIN,TE,Active,6
460505110800232448,NCAA BIG 10,460505112721223680,21,4,244,,4,2410,Jamison,Crowder,NYJ,WR,Active,4
460505110800232448,NCAA BIG 10,460505112721223680,21,5,245,459190461706268672,5,5889,Bryce,Love,WAS,RB,Non Football Injury,0
460505110800232448,NCAA BIG 10,460505112721223680,21,6,246,460511267564548096,6,1502,Chris,Thompson,WAS,RB,Active,6
460505110800232448,NCAA BIG 10,460505112721223680,21,7,247,460518714907815936,7,2431,Mike,Davis,CHI,RB,Active,4
460505110800232448,NCAA BIG 10,460505112721223680,21,8,248,475385751685558272,8,6002,Qadree,Ollison,ATL,RB,Active,0
460505110800232448,NCAA BIG 10,460505112721223680,21,9,249,460383495076704256,9,4651,Corey,Clement,PHI,RB,Active,2
460505110800232448,NCAA BIG 10,460505112721223680,21,10,250,459506557705515008,10,3178,Josh,Doctson,WAS,WR,Active,3
460505110800232448,NCAA BIG 10,460505112721223680,21,11,251,388919621245210624,11,5884,Kelvin,Harmon,WAS,WR,Active,0
460505110800232448,NCAA BIG 10,460505112721223680,21,12,252,443870183853912064,12,6178,Darwin,Thompson,KC,RB,Active,0
460505110800232448,NCAA BIG 10,460505112721223680,22,12,253,443870183853912064,12,2381,Chris,Conley,JAX,WR,Active,4
460505110800232448,NCAA BIG 10,460505112721223680,22,11,254,388919621245210624,11,2588,Malcolm,Brown,LAR,RB,Active,4
460505110800232448,NCAA BIG 10,460505112721223680,22,10,255,459506557705515008,10,5248,Gus,Edwards,BAL,RB,Active,1
460505110800232448,NCAA BIG 10,460505112721223680,22,9,256,460383495076704256,9,6153,Dexter,Williams,GB,RB,Active,0
460505110800232448,NCAA BIG 10,460505112721223680,22,8,257,475385751685558272,8,2334,Phillip,Dorsett,NE,WR,Active,4
460505110800232448,NCAA BIG 10,460505112721223680,22,7,258,460518714907815936,7,4993,Mike,Gesicki,MIA,TE,Active,1
460505110800232448,NCAA BIG 10,460505112721223680,22,6,259,460511267564548096,6,2279,Paul,Richardson,WAS,WR,Active,5
460505110800232448,NCAA BIG 10,460505112721223680,22,5,260,459190461706268672,5,49,Robbie,Gould,SF,K,Active,14
460505110800232448,NCAA BIG 10,460505112721223680,22,4,261,,4,4274,David,Moore,SEA,WR,Active,2
460505110800232448,NCAA BIG 10,460505112721223680,22,3,262,456550391375458304,3,2307,Marcus,Mariota,TEN,QB,Active,4
460505110800232448,NCAA BIG 10,460505112721223680,22,2,263,438178170542223360,2,1944,Alfred,Blue,JAX,RB,Active,5
460505110800232448,NCAA BIG 10,460505112721223680,22,1,264,340600026956906496,1,4381,Taysom,Hill,NO,QB,Active,2
460505110800232448,NCAA BIG 10,460505112721223680,23,1,265,340600026956906496,1,5955,Hunter,Renfrow,OAK,WR,Active,0
460505110800232448,NCAA BIG 10,460505112721223680,23,2,266,438178170542223360,2,1750,Giorgio,Tavecchio,ATL,K,Active,7
460505110800232448,NCAA BIG 10,460505112721223680,23,3,267,456550391375458304,3,5873,Riley,Ridley,CHI,WR,Active,0
460505110800232448,NCAA BIG 10,460505112721223680,23,4,268,,4,1903,Taylor,Gabriel,CHI,WR,Active,5
460505110800232448,NCAA BIG 10,460505112721223680,23,5,269,459190461706268672,5,5101,Deon,Cain,IND,WR,Active,1
460505110800232448,NCAA BIG 10,460505112721223680,23,6,270,460511267564548096,6,6167,Jordan,Scarlett,CAR,RB,Active,0
460505110800232448,NCAA BIG 10,460505112721223680,23,7,271,460518714907815936,7,1987,Marqise,Lee,JAX,WR,Physically Unable to Perform,5
460505110800232448,NCAA BIG 10,460505112721223680,23,8,272,475385751685558272,8,CAR,Carolina,Panthers,CAR,DEF,,
460505110800232448,NCAA BIG 10,460505112721223680,23,9,273,460383495076704256,9,6142,Caleb,Wilson,ARI,TE,Active,0
460505110800232448,NCAA BIG 10,460505112721223680,23,10,274,459506557705515008,10,19,Joe,Flacco,DEN,QB,Active,11
460505110800232448,NCAA BIG 10,460505112721223680,23,11,275,388919621245210624,11,5139,Trey,Quinn,WAS,WR,Active,1
460505110800232448,NCAA BIG 10,460505112721223680,23,12,276,443870183853912064,12,5870,Daniel,Jones,NYG,QB,Active,0
460505110800232448,NCAA BIG 10,460505112721223680,24,12,277,443870183853912064,12,3286,Demarcus,Robinson,KC,WR,Active,3
460505110800232448,NCAA BIG 10,460505112721223680,24,11,278,388919621245210624,11,IND,Indianapolis,Colts,IND,DEF,,
460505110800232448,NCAA BIG 10,460505112721223680,24,10,279,459506557705515008,10,4150,Wayne,Gallman,NYG,RB,Active,2
460505110800232448,NCAA BIG 10,460505112721223680,24,9,280,460383495076704256,9,229,Phil,Dawson,,K,Inactive,21
460505110800232448,NCAA BIG 10,460505112721223680,24,8,281,475385751685558272,8,1567,Tavon,Austin,DAL,RB,Active,6
460505110800232448,NCAA BIG 10,460505112721223680,24,7,282,460518714907815936,7,59,Mason,Crosby,GB,K,Non Football Injury,12
460505110800232448,NCAA BIG 10,460505112721223680,24,6,283,460511267564548096,6,DET,Detroit,Lions,DET,DEF,,
460505110800232448,NCAA BIG 10,460505112721223680,24,5,284,459190461706268672,5,1244,Josh,Gordon,NE,WR,Active,7
460505110800232448,NCAA BIG 10,460505112721223680,24,4,285,,4,ATL,Atlanta,Falcons,ATL,DEF,,
460505110800232448,NCAA BIG 10,460505112721223680,24,3,286,456550391375458304,3,6045,Gary,Jennings Jr.,SEA,WR,Active,0
460505110800232448,NCAA BIG 10,460505112721223680,24,2,287,438178170542223360,2,5967,Tony,Pollard,DAL,RB,Active,0
460505110800232448,NCAA BIG 10,460505112721223680,24,1,288,340600026956906496,1,6144,Trayveon,Williams,CIN,RB,Active,0
460505110800232448,NCAA BIG 10,460505112721223680,25,1,289,340600026956906496,1,5976,Karan,Higdon,HOU,RB,Active,0
460505110800232448,NCAA BIG 10,460505112721223680,25,2,290,438178170542223360,2,928,Randall,Cobb,DAL,WR,Active,8
460505110800232448,NCAA BIG 10,460505112721223680,25,3,291,456550391375458304,3,5100,Jordan,Wilkins,IND,RB,Active,1
460505110800232448,NCAA BIG 10,460505112721223680,25,4,292,,4,2505,Darren,Waller,OAK,TE,Practice Squad,4
460505110800232448,NCAA BIG 10,460505112721223680,25,5,293,459190461706268672,5,NYJ,New York,Jets,NYJ,DEF,,
460505110800232448,NCAA BIG 10,460505112721223680,25,6,294,460511267564548096,6,6223,Juwann,Winfree,DEN,WR,Active,0
460505110800232448,NCAA BIG 10,460505112721223680,25,7,295,460518714907815936,7,2325,Nelson,Agholor,PHI,WR,Active,4
460505110800232448,NCAA BIG 10,460505112721223680,25,8,296,475385751685558272,8,6072,Bruce,Anderson,TB,RB,Active,0
460505110800232448,NCAA BIG 10,460505112721223680,25,9,297,460383495076704256,9,4863,Josh,Rosen,MIA,QB,Active,1
460505110800232448,NCAA BIG 10,460505112721223680,25,10,298,459506557705515008,10,1387,Rex,Burkhead,NE,RB,Active,6
460505110800232448,NCAA BIG 10,460505112721223680,25,11,299,388919621245210624,11,5323,Equanimeous,St. Brown,GB,WR,Active,1
460505110800232448,NCAA BIG 10,460505112721223680,25,12,300,443870183853912064,12,491,Danny,Amendola,DET,WR,Active,11
460505110800232448,NCAA BIG 10,460505112721223680,26,12,301,443870183853912064,12,120,Adam,Vinatieri,IND,K,Active,23
460505110800232448,NCAA BIG 10,460505112721223680,26,11,302,388919621245210624,11,6011,Gardner,Minshew,JAX,QB,Active,0
460505110800232448,NCAA BIG 10,460505112721223680,26,10,303,459506557705515008,10,574,Dez,Bryant,,WR,Inactive,9
460505110800232448,NCAA BIG 10,460505112721223680,26,9,304,460383495076704256,9,4445,Keon,Hatcher,OAK,WR,Active,2
460505110800232448,NCAA BIG 10,460505112721223680,26,8,305,475385751685558272,8,5980,Myles,Gaskin,MIA,RB,Active,0
460505110800232448,NCAA BIG 10,460505112721223680,26,7,306,460518714907815936,7,2341,TJ,Yeldon,BUF,RB,Active,4
460505110800232448,NCAA BIG 10,460505112721223680,26,6,307,460511267564548096,6,2004,Cody,Latimer,NYG,WR,Active,5
460505110800232448,NCAA BIG 10,460505112721223680,26,5,308,459190461706268672,5,4958,Brett,Maher,DAL,K,Active,6
460505110800232448,NCAA BIG 10,460505112721223680,26,4,309,,4,2152,Teddy,Bridgewater,NO,QB,Active,5
460505110800232448,NCAA BIG 10,460505112721223680,26,3,310,456550391375458304,3,3155,Laquon,Treadwell,MIN,WR,Active,3
460505110800232448,NCAA BIG 10,460505112721223680,26,2,311,438178170542223360,2,2121,TJ,Jones,NYG,WR,Active,5
460505110800232448,NCAA BIG 10,460505112721223680,26,1,312,340600026956906496,1,6154,David,Sills V,BUF,WR,Active,0
460505110800232448,NCAA BIG 10,460505112721223680,27,1,313,340600026956906496,1,5938,Lil'jordan,Humphrey,NO,WR,Active,0
460505110800232448,NCAA BIG 10,460505112721223680,27,2,314,438178170542223360,2,2747,Jason,Myers,SEA,K,Active,4
460505110800232448,NCAA BIG 10,460505112721223680,27,3,315,456550391375458304,3,6148,Preston,Williams,MIA,WR,Active,0
460505110800232448,NCAA BIG 10,460505112721223680,27,4,316,,4,6039,Ty,Johnson,DET,RB,Active,0
460505110800232448,NCAA BIG 10,460505112721223680,27,5,317,459190461706268672,5,4972,Mason,Rudolph,PIT,QB,Active,1
460505110800232448,NCAA BIG 10,460505112721223680,27,6,318,460511267564548096,6,5924,Emanuel,Hall,CHI,WR,Active,0
460505110800232448,NCAA BIG 10,460505112721223680,27,7,319,460518714907815936,7,1029,Nick,Foles,JAX,QB,Active,7
460505110800232448,NCAA BIG 10,460505112721223680,27,8,320,475385751685558272,8,2003,Bennie,Fowler,NYG,WR,Active,5
460505110800232448,NCAA BIG 10,460505112721223680,27,9,321,460383495076704256,9,6448,Darrin,Hall,GB,RB,Active,0
460505110800232448,NCAA BIG 10,460505112721223680,27,10,322,459506557705515008,10,6149,Darius,Slayton,NYG,WR,Active,0
460505110800232448,NCAA BIG 10,460505112721223680,27,11,323,388919621245210624,11,4464,Nick,Mullens,SF,QB,Active,2
460505110800232448,NCAA BIG 10,460505112721223680,27,12,324,443870183853912064,12,2331,Breshad,Perriman,TB,WR,Active,4
460505110800232448,NCAA BIG 10,460505112721223680,28,12,325,443870183853912064,12,1901,Isaiah,Crowell,OAK,RB,Injured Reserve,5
460505110800232448,NCAA BIG 10,460505112721223680,28,11,326,388919621245210624,11,4622,Keelan,Cole,JAX,WR,Active,2
460505110800232448,NCAA BIG 10,460505112721223680,28,10,327,459506557705515008,10,SF,San Francisco,49ers,SF,DEF,,
460505110800232448,NCAA BIG 10,460505112721223680,28,9,328,460383495076704256,9,4160,Josh,Malone,CIN,WR,Active,2
460505110800232448,NCAA BIG 10,460505112721223680,28,8,329,475385751685558272,8,4187,Brian,Hill,ATL,RB,Active,2
460505110800232448,NCAA BIG 10,460505112721223680,28,7,330,460518714907815936,7,WAS,Washington,Redskins,WAS,DEF,,
460505110800232448,NCAA BIG 10,460505112721223680,28,6,331,460511267564548096,6,1433,Brandon,McManus,DEN,K,Active,6
460505110800232448,NCAA BIG 10,460505112721223680,28,5,332,459190461706268672,5,4089,Gerald,Everett,LAR,TE,Active,2
460505110800232448,NCAA BIG 10,460505112721223680,28,4,333,,4,2257,Carlos,Hyde,KC,RB,Active,5
460505110800232448,NCAA BIG 10,460505112721223680,28,2,335,438178170542223360,2,SEA,Seattle,Seahawks,SEA,DEF,,
460505110800232448,NCAA BIG 10,460505112721223680,28,1,336,340600026956906496,1,MIA,Miami,Dolphins,MIA,DEF,,
460505110800232448,NCAA BIG 10,460505112721223680,29,2,338,438178170542223360,2,4531,Ricky,Seals-Jones,ARI,TE,Active,2
460505110800232448,NCAA BIG 10,460505112721223680,29,4,340,,4,CLE,Cleveland,Browns,CLE,DEF,,
460505110800232448,NCAA BIG 10,460505112721223680,29,5,341,459190461706268672,5,OAK,Oakland,Raiders,OAK,DEF,,
460505110800232448,NCAA BIG 10,460505112721223680,29,6,342,460511267564548096,6,5121,Braxton,Berrios,NE,WR,Active,1
460505110800232448,NCAA BIG 10,460505112721223680,29,7,343,460518714907815936,7,4171,Josh,Reynolds,LAR,WR,Active,2
460505110800232448,NCAA BIG 10,460505112721223680,29,8,344,475385751685558272,8,4571,Blake,Jarwin,DAL,TE,Active,2
460505110800232448,NCAA BIG 10,460505112721223680,29,9,345,460383495076704256,9,5432,Cam,Sims,WAS,WR,Active,1
460505110800232448,NCAA BIG 10,460505112721223680,29,10,346,459506557705515008,10,1329,Chris,Hogan,CAR,WR,Active,8
460505110800232448,NCAA BIG 10,460505112721223680,29,11,347,388919621245210624,11,2822,Adam,Humphries,TEN,WR,Active,4
460505110800232448,NCAA BIG 10,460505112721223680,29,12,348,443870183853912064,12,5906,Dawson,Knox,BUF,TE,Active,0
460505110800232448,NCAA BIG 10,460505112721223680,30,12,349,443870183853912064,12,1517,Theo,Riddick,,RB,Inactive,6
460505110800232448,NCAA BIG 10,460505112721223680,30,11,350,388919621245210624,11,2821,Jake,Kumerow,GB,WR,Active,4
460505110800232448,NCAA BIG 10,460505112721223680,30,10,351,459506557705515008,10,NYG,New York,Giants,NYG,DEF,,
460505110800232448,NCAA BIG 10,460505112721223680,30,9,352,460383495076704256,9,2462,JJ,Nelson,OAK,WR,Active,4
460505110800232448,NCAA BIG 10,460505112721223680,30,7,354,460518714907815936,7,2214,Cameron,Brate,TB,TE,Active,5
460505110800232448,NCAA BIG 10,460505112721223680,30,6,355,460511267564548096,6,3208,Kenneth,Dixon,BAL,RB,Active,3
460505110800232448,NCAA BIG 10,460505112721223680,30,4,357,,4,1945,Chris,Boswell,PIT,K,Active,5
460505110800232448,NCAA BIG 10,460505112721223680,31,4,364,,4,KC,Kansas City,Chiefs,KC,DEF,,
460505110800232448,NCAA BIG 10,460505112721223680,31,7,367,460518714907815936,7,1800,Jordan,Matthews,SF,WR,Active,5
460505110800232448,NCAA BIG 10,460505112721223680,31,11,371,388919621245210624,11,4351,Tim,Patrick,DEN,WR,Active,2
455834597620445184,NCAA BIG EAST & CO.,455834605019197440,1,1,1,456129190995947520,4,4866,Saquon,Barkley,NYG,RB,Active,1
455834597620445184,NCAA BIG EAST & CO.,455834605019197440,1,2,2,389656085486649344,2,1426,DeAndre,Hopkins,HOU,WR,Active,6
455834597620445184,NCAA BIG EAST & CO.,455834605019197440,1,3,3,464086547717681152,5,4035,Alvin,Kamara,NO,RB,Active,2
455834597620445184,NCAA BIG EAST & CO.,455834605019197440,1,4,4,456167283761344512,8,4034,Christian,McCaffrey,CAR,RB,Active,2
455834597620445184,NCAA BIG EAST & CO.,455834605019197440,1,5,5,456182244336201728,11,3164,Ezekiel,Elliott,DAL,RB,Active,3
455834597620445184,NCAA BIG EAST & CO.,455834605019197440,1,6,6,482459707504586752,9,3199,Michael,Thomas,NO,WR,Active,3
455834597620445184,NCAA BIG EAST & CO.,455834605019197440,1,7,7,447775127048810496,1,2133,Davante,Adams,GB,WR,Active,5
455834597620445184,NCAA BIG EAST & CO.,455834605019197440,1,8,8,456132537073266688,6,4040,JuJu,Smith-Schuster,PIT,WR,Active,2
455834597620445184,NCAA BIG EAST & CO.,455834605019197440,1,9,9,430187140727451648,12,2391,David,Johnson,ARI,RB,Active,4
455834597620445184,NCAA BIG EAST & CO.,455834605019197440,1,10,10,333005257409847296,3,2078,Odell,Beckham Jr,CLE,WR,Active,5
455834597620445184,NCAA BIG EAST & CO.,455834605019197440,1,11,11,456159345906806784,7,4988,Nick,Chubb,CLE,RB,Active,1
455834597620445184,NCAA BIG EAST & CO.,455834605019197440,1,12,12,,10,2216,Mike,Evans,TB,WR,Active,5
455834597620445184,NCAA BIG EAST & CO.,455834605019197440,2,12,13,,10,4018,Joe,Mixon,CIN,RB,Active,2
455834597620445184,NCAA BIG EAST & CO.,455834605019197440,2,11,14,456159345906806784,7,4137,James,Conner,PIT,RB,Active,2
455834597620445184,NCAA BIG EAST & CO.,455834605019197440,2,10,15,333005257409847296,3,2320,Melvin,Gordon,LAC,RB,Active,4
455834597620445184,NCAA BIG EAST & CO.,455834605019197440,2,9,16,430187140727451648,12,947,Julio,Jones,ATL,WR,Active,8
455834597620445184,NCAA BIG EAST & CO.,455834605019197440,2,8,17,456182244336201728,11,2449,Stefon,Diggs,MIN,WR,Active,4
455834597620445184,NCAA BIG EAST & CO.,455834605019197440,2,7,18,447775127048810496,1,4029,Dalvin,Cook,MIN,RB,Active,2
455834597620445184,NCAA BIG EAST & CO.,455834605019197440,2,6,19,482459707504586752,9,2315,Todd,Gurley,LAR,RB,Active,4
455834597620445184,NCAA BIG EAST & CO.,455834605019197440,2,5,20,456132537073266688,6,2309,Amari,Cooper,DAL,WR,Active,4
455834597620445184,NCAA BIG EAST & CO.,455834605019197440,2,4,21,456167283761344512,8,1479,Keenan,Allen,LAC,WR,Active,6
455834597620445184,NCAA BIG EAST & CO.,455834605019197440,2,3,22,389656085486649344,2,1408,Le'Veon,Bell,NYJ,RB,Active,6
455834597620445184,NCAA BIG EAST & CO.,455834605019197440,2,2,23,464086547717681152,5,536,Antonio,Brown,OAK,WR,Active,9
455834597620445184,NCAA BIG EAST & CO.,455834605019197440,2,1,24,456129190995947520,4,4131,Kenny,Golladay,DET,WR,Active,2
455834597620445184,NCAA BIG EAST & CO.,455834605019197440,3,1,25,456167283761344512,8,1466,Travis,Kelce,KC,TE,Active,6
455834597620445184,NCAA BIG EAST & CO.,455834605019197440,3,2,26,389656085486649344,2,3198,Derrick,Henry,TEN,RB,Active,3
455834597620445184,NCAA BIG EAST & CO.,455834605019197440,3,3,27,389656085486649344,2,1110,T.Y.,Hilton,IND,WR,Active,7
455834597620445184,NCAA BIG EAST & CO.,455834605019197440,3,4,28,456129190995947520,4,1689,Adam,Thielen,MIN,WR,Active,6
455834597620445184,NCAA BIG EAST & CO.,455834605019197440,3,5,29,456132537073266688,6,3321,Tyreek,Hill,KC,WR,Active,3
455834597620445184,NCAA BIG EAST & CO.,455834605019197440,3,6,30,482459707504586752,9,2197,Brandin,Cooks,LAR,WR,Active,5
455834597620445184,NCAA BIG EAST & CO.,455834605019197440,3,7,31,447775127048810496,1,5068,Kerryon,Johnson,DET,RB,Active,1
455834597620445184,NCAA BIG EAST & CO.,455834605019197440,3,8,32,456182244336201728,11,4217,George,Kittle,SF,TE,Active,2
455834597620445184,NCAA BIG EAST & CO.,455834605019197440,3,9,33,456182244336201728,11,4046,Patrick,Mahomes,KC,QB,Active,2
455834597620445184,NCAA BIG EAST & CO.,455834605019197440,3,10,34,447775127048810496,1,1339,Zach,Ertz,PHI,TE,Active,6
455834597620445184,NCAA BIG EAST & CO.,455834605019197440,3,11,35,456132537073266688,6,4017,Deshaun,Watson,HOU,QB,Active,2
455834597620445184,NCAA BIG EAST & CO.,455834605019197440,3,12,36,,10,830,AJ,Green,CIN,WR,Active,8
455834597620445184,NCAA BIG EAST & CO.,455834605019197440,4,12,37,,10,5850,Josh,Jacobs,OAK,RB,Active,0
455834597620445184,NCAA BIG EAST & CO.,455834605019197440,4,11,38,456159345906806784,7,3969,Leonard,Fournette,JAX,RB,Active,2
455834597620445184,NCAA BIG EAST & CO.,455834605019197440,4,10,39,456182244336201728,11,4152,Marlon,Mack,IND,RB,Active,2
455834597620445184,NCAA BIG EAST & CO.,455834605019197440,4,9,40,482459707504586752,9,4983,D.J.,Moore,CAR,WR,Active,1
455834597620445184,NCAA BIG EAST & CO.,455834605019197440,4,8,41,456159345906806784,7,4199,Aaron,Jones,GB,RB,Active,2
455834597620445184,NCAA BIG EAST & CO.,455834605019197440,4,7,42,333005257409847296,3,1352,Robert,Woods,LAR,WR,Active,6
455834597620445184,NCAA BIG EAST & CO.,455834605019197440,4,6,43,430187140727451648,12,1833,Damien,Williams,KC,RB,Active,5
455834597620445184,NCAA BIG EAST & CO.,455834605019197440,4,5,44,430187140727451648,12,4981,Calvin,Ridley,ATL,WR,Active,1
455834597620445184,NCAA BIG EAST & CO.,455834605019197440,4,4,45,456129190995947520,4,4962,Sony,Michel,NE,RB,Active,1
455834597620445184,NCAA BIG EAST & CO.,455834605019197440,4,3,46,464086547717681152,5,4892,Baker,Mayfield,CLE,QB,Active,1
455834597620445184,NCAA BIG EAST & CO.,455834605019197440,4,2,47,464086547717681152,5,4037,Chris,Godwin,TB,WR,Active,2
455834597620445184,NCAA BIG EAST & CO.,455834605019197440,4,1,48,456167283761344512,8,4039,Cooper,Kupp,LAR,WR,Active,2
455834597620445184,NCAA BIG EAST & CO.,455834605019197440,5,1,49,456129190995947520,4,5892,David,Montgomery,CHI,RB,Active,0
455834597620445184,NCAA BIG EAST & CO.,455834605019197440,5,2,50,464086547717681152,5,1992,Allen,Robinson,CHI,WR,Active,5
455834597620445184,NCAA BIG EAST & CO.,455834605019197440,5,3,51,389656085486649344,2,2168,Devonta,Freeman,ATL,RB,Active,5
455834597620445184,NCAA BIG EAST & CO.,455834605019197440,5,4,52,456167283761344512,8,1111,Andrew,Luck,IND,QB,Active,7
455834597620445184,NCAA BIG EAST & CO.,455834605019197440,5,5,53,456159345906806784,7,4055,OJ,Howard,TB,TE,Active,2
455834597620445184,NCAA BIG EAST & CO.,455834605019197440,5,6,54,430187140727451648,12,2374,Tyler,Lockett,SEA,WR,Active,4
455834597620445184,NCAA BIG EAST & CO.,455834605019197440,5,7,55,447775127048810496,10,5170,Phillip,Lindsay,DEN,RB,Active,1
455834597620445184,NCAA BIG EAST & CO.,455834605019197440,5,8,56,482459707504586752,9,4949,Derrius,Guice,WAS,RB,Active,1
455834597620445184,NCAA BIG EAST & CO.,455834605019197440,5,9,57,430187140727451648,12,4066,Evan,Engram,NYG,TE,Active,2
455834597620445184,NCAA BIG EAST & CO.,455834605019197440,5,10,58,333005257409847296,3,4068,Mike,Williams,LAC,WR,Active,2
455834597620445184,NCAA BIG EAST & CO.,455834605019197440,5,11,59,456159345906806784,7,3225,Tyler,Boyd,CIN,WR,Active,3
455834597620445184,NCAA BIG EAST & CO.,455834605019197440,5,12,60,447775127048810496,1,3161,Carson,Wentz,PHI,QB,Active,3
455834597620445184,NCAA BIG EAST & CO.,455834605019197440,6,12,61,447775127048810496,1,5878,N'Keal,Harry,NE,WR,Active,0
455834597620445184,NCAA BIG EAST & CO.,455834605019197440,6,11,62,456159345906806784,7,4950,Christian,Kirk,ARI,WR,Active,1
455834597620445184,NCAA BIG EAST & CO.,455834605019197440,6,10,63,333005257409847296,3,1825,Jarvis,Landry,CLE,WR,Active,5
455834597620445184,NCAA BIG EAST & CO.,455834605019197440,6,9,64,456182244336201728,11,4098,Kareem,Hunt,CLE,RB,Suspended,2
455834597620445184,NCAA BIG EAST & CO.,455834605019197440,6,8,65,456167283761344512,8,3242,Kenyan,Drake,MIA,RB,Active,3
455834597620445184,NCAA BIG EAST & CO.,455834605019197440,6,7,66,447775127048810496,10,1817,Sammy,Watkins,KC,WR,Active,5
455834597620445184,NCAA BIG EAST & CO.,455834605019197440,6,6,67,430187140727451648,12,5045,Courtland,Sutton,DEN,WR,Active,1
455834597620445184,NCAA BIG EAST & CO.,455834605019197440,6,5,68,333005257409847296,3,4036,Corey,Davis,TEN,WR,Active,2
455834597620445184,NCAA BIG EAST & CO.,455834605019197440,6,4,69,456132537073266688,6,1149,Alshon,Jeffery,PHI,WR,Active,7
455834597620445184,NCAA BIG EAST & CO.,455834605019197440,6,3,70,389656085486649344,2,4992,Dante,Pettis,SF,WR,Active,1
455834597620445184,NCAA BIG EAST & CO.,455834605019197440,6,2,71,464086547717681152,5,1234,Russell,Wilson,SEA,QB,Active,7
455834597620445184,NCAA BIG EAST & CO.,455834605019197440,6,1,72,456129190995947520,4,3163,Jared,Goff,LAR,QB,Active,3
455834597620445184,NCAA BIG EAST & CO.,455834605019197440,7,1,73,456129190995947520,4,4985,Rashaad,Penny,SEA,RB,Active,1
455834597620445184,NCAA BIG EAST & CO.,455834605019197440,7,2,74,464086547717681152,5,1848,James,White,NE,RB,Active,5
455834597620445184,NCAA BIG EAST & CO.,455834605019197440,7,3,75,389656085486649344,2,344,Julian,Edelman,NE,WR,Active,10
455834597620445184,NCAA BIG EAST & CO.,455834605019197440,7,4,76,456167283761344512,8,3423,Robby,Anderson,NYJ,WR,Active,3
455834597620445184,NCAA BIG EAST & CO.,455834605019197440,7,5,77,456159345906806784,7,4273,Chris,Carson,SEA,RB,Active,2
455834597620445184,NCAA BIG EAST & CO.,455834605019197440,7,6,78,482459707504586752,9,3157,Will,Fuller,HOU,WR,Active,3
455834597620445184,NCAA BIG EAST & CO.,455834605019197440,7,7,79,333005257409847296,3,4157,Tarik,Cohen,CHI,RB,Active,2
455834597620445184,NCAA BIG EAST & CO.,455834605019197440,7,8,80,333005257409847296,3,956,Mark,Ingram,BAL,RB,Active,8
455834597620445184,NCAA BIG EAST & CO.,455834605019197440,7,9,81,482459707504586752,9,4033,David,Njoku,CLE,TE,Active,2
455834597620445184,NCAA BIG EAST & CO.,455834605019197440,7,10,82,447775127048810496,1,6151,Miles,Sanders,PHI,RB,Active,0
455834597620445184,NCAA BIG EAST & CO.,455834605019197440,7,11,83,456159345906806784,7,2118,Eric,Ebron,IND,TE,Active,5
455834597620445184,NCAA BIG EAST & CO.,455834605019197440,7,12,84,,10,3200,Sterling,Shepard,NYG,WR,Active,3
455834597620445184,NCAA BIG EAST & CO.,455834605019197440,8,12,85,333005257409847296,3,1067,Marvin,Jones,DET,WR,Active,7
455834597620445184,NCAA BIG EAST & CO.,455834605019197440,8,11,86,456132537073266688,6,2378,Tevin,Coleman,SF,RB,Active,4
455834597620445184,NCAA BIG EAST & CO.,455834605019197440,8,10,87,333005257409847296,3,96,Aaron,Rodgers,GB,QB,Active,14
455834597620445184,NCAA BIG EAST & CO.,455834605019197440,8,9,88,430187140727451648,12,3214,Hunter,Henry,LAC,TE,Active,3
455834597620445184,NCAA BIG EAST & CO.,455834605019197440,8,8,89,456182244336201728,11,5846,D.K.,Metcalf,SEA,WR,Active,0
455834597620445184,NCAA BIG EAST & CO.,455834605019197440,8,7,90,447775127048810496,10,24,Matt,Ryan,ATL,QB,Active,11
455834597620445184,NCAA BIG EAST & CO.,455834605019197440,8,6,91,482459707504586752,9,5013,Anthony,Miller,CHI,WR,Active,1
455834597620445184,NCAA BIG EAST & CO.,455834605019197440,8,5,92,456132537073266688,6,5880,Parris,Campbell,IND,WR,Active,0
455834597620445184,NCAA BIG EAST & CO.,455834605019197440,8,4,93,456167283761344512,8,1048,Lamar,Miller,HOU,RB,Active,7
455834597620445184,NCAA BIG EAST & CO.,455834605019197440,8,3,94,389656085486649344,2,5046,Royce,Freeman,DEN,RB,Active,1
455834597620445184,NCAA BIG EAST & CO.,455834605019197440,8,2,95,464086547717681152,5,5844,T.J.,Hockenson,DET,TE,Active,0
455834597620445184,NCAA BIG EAST & CO.,455834605019197440,8,1,96,456129190995947520,4,4146,Dede,Westbrook,JAX,WR,Active,2
455834597620445184,NCAA BIG EAST & CO.,455834605019197440,9,1,97,456129190995947520,4,5872,Deebo,Samuel,SF,WR,Active,0
455834597620445184,NCAA BIG EAST & CO.,455834605019197440,9,2,98,464086547717681152,5,5857,Noah,Fant,DEN,TE,Active,0
455834597620445184,NCAA BIG EAST & CO.,455834605019197440,9,3,99,389656085486649344,2,2306,Jameis,Winston,TB,QB,Active,4
455834597620445184,NCAA BIG EAST & CO.,455834605019197440,9,4,100,456132537073266688,6,4082,Curtis,Samuel,CAR,WR,Active,2
455834597620445184,NCAA BIG EAST & CO.,455834605019197440,9,5,101,456167283761344512,8,5024,James,Washington,PIT,WR,Active,1
455834597620445184,NCAA BIG EAST & CO.,455834605019197440,9,6,102,482459707504586752,9,2161,Jerick,McKinnon,SF,RB,Active,5
455834597620445184,NCAA BIG EAST & CO.,455834605019197440,9,7,103,447775127048810496,1,5848,Marquise,Brown,BAL,WR,Non Football Injury,0
455834597620445184,NCAA BIG EAST & CO.,455834605019197440,9,8,104,456182244336201728,11,5007,Keke,Coutee,HOU,WR,Active,1
455834597620445184,NCAA BIG EAST & CO.,455834605019197440,9,9,105,430187140727451648,12,5849,Kyler,Murray,ARI,QB,Active,0
455834597620445184,NCAA BIG EAST & CO.,455834605019197440,9,10,106,333005257409847296,3,5916,Darrell,Henderson,LAR,RB,Active,0
455834597620445184,NCAA BIG EAST & CO.,455834605019197440,9,11,107,456132537073266688,6,642,Golden,Tate,NYG,WR,Active,9
455834597620445184,NCAA BIG EAST & CO.,455834605019197440,9,12,108,,10,3306,Jordan,Howard,PHI,RB,Active,3
455834597620445184,NCAA BIG EAST & CO.,455834605019197440,10,12,109,,10,5863,JJ,Arcega-Whiteside,PHI,WR,Active,0
455834597620445184,NCAA BIG EAST & CO.,455834605019197440,10,11,110,456159345906806784,7,5107,Jaylen,Samuels,PIT,RB,Active,1
455834597620445184,NCAA BIG EAST & CO.,455834605019197440,10,10,111,333005257409847296,3,4881,Lamar,Jackson,BAL,QB,Active,1
455834597620445184,NCAA BIG EAST & CO.,455834605019197440,10,9,112,430187140727451648,12,5859,A.J.,Brown,TEN,WR,Active,0
455834597620445184,NCAA BIG EAST & CO.,455834605019197440,10,8,113,456182244336201728,11,5052,Ronald,Jones II,TB,RB,Active,1
455834597620445184,NCAA BIG EAST & CO.,455834605019197440,10,7,114,333005257409847296,3,5022,Dallas,Goedert,PHI,TE,Active,1
455834597620445184,NCAA BIG EAST & CO.,455834605019197440,10,6,115,482459707504586752,9,5917,Mecole,Hardman,KC,WR,Active,0
455834597620445184,NCAA BIG EAST & CO.,455834605019197440,10,5,116,456159345906806784,7,3294,Dak,Prescott,DAL,QB,Active,3
455834597620445184,NCAA BIG EAST & CO.,455834605019197440,10,4,117,456167283761344512,8,5038,Michael,Gallup,DAL,WR,Active,1
455834597620445184,NCAA BIG EAST & CO.,455834605019197440,10,3,118,389656085486649344,2,5026,Tre'Quan,Smith,NO,WR,Active,1
455834597620445184,NCAA BIG EAST & CO.,455834605019197440,10,2,119,464086547717681152,5,3594,Peyton,Barber,TB,RB,Active,3
455834597620445184,NCAA BIG EAST & CO.,455834605019197440,10,1,120,456129190995947520,4,1793,Trey,Burton,CHI,TE,Active,5
455834597620445184,NCAA BIG EAST & CO.,455834605019197440,11,1,121,456129190995947520,4,5890,Damien,Harris,NE,RB,Active,0
455834597620445184,NCAA BIG EAST & CO.,455834605019197440,11,2,122,464086547717681152,5,CHI,Chicago,Bears,CHI,DEF,,
455834597620445184,NCAA BIG EAST & CO.,455834605019197440,11,3,123,389656085486649344,2,4663,Austin,Ekeler,LAC,RB,Active,2
455834597620445184,NCAA BIG EAST & CO.,455834605019197440,11,4,124,456132537073266688,6,676,LeSean,McCoy,BUF,RB,Active,10
455834597620445184,NCAA BIG EAST & CO.,455834605019197440,11,5,125,456167283761344512,8,3202,Austin,Hooper,ATL,TE,Active,3
455834597620445184,NCAA BIG EAST & CO.,455834605019197440,11,6,126,482459707504586752,9,954,Cam,Newton,CAR,QB,Active,8
455834597620445184,NCAA BIG EAST & CO.,455834605019197440,11,7,127,333005257409847296,3,5347,Nyheim,Hines,IND,RB,Active,1
455834597620445184,NCAA BIG EAST & CO.,455834605019197440,11,8,128,456182244336201728,11,367,Jared,Cook,NO,TE,Active,10
455834597620445184,NCAA BIG EAST & CO.,455834605019197440,11,9,129,430187140727451648,12,5915,Andy,Isabella,ARI,WR,Active,0
455834597620445184,NCAA BIG EAST & CO.,455834605019197440,11,10,130,333005257409847296,3,1476,Latavius,Murray,NO,RB,Active,6
455834597620445184,NCAA BIG EAST & CO.,455834605019197440,11,11,131,456159345906806784,7,5987,Alexander,Mattison,MIN,RB,Active,0
455834597620445184,NCAA BIG EAST & CO.,455834605019197440,11,12,132,,10,2382,Duke,Johnson,CLE,RB,Active,4
455834597620445184,NCAA BIG EAST & CO.,455834605019197440,12,12,133,,10,1587,Vance,McDonald,PIT,TE,Active,6
455834597620445184,NCAA BIG EAST & CO.,455834605019197440,12,11,134,456159345906806784,7,1837,Jimmy,Garoppolo,SF,QB,Active,5
455834597620445184,NCAA BIG EAST & CO.,455834605019197440,12,10,135,333005257409847296,3,5086,Marquez,Valdes-Scantling,GB,WR,Active,1
455834597620445184,NCAA BIG EAST & CO.,455834605019197440,12,9,136,430187140727451648,12,4111,D'Onta,Foreman,HOU,RB,Active,2
455834597620445184,NCAA BIG EAST & CO.,455834605019197440,12,8,137,456182244336201728,11,6130,Devin,Singletary,BUF,RB,Active,0
455834597620445184,NCAA BIG EAST & CO.,455834605019197440,12,7,138,447775127048810496,1,2583,Tyrell,Williams,OAK,WR,Active,4
455834597620445184,NCAA BIG EAST & CO.,455834605019197440,12,6,139,482459707504586752,9,2238,John,Brown,BUF,WR,Active,5
455834597620445184,NCAA BIG EAST & CO.,455834605019197440,12,5,140,456132537073266688,6,5995,Justice,Hill,BAL,RB,Active,0
455834597620445184,NCAA BIG EAST & CO.,455834605019197440,12,4,141,456167283761344512,8,2346,Devin,Funchess,IND,WR,Active,4
455834597620445184,NCAA BIG EAST & CO.,455834605019197440,12,3,142,389656085486649344,2,289,Drew,Brees,NO,QB,Active,18
455834597620445184,NCAA BIG EAST & CO.,455834605019197440,12,2,143,464086547717681152,5,2822,Adam,Humphries,TEN,WR,Active,4
455834597620445184,NCAA BIG EAST & CO.,455834605019197440,12,1,144,456129190995947520,4,3976,Mitch,Trubisky,CHI,QB,Active,2
455834597620445184,NCAA BIG EAST & CO.,455834605019197440,13,1,145,456129190995947520,4,1971,Donte,Moncrief,PIT,WR,Active,5
455834597620445184,NCAA BIG EAST & CO.,455834605019197440,13,2,146,464086547717681152,5,788,Dion,Lewis,TEN,RB,Active,8
455834597620445184,NCAA BIG EAST & CO.,455834605019197440,13,3,147,389656085486649344,2,943,Kyle,Rudolph,MIN,TE,Active,8
455834597620445184,NCAA BIG EAST & CO.,455834605019197440,13,4,148,456167283761344512,8,5004,Ito,Smith,ATL,RB,Active,1
455834597620445184,NCAA BIG EAST & CO.,455834605019197440,13,5,149,456132537073266688,6,LAR,Los Angeles,Rams,LAR,DEF,,
455834597620445184,NCAA BIG EAST & CO.,455834605019197440,13,6,150,482459707504586752,9,4455,Matt,Breida,SF,RB,Active,2
455834597620445184,NCAA BIG EAST & CO.,455834605019197440,13,7,151,447775127048810496,1,CLE,Cleveland,Browns,CLE,DEF,,
455834597620445184,NCAA BIG EAST & CO.,455834605019197440,13,8,152,456182244336201728,11,4943,Sam,Darnold,NYJ,QB,Active,1
455834597620445184,NCAA BIG EAST & CO.,455834605019197440,13,9,153,430187140727451648,12,4984,Josh,Allen,BUF,QB,Active,1
455834597620445184,NCAA BIG EAST & CO.,455834605019197440,13,10,154,333005257409847296,3,5012,Mark,Andrews,BAL,TE,Active,1
455834597620445184,NCAA BIG EAST & CO.,455834605019197440,13,11,155,456159345906806784,7,5886,Hakeem,Butler,ARI,WR,Active,0
455834597620445184,NCAA BIG EAST & CO.,455834605019197440,13,12,156,,10,538,Emmanuel,Sanders,DEN,WR,Active,9
455834597620445184,NCAA BIG EAST & CO.,455834605019197440,14,12,157,,10,6126,Irv,Smith Jr.,MIN,TE,Active,0
455834597620445184,NCAA BIG EAST & CO.,455834605019197440,14,11,158,456159345906806784,7,4994,Kalen,Ballage,MIA,RB,Active,1
455834597620445184,NCAA BIG EAST & CO.,455834605019197440,14,10,159,333005257409847296,3,4998,Daesean,Hamilton,DEN,WR,Active,1
455834597620445184,NCAA BIG EAST & CO.,455834605019197440,14,9,160,430187140727451648,12,5009,Chris,Herndon IV,NYJ,TE,Suspended,1
455834597620445184,NCAA BIG EAST & CO.,455834605019197440,14,8,161,456182244336201728,11,PHI,Philadelphia,Eagles,PHI,DEF,,
455834597620445184,NCAA BIG EAST & CO.,455834605019197440,14,7,162,447775127048810496,1,1555,Kenny,Stills,MIA,WR,Active,6
455834597620445184,NCAA BIG EAST & CO.,455834605019197440,14,6,163,482459707504586752,9,BAL,Baltimore,Ravens,BAL,DEF,,
455834597620445184,NCAA BIG EAST & CO.,455834605019197440,14,5,164,456132537073266688,6,1346,Marquise,Goodwin,SF,WR,Active,6
455834597620445184,NCAA BIG EAST & CO.,455834605019197440,14,4,165,456167283761344512,8,PIT,Pittsburgh,Steelers,PIT,DEF,,
455834597620445184,NCAA BIG EAST & CO.,455834605019197440,14,3,166,389656085486649344,2,3503,Geronimo,Allison,GB,WR,Active,3
455834597620445184,NCAA BIG EAST & CO.,455834605019197440,14,2,167,464086547717681152,5,147,DeSean,Jackson,PHI,WR,Active,11
455834597620445184,NCAA BIG EAST & CO.,455834605019197440,14,1,168,456129190995947520,4,JAX,Jacksonville,Jaguars,JAX,DEF,,
455834597620445184,NCAA BIG EAST & CO.,455834605019197440,15,1,169,456129190995947520,4,2257,Carlos,Hyde,KC,RB,Active,5
455834597620445184,NCAA BIG EAST & CO.,455834605019197440,15,2,170,464086547717681152,5,2341,TJ,Yeldon,BUF,RB,Active,4
455834597620445184,NCAA BIG EAST & CO.,455834605019197440,15,3,171,389656085486649344,2,DEN,Denver,Broncos,DEN,DEF,,
455834597620445184,NCAA BIG EAST & CO.,455834605019197440,15,4,172,456167283761344512,8,5250,Robert,Foster,BUF,WR,Active,1
455834597620445184,NCAA BIG EAST & CO.,455834605019197440,15,5,173,456132537073266688,6,2319,Devante,Parker,MIA,WR,Active,4
455834597620445184,NCAA BIG EAST & CO.,455834605019197440,15,6,174,482459707504586752,9,4993,Mike,Gesicki,MIA,TE,Active,1
455834597620445184,NCAA BIG EAST & CO.,455834605019197440,15,7,175,447775127048810496,1,5131,Justin,Jackson,LAC,RB,Active,1
455834597620445184,NCAA BIG EAST & CO.,455834605019197440,15,8,176,456182244336201728,11,5310,Antonio,Callaway,CLE,WR,Active,1
455834597620445184,NCAA BIG EAST & CO.,455834605019197440,15,9,177,430187140727451648,12,DAL,Dallas,Cowboys,DAL,DEF,,
455834597620445184,NCAA BIG EAST & CO.,455834605019197440,15,10,178,333005257409847296,3,2410,Jamison,Crowder,NYJ,WR,Active,4
455834597620445184,NCAA BIG EAST & CO.,455834605019197440,15,11,179,456159345906806784,7,4149,Jamaal,Williams,GB,RB,Active,2
455834597620445184,NCAA BIG EAST & CO.,455834605019197440,15,12,180,,10,5845,Dwayne,Haskins,WAS,QB,Active,0
455834597620445184,NCAA BIG EAST & CO.,455834605019197440,16,12,181,,10,4038,John,Ross,CIN,WR,Active,2
455834597620445184,NCAA BIG EAST & CO.,455834605019197440,16,11,182,456132537073266688,6,MIN,Minnesota,Vikings,MIN,DEF,,
455834597620445184,NCAA BIG EAST & CO.,455834605019197440,16,10,183,333005257409847296,3,HOU,Houston,Texans,HOU,DEF,,
455834597620445184,NCAA BIG EAST & CO.,455834605019197440,16,9,184,430187140727451648,12,LAC,Los Angeles,Chargers,LAC,DEF,,
455834597620445184,NCAA BIG EAST & CO.,455834605019197440,16,8,185,456182244336201728,11,5000,Chase,Edmonds,ARI,RB,Active,1
455834597620445184,NCAA BIG EAST & CO.,455834605019197440,16,7,186,447775127048810496,1,BUF,Buffalo,Bills,BUF,DEF,,
455834597620445184,NCAA BIG EAST & CO.,455834605019197440,16,6,187,482459707504586752,9,331,Philip,Rivers,LAC,QB,Active,15
455834597620445184,NCAA BIG EAST & CO.,455834605019197440,16,5,188,456132537073266688,6,3451,Ka'imi,Fairbairn,HOU,K,Active,3
455834597620445184,NCAA BIG EAST & CO.,455834605019197440,16,4,189,456167283761344512,8,223,Larry,Fitzgerald,ARI,WR,Active,15
455834597620445184,NCAA BIG EAST & CO.,455834605019197440,16,3,190,389656085486649344,2,5248,Gus,Edwards,BAL,RB,Active,1
455834597620445184,NCAA BIG EAST & CO.,455834605019197440,16,2,191,464086547717681152,5,2325,Nelson,Agholor,PHI,WR,Active,4
455834597620445184,NCAA BIG EAST & CO.,455834605019197440,16,1,192,456129190995947520,4,4995,Ian,Thomas,CAR,TE,Active,1
455834597620445184,NCAA BIG EAST & CO.,455834605019197440,17,1,193,456129190995947520,4,5937,Diontae,Johnson,PIT,WR,Active,0
455834597620445184,NCAA BIG EAST & CO.,455834605019197440,17,2,194,464086547717681152,5,184,Adrian,Peterson,WAS,RB,Active,12
455834597620445184,NCAA BIG EAST & CO.,455834605019197440,17,3,195,389656085486649344,2,1071,Mohamed,Sanu,ATL,WR,Active,7
455834597620445184,NCAA BIG EAST & CO.,455834605019197440,17,4,196,456167283761344512,8,1502,Chris,Thompson,WAS,RB,Active,6
455834597620445184,NCAA BIG EAST & CO.,455834605019197440,17,5,197,456132537073266688,6,NO,New Orleans,Saints,NO,DEF,,
455834597620445184,NCAA BIG EAST & CO.,455834605019197440,17,6,198,482459707504586752,9,1854,Quincy,Enunwa,NYJ,WR,Active,5
455834597620445184,NCAA BIG EAST & CO.,455834605019197440,17,7,199,447775127048810496,1,1166,Kirk,Cousins,MIN,QB,Active,7
455834597620445184,NCAA BIG EAST & CO.,455834605019197440,17,8,200,456182244336201728,11,2025,Albert,Wilson,MIA,WR,Active,5
455834597620445184,NCAA BIG EAST & CO.,455834605019197440,17,9,201,430187140727451648,12,4080,Zay,Jones,BUF,WR,Active,2
455834597620445184,NCAA BIG EAST & CO.,455834605019197440,17,10,202,333005257409847296,3,KC,Kansas City,Chiefs,KC,DEF,,
455834597620445184,NCAA BIG EAST & CO.,455834605019197440,17,11,203,456159345906806784,7,NE,New England,Patriots,NE,DEF,,
455834597620445184,NCAA BIG EAST & CO.,455834605019197440,17,12,204,,10,5889,Bryce,Love,WAS,RB,Non Football Injury,0
455834597620445184,NCAA BIG EAST & CO.,455834605019197440,18,12,205,,10,6156,Benny,Snell Jr.,PIT,RB,Active,0
455834597620445184,NCAA BIG EAST & CO.,455834605019197440,18,11,206,456159345906806784,7,IND,Indianapolis,Colts,IND,DEF,,
455834597620445184,NCAA BIG EAST & CO.,455834605019197440,18,10,207,333005257409847296,3,5965,Miles,Boykin,BAL,WR,Active,0
455834597620445184,NCAA BIG EAST & CO.,455834605019197440,18,9,208,430187140727451648,12,4951,D.J.,Chark,JAX,WR,Active,1
455834597620445184,NCAA BIG EAST & CO.,455834605019197440,18,8,209,456182244336201728,11,4274,David,Moore,SEA,WR,Active,2
455834597620445184,NCAA BIG EAST & CO.,455834605019197440,18,7,210,447775127048810496,1,1706,Jack,Doyle,IND,TE,Active,6
455834597620445184,NCAA BIG EAST & CO.,455834605019197440,18,6,211,482459707504586752,9,2431,Mike,Davis,CHI,RB,Active,4
455834597620445184,NCAA BIG EAST & CO.,455834605019197440,18,5,212,456132537073266688,6,5911,Jalen,Hurd,SF,WR,Active,0
455834597620445184,NCAA BIG EAST & CO.,455834605019197440,18,4,213,456167283761344512,8,1386,Giovani,Bernard,CIN,RB,Active,6
455834597620445184,NCAA BIG EAST & CO.,455834605019197440,18,3,214,389656085486649344,2,NYJ,New York,Jets,NYJ,DEF,,
455834597620445184,NCAA BIG EAST & CO.,455834605019197440,18,2,215,464086547717681152,5,1750,Giorgio,Tavecchio,ATL,K,Active,7
455834597620445184,NCAA BIG EAST & CO.,455834605019197440,18,1,216,456129190995947520,4,SEA,Seattle,Seahawks,SEA,DEF,,
455834597620445184,NCAA BIG EAST & CO.,455834605019197440,19,1,217,456129190995947520,4,1244,Josh,Gordon,,WR,Inactive,7
455834597620445184,NCAA BIG EAST & CO.,455834605019197440,19,2,218,464086547717681152,5,1500,Jordan,Reed,WAS,TE,Active,6
455834597620445184,NCAA BIG EAST & CO.,455834605019197440,19,3,219,389656085486649344,2,4973,Hayden,Hurst,BAL,TE,Active,1
455834597620445184,NCAA BIG EAST & CO.,455834605019197440,19,4,220,456167283761344512,8,2279,Paul,Richardson,WAS,WR,Active,5
455834597620445184,NCAA BIG EAST & CO.,455834605019197440,19,5,221,456132537073266688,6,2307,Marcus,Mariota,TEN,QB,Active,4
455834597620445184,NCAA BIG EAST & CO.,455834605019197440,19,6,222,482459707504586752,9,421,Matthew,Stafford,DET,QB,Active,10
455834597620445184,NCAA BIG EAST & CO.,455834605019197440,19,7,223,447775127048810496,1,1451,CJ,Anderson,DET,RB,Active,6
455834597620445184,NCAA BIG EAST & CO.,455834605019197440,19,8,224,389656085486649344,2,1903,Taylor,Gabriel,CHI,WR,Active,5
455834597620445184,NCAA BIG EAST & CO.,455834605019197440,19,9,225,430187140727451648,12,4171,Josh,Reynolds,LAR,WR,Active,2
455834597620445184,NCAA BIG EAST & CO.,455834605019197440,19,10,226,333005257409847296,3,1987,Marqise,Lee,JAX,WR,Physically Unable to Perform,5
455834597620445184,NCAA BIG EAST & CO.,455834605019197440,19,11,227,456159345906806784,7,284,Delanie,Walker,TEN,TE,Active,13
455834597620445184,NCAA BIG EAST & CO.,455834605019197440,19,12,228,,10,5323,Equanimeous,St. Brown,GB,WR,Active,1
455834597620445184,NCAA BIG EAST & CO.,455834605019197440,20,12,229,,10,5136,Josh,Adams,PHI,RB,Active,1
455834597620445184,NCAA BIG EAST & CO.,455834605019197440,20,11,230,456159345906806784,7,2821,Jake,Kumerow,GB,WR,Active,4
455834597620445184,NCAA BIG EAST & CO.,455834605019197440,20,10,231,333005257409847296,3,6139,Jace,Sternberger,GB,TE,Active,0
455834597620445184,NCAA BIG EAST & CO.,455834605019197440,20,9,232,430187140727451648,12,6178,Darwin,Thompson,KC,RB,Active,0
455834597620445184,NCAA BIG EAST & CO.,455834605019197440,20,8,233,456182244336201728,11,4089,Gerald,Everett,LAR,TE,Active,2
455834597620445184,NCAA BIG EAST & CO.,455834605019197440,20,7,234,447775127048810496,1,3178,Josh,Doctson,WAS,WR,Active,3
455834597620445184,NCAA BIG EAST & CO.,455834605019197440,20,6,235,482459707504586752,9,5927,Terry,McLaurin,WAS,WR,Active,0
455834597620445184,NCAA BIG EAST & CO.,455834605019197440,20,5,236,456132537073266688,6,1266,Greg,Zuerlein,LAR,K,Active,7
455834597620445184,NCAA BIG EAST & CO.,455834605019197440,20,4,237,456167283761344512,8,1264,Justin,Tucker,BAL,K,Active,7
455834597620445184,NCAA BIG EAST & CO.,455834605019197440,20,3,238,456182244336201728,11,4227,Harrison,Butker,KC,K,Active,2
455834597620445184,NCAA BIG EAST & CO.,455834605019197440,20,2,239,464086547717681152,5,928,Randall,Cobb,DAL,WR,Active,8
455834597620445184,NCAA BIG EAST & CO.,455834605019197440,20,1,240,456129190995947520,4,6007,Ryquell,Armstead,JAX,RB,Active,0
455834597620445184,NCAA BIG EAST & CO.,455834605019197440,21,1,241,456129190995947520,4,3678,Wil,Lutz,NO,K,Active,3
455834597620445184,NCAA BIG EAST & CO.,455834605019197440,21,2,242,464086547717681152,5,4263,Elijah,McGuire,NYJ,RB,Active,2
455834597620445184,NCAA BIG EAST & CO.,455834605019197440,21,3,243,389656085486649344,2,5230,Michael,Badgley,LAC,K,Practice Squad,1
455834597620445184,NCAA BIG EAST & CO.,455834605019197440,21,4,244,456167283761344512,8,3868,Jalen,Richard,OAK,RB,Active,3
455834597620445184,NCAA BIG EAST & CO.,455834605019197440,21,5,245,456132537073266688,6,2028,Derek,Carr,OAK,QB,Active,5
455834597620445184,NCAA BIG EAST & CO.,455834605019197440,21,6,246,482459707504586752,9,49,Robbie,Gould,SF,K,Active,14
455834597620445184,NCAA BIG EAST & CO.,455834605019197440,21,7,247,447775127048810496,1,110,Stephen,Gostkowski,NE,K,Active,13
455834597620445184,NCAA BIG EAST & CO.,455834605019197440,21,8,248,456182244336201728,11,5100,Jordan,Wilkins,IND,RB,Active,1
455834597620445184,NCAA BIG EAST & CO.,455834605019197440,21,9,249,430187140727451648,12,4195,Jake,Elliott,PHI,K,Active,2
455834597620445184,NCAA BIG EAST & CO.,455834605019197440,21,10,250,333005257409847296,3,5873,Riley,Ridley,CHI,WR,Active,0
455834597620445184,NCAA BIG EAST & CO.,455834605019197440,21,11,251,456159345906806784,7,5967,Tony,Pollard,DAL,RB,Active,0
455834597620445184,NCAA BIG EAST & CO.,455834605019197440,21,12,252,,10,120,Adam,Vinatieri,IND,K,Active,23
455834597620445184,NCAA BIG EAST & CO.,455834605019197440,22,12,253,,10,3209,Devontae,Booker,DEN,RB,Active,3
455834597620445184,NCAA BIG EAST & CO.,455834605019197440,22,11,254,456159345906806784,7,3827,Aldrick,Rosas,NYG,K,Active,3
455834597620445184,NCAA BIG EAST & CO.,455834605019197440,22,10,255,333005257409847296,3,899,Dan,Bailey,MIN,K,Active,8
455834597620445184,NCAA BIG EAST & CO.,455834605019197440,22,9,256,430187140727451648,12,5139,Trey,Quinn,WAS,WR,Active,1
455834597620445184,NCAA BIG EAST & CO.,455834605019197440,22,8,257,456182244336201728,11,58,Greg,Olsen,CAR,TE,Active,12
455834597620445184,NCAA BIG EAST & CO.,455834605019197440,22,7,258,447775127048810496,1,616,Jimmy,Graham,GB,TE,Active,9
455834597620445184,NCAA BIG EAST & CO.,455834605019197440,22,6,259,482459707504586752,9,1387,Rex,Burkhead,NE,RB,Active,6
455834597620445184,NCAA BIG EAST & CO.,455834605019197440,22,5,260,456132537073266688,6,SF,San Francisco,49ers,SF,DEF,,
455834597620445184,NCAA BIG EAST & CO.,455834605019197440,22,4,261,456167283761344512,8,2381,Chris,Conley,JAX,WR,Active,4
455834597620445184,NCAA BIG EAST & CO.,455834605019197440,22,3,262,456182244336201728,11,1170,Alfred,Morris,DAL,RB,Active,7
455834597620445184,NCAA BIG EAST & CO.,455834605019197440,22,2,263,464086547717681152,5,138,Ben,Roethlisberger,PIT,QB,Active,15
455834597620445184,NCAA BIG EAST & CO.,455834605019197440,22,1,264,456129190995947520,4,1388,Tyler,Eifert,CIN,TE,Active,6
455834597620445184,NCAA BIG EAST & CO.,455834605019197440,23,1,265,456129190995947520,4,1029,Nick,Foles,JAX,QB,Active,7
455834597620445184,NCAA BIG EAST & CO.,455834605019197440,23,2,266,464086547717681152,5,2214,Cameron,Brate,TB,TE,Active,5
455834597620445184,NCAA BIG EAST & CO.,455834605019197440,23,3,267,389656085486649344,2,1517,Theo,Riddick,DEN,RB,Active,6
455834597620445184,NCAA BIG EAST & CO.,455834605019197440,23,4,268,456167283761344512,8,5010,Will,Dissly,SEA,TE,Active,1
455834597620445184,NCAA BIG EAST & CO.,455834605019197440,23,5,269,456132537073266688,6,4863,Josh,Rosen,MIA,QB,Active,1
455834597620445184,NCAA BIG EAST & CO.,455834605019197440,23,6,270,482459707504586752,9,167,Tom,Brady,NE,QB,Active,19
455834597620445184,NCAA BIG EAST & CO.,455834605019197440,23,7,271,447775127048810496,1,5870,Daniel,Jones,NYG,QB,Active,0
455834597620445184,NCAA BIG EAST & CO.,455834605019197440,23,8,272,389656085486649344,2,5854,Drew,Lock,DEN,QB,Active,0
455834597620445184,NCAA BIG EAST & CO.,455834605019197440,23,9,273,430187140727451648,12,4958,Brett,Maher,DAL,K,Active,6
455834597620445184,NCAA BIG EAST & CO.,455834605019197440,23,10,274,333005257409847296,3,5884,Kelvin,Harmon,WAS,WR,Active,0
455834597620445184,NCAA BIG EAST & CO.,455834605019197440,23,11,275,456159345906806784,7,5955,Hunter,Renfrow,OAK,WR,Active,0
455834597620445184,NCAA BIG EAST & CO.,455834605019197440,23,12,276,,10,829,Andy,Dalton,CIN,QB,Active,8
455834597620445184,NCAA BIG EAST & CO.,455834605019197440,24,12,277,,10,4144,Jonnu,Smith,TEN,TE,Physically Unable to Perform,2
455834597620445184,NCAA BIG EAST & CO.,455834605019197440,24,11,278,456159345906806784,7,5973,Josh,Oliver,JAX,TE,Active,0
455834597620445184,NCAA BIG EAST & CO.,455834605019197440,24,10,279,333005257409847296,3,3208,Kenneth,Dixon,BAL,RB,Active,3
455834597620445184,NCAA BIG EAST & CO.,455834605019197440,24,9,280,430187140727451648,12,1901,Isaiah,Crowell,OAK,RB,Injured Reserve,5
455834597620445184,NCAA BIG EAST & CO.,455834605019197440,24,8,281,456182244336201728,11,5962,Keesean,Johnson,ARI,WR,Active,0
455834597620445184,NCAA BIG EAST & CO.,455834605019197440,24,7,282,447775127048810496,1,2334,Phillip,Dorsett,NE,WR,Active,4
455834597620445184,NCAA BIG EAST & CO.,455834605019197440,24,6,283,482459707504586752,9,4622,Keelan,Cole,JAX,WR,Active,2
455834597620445184,NCAA BIG EAST & CO.,455834605019197440,24,5,284,456132537073266688,6,2588,Malcolm,Brown,LAR,RB,Active,4
455834597620445184,NCAA BIG EAST & CO.,455834605019197440,24,4,285,456167283761344512,8,695,Ted,Ginn,NO,WR,Active,12
455834597620445184,NCAA BIG EAST & CO.,455834605019197440,24,3,286,389656085486649344,2,232,Frank,Gore,BUF,RB,Active,14
455834597620445184,NCAA BIG EAST & CO.,455834605019197440,24,2,287,464086547717681152,5,1329,Chris,Hogan,CAR,WR,Active,8
455834597620445184,NCAA BIG EAST & CO.,455834605019197440,24,1,288,456129190995947520,4,2505,Darren,Waller,OAK,TE,Practice Squad,4
455834597620445184,NCAA BIG EAST & CO.,455834605019197440,25,1,289,456129190995947520,4,6153,Dexter,Williams,GB,RB,Active,0
455834597620445184,NCAA BIG EAST & CO.,455834605019197440,25,2,290,464086547717681152,5,ARI,Arizona,Cardinals,ARI,DEF,,
455834597620445184,NCAA BIG EAST & CO.,455834605019197440,25,3,291,389656085486649344,2,6149,Darius,Slayton,NYG,WR,Active,0
455834597620445184,NCAA BIG EAST & CO.,455834605019197440,25,4,292,456167283761344512,8,560,Demaryius,Thomas,NE,WR,Physically Unable to Perform,9
455834597620445184,NCAA BIG EAST & CO.,455834605019197440,25,5,293,456132537073266688,6,5906,Dawson,Knox,BUF,TE,Active,0
455834597620445184,NCAA BIG EAST & CO.,455834605019197440,25,6,294,482459707504586752,9,4125,Taywan,Taylor,TEN,WR,Active,2
455834597620445184,NCAA BIG EAST & CO.,455834605019197440,25,7,295,447775127048810496,1,CAR,Carolina,Panthers,CAR,DEF,,
455834597620445184,NCAA BIG EAST & CO.,455834605019197440,25,8,296,456182244336201728,11,GB,Green Bay,Packers,GB,DEF,,
455834597620445184,NCAA BIG EAST & CO.,455834605019197440,25,9,297,430187140727451648,12,1911,Willie,Snead,BAL,WR,Active,5
455834597620445184,NCAA BIG EAST & CO.,455834605019197440,25,10,298,333005257409847296,3,TEN,Tennessee,Titans,TEN,DEF,,
455834597620445184,NCAA BIG EAST & CO.,455834605019197440,25,11,299,456159345906806784,7,2004,Cody,Latimer,NYG,WR,Active,5
455834597620445184,NCAA BIG EAST & CO.,455834605019197440,25,12,300,,10,5076,John,Kelly,LAR,RB,Active,1
455834597620445184,NCAA BIG EAST & CO.,455834605019197440,26,12,301,,10,5570,Chad,Beebe,MIN,WR,Active,1
455834597620445184,NCAA BIG EAST & CO.,455834605019197440,26,11,302,456159345906806784,7,4187,Brian,Hill,ATL,RB,Active,2
455834597620445184,NCAA BIG EAST & CO.,455834605019197440,26,10,303,333005257409847296,3,5918,Rodney,Anderson,CIN,RB,Non Football Injury,0
455834597620445184,NCAA BIG EAST & CO.,455834605019197440,26,9,304,430187140727451648,12,ATL,Atlanta,Falcons,ATL,DEF,,
455834597620445184,NCAA BIG EAST & CO.,455834605019197440,26,8,305,456182244336201728,11,OAK,Oakland,Raiders,OAK,DEF,,
455834597620445184,NCAA BIG EAST & CO.,455834605019197440,26,7,306,447775127048810496,1,1077,Travis,Benjamin,LAC,WR,Active,7
455834597620445184,NCAA BIG EAST & CO.,455834605019197440,26,6,307,482459707504586752,9,6144,Trayveon,Williams,CIN,RB,Active,0
455834597620445184,NCAA BIG EAST & CO.,455834605019197440,26,5,308,456132537073266688,6,1575,Andre,Ellington,TB,RB,Active,6
455834597620445184,NCAA BIG EAST & CO.,455834605019197440,26,4,309,456167283761344512,8,3286,Demarcus,Robinson,KC,WR,Active,3
455834597620445184,NCAA BIG EAST & CO.,455834605019197440,26,3,310,389656085486649344,2,2003,Bennie,Fowler,NYG,WR,Active,5
455834597620445184,NCAA BIG EAST & CO.,455834605019197440,26,2,311,464086547717681152,5,2560,Zach,Zenner,DET,RB,Active,4
455834597620445184,NCAA BIG EAST & CO.,455834605019197440,26,1,312,456129190995947520,4,5101,Deon,Cain,IND,WR,Active,1
455834597620445184,NCAA BIG EAST & CO.,455834605019197440,27,1,313,456129190995947520,4,2747,Jason,Myers,SEA,K,Active,4
455834597620445184,NCAA BIG EAST & CO.,455834605019197440,27,2,314,464086547717681152,5,1945,Chris,Boswell,PIT,K,Active,5
455834597620445184,NCAA BIG EAST & CO.,455834605019197440,27,3,315,389656085486649344,2,MIA,Miami,Dolphins,MIA,DEF,,
455834597620445184,NCAA BIG EAST & CO.,455834605019197440,27,4,316,456167283761344512,8,4531,Ricky,Seals-Jones,ARI,TE,Active,2
455834597620445184,NCAA BIG EAST & CO.,455834605019197440,27,5,317,456132537073266688,6,2477,Cameron,Artis-Payne,CAR,RB,Active,4
455834597620445184,NCAA BIG EAST & CO.,455834605019197440,27,6,318,482459707504586752,9,2399,Ty,Montgomery,NYJ,RB,Active,4
455834597620445184,NCAA BIG EAST & CO.,455834605019197440,27,7,319,447775127048810496,1,1144,Cole,Beasley,BUF,WR,Active,7
455834597620445184,NCAA BIG EAST & CO.,455834605019197440,27,8,320,456182244336201728,11,5199,Byron,Pringle,KC,WR,Active,1
455834597620445184,NCAA BIG EAST & CO.,455834605019197440,27,9,321,430187140727451648,12,6164,Kahale,Warring,HOU,TE,Active,0
455834597620445184,NCAA BIG EAST & CO.,455834605019197440,27,10,322,333005257409847296,3,59,Mason,Crosby,GB,K,Active,12
455834597620445184,NCAA BIG EAST & CO.,455834605019197440,27,11,323,456159345906806784,7,WAS,Washington,Redskins,WAS,DEF,,
455834597620445184,NCAA BIG EAST & CO.,455834605019197440,27,12,324,,10,2331,Breshad,Perriman,TB,WR,Active,4
455834597620445184,NCAA BIG EAST & CO.,455834605019197440,28,12,325,,10,2685,Jordan,Taylor,MIN,WR,Active,4
455834597620445184,NCAA BIG EAST & CO.,455834605019197440,28,11,326,456159345906806784,7,2944,Matt,LaCosse,NE,TE,Active,4
455834597620445184,NCAA BIG EAST & CO.,455834605019197440,28,10,327,333005257409847296,3,3328,Rashard,Higgins,CLE,WR,Active,3
455834597620445184,NCAA BIG EAST & CO.,455834605019197440,28,9,328,430187140727451648,12,5134,Keith,Kirkwood,NO,WR,Active,1
455834597620445184,NCAA BIG EAST & CO.,455834605019197440,28,8,329,456182244336201728,11,TB,Tampa Bay,Buccaneers,TB,DEF,,
455834597620445184,NCAA BIG EAST & CO.,455834605019197440,28,7,330,447775127048810496,1,17,Matt,Prater,DET,K,Active,13
455834597620445184,NCAA BIG EAST & CO.,455834605019197440,28,6,331,482459707504586752,9,4162,Ryan,Switzer,PIT,WR,Active,2
455834597620445184,NCAA BIG EAST & CO.,455834605019197440,28,5,332,456132537073266688,6,6148,Preston,Williams,MIA,WR,Active,0
455834597620445184,NCAA BIG EAST & CO.,455834605019197440,28,4,333,456167283761344512,8,491,Danny,Amendola,DET,WR,Active,11
455834597620445184,NCAA BIG EAST & CO.,455834605019197440,28,3,334,389656085486649344,2,19,Joe,Flacco,DEN,QB,Active,11
455834597620445184,NCAA BIG EAST & CO.,455834605019197440,28,2,335,464086547717681152,5,2545,Geoff,Swaim,JAX,TE,Active,4
455834597620445184,NCAA BIG EAST & CO.,455834605019197440,28,1,336,456129190995947520,4,6159,Mike,Weber,DAL,RB,Active,0
455834597620445184,NCAA BIG EAST & CO.,455834605019197440,29,1,337,456129190995947520,4,6039,Ty,Johnson,DET,RB,Active,0
455834597620445184,NCAA BIG EAST & CO.,455834605019197440,29,2,338,464086547717681152,5,988,Doug,Baldwin,,WR,Inactive,8
455834597620445184,NCAA BIG EAST & CO.,455834605019197440,29,3,339,389656085486649344,2,DET,Detroit,Lions,DET,DEF,,
455834597620445184,NCAA BIG EAST & CO.,455834605019197440,29,4,340,456167283761344512,8,1567,Tavon,Austin,DAL,RB,Active,6
455834597620445184,NCAA BIG EAST & CO.,455834605019197440,29,5,341,456132537073266688,6,2020,Cairo,Santos,TB,K,Active,5
455834597620445184,NCAA BIG EAST & CO.,455834605019197440,29,6,342,482459707504586752,9,23,Jason,Witten,DAL,TE,Active,16
455834597620445184,NCAA BIG EAST & CO.,455834605019197440,29,7,343,333005257409847296,3,5374,Justin,Watson,TB,WR,Active,1
455834597620445184,NCAA BIG EAST & CO.,455834605019197440,29,8,344,456182244336201728,11,5947,Jakobi,Meyers,NE,WR,Active,0
455834597620445184,NCAA BIG EAST & CO.,455834605019197440,29,9,345,430187140727451648,12,6136,Jarrett,Stidham,NE,QB,Active,0
455834597620445184,NCAA BIG EAST & CO.,455834605019197440,29,10,346,333005257409847296,3,3355,Cody,Core,CIN,WR,Active,3
455834597620445184,NCAA BIG EAST & CO.,455834605019197440,29,11,347,456159345906806784,7,2152,Teddy,Bridgewater,NO,QB,Active,5
455834597620445184,NCAA BIG EAST & CO.,455834605019197440,29,12,348,,10,NYG,New York,Giants,NYG,DEF,,
455834597620445184,NCAA BIG EAST & CO.,455834605019197440,30,12,349,,10,4651,Corey,Clement,PHI,RB,Active,2
455834597620445184,NCAA BIG EAST & CO.,455834605019197440,30,11,350,456159345906806784,7,3650,Maurice,Harris,NE,WR,Active,3
455834597620445184,NCAA BIG EAST & CO.,455834605019197440,30,10,351,333005257409847296,3,333,Ryan,Fitzpatrick,MIA,QB,Active,14
455834597620445184,NCAA BIG EAST & CO.,455834605019197440,30,9,352,430187140727451648,12,1601,Spencer,Ware,IND,RB,Physically Unable to Perform,6
455834597620445184,NCAA BIG EAST & CO.,455834605019197440,30,8,353,456182244336201728,11,CIN,Cincinnati,Bengals,CIN,DEF,,
455834597620445184,NCAA BIG EAST & CO.,455834605019197440,30,7,354,447775127048810496,1,818,Bilal,Powell,NYJ,RB,Active,8
455834597620445184,NCAA BIG EAST & CO.,455834605019197440,30,6,355,482459707504586752,9,246,Darren,Sproles,PHI,RB,Active,14
455834597620445184,NCAA BIG EAST & CO.,455834605019197440,30,5,356,456132537073266688,6,5924,Emanuel,Hall,CHI,WR,Active,0
455834597620445184,NCAA BIG EAST & CO.,455834605019197440,30,4,357,456167283761344512,8,1684,Jaron,Brown,SEA,WR,Active,6
455834597620445184,NCAA BIG EAST & CO.,455834605019197440,30,3,358,389656085486649344,2,4351,Tim,Patrick,DEN,WR,Active,2
455834597620445184,NCAA BIG EAST & CO.,455834605019197440,30,2,359,464086547717681152,5,1564,Benjamin,Cunningham,JAX,RB,Active,6
455834597620445184,NCAA BIG EAST & CO.,455834605019197440,30,1,360,456129190995947520,4,6002,Qadree,Ollison,ATL,RB,Active,0
455834597620445184,NCAA BIG EAST & CO.,455834605019197440,31,1,361,456129190995947520,4,2980,Eli,Rogers,PIT,WR,Active,4
455834597620445184,NCAA BIG EAST & CO.,455834605019197440,31,2,362,464086547717681152,5,3664,JD,McKissic,SEA,RB,Active,3
455834597620445184,NCAA BIG EAST & CO.,455834605019197440,31,3,363,389656085486649344,2,1944,Alfred,Blue,JAX,RB,Active,5
455834597620445184,NCAA BIG EAST & CO.,455834605019197440,31,4,364,456167283761344512,8,188,Eli,Manning,NYG,QB,Active,15
455834597620445184,NCAA BIG EAST & CO.,455834605019197440,31,5,365,456132537073266688,6,1379,Kyle,Juszczyk,SF,RB,Active,6
455834597620445184,NCAA BIG EAST & CO.,455834605019197440,31,6,366,482459707504586752,9,6001,Drew,Sample,CIN,TE,Active,0
455834597620445184,NCAA BIG EAST & CO.,455834605019197440,31,7,367,447775127048810496,1,4571,Blake,Jarwin,DAL,TE,Active,2
455834597620445184,NCAA BIG EAST & CO.,455834605019197440,31,8,368,456182244336201728,11,5975,Alize,Mack,NO,TE,Active,0
455834597620445184,NCAA BIG EAST & CO.,455834605019197440,31,9,369,430187140727451648,12,5903,Will,Grier,CAR,QB,Active,0
455834597620445184,NCAA BIG EAST & CO.,455834605019197440,31,10,370,333005257409847296,3,5980,Myles,Gaskin,MIA,RB,Active,0
455834597620445184,NCAA BIG EAST & CO.,455834605019197440,31,11,371,456159345906806784,7,5110,Russell,Gage,ATL,WR,Active,1
455834597620445184,NCAA BIG EAST & CO.,455834605019197440,31,12,372,,10,5977,Terry,Godwin,CAR,WR,Active,0
455834597620445184,NCAA BIG EAST & CO.,455834605019197440,32,12,373,,10,4480,Jesus,Wilson,TB,WR,Active,2
455834597620445184,NCAA BIG EAST & CO.,455834605019197440,32,11,374,456159345906806784,7,3177,Corey,Coleman,NYG,WR,Injured Reserve,3
455834597620445184,NCAA BIG EAST & CO.,455834605019197440,32,10,375,456159345906806784,7,6107,Emmanuel,Butler,NO,WR,Active,0
455834597620445184,NCAA BIG EAST & CO.,455834605019197440,32,9,376,430187140727451648,12,5919,Elijah,Holyfield,CAR,RB,Active,0
455834597620445184,NCAA BIG EAST & CO.,455834605019197440,32,8,377,456182244336201728,11,4972,Mason,Rudolph,PIT,QB,Active,1
455834597620445184,NCAA BIG EAST & CO.,455834605019197440,32,7,378,447775127048810496,1,4150,Wayne,Gallman,NYG,RB,Active,2
455834597620445184,NCAA BIG EAST & CO.,455834605019197440,32,6,379,482459707504586752,9,1195,Doug,Martin,OAK,RB,Active,7
455834597620445184,NCAA BIG EAST & CO.,455834605019197440,32,5,380,456132537073266688,6,6072,Bruce,Anderson,TB,RB,Active,0
455834597620445184,NCAA BIG EAST & CO.,455834605019197440,32,4,381,456167283761344512,8,503,Graham,Gano,CAR,K,Active,10
455834597620445184,NCAA BIG EAST & CO.,455834605019197440,32,3,382,389656085486649344,2,4381,Taysom,Hill,NO,QB,Active,2
455834597620445184,NCAA BIG EAST & CO.,455834605019197440,32,2,383,464086547717681152,5,2412,Justin,Hardy,ATL,WR,Active,4
455834597620445184,NCAA BIG EAST & CO.,455834605019197440,32,1,384,456129190995947520,4,6142,Caleb,Wilson,ARI,TE,Active,0
455834597620445184,NCAA BIG EAST & CO.,455834605019197440,33,1,385,456129190995947520,4,4139,Amara,Darboh,SEA,WR,Active,2
455834597620445184,NCAA BIG EAST & CO.,455834605019197440,33,2,386,464086547717681152,5,5536,Dontrell,Hilliard,CLE,RB,Active,1
455834597620445184,NCAA BIG EAST & CO.,455834605019197440,33,3,387,389656085486649344,2,3342,Jakeem,Grant,MIA,WR,Active,3
455834597620445184,NCAA BIG EAST & CO.,455834605019197440,33,4,388,456167283761344512,8,2359,Ameer,Abdullah,MIN,RB,Active,4
455834597620445184,NCAA BIG EAST & CO.,455834605019197440,33,5,389,456132537073266688,6,826,Torrey,Smith,CAR,WR,Active,8
455834597620445184,NCAA BIG EAST & CO.,455834605019197440,33,6,390,482459707504586752,9,5102,Daurice,Fountain,IND,WR,Active,1
455834597620445184,NCAA BIG EAST & CO.,455834605019197440,33,7,391,447775127048810496,1,3582,Chester,Rogers,IND,WR,Active,3
455834597620445184,NCAA BIG EAST & CO.,455834605019197440,33,8,392,456182244336201728,11,1348,Dustin,Hopkins,WAS,K,Active,6
455834597620445184,NCAA BIG EAST & CO.,455834605019197440,33,9,393,430187140727451648,12,4319,Zach,Pascal,IND,WR,Active,2
455834597620445184,NCAA BIG EAST & CO.,455834605019197440,33,10,394,447775127048810496,1,812,Lee,Smith,BUF,TE,Active,8
455834597620445184,NCAA BIG EAST & CO.,455834605019197440,33,11,395,447775127048810496,1,2462,JJ,Nelson,OAK,WR,Active,4
455834597620445184,NCAA BIG EAST & CO.,455834605019197440,33,12,396,,10,2699,Cameron,Meredith,NE,WR,Physically Unable to Perform,4
455834597620445184,NCAA BIG EAST & CO.,455834605019197440,34,12,397,,10,5095,Daniel,Carlson,OAK,K,Active,1
455834597620445184,NCAA BIG EAST & CO.,455834605019197440,34,11,398,456159345906806784,7,2671,Josh,Lambo,JAX,K,Active,4
455834597620445184,NCAA BIG EAST & CO.,455834605019197440,34,10,399,447775127048810496,1,1433,Brandon,McManus,DEN,K,Active,6
455834597620445184,NCAA BIG EAST & CO.,455834605019197440,34,9,400,430187140727451648,12,4151,Jake,Butt,DEN,TE,Practice Squad,2
455834597620445184,NCAA BIG EAST & CO.,455834605019197440,34,8,401,456182244336201728,11,4464,Nick,Mullens,SF,QB,Active,2
455834597620445184,NCAA BIG EAST & CO.,455834605019197440,34,7,402,447775127048810496,1,1312,Josh,Bellamy,NYJ,WR,Active,7
455834597620445184,NCAA BIG EAST & CO.,455834605019197440,34,6,403,482459707504586752,9,1215,Jarius,Wright,CAR,WR,Active,7
455834597620445184,NCAA BIG EAST & CO.,455834605019197440,34,5,404,456132537073266688,6,4454,Kendrick,Bourne,SF,WR,Active,2
455834597620445184,NCAA BIG EAST & CO.,455834605019197440,34,4,405,456167283761344512,8,1049,Ryan,Tannehill,TEN,QB,Active,7
455834597620445184,NCAA BIG EAST & CO.,455834605019197440,34,3,406,389656085486649344,2,5985,Foster,Moreau,OAK,TE,Active,0
455834597620445184,NCAA BIG EAST & CO.,455834605019197440,34,2,407,464086547717681152,5,4197,Isaiah,McKenzie,BUF,WR,Practice Squad,2
455834597620445184,NCAA BIG EAST & CO.,455834605019197440,34,1,408,456129190995947520,4,6068,Devine,Ozigbo,NO,RB,Active,0
455834597620445184,NCAA BIG EAST & CO.,455834605019197440,35,1,409,456129190995947520,4,3257,Jacoby,Brissett,IND,QB,Active,3
455834597620445184,NCAA BIG EAST & CO.,455834605019197440,35,2,410,464086547717681152,5,1737,Case,Keenum,WAS,QB,Active,7
455834597620445184,NCAA BIG EAST & CO.,455834605019197440,35,3,411,389656085486649344,2,5272,Greg,Joseph,CLE,K,Active,1
455834597620445184,NCAA BIG EAST & CO.,455834605019197440,35,4,412,456167283761344512,8,949,Jacquizz,Rodgers,NO,RB,Active,8
455834597620445184,NCAA BIG EAST & CO.,455834605019197440,35,5,413,456132537073266688,6,3309,Wendell,Smallwood,PHI,RB,Active,3
455834597620445184,NCAA BIG EAST & CO.,455834605019197440,35,6,414,482459707504586752,9,2039,Seth,Roberts,BAL,WR,Active,5
455834597620445184,NCAA BIG EAST & CO.,455834605019197440,35,7,415,447775127048810496,1,4718,Dare,Ogunbowale,TB,RB,Practice Squad,2
455834597620445184,NCAA BIG EAST & CO.,455834605019197440,35,8,416,456182244336201728,11,2430,Javorius,Allen,NO,RB,Active,4
455834597620445184,NCAA BIG EAST & CO.,455834605019197440,35,9,417,430187140727451648,12,6083,Matt,Gay,TB,K,Active,0
455834597620445184,NCAA BIG EAST & CO.,455834605019197440,35,10,418,447775127048810496,1,2892,Rod,Smith,NYG,RB,Active,4
455834597620445184,NCAA BIG EAST & CO.,455834605019197440,35,11,419,456159345906806784,7,2121,TJ,Jones,NYG,WR,Active,5
455834597620445184,NCAA BIG EAST & CO.,455834605019197440,35,12,420,,10,5885,Ryan,Finley,CIN,QB,Active,0
462453135504306176,NCAA IVY,462453137395937280,1,1,1,395321276102627328,5,4866,Saquon,Barkley,NYG,RB,Active,1
462453135504306176,NCAA IVY,462453137395937280,1,2,2,489629400208240640,3,4035,Alvin,Kamara,NO,RB,Active,2
462453135504306176,NCAA IVY,462453137395937280,1,3,3,508719670362374144,4,4034,Christian,McCaffrey,CAR,RB,Active,2
462453135504306176,NCAA IVY,462453137395937280,1,4,4,508415252621357056,6,1426,DeAndre,Hopkins,HOU,WR,Active,6
462453135504306176,NCAA IVY,462453137395937280,1,5,5,468150356518367232,1,3199,Michael,Thomas,NO,WR,Active,3
462453135504306176,NCAA IVY,462453137395937280,1,6,6,446519431196045312,9,2078,Odell,Beckham Jr,CLE,WR,Active,5
462453135504306176,NCAA IVY,462453137395937280,1,7,7,444023429222363136,2,2133,Davante,Adams,GB,WR,Active,5
462453135504306176,NCAA IVY,462453137395937280,1,8,8,464233560753041408,10,4040,JuJu,Smith-Schuster,PIT,WR,Active,2
462453135504306176,NCAA IVY,462453137395937280,1,9,9,464595147808567296,12,4018,Joe,Mixon,CIN,RB,Active,2
462453135504306176,NCAA IVY,462453137395937280,1,10,10,464625836192952320,8,2216,Mike,Evans,TB,WR,Active,5
462453135504306176,NCAA IVY,462453137395937280,1,11,11,463944449920069632,7,3164,Ezekiel,Elliott,DAL,RB,Did Not Report,3
462453135504306176,NCAA IVY,462453137395937280,1,12,12,460895027179024384,11,2320,Melvin,Gordon,LAC,RB,Did Not Report,4
462453135504306176,NCAA IVY,462453137395937280,2,12,13,460895027179024384,11,2391,David,Johnson,ARI,RB,Active,4
462453135504306176,NCAA IVY,462453137395937280,2,11,14,463944449920069632,7,4988,Nick,Chubb,CLE,RB,Active,1
462453135504306176,NCAA IVY,462453137395937280,2,10,15,464625836192952320,8,3321,Tyreek,Hill,KC,WR,Active,3
462453135504306176,NCAA IVY,462453137395937280,2,9,16,464595147808567296,12,2315,Todd,Gurley,LAR,RB,Active,4
462453135504306176,NCAA IVY,462453137395937280,2,8,17,464233560753041408,10,4029,Dalvin,Cook,MIN,RB,Active,2
462453135504306176,NCAA IVY,462453137395937280,2,7,18,444023429222363136,2,1466,Travis,Kelce,KC,TE,Active,6
462453135504306176,NCAA IVY,462453137395937280,2,6,19,446519431196045312,9,947,Julio,Jones,ATL,WR,Active,8
462453135504306176,NCAA IVY,462453137395937280,2,5,20,468150356518367232,1,1408,Le'Veon,Bell,NYJ,RB,Active,6
462453135504306176,NCAA IVY,462453137395937280,2,4,21,508415252621357056,6,5068,Kerryon,Johnson,DET,RB,Active,1
462453135504306176,NCAA IVY,462453137395937280,2,3,22,508719670362374144,4,2309,Amari,Cooper,DAL,WR,Active,4
462453135504306176,NCAA IVY,462453137395937280,2,2,23,489629400208240640,3,5892,David,Montgomery,CHI,RB,Active,0
462453135504306176,NCAA IVY,462453137395937280,2,1,24,395321276102627328,5,4199,Aaron,Jones,GB,RB,Active,2
462453135504306176,NCAA IVY,462453137395937280,3,1,25,395321276102627328,5,3969,Leonard,Fournette,JAX,RB,Active,2
462453135504306176,NCAA IVY,462453137395937280,3,2,26,489629400208240640,3,4046,Patrick,Mahomes,KC,QB,Active,2
462453135504306176,NCAA IVY,462453137395937280,3,3,27,508719670362374144,4,1479,Keenan,Allen,LAC,WR,Active,6
462453135504306176,NCAA IVY,462453137395937280,3,4,28,508415252621357056,6,1689,Adam,Thielen,MIN,WR,Active,6
462453135504306176,NCAA IVY,462453137395937280,3,5,29,468150356518367232,1,4137,James,Conner,PIT,RB,Active,2
462453135504306176,NCAA IVY,462453137395937280,3,6,30,446519431196045312,9,5170,Phillip,Lindsay,DEN,RB,Active,1
462453135504306176,NCAA IVY,462453137395937280,3,7,31,444023429222363136,2,5850,Josh,Jacobs,OAK,RB,Active,0
462453135504306176,NCAA IVY,462453137395937280,3,8,32,464233560753041408,10,536,Antonio,Brown,OAK,WR,Active,9
462453135504306176,NCAA IVY,462453137395937280,3,9,33,464595147808567296,12,2449,Stefon,Diggs,MIN,WR,Active,4
462453135504306176,NCAA IVY,462453137395937280,3,10,34,464625836192952320,8,4152,Marlon,Mack,IND,RB,Active,2
462453135504306176,NCAA IVY,462453137395937280,3,11,35,463944449920069632,7,4217,George,Kittle,SF,TE,Active,2
462453135504306176,NCAA IVY,462453137395937280,3,12,36,460895027179024384,11,2197,Brandin,Cooks,LAR,WR,Active,5
462453135504306176,NCAA IVY,462453137395937280,4,12,37,460895027179024384,11,1110,T.Y.,Hilton,IND,WR,Active,7
462453135504306176,NCAA IVY,462453137395937280,4,11,38,463944449920069632,7,4131,Kenny,Golladay,DET,WR,Active,2
462453135504306176,NCAA IVY,462453137395937280,4,10,39,464625836192952320,8,2168,Devonta,Freeman,ATL,RB,Active,5
462453135504306176,NCAA IVY,462453137395937280,4,9,40,464595147808567296,12,1339,Zach,Ertz,PHI,TE,Active,6
462453135504306176,NCAA IVY,462453137395937280,4,8,41,464233560753041408,10,3198,Derrick,Henry,TEN,RB,Active,3
462453135504306176,NCAA IVY,462453137395937280,4,7,42,444023429222363136,2,4039,Cooper,Kupp,LAR,WR,Active,2
462453135504306176,NCAA IVY,462453137395937280,4,6,43,446519431196045312,9,4962,Sony,Michel,NE,RB,Active,1
462453135504306176,NCAA IVY,462453137395937280,4,5,44,468150356518367232,1,4037,Chris,Godwin,TB,WR,Active,2
462453135504306176,NCAA IVY,462453137395937280,4,4,45,508415252621357056,6,1352,Robert,Woods,LAR,WR,Active,6
462453135504306176,NCAA IVY,462453137395937280,4,3,46,508719670362374144,4,4983,D.J.,Moore,CAR,WR,Active,1
462453135504306176,NCAA IVY,462453137395937280,4,2,47,489629400208240640,3,4068,Mike,Williams,LAC,WR,Active,2
462453135504306176,NCAA IVY,462453137395937280,4,1,48,395321276102627328,5,4981,Calvin,Ridley,ATL,WR,Active,1
462453135504306176,NCAA IVY,462453137395937280,5,1,49,395321276102627328,5,4055,OJ,Howard,TB,TE,Active,2
462453135504306176,NCAA IVY,462453137395937280,5,2,50,489629400208240640,3,6151,Miles,Sanders,PHI,RB,Active,0
462453135504306176,NCAA IVY,462453137395937280,5,3,51,508719670362374144,4,4036,Corey,Davis,TEN,WR,Active,2
462453135504306176,NCAA IVY,462453137395937280,5,4,52,508415252621357056,6,1833,Damien,Williams,KC,RB,Active,5
462453135504306176,NCAA IVY,462453137395937280,5,5,53,468150356518367232,1,830,AJ,Green,CIN,WR,Active,8
462453135504306176,NCAA IVY,462453137395937280,5,6,54,446519431196045312,9,3214,Hunter,Henry,LAC,TE,Active,3
462453135504306176,NCAA IVY,462453137395937280,5,7,55,444023429222363136,2,3225,Tyler,Boyd,CIN,WR,Active,3
462453135504306176,NCAA IVY,462453137395937280,5,8,56,464233560753041408,10,4017,Deshaun,Watson,HOU,QB,Active,2
462453135504306176,NCAA IVY,462453137395937280,5,9,57,464595147808567296,12,1111,Andrew,Luck,IND,QB,Active,7
462453135504306176,NCAA IVY,462453137395937280,5,10,58,464625836192952320,8,4950,Christian,Kirk,ARI,WR,Active,1
462453135504306176,NCAA IVY,462453137395937280,5,11,59,463944449920069632,7,4892,Baker,Mayfield,CLE,QB,Active,1
462453135504306176,NCAA IVY,462453137395937280,5,12,60,460895027179024384,11,5878,N'Keal,Harry,NE,WR,Active,0
462453135504306176,NCAA IVY,462453137395937280,6,12,61,460895027179024384,11,1992,Allen,Robinson,CHI,WR,Active,5
462453135504306176,NCAA IVY,462453137395937280,6,11,62,463944449920069632,7,2374,Tyler,Lockett,SEA,WR,Active,4
462453135504306176,NCAA IVY,462453137395937280,6,10,63,464625836192952320,8,4985,Rashaad,Penny,SEA,RB,Active,1
462453135504306176,NCAA IVY,462453137395937280,6,9,64,464595147808567296,12,5846,D.K.,Metcalf,SEA,WR,Active,0
462453135504306176,NCAA IVY,462453137395937280,6,8,65,464233560753041408,10,4066,Evan,Engram,NYG,TE,Active,2
462453135504306176,NCAA IVY,462453137395937280,6,7,66,444023429222363136,2,2378,Tevin,Coleman,SF,RB,Active,4
462453135504306176,NCAA IVY,462453137395937280,6,6,67,446519431196045312,9,5849,Kyler,Murray,ARI,QB,Active,0
462453135504306176,NCAA IVY,462453137395937280,6,5,68,468150356518367232,1,4949,Derrius,Guice,WAS,RB,Active,1
462453135504306176,NCAA IVY,462453137395937280,6,4,69,508415252621357056,6,96,Aaron,Rodgers,GB,QB,Active,14
462453135504306176,NCAA IVY,462453137395937280,6,3,70,508719670362374144,4,4273,Chris,Carson,SEA,RB,Active,2
462453135504306176,NCAA IVY,462453137395937280,6,2,71,489629400208240640,3,4033,David,Njoku,CLE,TE,Active,2
462453135504306176,NCAA IVY,462453137395937280,6,1,72,395321276102627328,5,5013,Anthony,Miller,CHI,WR,Active,1
462453135504306176,NCAA IVY,462453137395937280,7,1,73,395321276102627328,5,5880,Parris,Campbell,IND,WR,Active,0
462453135504306176,NCAA IVY,462453137395937280,7,2,74,489629400208240640,3,4157,Tarik,Cohen,CHI,RB,Active,2
462453135504306176,NCAA IVY,462453137395937280,7,3,75,508719670362374144,4,1825,Jarvis,Landry,CLE,WR,Active,5
462453135504306176,NCAA IVY,462453137395937280,7,4,76,508415252621357056,6,4082,Curtis,Samuel,CAR,WR,Active,2
462453135504306176,NCAA IVY,462453137395937280,7,5,77,468150356518367232,1,5045,Courtland,Sutton,DEN,WR,Active,1
462453135504306176,NCAA IVY,462453137395937280,7,6,78,446519431196045312,9,3200,Sterling,Shepard,NYG,WR,Active,3
462453135504306176,NCAA IVY,462453137395937280,7,7,79,444023429222363136,2,3423,Robby,Anderson,NYJ,WR,Active,3
462453135504306176,NCAA IVY,462453137395937280,7,8,80,464233560753041408,10,1149,Alshon,Jeffery,PHI,WR,Active,7
462453135504306176,NCAA IVY,462453137395937280,7,9,81,464595147808567296,12,5848,Marquise,Brown,BAL,WR,Active,0
462453135504306176,NCAA IVY,462453137395937280,7,10,82,464625836192952320,8,3157,Will,Fuller,HOU,WR,Active,3
462453135504306176,NCAA IVY,462453137395937280,7,11,83,463944449920069632,7,1817,Sammy,Watkins,KC,WR,Active,5
462453135504306176,NCAA IVY,462453137395937280,7,12,84,460895027179024384,11,956,Mark,Ingram,BAL,RB,Active,8
462453135504306176,NCAA IVY,462453137395937280,8,12,85,460895027179024384,11,4992,Dante,Pettis,SF,WR,Active,1
462453135504306176,NCAA IVY,462453137395937280,8,11,86,463944449920069632,7,3161,Carson,Wentz,PHI,QB,Active,3
462453135504306176,NCAA IVY,462453137395937280,8,10,87,464625836192952320,8,1234,Russell,Wilson,SEA,QB,Active,7
462453135504306176,NCAA IVY,462453137395937280,8,9,88,464595147808567296,12,5916,Darrell,Henderson,LAR,RB,Active,0
462453135504306176,NCAA IVY,462453137395937280,8,8,89,464233560753041408,10,3242,Kenyan,Drake,MIA,RB,Active,3
462453135504306176,NCAA IVY,462453137395937280,8,7,90,444023429222363136,2,3163,Jared,Goff,LAR,QB,Active,3
462453135504306176,NCAA IVY,462453137395937280,8,6,91,446519431196045312,9,5038,Michael,Gallup,DAL,WR,Active,1
462453135504306176,NCAA IVY,462453137395937280,8,5,92,468150356518367232,1,5859,A.J.,Brown,TEN,WR,Active,0
462453135504306176,NCAA IVY,462453137395937280,8,4,93,508415252621357056,6,1848,James,White,NE,RB,Active,5
462453135504306176,NCAA IVY,462453137395937280,8,3,94,508719670362374144,4,344,Julian,Edelman,NE,WR,Non Football Injury,10
462453135504306176,NCAA IVY,462453137395937280,8,2,95,489629400208240640,3,4146,Dede,Westbrook,JAX,WR,Active,2
462453135504306176,NCAA IVY,462453137395937280,8,1,96,395321276102627328,5,4098,Kareem,Hunt,CLE,RB,Non Football Injury,2
462453135504306176,NCAA IVY,462453137395937280,9,1,97,395321276102627328,5,3976,Mitch,Trubisky,CHI,QB,Active,2
462453135504306176,NCAA IVY,462453137395937280,9,2,98,489629400208240640,3,5872,Deebo,Samuel,SF,WR,Active,0
462453135504306176,NCAA IVY,462453137395937280,9,3,99,508719670362374144,4,5844,T.J.,Hockenson,DET,TE,Active,0
462453135504306176,NCAA IVY,462453137395937280,9,4,100,508415252621357056,6,5995,Justice,Hill,BAL,RB,Active,0
462453135504306176,NCAA IVY,462453137395937280,9,5,101,468150356518367232,1,1067,Marvin,Jones,DET,WR,Active,7
462453135504306176,NCAA IVY,462453137395937280,9,6,102,446519431196045312,9,5007,Keke,Coutee,HOU,WR,Active,1
462453135504306176,NCAA IVY,462453137395937280,9,7,103,444023429222363136,2,5890,Damien,Harris,NE,RB,Active,0
462453135504306176,NCAA IVY,462453137395937280,9,8,104,464233560753041408,10,1048,Lamar,Miller,HOU,RB,Active,7
462453135504306176,NCAA IVY,462453137395937280,9,9,105,464595147808567296,12,5857,Noah,Fant,DEN,TE,Active,0
462453135504306176,NCAA IVY,462453137395937280,9,10,106,464625836192952320,8,6130,Devin,Singletary,BUF,RB,Active,0
462453135504306176,NCAA IVY,462453137395937280,9,11,107,463944449920069632,7,CHI,Chicago,Bears,CHI,DEF,,
462453135504306176,NCAA IVY,462453137395937280,9,12,108,460895027179024384,11,5046,Royce,Freeman,DEN,RB,Active,1
462453135504306176,NCAA IVY,462453137395937280,10,12,109,460895027179024384,11,4994,Kalen,Ballage,MIA,RB,Active,1
462453135504306176,NCAA IVY,462453137395937280,10,11,110,463944449920069632,7,2118,Eric,Ebron,IND,TE,Active,5
462453135504306176,NCAA IVY,462453137395937280,10,10,111,464625836192952320,8,5024,James,Washington,PIT,WR,Active,1
462453135504306176,NCAA IVY,462453137395937280,10,9,112,464595147808567296,12,5026,Tre'Quan,Smith,NO,WR,Active,1
462453135504306176,NCAA IVY,462453137395937280,10,8,113,464233560753041408,10,5086,Marquez,Valdes-Scantling,GB,WR,Active,1
462453135504306176,NCAA IVY,462453137395937280,10,7,114,444023429222363136,2,4663,Austin,Ekeler,LAC,RB,Active,2
462453135504306176,NCAA IVY,462453137395937280,10,6,115,446519431196045312,9,24,Matt,Ryan,ATL,QB,Active,11
462453135504306176,NCAA IVY,462453137395937280,10,5,116,468150356518367232,1,954,Cam,Newton,CAR,QB,Active,8
462453135504306176,NCAA IVY,462453137395937280,10,4,117,508415252621357056,6,1476,Latavius,Murray,NO,RB,Active,6
462453135504306176,NCAA IVY,462453137395937280,10,3,118,508719670362374144,4,5052,Ronald,Jones II,TB,RB,Active,1
462453135504306176,NCAA IVY,462453137395937280,10,2,119,489629400208240640,3,2382,Duke,Johnson,HOU,RB,Active,4
462453135504306176,NCAA IVY,462453137395937280,10,1,120,395321276102627328,5,5863,JJ,Arcega-Whiteside,PHI,WR,Active,0
462453135504306176,NCAA IVY,462453137395937280,11,1,121,395321276102627328,5,3503,Geronimo,Allison,GB,WR,Active,3
462453135504306176,NCAA IVY,462453137395937280,11,2,122,489629400208240640,3,2583,Tyrell,Williams,OAK,WR,Active,4
462453135504306176,NCAA IVY,462453137395937280,11,3,123,508719670362374144,4,5347,Nyheim,Hines,IND,RB,Active,1
462453135504306176,NCAA IVY,462453137395937280,11,4,124,508415252621357056,6,1971,Donte,Moncrief,PIT,WR,Active,5
462453135504306176,NCAA IVY,462453137395937280,11,5,125,468150356518367232,1,5915,Andy,Isabella,ARI,WR,Active,0
462453135504306176,NCAA IVY,462453137395937280,11,6,126,446519431196045312,9,5022,Dallas,Goedert,PHI,TE,Active,1
462453135504306176,NCAA IVY,462453137395937280,11,7,127,444023429222363136,2,5107,Jaylen,Samuels,PIT,RB,Active,1
462453135504306176,NCAA IVY,462453137395937280,11,8,128,464233560753041408,10,4881,Lamar,Jackson,BAL,QB,Active,1
462453135504306176,NCAA IVY,462453137395937280,11,9,129,464595147808567296,12,2238,John,Brown,BUF,WR,Active,5
462453135504306176,NCAA IVY,462453137395937280,11,10,130,464625836192952320,8,1587,Vance,McDonald,PIT,TE,Active,6
462453135504306176,NCAA IVY,462453137395937280,11,11,131,463944449920069632,7,642,Golden,Tate,NYG,WR,Active,9
462453135504306176,NCAA IVY,462453137395937280,11,12,132,460895027179024384,11,5012,Mark,Andrews,BAL,TE,Active,1
462453135504306176,NCAA IVY,462453137395937280,12,12,133,460895027179024384,11,4984,Josh,Allen,BUF,QB,Active,1
462453135504306176,NCAA IVY,462453137395937280,12,11,134,463944449920069632,7,2306,Jameis,Winston,TB,QB,Active,4
462453135504306176,NCAA IVY,462453137395937280,12,10,135,464625836192952320,8,LAR,Los Angeles,Rams,LAR,DEF,,
462453135504306176,NCAA IVY,462453137395937280,12,9,136,464595147808567296,12,JAX,Jacksonville,Jaguars,JAX,DEF,,
462453135504306176,NCAA IVY,462453137395937280,12,8,137,464233560753041408,10,LAC,Los Angeles,Chargers,LAC,DEF,,
462453135504306176,NCAA IVY,462453137395937280,12,7,138,444023429222363136,2,1555,Kenny,Stills,MIA,WR,Active,6
462453135504306176,NCAA IVY,462453137395937280,12,6,139,446519431196045312,9,4455,Matt,Breida,SF,RB,Active,2
462453135504306176,NCAA IVY,462453137395937280,12,5,140,468150356518367232,1,3294,Dak,Prescott,DAL,QB,Active,3
462453135504306176,NCAA IVY,462453137395937280,12,4,141,508415252621357056,6,367,Jared,Cook,NO,TE,Active,10
462453135504306176,NCAA IVY,462453137395937280,12,3,142,508719670362374144,4,1166,Kirk,Cousins,MIN,QB,Active,7
462453135504306176,NCAA IVY,462453137395937280,12,2,143,489629400208240640,3,3306,Jordan,Howard,PHI,RB,Active,3
462453135504306176,NCAA IVY,462453137395937280,12,1,144,395321276102627328,5,1837,Jimmy,Garoppolo,SF,QB,Active,5
462453135504306176,NCAA IVY,462453137395937280,13,1,145,395321276102627328,5,5917,Mecole,Hardman,KC,WR,Active,0
462453135504306176,NCAA IVY,462453137395937280,13,2,146,489629400208240640,3,5004,Ito,Smith,ATL,RB,Active,1
462453135504306176,NCAA IVY,462453137395937280,13,3,147,508719670362374144,4,4943,Sam,Darnold,NYJ,QB,Active,1
462453135504306176,NCAA IVY,462453137395937280,13,4,148,508415252621357056,6,1244,Josh,Gordon,NE,WR,Non Football Injury,7
462453135504306176,NCAA IVY,462453137395937280,13,5,149,468150356518367232,1,4973,Hayden,Hurst,BAL,TE,Active,1
462453135504306176,NCAA IVY,462453137395937280,13,6,150,446519431196045312,9,CLE,Cleveland,Browns,CLE,DEF,,
462453135504306176,NCAA IVY,462453137395937280,13,7,151,444023429222363136,2,538,Emmanuel,Sanders,DEN,WR,Active,9
462453135504306176,NCAA IVY,462453137395937280,13,8,152,464233560753041408,10,3202,Austin,Hooper,ATL,TE,Active,3
462453135504306176,NCAA IVY,462453137395937280,13,9,153,464595147808567296,12,2346,Devin,Funchess,IND,WR,Active,4
462453135504306176,NCAA IVY,462453137395937280,13,10,154,464625836192952320,8,1793,Trey,Burton,CHI,TE,Active,5
462453135504306176,NCAA IVY,462453137395937280,13,11,155,463944449920069632,7,2161,Jerick,McKinnon,SF,RB,Active,5
462453135504306176,NCAA IVY,462453137395937280,13,12,156,460895027179024384,11,4998,Daesean,Hamilton,DEN,WR,Active,1
462453135504306176,NCAA IVY,462453137395937280,14,12,157,460895027179024384,11,5967,Tony,Pollard,DAL,RB,Active,0
462453135504306176,NCAA IVY,462453137395937280,14,11,158,463944449920069632,7,5250,Robert,Foster,BUF,WR,Active,1
462453135504306176,NCAA IVY,462453137395937280,14,10,159,464625836192952320,8,5009,Chris,Herndon IV,NYJ,TE,Suspended,1
462453135504306176,NCAA IVY,462453137395937280,14,9,160,464595147808567296,12,1346,Marquise,Goodwin,SF,WR,Active,6
462453135504306176,NCAA IVY,462453137395937280,14,8,161,464233560753041408,10,2319,Devante,Parker,MIA,WR,Active,4
462453135504306176,NCAA IVY,462453137395937280,14,7,162,444023429222363136,2,788,Dion,Lewis,TEN,RB,Active,8
462453135504306176,NCAA IVY,462453137395937280,14,6,163,446519431196045312,9,5886,Hakeem,Butler,ARI,WR,Active,0
462453135504306176,NCAA IVY,462453137395937280,14,5,164,468150356518367232,1,1264,Justin,Tucker,BAL,K,Active,7
462453135504306176,NCAA IVY,462453137395937280,14,4,165,508415252621357056,6,676,LeSean,McCoy,BUF,RB,Active,10
462453135504306176,NCAA IVY,462453137395937280,14,3,166,508719670362374144,4,1500,Jordan,Reed,WAS,TE,Active,6
462453135504306176,NCAA IVY,462453137395937280,14,2,167,489629400208240640,3,4993,Mike,Gesicki,MIA,TE,Active,1
462453135504306176,NCAA IVY,462453137395937280,14,1,168,395321276102627328,5,6007,Ryquell,Armstead,JAX,RB,Active,0
462453135504306176,NCAA IVY,462453137395937280,15,1,169,395321276102627328,5,5927,Terry,McLaurin,WAS,WR,Active,0
462453135504306176,NCAA IVY,462453137395937280,15,2,170,489629400208240640,3,4227,Harrison,Butker,KC,K,Active,2
462453135504306176,NCAA IVY,462453137395937280,15,3,171,508719670362374144,4,HOU,Houston,Texans,HOU,DEF,,
462453135504306176,NCAA IVY,462453137395937280,15,4,172,508415252621357056,6,6178,Darwin,Thompson,KC,RB,Active,0
462453135504306176,NCAA IVY,462453137395937280,15,5,173,468150356518367232,1,5965,Miles,Boykin,BAL,WR,Active,0
462453135504306176,NCAA IVY,462453137395937280,15,6,174,446519431196045312,9,2257,Carlos,Hyde,KC,RB,Active,5
462453135504306176,NCAA IVY,462453137395937280,15,7,175,444023429222363136,2,5987,Alexander,Mattison,MIN,RB,Active,0
462453135504306176,NCAA IVY,462453137395937280,15,8,176,464233560753041408,10,3451,Ka'imi,Fairbairn,HOU,K,Active,3
462453135504306176,NCAA IVY,462453137395937280,15,9,177,464595147808567296,12,5845,Dwayne,Haskins,WAS,QB,Active,0
462453135504306176,NCAA IVY,462453137395937280,15,10,178,464625836192952320,8,4149,Jamaal,Williams,GB,RB,Active,2
462453135504306176,NCAA IVY,462453137395937280,15,11,179,463944449920069632,7,2410,Jamison,Crowder,NYJ,WR,Active,4
462453135504306176,NCAA IVY,462453137395937280,15,12,180,460895027179024384,11,5131,Justin,Jackson,LAC,RB,Active,1
462453135504306176,NCAA IVY,462453137395937280,16,12,181,460895027179024384,11,DAL,Dallas,Cowboys,DAL,DEF,,
462453135504306176,NCAA IVY,462453137395937280,16,11,182,463944449920069632,7,1170,Alfred,Morris,DAL,RB,Active,7
462453135504306176,NCAA IVY,462453137395937280,16,10,183,464625836192952320,8,6156,Benny,Snell Jr.,PIT,RB,Active,0
462453135504306176,NCAA IVY,462453137395937280,16,9,184,464595147808567296,12,2822,Adam,Humphries,TEN,WR,Active,4
462453135504306176,NCAA IVY,462453137395937280,16,8,185,464233560753041408,10,4111,D'Onta,Foreman,IND,RB,Active,2
462453135504306176,NCAA IVY,462453137395937280,16,7,186,444023429222363136,2,1502,Chris,Thompson,WAS,RB,Active,6
462453135504306176,NCAA IVY,462453137395937280,16,6,187,446519431196045312,9,2341,TJ,Yeldon,BUF,RB,Active,4
462453135504306176,NCAA IVY,462453137395937280,16,5,188,468150356518367232,1,5310,Antonio,Callaway,CLE,WR,Suspended,1
462453135504306176,NCAA IVY,462453137395937280,16,4,189,508415252621357056,6,6139,Jace,Sternberger,GB,TE,Active,0
462453135504306176,NCAA IVY,462453137395937280,16,3,190,508719670362374144,4,1750,Giorgio,Tavecchio,ATL,K,Active,7
462453135504306176,NCAA IVY,462453137395937280,16,2,191,489629400208240640,3,289,Drew,Brees,NO,QB,Active,18
462453135504306176,NCAA IVY,462453137395937280,16,1,192,395321276102627328,5,5911,Jalen,Hurd,SF,WR,Active,0
462453135504306176,NCAA IVY,462453137395937280,17,1,193,395321276102627328,5,5937,Diontae,Johnson,PIT,WR,Active,0
462453135504306176,NCAA IVY,462453137395937280,17,2,194,489629400208240640,3,NO,New Orleans,Saints,NO,DEF,,
462453135504306176,NCAA IVY,462453137395937280,17,3,195,508719670362374144,4,2431,Mike,Davis,CHI,RB,Active,4
462453135504306176,NCAA IVY,462453137395937280,17,4,196,508415252621357056,6,223,Larry,Fitzgerald,ARI,WR,Active,15
462453135504306176,NCAA IVY,462453137395937280,17,5,197,468150356518367232,1,DEN,Denver,Broncos,DEN,DEF,,
462453135504306176,NCAA IVY,462453137395937280,17,6,198,446519431196045312,9,3594,Peyton,Barber,TB,RB,Active,3
462453135504306176,NCAA IVY,462453137395937280,17,7,199,444023429222363136,2,421,Matthew,Stafford,DET,QB,Active,10
462453135504306176,NCAA IVY,462453137395937280,17,8,200,464233560753041408,10,1854,Quincy,Enunwa,NYJ,WR,Active,5
462453135504306176,NCAA IVY,462453137395937280,17,9,201,464595147808567296,12,1451,CJ,Anderson,DET,RB,Active,6
462453135504306176,NCAA IVY,462453137395937280,17,10,202,464625836192952320,8,5870,Daniel,Jones,NYG,QB,Active,0
462453135504306176,NCAA IVY,462453137395937280,17,11,203,463944449920069632,7,331,Philip,Rivers,LAC,QB,Active,15
462453135504306176,NCAA IVY,462453137395937280,17,12,204,460895027179024384,11,147,DeSean,Jackson,PHI,WR,Active,11
462453135504306176,NCAA IVY,462453137395937280,18,12,205,460895027179024384,11,184,Adrian,Peterson,WAS,RB,Active,12
462453135504306176,NCAA IVY,462453137395937280,18,11,206,463944449920069632,7,BUF,Buffalo,Bills,BUF,DEF,,
462453135504306176,NCAA IVY,462453137395937280,18,10,207,464625836192952320,8,4951,D.J.,Chark,JAX,WR,Active,1
462453135504306176,NCAA IVY,462453137395937280,18,9,208,464595147808567296,12,1987,Marqise,Lee,JAX,WR,Active,5
462453135504306176,NCAA IVY,462453137395937280,18,8,209,464233560753041408,10,5889,Bryce,Love,WAS,RB,Non Football Injury,0
462453135504306176,NCAA IVY,462453137395937280,18,7,210,444023429222363136,2,4080,Zay,Jones,BUF,WR,Active,2
462453135504306176,NCAA IVY,462453137395937280,18,6,211,446519431196045312,9,110,Stephen,Gostkowski,NE,K,Active,13
462453135504306176,NCAA IVY,462453137395937280,18,5,212,468150356518367232,1,6126,Irv,Smith Jr.,MIN,TE,Active,0
462453135504306176,NCAA IVY,462453137395937280,18,4,213,508415252621357056,6,138,Ben,Roethlisberger,PIT,QB,Active,15
462453135504306176,NCAA IVY,462453137395937280,18,3,214,508719670362374144,4,6148,Preston,Williams,MIA,WR,Active,0
462453135504306176,NCAA IVY,462453137395937280,18,2,215,489629400208240640,3,5854,Drew,Lock,DEN,QB,Active,0
462453135504306176,NCAA IVY,462453137395937280,18,1,216,395321276102627328,5,6153,Dexter,Williams,GB,RB,Active,0
462453135504306176,NCAA IVY,462453137395937280,19,1,217,395321276102627328,5,4089,Gerald,Everett,LAR,TE,Active,2
462453135504306176,NCAA IVY,462453137395937280,19,2,218,489629400208240640,3,3678,Wil,Lutz,NO,K,Active,3
462453135504306176,NCAA IVY,462453137395937280,19,3,219,508719670362374144,4,5947,Jakobi,Meyers,NE,WR,Active,0
462453135504306176,NCAA IVY,462453137395937280,19,4,220,508415252621357056,6,616,Jimmy,Graham,GB,TE,Active,9
462453135504306176,NCAA IVY,462453137395937280,19,5,221,468150356518367232,1,5000,Chase,Edmonds,ARI,RB,Active,1
462453135504306176,NCAA IVY,462453137395937280,19,6,222,446519431196045312,9,167,Tom,Brady,NE,QB,Active,19
462453135504306176,NCAA IVY,462453137395937280,19,7,223,444023429222363136,2,6167,Jordan,Scarlett,CAR,RB,Active,0
462453135504306176,NCAA IVY,462453137395937280,19,8,224,464233560753041408,10,4038,John,Ross,CIN,WR,Active,2
462453135504306176,NCAA IVY,462453137395937280,19,9,225,464595147808567296,12,3868,Jalen,Richard,OAK,RB,Active,3
462453135504306176,NCAA IVY,462453137395937280,19,10,226,464625836192952320,8,1029,Nick,Foles,JAX,QB,Active,7
462453135504306176,NCAA IVY,462453137395937280,19,11,227,463944449920069632,7,4195,Jake,Elliott,PHI,K,Active,2
462453135504306176,NCAA IVY,462453137395937280,19,12,228,460895027179024384,11,5955,Hunter,Renfrow,OAK,WR,Active,0
462453135504306176,NCAA IVY,462453137395937280,20,12,229,460895027179024384,11,2588,Malcolm,Brown,LAR,RB,Active,4
462453135504306176,NCAA IVY,462453137395937280,20,11,230,463944449920069632,7,943,Kyle,Rudolph,MIN,TE,Active,8
462453135504306176,NCAA IVY,462453137395937280,20,10,231,464625836192952320,8,6144,Trayveon,Williams,CIN,RB,Active,0
462453135504306176,NCAA IVY,462453137395937280,20,9,232,464595147808567296,12,1071,Mohamed,Sanu,ATL,WR,Active,7
462453135504306176,NCAA IVY,462453137395937280,20,8,233,464233560753041408,10,2028,Derek,Carr,OAK,QB,Active,5
462453135504306176,NCAA IVY,462453137395937280,20,7,234,444023429222363136,2,5139,Trey,Quinn,WAS,WR,Active,1
462453135504306176,NCAA IVY,462453137395937280,20,6,235,446519431196045312,9,1706,Jack,Doyle,IND,TE,Active,6
462453135504306176,NCAA IVY,462453137395937280,20,5,236,468150356518367232,1,1386,Giovani,Bernard,CIN,RB,Active,6
462453135504306176,NCAA IVY,462453137395937280,20,4,237,508415252621357056,6,PHI,Philadelphia,Eagles,PHI,DEF,,
462453135504306176,NCAA IVY,462453137395937280,20,3,238,508719670362374144,4,3328,Rashard,Higgins,CLE,WR,Active,3
462453135504306176,NCAA IVY,462453137395937280,20,2,239,489629400208240640,3,5873,Riley,Ridley,CHI,WR,Active,0
462453135504306176,NCAA IVY,462453137395937280,20,1,240,395321276102627328,5,4274,David,Moore,SEA,WR,Active,2
462453135504306176,NCAA IVY,462453137395937280,21,1,241,395321276102627328,5,5101,Deon,Cain,IND,WR,Active,1
462453135504306176,NCAA IVY,462453137395937280,21,2,242,489629400208240640,3,5980,Myles,Gaskin,MIA,RB,Active,0
462453135504306176,NCAA IVY,462453137395937280,21,3,243,508719670362374144,4,5248,Gus,Edwards,BAL,RB,Active,1
462453135504306176,NCAA IVY,462453137395937280,21,4,244,508415252621357056,6,829,Andy,Dalton,CIN,QB,Active,8
462453135504306176,NCAA IVY,462453137395937280,21,5,245,468150356518367232,1,4263,Elijah,McGuire,NYJ,RB,Active,2
462453135504306176,NCAA IVY,462453137395937280,21,6,246,446519431196045312,9,2025,Albert,Wilson,MIA,WR,Active,5
462453135504306176,NCAA IVY,462453137395937280,21,7,247,444023429222363136,2,2325,Nelson,Agholor,PHI,WR,Active,4
462453135504306176,NCAA IVY,462453137395937280,21,8,248,464233560753041408,10,2307,Marcus,Mariota,TEN,QB,Active,4
462453135504306176,NCAA IVY,462453137395937280,21,9,249,464595147808567296,12,4995,Ian,Thomas,CAR,TE,Active,1
462453135504306176,NCAA IVY,462453137395937280,21,10,250,464625836192952320,8,2505,Darren,Waller,OAK,TE,Practice Squad,4
462453135504306176,NCAA IVY,462453137395937280,21,11,251,463944449920069632,7,284,Delanie,Walker,TEN,TE,Active,13
462453135504306176,NCAA IVY,462453137395937280,21,12,252,460895027179024384,11,BAL,Baltimore,Ravens,BAL,DEF,,
462453135504306176,NCAA IVY,462453137395937280,22,12,253,460895027179024384,11,5549,Darrel,Williams,KC,RB,Active,1
462453135504306176,NCAA IVY,462453137395937280,22,11,254,463944449920069632,7,4171,Josh,Reynolds,LAR,WR,Active,2
462453135504306176,NCAA IVY,462453137395937280,22,10,255,464625836192952320,8,1266,Greg,Zuerlein,LAR,K,Active,7
462453135504306176,NCAA IVY,462453137395937280,22,9,256,464595147808567296,12,MIN,Minnesota,Vikings,MIN,DEF,,
462453135504306176,NCAA IVY,462453137395937280,22,8,257,464233560753041408,10,4863,Josh,Rosen,MIA,QB,Active,1
462453135504306176,NCAA IVY,462453137395937280,22,7,258,444023429222363136,2,58,Greg,Olsen,CAR,TE,Active,12
462453135504306176,NCAA IVY,462453137395937280,22,6,259,446519431196045312,9,5323,Equanimeous,St. Brown,GB,WR,Active,1
462453135504306176,NCAA IVY,462453137395937280,22,5,260,468150356518367232,1,1215,Jarius,Wright,CAR,WR,Active,7
462453135504306176,NCAA IVY,462453137395937280,22,4,261,508415252621357056,6,5374,Justin,Watson,TB,WR,Active,1
462453135504306176,NCAA IVY,462453137395937280,22,3,262,508719670362374144,4,3178,Josh,Doctson,WAS,WR,Active,3
462453135504306176,NCAA IVY,462453137395937280,22,2,263,489629400208240640,3,1077,Travis,Benjamin,LAC,WR,Active,7
462453135504306176,NCAA IVY,462453137395937280,22,1,264,395321276102627328,5,5884,Kelvin,Harmon,WAS,WR,Active,0
462453135504306176,NCAA IVY,462453137395937280,23,1,265,395321276102627328,5,5973,Josh,Oliver,JAX,TE,Active,0
462453135504306176,NCAA IVY,462453137395937280,23,2,266,489629400208240640,3,KC,Kansas City,Chiefs,KC,DEF,,
462453135504306176,NCAA IVY,462453137395937280,23,3,267,508719670362374144,4,4144,Jonnu,Smith,TEN,TE,Physically Unable to Perform,2
462453135504306176,NCAA IVY,462453137395937280,23,4,268,508415252621357056,6,5536,Dontrell,Hilliard,CLE,RB,Active,1
462453135504306176,NCAA IVY,462453137395937280,23,5,269,468150356518367232,1,928,Randall,Cobb,DAL,WR,Active,8
462453135504306176,NCAA IVY,462453137395937280,23,6,270,446519431196045312,9,PIT,Pittsburgh,Steelers,PIT,DEF,,
462453135504306176,NCAA IVY,462453137395937280,23,7,271,444023429222363136,2,NE,New England,Patriots,NE,DEF,,
462453135504306176,NCAA IVY,462453137395937280,23,8,272,464233560753041408,10,1903,Taylor,Gabriel,CHI,WR,Active,5
462453135504306176,NCAA IVY,462453137395937280,23,9,273,464595147808567296,12,2334,Phillip,Dorsett,NE,WR,Active,4
462453135504306176,NCAA IVY,462453137395937280,23,10,274,464625836192952320,8,CAR,Carolina,Panthers,CAR,DEF,,
462453135504306176,NCAA IVY,462453137395937280,23,11,275,463944449920069632,7,818,Bilal,Powell,NYJ,RB,Active,8
462453135504306176,NCAA IVY,462453137395937280,23,12,276,460895027179024384,11,19,Joe,Flacco,DEN,QB,Active,11
462453135504306176,NCAA IVY,462453137395937280,24,12,277,460895027179024384,11,2399,Ty,Montgomery,NYJ,RB,Active,4
462453135504306176,NCAA IVY,462453137395937280,24,11,278,463944449920069632,7,1387,Rex,Burkhead,NE,RB,Active,6
462453135504306176,NCAA IVY,462453137395937280,24,10,279,464625836192952320,8,6149,Darius,Slayton,NYG,WR,Active,0
462453135504306176,NCAA IVY,462453137395937280,24,9,280,464595147808567296,12,5903,Will,Grier,CAR,QB,Active,0
462453135504306176,NCAA IVY,462453137395937280,24,8,281,464233560753041408,10,4454,Kendrick,Bourne,SF,WR,Active,2
462453135504306176,NCAA IVY,462453137395937280,24,7,282,444023429222363136,2,503,Graham,Gano,CAR,K,Active,10
462453135504306176,NCAA IVY,462453137395937280,24,6,283,446519431196045312,9,2560,Zach,Zenner,DET,RB,Active,4
462453135504306176,NCAA IVY,462453137395937280,24,5,284,468150356518367232,1,4197,Isaiah,McKenzie,BUF,WR,Practice Squad,2
462453135504306176,NCAA IVY,462453137395937280,24,4,285,508415252621357056,6,IND,Indianapolis,Colts,IND,DEF,,
462453135504306176,NCAA IVY,462453137395937280,24,3,286,508719670362374144,4,6072,Bruce,Anderson,TB,RB,Active,0
462453135504306176,NCAA IVY,462453137395937280,24,2,287,489629400208240640,3,2279,Paul,Richardson,WAS,WR,Active,5
462453135504306176,NCAA IVY,462453137395937280,24,1,288,395321276102627328,5,SEA,Seattle,Seahawks,SEA,DEF,,
462453135504306176,NCAA IVY,462453137395937280,25,1,289,395321276102627328,5,5230,Michael,Badgley,LAC,K,Practice Squad,1
462453135504306176,NCAA IVY,462453137395937280,25,2,290,489629400208240640,3,333,Ryan,Fitzpatrick,MIA,QB,Active,14
462453135504306176,NCAA IVY,462453137395937280,25,3,291,508719670362374144,4,5100,Jordan,Wilkins,IND,RB,Active,1
462453135504306176,NCAA IVY,462453137395937280,25,4,292,508415252621357056,6,1911,Willie,Snead,BAL,WR,Active,5
462453135504306176,NCAA IVY,462453137395937280,25,5,293,468150356518367232,1,560,Demaryius,Thomas,NE,WR,Physically Unable to Perform,9
462453135504306176,NCAA IVY,462453137395937280,25,6,294,446519431196045312,9,1388,Tyler,Eifert,CIN,TE,Active,6
462453135504306176,NCAA IVY,462453137395937280,25,7,295,444023429222363136,2,5918,Rodney,Anderson,CIN,RB,Active,0
462453135504306176,NCAA IVY,462453137395937280,25,8,296,464233560753041408,10,1575,Andre,Ellington,TB,RB,Active,6
462453135504306176,NCAA IVY,462453137395937280,25,9,297,464595147808567296,12,2821,Jake,Kumerow,GB,WR,Active,4
462453135504306176,NCAA IVY,462453137395937280,25,10,298,464625836192952320,8,2004,Cody,Latimer,NYG,WR,Active,5
462453135504306176,NCAA IVY,462453137395937280,25,11,299,463944449920069632,7,5136,Josh,Adams,PHI,RB,Active,1
462453135504306176,NCAA IVY,462453137395937280,25,12,300,460895027179024384,11,4972,Mason,Rudolph,PIT,QB,Active,1
462453135504306176,NCAA IVY,462453137395937280,26,12,301,460895027179024384,11,2381,Chris,Conley,JAX,WR,Active,4
462453135504306176,NCAA IVY,462453137395937280,26,11,302,463944449920069632,7,3286,Demarcus,Robinson,KC,WR,Active,3
462453135504306176,NCAA IVY,462453137395937280,26,10,303,464625836192952320,8,2152,Teddy,Bridgewater,NO,QB,Active,5
462453135504306176,NCAA IVY,462453137395937280,26,9,304,464595147808567296,12,188,Eli,Manning,NYG,QB,Active,15
462453135504306176,NCAA IVY,462453137395937280,26,8,305,464233560753041408,10,4187,Brian,Hill,ATL,RB,Active,2
462453135504306176,NCAA IVY,462453137395937280,26,7,306,444023429222363136,2,1737,Case,Keenum,WAS,QB,Active,7
462453135504306176,NCAA IVY,462453137395937280,26,6,307,446519431196045312,9,2003,Bennie,Fowler,NYG,WR,Active,5
462453135504306176,NCAA IVY,462453137395937280,26,5,308,468150356518367232,1,23,Jason,Witten,DAL,TE,Active,16
462453135504306176,NCAA IVY,462453137395937280,26,4,309,508415252621357056,6,6107,Emmanuel,Butler,NO,WR,Active,0
462453135504306176,NCAA IVY,462453137395937280,26,3,310,508719670362374144,4,4622,Keelan,Cole,JAX,WR,Active,2
462453135504306176,NCAA IVY,462453137395937280,26,2,311,489629400208240640,3,5906,Dawson,Knox,BUF,TE,Active,0
462453135504306176,NCAA IVY,462453137395937280,26,1,312,395321276102627328,5,2477,Cameron,Artis-Payne,CAR,RB,Active,4
462453135504306176,NCAA IVY,462453137395937280,27,1,313,395321276102627328,5,5985,Foster,Moreau,OAK,TE,Active,0
462453135504306176,NCAA IVY,462453137395937280,27,2,314,489629400208240640,3,5010,Will,Dissly,SEA,TE,Active,1
462453135504306176,NCAA IVY,462453137395937280,27,3,315,508719670362374144,4,4531,Ricky,Seals-Jones,ARI,TE,Active,2
462453135504306176,NCAA IVY,462453137395937280,27,4,316,508415252621357056,6,5962,Keesean,Johnson,ARI,WR,Active,0
462453135504306176,NCAA IVY,462453137395937280,27,5,317,468150356518367232,1,3208,Kenneth,Dixon,BAL,RB,Active,3
462453135504306176,NCAA IVY,462453137395937280,27,6,318,446519431196045312,9,2039,Seth,Roberts,BAL,WR,Active,5
462453135504306176,NCAA IVY,462453137395937280,27,7,319,444023429222363136,2,GB,Green Bay,Packers,GB,DEF,,
462453135504306176,NCAA IVY,462453137395937280,27,8,320,464233560753041408,10,988,Doug,Baldwin,,WR,Inactive,8
462453135504306176,NCAA IVY,462453137395937280,27,9,321,464595147808567296,12,2331,Breshad,Perriman,TB,WR,Active,4
462453135504306176,NCAA IVY,462453137395937280,27,10,322,464625836192952320,8,1329,Chris,Hogan,CAR,WR,Active,8
462453135504306176,NCAA IVY,462453137395937280,27,11,323,463944449920069632,7,695,Ted,Ginn,NO,WR,Active,12
462453135504306176,NCAA IVY,462453137395937280,27,12,324,460895027179024384,11,TEN,Tennessee,Titans,TEN,DEF,,
462453135504306176,NCAA IVY,462453137395937280,28,12,325,460895027179024384,11,59,Mason,Crosby,GB,K,Active,12
462453135504306176,NCAA IVY,462453137395937280,28,11,326,463944449920069632,7,491,Danny,Amendola,DET,WR,Active,11
462453135504306176,NCAA IVY,462453137395937280,28,10,327,464625836192952320,8,3177,Corey,Coleman,NYG,WR,Injured Reserve,3
462453135504306176,NCAA IVY,462453137395937280,28,9,328,464595147808567296,12,2214,Cameron,Brate,TB,TE,Active,5
462453135504306176,NCAA IVY,462453137395937280,28,8,329,464233560753041408,10,2222,Austin,Seferian-Jenkins,,TE,Inactive,5
462453135504306176,NCAA IVY,462453137395937280,28,7,330,444023429222363136,2,49,Robbie,Gould,SF,K,Active,14
462453135504306176,NCAA IVY,462453137395937280,28,6,331,446519431196045312,9,2892,Rod,Smith,NYG,RB,Active,4
462453135504306176,NCAA IVY,462453137395937280,28,5,332,468150356518367232,1,232,Frank,Gore,BUF,RB,Active,14
462453135504306176,NCAA IVY,462453137395937280,28,4,333,508415252621357056,6,120,Adam,Vinatieri,IND,K,Active,23
462453135504306176,NCAA IVY,462453137395937280,28,3,334,508719670362374144,4,6136,Jarrett,Stidham,NE,QB,Active,0
462453135504306176,NCAA IVY,462453137395937280,28,2,335,489629400208240640,3,2944,Matt,LaCosse,NE,TE,Active,4
462453135504306176,NCAA IVY,462453137395937280,28,1,336,395321276102627328,5,6002,Qadree,Ollison,ATL,RB,Active,0
462453135504306176,NCAA IVY,462453137395937280,29,1,337,395321276102627328,5,5919,Elijah,Holyfield,CAR,RB,Active,0
462453135504306176,NCAA IVY,462453137395937280,29,2,338,489629400208240640,3,5975,Alize,Mack,NO,TE,Active,0
462453135504306176,NCAA IVY,462453137395937280,29,3,339,508719670362374144,4,6012,Travis,Homer,SEA,RB,Active,0
462453135504306176,NCAA IVY,462453137395937280,29,4,340,508415252621357056,6,1195,Doug,Martin,OAK,RB,Active,7
462453135504306176,NCAA IVY,462453137395937280,29,5,341,468150356518367232,1,1144,Cole,Beasley,BUF,WR,Active,7
462453135504306176,NCAA IVY,462453137395937280,29,6,342,446519431196045312,9,4125,Taywan,Taylor,TEN,WR,Active,2
462453135504306176,NCAA IVY,462453137395937280,29,7,343,444023429222363136,2,801,Charles,Clay,ARI,TE,Active,8
462453135504306176,NCAA IVY,462453137395937280,29,8,344,464233560753041408,10,NYJ,New York,Jets,NYJ,DEF,,
462453135504306176,NCAA IVY,462453137395937280,29,9,345,464595147808567296,12,17,Matt,Prater,DET,K,Active,13
462453135504306176,NCAA IVY,462453137395937280,29,10,346,464625836192952320,8,2242,Chandler,Catanzaro,NYJ,K,Active,5
462453135504306176,NCAA IVY,462453137395937280,29,11,347,463944449920069632,7,4351,Tim,Patrick,DEN,WR,Active,2
462453135504306176,NCAA IVY,462453137395937280,29,12,348,460895027179024384,11,6142,Caleb,Wilson,ARI,TE,Active,0
462453135504306176,NCAA IVY,462453137395937280,30,12,349,460895027179024384,11,5117,Jordan,Thomas,HOU,TE,Active,1
462453135504306176,NCAA IVY,462453137395937280,30,11,350,463944449920069632,7,2747,Jason,Myers,SEA,K,Active,4
462453135504306176,NCAA IVY,462453137395937280,30,10,351,464625836192952320,8,5076,John,Kelly,LAR,RB,Active,1
462453135504306176,NCAA IVY,462453137395937280,30,9,352,464595147808567296,12,1944,Alfred,Blue,JAX,RB,Active,5
462453135504306176,NCAA IVY,462453137395937280,30,8,353,464233560753041408,10,1601,Spencer,Ware,IND,RB,Physically Unable to Perform,6
462453135504306176,NCAA IVY,462453137395937280,30,7,354,444023429222363136,2,6068,Devine,Ozigbo,NO,RB,Active,0
462453135504306176,NCAA IVY,462453137395937280,30,6,355,446519431196045312,9,1567,Tavon,Austin,DAL,RB,Active,6
462453135504306176,NCAA IVY,462453137395937280,30,5,356,468150356518367232,1,5570,Chad,Beebe,MIN,WR,Active,1
462453135504306176,NCAA IVY,462453137395937280,30,4,357,508415252621357056,6,6039,Ty,Johnson,DET,RB,Active,0
462453135504306176,NCAA IVY,462453137395937280,30,3,358,508719670362374144,4,4319,Zach,Pascal,IND,WR,Active,2
462453135504306176,NCAA IVY,462453137395937280,30,2,359,489629400208240640,3,6011,Gardner,Minshew,JAX,QB,Active,0
462453135504306176,NCAA IVY,462453137395937280,30,1,360,395321276102627328,5,ARI,Arizona,Cardinals,ARI,DEF,,
462453135504306176,NCAA IVY,462453137395937280,31,1,361,395321276102627328,5,2545,Geoff,Swaim,JAX,TE,Active,4
462453135504306176,NCAA IVY,462453137395937280,31,2,362,489629400208240640,3,5885,Ryan,Finley,CIN,QB,Active,0
462453135504306176,NCAA IVY,462453137395937280,31,3,363,508719670362374144,4,3355,Cody,Core,CIN,WR,Active,3
462453135504306176,NCAA IVY,462453137395937280,31,4,364,508415252621357056,6,6223,Juwann,Winfree,DEN,WR,Active,0
462453135504306176,NCAA IVY,462453137395937280,31,5,365,468150356518367232,1,4651,Corey,Clement,PHI,RB,Active,2
462453135504306176,NCAA IVY,462453137395937280,31,6,366,446519431196045312,9,1379,Kyle,Juszczyk,SF,RB,Active,6
462453135504306176,NCAA IVY,462453137395937280,31,7,367,444023429222363136,2,3309,Wendell,Smallwood,PHI,RB,Active,3
462453135504306176,NCAA IVY,462453137395937280,31,8,368,464233560753041408,10,246,Darren,Sproles,PHI,RB,Active,14
462453135504306176,NCAA IVY,462453137395937280,31,9,369,464595147808567296,12,3269,Chris,Moore,BAL,WR,Active,3
462453135504306176,NCAA IVY,462453137395937280,31,10,370,464625836192952320,8,5924,Emanuel,Hall,TB,WR,Active,0
462453135504306176,NCAA IVY,462453137395937280,31,11,371,463944449920069632,7,1945,Chris,Boswell,PIT,K,Active,5
462453135504306176,NCAA IVY,462453137395937280,31,12,372,460895027179024384,11,2980,Eli,Rogers,PIT,WR,Active,4
462453135504306176,NCAA IVY,462453137395937280,32,12,373,460895027179024384,11,3209,Devontae,Booker,DEN,RB,Active,3
462453135504306176,NCAA IVY,462453137395937280,32,11,374,463944449920069632,7,WAS,Washington,Redskins,WAS,DEF,,
462453135504306176,NCAA IVY,462453137395937280,32,10,375,464625836192952320,8,6159,Mike,Weber,DAL,RB,Active,0
462453135504306176,NCAA IVY,462453137395937280,32,9,376,464595147808567296,12,MIA,Miami,Dolphins,MIA,DEF,,
462453135504306176,NCAA IVY,462453137395937280,32,8,377,464233560753041408,10,3664,JD,McKissic,SEA,RB,Active,3
462453135504306176,NCAA IVY,462453137395937280,32,7,378,444023429222363136,2,ATL,Atlanta,Falcons,ATL,DEF,,
462453135504306176,NCAA IVY,462453137395937280,32,6,379,446519431196045312,9,5134,Keith,Kirkwood,NO,WR,Active,1
462453135504306176,NCAA IVY,462453137395937280,32,5,380,468150356518367232,1,1564,Benjamin,Cunningham,JAX,RB,Active,6
462453135504306176,NCAA IVY,462453137395937280,32,4,381,508415252621357056,6,5970,Greg,Dortch,NYJ,WR,Active,0
462453135504306176,NCAA IVY,462453137395937280,32,3,382,508719670362374144,4,268,Alex,Smith,WAS,QB,Physically Unable to Perform,14
462453135504306176,NCAA IVY,462453137395937280,32,2,383,489629400208240640,3,6045,Gary,Jennings Jr.,SEA,WR,Active,0
462453135504306176,NCAA IVY,462453137395937280,32,1,384,395321276102627328,5,3582,Chester,Rogers,IND,WR,Active,3
462453135504306176,NCAA IVY,462453137395937280,33,1,385,395321276102627328,5,1348,Dustin,Hopkins,WAS,K,Active,6
462453135504306176,NCAA IVY,462453137395937280,33,2,386,489629400208240640,3,6083,Matt,Gay,TB,K,Active,0
462453135504306176,NCAA IVY,462453137395937280,33,3,387,508719670362374144,4,2312,Kevin,White,ARI,WR,Active,4
462453135504306176,NCAA IVY,462453137395937280,33,4,388,508415252621357056,6,6164,Kahale,Warring,HOU,TE,Active,0
462453135504306176,NCAA IVY,462453137395937280,33,5,389,468150356518367232,1,5115,David,Williams,DEN,RB,Practice Squad,1
462453135504306176,NCAA IVY,462453137395937280,33,6,390,446519431196045312,9,2750,Deandre,Carter,HOU,WR,Active,4
462453135504306176,NCAA IVY,462453137395937280,33,7,391,444023429222363136,2,2699,Cameron,Meredith,NE,WR,Physically Unable to Perform,4
462453135504306176,NCAA IVY,462453137395937280,33,8,392,464233560753041408,10,2685,Jordan,Taylor,MIN,WR,Active,4
462453135504306176,NCAA IVY,462453137395937280,33,9,393,464595147808567296,12,1535,Cordarrelle,Patterson,CHI,RB,Active,6
462453135504306176,NCAA IVY,462453137395937280,33,10,394,464625836192952320,8,3650,Maurice,Harris,NE,WR,Active,3
462453135504306176,NCAA IVY,462453137395937280,33,11,395,463944449920069632,7,899,Dan,Bailey,MIN,K,Active,8
462453135504306176,NCAA IVY,462453137395937280,33,12,396,460895027179024384,11,1433,Brandon,McManus,DEN,K,Active,6
462453135504306176,NCAA IVY,462453137395937280,34,12,397,460895027179024384,11,4147,Samaje,Perine,WAS,RB,Active,2
462453135504306176,NCAA IVY,462453137395937280,34,11,398,463944449920069632,7,4150,Wayne,Gallman,NYG,RB,Active,2
462453135504306176,NCAA IVY,462453137395937280,34,10,399,464625836192952320,8,6031,Alex,Barnes,TEN,RB,Active,0
462453135504306176,NCAA IVY,462453137395937280,34,9,400,464595147808567296,12,4958,Brett,Maher,DAL,K,Active,6
462453135504306176,NCAA IVY,462453137395937280,34,8,401,464233560753041408,10,4218,Trent,Taylor,SF,WR,Active,2
462453135504306176,NCAA IVY,462453137395937280,34,7,402,444023429222363136,2,SF,San Francisco,49ers,SF,DEF,,
462453135504306176,NCAA IVY,462453137395937280,34,6,403,446519431196045312,9,1049,Ryan,Tannehill,TEN,QB,Active,7
462453135504306176,NCAA IVY,462453137395937280,34,5,404,468150356518367232,1,5102,Daurice,Fountain,IND,WR,Active,1
462453135504306176,NCAA IVY,462453137395937280,34,4,405,508415252621357056,6,1517,Theo,Riddick,DEN,RB,Active,6
462453135504306176,NCAA IVY,462453137395937280,34,3,406,508719670362374144,4,5123,Trenton,Cannon,NYJ,RB,Active,1
462453135504306176,NCAA IVY,462453137395937280,34,2,407,489629400208240640,3,5974,Trace,McSorley,BAL,QB,Active,0
462453135504306176,NCAA IVY,462453137395937280,34,1,408,395321276102627328,5,5997,Jazz,Ferguson,SEA,WR,Active,0
462453135504306176,NCAA IVY,462453137395937280,35,1,409,395321276102627328,5,5209,Mike,Boone,MIN,RB,Active,1
462453135504306176,NCAA IVY,462453137395937280,35,2,410,489629400208240640,3,5460,Kaare,Vedvik,MIN,K,Non Football Injury,1
462453135504306176,NCAA IVY,462453137395937280,35,3,411,508719670362374144,4,6334,Damarea,Crockett,HOU,RB,Active,0
462453135504306176,NCAA IVY,462453137395937280,35,4,412,508415252621357056,6,6032,Keelan,Doss,OAK,WR,Active,0
462453135504306176,NCAA IVY,462453137395937280,35,5,413,468150356518367232,1,1800,Jordan,Matthews,SF,WR,Active,5
462453135504306176,NCAA IVY,462453137395937280,35,6,414,446519431196045312,9,1290,Jermaine,Kearse,DET,WR,Active,7
462453135504306176,NCAA IVY,462453137395937280,35,7,415,444023429222363136,2,DET,Detroit,Lions,DET,DEF,,
462453135504306176,NCAA IVY,462453137395937280,35,8,416,464233560753041408,10,1046,Rishard,Matthews,NO,WR,Active,7
462453135504306176,NCAA IVY,462453137395937280,35,9,417,464595147808567296,12,1979,Blake,Bortles,LAR,QB,Active,5
462453135504306176,NCAA IVY,462453137395937280,35,10,418,464625836192952320,8,1984,Allen,Hurns,MIA,WR,Active,5
462453135504306176,NCAA IVY,462453137395937280,35,11,419,463944449920069632,7,4571,Blake,Jarwin,DAL,TE,Active,2
462453135504306176,NCAA IVY,462453137395937280,35,12,420,460895027179024384,11,6694,D'Ernest,Johnson,CLE,RB,Active,0
462407211507773440,NCAA MOUNTAIN WEST,462407213411987456,1,1,1,463057520089362432,3,4866,Saquon,Barkley,NYG,RB,Active,1
462407211507773440,NCAA MOUNTAIN WEST,462407213411987456,1,2,2,322205296309051392,12,4034,Christian,McCaffrey,CAR,RB,Active,2
462407211507773440,NCAA MOUNTAIN WEST,462407213411987456,1,3,3,463004241129107456,7,3164,Ezekiel,Elliott,DAL,RB,Did Not Report,3
462407211507773440,NCAA MOUNTAIN WEST,462407213411987456,1,4,4,462379750468349952,5,1426,DeAndre,Hopkins,HOU,WR,Active,6
462407211507773440,NCAA MOUNTAIN WEST,462407213411987456,1,5,5,482448684026425344,6,4035,Alvin,Kamara,NO,RB,Active,2
462407211507773440,NCAA MOUNTAIN WEST,462407213411987456,1,6,6,447631496010788864,4,2133,Davante,Adams,GB,WR,Active,5
462407211507773440,NCAA MOUNTAIN WEST,462407213411987456,1,7,7,325726913966395392,8,3199,Michael,Thomas,NO,WR,Suspended,3
462407211507773440,NCAA MOUNTAIN WEST,462407213411987456,1,8,8,463106510101147648,2,4040,JuJu,Smith-Schuster,PIT,WR,Active,2
462407211507773440,NCAA MOUNTAIN WEST,462407213411987456,1,9,9,460383495076704256,1,2078,Odell,Beckham Jr,CLE,WR,Active,5
462407211507773440,NCAA MOUNTAIN WEST,462407213411987456,1,10,10,463212708402032640,9,4018,Joe,Mixon,CIN,RB,Active,2
462407211507773440,NCAA MOUNTAIN WEST,462407213411987456,1,11,11,461772326111801344,10,947,Julio,Jones,ATL,WR,Active,8
462407211507773440,NCAA MOUNTAIN WEST,462407213411987456,1,12,12,489121730279763968,11,2216,Mike,Evans,TB,WR,Active,5
462407211507773440,NCAA MOUNTAIN WEST,462407213411987456,2,12,13,489121730279763968,11,2391,David,Johnson,ARI,RB,Active,4
462407211507773440,NCAA MOUNTAIN WEST,462407213411987456,2,11,14,461772326111801344,10,4029,Dalvin,Cook,MIN,RB,Active,2
462407211507773440,NCAA MOUNTAIN WEST,462407213411987456,2,10,15,463212708402032640,9,4988,Nick,Chubb,CLE,RB,Active,1
462407211507773440,NCAA MOUNTAIN WEST,462407213411987456,2,9,16,460383495076704256,1,536,Antonio,Brown,OAK,WR,Active,9
462407211507773440,NCAA MOUNTAIN WEST,462407213411987456,2,8,17,463106510101147648,2,2309,Amari,Cooper,DAL,WR,Active,4
462407211507773440,NCAA MOUNTAIN WEST,462407213411987456,2,7,18,325726913966395392,8,1466,Travis,Kelce,KC,TE,Active,6
462407211507773440,NCAA MOUNTAIN WEST,462407213411987456,2,6,19,447631496010788864,4,1408,Le'Veon,Bell,NYJ,RB,Active,6
462407211507773440,NCAA MOUNTAIN WEST,462407213411987456,2,5,20,482448684026425344,6,1479,Keenan,Allen,LAC,WR,Active,6
462407211507773440,NCAA MOUNTAIN WEST,462407213411987456,2,4,21,462379750468349952,5,2315,Todd,Gurley,LAR,RB,Active,4
462407211507773440,NCAA MOUNTAIN WEST,462407213411987456,2,3,22,463004241129107456,7,5068,Kerryon,Johnson,DET,RB,Active,1
462407211507773440,NCAA MOUNTAIN WEST,462407213411987456,2,2,23,322205296309051392,12,3321,Tyreek,Hill,KC,WR,Active,3
462407211507773440,NCAA MOUNTAIN WEST,462407213411987456,2,1,24,463057520089362432,3,4137,James,Conner,PIT,RB,Active,2
462407211507773440,NCAA MOUNTAIN WEST,462407213411987456,3,1,25,463057520089362432,3,2449,Stefon,Diggs,MIN,WR,Active,4
462407211507773440,NCAA MOUNTAIN WEST,462407213411987456,3,2,26,322205296309051392,12,2320,Melvin,Gordon,LAC,RB,Did Not Report,4
462407211507773440,NCAA MOUNTAIN WEST,462407213411987456,3,3,27,463004241129107456,7,4217,George,Kittle,SF,TE,Active,2
462407211507773440,NCAA MOUNTAIN WEST,462407213411987456,3,4,28,462379750468349952,5,4046,Patrick,Mahomes,KC,QB,Active,2
462407211507773440,NCAA MOUNTAIN WEST,462407213411987456,3,5,29,482448684026425344,6,1689,Adam,Thielen,MIN,WR,Active,6
462407211507773440,NCAA MOUNTAIN WEST,462407213411987456,3,6,30,447631496010788864,4,1110,T.Y.,Hilton,IND,WR,Active,7
462407211507773440,NCAA MOUNTAIN WEST,462407213411987456,3,7,31,325726913966395392,8,2197,Brandin,Cooks,LAR,WR,Active,5
462407211507773440,NCAA MOUNTAIN WEST,462407213411987456,3,8,32,463106510101147648,2,5850,Josh,Jacobs,OAK,RB,Active,0
462407211507773440,NCAA MOUNTAIN WEST,462407213411987456,3,9,33,460383495076704256,1,1339,Zach,Ertz,PHI,TE,Active,6
462407211507773440,NCAA MOUNTAIN WEST,462407213411987456,3,10,34,463212708402032640,9,4983,D.J.,Moore,CAR,WR,Active,1
462407211507773440,NCAA MOUNTAIN WEST,462407213411987456,3,11,35,461772326111801344,10,4131,Kenny,Golladay,DET,WR,Active,2
462407211507773440,NCAA MOUNTAIN WEST,462407213411987456,3,12,36,489121730279763968,11,4199,Aaron,Jones,GB,RB,Active,2
462407211507773440,NCAA MOUNTAIN WEST,462407213411987456,4,12,37,489121730279763968,11,3969,Leonard,Fournette,JAX,RB,Active,2
462407211507773440,NCAA MOUNTAIN WEST,462407213411987456,4,11,38,461772326111801344,10,4037,Chris,Godwin,TB,WR,Active,2
462407211507773440,NCAA MOUNTAIN WEST,462407213411987456,4,10,39,463212708402032640,9,5892,David,Montgomery,CHI,RB,Active,0
462407211507773440,NCAA MOUNTAIN WEST,462407213411987456,4,9,40,460383495076704256,1,4152,Marlon,Mack,IND,RB,Active,2
462407211507773440,NCAA MOUNTAIN WEST,462407213411987456,4,8,41,463106510101147648,2,4962,Sony,Michel,NE,RB,Active,1
462407211507773440,NCAA MOUNTAIN WEST,462407213411987456,4,7,42,325726913966395392,8,4981,Calvin,Ridley,ATL,WR,Active,1
462407211507773440,NCAA MOUNTAIN WEST,462407213411987456,4,6,43,447631496010788864,4,3198,Derrick,Henry,TEN,RB,Active,3
462407211507773440,NCAA MOUNTAIN WEST,462407213411987456,4,5,44,482448684026425344,6,830,AJ,Green,CIN,WR,Active,8
462407211507773440,NCAA MOUNTAIN WEST,462407213411987456,4,4,45,462379750468349952,5,1352,Robert,Woods,LAR,WR,Active,6
462407211507773440,NCAA MOUNTAIN WEST,462407213411987456,4,3,46,463004241129107456,7,4068,Mike,Williams,LAC,WR,Active,2
462407211507773440,NCAA MOUNTAIN WEST,462407213411987456,4,2,47,322205296309051392,12,2168,Devonta,Freeman,ATL,RB,Active,5
462407211507773440,NCAA MOUNTAIN WEST,462407213411987456,4,1,48,463057520089362432,3,4055,OJ,Howard,TB,TE,Active,2
462407211507773440,NCAA MOUNTAIN WEST,462407213411987456,5,1,49,463057520089362432,3,1825,Jarvis,Landry,CLE,WR,Active,5
462407211507773440,NCAA MOUNTAIN WEST,462407213411987456,5,2,50,322205296309051392,12,4039,Cooper,Kupp,LAR,WR,Active,2
462407211507773440,NCAA MOUNTAIN WEST,462407213411987456,5,3,51,463004241129107456,7,4036,Corey,Davis,TEN,WR,Active,2
462407211507773440,NCAA MOUNTAIN WEST,462407213411987456,5,4,52,462379750468349952,5,4949,Derrius,Guice,WAS,RB,Active,1
462407211507773440,NCAA MOUNTAIN WEST,462407213411987456,5,5,53,482448684026425344,6,4892,Baker,Mayfield,CLE,QB,Active,1
462407211507773440,NCAA MOUNTAIN WEST,462407213411987456,5,6,54,447631496010788864,4,5170,Phillip,Lindsay,DEN,RB,Active,1
462407211507773440,NCAA MOUNTAIN WEST,462407213411987456,5,7,55,325726913966395392,8,4017,Deshaun,Watson,HOU,QB,Active,2
462407211507773440,NCAA MOUNTAIN WEST,462407213411987456,5,8,56,463106510101147648,2,1111,Andrew,Luck,IND,QB,Active,7
462407211507773440,NCAA MOUNTAIN WEST,462407213411987456,5,9,57,460383495076704256,1,96,Aaron,Rodgers,GB,QB,Active,14
462407211507773440,NCAA MOUNTAIN WEST,462407213411987456,5,10,58,463212708402032640,9,3225,Tyler,Boyd,CIN,WR,Active,3
462407211507773440,NCAA MOUNTAIN WEST,462407213411987456,5,11,59,461772326111801344,10,2374,Tyler,Lockett,SEA,WR,Active,4
462407211507773440,NCAA MOUNTAIN WEST,462407213411987456,5,12,60,489121730279763968,11,5878,N'Keal,Harry,NE,WR,Active,0
462407211507773440,NCAA MOUNTAIN WEST,462407213411987456,6,12,61,489121730279763968,11,6151,Miles,Sanders,PHI,RB,Active,0
462407211507773440,NCAA MOUNTAIN WEST,462407213411987456,6,11,62,461772326111801344,10,1833,Damien,Williams,KC,RB,Active,5
462407211507773440,NCAA MOUNTAIN WEST,462407213411987456,6,10,63,463212708402032640,9,3163,Jared,Goff,LAR,QB,Active,3
462407211507773440,NCAA MOUNTAIN WEST,462407213411987456,6,9,64,460383495076704256,1,4985,Rashaad,Penny,SEA,RB,Active,1
462407211507773440,NCAA MOUNTAIN WEST,462407213411987456,6,8,65,463106510101147648,2,1992,Allen,Robinson,CHI,WR,Active,5
462407211507773440,NCAA MOUNTAIN WEST,462407213411987456,6,7,66,325726913966395392,8,2378,Tevin,Coleman,SF,RB,Active,4
462407211507773440,NCAA MOUNTAIN WEST,462407213411987456,6,6,67,447631496010788864,4,24,Matt,Ryan,ATL,QB,Active,11
462407211507773440,NCAA MOUNTAIN WEST,462407213411987456,6,5,68,482448684026425344,6,4950,Christian,Kirk,ARI,WR,Active,1
462407211507773440,NCAA MOUNTAIN WEST,462407213411987456,6,4,69,462379750468349952,5,1817,Sammy,Watkins,KC,WR,Active,5
462407211507773440,NCAA MOUNTAIN WEST,462407213411987456,6,3,70,463004241129107456,7,1234,Russell,Wilson,SEA,QB,Active,7
462407211507773440,NCAA MOUNTAIN WEST,462407213411987456,6,2,71,322205296309051392,12,1149,Alshon,Jeffery,PHI,WR,Active,7
462407211507773440,NCAA MOUNTAIN WEST,462407213411987456,6,1,72,463057520089362432,3,4157,Tarik,Cohen,CHI,RB,Active,2
462407211507773440,NCAA MOUNTAIN WEST,462407213411987456,7,1,73,463057520089362432,3,4992,Dante,Pettis,SF,WR,Active,1
462407211507773440,NCAA MOUNTAIN WEST,462407213411987456,7,2,74,322205296309051392,12,1848,James,White,NE,RB,Active,5
462407211507773440,NCAA MOUNTAIN WEST,462407213411987456,7,3,75,463004241129107456,7,5045,Courtland,Sutton,DEN,WR,Active,1
462407211507773440,NCAA MOUNTAIN WEST,462407213411987456,7,4,76,462379750468349952,5,5859,A.J.,Brown,TEN,WR,Active,0
462407211507773440,NCAA MOUNTAIN WEST,462407213411987456,7,5,77,482448684026425344,6,4033,David,Njoku,CLE,TE,Active,2
462407211507773440,NCAA MOUNTAIN WEST,462407213411987456,7,6,78,447631496010788864,4,3214,Hunter,Henry,LAC,TE,Active,3
462407211507773440,NCAA MOUNTAIN WEST,462407213411987456,7,7,79,325726913966395392,8,4098,Kareem,Hunt,CLE,RB,Non Football Injury,2
462407211507773440,NCAA MOUNTAIN WEST,462407213411987456,7,8,80,463106510101147648,2,4066,Evan,Engram,NYG,TE,Active,2
462407211507773440,NCAA MOUNTAIN WEST,462407213411987456,7,9,81,460383495076704256,1,3157,Will,Fuller,HOU,WR,Active,3
462407211507773440,NCAA MOUNTAIN WEST,462407213411987456,7,10,82,463212708402032640,9,5846,D.K.,Metcalf,SEA,WR,Active,0
462407211507773440,NCAA MOUNTAIN WEST,462407213411987456,7,11,83,461772326111801344,10,3161,Carson,Wentz,PHI,QB,Active,3
462407211507773440,NCAA MOUNTAIN WEST,462407213411987456,7,12,84,489121730279763968,11,2118,Eric,Ebron,IND,TE,Active,5
462407211507773440,NCAA MOUNTAIN WEST,462407213411987456,8,12,85,489121730279763968,11,956,Mark,Ingram,BAL,RB,Active,8
462407211507773440,NCAA MOUNTAIN WEST,462407213411987456,8,11,86,461772326111801344,10,4082,Curtis,Samuel,CAR,WR,Active,2
462407211507773440,NCAA MOUNTAIN WEST,462407213411987456,8,10,87,463212708402032640,9,3242,Kenyan,Drake,MIA,RB,Active,3
462407211507773440,NCAA MOUNTAIN WEST,462407213411987456,8,9,88,460383495076704256,1,5880,Parris,Campbell,IND,WR,Active,0
462407211507773440,NCAA MOUNTAIN WEST,462407213411987456,8,8,89,463106510101147648,2,4273,Chris,Carson,SEA,RB,Active,2
462407211507773440,NCAA MOUNTAIN WEST,462407213411987456,8,7,90,325726913966395392,8,3200,Sterling,Shepard,NYG,WR,Active,3
462407211507773440,NCAA MOUNTAIN WEST,462407213411987456,8,6,91,447631496010788864,4,1048,Lamar,Miller,HOU,RB,Active,7
462407211507773440,NCAA MOUNTAIN WEST,462407213411987456,8,5,92,482448684026425344,6,5916,Darrell,Henderson,LAR,RB,Active,0
462407211507773440,NCAA MOUNTAIN WEST,462407213411987456,8,4,93,462379750468349952,5,5844,T.J.,Hockenson,DET,TE,Active,0
462407211507773440,NCAA MOUNTAIN WEST,462407213411987456,8,3,94,463004241129107456,7,4146,Dede,Westbrook,JAX,WR,Active,2
462407211507773440,NCAA MOUNTAIN WEST,462407213411987456,8,2,95,322205296309051392,12,5849,Kyler,Murray,ARI,QB,Active,0
462407211507773440,NCAA MOUNTAIN WEST,462407213411987456,8,1,96,463057520089362432,3,5046,Royce,Freeman,DEN,RB,Active,1
462407211507773440,NCAA MOUNTAIN WEST,462407213411987456,9,1,97,463057520089362432,3,954,Cam,Newton,CAR,QB,Active,8
462407211507773440,NCAA MOUNTAIN WEST,462407213411987456,9,2,98,322205296309051392,12,3423,Robby,Anderson,NYJ,WR,Active,3
462407211507773440,NCAA MOUNTAIN WEST,462407213411987456,9,3,99,463004241129107456,7,5086,Marquez,Valdes-Scantling,GB,WR,Active,1
462407211507773440,NCAA MOUNTAIN WEST,462407213411987456,9,4,100,462379750468349952,5,5848,Marquise,Brown,BAL,WR,Active,0
462407211507773440,NCAA MOUNTAIN WEST,462407213411987456,9,5,101,482448684026425344,6,5890,Damien,Harris,NE,RB,Active,0
462407211507773440,NCAA MOUNTAIN WEST,462407213411987456,9,6,102,447631496010788864,4,344,Julian,Edelman,NE,WR,Non Football Injury,10
462407211507773440,NCAA MOUNTAIN WEST,462407213411987456,9,7,103,325726913966395392,8,5038,Michael,Gallup,DAL,WR,Active,1
462407211507773440,NCAA MOUNTAIN WEST,462407213411987456,9,8,104,463106510101147648,2,5013,Anthony,Miller,CHI,WR,Active,1
462407211507773440,NCAA MOUNTAIN WEST,462407213411987456,9,9,105,460383495076704256,1,5857,Noah,Fant,DEN,TE,Active,0
462407211507773440,NCAA MOUNTAIN WEST,462407213411987456,9,10,106,463212708402032640,9,5872,Deebo,Samuel,SF,WR,Active,0
462407211507773440,NCAA MOUNTAIN WEST,462407213411987456,9,11,107,461772326111801344,10,5052,Ronald,Jones II,TB,RB,Active,1
462407211507773440,NCAA MOUNTAIN WEST,462407213411987456,9,12,108,489121730279763968,11,3306,Jordan,Howard,PHI,RB,Active,3
462407211507773440,NCAA MOUNTAIN WEST,462407213411987456,10,12,109,489121730279763968,11,3976,Mitch,Trubisky,CHI,QB,Active,2
462407211507773440,NCAA MOUNTAIN WEST,462407213411987456,10,11,110,461772326111801344,10,5007,Keke,Coutee,HOU,WR,Active,1
462407211507773440,NCAA MOUNTAIN WEST,462407213411987456,10,10,111,463212708402032640,9,6130,Devin,Singletary,BUF,RB,Active,0
462407211507773440,NCAA MOUNTAIN WEST,462407213411987456,10,9,112,460383495076704256,1,4663,Austin,Ekeler,LAC,RB,Active,2
462407211507773440,NCAA MOUNTAIN WEST,462407213411987456,10,8,113,463106510101147648,2,3294,Dak,Prescott,DAL,QB,Active,3
462407211507773440,NCAA MOUNTAIN WEST,462407213411987456,10,7,114,325726913966395392,8,5995,Justice,Hill,BAL,RB,Active,0
462407211507773440,NCAA MOUNTAIN WEST,462407213411987456,10,6,115,447631496010788864,4,CHI,Chicago,Bears,CHI,DEF,,
462407211507773440,NCAA MOUNTAIN WEST,462407213411987456,10,5,116,482448684026425344,6,5915,Andy,Isabella,ARI,WR,Active,0
462407211507773440,NCAA MOUNTAIN WEST,462407213411987456,10,4,117,462379750468349952,5,2161,Jerick,McKinnon,SF,RB,Active,5
462407211507773440,NCAA MOUNTAIN WEST,462407213411987456,10,3,118,463004241129107456,7,1067,Marvin,Jones,DET,WR,Active,7
462407211507773440,NCAA MOUNTAIN WEST,462407213411987456,10,2,119,322205296309051392,12,2306,Jameis,Winston,TB,QB,Active,4
462407211507773440,NCAA MOUNTAIN WEST,462407213411987456,10,1,120,463057520089362432,3,4455,Matt,Breida,SF,RB,Active,2
462407211507773440,NCAA MOUNTAIN WEST,462407213411987456,11,1,121,463057520089362432,3,4943,Sam,Darnold,NYJ,QB,Active,1
462407211507773440,NCAA MOUNTAIN WEST,462407213411987456,11,2,122,322205296309051392,12,2382,Duke,Johnson,HOU,RB,Active,4
462407211507773440,NCAA MOUNTAIN WEST,462407213411987456,11,3,123,463004241129107456,7,5000,Chase,Edmonds,ARI,RB,Active,1
462407211507773440,NCAA MOUNTAIN WEST,462407213411987456,11,4,124,462379750468349952,5,5024,James,Washington,PIT,WR,Active,1
462407211507773440,NCAA MOUNTAIN WEST,462407213411987456,11,5,125,482448684026425344,6,5863,JJ,Arcega-Whiteside,PHI,WR,Active,0
462407211507773440,NCAA MOUNTAIN WEST,462407213411987456,11,6,126,447631496010788864,4,1837,Jimmy,Garoppolo,SF,QB,Active,5
462407211507773440,NCAA MOUNTAIN WEST,462407213411987456,11,7,127,325726913966395392,8,1476,Latavius,Murray,NO,RB,Active,6
462407211507773440,NCAA MOUNTAIN WEST,462407213411987456,11,8,128,463106510101147648,2,5022,Dallas,Goedert,PHI,TE,Active,1
462407211507773440,NCAA MOUNTAIN WEST,462407213411987456,11,9,129,460383495076704256,1,5347,Nyheim,Hines,IND,RB,Active,1
462407211507773440,NCAA MOUNTAIN WEST,462407213411987456,11,10,130,463212708402032640,9,5917,Mecole,Hardman,KC,WR,Active,0
462407211507773440,NCAA MOUNTAIN WEST,462407213411987456,11,11,131,461772326111801344,10,5026,Tre'Quan,Smith,NO,WR,Active,1
462407211507773440,NCAA MOUNTAIN WEST,462407213411987456,11,12,132,489121730279763968,11,4881,Lamar,Jackson,BAL,QB,Active,1
462407211507773440,NCAA MOUNTAIN WEST,462407213411987456,12,12,133,489121730279763968,11,289,Drew,Brees,NO,QB,Active,18
462407211507773440,NCAA MOUNTAIN WEST,462407213411987456,12,11,134,461772326111801344,10,CLE,Cleveland,Browns,CLE,DEF,,
462407211507773440,NCAA MOUNTAIN WEST,462407213411987456,12,10,135,463212708402032640,9,3202,Austin,Hooper,ATL,TE,Active,3
462407211507773440,NCAA MOUNTAIN WEST,462407213411987456,12,9,136,460383495076704256,1,LAR,Los Angeles,Rams,LAR,DEF,,
462407211507773440,NCAA MOUNTAIN WEST,462407213411987456,12,8,137,463106510101147648,2,DAL,Dallas,Cowboys,DAL,DEF,,
462407211507773440,NCAA MOUNTAIN WEST,462407213411987456,12,7,138,325726913966395392,8,5009,Chris,Herndon IV,NYJ,TE,Suspended,1
462407211507773440,NCAA MOUNTAIN WEST,462407213411987456,12,6,139,447631496010788864,4,2346,Devin,Funchess,IND,WR,Active,4
462407211507773440,NCAA MOUNTAIN WEST,462407213411987456,12,5,140,482448684026425344,6,421,Matthew,Stafford,DET,QB,Active,10
462407211507773440,NCAA MOUNTAIN WEST,462407213411987456,12,4,141,462379750468349952,5,1793,Trey,Burton,CHI,TE,Active,5
462407211507773440,NCAA MOUNTAIN WEST,462407213411987456,12,3,142,463004241129107456,7,331,Philip,Rivers,LAC,QB,Active,15
462407211507773440,NCAA MOUNTAIN WEST,462407213411987456,12,2,143,322205296309051392,12,1587,Vance,McDonald,PIT,TE,Active,6
462407211507773440,NCAA MOUNTAIN WEST,462407213411987456,12,1,144,463057520089362432,3,642,Golden,Tate,NYG,WR,Active,9
462407211507773440,NCAA MOUNTAIN WEST,462407213411987456,13,1,145,463057520089362432,3,JAX,Jacksonville,Jaguars,JAX,DEF,,
462407211507773440,NCAA MOUNTAIN WEST,462407213411987456,13,2,146,322205296309051392,12,2583,Tyrell,Williams,OAK,WR,Active,4
462407211507773440,NCAA MOUNTAIN WEST,462407213411987456,13,3,147,463004241129107456,7,5012,Mark,Andrews,BAL,TE,Active,1
462407211507773440,NCAA MOUNTAIN WEST,462407213411987456,13,4,148,462379750468349952,5,5004,Ito,Smith,ATL,RB,Active,1
462407211507773440,NCAA MOUNTAIN WEST,462407213411987456,13,5,149,482448684026425344,6,4994,Kalen,Ballage,MIA,RB,Active,1
462407211507773440,NCAA MOUNTAIN WEST,462407213411987456,13,6,150,447631496010788864,4,2257,Carlos,Hyde,KC,RB,Active,5
462407211507773440,NCAA MOUNTAIN WEST,462407213411987456,13,7,151,325726913966395392,8,788,Dion,Lewis,TEN,RB,Active,8
462407211507773440,NCAA MOUNTAIN WEST,462407213411987456,13,8,152,463106510101147648,2,538,Emmanuel,Sanders,DEN,WR,Active,9
462407211507773440,NCAA MOUNTAIN WEST,462407213411987456,13,9,153,460383495076704256,1,4993,Mike,Gesicki,MIA,TE,Active,1
462407211507773440,NCAA MOUNTAIN WEST,462407213411987456,13,10,154,463212708402032640,9,5107,Jaylen,Samuels,PIT,RB,Active,1
462407211507773440,NCAA MOUNTAIN WEST,462407213411987456,13,11,155,461772326111801344,10,3503,Geronimo,Allison,GB,WR,Active,3
462407211507773440,NCAA MOUNTAIN WEST,462407213411987456,13,12,156,489121730279763968,11,367,Jared,Cook,NO,TE,Active,10
462407211507773440,NCAA MOUNTAIN WEST,462407213411987456,14,12,157,489121730279763968,11,5886,Hakeem,Butler,ARI,WR,Active,0
462407211507773440,NCAA MOUNTAIN WEST,462407213411987456,14,11,158,461772326111801344,10,1166,Kirk,Cousins,MIN,QB,Active,7
462407211507773440,NCAA MOUNTAIN WEST,462407213411987456,14,10,159,463212708402032640,9,1500,Jordan,Reed,WAS,TE,Active,6
462407211507773440,NCAA MOUNTAIN WEST,462407213411987456,14,9,160,460383495076704256,1,4984,Josh,Allen,BUF,QB,Active,1
462407211507773440,NCAA MOUNTAIN WEST,462407213411987456,14,8,161,463106510101147648,2,184,Adrian,Peterson,WAS,RB,Active,12
462407211507773440,NCAA MOUNTAIN WEST,462407213411987456,14,7,162,325726913966395392,8,4998,Daesean,Hamilton,DEN,WR,Active,1
462407211507773440,NCAA MOUNTAIN WEST,462407213411987456,14,6,163,447631496010788864,4,4995,Ian,Thomas,CAR,TE,Active,1
462407211507773440,NCAA MOUNTAIN WEST,462407213411987456,14,5,164,482448684026425344,6,1706,Jack,Doyle,IND,TE,Active,6
462407211507773440,NCAA MOUNTAIN WEST,462407213411987456,14,4,165,462379750468349952,5,NO,New Orleans,Saints,NO,DEF,,
462407211507773440,NCAA MOUNTAIN WEST,462407213411987456,14,3,166,463004241129107456,7,1555,Kenny,Stills,MIA,WR,Active,6
462407211507773440,NCAA MOUNTAIN WEST,462407213411987456,14,2,167,322205296309051392,12,2238,John,Brown,BUF,WR,Active,5
462407211507773440,NCAA MOUNTAIN WEST,462407213411987456,14,1,168,463057520089362432,3,2319,Devante,Parker,MIA,WR,Active,4
462407211507773440,NCAA MOUNTAIN WEST,462407213411987456,15,1,169,463057520089362432,3,1971,Donte,Moncrief,PIT,WR,Active,5
462407211507773440,NCAA MOUNTAIN WEST,462407213411987456,15,2,170,322205296309051392,12,138,Ben,Roethlisberger,PIT,QB,Active,15
462407211507773440,NCAA MOUNTAIN WEST,462407213411987456,15,3,171,463004241129107456,7,676,LeSean,McCoy,BUF,RB,Active,10
462407211507773440,NCAA MOUNTAIN WEST,462407213411987456,15,4,172,462379750468349952,5,1346,Marquise,Goodwin,SF,WR,Active,6
462407211507773440,NCAA MOUNTAIN WEST,462407213411987456,15,5,173,482448684026425344,6,2341,TJ,Yeldon,BUF,RB,Active,4
462407211507773440,NCAA MOUNTAIN WEST,462407213411987456,15,6,174,447631496010788864,4,4111,D'Onta,Foreman,IND,RB,Active,2
462407211507773440,NCAA MOUNTAIN WEST,462407213411987456,15,7,175,325726913966395392,8,1854,Quincy,Enunwa,NYJ,WR,Active,5
462407211507773440,NCAA MOUNTAIN WEST,462407213411987456,15,8,176,463106510101147648,2,223,Larry,Fitzgerald,ARI,WR,Active,15
462407211507773440,NCAA MOUNTAIN WEST,462407213411987456,15,9,177,460383495076704256,1,HOU,Houston,Texans,HOU,DEF,,
462407211507773440,NCAA MOUNTAIN WEST,462407213411987456,15,10,178,463212708402032640,9,5845,Dwayne,Haskins,WAS,QB,Active,0
462407211507773440,NCAA MOUNTAIN WEST,462407213411987456,15,11,179,461772326111801344,10,616,Jimmy,Graham,GB,TE,Active,9
462407211507773440,NCAA MOUNTAIN WEST,462407213411987456,15,12,180,489121730279763968,11,LAC,Los Angeles,Chargers,LAC,DEF,,
462407211507773440,NCAA MOUNTAIN WEST,462407213411987456,16,12,181,489121730279763968,11,DEN,Denver,Broncos,DEN,DEF,,
462407211507773440,NCAA MOUNTAIN WEST,462407213411987456,16,11,182,461772326111801344,10,2431,Mike,Davis,CHI,RB,Active,4
462407211507773440,NCAA MOUNTAIN WEST,462407213411987456,16,10,183,463212708402032640,9,4951,D.J.,Chark,JAX,WR,Active,1
462407211507773440,NCAA MOUNTAIN WEST,462407213411987456,16,9,184,460383495076704256,1,147,DeSean,Jackson,PHI,WR,Active,11
462407211507773440,NCAA MOUNTAIN WEST,462407213411987456,16,8,185,463106510101147648,2,4227,Harrison,Butker,KC,K,Active,2
462407211507773440,NCAA MOUNTAIN WEST,462407213411987456,16,7,186,325726913966395392,8,2028,Derek,Carr,OAK,QB,Active,5
462407211507773440,NCAA MOUNTAIN WEST,462407213411987456,16,6,187,447631496010788864,4,2410,Jamison,Crowder,NYJ,WR,Active,4
462407211507773440,NCAA MOUNTAIN WEST,462407213411987456,16,5,188,482448684026425344,6,BAL,Baltimore,Ravens,BAL,DEF,,
462407211507773440,NCAA MOUNTAIN WEST,462407213411987456,16,4,189,462379750468349952,5,1266,Greg,Zuerlein,LAR,K,Active,7
462407211507773440,NCAA MOUNTAIN WEST,462407213411987456,16,3,190,463004241129107456,7,BUF,Buffalo,Bills,BUF,DEF,,
462407211507773440,NCAA MOUNTAIN WEST,462407213411987456,16,2,191,322205296309051392,12,PHI,Philadelphia,Eagles,PHI,DEF,,
462407211507773440,NCAA MOUNTAIN WEST,462407213411987456,16,1,192,463057520089362432,3,5987,Alexander,Mattison,MIN,RB,Active,0
462407211507773440,NCAA MOUNTAIN WEST,462407213411987456,17,1,193,463057520089362432,3,6126,Irv,Smith Jr.,MIN,TE,Active,0
462407211507773440,NCAA MOUNTAIN WEST,462407213411987456,17,2,194,322205296309051392,12,110,Stephen,Gostkowski,NE,K,Active,13
462407211507773440,NCAA MOUNTAIN WEST,462407213411987456,17,3,195,463004241129107456,7,49,Robbie,Gould,SF,K,Active,14
462407211507773440,NCAA MOUNTAIN WEST,462407213411987456,17,4,196,462379750468349952,5,167,Tom,Brady,NE,QB,Active,19
462407211507773440,NCAA MOUNTAIN WEST,462407213411987456,17,5,197,482448684026425344,6,1264,Justin,Tucker,BAL,K,Active,7
462407211507773440,NCAA MOUNTAIN WEST,462407213411987456,17,6,198,447631496010788864,4,3678,Wil,Lutz,NO,K,Active,3
462407211507773440,NCAA MOUNTAIN WEST,462407213411987456,17,7,199,325726913966395392,8,5927,Terry,McLaurin,WAS,WR,Active,0
462407211507773440,NCAA MOUNTAIN WEST,462407213411987456,17,8,200,463106510101147648,2,1144,Cole,Beasley,BUF,WR,Active,7
462407211507773440,NCAA MOUNTAIN WEST,462407213411987456,17,9,201,460383495076704256,1,2307,Marcus,Mariota,TEN,QB,Active,4
462407211507773440,NCAA MOUNTAIN WEST,462407213411987456,17,10,202,463212708402032640,9,GB,Green Bay,Packers,GB,DEF,,
462407211507773440,NCAA MOUNTAIN WEST,462407213411987456,17,11,203,461772326111801344,10,4089,Gerald,Everett,LAR,TE,Active,2
462407211507773440,NCAA MOUNTAIN WEST,462407213411987456,17,12,204,489121730279763968,11,2025,Albert,Wilson,MIA,WR,Active,5
462407211507773440,NCAA MOUNTAIN WEST,462407213411987456,18,12,205,489121730279763968,11,4038,John,Ross,CIN,WR,Active,2
462407211507773440,NCAA MOUNTAIN WEST,462407213411987456,18,11,206,461772326111801344,10,3451,Ka'imi,Fairbairn,HOU,K,Active,3
462407211507773440,NCAA MOUNTAIN WEST,462407213411987456,18,10,207,463212708402032640,9,3594,Peyton,Barber,TB,RB,Active,3
462407211507773440,NCAA MOUNTAIN WEST,462407213411987456,18,9,208,460383495076704256,1,2325,Nelson,Agholor,PHI,WR,Active,4
462407211507773440,NCAA MOUNTAIN WEST,462407213411987456,18,8,209,463106510101147648,2,5967,Tony,Pollard,DAL,RB,Active,0
462407211507773440,NCAA MOUNTAIN WEST,462407213411987456,18,7,210,325726913966395392,8,5131,Justin,Jackson,LAC,RB,Active,1
462407211507773440,NCAA MOUNTAIN WEST,462407213411987456,18,6,211,447631496010788864,4,4080,Zay,Jones,BUF,WR,Active,2
462407211507773440,NCAA MOUNTAIN WEST,462407213411987456,18,5,212,482448684026425344,6,5310,Antonio,Callaway,CLE,WR,Active,1
462407211507773440,NCAA MOUNTAIN WEST,462407213411987456,18,4,213,462379750468349952,5,943,Kyle,Rudolph,MIN,TE,Active,8
462407211507773440,NCAA MOUNTAIN WEST,462407213411987456,18,3,214,463004241129107456,7,2822,Adam,Humphries,TEN,WR,Active,4
462407211507773440,NCAA MOUNTAIN WEST,462407213411987456,18,2,215,322205296309051392,12,284,Delanie,Walker,TEN,TE,Active,13
462407211507773440,NCAA MOUNTAIN WEST,462407213411987456,18,1,216,463057520089362432,3,4195,Jake,Elliott,PHI,K,Active,2
462407211507773440,NCAA MOUNTAIN WEST,462407213411987456,19,1,217,463057520089362432,3,1386,Giovani,Bernard,CIN,RB,Active,6
462407211507773440,NCAA MOUNTAIN WEST,462407213411987456,19,2,218,322205296309051392,12,3868,Jalen,Richard,OAK,RB,Active,3
462407211507773440,NCAA MOUNTAIN WEST,462407213411987456,19,3,219,463004241129107456,7,1451,CJ,Anderson,DET,RB,Active,6
462407211507773440,NCAA MOUNTAIN WEST,462407213411987456,19,4,220,462379750468349952,5,1071,Mohamed,Sanu,ATL,WR,Active,7
462407211507773440,NCAA MOUNTAIN WEST,462407213411987456,19,5,221,482448684026425344,6,MIN,Minnesota,Vikings,MIN,DEF,,
462407211507773440,NCAA MOUNTAIN WEST,462407213411987456,19,6,222,447631496010788864,4,IND,Indianapolis,Colts,IND,DEF,,
462407211507773440,NCAA MOUNTAIN WEST,462407213411987456,19,7,223,325726913966395392,8,5937,Diontae,Johnson,PIT,WR,Active,0
462407211507773440,NCAA MOUNTAIN WEST,462407213411987456,19,8,224,463106510101147648,2,4149,Jamaal,Williams,GB,RB,Active,2
462407211507773440,NCAA MOUNTAIN WEST,462407213411987456,19,9,225,460383495076704256,1,6156,Benny,Snell Jr.,PIT,RB,Active,0
462407211507773440,NCAA MOUNTAIN WEST,462407213411987456,19,10,226,463212708402032640,9,6139,Jace,Sternberger,GB,TE,Active,0
462407211507773440,NCAA MOUNTAIN WEST,462407213411987456,19,11,227,461772326111801344,10,1502,Chris,Thompson,WAS,RB,Active,6
462407211507773440,NCAA MOUNTAIN WEST,462407213411987456,19,12,228,489121730279763968,11,1388,Tyler,Eifert,CIN,TE,Active,6
462407211507773440,NCAA MOUNTAIN WEST,462407213411987456,20,12,229,489121730279763968,11,5965,Miles,Boykin,BAL,WR,Active,0
462407211507773440,NCAA MOUNTAIN WEST,462407213411987456,20,11,230,461772326111801344,10,5323,Equanimeous,St. Brown,GB,WR,Active,1
462407211507773440,NCAA MOUNTAIN WEST,462407213411987456,20,10,231,463212708402032640,9,3328,Rashard,Higgins,CLE,WR,Active,3
462407211507773440,NCAA MOUNTAIN WEST,462407213411987456,20,9,232,460383495076704256,1,5911,Jalen,Hurd,SF,WR,Active,0
462407211507773440,NCAA MOUNTAIN WEST,462407213411987456,20,8,233,463106510101147648,2,5250,Robert,Foster,BUF,WR,Active,1
462407211507773440,NCAA MOUNTAIN WEST,462407213411987456,20,7,234,325726913966395392,8,6007,Ryquell,Armstead,JAX,RB,Active,0
462407211507773440,NCAA MOUNTAIN WEST,462407213411987456,20,6,235,447631496010788864,4,5962,Keesean,Johnson,ARI,WR,Active,0
462407211507773440,NCAA MOUNTAIN WEST,462407213411987456,20,5,236,482448684026425344,6,4263,Elijah,McGuire,NYJ,RB,Active,2
462407211507773440,NCAA MOUNTAIN WEST,462407213411987456,20,4,237,462379750468349952,5,KC,Kansas City,Chiefs,KC,DEF,,
462407211507773440,NCAA MOUNTAIN WEST,462407213411987456,20,3,238,463004241129107456,7,928,Randall,Cobb,DAL,WR,Active,8
462407211507773440,NCAA MOUNTAIN WEST,462407213411987456,20,2,239,322205296309051392,12,PIT,Pittsburgh,Steelers,PIT,DEF,,
462407211507773440,NCAA MOUNTAIN WEST,462407213411987456,20,1,240,463057520089362432,3,4863,Josh,Rosen,MIA,QB,Active,1
462407211507773440,NCAA MOUNTAIN WEST,462407213411987456,21,1,241,463057520089362432,3,SF,San Francisco,49ers,SF,DEF,,
462407211507773440,NCAA MOUNTAIN WEST,462407213411987456,21,2,242,322205296309051392,12,1244,Josh,Gordon,NE,WR,Active,7
462407211507773440,NCAA MOUNTAIN WEST,462407213411987456,21,3,243,463004241129107456,7,2214,Cameron,Brate,TB,TE,Active,5
462407211507773440,NCAA MOUNTAIN WEST,462407213411987456,21,4,244,462379750468349952,5,1903,Taylor,Gabriel,CHI,WR,Active,5
462407211507773440,NCAA MOUNTAIN WEST,462407213411987456,21,5,245,482448684026425344,6,1029,Nick,Foles,JAX,QB,Active,7
462407211507773440,NCAA MOUNTAIN WEST,462407213411987456,21,6,246,447631496010788864,4,5955,Hunter,Renfrow,OAK,WR,Active,0
462407211507773440,NCAA MOUNTAIN WEST,462407213411987456,21,7,247,325726913966395392,8,5870,Daniel,Jones,NYG,QB,Active,0
462407211507773440,NCAA MOUNTAIN WEST,462407213411987456,21,8,248,463106510101147648,2,5889,Bryce,Love,WAS,RB,Non Football Injury,0
462407211507773440,NCAA MOUNTAIN WEST,462407213411987456,21,9,249,460383495076704256,1,4958,Brett,Maher,DAL,K,Active,6
462407211507773440,NCAA MOUNTAIN WEST,462407213411987456,21,10,250,463212708402032640,9,5100,Jordan,Wilkins,IND,RB,Active,1
462407211507773440,NCAA MOUNTAIN WEST,462407213411987456,21,11,251,461772326111801344,10,3178,Josh,Doctson,WAS,WR,Active,3
462407211507773440,NCAA MOUNTAIN WEST,462407213411987456,21,12,252,489121730279763968,11,829,Andy,Dalton,CIN,QB,Active,8
462407211507773440,NCAA MOUNTAIN WEST,462407213411987456,22,12,253,489121730279763968,11,1750,Giorgio,Tavecchio,ATL,K,Active,7
462407211507773440,NCAA MOUNTAIN WEST,462407213411987456,22,11,254,461772326111801344,10,5139,Trey,Quinn,WAS,WR,Active,1
462407211507773440,NCAA MOUNTAIN WEST,462407213411987456,22,10,255,463212708402032640,9,5947,Jakobi,Meyers,NE,WR,Active,0
462407211507773440,NCAA MOUNTAIN WEST,462407213411987456,22,9,256,460383495076704256,1,59,Mason,Crosby,GB,K,Active,12
462407211507773440,NCAA MOUNTAIN WEST,462407213411987456,22,8,257,463106510101147648,2,4171,Josh,Reynolds,LAR,WR,Active,2
462407211507773440,NCAA MOUNTAIN WEST,462407213411987456,22,7,258,325726913966395392,8,6178,Darwin,Thompson,KC,RB,Active,0
462407211507773440,NCAA MOUNTAIN WEST,462407213411987456,22,6,259,447631496010788864,4,2152,Teddy,Bridgewater,NO,QB,Active,5
462407211507773440,NCAA MOUNTAIN WEST,462407213411987456,22,5,260,482448684026425344,6,4274,David,Moore,SEA,WR,Active,2
462407211507773440,NCAA MOUNTAIN WEST,462407213411987456,22,4,261,462379750468349952,5,5873,Riley,Ridley,CHI,WR,Active,0
462407211507773440,NCAA MOUNTAIN WEST,462407213411987456,22,3,262,463004241129107456,7,6153,Dexter,Williams,GB,RB,Active,0
462407211507773440,NCAA MOUNTAIN WEST,462407213411987456,22,2,263,322205296309051392,12,120,Adam,Vinatieri,IND,K,Active,23
462407211507773440,NCAA MOUNTAIN WEST,462407213411987456,22,1,264,463057520089362432,3,4973,Hayden,Hurst,BAL,TE,Active,1
462407211507773440,NCAA MOUNTAIN WEST,462407213411987456,23,1,265,463057520089362432,3,5248,Gus,Edwards,BAL,RB,Active,1
462407211507773440,NCAA MOUNTAIN WEST,462407213411987456,23,2,266,322205296309051392,12,5854,Drew,Lock,DEN,QB,Active,0
462407211507773440,NCAA MOUNTAIN WEST,462407213411987456,23,3,267,463004241129107456,7,2279,Paul,Richardson,WAS,WR,Active,5
462407211507773440,NCAA MOUNTAIN WEST,462407213411987456,23,4,268,462379750468349952,5,2003,Bennie,Fowler,NYG,WR,Active,5
462407211507773440,NCAA MOUNTAIN WEST,462407213411987456,23,5,269,482448684026425344,6,5230,Michael,Badgley,LAC,K,Practice Squad,1
462407211507773440,NCAA MOUNTAIN WEST,462407213411987456,23,6,270,447631496010788864,4,2505,Darren,Waller,OAK,TE,Practice Squad,4
462407211507773440,NCAA MOUNTAIN WEST,462407213411987456,23,7,271,325726913966395392,8,5101,Deon,Cain,IND,WR,Active,1
462407211507773440,NCAA MOUNTAIN WEST,462407213411987456,23,8,272,463106510101147648,2,1987,Marqise,Lee,JAX,WR,Physically Unable to Perform,5
462407211507773440,NCAA MOUNTAIN WEST,462407213411987456,23,9,273,460383495076704256,1,2477,Cameron,Artis-Payne,CAR,RB,Active,4
462407211507773440,NCAA MOUNTAIN WEST,462407213411987456,23,10,274,463212708402032640,9,5884,Kelvin,Harmon,WAS,WR,Active,0
462407211507773440,NCAA MOUNTAIN WEST,462407213411987456,23,11,275,461772326111801344,10,1387,Rex,Burkhead,NE,RB,Active,6
462407211507773440,NCAA MOUNTAIN WEST,462407213411987456,23,12,276,489121730279763968,11,5136,Josh,Adams,PHI,RB,Active,1
462407211507773440,NCAA MOUNTAIN WEST,462407213411987456,24,12,277,489121730279763968,11,4144,Jonnu,Smith,TEN,TE,Physically Unable to Perform,2
462407211507773440,NCAA MOUNTAIN WEST,462407213411987456,24,11,278,461772326111801344,10,2560,Zach,Zenner,DET,RB,Active,4
462407211507773440,NCAA MOUNTAIN WEST,462407213411987456,24,10,279,463212708402032640,9,2588,Malcolm,Brown,LAR,RB,Active,4
462407211507773440,NCAA MOUNTAIN WEST,462407213411987456,24,9,280,460383495076704256,1,CAR,Carolina,Panthers,CAR,DEF,,
462407211507773440,NCAA MOUNTAIN WEST,462407213411987456,24,8,281,463106510101147648,2,3208,Kenneth,Dixon,BAL,RB,Active,3
462407211507773440,NCAA MOUNTAIN WEST,462407213411987456,24,7,282,325726913966395392,8,6164,Kahale,Warring,HOU,TE,Active,0
462407211507773440,NCAA MOUNTAIN WEST,462407213411987456,24,6,283,447631496010788864,4,58,Greg,Olsen,CAR,TE,Active,12
462407211507773440,NCAA MOUNTAIN WEST,462407213411987456,24,5,284,482448684026425344,6,4125,Taywan,Taylor,TEN,WR,Active,2
462407211507773440,NCAA MOUNTAIN WEST,462407213411987456,24,4,285,462379750468349952,5,3286,Demarcus,Robinson,KC,WR,Active,3
462407211507773440,NCAA MOUNTAIN WEST,462407213411987456,24,3,286,463004241129107456,7,1567,Tavon,Austin,DAL,RB,Active,6
462407211507773440,NCAA MOUNTAIN WEST,462407213411987456,24,2,287,322205296309051392,12,1517,Theo,Riddick,DEN,RB,Active,6
462407211507773440,NCAA MOUNTAIN WEST,462407213411987456,24,1,288,463057520089362432,3,1911,Willie,Snead,BAL,WR,Active,5
462407211507773440,NCAA MOUNTAIN WEST,462407213411987456,25,1,289,463057520089362432,3,2331,Breshad,Perriman,TB,WR,Active,4
462407211507773440,NCAA MOUNTAIN WEST,462407213411987456,25,2,290,322205296309051392,12,4622,Keelan,Cole,JAX,WR,Active,2
462407211507773440,NCAA MOUNTAIN WEST,462407213411987456,25,3,291,463004241129107456,7,695,Ted,Ginn,NO,WR,Active,12
462407211507773440,NCAA MOUNTAIN WEST,462407213411987456,25,4,292,462379750468349952,5,6136,Jarrett,Stidham,NE,QB,Active,0
462407211507773440,NCAA MOUNTAIN WEST,462407213411987456,25,5,293,482448684026425344,6,1601,Spencer,Ware,IND,RB,Physically Unable to Perform,6
462407211507773440,NCAA MOUNTAIN WEST,462407213411987456,25,6,294,447631496010788864,4,3209,Devontae,Booker,DEN,RB,Active,3
462407211507773440,NCAA MOUNTAIN WEST,462407213411987456,25,7,295,325726913966395392,8,5374,Justin,Watson,TB,WR,Active,1
462407211507773440,NCAA MOUNTAIN WEST,462407213411987456,25,8,296,463106510101147648,2,988,Doug,Baldwin,,WR,Inactive,8
462407211507773440,NCAA MOUNTAIN WEST,462407213411987456,25,9,297,460383495076704256,1,5918,Rodney,Anderson,CIN,RB,Active,0
462407211507773440,NCAA MOUNTAIN WEST,462407213411987456,25,10,298,463212708402032640,9,333,Ryan,Fitzpatrick,MIA,QB,Active,14
462407211507773440,NCAA MOUNTAIN WEST,462407213411987456,25,11,299,461772326111801344,10,5199,Byron,Pringle,KC,WR,Active,1
462407211507773440,NCAA MOUNTAIN WEST,462407213411987456,25,12,300,489121730279763968,11,2747,Jason,Myers,SEA,K,Active,4
462407211507773440,NCAA MOUNTAIN WEST,462407213411987456,26,12,301,489121730279763968,11,ARI,Arizona,Cardinals,ARI,DEF,,
462407211507773440,NCAA MOUNTAIN WEST,462407213411987456,26,11,302,461772326111801344,10,6144,Trayveon,Williams,CIN,RB,Active,0
462407211507773440,NCAA MOUNTAIN WEST,462407213411987456,26,10,303,463212708402032640,9,1195,Doug,Martin,OAK,RB,Active,7
462407211507773440,NCAA MOUNTAIN WEST,462407213411987456,26,9,304,460383495076704256,1,5973,Josh,Oliver,JAX,TE,Active,0
462407211507773440,NCAA MOUNTAIN WEST,462407213411987456,26,8,305,463106510101147648,2,560,Demaryius,Thomas,NE,WR,Physically Unable to Perform,9
462407211507773440,NCAA MOUNTAIN WEST,462407213411987456,26,7,306,325726913966395392,8,2821,Jake,Kumerow,GB,WR,Active,4
462407211507773440,NCAA MOUNTAIN WEST,462407213411987456,26,6,307,447631496010788864,4,826,Torrey,Smith,CAR,WR,Active,8
462407211507773440,NCAA MOUNTAIN WEST,462407213411987456,26,5,308,482448684026425344,6,246,Darren,Sproles,PHI,RB,Active,14
462407211507773440,NCAA MOUNTAIN WEST,462407213411987456,26,4,309,462379750468349952,5,491,Danny,Amendola,DET,WR,Active,11
462407211507773440,NCAA MOUNTAIN WEST,462407213411987456,26,3,310,463004241129107456,7,5076,John,Kelly,LAR,RB,Active,1
462407211507773440,NCAA MOUNTAIN WEST,462407213411987456,26,2,311,322205296309051392,12,4531,Ricky,Seals-Jones,ARI,TE,Active,2
462407211507773440,NCAA MOUNTAIN WEST,462407213411987456,26,1,312,463057520089362432,3,2399,Ty,Montgomery,NYJ,RB,Active,4
462407211507773440,NCAA MOUNTAIN WEST,462407213411987456,27,1,313,463057520089362432,3,6039,Ty,Johnson,DET,RB,Active,0
462407211507773440,NCAA MOUNTAIN WEST,462407213411987456,27,2,314,322205296309051392,12,1379,Kyle,Juszczyk,SF,RB,Active,6
462407211507773440,NCAA MOUNTAIN WEST,462407213411987456,27,3,315,463004241129107456,7,19,Joe,Flacco,DEN,QB,Active,11
462407211507773440,NCAA MOUNTAIN WEST,462407213411987456,27,4,316,462379750468349952,5,6072,Bruce,Anderson,TB,RB,Active,0
462407211507773440,NCAA MOUNTAIN WEST,462407213411987456,27,5,317,482448684026425344,6,2334,Phillip,Dorsett,NE,WR,Active,4
462407211507773440,NCAA MOUNTAIN WEST,462407213411987456,27,6,318,447631496010788864,4,899,Dan,Bailey,MIN,K,Active,8
462407211507773440,NCAA MOUNTAIN WEST,462407213411987456,27,7,319,325726913966395392,8,6159,Mike,Weber,DAL,RB,Active,0
462407211507773440,NCAA MOUNTAIN WEST,462407213411987456,27,8,320,463106510101147648,2,4151,Jake,Butt,DEN,TE,Practice Squad,2
462407211507773440,NCAA MOUNTAIN WEST,462407213411987456,27,9,321,460383495076704256,1,6011,Gardner,Minshew,JAX,QB,Active,0
462407211507773440,NCAA MOUNTAIN WEST,462407213411987456,27,10,322,463212708402032640,9,3827,Aldrick,Rosas,NYG,K,Active,3
462407211507773440,NCAA MOUNTAIN WEST,462407213411987456,27,11,323,461772326111801344,10,2222,Austin,Seferian-Jenkins,,TE,Inactive,5
462407211507773440,NCAA MOUNTAIN WEST,462407213411987456,27,12,324,489121730279763968,11,6148,Preston,Williams,MIA,WR,Active,0
462407211507773440,NCAA MOUNTAIN WEST,462407213411987456,28,12,325,489121730279763968,11,2685,Jordan,Taylor,MIN,WR,Active,4
462407211507773440,NCAA MOUNTAIN WEST,462407213411987456,28,11,326,461772326111801344,10,1564,Benjamin,Cunningham,JAX,RB,Active,6
462407211507773440,NCAA MOUNTAIN WEST,462407213411987456,28,10,327,463212708402032640,9,5885,Ryan,Finley,CIN,QB,Active,0
462407211507773440,NCAA MOUNTAIN WEST,462407213411987456,28,9,328,460383495076704256,1,5903,Will,Grier,CAR,QB,Active,0
462407211507773440,NCAA MOUNTAIN WEST,462407213411987456,28,8,329,463106510101147648,2,232,Frank,Gore,BUF,RB,Active,14
462407211507773440,NCAA MOUNTAIN WEST,462407213411987456,28,7,330,325726913966395392,8,2545,Geoff,Swaim,JAX,TE,Active,4
462407211507773440,NCAA MOUNTAIN WEST,462407213411987456,28,6,331,447631496010788864,4,4972,Mason,Rudolph,PIT,QB,Active,1
462407211507773440,NCAA MOUNTAIN WEST,462407213411987456,28,5,332,482448684026425344,6,3664,JD,McKissic,SEA,RB,Active,3
462407211507773440,NCAA MOUNTAIN WEST,462407213411987456,28,4,333,462379750468349952,5,2381,Chris,Conley,JAX,WR,Active,4
462407211507773440,NCAA MOUNTAIN WEST,462407213411987456,28,3,334,463004241129107456,7,NYJ,New York,Jets,NYJ,DEF,,
462407211507773440,NCAA MOUNTAIN WEST,462407213411987456,28,2,335,322205296309051392,12,6290,Scott,Miller,TB,WR,Active,0
462407211507773440,NCAA MOUNTAIN WEST,462407213411987456,28,1,336,463057520089362432,3,1945,Chris,Boswell,PIT,K,Active,5
462407211507773440,NCAA MOUNTAIN WEST,462407213411987456,29,1,337,463057520089362432,3,4218,Trent,Taylor,SF,WR,Active,2
462407211507773440,NCAA MOUNTAIN WEST,462407213411987456,29,2,338,322205296309051392,12,TB,Tampa Bay,Buccaneers,TB,DEF,,
462407211507773440,NCAA MOUNTAIN WEST,462407213411987456,29,3,339,463004241129107456,7,1944,Alfred,Blue,JAX,RB,Active,5
462407211507773440,NCAA MOUNTAIN WEST,462407213411987456,29,4,340,462379750468349952,5,OAK,Oakland,Raiders,OAK,DEF,,
462407211507773440,NCAA MOUNTAIN WEST,462407213411987456,29,5,341,482448684026425344,6,5123,Trenton,Cannon,NYJ,RB,Active,1
462407211507773440,NCAA MOUNTAIN WEST,462407213411987456,29,6,342,447631496010788864,4,4187,Brian,Hill,ATL,RB,Active,2
462407211507773440,NCAA MOUNTAIN WEST,462407213411987456,29,7,343,325726913966395392,8,6031,Alex,Barnes,TEN,RB,Active,0
462407211507773440,NCAA MOUNTAIN WEST,462407213411987456,29,8,344,463106510101147648,2,SEA,Seattle,Seahawks,SEA,DEF,,
462407211507773440,NCAA MOUNTAIN WEST,462407213411987456,29,9,345,460383495076704256,1,3355,Cody,Core,CIN,WR,Active,3
462407211507773440,NCAA MOUNTAIN WEST,462407213411987456,29,10,346,463212708402032640,9,5134,Keith,Kirkwood,NO,WR,Active,1
462407211507773440,NCAA MOUNTAIN WEST,462407213411987456,29,11,347,461772326111801344,10,3309,Wendell,Smallwood,PHI,RB,Active,3
462407211507773440,NCAA MOUNTAIN WEST,462407213411987456,29,12,348,489121730279763968,11,5924,Emanuel,Hall,CHI,WR,Active,0
462407211507773440,NCAA MOUNTAIN WEST,462407213411987456,30,12,349,489121730279763968,11,6040,Tyree,Jackson,BUF,QB,Active,0
462407211507773440,NCAA MOUNTAIN WEST,462407213411987456,30,11,350,461772326111801344,10,2892,Rod,Smith,NYG,RB,Active,4
462407211507773440,NCAA MOUNTAIN WEST,462407213411987456,30,10,351,463212708402032640,9,5010,Will,Dissly,SEA,TE,Active,1
462407211507773440,NCAA MOUNTAIN WEST,462407213411987456,30,9,352,460383495076704256,1,ATL,Atlanta,Falcons,ATL,DEF,,
462407211507773440,NCAA MOUNTAIN WEST,462407213411987456,30,8,353,463106510101147648,2,TEN,Tennessee,Titans,TEN,DEF,,
462407211507773440,NCAA MOUNTAIN WEST,462407213411987456,30,7,354,325726913966395392,8,4085,Adam,Shaheen,CHI,TE,Active,2
462407211507773440,NCAA MOUNTAIN WEST,462407213411987456,30,6,355,447631496010788864,4,5117,Jordan,Thomas,HOU,TE,Active,1
462407211507773440,NCAA MOUNTAIN WEST,462407213411987456,30,5,356,482448684026425344,6,1901,Isaiah,Crowell,OAK,RB,Injured Reserve,5
462407211507773440,NCAA MOUNTAIN WEST,462407213411987456,30,4,357,462379750468349952,5,17,Matt,Prater,DET,K,Active,13
462407211507773440,NCAA MOUNTAIN WEST,462407213411987456,30,3,358,463004241129107456,7,2980,Eli,Rogers,PIT,WR,Active,4
462407211507773440,NCAA MOUNTAIN WEST,462407213411987456,30,2,359,322205296309051392,12,4150,Wayne,Gallman,NYG,RB,Active,2
462407211507773440,NCAA MOUNTAIN WEST,462407213411987456,30,1,360,463057520089362432,3,6012,Travis,Homer,SEA,RB,Active,0
462407211507773440,NCAA MOUNTAIN WEST,462407213411987456,31,1,361,463057520089362432,3,4454,Kendrick,Bourne,SF,WR,Active,2
462407211507773440,NCAA MOUNTAIN WEST,462407213411987456,31,2,362,322205296309051392,12,5119,Jason,Sanders,MIA,K,Active,1
462407211507773440,NCAA MOUNTAIN WEST,462407213411987456,31,3,363,463004241129107456,7,1433,Brandon,McManus,DEN,K,Active,6
462407211507773440,NCAA MOUNTAIN WEST,462407213411987456,31,4,364,462379750468349952,5,6149,Darius,Slayton,NYG,WR,Active,0
462407211507773440,NCAA MOUNTAIN WEST,462407213411987456,31,5,365,482448684026425344,6,1329,Chris,Hogan,CAR,WR,Active,8
462407211507773440,NCAA MOUNTAIN WEST,462407213411987456,31,6,366,447631496010788864,4,4162,Ryan,Switzer,PIT,WR,Active,2
462407211507773440,NCAA MOUNTAIN WEST,462407213411987456,31,7,367,325726913966395392,8,3257,Jacoby,Brissett,IND,QB,Active,3
462407211507773440,NCAA MOUNTAIN WEST,462407213411987456,31,8,368,463106510101147648,2,DET,Detroit,Lions,DET,DEF,,
462407211507773440,NCAA MOUNTAIN WEST,462407213411987456,31,9,369,460383495076704256,1,2412,Justin,Hardy,ATL,WR,Active,4
462407211507773440,NCAA MOUNTAIN WEST,462407213411987456,31,10,370,463212708402032640,9,NE,New England,Patriots,NE,DEF,,
462407211507773440,NCAA MOUNTAIN WEST,462407213411987456,31,11,371,461772326111801344,10,5980,Myles,Gaskin,MIA,RB,Active,0
462407211507773440,NCAA MOUNTAIN WEST,462407213411987456,31,12,372,489121730279763968,11,MIA,Miami,Dolphins,MIA,DEF,,
462407211507773440,NCAA MOUNTAIN WEST,462407213411987456,32,12,373,489121730279763968,11,WAS,Washington,Redskins,WAS,DEF,,
462407211507773440,NCAA MOUNTAIN WEST,462407213411987456,32,11,374,461772326111801344,10,3582,Chester,Rogers,IND,WR,Active,3
462407211507773440,NCAA MOUNTAIN WEST,462407213411987456,32,10,375,463212708402032640,9,1737,Case,Keenum,WAS,QB,Active,7
462407211507773440,NCAA MOUNTAIN WEST,462407213411987456,32,9,376,460383495076704256,1,6001,Drew,Sample,CIN,TE,Active,0
462407211507773440,NCAA MOUNTAIN WEST,462407213411987456,32,8,377,463106510101147648,2,4571,Blake,Jarwin,DAL,TE,Active,2
462407211507773440,NCAA MOUNTAIN WEST,462407213411987456,32,7,378,325726913966395392,8,NYG,New York,Giants,NYG,DEF,,
462407211507773440,NCAA MOUNTAIN WEST,462407213411987456,32,6,379,447631496010788864,4,1684,Jaron,Brown,SEA,WR,Active,6
462407211507773440,NCAA MOUNTAIN WEST,462407213411987456,32,5,380,482448684026425344,6,4651,Corey,Clement,PHI,RB,Active,2
462407211507773440,NCAA MOUNTAIN WEST,462407213411987456,32,4,381,462379750468349952,5,5919,Elijah,Holyfield,CAR,RB,Active,0
462407211507773440,NCAA MOUNTAIN WEST,462407213411987456,32,3,382,463004241129107456,7,2093,Ryan,Grant,OAK,WR,Active,5
462407211507773440,NCAA MOUNTAIN WEST,462407213411987456,32,2,383,322205296309051392,12,4480,Jesus,Wilson,TB,WR,Active,2
462407211507773440,NCAA MOUNTAIN WEST,462407213411987456,32,1,384,463057520089362432,3,3177,Corey,Coleman,NYG,WR,Injured Reserve,3
462407211507773440,NCAA MOUNTAIN WEST,462407213411987456,33,1,385,463057520089362432,3,5115,David,Williams,DEN,RB,Practice Squad,1
462407211507773440,NCAA MOUNTAIN WEST,462407213411987456,33,2,386,322205296309051392,12,2699,Cameron,Meredith,NE,WR,Physically Unable to Perform,4
462407211507773440,NCAA MOUNTAIN WEST,462407213411987456,33,3,387,463004241129107456,7,6167,Jordan,Scarlett,CAR,RB,Active,0
462407211507773440,NCAA MOUNTAIN WEST,462407213411987456,33,4,388,462379750468349952,5,6142,Caleb,Wilson,ARI,TE,Active,0
462407211507773440,NCAA MOUNTAIN WEST,462407213411987456,33,5,389,482448684026425344,6,5906,Dawson,Knox,BUF,TE,Active,0
462407211507773440,NCAA MOUNTAIN WEST,462407213411987456,33,6,390,447631496010788864,4,827,Tyrod,Taylor,LAC,QB,Active,8
462407211507773440,NCAA MOUNTAIN WEST,462407213411987456,33,7,391,325726913966395392,8,CIN,Cincinnati,Bengals,CIN,DEF,,
462407211507773440,NCAA MOUNTAIN WEST,462407213411987456,33,8,392,463106510101147648,2,2020,Cairo,Santos,TB,K,Active,5
462407211507773440,NCAA MOUNTAIN WEST,462407213411987456,33,9,393,460383495076704256,1,775,Steven,Hauschka,BUF,K,Active,11
462407211507773440,NCAA MOUNTAIN WEST,462407213411987456,33,10,394,463212708402032640,9,6334,Damarea,Crockett,HOU,RB,Active,0
462407211507773440,NCAA MOUNTAIN WEST,462407213411987456,33,11,395,461772326111801344,10,4319,Zach,Pascal,IND,WR,Active,2
462407211507773440,NCAA MOUNTAIN WEST,462407213411987456,33,12,396,489121730279763968,11,503,Graham,Gano,CAR,K,Active,10
462407211507773440,NCAA MOUNTAIN WEST,462407213411987456,34,12,397,489121730279763968,11,6002,Qadree,Ollison,ATL,RB,Active,0
462407211507773440,NCAA MOUNTAIN WEST,462407213411987456,34,11,398,461772326111801344,10,2750,Deandre,Carter,HOU,WR,Physically Unable to Perform,4
462407211507773440,NCAA MOUNTAIN WEST,462407213411987456,34,10,399,463212708402032640,9,1077,Travis,Benjamin,LAC,WR,Active,7
462407211507773440,NCAA MOUNTAIN WEST,462407213411987456,34,9,400,460383495076704256,1,6047,Dillon,Mitchell,MIN,WR,Active,0
462407211507773440,NCAA MOUNTAIN WEST,462407213411987456,34,8,401,463106510101147648,2,4381,Taysom,Hill,NO,QB,Active,2
462407211507773440,NCAA MOUNTAIN WEST,462407213411987456,34,7,402,325726913966395392,8,2242,Chandler,Catanzaro,NYJ,K,Active,5
462407211507773440,NCAA MOUNTAIN WEST,462407213411987456,34,6,403,447631496010788864,4,5111,Javon,Wims,CHI,WR,Active,1
462407211507773440,NCAA MOUNTAIN WEST,462407213411987456,34,5,404,482448684026425344,6,1312,Josh,Bellamy,NYJ,WR,Active,7
462407211507773440,NCAA MOUNTAIN WEST,462407213411987456,34,4,405,462379750468349952,5,1290,Jermaine,Kearse,DET,WR,Active,7
462407211507773440,NCAA MOUNTAIN WEST,462407213411987456,34,3,406,463004241129107456,7,5290,Deontay,Burnett,NYJ,WR,Active,1
462407211507773440,NCAA MOUNTAIN WEST,462407213411987456,34,2,407,322205296309051392,12,5080,Damion,Ratley,CLE,WR,Active,1
462407211507773440,NCAA MOUNTAIN WEST,462407213411987456,34,1,408,463057520089362432,3,6181,Trevon,Wesco,NYJ,TE,Active,0
462407211507773440,NCAA MOUNTAIN WEST,462407213411987456,35,1,409,463057520089362432,3,4351,Tim,Patrick,DEN,WR,Active,2
462407211507773440,NCAA MOUNTAIN WEST,462407213411987456,35,2,410,322205296309051392,12,188,Eli,Manning,NYG,QB,Active,15
462407211507773440,NCAA MOUNTAIN WEST,462407213411987456,35,3,411,463004241129107456,7,2944,Matt,LaCosse,NE,TE,Active,4
462407211507773440,NCAA MOUNTAIN WEST,462407213411987456,35,4,412,462379750468349952,5,5977,Terry,Godwin,CAR,WR,Active,0
462407211507773440,NCAA MOUNTAIN WEST,462407213411987456,35,5,413,482448684026425344,6,1049,Ryan,Tannehill,TEN,QB,Active,7
462407211507773440,NCAA MOUNTAIN WEST,462407213411987456,35,6,414,447631496010788864,4,5570,Chad,Beebe,MIN,WR,Active,1
462407211507773440,NCAA MOUNTAIN WEST,462407213411987456,35,7,415,325726913966395392,8,2671,Josh,Lambo,JAX,K,Active,4
462407211507773440,NCAA MOUNTAIN WEST,462407213411987456,35,8,416,463106510101147648,2,2359,Ameer,Abdullah,MIN,RB,Active,4
462407211507773440,NCAA MOUNTAIN WEST,462407213411987456,35,9,417,460383495076704256,1,1979,Blake,Bortles,LAR,QB,Active,5
462407211507773440,NCAA MOUNTAIN WEST,462407213411987456,35,10,418,463212708402032640,9,1348,Dustin,Hopkins,WAS,K,Active,6
462407211507773440,NCAA MOUNTAIN WEST,462407213411987456,35,11,419,461772326111801344,10,701,Ed,Dickson,SEA,TE,Active,9
462407211507773440,NCAA MOUNTAIN WEST,462407213411987456,35,12,420,489121730279763968,11,6185,Easton,Stick,LAC,QB,Active,0
460504411332931584,NCAA PAC 12 ,461357949516771328,1,1,1,328268033216749568,3,701,Ed,Dickson,SEA,TE,Active,9
460504411332931584,NCAA PAC 12 ,461357949516771328,1,2,2,460383495076704256,7,587,Logan,Paulsen,ATL,TE,Active,9
460504411332931584,NCAA PAC 12 ,461357949516771328,1,3,3,437465313911500800,1,5094,Tyler,Conklin,MIN,TE,Active,1
460504411332931584,NCAA PAC 12 ,461357949516771328,1,4,4,477666723663704064,4,6590,Michael,Colubiale,JAX,TE,Active,0
460504411332931584,NCAA PAC 12 ,461357949516771328,1,5,5,445343296378630144,6,6238,Tyree,Mayfield,SF,TE,Active,0
460504411332931584,NCAA PAC 12 ,461357949516771328,1,6,6,76460245878456320,11,5092,Troy,Fumagalli,DEN,TE,Active,1
460504411332931584,NCAA PAC 12 ,461357949516771328,1,7,7,460730537724604416,2,530,Jermaine,Gresham,,TE,Inactive,9
460504411332931584,NCAA PAC 12 ,461357949516771328,1,8,8,,8,3767,Cedrick,Lang,NE,TE,Active,3
460504411332931584,NCAA PAC 12 ,461357949516771328,1,9,9,449591245241577472,5,2917,Brian,Vogler,,TE,Inactive,1
460504411332931584,NCAA PAC 12 ,461357949516771328,1,10,10,,9,5718,Ryan,Yurachek,DAL,TE,Practice Squad,1
460504411332931584,NCAA PAC 12 ,461357949516771328,1,11,11,461082030721986560,10,5264,Blake,Mack,,TE,Inactive,1
460504411332931584,NCAA PAC 12 ,461357949516771328,1,12,12,457719269589774336,12,4930,Franko,House,CHI,TE,Active,1
460504411332931584,NCAA PAC 12 ,460891925751263232,1,1,1,437465313911500800,1,4866,Saquon,Barkley,NYG,RB,Active,1
460504411332931584,NCAA PAC 12 ,460891925751263232,1,2,2,460730537724604416,2,4035,Alvin,Kamara,NO,RB,Active,2
460504411332931584,NCAA PAC 12 ,460891925751263232,1,3,3,328268033216749568,3,4034,Christian,McCaffrey,CAR,RB,Active,2
460504411332931584,NCAA PAC 12 ,460891925751263232,1,4,4,477666723663704064,4,3164,Ezekiel,Elliott,DAL,RB,Did Not Report,3
460504411332931584,NCAA PAC 12 ,460891925751263232,1,5,5,449591245241577472,5,1426,DeAndre,Hopkins,HOU,WR,Active,6
460504411332931584,NCAA PAC 12 ,460891925751263232,1,6,6,445343296378630144,6,2133,Davante,Adams,GB,WR,Active,5
460504411332931584,NCAA PAC 12 ,460891925751263232,1,7,7,,8,2078,Odell,Beckham Jr,CLE,WR,Active,5
460504411332931584,NCAA PAC 12 ,460891925751263232,1,8,8,,9,4040,JuJu,Smith-Schuster,PIT,WR,Active,2
460504411332931584,NCAA PAC 12 ,460891925751263232,1,9,9,461082030721986560,10,3199,Michael,Thomas,NO,WR,Did Not Report,3
460504411332931584,NCAA PAC 12 ,460891925751263232,1,10,10,76460245878456320,11,4018,Joe,Mixon,CIN,RB,Active,2
460504411332931584,NCAA PAC 12 ,460891925751263232,1,11,11,457719269589774336,12,947,Julio,Jones,ATL,WR,Active,8
460504411332931584,NCAA PAC 12 ,460891925751263232,1,12,12,460383495076704256,7,2391,David,Johnson,ARI,RB,Active,4
460504411332931584,NCAA PAC 12 ,460891925751263232,2,12,13,460383495076704256,7,2320,Melvin,Gordon,LAC,RB,Did Not Report,4
460504411332931584,NCAA PAC 12 ,460891925751263232,2,11,14,457719269589774336,12,4988,Nick,Chubb,CLE,RB,Active,1
460504411332931584,NCAA PAC 12 ,460891925751263232,2,10,15,76460245878456320,11,2216,Mike,Evans,TB,WR,Active,5
460504411332931584,NCAA PAC 12 ,460891925751263232,2,9,16,461082030721986560,10,2315,Todd,Gurley,LAR,RB,Active,4
460504411332931584,NCAA PAC 12 ,460891925751263232,2,8,17,,9,4137,James,Conner,PIT,RB,Active,2
460504411332931584,NCAA PAC 12 ,460891925751263232,2,7,18,,8,2309,Amari,Cooper,DAL,WR,Active,4
460504411332931584,NCAA PAC 12 ,460891925751263232,2,6,19,445343296378630144,6,2449,Stefon,Diggs,MIN,WR,Active,4
460504411332931584,NCAA PAC 12 ,460891925751263232,2,5,20,449591245241577472,5,4029,Dalvin,Cook,MIN,RB,Active,2
460504411332931584,NCAA PAC 12 ,460891925751263232,2,4,21,477666723663704064,4,4217,George,Kittle,SF,TE,Active,2
460504411332931584,NCAA PAC 12 ,460891925751263232,2,3,22,328268033216749568,3,1479,Keenan,Allen,LAC,WR,Active,6
460504411332931584,NCAA PAC 12 ,460891925751263232,2,2,23,460730537724604416,2,1466,Travis,Kelce,KC,TE,Active,6
460504411332931584,NCAA PAC 12 ,460891925751263232,2,1,24,437465313911500800,1,4152,Marlon,Mack,IND,RB,Active,2
460504411332931584,NCAA PAC 12 ,460891925751263232,3,1,25,437465313911500800,1,1689,Adam,Thielen,MIN,WR,Active,6
460504411332931584,NCAA PAC 12 ,460891925751263232,3,2,26,460730537724604416,2,536,Antonio,Brown,OAK,WR,Non Football Injury,9
460504411332931584,NCAA PAC 12 ,460891925751263232,3,3,27,328268033216749568,3,5068,Kerryon,Johnson,DET,RB,Active,1
460504411332931584,NCAA PAC 12 ,460891925751263232,3,4,28,477666723663704064,4,1833,Damien,Williams,KC,RB,Active,5
460504411332931584,NCAA PAC 12 ,460891925751263232,3,5,29,449591245241577472,5,1408,Le'Veon,Bell,NYJ,RB,Active,6
460504411332931584,NCAA PAC 12 ,460891925751263232,3,6,30,445343296378630144,6,3321,Tyreek,Hill,KC,WR,Active,3
460504411332931584,NCAA PAC 12 ,460891925751263232,3,7,31,,8,5892,David,Montgomery,CHI,RB,Active,0
460504411332931584,NCAA PAC 12 ,460891925751263232,3,8,32,,9,2197,Brandin,Cooks,LAR,WR,Active,5
460504411332931584,NCAA PAC 12 ,460891925751263232,3,9,33,461082030721986560,10,4046,Patrick,Mahomes,KC,QB,Active,2
460504411332931584,NCAA PAC 12 ,460891925751263232,3,10,34,76460245878456320,11,5850,Josh,Jacobs,OAK,RB,Active,0
460504411332931584,NCAA PAC 12 ,460891925751263232,3,11,35,457719269589774336,12,1825,Jarvis,Landry,CLE,WR,Active,5
460504411332931584,NCAA PAC 12 ,460891925751263232,3,12,36,460383495076704256,7,1110,T.Y.,Hilton,IND,WR,Active,7
460504411332931584,NCAA PAC 12 ,460891925751263232,4,12,37,460383495076704256,7,4199,Aaron,Jones,GB,RB,Active,2
460504411332931584,NCAA PAC 12 ,460891925751263232,4,11,38,457719269589774336,12,4962,Sony,Michel,NE,RB,Active,1
460504411332931584,NCAA PAC 12 ,460891925751263232,4,10,39,76460245878456320,11,4131,Kenny,Golladay,DET,WR,Active,2
460504411332931584,NCAA PAC 12 ,460891925751263232,4,9,40,461082030721986560,10,1339,Zach,Ertz,PHI,TE,Active,6
460504411332931584,NCAA PAC 12 ,460891925751263232,4,8,41,,9,4892,Baker,Mayfield,CLE,QB,Active,1
460504411332931584,NCAA PAC 12 ,460891925751263232,4,7,42,,8,830,AJ,Green,CIN,WR,Active,8
460504411332931584,NCAA PAC 12 ,460891925751263232,4,6,43,445343296378630144,6,1352,Robert,Woods,LAR,WR,Active,6
460504411332931584,NCAA PAC 12 ,460891925751263232,4,5,44,449591245241577472,5,3969,Leonard,Fournette,JAX,RB,Active,2
460504411332931584,NCAA PAC 12 ,460891925751263232,4,4,45,477666723663704064,4,4039,Cooper,Kupp,LAR,WR,Active,2
460504411332931584,NCAA PAC 12 ,460891925751263232,4,3,46,328268033216749568,3,2168,Devonta,Freeman,ATL,RB,Active,5
460504411332931584,NCAA PAC 12 ,460891925751263232,4,2,47,460730537724604416,2,1111,Andrew,Luck,IND,QB,Active,7
460504411332931584,NCAA PAC 12 ,460891925751263232,4,1,48,437465313911500800,1,3198,Derrick,Henry,TEN,RB,Active,3
460504411332931584,NCAA PAC 12 ,460891925751263232,5,1,49,437465313911500800,1,4981,Calvin,Ridley,ATL,WR,Active,1
460504411332931584,NCAA PAC 12 ,460891925751263232,5,2,50,460730537724604416,2,5170,Phillip,Lindsay,DEN,RB,Active,1
460504411332931584,NCAA PAC 12 ,460891925751263232,5,3,51,328268033216749568,3,5878,N'Keal,Harry,NE,WR,Active,0
460504411332931584,NCAA PAC 12 ,460891925751263232,5,4,52,477666723663704064,4,4983,D.J.,Moore,CAR,WR,Active,1
460504411332931584,NCAA PAC 12 ,460891925751263232,5,5,53,449591245241577472,5,4037,Chris,Godwin,TB,WR,Active,2
460504411332931584,NCAA PAC 12 ,460891925751263232,5,6,54,445343296378630144,6,4033,David,Njoku,CLE,TE,Active,2
460504411332931584,NCAA PAC 12 ,460891925751263232,5,7,55,,8,3163,Jared,Goff,LAR,QB,Active,3
460504411332931584,NCAA PAC 12 ,460891925751263232,5,8,56,,9,4949,Derrius,Guice,WAS,RB,Active,1
460504411332931584,NCAA PAC 12 ,460891925751263232,5,9,57,461082030721986560,10,4068,Mike,Williams,LAC,WR,Active,2
460504411332931584,NCAA PAC 12 ,460891925751263232,5,10,58,76460245878456320,11,6151,Miles,Sanders,PHI,RB,Active,0
460504411332931584,NCAA PAC 12 ,460891925751263232,5,11,59,457719269589774336,12,3200,Sterling,Shepard,NYG,WR,Active,3
460504411332931584,NCAA PAC 12 ,460891925751263232,5,12,60,460383495076704256,7,2374,Tyler,Lockett,SEA,WR,Active,4
460504411332931584,NCAA PAC 12 ,460891925751263232,6,12,61,460383495076704256,7,344,Julian,Edelman,NE,WR,Non Football Injury,10
460504411332931584,NCAA PAC 12 ,460891925751263232,6,11,62,457719269589774336,12,3225,Tyler,Boyd,CIN,WR,Active,3
460504411332931584,NCAA PAC 12 ,460891925751263232,6,10,63,76460245878456320,11,4017,Deshaun,Watson,HOU,QB,Active,2
460504411332931584,NCAA PAC 12 ,460891925751263232,6,9,64,461082030721986560,10,4098,Kareem,Hunt,CLE,RB,Non Football Injury,2
460504411332931584,NCAA PAC 12 ,460891925751263232,6,8,65,,9,5038,Michael,Gallup,DAL,WR,Active,1
460504411332931584,NCAA PAC 12 ,460891925751263232,6,7,66,,8,4055,OJ,Howard,TB,TE,Active,2
460504411332931584,NCAA PAC 12 ,460891925751263232,6,6,67,445343296378630144,6,5872,Deebo,Samuel,SF,WR,Active,0
460504411332931584,NCAA PAC 12 ,460891925751263232,6,5,68,449591245241577472,5,3242,Kenyan,Drake,MIA,RB,Active,3
460504411332931584,NCAA PAC 12 ,460891925751263232,6,4,69,477666723663704064,4,3423,Robby,Anderson,NYJ,WR,Active,3
460504411332931584,NCAA PAC 12 ,460891925751263232,6,3,70,328268033216749568,3,1048,Lamar,Miller,HOU,RB,Active,7
460504411332931584,NCAA PAC 12 ,460891925751263232,6,2,71,460730537724604416,2,1848,James,White,NE,RB,Active,5
460504411332931584,NCAA PAC 12 ,460891925751263232,6,1,72,437465313911500800,1,4273,Chris,Carson,SEA,RB,Active,2
460504411332931584,NCAA PAC 12 ,460891925751263232,7,1,73,437465313911500800,1,3214,Hunter,Henry,LAC,TE,Active,3
460504411332931584,NCAA PAC 12 ,460891925751263232,7,2,74,460730537724604416,2,4036,Corey,Davis,TEN,WR,Active,2
460504411332931584,NCAA PAC 12 ,460891925751263232,7,3,75,328268033216749568,3,4066,Evan,Engram,NYG,TE,Active,2
460504411332931584,NCAA PAC 12 ,460891925751263232,7,4,76,477666723663704064,4,4950,Christian,Kirk,ARI,WR,Active,1
460504411332931584,NCAA PAC 12 ,460891925751263232,7,5,77,449591245241577472,5,5846,D.K.,Metcalf,SEA,WR,Active,0
460504411332931584,NCAA PAC 12 ,460891925751263232,7,6,78,445343296378630144,6,956,Mark,Ingram,BAL,RB,Active,8
460504411332931584,NCAA PAC 12 ,460891925751263232,7,7,79,,8,2378,Tevin,Coleman,SF,RB,Active,4
460504411332931584,NCAA PAC 12 ,460891925751263232,7,8,80,,9,4146,Dede,Westbrook,JAX,WR,Active,2
460504411332931584,NCAA PAC 12 ,460891925751263232,7,9,81,461082030721986560,10,4985,Rashaad,Penny,SEA,RB,Active,1
460504411332931584,NCAA PAC 12 ,460891925751263232,7,10,82,76460245878456320,11,1817,Sammy,Watkins,KC,WR,Active,5
460504411332931584,NCAA PAC 12 ,460891925751263232,7,11,83,457719269589774336,12,2118,Eric,Ebron,IND,TE,Active,5
460504411332931584,NCAA PAC 12 ,460891925751263232,7,12,84,460383495076704256,7,96,Aaron,Rodgers,GB,QB,Active,14
460504411332931584,NCAA PAC 12 ,460891925751263232,8,12,85,460383495076704256,7,1476,Latavius,Murray,NO,RB,Active,6
460504411332931584,NCAA PAC 12 ,460891925751263232,8,11,86,457719269589774336,12,5911,Jalen,Hurd,SF,WR,Active,0
460504411332931584,NCAA PAC 12 ,460891925751263232,8,10,87,76460245878456320,11,5844,T.J.,Hockenson,DET,TE,Active,0
460504411332931584,NCAA PAC 12 ,460891925751263232,8,9,88,461082030721986560,10,3157,Will,Fuller,HOU,WR,Active,3
460504411332931584,NCAA PAC 12 ,460891925751263232,8,8,89,,9,5052,Ronald,Jones II,TB,RB,Active,1
460504411332931584,NCAA PAC 12 ,460891925751263232,8,7,90,,8,5849,Kyler,Murray,ARI,QB,Active,0
460504411332931584,NCAA PAC 12 ,460891925751263232,8,6,91,445343296378630144,6,4157,Tarik,Cohen,CHI,RB,Active,2
460504411332931584,NCAA PAC 12 ,460891925751263232,8,5,92,449591245241577472,5,4992,Dante,Pettis,SF,WR,Active,1
460504411332931584,NCAA PAC 12 ,460891925751263232,8,4,93,477666723663704064,4,1149,Alshon,Jeffery,PHI,WR,Active,7
460504411332931584,NCAA PAC 12 ,460891925751263232,8,3,94,328268033216749568,3,3161,Carson,Wentz,PHI,QB,Active,3
460504411332931584,NCAA PAC 12 ,460891925751263232,8,2,95,460730537724604416,2,1992,Allen,Robinson,CHI,WR,Active,5
460504411332931584,NCAA PAC 12 ,460891925751263232,8,1,96,437465313911500800,1,5045,Courtland,Sutton,DEN,WR,Active,1
460504411332931584,NCAA PAC 12 ,460891925751263232,9,1,97,437465313911500800,1,3976,Mitch,Trubisky,CHI,QB,Active,2
460504411332931584,NCAA PAC 12 ,460891925751263232,9,2,98,460730537724604416,2,5848,Marquise,Brown,BAL,WR,Non Football Injury,0
460504411332931584,NCAA PAC 12 ,460891925751263232,9,3,99,328268033216749568,3,5880,Parris,Campbell,IND,WR,Active,0
460504411332931584,NCAA PAC 12 ,460891925751263232,9,4,100,477666723663704064,4,1234,Russell,Wilson,SEA,QB,Active,7
460504411332931584,NCAA PAC 12 ,460891925751263232,9,5,101,449591245241577472,5,4881,Lamar,Jackson,BAL,QB,Active,1
460504411332931584,NCAA PAC 12 ,460891925751263232,9,6,102,445343296378630144,6,CHI,Chicago,Bears,CHI,DEF,,
460504411332931584,NCAA PAC 12 ,460891925751263232,9,7,103,,8,5995,Justice,Hill,BAL,RB,Active,0
460504411332931584,NCAA PAC 12 ,460891925751263232,9,8,104,,9,5022,Dallas,Goedert,PHI,TE,Active,1
460504411332931584,NCAA PAC 12 ,460891925751263232,9,9,105,461082030721986560,10,5916,Darrell,Henderson,LAR,RB,Active,0
460504411332931584,NCAA PAC 12 ,460891925751263232,9,10,106,76460245878456320,11,4663,Austin,Ekeler,LAC,RB,Active,2
460504411332931584,NCAA PAC 12 ,460891925751263232,9,11,107,457719269589774336,12,954,Cam,Newton,CAR,QB,Active,8
460504411332931584,NCAA PAC 12 ,460891925751263232,9,12,108,460383495076704256,7,1587,Vance,McDonald,PIT,TE,Active,6
460504411332931584,NCAA PAC 12 ,460891925751263232,10,12,109,460383495076704256,7,1067,Marvin,Jones,DET,WR,Active,7
460504411332931584,NCAA PAC 12 ,460891925751263232,10,11,110,457719269589774336,12,5886,Hakeem,Butler,ARI,WR,Active,0
460504411332931584,NCAA PAC 12 ,460891925751263232,10,10,111,76460245878456320,11,5013,Anthony,Miller,CHI,WR,Active,1
460504411332931584,NCAA PAC 12 ,460891925751263232,10,9,112,461082030721986560,10,5889,Bryce,Love,WAS,RB,Non Football Injury,0
460504411332931584,NCAA PAC 12 ,460891925751263232,10,8,113,,9,5009,Chris,Herndon IV,NYJ,TE,Suspended,1
460504411332931584,NCAA PAC 12 ,460891925751263232,10,7,114,,8,4531,Ricky,Seals-Jones,ARI,TE,Active,2
460504411332931584,NCAA PAC 12 ,460891925751263232,10,6,115,445343296378630144,6,24,Matt,Ryan,ATL,QB,Active,11
460504411332931584,NCAA PAC 12 ,460891925751263232,10,5,116,449591245241577472,5,3202,Austin,Hooper,ATL,TE,Active,3
460504411332931584,NCAA PAC 12 ,460891925751263232,10,4,117,477666723663704064,4,5086,Marquez,Valdes-Scantling,GB,WR,Active,1
460504411332931584,NCAA PAC 12 ,460891925751263232,10,3,118,328268033216749568,3,5024,James,Washington,PIT,WR,Active,1
460504411332931584,NCAA PAC 12 ,460891925751263232,10,2,119,460730537724604416,2,3503,Geronimo,Allison,GB,WR,Active,3
460504411332931584,NCAA PAC 12 ,460891925751263232,10,1,120,437465313911500800,1,5007,Keke,Coutee,HOU,WR,Active,1
460504411332931584,NCAA PAC 12 ,460891925751263232,11,1,121,437465313911500800,1,5917,Mecole,Hardman,KC,WR,Active,0
460504411332931584,NCAA PAC 12 ,460891925751263232,11,2,122,460730537724604416,2,2161,Jerick,McKinnon,SF,RB,Physically Unable to Perform,5
460504411332931584,NCAA PAC 12 ,460891925751263232,11,3,123,328268033216749568,3,3306,Jordan,Howard,PHI,RB,Active,3
460504411332931584,NCAA PAC 12 ,460891925751263232,11,4,124,477666723663704064,4,5026,Tre'Quan,Smith,NO,WR,Active,1
460504411332931584,NCAA PAC 12 ,460891925751263232,11,5,125,449591245241577472,5,5004,Ito,Smith,ATL,RB,Active,1
460504411332931584,NCAA PAC 12 ,460891925751263232,11,6,126,445343296378630144,6,1433,Brandon,McManus,DEN,K,Active,6
460504411332931584,NCAA PAC 12 ,460891925751263232,11,7,127,,8,642,Golden,Tate,NYG,WR,Active,9
460504411332931584,NCAA PAC 12 ,460891925751263232,11,8,128,,9,4038,John,Ross,CIN,WR,Active,2
460504411332931584,NCAA PAC 12 ,460891925751263232,11,9,129,461082030721986560,10,6130,Devin,Singletary,BUF,RB,Active,0
460504411332931584,NCAA PAC 12 ,460891925751263232,11,10,130,76460245878456320,11,4994,Kalen,Ballage,MIA,RB,Active,1
460504411332931584,NCAA PAC 12 ,460891925751263232,11,11,131,457719269589774336,12,1500,Jordan,Reed,WAS,TE,Active,6
460504411332931584,NCAA PAC 12 ,460891925751263232,11,12,132,460383495076704256,7,4082,Curtis,Samuel,CAR,WR,Active,2
460504411332931584,NCAA PAC 12 ,460891925751263232,12,12,133,460383495076704256,7,4111,D'Onta,Foreman,HOU,RB,Active,2
460504411332931584,NCAA PAC 12 ,460891925751263232,12,11,134,457719269589774336,12,538,Emmanuel,Sanders,DEN,WR,Active,9
460504411332931584,NCAA PAC 12 ,460891925751263232,12,10,135,76460245878456320,11,5890,Damien,Harris,NE,RB,Active,0
460504411332931584,NCAA PAC 12 ,460891925751263232,12,9,136,461082030721986560,10,5248,Gus,Edwards,BAL,RB,Active,1
460504411332931584,NCAA PAC 12 ,460891925751263232,12,8,137,,9,5845,Dwayne,Haskins,WAS,QB,Active,0
460504411332931584,NCAA PAC 12 ,460891925751263232,12,7,138,,8,JAX,Jacksonville,Jaguars,JAX,DEF,,
460504411332931584,NCAA PAC 12 ,460891925751263232,12,6,139,445343296378630144,6,5857,Noah,Fant,DEN,TE,Active,0
460504411332931584,NCAA PAC 12 ,460891925751263232,12,5,140,449591245241577472,5,5987,Alexander,Mattison,MIN,RB,Active,0
460504411332931584,NCAA PAC 12 ,460891925751263232,12,4,141,477666723663704064,4,LAR,Los Angeles,Rams,LAR,DEF,,
460504411332931584,NCAA PAC 12 ,460891925751263232,12,3,142,328268033216749568,3,5915,Andy,Isabella,ARI,WR,Active,0
460504411332931584,NCAA PAC 12 ,460891925751263232,12,2,143,460730537724604416,2,5863,JJ,Arcega-Whiteside,PHI,WR,Active,0
460504411332931584,NCAA PAC 12 ,460891925751263232,12,1,144,437465313911500800,1,6156,Benny,Snell Jr.,PIT,RB,Active,0
460504411332931584,NCAA PAC 12 ,460891925751263232,13,1,145,437465313911500800,1,5859,A.J.,Brown,TEN,WR,Active,0
460504411332931584,NCAA PAC 12 ,460891925751263232,13,2,146,460730537724604416,2,3294,Dak,Prescott,DAL,QB,Active,3
460504411332931584,NCAA PAC 12 ,460891925751263232,13,3,147,328268033216749568,3,5347,Nyheim,Hines,IND,RB,Active,1
460504411332931584,NCAA PAC 12 ,460891925751263232,13,4,148,477666723663704064,4,2431,Mike,Davis,CHI,RB,Active,4
460504411332931584,NCAA PAC 12 ,460891925751263232,13,5,149,449591245241577472,5,5250,Robert,Foster,BUF,WR,Active,1
460504411332931584,NCAA PAC 12 ,460891925751263232,13,6,150,445343296378630144,6,5046,Royce,Freeman,DEN,RB,Active,1
460504411332931584,NCAA PAC 12 ,460891925751263232,13,7,151,,8,2257,Carlos,Hyde,KC,RB,Active,5
460504411332931584,NCAA PAC 12 ,460891925751263232,13,8,152,,9,1266,Greg,Zuerlein,LAR,K,Active,7
460504411332931584,NCAA PAC 12 ,460891925751263232,13,9,153,461082030721986560,10,MIN,Minnesota,Vikings,MIN,DEF,,
460504411332931584,NCAA PAC 12 ,460891925751263232,13,10,154,76460245878456320,11,2583,Tyrell,Williams,OAK,WR,Active,4
460504411332931584,NCAA PAC 12 ,460891925751263232,13,11,155,457719269589774336,12,IND,Indianapolis,Colts,IND,DEF,,
460504411332931584,NCAA PAC 12 ,460891925751263232,13,12,156,460383495076704256,7,LAC,Los Angeles,Chargers,LAC,DEF,,
460504411332931584,NCAA PAC 12 ,460891925751263232,14,12,157,460383495076704256,7,1264,Justin,Tucker,BAL,K,Active,7
460504411332931584,NCAA PAC 12 ,460891925751263232,14,11,158,457719269589774336,12,4227,Harrison,Butker,KC,K,Active,2
460504411332931584,NCAA PAC 12 ,460891925751263232,14,10,159,76460245878456320,11,1386,Giovani,Bernard,CIN,RB,Active,6
460504411332931584,NCAA PAC 12 ,460891925751263232,14,9,160,461082030721986560,10,BAL,Baltimore,Ravens,BAL,DEF,,
460504411332931584,NCAA PAC 12 ,460891925751263232,14,8,161,,9,HOU,Houston,Texans,HOU,DEF,,
460504411332931584,NCAA PAC 12 ,460891925751263232,14,7,162,,8,6126,Irv,Smith Jr.,MIN,TE,Active,0
460504411332931584,NCAA PAC 12 ,460891925751263232,14,6,163,445343296378630144,6,788,Dion,Lewis,TEN,RB,Active,8
460504411332931584,NCAA PAC 12 ,460891925751263232,14,5,164,449591245241577472,5,5012,Mark,Andrews,BAL,TE,Active,1
460504411332931584,NCAA PAC 12 ,460891925751263232,14,4,165,477666723663704064,4,3451,Ka'imi,Fairbairn,HOU,K,Active,3
460504411332931584,NCAA PAC 12 ,460891925751263232,14,3,166,328268033216749568,3,2410,Jamison,Crowder,NYJ,WR,Active,4
460504411332931584,NCAA PAC 12 ,460891925751263232,14,2,167,460730537724604416,2,2325,Nelson,Agholor,PHI,WR,Active,4
460504411332931584,NCAA PAC 12 ,460891925751263232,14,1,168,437465313911500800,1,1346,Marquise,Goodwin,SF,WR,Active,6
460504411332931584,NCAA PAC 12 ,460891925751263232,15,1,169,437465313911500800,1,1854,Quincy,Enunwa,NYJ,WR,Active,5
460504411332931584,NCAA PAC 12 ,460891925751263232,15,2,170,460730537724604416,2,CLE,Cleveland,Browns,CLE,DEF,,
460504411332931584,NCAA PAC 12 ,460891925751263232,15,3,171,328268033216749568,3,4995,Ian,Thomas,CAR,TE,Active,1
460504411332931584,NCAA PAC 12 ,460891925751263232,15,4,172,477666723663704064,4,5107,Jaylen,Samuels,PIT,RB,Active,1
460504411332931584,NCAA PAC 12 ,460891925751263232,15,5,173,449591245241577472,5,4274,David,Moore,SEA,WR,Active,2
460504411332931584,NCAA PAC 12 ,460891925751263232,15,6,174,445343296378630144,6,2382,Duke,Johnson,CLE,RB,Active,4
460504411332931584,NCAA PAC 12 ,460891925751263232,15,7,175,,8,223,Larry,Fitzgerald,ARI,WR,Active,15
460504411332931584,NCAA PAC 12 ,460891925751263232,15,8,176,,9,TEN,Tennessee,Titans,TEN,DEF,,
460504411332931584,NCAA PAC 12 ,460891925751263232,15,9,177,461082030721986560,10,1793,Trey,Burton,CHI,TE,Active,5
460504411332931584,NCAA PAC 12 ,460891925751263232,15,10,178,76460245878456320,11,367,Jared,Cook,NO,TE,Active,10
460504411332931584,NCAA PAC 12 ,460891925751263232,15,11,179,457719269589774336,12,1329,Chris,Hogan,CAR,WR,Active,8
460504411332931584,NCAA PAC 12 ,460891925751263232,15,12,180,460383495076704256,7,2346,Devin,Funchess,IND,WR,Active,4
460504411332931584,NCAA PAC 12 ,460891925751263232,16,12,181,460383495076704256,7,4943,Sam,Darnold,NYJ,QB,Active,1
460504411332931584,NCAA PAC 12 ,460891925751263232,16,11,182,457719269589774336,12,2307,Marcus,Mariota,TEN,QB,Active,4
460504411332931584,NCAA PAC 12 ,460891925751263232,16,10,183,76460245878456320,11,SEA,Seattle,Seahawks,SEA,DEF,,
460504411332931584,NCAA PAC 12 ,460891925751263232,16,9,184,461082030721986560,10,3678,Wil,Lutz,NO,K,Active,3
460504411332931584,NCAA PAC 12 ,460891925751263232,16,8,185,,9,1987,Marqise,Lee,JAX,WR,Physically Unable to Perform,5
460504411332931584,NCAA PAC 12 ,460891925751263232,16,7,186,,8,59,Mason,Crosby,GB,K,Non Football Injury,12
460504411332931584,NCAA PAC 12 ,460891925751263232,16,6,187,445343296378630144,6,147,DeSean,Jackson,PHI,WR,Active,11
460504411332931584,NCAA PAC 12 ,460891925751263232,16,5,188,449591245241577472,5,1837,Jimmy,Garoppolo,SF,QB,Active,5
460504411332931584,NCAA PAC 12 ,460891925751263232,16,4,189,477666723663704064,4,1971,Donte,Moncrief,PIT,WR,Active,5
460504411332931584,NCAA PAC 12 ,460891925751263232,16,3,190,328268033216749568,3,1502,Chris,Thompson,WAS,RB,Active,6
460504411332931584,NCAA PAC 12 ,460891925751263232,16,2,191,460730537724604416,2,4149,Jamaal,Williams,GB,RB,Active,2
460504411332931584,NCAA PAC 12 ,460891925751263232,16,1,192,437465313911500800,1,289,Drew,Brees,NO,QB,Active,18
460504411332931584,NCAA PAC 12 ,460891925751263232,17,1,193,437465313911500800,1,943,Kyle,Rudolph,MIN,TE,Active,8
460504411332931584,NCAA PAC 12 ,460891925751263232,17,2,194,460730537724604416,2,2822,Adam,Humphries,TEN,WR,Active,4
460504411332931584,NCAA PAC 12 ,460891925751263232,17,3,195,328268033216749568,3,2319,Devante,Parker,MIA,WR,Active,4
460504411332931584,NCAA PAC 12 ,460891925751263232,17,4,196,477666723663704064,4,4455,Matt,Breida,SF,RB,Active,2
460504411332931584,NCAA PAC 12 ,460891925751263232,17,5,197,449591245241577472,5,1555,Kenny,Stills,MIA,WR,Active,6
460504411332931584,NCAA PAC 12 ,460891925751263232,17,6,198,445343296378630144,6,1166,Kirk,Cousins,MIN,QB,Active,7
460504411332931584,NCAA PAC 12 ,460891925751263232,17,7,199,,8,6007,Ryquell,Armstead,JAX,RB,Active,0
460504411332931584,NCAA PAC 12 ,460891925751263232,17,8,200,,9,1071,Mohamed,Sanu,ATL,WR,Active,7
460504411332931584,NCAA PAC 12 ,460891925751263232,17,9,201,461082030721986560,10,421,Matthew,Stafford,DET,QB,Active,10
460504411332931584,NCAA PAC 12 ,460891925751263232,17,10,202,76460245878456320,11,4998,Daesean,Hamilton,DEN,WR,Active,1
460504411332931584,NCAA PAC 12 ,460891925751263232,17,11,203,457719269589774336,12,1911,Willie,Snead,BAL,WR,Active,5
460504411332931584,NCAA PAC 12 ,460891925751263232,17,12,204,460383495076704256,7,1706,Jack,Doyle,IND,TE,Active,6
460504411332931584,NCAA PAC 12 ,460891925751263232,18,12,205,460383495076704256,7,5131,Justin,Jackson,LAC,RB,Active,1
460504411332931584,NCAA PAC 12 ,460891925751263232,18,11,206,457719269589774336,12,4080,Zay,Jones,BUF,WR,Active,2
460504411332931584,NCAA PAC 12 ,460891925751263232,18,10,207,76460245878456320,11,5000,Chase,Edmonds,ARI,RB,Active,1
460504411332931584,NCAA PAC 12 ,460891925751263232,18,9,208,461082030721986560,10,2279,Paul,Richardson,WAS,WR,Active,5
460504411332931584,NCAA PAC 12 ,460891925751263232,18,8,209,,9,120,Adam,Vinatieri,IND,K,Active,23
460504411332931584,NCAA PAC 12 ,460891925751263232,18,7,210,,8,5965,Miles,Boykin,BAL,WR,Active,0
460504411332931584,NCAA PAC 12 ,460891925751263232,18,6,211,445343296378630144,6,4984,Josh,Allen,BUF,QB,Active,1
460504411332931584,NCAA PAC 12 ,460891925751263232,18,5,212,449591245241577472,5,2399,Ty,Montgomery,NYJ,RB,Active,4
460504411332931584,NCAA PAC 12 ,460891925751263232,18,4,213,477666723663704064,4,3868,Jalen,Richard,OAK,RB,Active,3
460504411332931584,NCAA PAC 12 ,460891925751263232,18,3,214,328268033216749568,3,138,Ben,Roethlisberger,PIT,QB,Active,15
460504411332931584,NCAA PAC 12 ,460891925751263232,18,2,215,460730537724604416,2,4973,Hayden,Hurst,BAL,TE,Active,1
460504411332931584,NCAA PAC 12 ,460891925751263232,18,1,216,437465313911500800,1,4195,Jake,Elliott,PHI,K,Active,2
460504411332931584,NCAA PAC 12 ,460891925751263232,19,1,217,437465313911500800,1,NO,New Orleans,Saints,NO,DEF,,
460504411332931584,NCAA PAC 12 ,460891925751263232,19,2,218,460730537724604416,2,503,Graham,Gano,CAR,K,Active,10
460504411332931584,NCAA PAC 12 ,460891925751263232,19,3,219,328268033216749568,3,928,Randall,Cobb,DAL,WR,Active,8
460504411332931584,NCAA PAC 12 ,460891925751263232,19,4,220,477666723663704064,4,5980,Myles,Gaskin,MIA,RB,Active,0
460504411332931584,NCAA PAC 12 ,460891925751263232,19,5,221,449591245241577472,5,5873,Riley,Ridley,CHI,WR,Active,0
460504411332931584,NCAA PAC 12 ,460891925751263232,19,6,222,445343296378630144,6,DEN,Denver,Broncos,DEN,DEF,,
460504411332931584,NCAA PAC 12 ,460891925751263232,19,7,223,,8,2025,Albert,Wilson,MIA,WR,Active,5
460504411332931584,NCAA PAC 12 ,460891925751263232,19,8,224,,9,331,Philip,Rivers,LAC,QB,Active,15
460504411332931584,NCAA PAC 12 ,460891925751263232,19,9,225,461082030721986560,10,DAL,Dallas,Cowboys,DAL,DEF,,
460504411332931584,NCAA PAC 12 ,460891925751263232,19,10,226,76460245878456320,11,2306,Jameis,Winston,TB,QB,Active,4
460504411332931584,NCAA PAC 12 ,460891925751263232,19,11,227,457719269589774336,12,58,Greg,Olsen,CAR,TE,Active,12
460504411332931584,NCAA PAC 12 ,460891925751263232,19,12,228,460383495076704256,7,5310,Antonio,Callaway,CLE,WR,Active,1
460504411332931584,NCAA PAC 12 ,460891925751263232,20,12,229,460383495076704256,7,4951,D.J.,Chark,JAX,WR,Active,1
460504411332931584,NCAA PAC 12 ,460891925751263232,20,11,230,457719269589774336,12,PHI,Philadelphia,Eagles,PHI,DEF,,
460504411332931584,NCAA PAC 12 ,460891925751263232,20,10,231,76460245878456320,11,5095,Daniel,Carlson,OAK,K,Active,1
460504411332931584,NCAA PAC 12 ,460891925751263232,20,9,232,461082030721986560,10,4863,Josh,Rosen,MIA,QB,Active,1
460504411332931584,NCAA PAC 12 ,460891925751263232,20,8,233,,9,184,Adrian,Peterson,WAS,RB,Active,12
460504411332931584,NCAA PAC 12 ,460891925751263232,20,7,234,,8,CAR,Carolina,Panthers,CAR,DEF,,
460504411332931584,NCAA PAC 12 ,460891925751263232,20,6,235,445343296378630144,6,5884,Kelvin,Harmon,WAS,WR,Active,0
460504411332931584,NCAA PAC 12 ,460891925751263232,20,5,236,449591245241577472,5,BUF,Buffalo,Bills,BUF,DEF,,
460504411332931584,NCAA PAC 12 ,460891925751263232,20,4,237,477666723663704064,4,2028,Derek,Carr,OAK,QB,Active,5
460504411332931584,NCAA PAC 12 ,460891925751263232,20,3,238,328268033216749568,3,NE,New England,Patriots,NE,DEF,,
460504411332931584,NCAA PAC 12 ,460891925751263232,20,2,239,460730537724604416,2,6139,Jace,Sternberger,GB,TE,Active,0
460504411332931584,NCAA PAC 12 ,460891925751263232,20,1,240,437465313911500800,1,676,LeSean,McCoy,BUF,RB,Active,10
460504411332931584,NCAA PAC 12 ,460891925751263232,21,1,241,437465313911500800,1,1029,Nick,Foles,JAX,QB,Active,7
460504411332931584,NCAA PAC 12 ,460891925751263232,21,2,242,460730537724604416,2,PIT,Pittsburgh,Steelers,PIT,DEF,,
460504411332931584,NCAA PAC 12 ,460891925751263232,21,3,243,328268033216749568,3,5230,Michael,Badgley,LAC,K,Practice Squad,1
460504411332931584,NCAA PAC 12 ,460891925751263232,21,4,244,477666723663704064,4,5010,Will,Dissly,SEA,TE,Active,1
460504411332931584,NCAA PAC 12 ,460891925751263232,21,5,245,449591245241577472,5,1451,CJ,Anderson,DET,RB,Active,6
460504411332931584,NCAA PAC 12 ,460891925751263232,21,6,246,445343296378630144,6,4993,Mike,Gesicki,MIA,TE,Active,1
460504411332931584,NCAA PAC 12 ,460891925751263232,21,7,247,,8,899,Dan,Bailey,MIN,K,Active,8
460504411332931584,NCAA PAC 12 ,460891925751263232,21,8,248,,9,167,Tom,Brady,NE,QB,Active,19
460504411332931584,NCAA PAC 12 ,460891925751263232,21,9,249,461082030721986560,10,3594,Peyton,Barber,TB,RB,Active,3
460504411332931584,NCAA PAC 12 ,460891925751263232,21,10,250,76460245878456320,11,6159,Mike,Weber,DAL,RB,Active,0
460504411332931584,NCAA PAC 12 ,460891925751263232,21,11,251,457719269589774336,12,5101,Deon,Cain,IND,WR,Active,1
460504411332931584,NCAA PAC 12 ,460891925751263232,21,12,252,460383495076704256,7,2341,TJ,Yeldon,BUF,RB,Active,4
460504411332931584,NCAA PAC 12 ,460891925751263232,22,12,253,460383495076704256,7,2505,Darren,Waller,OAK,TE,Practice Squad,4
460504411332931584,NCAA PAC 12 ,460891925751263232,22,11,254,457719269589774336,12,17,Matt,Prater,DET,K,Active,13
460504411332931584,NCAA PAC 12 ,460891925751263232,22,10,255,76460245878456320,11,1244,Josh,Gordon,NE,WR,Active,7
460504411332931584,NCAA PAC 12 ,460891925751263232,22,9,256,461082030721986560,10,3178,Josh,Doctson,WAS,WR,Active,3
460504411332931584,NCAA PAC 12 ,460891925751263232,22,8,257,,9,ARI,Arizona,Cardinals,ARI,DEF,,
460504411332931584,NCAA PAC 12 ,460891925751263232,22,7,258,,8,1387,Rex,Burkhead,NE,RB,Active,6
460504411332931584,NCAA PAC 12 ,460891925751263232,22,6,259,445343296378630144,6,5967,Tony,Pollard,DAL,RB,Active,0
460504411332931584,NCAA PAC 12 ,460891925751263232,22,5,260,449591245241577472,5,5997,Jazz,Ferguson,SEA,WR,Active,0
460504411332931584,NCAA PAC 12 ,460891925751263232,22,4,261,477666723663704064,4,49,Robbie,Gould,SF,K,Active,14
460504411332931584,NCAA PAC 12 ,460891925751263232,22,3,262,328268033216749568,3,GB,Green Bay,Packers,GB,DEF,,
460504411332931584,NCAA PAC 12 ,460891925751263232,22,2,263,460730537724604416,2,5973,Josh,Oliver,JAX,TE,Active,0
460504411332931584,NCAA PAC 12 ,460891925751263232,22,1,264,437465313911500800,1,2238,John,Brown,BUF,WR,Active,5
460504411332931584,NCAA PAC 12 ,460891925751263232,23,1,265,437465313911500800,1,KC,Kansas City,Chiefs,KC,DEF,,
460504411332931584,NCAA PAC 12 ,460891925751263232,23,2,266,460730537724604416,2,5927,Terry,McLaurin,WAS,WR,Active,0
460504411332931584,NCAA PAC 12 ,460891925751263232,23,3,267,328268033216749568,3,1388,Tyler,Eifert,CIN,TE,Active,6
460504411332931584,NCAA PAC 12 ,460891925751263232,23,4,268,477666723663704064,4,NYJ,New York,Jets,NYJ,DEF,,
460504411332931584,NCAA PAC 12 ,460891925751263232,23,5,269,449591245241577472,5,1750,Giorgio,Tavecchio,ATL,K,Active,7
460504411332931584,NCAA PAC 12 ,460891925751263232,23,6,270,445343296378630144,6,ATL,Atlanta,Falcons,ATL,DEF,,
460504411332931584,NCAA PAC 12 ,460891925751263232,23,7,271,,8,5903,Will,Grier,CAR,QB,Active,0
460504411332931584,NCAA PAC 12 ,460891925751263232,23,8,272,,9,775,Steven,Hauschka,BUF,K,Active,11
460504411332931584,NCAA PAC 12 ,460891925751263232,23,9,273,461082030721986560,10,5323,Equanimeous,St. Brown,GB,WR,Active,1
460504411332931584,NCAA PAC 12 ,460891925751263232,23,10,274,76460245878456320,11,5870,Daniel,Jones,NYG,QB,Active,0
460504411332931584,NCAA PAC 12 ,460891925751263232,23,11,275,457719269589774336,12,5854,Drew,Lock,DEN,QB,Active,0
460504411332931584,NCAA PAC 12 ,460891925751263232,23,12,276,460383495076704256,7,6002,Qadree,Ollison,ATL,RB,Active,0
460504411332931584,NCAA PAC 12 ,460891925751263232,24,12,277,460383495076704256,7,5955,Hunter,Renfrow,OAK,WR,Active,0
460504411332931584,NCAA PAC 12 ,460891925751263232,24,11,278,457719269589774336,12,DET,Detroit,Lions,DET,DEF,,
460504411332931584,NCAA PAC 12 ,460891925751263232,24,10,279,76460245878456320,11,1195,Doug,Martin,OAK,RB,Active,7
460504411332931584,NCAA PAC 12 ,460891925751263232,24,9,280,461082030721986560,10,560,Demaryius,Thomas,NE,WR,Physically Unable to Perform,9
460504411332931584,NCAA PAC 12 ,460891925751263232,24,8,281,,9,4125,Taywan,Taylor,TEN,WR,Active,2
460504411332931584,NCAA PAC 12 ,460891925751263232,24,7,282,,8,6045,Gary,Jennings Jr.,SEA,WR,Active,0
460504411332931584,NCAA PAC 12 ,460891925751263232,24,6,283,445343296378630144,6,SF,San Francisco,49ers,SF,DEF,,
460504411332931584,NCAA PAC 12 ,460891925751263232,24,5,284,449591245241577472,5,2821,Jake,Kumerow,GB,WR,Active,4
460504411332931584,NCAA PAC 12 ,460891925751263232,24,4,285,477666723663704064,4,2588,Malcolm,Brown,LAR,RB,Active,4
460504411332931584,NCAA PAC 12 ,460891925751263232,24,3,286,328268033216749568,3,1903,Taylor,Gabriel,CHI,WR,Active,5
460504411332931584,NCAA PAC 12 ,460891925751263232,24,2,287,460730537724604416,2,6144,Trayveon,Williams,CIN,RB,Active,0
460504411332931584,NCAA PAC 12 ,460891925751263232,24,1,288,437465313911500800,1,3208,Kenneth,Dixon,BAL,RB,Active,3
460504411332931584,NCAA PAC 12 ,460891925751263232,25,1,289,437465313911500800,1,3827,Aldrick,Rosas,NYG,K,Active,3
460504411332931584,NCAA PAC 12 ,460891925751263232,25,2,290,460730537724604416,2,5918,Rodney,Anderson,CIN,RB,Non Football Injury,0
460504411332931584,NCAA PAC 12 ,460891925751263232,25,3,291,328268033216749568,3,2460,CJ,Uzomah,CIN,TE,Active,4
460504411332931584,NCAA PAC 12 ,460891925751263232,25,4,292,477666723663704064,4,2334,Phillip,Dorsett,NE,WR,Active,4
460504411332931584,NCAA PAC 12 ,460891925751263232,25,5,293,449591245241577472,5,6031,Alex,Barnes,TEN,RB,Active,0
460504411332931584,NCAA PAC 12 ,460891925751263232,25,6,294,445343296378630144,6,4958,Brett,Maher,DAL,K,Active,6
460504411332931584,NCAA PAC 12 ,460891925751263232,25,7,295,,8,6047,Dillon,Mitchell,MIN,WR,Active,0
460504411332931584,NCAA PAC 12 ,460891925751263232,25,8,296,,9,2242,Chandler,Catanzaro,NYJ,K,Active,5
460504411332931584,NCAA PAC 12 ,460891925751263232,25,9,297,461082030721986560,10,4089,Gerald,Everett,LAR,TE,Active,2
460504411332931584,NCAA PAC 12 ,460891925751263232,25,10,298,76460245878456320,11,4171,Josh,Reynolds,LAR,WR,Active,2
460504411332931584,NCAA PAC 12 ,460891925751263232,25,11,299,457719269589774336,12,3155,Laquon,Treadwell,MIN,WR,Active,3
460504411332931584,NCAA PAC 12 ,460891925751263232,25,12,300,460383495076704256,7,6178,Darwin,Thompson,KC,RB,Active,0
460504411332931584,NCAA PAC 12 ,460891925751263232,26,12,301,460383495076704256,7,3297,Tajae,Sharpe,TEN,WR,Active,3
460504411332931584,NCAA PAC 12 ,460891925751263232,26,11,302,457719269589774336,12,2381,Chris,Conley,JAX,WR,Active,4
460504411332931584,NCAA PAC 12 ,460891925751263232,26,10,303,76460245878456320,11,MIA,Miami,Dolphins,MIA,DEF,,
460504411332931584,NCAA PAC 12 ,460891925751263232,26,9,304,461082030721986560,10,2699,Cameron,Meredith,NO,WR,Active,4
460504411332931584,NCAA PAC 12 ,460891925751263232,26,8,305,,9,695,Ted,Ginn,NO,WR,Active,12
460504411332931584,NCAA PAC 12 ,460891925751263232,26,7,306,,8,491,Danny,Amendola,DET,WR,Active,11
460504411332931584,NCAA PAC 12 ,460891925751263232,26,6,307,445343296378630144,6,2152,Teddy,Bridgewater,NO,QB,Active,5
460504411332931584,NCAA PAC 12 ,460891925751263232,26,5,308,449591245241577472,5,NYG,New York,Giants,NYG,DEF,,
460504411332931584,NCAA PAC 12 ,460891925751263232,26,4,309,477666723663704064,4,TB,Tampa Bay,Buccaneers,TB,DEF,,
460504411332931584,NCAA PAC 12 ,460891925751263232,26,3,310,328268033216749568,3,1517,Theo,Riddick,,RB,Inactive,6
460504411332931584,NCAA PAC 12 ,460891925751263232,26,2,311,460730537724604416,2,4263,Elijah,McGuire,NYJ,RB,Active,2
460504411332931584,NCAA PAC 12 ,460891925751263232,26,1,312,437465313911500800,1,5937,Diontae,Johnson,PIT,WR,Active,0
460504411332931584,NCAA PAC 12 ,460891925751263232,27,1,313,437465313911500800,1,6001,Drew,Sample,CIN,TE,Active,0
460504411332931584,NCAA PAC 12 ,460891925751263232,27,2,314,460730537724604416,2,333,Ryan,Fitzpatrick,MIA,QB,Active,14
460504411332931584,NCAA PAC 12 ,460891925751263232,27,3,315,328268033216749568,3,5136,Josh,Adams,PHI,RB,Active,1
460504411332931584,NCAA PAC 12 ,460891925751263232,27,4,316,477666723663704064,4,246,Darren,Sproles,PHI,RB,Active,14
460504411332931584,NCAA PAC 12 ,460891925751263232,27,5,317,449591245241577472,5,6012,Travis,Homer,SEA,RB,Active,0
460504411332931584,NCAA PAC 12 ,460891925751263232,27,6,318,445343296378630144,6,CIN,Cincinnati,Bengals,CIN,DEF,,
460504411332931584,NCAA PAC 12 ,460891925751263232,27,7,319,,8,284,Delanie,Walker,TEN,TE,Active,13
460504411332931584,NCAA PAC 12 ,460891925751263232,27,8,320,,9,WAS,Washington,Redskins,WAS,DEF,,
460504411332931584,NCAA PAC 12 ,460891925751263232,27,9,321,461082030721986560,10,2452,Jay,Ajayi,,RB,Inactive,4
460504411332931584,NCAA PAC 12 ,460891925751263232,27,10,322,76460245878456320,11,391,Ryan,Succop,TEN,K,Active,10
460504411332931584,NCAA PAC 12 ,460891925751263232,27,11,323,457719269589774336,12,829,Andy,Dalton,CIN,QB,Active,8
460504411332931584,NCAA PAC 12 ,460891925751263232,27,12,324,460383495076704256,7,5139,Trey,Quinn,WAS,WR,Active,1
460504411332931584,NCAA PAC 12 ,460891925751263232,28,12,325,460383495076704256,7,6246,Jeremy,Cox,LAC,RB,Active,0
460504411332931584,NCAA PAC 12 ,460891925751263232,28,11,326,457719269589774336,12,5919,Elijah,Holyfield,CAR,RB,Active,0
460504411332931584,NCAA PAC 12 ,460891925751263232,28,10,327,76460245878456320,11,2004,Cody,Latimer,NYG,WR,Active,5
460504411332931584,NCAA PAC 12 ,460891925751263232,28,9,328,461082030721986560,10,4150,Wayne,Gallman,NYG,RB,Active,2
460504411332931584,NCAA PAC 12 ,460891925751263232,28,8,329,,9,1049,Ryan,Tannehill,TEN,QB,Active,7
460504411332931584,NCAA PAC 12 ,460891925751263232,28,7,330,,8,616,Jimmy,Graham,GB,TE,Active,9
460504411332931584,NCAA PAC 12 ,460891925751263232,28,6,331,445343296378630144,6,2747,Jason,Myers,SEA,K,Active,4
460504411332931584,NCAA PAC 12 ,460891925751263232,28,5,332,449591245241577472,5,6149,Darius,Slayton,NYG,WR,Active,0
460504411332931584,NCAA PAC 12 ,460891925751263232,28,4,333,477666723663704064,4,1901,Isaiah,Crowell,OAK,RB,Injured Reserve,5
460504411332931584,NCAA PAC 12 ,460891925751263232,28,3,334,328268033216749568,3,4651,Corey,Clement,PHI,RB,Active,2
460504411332931584,NCAA PAC 12 ,460891925751263232,28,2,335,460730537724604416,2,3328,Rashard,Higgins,CLE,WR,Active,3
460504411332931584,NCAA PAC 12 ,460891925751263232,28,1,336,437465313911500800,1,6167,Jordan,Scarlett,CAR,RB,Active,0
460504411332931584,NCAA PAC 12 ,460891925751263232,29,1,337,437465313911500800,1,5962,Keesean,Johnson,ARI,WR,Active,0
460504411332931584,NCAA PAC 12 ,460891925751263232,29,2,338,460730537724604416,2,3582,Chester,Rogers,IND,WR,Active,3
460504411332931584,NCAA PAC 12 ,460891925751263232,29,3,339,328268033216749568,3,5272,Greg,Joseph,CLE,K,Active,1
460504411332931584,NCAA PAC 12 ,460891925751263232,29,4,340,477666723663704064,4,4054,Mo,Alie-Cox,IND,TE,Active,2
460504411332931584,NCAA PAC 12 ,460891925751263232,29,5,341,449591245241577472,5,5119,Jason,Sanders,MIA,K,Active,1
460504411332931584,NCAA PAC 12 ,460891925751263232,29,6,342,445343296378630144,6,OAK,Oakland,Raiders,OAK,DEF,,
460504411332931584,NCAA PAC 12 ,460891925751263232,29,7,343,,8,3204,CJ,Prosise,SEA,RB,Active,3
460504411332931584,NCAA PAC 12 ,460891925751263232,29,8,344,,9,4997,Mark,Walton,MIA,RB,Active,1
460504411332931584,NCAA PAC 12 ,460891925751263232,29,9,345,461082030721986560,10,5112,Bo,Scarbrough,SEA,RB,Practice Squad,1
460504411332931584,NCAA PAC 12 ,460891925751263232,29,10,346,76460245878456320,11,2331,Breshad,Perriman,TB,WR,Active,4
460504411332931584,NCAA PAC 12 ,460891925751263232,29,11,347,457719269589774336,12,2312,Kevin,White,ARI,WR,Active,4
460504411332931584,NCAA PAC 12 ,460891925751263232,29,12,348,460383495076704256,7,5906,Dawson,Knox,BUF,TE,Active,0
460504411332931584,NCAA PAC 12 ,460891925751263232,30,12,349,460383495076704256,7,4381,Taysom,Hill,NO,QB,Active,2
460504411332931584,NCAA PAC 12 ,460891925751263232,30,11,350,457719269589774336,12,5117,Jordan,Thomas,HOU,TE,Active,1
460504411332931584,NCAA PAC 12 ,460891925751263232,30,10,351,76460245878456320,11,3300,Deandre,Washington,OAK,RB,Active,3
460504411332931584,NCAA PAC 12 ,460891925751263232,30,9,352,461082030721986560,10,1077,Travis,Benjamin,LAC,WR,Active,7
460504411332931584,NCAA PAC 12 ,460891925751263232,30,8,353,,9,19,Joe,Flacco,DEN,QB,Active,11
460504411332931584,NCAA PAC 12 ,460891925751263232,30,7,354,,8,4972,Mason,Rudolph,PIT,QB,Active,1
460504411332931584,NCAA PAC 12 ,460891925751263232,30,6,355,445343296378630144,6,4144,Jonnu,Smith,TEN,TE,Physically Unable to Perform,2
460504411332931584,NCAA PAC 12 ,460891925751263232,30,5,356,449591245241577472,5,2495,Nick,O'Leary,MIA,TE,Active,4
460504411332931584,NCAA PAC 12 ,460891925751263232,30,4,357,477666723663704064,4,6068,Devine,Ozigbo,NO,RB,Active,0
460504411332931584,NCAA PAC 12 ,460891925751263232,30,3,358,328268033216749568,3,5100,Jordan,Wilkins,IND,RB,Active,1
460504411332931584,NCAA PAC 12 ,460891925751263232,30,2,359,460730537724604416,2,6153,Dexter,Williams,GB,RB,Active,0
460504411332931584,NCAA PAC 12 ,460891925751263232,30,1,360,437465313911500800,1,6164,Kahale,Warring,HOU,TE,Non Football Injury,0
460504411332931584,NCAA PAC 12 ,460891925751263232,31,1,361,437465313911500800,1,6136,Jarrett,Stidham,NE,QB,Active,0
460504411332931584,NCAA PAC 12 ,460891925751263232,31,2,362,460730537724604416,2,6059,Travis,Fulgham,DET,WR,Active,0
460504411332931584,NCAA PAC 12 ,460891925751263232,31,3,363,328268033216749568,3,4026,Deshone,Kizer,GB,QB,Active,2
460504411332931584,NCAA PAC 12 ,460891925751263232,31,4,364,477666723663704064,4,6169,James,Williams,,RB,Inactive,0
460504411332931584,NCAA PAC 12 ,460891925751263232,31,5,365,449591245241577472,5,6298,Chandler,Cox,MIA,RB,Active,0
460504411332931584,NCAA PAC 12 ,460891925751263232,31,6,366,445343296378630144,6,5885,Ryan,Finley,CIN,QB,Active,0
460504411332931584,NCAA PAC 12 ,460891925751263232,31,7,367,,8,3278,Pharoh,Cooper,ARI,WR,Active,3
460504411332931584,NCAA PAC 12 ,460891925751263232,31,8,368,,9,2944,Matt,LaCosse,NE,TE,Active,4
460504411332931584,NCAA PAC 12 ,460891925751263232,31,9,369,461082030721986560,10,1979,Blake,Bortles,LAR,QB,Active,5
460504411332931584,NCAA PAC 12 ,460891925751263232,31,10,370,76460245878456320,11,1567,Tavon,Austin,DAL,RB,Active,6
460504411332931584,NCAA PAC 12 ,460891925751263232,31,11,371,457719269589774336,12,515,Rob,Gronkowski,,TE,Inactive,9
460504411332931584,NCAA PAC 12 ,460891925751263232,31,12,372,460383495076704256,7,6072,Bruce,Anderson,TB,RB,Active,0
460504411332931584,NCAA PAC 12 ,460504413044207616,1,1,1,328268033216749568,3,4866,Saquon,Barkley,NYG,RB,Active,1
460504411332931584,NCAA PAC 12 ,460504413044207616,1,2,2,477666723663704064,4,4035,Alvin,Kamara,NO,RB,Active,2
460504411332931584,NCAA PAC 12 ,460504413044207616,1,3,3,449591245241577472,5,4034,Christian,McCaffrey,CAR,RB,Active,2
460504411332931584,NCAA PAC 12 ,460504413044207616,1,4,4,445343296378630144,6,3164,Ezekiel,Elliott,DAL,RB,Did Not Report,3
460504411332931584,NCAA PAC 12 ,460504413044207616,1,5,5,437465313911500800,1,1426,DeAndre,Hopkins,HOU,WR,Active,6
460504411332931584,NCAA PAC 12 ,460504413044207616,1,6,6,458174615361941504,8,2133,Davante,Adams,GB,WR,Active,5
460504411332931584,NCAA PAC 12 ,460504413044207616,1,7,7,460865958374797312,9,2078,Odell,Beckham Jr,CLE,WR,Active,5
460504411332931584,NCAA PAC 12 ,460504413044207616,1,8,8,461082030721986560,10,4040,JuJu,Smith-Schuster,PIT,WR,Active,2
460505032731652096,NCAA SEC,460505033973166080,1,1,1,457957045534978048,3,4035,Alvin,Kamara,NO,RB,Active,2
460505032731652096,NCAA SEC,460505033973166080,1,2,2,441458152391569408,1,4034,Christian,McCaffrey,CAR,RB,Active,2
460505032731652096,NCAA SEC,460505033973166080,1,3,3,473596673050800128,2,4866,Saquon,Barkley,NYG,RB,Active,1
460505032731652096,NCAA SEC,460505033973166080,1,4,4,446524535810813952,4,3164,Ezekiel,Elliott,DAL,RB,Did Not Report,3
460505032731652096,NCAA SEC,460505033973166080,1,5,5,442366201536966656,5,1426,DeAndre,Hopkins,HOU,WR,Active,6
460505032731652096,NCAA SEC,460505033973166080,1,6,6,466850678816370688,6,2320,Melvin,Gordon,LAC,RB,Did Not Report,4
460505032731652096,NCAA SEC,460505033973166080,1,7,7,461680102409760768,7,2391,David,Johnson,ARI,RB,Active,4
460505032731652096,NCAA SEC,460505033973166080,1,8,8,460383495076704256,8,2078,Odell,Beckham Jr,CLE,WR,Active,5
460505032731652096,NCAA SEC,460505033973166080,1,9,9,503639845369802752,9,2133,Davante,Adams,GB,WR,Active,5
460505032731652096,NCAA SEC,460505033973166080,1,10,10,446782746484797440,10,3199,Michael,Thomas,NO,WR,Did Not Report,3
460505032731652096,NCAA SEC,460505033973166080,1,11,11,447199868746723328,11,4040,JuJu,Smith-Schuster,PIT,WR,Active,2
460505032731652096,NCAA SEC,460505033973166080,1,12,12,466015782229241856,12,947,Julio,Jones,ATL,WR,Active,8
460505032731652096,NCAA SEC,460505033973166080,2,12,13,466015782229241856,12,4988,Nick,Chubb,CLE,RB,Active,1
460505032731652096,NCAA SEC,460505033973166080,2,11,14,447199868746723328,11,1408,Le'Veon,Bell,NYJ,RB,Active,6
460505032731652096,NCAA SEC,460505033973166080,2,10,15,446782746484797440,10,4018,Joe,Mixon,CIN,RB,Active,2
460505032731652096,NCAA SEC,460505033973166080,2,9,16,503639845369802752,9,4137,James,Conner,PIT,RB,Active,2
460505032731652096,NCAA SEC,460505033973166080,2,8,17,460383495076704256,8,2315,Todd,Gurley,LAR,RB,Active,4
460505032731652096,NCAA SEC,460505033973166080,2,7,18,461680102409760768,7,2216,Mike,Evans,TB,WR,Active,5
460505032731652096,NCAA SEC,460505033973166080,2,6,19,466850678816370688,6,1466,Travis,Kelce,KC,TE,Active,6
460505032731652096,NCAA SEC,460505033973166080,2,5,20,442366201536966656,5,4029,Dalvin,Cook,MIN,RB,Active,2
460505032731652096,NCAA SEC,460505033973166080,2,4,21,446524535810813952,4,4046,Patrick,Mahomes,KC,QB,Active,2
460505032731652096,NCAA SEC,460505033973166080,2,3,22,473596673050800128,2,2309,Amari,Cooper,DAL,WR,Active,4
460505032731652096,NCAA SEC,460505033973166080,2,2,23,441458152391569408,1,536,Antonio,Brown,OAK,WR,Non Football Injury,9
460505032731652096,NCAA SEC,460505033973166080,2,1,24,457957045534978048,3,4017,Deshaun,Watson,HOU,QB,Active,2
460505032731652096,NCAA SEC,460505033973166080,3,1,25,457957045534978048,3,1689,Adam,Thielen,MIN,WR,Active,6
460505032731652096,NCAA SEC,460505033973166080,3,2,26,441458152391569408,1,4098,Kareem,Hunt,CLE,RB,Non Football Injury,2
460505032731652096,NCAA SEC,460505033973166080,3,3,27,473596673050800128,2,3198,Derrick,Henry,TEN,RB,Active,3
460505032731652096,NCAA SEC,460505033973166080,3,4,28,446524535810813952,4,2449,Stefon,Diggs,MIN,WR,Active,4
460505032731652096,NCAA SEC,460505033973166080,3,5,29,442366201536966656,5,3321,Tyreek,Hill,KC,WR,Active,3
460505032731652096,NCAA SEC,460505033973166080,3,6,30,466850678816370688,6,1479,Keenan,Allen,LAC,WR,Active,6
460505032731652096,NCAA SEC,460505033973166080,3,7,31,461680102409760768,7,4131,Kenny,Golladay,DET,WR,Active,2
460505032731652096,NCAA SEC,460505033973166080,3,8,32,460383495076704256,8,5068,Kerryon,Johnson,DET,RB,Active,1
460505032731652096,NCAA SEC,460505033973166080,3,9,33,503639845369802752,9,1339,Zach,Ertz,PHI,TE,Active,6
460505032731652096,NCAA SEC,460505033973166080,3,10,34,446782746484797440,10,1110,T.Y.,Hilton,IND,WR,Active,7
460505032731652096,NCAA SEC,460505033973166080,3,11,35,447199868746723328,11,4152,Marlon,Mack,IND,RB,Active,2
460505032731652096,NCAA SEC,460505033973166080,3,12,36,466015782229241856,12,2197,Brandin,Cooks,LAR,WR,Active,5
460505032731652096,NCAA SEC,460505033973166080,4,12,37,466015782229241856,12,830,AJ,Green,CIN,WR,Active,8
460505032731652096,NCAA SEC,460505033973166080,4,11,38,447199868746723328,11,4217,George,Kittle,SF,TE,Active,2
460505032731652096,NCAA SEC,460505033973166080,4,10,39,446782746484797440,10,4037,Chris,Godwin,TB,WR,Active,2
460505032731652096,NCAA SEC,460505033973166080,4,9,40,503639845369802752,9,3969,Leonard,Fournette,JAX,RB,Active,2
460505032731652096,NCAA SEC,460505033973166080,4,8,41,460383495076704256,8,4962,Sony,Michel,NE,RB,Physically Unable to Perform,1
460505032731652096,NCAA SEC,460505033973166080,4,7,42,461680102409760768,7,5850,Josh,Jacobs,OAK,RB,Active,0
460505032731652096,NCAA SEC,460505033973166080,4,6,43,466850678816370688,6,5892,David,Montgomery,CHI,RB,Active,0
460505032731652096,NCAA SEC,460505033973166080,4,5,44,442366201536966656,5,4199,Aaron,Jones,GB,RB,Active,2
460505032731652096,NCAA SEC,460505033973166080,4,4,45,446524535810813952,4,4983,D.J.,Moore,CAR,WR,Active,1
460505032731652096,NCAA SEC,460505033973166080,4,3,46,473596673050800128,2,4055,OJ,Howard,TB,TE,Active,2
460505032731652096,NCAA SEC,460505033973166080,4,2,47,441458152391569408,1,4892,Baker,Mayfield,CLE,QB,Active,1
460505032731652096,NCAA SEC,460505033973166080,4,1,48,457957045534978048,3,5170,Phillip,Lindsay,DEN,RB,Active,1
460505032731652096,NCAA SEC,460505033973166080,5,1,49,457957045534978048,3,4981,Calvin,Ridley,ATL,WR,Active,1
460505032731652096,NCAA SEC,460505033973166080,5,2,50,441458152391569408,1,3214,Hunter,Henry,LAC,TE,Active,3
460505032731652096,NCAA SEC,460505033973166080,5,3,51,473596673050800128,2,5846,D.K.,Metcalf,SEA,WR,Active,0
460505032731652096,NCAA SEC,460505033973166080,5,4,52,446524535810813952,4,5878,N'Keal,Harry,NE,WR,Active,0
460505032731652096,NCAA SEC,460505033973166080,5,5,53,442366201536966656,5,1352,Robert,Woods,LAR,WR,Active,6
460505032731652096,NCAA SEC,460505033973166080,5,6,54,466850678816370688,6,2374,Tyler,Lockett,SEA,WR,Active,4
460505032731652096,NCAA SEC,460505033973166080,5,7,55,461680102409760768,7,2118,Eric,Ebron,IND,TE,Active,5
460505032731652096,NCAA SEC,460505033973166080,5,8,56,460383495076704256,8,1992,Allen,Robinson,CHI,WR,Active,5
460505032731652096,NCAA SEC,460505033973166080,5,9,57,503639845369802752,9,4068,Mike,Williams,LAC,WR,Active,2
460505032731652096,NCAA SEC,460505033973166080,5,10,58,446782746484797440,10,1111,Andrew,Luck,IND,QB,Active,7
460505032731652096,NCAA SEC,460505033973166080,5,11,59,447199868746723328,11,1825,Jarvis,Landry,CLE,WR,Active,5
460505032731652096,NCAA SEC,460505033973166080,5,12,60,466015782229241856,12,4949,Derrius,Guice,WAS,RB,Active,1
460505032731652096,NCAA SEC,460505033973166080,6,12,61,466015782229241856,12,4039,Cooper,Kupp,LAR,WR,Active,2
460505032731652096,NCAA SEC,460505033973166080,6,11,62,447199868746723328,11,956,Mark,Ingram,BAL,RB,Active,8
460505032731652096,NCAA SEC,460505033973166080,6,10,63,446782746484797440,10,4066,Evan,Engram,NYG,TE,Active,2
460505032731652096,NCAA SEC,460505033973166080,6,9,64,503639845369802752,9,2168,Devonta,Freeman,ATL,RB,Active,5
460505032731652096,NCAA SEC,460505033973166080,6,8,65,460383495076704256,8,4033,David,Njoku,CLE,TE,Active,2
460505032731652096,NCAA SEC,460505033973166080,6,7,66,461680102409760768,7,3225,Tyler,Boyd,CIN,WR,Active,3
460505032731652096,NCAA SEC,460505033973166080,6,6,67,466850678816370688,6,4992,Dante,Pettis,SF,WR,Active,1
460505032731652096,NCAA SEC,460505033973166080,6,5,68,442366201536966656,5,1149,Alshon,Jeffery,PHI,WR,Active,7
460505032731652096,NCAA SEC,460505033973166080,6,4,69,446524535810813952,4,4950,Christian,Kirk,ARI,WR,Active,1
460505032731652096,NCAA SEC,460505033973166080,6,3,70,473596673050800128,2,4157,Tarik,Cohen,CHI,RB,Active,2
460505032731652096,NCAA SEC,460505033973166080,6,2,71,441458152391569408,1,3242,Kenyan,Drake,MIA,RB,Active,3
460505032731652096,NCAA SEC,460505033973166080,6,1,72,457957045534978048,3,367,Jared,Cook,NO,TE,Active,10
460505032731652096,NCAA SEC,460505033973166080,7,1,73,457957045534978048,3,5859,A.J.,Brown,TEN,WR,Active,0
460505032731652096,NCAA SEC,460505033973166080,7,2,74,441458152391569408,1,3200,Sterling,Shepard,NYG,WR,Active,3
460505032731652096,NCAA SEC,460505033973166080,7,3,75,473596673050800128,2,5849,Kyler,Murray,ARI,QB,Active,0
460505032731652096,NCAA SEC,460505033973166080,7,4,76,446524535810813952,4,6151,Miles,Sanders,PHI,RB,Active,0
460505032731652096,NCAA SEC,460505033973166080,7,5,77,442366201536966656,5,1833,Damien,Williams,KC,RB,Active,5
460505032731652096,NCAA SEC,460505033973166080,7,6,78,466850678816370688,6,4985,Rashaad,Penny,SEA,RB,Active,1
460505032731652096,NCAA SEC,460505033973166080,7,7,79,461680102409760768,7,5046,Royce,Freeman,DEN,RB,Active,1
460505032731652096,NCAA SEC,460505033973166080,7,8,80,460383495076704256,8,1817,Sammy,Watkins,KC,WR,Active,5
460505032731652096,NCAA SEC,460505033973166080,7,9,81,503639845369802752,9,4273,Chris,Carson,SEA,RB,Active,2
460505032731652096,NCAA SEC,460505033973166080,7,10,82,446782746484797440,10,5045,Courtland,Sutton,DEN,WR,Active,1
460505032731652096,NCAA SEC,460505033973166080,7,11,83,447199868746723328,11,344,Julian,Edelman,NE,WR,Non Football Injury,10
460505032731652096,NCAA SEC,460505033973166080,7,12,84,466015782229241856,12,96,Aaron,Rodgers,GB,QB,Active,14
460505032731652096,NCAA SEC,460505033973166080,8,12,85,466015782229241856,12,2378,Tevin,Coleman,SF,RB,Active,4
460505032731652096,NCAA SEC,460505033973166080,8,11,86,447199868746723328,11,2161,Jerick,McKinnon,SF,RB,Physically Unable to Perform,5
460505032731652096,NCAA SEC,460505033973166080,8,10,87,446782746484797440,10,1048,Lamar,Miller,HOU,RB,Active,7
460505032731652096,NCAA SEC,460505033973166080,8,9,88,503639845369802752,9,4146,Dede,Westbrook,JAX,WR,Active,2
460505032731652096,NCAA SEC,460505033973166080,8,8,89,460383495076704256,8,5872,Deebo,Samuel,SF,WR,Active,0
460505032731652096,NCAA SEC,460505033973166080,8,7,90,461680102409760768,7,5917,Mecole,Hardman,KC,WR,Active,0
460505032731652096,NCAA SEC,460505033973166080,8,6,91,466850678816370688,6,4111,D'Onta,Foreman,HOU,RB,Active,2
460505032731652096,NCAA SEC,460505033973166080,8,5,92,442366201536966656,5,3423,Robby,Anderson,NYJ,WR,Active,3
460505032731652096,NCAA SEC,460505033973166080,8,4,93,446524535810813952,4,5038,Michael,Gallup,DAL,WR,Active,1
460505032731652096,NCAA SEC,460505033973166080,8,3,94,473596673050800128,2,4036,Corey,Davis,TEN,WR,Active,2
460505032731652096,NCAA SEC,460505033973166080,8,2,95,441458152391569408,1,4984,Josh,Allen,BUF,QB,Active,1
460505032731652096,NCAA SEC,460505033973166080,8,1,96,457957045534978048,3,1234,Russell,Wilson,SEA,QB,Active,7
460505032731652096,NCAA SEC,460505033973166080,9,1,97,457957045534978048,3,1793,Trey,Burton,CHI,TE,Active,5
460505032731652096,NCAA SEC,460505033973166080,9,2,98,441458152391569408,1,223,Larry,Fitzgerald,ARI,WR,Active,15
460505032731652096,NCAA SEC,460505033973166080,9,3,99,473596673050800128,2,1848,James,White,NE,RB,Active,5
460505032731652096,NCAA SEC,460505033973166080,9,4,100,446524535810813952,4,3163,Jared,Goff,LAR,QB,Active,3
460505032731652096,NCAA SEC,460505033973166080,9,5,101,442366201536966656,5,5052,Ronald,Jones II,TB,RB,Active,1
460505032731652096,NCAA SEC,460505033973166080,9,6,102,466850678816370688,6,3503,Geronimo,Allison,GB,WR,Active,3
460505032731652096,NCAA SEC,460505033973166080,9,7,103,461680102409760768,7,5987,Alexander,Mattison,MIN,RB,Active,0
460505032731652096,NCAA SEC,460505033973166080,9,8,104,460383495076704256,8,954,Cam,Newton,CAR,QB,Active,8
460505032731652096,NCAA SEC,460505033973166080,9,9,105,503639845369802752,9,3157,Will,Fuller,HOU,WR,Active,3
460505032731652096,NCAA SEC,460505033973166080,9,10,106,446782746484797440,10,5848,Marquise,Brown,BAL,WR,Non Football Injury,0
460505032731652096,NCAA SEC,460505033973166080,9,11,107,447199868746723328,11,4881,Lamar,Jackson,BAL,QB,Active,1
460505032731652096,NCAA SEC,460505033973166080,9,12,108,466015782229241856,12,5844,T.J.,Hockenson,DET,TE,Active,0
460505032731652096,NCAA SEC,460505033973166080,10,12,109,466015782229241856,12,CHI,Chicago,Bears,CHI,DEF,,
460505032731652096,NCAA SEC,460505033973166080,10,11,110,447199868746723328,11,5916,Darrell,Henderson,LAR,RB,Active,0
460505032731652096,NCAA SEC,460505033973166080,10,10,111,446782746484797440,10,4663,Austin,Ekeler,LAC,RB,Active,2
460505032731652096,NCAA SEC,460505033973166080,10,9,112,503639845369802752,9,3161,Carson,Wentz,PHI,QB,Active,3
460505032731652096,NCAA SEC,460505033973166080,10,8,113,460383495076704256,8,5886,Hakeem,Butler,ARI,WR,Active,0
460505032731652096,NCAA SEC,460505033973166080,10,7,114,461680102409760768,7,5086,Marquez,Valdes-Scantling,GB,WR,Active,1
460505032731652096,NCAA SEC,460505033973166080,10,6,115,466850678816370688,6,3294,Dak,Prescott,DAL,QB,Active,3
460505032731652096,NCAA SEC,460505033973166080,10,5,116,442366201536966656,5,3306,Jordan,Howard,PHI,RB,Active,3
460505032731652096,NCAA SEC,460505033973166080,10,4,117,446524535810813952,4,5857,Noah,Fant,DEN,TE,Active,0
460505032731652096,NCAA SEC,460505033973166080,10,3,118,473596673050800128,2,6130,Devin,Singletary,BUF,RB,Active,0
460505032731652096,NCAA SEC,460505033973166080,10,2,119,441458152391569408,1,4038,John,Ross,CIN,WR,Active,2
460505032731652096,NCAA SEC,460505033973166080,10,1,120,457957045534978048,3,5007,Keke,Coutee,HOU,WR,Active,1
460505032731652096,NCAA SEC,460505033973166080,11,1,121,457957045534978048,3,5004,Ito,Smith,ATL,RB,Active,1
460505032731652096,NCAA SEC,460505033973166080,11,2,122,441458152391569408,1,4973,Hayden,Hurst,BAL,TE,Active,1
460505032731652096,NCAA SEC,460505033973166080,11,3,123,473596673050800128,2,5915,Andy,Isabella,ARI,WR,Active,0
460505032731652096,NCAA SEC,460505033973166080,11,4,124,446524535810813952,4,2382,Duke,Johnson,CLE,RB,Active,4
460505032731652096,NCAA SEC,460505033973166080,11,5,125,442366201536966656,5,24,Matt,Ryan,ATL,QB,Active,11
460505032731652096,NCAA SEC,460505033973166080,11,6,126,466850678816370688,6,4082,Curtis,Samuel,CAR,WR,Active,2
460505032731652096,NCAA SEC,460505033973166080,11,7,127,461680102409760768,7,3976,Mitch,Trubisky,CHI,QB,Active,2
460505032731652096,NCAA SEC,460505033973166080,11,8,128,460383495076704256,8,5250,Robert,Foster,BUF,WR,Active,1
460505032731652096,NCAA SEC,460505033973166080,11,9,129,503639845369802752,9,138,Ben,Roethlisberger,PIT,QB,Active,15
460505032731652096,NCAA SEC,460505033973166080,11,10,130,446782746484797440,10,5880,Parris,Campbell,IND,WR,Active,0
460505032731652096,NCAA SEC,460505033973166080,11,11,131,447199868746723328,11,5013,Anthony,Miller,CHI,WR,Active,1
460505032731652096,NCAA SEC,460505033973166080,11,12,132,466015782229241856,12,5022,Dallas,Goedert,PHI,TE,Active,1
460505032731652096,NCAA SEC,460505033973166080,12,12,133,466015782229241856,12,642,Golden,Tate,NYG,WR,Active,9
460505032731652096,NCAA SEC,460505033973166080,12,11,134,447199868746723328,11,5890,Damien,Harris,NE,RB,Active,0
460505032731652096,NCAA SEC,460505033973166080,12,10,135,446782746484797440,10,2306,Jameis,Winston,TB,QB,Active,4
460505032731652096,NCAA SEC,460505033973166080,12,9,136,503639845369802752,9,2325,Nelson,Agholor,PHI,WR,Active,4
460505032731652096,NCAA SEC,460505033973166080,12,8,137,460383495076704256,8,2341,TJ,Yeldon,BUF,RB,Active,4
460505032731652096,NCAA SEC,460505033973166080,12,7,138,461680102409760768,7,6156,Benny,Snell Jr.,PIT,RB,Active,0
460505032731652096,NCAA SEC,460505033973166080,12,6,139,466850678816370688,6,5347,Nyheim,Hines,IND,RB,Active,1
460505032731652096,NCAA SEC,460505033973166080,12,5,140,442366201536966656,5,5995,Justice,Hill,BAL,RB,Active,0
460505032731652096,NCAA SEC,460505033973166080,12,4,141,446524535810813952,4,5009,Chris,Herndon IV,NYJ,TE,Suspended,1
460505032731652096,NCAA SEC,460505033973166080,12,3,142,473596673050800128,2,289,Drew,Brees,NO,QB,Active,18
460505032731652096,NCAA SEC,460505033973166080,12,2,143,441458152391569408,1,JAX,Jacksonville,Jaguars,JAX,DEF,,
460505032731652096,NCAA SEC,460505033973166080,12,1,144,457957045534978048,3,5248,Gus,Edwards,BAL,RB,Active,1
460505032731652096,NCAA SEC,460505033973166080,13,1,145,457957045534978048,3,147,DeSean,Jackson,PHI,WR,Active,11
460505032731652096,NCAA SEC,460505033973166080,13,2,146,441458152391569408,1,2345,Dorial,Green-Beckham,,WR,Inactive,4
460505032731652096,NCAA SEC,460505033973166080,13,3,147,473596673050800128,2,3202,Austin,Hooper,ATL,TE,Active,3
460505032731652096,NCAA SEC,460505033973166080,13,4,148,446524535810813952,4,4455,Matt,Breida,SF,RB,Active,2
460505032731652096,NCAA SEC,460505033973166080,13,5,149,442366201536966656,5,5012,Mark,Andrews,BAL,TE,Active,1
460505032731652096,NCAA SEC,460505033973166080,13,6,150,466850678816370688,6,4994,Kalen,Ballage,MIA,RB,Active,1
460505032731652096,NCAA SEC,460505033973166080,13,7,151,461680102409760768,7,6126,Irv,Smith Jr.,MIN,TE,Active,0
460505032731652096,NCAA SEC,460505033973166080,13,8,152,460383495076704256,8,1587,Vance,McDonald,PIT,TE,Active,6
460505032731652096,NCAA SEC,460505033973166080,13,9,153,503639845369802752,9,3178,Josh,Doctson,WAS,WR,Active,3
460505032731652096,NCAA SEC,460505033973166080,13,10,154,446782746484797440,10,1244,Josh,Gordon,NE,WR,Active,7
460505032731652096,NCAA SEC,460505033973166080,13,11,155,447199868746723328,11,5026,Tre'Quan,Smith,NO,WR,Active,1
460505032731652096,NCAA SEC,460505033973166080,13,12,156,466015782229241856,12,5107,Jaylen,Samuels,PIT,RB,Active,1
460505032731652096,NCAA SEC,460505033973166080,14,12,157,466015782229241856,12,1555,Kenny,Stills,MIA,WR,Active,6
460505032731652096,NCAA SEC,460505033973166080,14,11,158,447199868746723328,11,538,Emmanuel,Sanders,DEN,WR,Active,9
460505032731652096,NCAA SEC,460505033973166080,14,10,159,446782746484797440,10,5967,Tony,Pollard,DAL,RB,Active,0
460505032731652096,NCAA SEC,460505033973166080,14,9,160,503639845369802752,9,3594,Peyton,Barber,TB,RB,Active,3
460505032731652096,NCAA SEC,460505033973166080,14,8,161,460383495076704256,8,MIN,Minnesota,Vikings,MIN,DEF,,
460505032731652096,NCAA SEC,460505033973166080,14,7,162,461680102409760768,7,2279,Paul,Richardson,WAS,WR,Active,5
460505032731652096,NCAA SEC,460505033973166080,14,6,163,466850678816370688,6,4998,Daesean,Hamilton,DEN,WR,Active,1
460505032731652096,NCAA SEC,460505033973166080,14,5,164,442366201536966656,5,1476,Latavius,Murray,NO,RB,Active,6
460505032731652096,NCAA SEC,460505033973166080,14,4,165,446524535810813952,4,5310,Antonio,Callaway,CLE,WR,Active,1
460505032731652096,NCAA SEC,460505033973166080,14,3,166,473596673050800128,2,3451,Ka'imi,Fairbairn,HOU,K,Active,3
460505032731652096,NCAA SEC,460505033973166080,14,2,167,441458152391569408,1,1971,Donte,Moncrief,PIT,WR,Active,5
460505032731652096,NCAA SEC,460505033973166080,14,1,168,457957045534978048,3,788,Dion,Lewis,TEN,RB,Active,8
460505032731652096,NCAA SEC,460505033973166080,15,1,169,457957045534978048,3,4227,Harrison,Butker,KC,K,Active,2
460505032731652096,NCAA SEC,460505033973166080,15,2,170,441458152391569408,1,3678,Wil,Lutz,NO,K,Active,3
460505032731652096,NCAA SEC,460505033973166080,15,3,171,473596673050800128,2,4080,Zay,Jones,BUF,WR,Active,2
460505032731652096,NCAA SEC,460505033973166080,15,4,172,446524535810813952,4,4149,Jamaal,Williams,GB,RB,Active,2
460505032731652096,NCAA SEC,460505033973166080,15,5,173,442366201536966656,5,1067,Marvin,Jones,DET,WR,Active,7
460505032731652096,NCAA SEC,460505033973166080,15,6,174,466850678816370688,6,2025,Albert,Wilson,MIA,WR,Active,5
460505032731652096,NCAA SEC,460505033973166080,15,7,175,461680102409760768,7,5100,Jordan,Wilkins,IND,RB,Active,1
460505032731652096,NCAA SEC,460505033973166080,15,8,176,460383495076704256,8,2346,Devin,Funchess,IND,WR,Active,4
460505032731652096,NCAA SEC,460505033973166080,15,9,177,503639845369802752,9,2505,Darren,Waller,OAK,TE,Practice Squad,4
460505032731652096,NCAA SEC,460505033973166080,15,10,178,446782746484797440,10,4993,Mike,Gesicki,MIA,TE,Active,1
460505032731652096,NCAA SEC,460505033973166080,15,11,179,447199868746723328,11,1264,Justin,Tucker,BAL,K,Active,7
460505032731652096,NCAA SEC,460505033973166080,15,12,180,466015782229241856,12,5889,Bryce,Love,WAS,RB,Non Football Injury,0
460505032731652096,NCAA SEC,460505033973166080,16,12,181,466015782229241856,12,421,Matthew,Stafford,DET,QB,Active,10
460505032731652096,NCAA SEC,460505033973166080,16,11,182,447199868746723328,11,5873,Riley,Ridley,CHI,WR,Active,0
460505032731652096,NCAA SEC,460505033973166080,16,10,183,446782746484797440,10,5937,Diontae,Johnson,PIT,WR,Active,0
460505032731652096,NCAA SEC,460505033973166080,16,9,184,503639845369802752,9,5000,Chase,Edmonds,ARI,RB,Active,1
460505032731652096,NCAA SEC,460505033973166080,16,8,185,460383495076704256,8,1266,Greg,Zuerlein,LAR,K,Active,7
460505032731652096,NCAA SEC,460505033973166080,16,7,186,461680102409760768,7,331,Philip,Rivers,LAC,QB,Active,15
460505032731652096,NCAA SEC,460505033973166080,16,6,187,466850678816370688,6,BAL,Baltimore,Ravens,BAL,DEF,,
460505032731652096,NCAA SEC,460505033973166080,16,5,188,442366201536966656,5,5024,James,Washington,PIT,WR,Active,1
460505032731652096,NCAA SEC,460505033973166080,16,4,189,446524535810813952,4,4274,David,Moore,SEA,WR,Active,2
460505032731652096,NCAA SEC,460505033973166080,16,3,190,473596673050800128,2,HOU,Houston,Texans,HOU,DEF,,
460505032731652096,NCAA SEC,460505033973166080,16,2,191,441458152391569408,1,2452,Jay,Ajayi,,RB,Inactive,4
460505032731652096,NCAA SEC,460505033973166080,16,1,192,457957045534978048,3,2822,Adam,Humphries,TEN,WR,Active,4
460505032731652096,NCAA SEC,460505033973166080,17,1,193,457957045534978048,3,LAR,Los Angeles,Rams,LAR,DEF,,
460505032731652096,NCAA SEC,460505033973166080,17,2,194,441458152391569408,1,1219,Michael,Floyd,BAL,WR,Active,7
460505032731652096,NCAA SEC,460505033973166080,17,3,195,473596673050800128,2,BUF,Buffalo,Bills,BUF,DEF,,
460505032731652096,NCAA SEC,460505033973166080,17,4,196,446524535810813952,4,2583,Tyrell,Williams,OAK,WR,Active,4
460505032731652096,NCAA SEC,460505033973166080,17,5,197,442366201536966656,5,1346,Marquise,Goodwin,SF,WR,Active,6
460505032731652096,NCAA SEC,460505033973166080,17,6,198,466850678816370688,6,4195,Jake,Elliott,PHI,K,Active,2
460505032731652096,NCAA SEC,460505033973166080,17,7,199,461680102409760768,7,LAC,Los Angeles,Chargers,LAC,DEF,,
460505032731652096,NCAA SEC,460505033973166080,17,8,200,460383495076704256,8,167,Tom,Brady,NE,QB,Active,19
460505032731652096,NCAA SEC,460505033973166080,17,9,201,503639845369802752,9,NE,New England,Patriots,NE,DEF,,
460505032731652096,NCAA SEC,460505033973166080,17,10,202,446782746484797440,10,CLE,Cleveland,Browns,CLE,DEF,,
460505032731652096,NCAA SEC,460505033973166080,17,11,203,447199868746723328,11,5870,Daniel,Jones,NYG,QB,Active,0
460505032731652096,NCAA SEC,460505033973166080,17,12,204,466015782229241856,12,4863,Josh,Rosen,MIA,QB,Active,1
460505032731652096,NCAA SEC,460505033973166080,18,12,205,466015782229241856,12,5845,Dwayne,Haskins,WAS,QB,Active,0
460505032731652096,NCAA SEC,460505033973166080,18,11,206,447199868746723328,11,560,Demaryius,Thomas,NE,WR,Physically Unable to Perform,9
460505032731652096,NCAA SEC,460505033973166080,18,10,207,446782746484797440,10,2431,Mike,Davis,CHI,RB,Active,4
460505032731652096,NCAA SEC,460505033973166080,18,9,208,503639845369802752,9,5230,Michael,Badgley,LAC,K,Practice Squad,1
460505032731652096,NCAA SEC,460505033973166080,18,8,209,460383495076704256,8,1071,Mohamed,Sanu,ATL,WR,Active,7
460505032731652096,NCAA SEC,460505033973166080,18,7,210,461680102409760768,7,818,Bilal,Powell,NYJ,RB,Active,8
460505032731652096,NCAA SEC,460505033973166080,18,6,211,466850678816370688,6,695,Ted,Ginn,NO,WR,Active,12
460505032731652096,NCAA SEC,460505033973166080,18,5,212,442366201536966656,5,1500,Jordan,Reed,WAS,TE,Active,6
460505032731652096,NCAA SEC,460505033973166080,18,4,213,446524535810813952,4,5927,Terry,McLaurin,WAS,WR,Active,0
460505032731652096,NCAA SEC,460505033973166080,18,3,214,473596673050800128,2,5863,JJ,Arcega-Whiteside,PHI,WR,Active,0
460505032731652096,NCAA SEC,460505033973166080,18,2,215,441458152391569408,1,2214,Cameron,Brate,TB,TE,Active,5
460505032731652096,NCAA SEC,460505033973166080,18,1,216,457957045534978048,3,928,Randall,Cobb,DAL,WR,Active,8
460505032731652096,NCAA SEC,460505033973166080,19,1,217,457957045534978048,3,5010,Will,Dissly,SEA,TE,Active,1
460505032731652096,NCAA SEC,460505033973166080,19,2,218,441458152391569408,1,491,Danny,Amendola,DET,WR,Active,11
460505032731652096,NCAA SEC,460505033973166080,19,3,219,473596673050800128,2,2319,Devante,Parker,MIA,WR,Active,4
460505032731652096,NCAA SEC,460505033973166080,19,4,220,446524535810813952,4,5131,Justin,Jackson,LAC,RB,Active,1
460505032731652096,NCAA SEC,460505033973166080,19,5,221,442366201536966656,5,5918,Rodney,Anderson,CIN,RB,Non Football Injury,0
460505032731652096,NCAA SEC,460505033973166080,19,6,222,466850678816370688,6,2238,John,Brown,BUF,WR,Active,5
460505032731652096,NCAA SEC,460505033973166080,19,7,223,461680102409760768,7,4951,D.J.,Chark,JAX,WR,Active,1
460505032731652096,NCAA SEC,460505033973166080,19,8,224,460383495076704256,8,58,Greg,Olsen,CAR,TE,Active,12
460505032731652096,NCAA SEC,460505033973166080,19,9,225,503639845369802752,9,4943,Sam,Darnold,NYJ,QB,Active,1
460505032731652096,NCAA SEC,460505033973166080,19,10,226,446782746484797440,10,5911,Jalen,Hurd,SF,WR,Active,0
460505032731652096,NCAA SEC,460505033973166080,19,11,227,447199868746723328,11,2257,Carlos,Hyde,KC,RB,Active,5
460505032731652096,NCAA SEC,460505033973166080,19,12,228,466015782229241856,12,DAL,Dallas,Cowboys,DAL,DEF,,
460505032731652096,NCAA SEC,460505033973166080,20,12,229,466015782229241856,12,CAR,Carolina,Panthers,CAR,DEF,,
460505032731652096,NCAA SEC,460505033973166080,20,11,230,447199868746723328,11,IND,Indianapolis,Colts,IND,DEF,,
460505032731652096,NCAA SEC,460505033973166080,20,10,231,446782746484797440,10,1386,Giovani,Bernard,CIN,RB,Active,6
460505032731652096,NCAA SEC,460505033973166080,20,9,232,503639845369802752,9,DEN,Denver,Broncos,DEN,DEF,,
460505032731652096,NCAA SEC,460505033973166080,20,8,233,460383495076704256,8,NO,New Orleans,Saints,NO,DEF,,
460505032731652096,NCAA SEC,460505033973166080,20,7,234,461680102409760768,7,6139,Jace,Sternberger,GB,TE,Active,0
460505032731652096,NCAA SEC,460505033973166080,20,6,235,466850678816370688,6,1706,Jack,Doyle,IND,TE,Active,6
460505032731652096,NCAA SEC,460505033973166080,20,5,236,442366201536966656,5,676,LeSean,McCoy,BUF,RB,Active,10
460505032731652096,NCAA SEC,460505033973166080,20,4,237,446524535810813952,4,2028,Derek,Carr,OAK,QB,Active,5
460505032731652096,NCAA SEC,460505033973166080,20,3,238,473596673050800128,2,5955,Hunter,Renfrow,OAK,WR,Active,0
460505032731652096,NCAA SEC,460505033973166080,20,2,239,441458152391569408,1,2462,JJ,Nelson,OAK,WR,Active,4
460505032731652096,NCAA SEC,460505033973166080,20,1,240,457957045534978048,3,1903,Taylor,Gabriel,CHI,WR,Active,5
460505032731652096,NCAA SEC,460505033973166080,21,1,241,457957045534978048,3,3868,Jalen,Richard,OAK,RB,Active,3
460505032731652096,NCAA SEC,460505033973166080,21,2,242,441458152391569408,1,1601,Spencer,Ware,IND,RB,Physically Unable to Perform,6
460505032731652096,NCAA SEC,460505033973166080,21,3,243,473596673050800128,2,1837,Jimmy,Garoppolo,SF,QB,Active,5
460505032731652096,NCAA SEC,460505033973166080,21,4,244,446524535810813952,4,184,Adrian,Peterson,WAS,RB,Active,12
460505032731652096,NCAA SEC,460505033973166080,21,5,245,442366201536966656,5,1166,Kirk,Cousins,MIN,QB,Active,7
460505032731652096,NCAA SEC,460505033973166080,21,6,246,466850678816370688,6,1567,Tavon,Austin,DAL,RB,Active,6
460505032731652096,NCAA SEC,460505033973166080,21,7,247,461680102409760768,7,2381,Chris,Conley,JAX,WR,Active,4
460505032731652096,NCAA SEC,460505033973166080,21,8,248,460383495076704256,8,1987,Marqise,Lee,JAX,WR,Physically Unable to Perform,5
460505032731652096,NCAA SEC,460505033973166080,21,9,249,503639845369802752,9,2410,Jamison,Crowder,NYJ,WR,Active,4
460505032731652096,NCAA SEC,460505033973166080,21,10,250,446782746484797440,10,284,Delanie,Walker,TEN,TE,Active,13
460505032731652096,NCAA SEC,460505033973166080,21,11,251,447199868746723328,11,5965,Miles,Boykin,BAL,WR,Active,0
460505032731652096,NCAA SEC,460505033973166080,21,12,252,466015782229241856,12,4531,Ricky,Seals-Jones,ARI,TE,Active,2
460505032731652096,NCAA SEC,460505033973166080,22,12,253,466015782229241856,12,2222,Austin,Seferian-Jenkins,,TE,Inactive,5
460505032731652096,NCAA SEC,460505033973166080,22,11,254,447199868746723328,11,19,Joe,Flacco,DEN,QB,Active,11
460505032731652096,NCAA SEC,460505033973166080,22,10,255,446782746484797440,10,5101,Deon,Cain,IND,WR,Active,1
460505032731652096,NCAA SEC,460505033973166080,22,9,256,503639845369802752,9,6167,Jordan,Scarlett,CAR,RB,Active,0
460505032731652096,NCAA SEC,460505033973166080,22,8,257,460383495076704256,8,5854,Drew,Lock,DEN,QB,Active,0
460505032731652096,NCAA SEC,460505033973166080,22,7,258,461680102409760768,7,110,Stephen,Gostkowski,NE,K,Active,13
460505032731652096,NCAA SEC,460505033973166080,22,6,259,466850678816370688,6,2430,Javorius,Allen,NO,RB,Active,4
460505032731652096,NCAA SEC,460505033973166080,22,5,260,442366201536966656,5,1750,Giorgio,Tavecchio,ATL,K,Active,7
460505032731652096,NCAA SEC,460505033973166080,22,4,261,446524535810813952,4,PIT,Pittsburgh,Steelers,PIT,DEF,,
460505032731652096,NCAA SEC,460505033973166080,22,3,262,473596673050800128,2,PHI,Philadelphia,Eagles,PHI,DEF,,
460505032731652096,NCAA SEC,460505033973166080,22,2,263,441458152391569408,1,1451,CJ,Anderson,DET,RB,Active,6
460505032731652096,NCAA SEC,460505033973166080,22,1,264,457957045534978048,3,1388,Tyler,Eifert,CIN,TE,Active,6
460505032731652096,NCAA SEC,460505033973166080,23,1,265,457957045534978048,3,6178,Darwin,Thompson,KC,RB,Active,0
460505032731652096,NCAA SEC,460505033973166080,23,2,266,441458152391569408,1,5903,Will,Grier,CAR,QB,Active,0
460505032731652096,NCAA SEC,460505033973166080,23,3,267,473596673050800128,2,TEN,Tennessee,Titans,TEN,DEF,,
460505032731652096,NCAA SEC,460505033973166080,23,4,268,446524535810813952,4,59,Mason,Crosby,GB,K,Non Football Injury,12
460505032731652096,NCAA SEC,460505033973166080,23,5,269,442366201536966656,5,GB,Green Bay,Packers,GB,DEF,,
460505032731652096,NCAA SEC,460505033973166080,23,6,270,466850678816370688,6,2004,Cody,Latimer,NYG,WR,Active,5
460505032731652096,NCAA SEC,460505033973166080,23,7,271,461680102409760768,7,ATL,Atlanta,Falcons,ATL,DEF,,
460505032731652096,NCAA SEC,460505033973166080,23,8,272,460383495076704256,8,5884,Kelvin,Harmon,WAS,WR,Active,0
460505032731652096,NCAA SEC,460505033973166080,23,9,273,503639845369802752,9,4089,Gerald,Everett,LAR,TE,Active,2
460505032731652096,NCAA SEC,460505033973166080,23,10,274,446782746484797440,10,NYJ,New York,Jets,NYJ,DEF,,
460505032731652096,NCAA SEC,460505033973166080,23,11,275,447199868746723328,11,2944,Matt,LaCosse,NE,TE,Active,4
460505032731652096,NCAA SEC,460505033973166080,23,12,276,466015782229241856,12,899,Dan,Bailey,MIN,K,Active,8
460505032731652096,NCAA SEC,460505033973166080,24,12,277,466015782229241856,12,17,Matt,Prater,DET,K,Active,13
460505032731652096,NCAA SEC,460505033973166080,24,11,278,447199868746723328,11,2291,Dontrelle,Inman,NE,WR,Active,8
460505032731652096,NCAA SEC,460505033973166080,24,10,279,446782746484797440,10,3827,Aldrick,Rosas,NYG,K,Active,3
460505032731652096,NCAA SEC,460505033973166080,24,9,280,503639845369802752,9,3371,Darius,Jackson,DAL,RB,Practice Squad,3
460505032731652096,NCAA SEC,460505033973166080,24,8,281,460383495076704256,8,503,Graham,Gano,CAR,K,Active,10
460505032731652096,NCAA SEC,460505033973166080,24,7,282,461680102409760768,7,1945,Chris,Boswell,PIT,K,Active,5
460505032731652096,NCAA SEC,460505033973166080,24,6,283,466850678816370688,6,4162,Ryan,Switzer,PIT,WR,Active,2
460505032731652096,NCAA SEC,460505033973166080,24,5,284,442366201536966656,5,1502,Chris,Thompson,WAS,RB,Active,6
460505032731652096,NCAA SEC,460505033973166080,24,4,285,446524535810813952,4,4958,Brett,Maher,DAL,K,Active,6
460505032731652096,NCAA SEC,460505033973166080,24,3,286,473596673050800128,2,4218,Trent,Taylor,SF,WR,Active,2
460505032731652096,NCAA SEC,460505033973166080,24,2,287,441458152391569408,1,1527,Eddie,Lacy,,RB,Inactive,6
460505032731652096,NCAA SEC,460505033973166080,24,1,288,457957045534978048,3,2671,Josh,Lambo,JAX,K,Active,4
460505032731652096,NCAA SEC,460505033973166080,25,1,289,457957045534978048,3,SEA,Seattle,Seahawks,SEA,DEF,,
460505032731652096,NCAA SEC,460505033973166080,25,2,290,441458152391569408,1,4972,Mason,Rudolph,PIT,QB,Active,1
460505032731652096,NCAA SEC,460505033973166080,25,3,291,473596673050800128,2,5095,Daniel,Carlson,OAK,K,Active,1
460505032731652096,NCAA SEC,460505033973166080,25,4,292,446524535810813952,4,KC,Kansas City,Chiefs,KC,DEF,,
460505032731652096,NCAA SEC,460505033973166080,25,5,293,442366201536966656,5,2334,Phillip,Dorsett,NE,WR,Active,4
460505032731652096,NCAA SEC,460505033973166080,25,6,294,466850678816370688,6,3650,Maurice,Harris,NE,WR,Active,3
460505032731652096,NCAA SEC,460505033973166080,25,7,295,461680102409760768,7,5962,Keesean,Johnson,ARI,WR,Active,0
460505032731652096,NCAA SEC,460505033973166080,25,8,296,460383495076704256,8,1195,Doug,Martin,OAK,RB,Active,7
460505032731652096,NCAA SEC,460505033973166080,25,9,297,503639845369802752,9,MIA,Miami,Dolphins,MIA,DEF,,
460505032731652096,NCAA SEC,460505033973166080,25,10,298,446782746484797440,10,DET,Detroit,Lions,DET,DEF,,
460505032731652096,NCAA SEC,460505033973166080,25,11,299,447199868746723328,11,2152,Teddy,Bridgewater,NO,QB,Active,5
460505032731652096,NCAA SEC,460505033973166080,25,12,300,466015782229241856,12,5323,Equanimeous,St. Brown,GB,WR,Active,1
460505032731652096,NCAA SEC,460505033973166080,26,12,301,466015782229241856,12,6007,Ryquell,Armstead,JAX,RB,Active,0
460505032731652096,NCAA SEC,460505033973166080,26,11,302,447199868746723328,11,574,Dez,Bryant,,WR,Inactive,9
460505032731652096,NCAA SEC,460505033973166080,26,10,303,446782746484797440,10,1170,Alfred,Morris,DAL,RB,Active,7
460505032731652096,NCAA SEC,460505033973166080,26,9,304,503639845369802752,9,5570,Chad,Beebe,MIN,WR,Active,1
460505032731652096,NCAA SEC,460505033973166080,26,8,305,460383495076704256,8,232,Frank,Gore,BUF,RB,Active,14
460505032731652096,NCAA SEC,460505033973166080,26,7,306,461680102409760768,7,827,Tyrod,Taylor,LAC,QB,Active,8
460505032731652096,NCAA SEC,460505033973166080,26,6,307,466850678816370688,6,2422,Blake,Bell,KC,TE,Active,4
460505032731652096,NCAA SEC,460505033973166080,26,5,308,442366201536966656,5,943,Kyle,Rudolph,MIN,TE,Active,8
460505032731652096,NCAA SEC,460505033973166080,26,4,309,446524535810813952,4,1854,Quincy,Enunwa,NYJ,WR,Active,5
460505032731652096,NCAA SEC,460505033973166080,26,3,310,473596673050800128,2,5973,Josh,Oliver,JAX,TE,Active,0
460505032731652096,NCAA SEC,460505033973166080,26,2,311,441458152391569408,1,4995,Ian,Thomas,CAR,TE,Active,1
460505032731652096,NCAA SEC,460505033973166080,26,1,312,457957045534978048,3,1029,Nick,Foles,JAX,QB,Active,7
460505032731652096,NCAA SEC,460505033973166080,27,1,313,457957045534978048,3,616,Jimmy,Graham,GB,TE,Active,9
460505032731652096,NCAA SEC,460505033973166080,27,2,314,441458152391569408,1,4263,Elijah,McGuire,NYJ,RB,Active,2
460505032731652096,NCAA SEC,460505033973166080,27,3,315,473596673050800128,2,3286,Demarcus,Robinson,KC,WR,Active,3
460505032731652096,NCAA SEC,460505033973166080,27,4,316,446524535810813952,4,SF,San Francisco,49ers,SF,DEF,,
460505032731652096,NCAA SEC,460505033973166080,27,5,317,442366201536966656,5,2307,Marcus,Mariota,TEN,QB,Active,4
460505032731652096,NCAA SEC,460505033973166080,27,6,318,466850678816370688,6,829,Andy,Dalton,CIN,QB,Active,8
460505032731652096,NCAA SEC,460505033973166080,27,7,319,461680102409760768,7,4171,Josh,Reynolds,LAR,WR,Active,2
460505032731652096,NCAA SEC,460505033973166080,27,8,320,460383495076704256,8,6144,Trayveon,Williams,CIN,RB,Active,0
460505032731652096,NCAA SEC,460505033973166080,27,9,321,503639845369802752,9,5139,Trey,Quinn,WAS,WR,Active,1
460505032731652096,NCAA SEC,460505033973166080,27,10,322,446782746484797440,10,NYG,New York,Giants,NYG,DEF,,
460505032731652096,NCAA SEC,460505033973166080,27,11,323,447199868746723328,11,5136,Josh,Adams,PHI,RB,Active,1
460505032731652096,NCAA SEC,460505033973166080,27,12,324,466015782229241856,12,3328,Rashard,Higgins,CLE,WR,Active,3
460505032731652096,NCAA SEC,460505033973166080,28,12,325,466015782229241856,12,2560,Zach,Zenner,DET,RB,Active,4
460505032731652096,NCAA SEC,460505033973166080,28,11,326,447199868746723328,11,4144,Jonnu,Smith,TEN,TE,Physically Unable to Perform,2
460505032731652096,NCAA SEC,460505033973166080,28,10,327,446782746484797440,10,6136,Jarrett,Stidham,NE,QB,Active,0
460505032731652096,NCAA SEC,460505033973166080,28,9,328,503639845369802752,9,3257,Jacoby,Brissett,IND,QB,Active,3
460505032731652096,NCAA SEC,460505033973166080,28,8,329,460383495076704256,8,1387,Rex,Burkhead,NE,RB,Active,6
460505032731652096,NCAA SEC,460505033973166080,28,7,330,461680102409760768,7,3208,Kenneth,Dixon,BAL,RB,Active,3
460505032731652096,NCAA SEC,460505033973166080,28,6,331,466850678816370688,6,6153,Dexter,Williams,GB,RB,Active,0
460505032731652096,NCAA SEC,460505033973166080,28,5,332,442366201536966656,5,120,Adam,Vinatieri,IND,K,Active,23
460505032731652096,NCAA SEC,460505033973166080,28,4,333,446524535810813952,4,5906,Dawson,Knox,BUF,TE,Active,0
460505032731652096,NCAA SEC,460505033973166080,28,3,334,473596673050800128,2,5976,Karan,Higdon,HOU,RB,Active,0
460505032731652096,NCAA SEC,460505033973166080,28,2,335,441458152391569408,1,2003,Bennie,Fowler,NYG,WR,Active,5
460505032731652096,NCAA SEC,460505033973166080,28,1,336,457957045534978048,3,23,Jason,Witten,DAL,TE,Active,16
460505032731652096,NCAA SEC,460505033973166080,29,1,337,457957045534978048,3,4125,Taywan,Taylor,TEN,WR,Active,2
460505032731652096,NCAA SEC,460505033973166080,29,2,338,441458152391569408,1,2477,Cameron,Artis-Payne,CAR,RB,Active,4
460505032731652096,NCAA SEC,460505033973166080,29,3,339,473596673050800128,2,1144,Cole,Beasley,BUF,WR,Active,7
460505032731652096,NCAA SEC,460505033973166080,29,4,340,446524535810813952,4,WAS,Washington,Redskins,WAS,DEF,,
460505032731652096,NCAA SEC,460505033973166080,29,5,341,442366201536966656,5,ARI,Arizona,Cardinals,ARI,DEF,,
460505032731652096,NCAA SEC,460505033973166080,29,6,342,466850678816370688,6,1575,Andre,Ellington,TB,RB,Active,6
460505032731652096,NCAA SEC,460505033973166080,29,7,343,461680102409760768,7,1911,Willie,Snead,BAL,WR,Active,5
460505032731652096,NCAA SEC,460505033973166080,29,8,344,460383495076704256,8,4622,Keelan,Cole,JAX,WR,Active,2
460505032731652096,NCAA SEC,460505033973166080,29,9,345,503639845369802752,9,CIN,Cincinnati,Bengals,CIN,DEF,,
460505032731652096,NCAA SEC,460505033973166080,29,10,346,446782746484797440,10,6148,Preston,Williams,MIA,WR,Active,0
460505032731652096,NCAA SEC,460505033973166080,29,11,347,447199868746723328,11,1329,Chris,Hogan,CAR,WR,Active,8
460505032731652096,NCAA SEC,460505033973166080,29,12,348,466015782229241856,12,2331,Breshad,Perriman,TB,WR,Active,4
460505032731652096,NCAA SEC,460505033973166080,30,12,349,466015782229241856,12,5134,Keith,Kirkwood,NO,WR,Active,1
460505032731652096,NCAA SEC,460505033973166080,30,11,350,447199868746723328,11,3355,Cody,Core,CIN,WR,Active,3
460505032731652096,NCAA SEC,460505033973166080,30,10,351,446782746484797440,10,5947,Jakobi,Meyers,NE,WR,Active,0
460505032731652096,NCAA SEC,460505033973166080,30,9,352,503639845369802752,9,4651,Corey,Clement,PHI,RB,Active,2
460505032731652096,NCAA SEC,460505033973166080,30,8,353,460383495076704256,8,2399,Ty,Montgomery,NYJ,RB,Active,4
460505032731652096,NCAA SEC,460505033973166080,30,7,354,461680102409760768,7,2545,Geoff,Swaim,JAX,TE,Active,4
460505032731652096,NCAA SEC,460505033973166080,30,6,355,466850678816370688,6,246,Darren,Sproles,PHI,RB,Active,14
460505032731652096,NCAA SEC,460505033973166080,30,5,356,442366201536966656,5,2747,Jason,Myers,SEA,K,Active,4
460505032731652096,NCAA SEC,460505033973166080,30,4,357,446524535810813952,4,2588,Malcolm,Brown,LAR,RB,Active,4
460505032731652096,NCAA SEC,460505033973166080,30,3,358,473596673050800128,2,5121,Braxton,Berrios,NE,WR,Active,1
460505032731652096,NCAA SEC,460505033973166080,30,2,359,441458152391569408,1,TB,Tampa Bay,Buccaneers,TB,DEF,,
460505032731652096,NCAA SEC,460505033973166080,30,1,360,457957045534978048,3,6107,Emmanuel,Butler,NO,WR,Active,0
460505032731652096,NCAA SEC,460505033973166080,31,1,361,457957045534978048,3,49,Robbie,Gould,SF,K,Active,14
460505032731652096,NCAA SEC,460505033973166080,31,2,362,441458152391569408,1,OAK,Oakland,Raiders,OAK,DEF,,
460505032731652096,NCAA SEC,460505033973166080,31,3,363,473596673050800128,2,5919,Elijah,Holyfield,CAR,RB,Active,0
460505032731652096,NCAA SEC,460505033973166080,31,4,364,446524535810813952,4,1517,Theo,Riddick,DEN,RB,Active,6
460505032731652096,NCAA SEC,460505033973166080,31,5,365,442366201536966656,5,4150,Wayne,Gallman,NYG,RB,Active,2
460505032731652096,NCAA SEC,460505033973166080,31,6,366,466850678816370688,6,988,Doug,Baldwin,,WR,Inactive,8
460505032731652096,NCAA SEC,460505033973166080,31,7,367,461680102409760768,7,6039,Ty,Johnson,DET,RB,Active,0
460505032731652096,NCAA SEC,460505033973166080,31,8,368,460383495076704256,8,5199,Byron,Pringle,KC,WR,Active,1
460505032731652096,NCAA SEC,460505033973166080,31,9,369,503639845369802752,9,5117,Jordan,Thomas,HOU,TE,Active,1
460505032731652096,NCAA SEC,460505033973166080,31,10,370,446782746484797440,10,1077,Travis,Benjamin,LAC,WR,Active,7
460505032731652096,NCAA SEC,460505033973166080,31,11,371,447199868746723328,11,6159,Mike,Weber,DAL,RB,Active,0
460505032731652096,NCAA SEC,460505033973166080,31,12,372,466015782229241856,12,1535,Cordarrelle,Patterson,CHI,RB,Active,6
460505032731652096,NCAA SEC,460505033973166080,32,12,373,466015782229241856,12,2699,Cameron,Meredith,NE,WR,Physically Unable to Perform,4
460505032731652096,NCAA SEC,460505033973166080,32,11,374,447199868746723328,11,3664,JD,McKissic,SEA,RB,Active,3
460505032731652096,NCAA SEC,460505033973166080,32,10,375,446782746484797440,10,5980,Myles,Gaskin,MIA,RB,Active,0
460505032731652096,NCAA SEC,460505033973166080,32,9,376,503639845369802752,9,1379,Kyle,Juszczyk,SF,RB,Active,6
460505032731652096,NCAA SEC,460505033973166080,32,8,377,460383495076704256,8,3309,Wendell,Smallwood,PHI,RB,Active,3
460505032731652096,NCAA SEC,460505033973166080,32,7,378,461680102409760768,7,2980,Eli,Rogers,PIT,WR,Active,4
460505032731652096,NCAA SEC,460505033973166080,32,6,379,466850678816370688,6,3209,Devontae,Booker,DEN,RB,Active,3
460505032731652096,NCAA SEC,460505033973166080,32,5,380,442366201536966656,5,1564,Benjamin,Cunningham,JAX,RB,Active,6
460505032731652096,NCAA SEC,460505033973166080,32,4,381,446524535810813952,4,3211,Paul,Perkins,NYG,RB,Active,3
460505032731652096,NCAA SEC,460505033973166080,32,3,382,473596673050800128,2,3342,Jakeem,Grant,MIA,WR,Active,3
460505032731652096,NCAA SEC,460505033973166080,32,2,383,441458152391569408,1,6164,Kahale,Warring,HOU,TE,Active,0
460505032731652096,NCAA SEC,460505033973166080,32,1,384,457957045534978048,3,188,Eli,Manning,NYG,QB,Active,15
460505032731652096,NCAA SEC,460505033973166080,33,1,385,457957045534978048,3,5975,Alize,Mack,NO,TE,Active,0
460505032731652096,NCAA SEC,460505033973166080,33,2,386,441458152391569408,1,1433,Brandon,McManus,DEN,K,Active,6
460505032731652096,NCAA SEC,460505033973166080,33,3,387,473596673050800128,2,4718,Dare,Ogunbowale,TB,RB,Practice Squad,2
460505032731652096,NCAA SEC,460505033973166080,33,4,388,446524535810813952,4,2821,Jake,Kumerow,GB,WR,Active,4
460505032731652096,NCAA SEC,460505033973166080,33,5,389,442366201536966656,5,2020,Cairo,Santos,TB,K,Active,5
460505032731652096,NCAA SEC,460505033973166080,33,6,390,466850678816370688,6,5076,John,Kelly,LAR,RB,Active,1
460505032731652096,NCAA SEC,460505033973166080,33,7,391,461680102409760768,7,4381,Taysom,Hill,NO,QB,Active,2
460505032731652096,NCAA SEC,460505033973166080,33,8,392,460383495076704256,8,826,Torrey,Smith,CAR,WR,Active,8
460505032731652096,NCAA SEC,460505033973166080,33,9,393,503639845369802752,9,775,Steven,Hauschka,BUF,K,Active,11
460505032731652096,NCAA SEC,460505033973166080,33,10,394,446782746484797440,10,1901,Isaiah,Crowell,OAK,RB,Injured Reserve,5
460505032731652096,NCAA SEC,460505033973166080,33,11,395,447199868746723328,11,5924,Emanuel,Hall,CHI,WR,Active,0
460505032731652096,NCAA SEC,460505033973166080,33,12,396,466015782229241856,12,3177,Corey,Coleman,NYG,WR,Injured Reserve,3
460505032731652096,NCAA SEC,460505033973166080,34,12,397,466015782229241856,12,4151,Jake,Butt,DEN,TE,Practice Squad,2
460505032731652096,NCAA SEC,460505033973166080,34,11,398,447199868746723328,11,6142,Caleb,Wilson,ARI,TE,Active,0
460505032731652096,NCAA SEC,460505033973166080,34,10,399,446782746484797440,10,4054,Mo,Alie-Cox,IND,TE,Active,2
460505032731652096,NCAA SEC,460505033973166080,34,9,400,503639845369802752,9,2359,Ameer,Abdullah,MIN,RB,Active,4
460505032731652096,NCAA SEC,460505033973166080,34,8,401,460383495076704256,8,2412,Justin,Hardy,ATL,WR,Active,4
460505032731652096,NCAA SEC,460505033973166080,34,7,402,461680102409760768,7,2892,Rod,Smith,NYG,RB,Active,4
460505032731652096,NCAA SEC,460505033973166080,34,6,403,466850678816370688,6,5123,Trenton,Cannon,NYJ,RB,Active,1
460505032731652096,NCAA SEC,460505033973166080,34,5,404,442366201536966656,5,5374,Justin,Watson,TB,WR,Active,1
460505032731652096,NCAA SEC,460505033973166080,34,4,405,446524535810813952,4,4187,Brian,Hill,ATL,RB,Active,2
460505032731652096,NCAA SEC,460505033973166080,34,3,406,473596673050800128,2,4283,Khalfani,Muhammad,DEN,RB,Practice Squad,2
460505032731652096,NCAA SEC,460505033973166080,34,2,407,441458152391569408,1,5536,Dontrell,Hilliard,CLE,RB,Active,1
460505032731652096,NCAA SEC,460505033973166080,34,1,408,457957045534978048,3,391,Ryan,Succop,TEN,K,Active,10
460505032731652096,NCAA SEC,460505033973166080,35,1,409,457957045534978048,3,3582,Chester,Rogers,IND,WR,Active,3
460505032731652096,NCAA SEC,460505033973166080,35,2,410,441458152391569408,1,333,Ryan,Fitzpatrick,MIA,QB,Active,14
460505032731652096,NCAA SEC,460505033973166080,35,3,411,473596673050800128,2,2749,Raheem,Mostert,SF,RB,Active,4
460505032731652096,NCAA SEC,460505033973166080,35,4,412,446524535810813952,4,6002,Qadree,Ollison,ATL,RB,Active,0
460505032731652096,NCAA SEC,460505033973166080,35,5,413,442366201536966656,5,1737,Case,Keenum,WAS,QB,Active,7
460505032731652096,NCAA SEC,460505033973166080,35,6,414,466850678816370688,6,4319,Zach,Pascal,IND,WR,Active,2
460505032731652096,NCAA SEC,460505033973166080,35,7,415,461680102409760768,7,1944,Alfred,Blue,JAX,RB,Active,5
460505032731652096,NCAA SEC,460505033973166080,35,8,416,460383495076704256,8,5977,Terry,Godwin,CAR,WR,Active,0
460505032731652096,NCAA SEC,460505033973166080,35,9,417,503639845369802752,9,1800,Jordan,Matthews,SF,WR,Active,5
460505032731652096,NCAA SEC,460505033973166080,35,10,418,446782746484797440,10,6083,Matt,Gay,TB,K,Active,0
460505032731652096,NCAA SEC,460505033973166080,35,11,419,447199868746723328,11,1312,Josh,Bellamy,NYJ,WR,Active,7
460505032731652096,NCAA SEC,460505033973166080,35,12,420,466015782229241856,12,1049,Ryan,Tannehill,TEN,QB,Active,7
462407340038025216,NCAA SUN BELT,462407342659465216,1,1,1,380128482900062208,9,4866,Saquon,Barkley,NYG,RB,Active,1
462407340038025216,NCAA SUN BELT,462407342659465216,1,2,2,502892091546791936,1,4034,Christian,McCaffrey,CAR,RB,Active,2
462407340038025216,NCAA SUN BELT,462407342659465216,1,3,3,481957045667360768,3,4035,Alvin,Kamara,NO,RB,Active,2
462407340038025216,NCAA SUN BELT,462407342659465216,1,4,4,461681329860243456,11,1426,DeAndre,Hopkins,HOU,WR,Active,6
462407340038025216,NCAA SUN BELT,462407342659465216,1,5,5,441362521463451648,8,3199,Michael,Thomas,NO,WR,Active,3
462407340038025216,NCAA SUN BELT,462407342659465216,1,6,6,465297932204109824,12,2133,Davante,Adams,GB,WR,Active,5
462407340038025216,NCAA SUN BELT,462407342659465216,1,7,7,441330448283463680,10,4040,JuJu,Smith-Schuster,PIT,WR,Active,2
462407340038025216,NCAA SUN BELT,462407342659465216,1,8,8,464247141036978176,2,3164,Ezekiel,Elliott,DAL,RB,Did Not Report,3
462407340038025216,NCAA SUN BELT,462407342659465216,1,9,9,447283305738399744,4,4018,Joe,Mixon,CIN,RB,Active,2
462407340038025216,NCAA SUN BELT,462407342659465216,1,10,10,465019661495300096,6,2216,Mike,Evans,TB,WR,Active,5
462407340038025216,NCAA SUN BELT,462407342659465216,1,11,11,472546786053976064,5,4988,Nick,Chubb,CLE,RB,Active,1
462407340038025216,NCAA SUN BELT,462407342659465216,1,12,12,,7,947,Julio,Jones,ATL,WR,Active,8
462407340038025216,NCAA SUN BELT,462407342659465216,2,12,13,,7,2391,David,Johnson,ARI,RB,Active,4
462407340038025216,NCAA SUN BELT,462407342659465216,2,11,14,472546786053976064,5,1408,Le'Veon,Bell,NYJ,RB,Active,6
462407340038025216,NCAA SUN BELT,462407342659465216,2,10,15,465019661495300096,6,2315,Todd,Gurley,LAR,RB,Active,4
462407340038025216,NCAA SUN BELT,462407342659465216,2,9,16,447283305738399744,4,4029,Dalvin,Cook,MIN,RB,Active,2
462407340038025216,NCAA SUN BELT,462407342659465216,2,8,17,464247141036978176,2,1466,Travis,Kelce,KC,TE,Active,6
462407340038025216,NCAA SUN BELT,462407342659465216,2,7,18,441330448283463680,10,4137,James,Conner,PIT,RB,Active,2
462407340038025216,NCAA SUN BELT,462407342659465216,2,6,19,465297932204109824,12,536,Antonio,Brown,OAK,WR,Active,9
462407340038025216,NCAA SUN BELT,462407342659465216,2,5,20,441362521463451648,8,1833,Damien,Williams,KC,RB,Active,5
462407340038025216,NCAA SUN BELT,462407342659465216,2,4,21,461681329860243456,11,5068,Kerryon,Johnson,DET,RB,Active,1
462407340038025216,NCAA SUN BELT,462407342659465216,2,3,22,481957045667360768,3,3321,Tyreek,Hill,KC,WR,Active,3
462407340038025216,NCAA SUN BELT,462407342659465216,2,2,23,502892091546791936,1,2320,Melvin,Gordon,LAC,RB,Did Not Report,4
462407340038025216,NCAA SUN BELT,462407342659465216,2,1,24,380128482900062208,9,2078,Odell,Beckham Jr,CLE,WR,Active,5
462407340038025216,NCAA SUN BELT,462407342659465216,3,1,25,380128482900062208,9,2309,Amari,Cooper,DAL,WR,Active,4
462407340038025216,NCAA SUN BELT,462407342659465216,3,2,26,502892091546791936,1,4217,George,Kittle,SF,TE,Active,2
462407340038025216,NCAA SUN BELT,462407342659465216,3,3,27,481957045667360768,3,5892,David,Montgomery,CHI,RB,Active,0
462407340038025216,NCAA SUN BELT,462407342659465216,3,4,28,461681329860243456,11,1479,Keenan,Allen,LAC,WR,Active,6
462407340038025216,NCAA SUN BELT,462407342659465216,3,5,29,441362521463451648,8,1339,Zach,Ertz,PHI,TE,Active,6
462407340038025216,NCAA SUN BELT,462407342659465216,3,6,30,465297932204109824,12,3969,Leonard,Fournette,JAX,RB,Active,2
462407340038025216,NCAA SUN BELT,462407342659465216,3,7,31,441330448283463680,10,5850,Josh,Jacobs,OAK,RB,Active,0
462407340038025216,NCAA SUN BELT,462407342659465216,3,8,32,464247141036978176,2,4046,Patrick,Mahomes,KC,QB,Active,2
462407340038025216,NCAA SUN BELT,462407342659465216,3,9,33,447283305738399744,4,1110,T.Y.,Hilton,IND,WR,Active,7
462407340038025216,NCAA SUN BELT,462407342659465216,3,10,34,465019661495300096,6,4152,Marlon,Mack,IND,RB,Active,2
462407340038025216,NCAA SUN BELT,462407342659465216,3,11,35,472546786053976064,5,1689,Adam,Thielen,MIN,WR,Active,6
462407340038025216,NCAA SUN BELT,462407342659465216,3,12,36,,7,2449,Stefon,Diggs,MIN,WR,Active,4
462407340038025216,NCAA SUN BELT,462407342659465216,4,12,37,,7,2197,Brandin,Cooks,LAR,WR,Active,5
462407340038025216,NCAA SUN BELT,462407342659465216,4,11,38,472546786053976064,5,4131,Kenny,Golladay,DET,WR,Active,2
462407340038025216,NCAA SUN BELT,462407342659465216,4,10,39,465019661495300096,6,4039,Cooper,Kupp,LAR,WR,Active,2
462407340038025216,NCAA SUN BELT,462407342659465216,4,9,40,447283305738399744,4,4037,Chris,Godwin,TB,WR,Active,2
462407340038025216,NCAA SUN BELT,462407342659465216,4,8,41,464247141036978176,2,4983,D.J.,Moore,CAR,WR,Active,1
462407340038025216,NCAA SUN BELT,462407342659465216,4,7,42,441330448283463680,10,1352,Robert,Woods,LAR,WR,Active,6
462407340038025216,NCAA SUN BELT,462407342659465216,4,6,43,465297932204109824,12,4273,Chris,Carson,SEA,RB,Active,2
462407340038025216,NCAA SUN BELT,462407342659465216,4,5,44,441362521463451648,8,344,Julian,Edelman,NE,WR,Non Football Injury,10
462407340038025216,NCAA SUN BELT,462407342659465216,4,4,45,461681329860243456,11,1992,Allen,Robinson,CHI,WR,Active,5
462407340038025216,NCAA SUN BELT,462407342659465216,4,3,46,481957045667360768,3,830,AJ,Green,CIN,WR,Active,8
462407340038025216,NCAA SUN BELT,462407342659465216,4,2,47,502892091546791936,1,4981,Calvin,Ridley,ATL,WR,Active,1
462407340038025216,NCAA SUN BELT,462407342659465216,4,1,48,380128482900062208,9,4199,Aaron,Jones,GB,RB,Active,2
462407340038025216,NCAA SUN BELT,462407342659465216,5,1,49,380128482900062208,9,4068,Mike,Williams,LAC,WR,Active,2
462407340038025216,NCAA SUN BELT,462407342659465216,5,2,50,502892091546791936,1,4892,Baker,Mayfield,CLE,QB,Active,1
462407340038025216,NCAA SUN BELT,462407342659465216,5,3,51,481957045667360768,3,1825,Jarvis,Landry,CLE,WR,Active,5
462407340038025216,NCAA SUN BELT,462407342659465216,5,4,52,461681329860243456,11,4017,Deshaun,Watson,HOU,QB,Active,2
462407340038025216,NCAA SUN BELT,462407342659465216,5,5,53,441362521463451648,8,2374,Tyler,Lockett,SEA,WR,Active,4
462407340038025216,NCAA SUN BELT,462407342659465216,5,6,54,465297932204109824,12,956,Mark,Ingram,BAL,RB,Active,8
462407340038025216,NCAA SUN BELT,462407342659465216,5,7,55,441330448283463680,10,4962,Sony,Michel,NE,RB,Active,1
462407340038025216,NCAA SUN BELT,462407342659465216,5,8,56,464247141036978176,2,3198,Derrick,Henry,TEN,RB,Active,3
462407340038025216,NCAA SUN BELT,462407342659465216,5,9,57,447283305738399744,4,2168,Devonta,Freeman,ATL,RB,Active,5
462407340038025216,NCAA SUN BELT,462407342659465216,5,10,58,465019661495300096,6,6151,Miles,Sanders,PHI,RB,Active,0
462407340038025216,NCAA SUN BELT,462407342659465216,5,11,59,472546786053976064,5,4036,Corey,Davis,TEN,WR,Active,2
462407340038025216,NCAA SUN BELT,462407342659465216,5,12,60,,7,4949,Derrius,Guice,WAS,RB,Active,1
462407340038025216,NCAA SUN BELT,462407342659465216,6,12,61,,7,4055,OJ,Howard,TB,TE,Active,2
462407340038025216,NCAA SUN BELT,462407342659465216,6,11,62,472546786053976064,5,5170,Phillip,Lindsay,DEN,RB,Active,1
462407340038025216,NCAA SUN BELT,462407342659465216,6,10,63,465019661495300096,6,3214,Hunter,Henry,LAC,TE,Active,3
462407340038025216,NCAA SUN BELT,462407342659465216,6,9,64,447283305738399744,4,3225,Tyler,Boyd,CIN,WR,Active,3
462407340038025216,NCAA SUN BELT,462407342659465216,6,8,65,464247141036978176,2,4157,Tarik,Cohen,CHI,RB,Active,2
462407340038025216,NCAA SUN BELT,462407342659465216,6,7,66,441330448283463680,10,4066,Evan,Engram,NYG,TE,Active,2
462407340038025216,NCAA SUN BELT,462407342659465216,6,6,67,465297932204109824,12,4098,Kareem,Hunt,CLE,RB,Non Football Injury,2
462407340038025216,NCAA SUN BELT,462407342659465216,6,5,68,441362521463451648,8,1149,Alshon,Jeffery,PHI,WR,Active,7
462407340038025216,NCAA SUN BELT,462407342659465216,6,4,69,461681329860243456,11,2118,Eric,Ebron,IND,TE,Active,5
462407340038025216,NCAA SUN BELT,462407342659465216,6,3,70,481957045667360768,3,1048,Lamar,Miller,HOU,RB,Active,7
462407340038025216,NCAA SUN BELT,462407342659465216,6,2,71,502892091546791936,1,4950,Christian,Kirk,ARI,WR,Active,1
462407340038025216,NCAA SUN BELT,462407342659465216,6,1,72,380128482900062208,9,5878,N'Keal,Harry,NE,WR,Active,0
462407340038025216,NCAA SUN BELT,462407342659465216,7,1,73,380128482900062208,9,4985,Rashaad,Penny,SEA,RB,Active,1
462407340038025216,NCAA SUN BELT,462407342659465216,7,2,74,502892091546791936,1,5846,D.K.,Metcalf,SEA,WR,Active,0
462407340038025216,NCAA SUN BELT,462407342659465216,7,3,75,481957045667360768,3,96,Aaron,Rodgers,GB,QB,Active,14
462407340038025216,NCAA SUN BELT,462407342659465216,7,4,76,461681329860243456,11,1848,James,White,NE,RB,Active,5
462407340038025216,NCAA SUN BELT,462407342659465216,7,5,77,441362521463451648,8,2378,Tevin,Coleman,SF,RB,Active,4
462407340038025216,NCAA SUN BELT,462407342659465216,7,6,78,465297932204109824,12,3161,Carson,Wentz,PHI,QB,Active,3
462407340038025216,NCAA SUN BELT,462407342659465216,7,7,79,441330448283463680,10,4992,Dante,Pettis,SF,WR,Active,1
462407340038025216,NCAA SUN BELT,462407342659465216,7,8,80,464247141036978176,2,1234,Russell,Wilson,SEA,QB,Active,7
462407340038025216,NCAA SUN BELT,462407342659465216,7,9,81,447283305738399744,4,4033,David,Njoku,CLE,TE,Active,2
462407340038025216,NCAA SUN BELT,462407342659465216,7,10,82,465019661495300096,6,954,Cam,Newton,CAR,QB,Active,8
462407340038025216,NCAA SUN BELT,462407342659465216,7,11,83,472546786053976064,5,3157,Will,Fuller,HOU,WR,Active,3
462407340038025216,NCAA SUN BELT,462407342659465216,7,12,84,,7,1111,Andrew,Luck,IND,QB,Active,7
462407340038025216,NCAA SUN BELT,462407342659465216,8,12,85,,7,5045,Courtland,Sutton,DEN,WR,Active,1
462407340038025216,NCAA SUN BELT,462407342659465216,8,11,86,472546786053976064,5,5844,T.J.,Hockenson,DET,TE,Active,0
462407340038025216,NCAA SUN BELT,462407342659465216,8,10,87,465019661495300096,6,3163,Jared,Goff,LAR,QB,Active,3
462407340038025216,NCAA SUN BELT,462407342659465216,8,9,88,447283305738399744,4,4881,Lamar,Jackson,BAL,QB,Active,1
462407340038025216,NCAA SUN BELT,462407342659465216,8,8,89,464247141036978176,2,3242,Kenyan,Drake,MIA,RB,Active,3
462407340038025216,NCAA SUN BELT,462407342659465216,8,7,90,441330448283463680,10,5849,Kyler,Murray,ARI,QB,Active,0
462407340038025216,NCAA SUN BELT,462407342659465216,8,6,91,465297932204109824,12,1587,Vance,McDonald,PIT,TE,Active,6
462407340038025216,NCAA SUN BELT,462407342659465216,8,5,92,441362521463451648,8,24,Matt,Ryan,ATL,QB,Active,11
462407340038025216,NCAA SUN BELT,462407342659465216,8,4,93,461681329860243456,11,3423,Robby,Anderson,NYJ,WR,Active,3
462407340038025216,NCAA SUN BELT,462407342659465216,8,3,94,481957045667360768,3,4082,Curtis,Samuel,CAR,WR,Active,2
462407340038025216,NCAA SUN BELT,462407342659465216,8,2,95,502892091546791936,1,3200,Sterling,Shepard,NYG,WR,Active,3
462407340038025216,NCAA SUN BELT,462407342659465216,8,1,96,380128482900062208,9,2306,Jameis,Winston,TB,QB,Active,4
462407340038025216,NCAA SUN BELT,462407342659465216,9,1,97,380128482900062208,9,5857,Noah,Fant,DEN,TE,Active,0
462407340038025216,NCAA SUN BELT,462407342659465216,9,2,98,502892091546791936,1,6130,Devin,Singletary,BUF,RB,Active,0
462407340038025216,NCAA SUN BELT,462407342659465216,9,3,99,481957045667360768,3,1837,Jimmy,Garoppolo,SF,QB,Active,5
462407340038025216,NCAA SUN BELT,462407342659465216,9,4,100,461681329860243456,11,4984,Josh,Allen,BUF,QB,Active,1
462407340038025216,NCAA SUN BELT,462407342659465216,9,5,101,441362521463451648,8,1817,Sammy,Watkins,KC,WR,Active,5
462407340038025216,NCAA SUN BELT,462407342659465216,9,6,102,465297932204109824,12,5872,Deebo,Samuel,SF,WR,Active,0
462407340038025216,NCAA SUN BELT,462407342659465216,9,7,103,441330448283463680,10,5916,Darrell,Henderson,LAR,RB,Active,0
462407340038025216,NCAA SUN BELT,462407342659465216,9,8,104,464247141036978176,2,CHI,Chicago,Bears,CHI,DEF,,
462407340038025216,NCAA SUN BELT,462407342659465216,9,9,105,447283305738399744,4,5859,A.J.,Brown,TEN,WR,Active,0
462407340038025216,NCAA SUN BELT,462407342659465216,9,10,106,465019661495300096,6,5022,Dallas,Goedert,PHI,TE,Active,1
462407340038025216,NCAA SUN BELT,462407342659465216,9,11,107,472546786053976064,5,5880,Parris,Campbell,IND,WR,Active,0
462407340038025216,NCAA SUN BELT,462407342659465216,9,12,108,,7,5848,Marquise,Brown,BAL,WR,Active,0
462407340038025216,NCAA SUN BELT,462407342659465216,10,12,109,,7,4663,Austin,Ekeler,LAC,RB,Active,2
462407340038025216,NCAA SUN BELT,462407342659465216,10,11,110,472546786053976064,5,5038,Michael,Gallup,DAL,WR,Active,1
462407340038025216,NCAA SUN BELT,462407342659465216,10,10,111,465019661495300096,6,5917,Mecole,Hardman,KC,WR,Active,0
462407340038025216,NCAA SUN BELT,462407342659465216,10,9,112,447283305738399744,4,4994,Kalen,Ballage,MIA,RB,Active,1
462407340038025216,NCAA SUN BELT,462407342659465216,10,8,113,464247141036978176,2,2382,Duke,Johnson,HOU,RB,Active,4
462407340038025216,NCAA SUN BELT,462407342659465216,10,7,114,441330448283463680,10,5890,Damien,Harris,NE,RB,Active,0
462407340038025216,NCAA SUN BELT,462407342659465216,10,6,115,465297932204109824,12,5046,Royce,Freeman,DEN,RB,Active,1
462407340038025216,NCAA SUN BELT,462407342659465216,10,5,116,441362521463451648,8,676,LeSean,McCoy,BUF,RB,Active,10
462407340038025216,NCAA SUN BELT,462407342659465216,10,4,117,461681329860243456,11,5012,Mark,Andrews,BAL,TE,Active,1
462407340038025216,NCAA SUN BELT,462407342659465216,10,3,118,481957045667360768,3,4455,Matt,Breida,SF,RB,Active,2
462407340038025216,NCAA SUN BELT,462407342659465216,10,2,119,502892091546791936,1,5013,Anthony,Miller,CHI,WR,Active,1
462407340038025216,NCAA SUN BELT,462407342659465216,10,1,120,380128482900062208,9,3976,Mitch,Trubisky,CHI,QB,Active,2
462407340038025216,NCAA SUN BELT,462407342659465216,11,1,121,380128482900062208,9,5995,Justice,Hill,BAL,RB,Active,0
462407340038025216,NCAA SUN BELT,462407342659465216,11,2,122,502892091546791936,1,5052,Ronald,Jones II,TB,RB,Active,1
462407340038025216,NCAA SUN BELT,462407342659465216,11,3,123,481957045667360768,3,284,Delanie,Walker,TEN,TE,Active,13
462407340038025216,NCAA SUN BELT,462407342659465216,11,4,124,461681329860243456,11,LAR,Los Angeles,Rams,LAR,DEF,,
462407340038025216,NCAA SUN BELT,462407342659465216,11,5,125,441362521463451648,8,367,Jared,Cook,NO,TE,Active,10
462407340038025216,NCAA SUN BELT,462407342659465216,11,6,126,465297932204109824,12,6148,Preston,Williams,MIA,WR,Active,0
462407340038025216,NCAA SUN BELT,462407342659465216,11,7,127,441330448283463680,10,1067,Marvin,Jones,DET,WR,Active,7
462407340038025216,NCAA SUN BELT,462407342659465216,11,8,128,464247141036978176,2,3202,Austin,Hooper,ATL,TE,Active,3
462407340038025216,NCAA SUN BELT,462407342659465216,11,9,129,447283305738399744,4,4146,Dede,Westbrook,JAX,WR,Active,2
462407340038025216,NCAA SUN BELT,462407342659465216,11,10,130,465019661495300096,6,DEN,Denver,Broncos,DEN,DEF,,
462407340038025216,NCAA SUN BELT,462407342659465216,11,11,131,472546786053976064,5,4943,Sam,Darnold,NYJ,QB,Active,1
462407340038025216,NCAA SUN BELT,462407342659465216,11,12,132,,7,5086,Marquez,Valdes-Scantling,GB,WR,Active,1
462407340038025216,NCAA SUN BELT,462407342659465216,12,12,133,,7,5004,Ito,Smith,ATL,RB,Active,1
462407340038025216,NCAA SUN BELT,462407342659465216,12,11,134,472546786053976064,5,1476,Latavius,Murray,NO,RB,Active,6
462407340038025216,NCAA SUN BELT,462407342659465216,12,10,135,465019661495300096,6,HOU,Houston,Texans,HOU,DEF,,
462407340038025216,NCAA SUN BELT,462407342659465216,12,9,136,447283305738399744,4,JAX,Jacksonville,Jaguars,JAX,DEF,,
462407340038025216,NCAA SUN BELT,462407342659465216,12,8,137,464247141036978176,2,2583,Tyrell,Williams,OAK,WR,Active,4
462407340038025216,NCAA SUN BELT,462407342659465216,12,7,138,441330448283463680,10,5915,Andy,Isabella,ARI,WR,Active,0
462407340038025216,NCAA SUN BELT,462407342659465216,12,6,139,465297932204109824,12,289,Drew,Brees,NO,QB,Active,18
462407340038025216,NCAA SUN BELT,462407342659465216,12,5,140,441362521463451648,8,CLE,Cleveland,Browns,CLE,DEF,,
462407340038025216,NCAA SUN BELT,462407342659465216,12,4,141,461681329860243456,11,788,Dion,Lewis,TEN,RB,Active,8
462407340038025216,NCAA SUN BELT,462407342659465216,12,3,142,481957045667360768,3,5967,Tony,Pollard,DAL,RB,Active,0
462407340038025216,NCAA SUN BELT,462407342659465216,12,2,143,502892091546791936,1,5863,JJ,Arcega-Whiteside,PHI,WR,Active,0
462407340038025216,NCAA SUN BELT,462407342659465216,12,1,144,380128482900062208,9,5007,Keke,Coutee,HOU,WR,Active,1
462407340038025216,NCAA SUN BELT,462407342659465216,13,1,145,380128482900062208,9,3306,Jordan,Howard,PHI,RB,Active,3
462407340038025216,NCAA SUN BELT,462407342659465216,13,2,146,502892091546791936,1,5026,Tre'Quan,Smith,NO,WR,Active,1
462407340038025216,NCAA SUN BELT,462407342659465216,13,3,147,481957045667360768,3,1244,Josh,Gordon,NE,WR,Active,7
462407340038025216,NCAA SUN BELT,462407342659465216,13,4,148,461681329860243456,11,5024,James,Washington,PIT,WR,Active,1
462407340038025216,NCAA SUN BELT,462407342659465216,13,5,149,441362521463451648,8,1971,Donte,Moncrief,PIT,WR,Active,5
462407340038025216,NCAA SUN BELT,462407342659465216,13,6,150,465297932204109824,12,MIN,Minnesota,Vikings,MIN,DEF,,
462407340038025216,NCAA SUN BELT,462407342659465216,13,7,151,441330448283463680,10,3294,Dak,Prescott,DAL,QB,Active,3
462407340038025216,NCAA SUN BELT,462407342659465216,13,8,152,464247141036978176,2,4111,D'Onta,Foreman,IND,RB,Active,2
462407340038025216,NCAA SUN BELT,462407342659465216,13,9,153,447283305738399744,4,5347,Nyheim,Hines,IND,RB,Active,1
462407340038025216,NCAA SUN BELT,462407342659465216,13,10,154,465019661495300096,6,2161,Jerick,McKinnon,SF,RB,Active,5
462407340038025216,NCAA SUN BELT,462407342659465216,13,11,155,472546786053976064,5,LAC,Los Angeles,Chargers,LAC,DEF,,
462407340038025216,NCAA SUN BELT,462407342659465216,13,12,156,,7,1793,Trey,Burton,CHI,TE,Active,5
462407340038025216,NCAA SUN BELT,462407342659465216,14,12,157,,7,5987,Alexander,Mattison,MIN,RB,Active,0
462407340038025216,NCAA SUN BELT,462407342659465216,14,11,158,472546786053976064,5,331,Philip,Rivers,LAC,QB,Active,15
462407340038025216,NCAA SUN BELT,462407342659465216,14,10,159,465019661495300096,6,BAL,Baltimore,Ravens,BAL,DEF,,
462407340038025216,NCAA SUN BELT,462407342659465216,14,9,160,447283305738399744,4,5107,Jaylen,Samuels,PIT,RB,Active,1
462407340038025216,NCAA SUN BELT,462407342659465216,14,8,161,464247141036978176,2,538,Emmanuel,Sanders,DEN,WR,Active,9
462407340038025216,NCAA SUN BELT,462407342659465216,14,7,162,441330448283463680,10,DAL,Dallas,Cowboys,DAL,DEF,,
462407340038025216,NCAA SUN BELT,462407342659465216,14,6,163,465297932204109824,12,2346,Devin,Funchess,IND,WR,Active,4
462407340038025216,NCAA SUN BELT,462407342659465216,14,5,164,441362521463451648,8,1502,Chris,Thompson,WAS,RB,Active,6
462407340038025216,NCAA SUN BELT,462407342659465216,14,4,165,461681329860243456,11,NE,New England,Patriots,NE,DEF,,
462407340038025216,NCAA SUN BELT,462407342659465216,14,3,166,481957045667360768,3,1346,Marquise,Goodwin,SF,WR,Active,6
462407340038025216,NCAA SUN BELT,462407342659465216,14,2,167,502892091546791936,1,4993,Mike,Gesicki,MIA,TE,Active,1
462407340038025216,NCAA SUN BELT,462407342659465216,14,1,168,380128482900062208,9,642,Golden,Tate,NYG,WR,Active,9
462407340038025216,NCAA SUN BELT,462407342659465216,15,1,169,380128482900062208,9,5009,Chris,Herndon IV,NYJ,TE,Suspended,1
462407340038025216,NCAA SUN BELT,462407342659465216,15,2,170,502892091546791936,1,5845,Dwayne,Haskins,WAS,QB,Active,0
462407340038025216,NCAA SUN BELT,462407342659465216,15,3,171,481957045667360768,3,5131,Justin,Jackson,LAC,RB,Active,1
462407340038025216,NCAA SUN BELT,462407342659465216,15,4,172,461681329860243456,11,5886,Hakeem,Butler,ARI,WR,Active,0
462407340038025216,NCAA SUN BELT,462407342659465216,15,5,173,441362521463451648,8,2410,Jamison,Crowder,NYJ,WR,Active,4
462407340038025216,NCAA SUN BELT,462407342659465216,15,6,174,465297932204109824,12,5965,Miles,Boykin,BAL,WR,Active,0
462407340038025216,NCAA SUN BELT,462407342659465216,15,7,175,441330448283463680,10,3503,Geronimo,Allison,GB,WR,Active,3
462407340038025216,NCAA SUN BELT,462407342659465216,15,8,176,464247141036978176,2,KC,Kansas City,Chiefs,KC,DEF,,
462407340038025216,NCAA SUN BELT,462407342659465216,15,9,177,447283305738399744,4,4089,Gerald,Everett,LAR,TE,Active,2
462407340038025216,NCAA SUN BELT,462407342659465216,15,10,178,465019661495300096,6,6178,Darwin,Thompson,KC,RB,Active,0
462407340038025216,NCAA SUN BELT,462407342659465216,15,11,179,472546786053976064,5,2238,John,Brown,BUF,WR,Active,5
462407340038025216,NCAA SUN BELT,462407342659465216,15,12,180,,7,5927,Terry,McLaurin,WAS,WR,Active,0
462407340038025216,NCAA SUN BELT,462407342659465216,16,12,181,,7,223,Larry,Fitzgerald,ARI,WR,Active,15
462407340038025216,NCAA SUN BELT,462407342659465216,16,11,182,472546786053976064,5,1170,Alfred,Morris,DAL,RB,Active,7
462407340038025216,NCAA SUN BELT,462407342659465216,16,10,183,465019661495300096,6,2028,Derek,Carr,OAK,QB,Active,5
462407340038025216,NCAA SUN BELT,462407342659465216,16,9,184,447283305738399744,4,1166,Kirk,Cousins,MIN,QB,Active,7
462407340038025216,NCAA SUN BELT,462407342659465216,16,8,185,464247141036978176,2,5911,Jalen,Hurd,SF,WR,Active,0
462407340038025216,NCAA SUN BELT,462407342659465216,16,7,186,441330448283463680,10,6156,Benny,Snell Jr.,PIT,RB,Active,0
462407340038025216,NCAA SUN BELT,462407342659465216,16,6,187,465297932204109824,12,6107,Emmanuel,Butler,NO,WR,Active,0
462407340038025216,NCAA SUN BELT,462407342659465216,16,5,188,441362521463451648,8,3594,Peyton,Barber,TB,RB,Active,3
462407340038025216,NCAA SUN BELT,462407342659465216,16,4,189,461681329860243456,11,6007,Ryquell,Armstead,JAX,RB,Active,0
462407340038025216,NCAA SUN BELT,462407342659465216,16,3,190,481957045667360768,3,1500,Jordan,Reed,WAS,TE,Active,6
462407340038025216,NCAA SUN BELT,462407342659465216,16,2,191,502892091546791936,1,NO,New Orleans,Saints,NO,DEF,,
462407340038025216,NCAA SUN BELT,462407342659465216,16,1,192,380128482900062208,9,2257,Carlos,Hyde,KC,RB,Active,5
462407340038025216,NCAA SUN BELT,462407342659465216,17,1,193,380128482900062208,9,5870,Daniel,Jones,NYG,QB,Active,0
462407340038025216,NCAA SUN BELT,462407342659465216,17,2,194,502892091546791936,1,3451,Ka'imi,Fairbairn,HOU,K,Active,3
462407340038025216,NCAA SUN BELT,462407342659465216,17,3,195,481957045667360768,3,928,Randall,Cobb,DAL,WR,Active,8
462407340038025216,NCAA SUN BELT,462407342659465216,17,4,196,461681329860243456,11,1264,Justin,Tucker,BAL,K,Active,7
462407340038025216,NCAA SUN BELT,462407342659465216,17,5,197,441362521463451648,8,943,Kyle,Rudolph,MIN,TE,Active,8
462407340038025216,NCAA SUN BELT,462407342659465216,17,6,198,465297932204109824,12,184,Adrian,Peterson,WAS,RB,Active,12
462407340038025216,NCAA SUN BELT,462407342659465216,17,7,199,441330448283463680,10,138,Ben,Roethlisberger,PIT,QB,Active,15
462407340038025216,NCAA SUN BELT,462407342659465216,17,8,200,464247141036978176,2,1750,Giorgio,Tavecchio,ATL,K,Active,7
462407340038025216,NCAA SUN BELT,462407342659465216,17,9,201,447283305738399744,4,2319,Devante,Parker,MIA,WR,Active,4
462407340038025216,NCAA SUN BELT,462407342659465216,17,10,202,465019661495300096,6,1266,Greg,Zuerlein,LAR,K,Active,7
462407340038025216,NCAA SUN BELT,462407342659465216,17,11,203,472546786053976064,5,PIT,Pittsburgh,Steelers,PIT,DEF,,
462407340038025216,NCAA SUN BELT,462407342659465216,17,12,204,,7,2307,Marcus,Mariota,TEN,QB,Active,4
462407340038025216,NCAA SUN BELT,462407342659465216,18,12,205,,7,IND,Indianapolis,Colts,IND,DEF,,
462407340038025216,NCAA SUN BELT,462407342659465216,18,11,206,472546786053976064,5,4227,Harrison,Butker,KC,K,Active,2
462407340038025216,NCAA SUN BELT,462407342659465216,18,10,207,465019661495300096,6,49,Robbie,Gould,SF,K,Active,14
462407340038025216,NCAA SUN BELT,462407342659465216,18,9,208,447283305738399744,4,3678,Wil,Lutz,NO,K,Active,3
462407340038025216,NCAA SUN BELT,462407342659465216,18,8,209,464247141036978176,2,147,DeSean,Jackson,PHI,WR,Active,11
462407340038025216,NCAA SUN BELT,462407342659465216,18,7,210,441330448283463680,10,2431,Mike,Davis,CHI,RB,Active,4
462407340038025216,NCAA SUN BELT,462407342659465216,18,6,211,465297932204109824,12,110,Stephen,Gostkowski,NE,K,Active,13
462407340038025216,NCAA SUN BELT,462407342659465216,18,5,212,441362521463451648,8,2747,Jason,Myers,SEA,K,Active,4
462407340038025216,NCAA SUN BELT,462407342659465216,18,4,213,461681329860243456,11,4195,Jake,Elliott,PHI,K,Active,2
462407340038025216,NCAA SUN BELT,462407342659465216,18,3,214,481957045667360768,3,1071,Mohamed,Sanu,ATL,WR,Active,7
462407340038025216,NCAA SUN BELT,462407342659465216,18,2,215,502892091546791936,1,5310,Antonio,Callaway,CLE,WR,Suspended,1
462407340038025216,NCAA SUN BELT,462407342659465216,18,1,216,380128482900062208,9,PHI,Philadelphia,Eagles,PHI,DEF,,
462407340038025216,NCAA SUN BELT,462407342659465216,19,1,217,380128482900062208,9,503,Graham,Gano,CAR,K,Active,10
462407340038025216,NCAA SUN BELT,462407342659465216,19,2,218,502892091546791936,1,5230,Michael,Badgley,LAC,K,Practice Squad,1
462407340038025216,NCAA SUN BELT,462407342659465216,19,3,219,481957045667360768,3,ARI,Arizona,Cardinals,ARI,DEF,,
462407340038025216,NCAA SUN BELT,462407342659465216,19,4,220,461681329860243456,11,1854,Quincy,Enunwa,NYJ,WR,Active,5
462407340038025216,NCAA SUN BELT,462407342659465216,19,5,221,441362521463451648,8,167,Tom,Brady,NE,QB,Active,19
462407340038025216,NCAA SUN BELT,462407342659465216,19,6,222,465297932204109824,12,58,Greg,Olsen,CAR,TE,Active,12
462407340038025216,NCAA SUN BELT,462407342659465216,19,7,223,441330448283463680,10,5937,Diontae,Johnson,PIT,WR,Active,0
462407340038025216,NCAA SUN BELT,462407342659465216,19,8,224,464247141036978176,2,2004,Cody,Latimer,NYG,WR,Active,5
462407340038025216,NCAA SUN BELT,462407342659465216,19,9,225,447283305738399744,4,5947,Jakobi,Meyers,NE,WR,Active,0
462407340038025216,NCAA SUN BELT,462407342659465216,19,10,226,465019661495300096,6,6126,Irv,Smith Jr.,MIN,TE,Active,0
462407340038025216,NCAA SUN BELT,462407342659465216,19,11,227,472546786053976064,5,4149,Jamaal,Williams,GB,RB,Active,2
462407340038025216,NCAA SUN BELT,462407342659465216,19,12,228,,7,6139,Jace,Sternberger,GB,TE,Active,0
462407340038025216,NCAA SUN BELT,462407342659465216,20,12,229,,7,2242,Chandler,Catanzaro,NYJ,K,Active,5
462407340038025216,NCAA SUN BELT,462407342659465216,20,11,230,472546786053976064,5,4995,Ian,Thomas,CAR,TE,Active,1
462407340038025216,NCAA SUN BELT,462407342659465216,20,10,231,465019661495300096,6,4998,Daesean,Hamilton,DEN,WR,Active,1
462407340038025216,NCAA SUN BELT,462407342659465216,20,9,232,447283305738399744,4,4187,Brian,Hill,ATL,RB,Active,2
462407340038025216,NCAA SUN BELT,462407342659465216,20,8,233,464247141036978176,2,1911,Willie,Snead,BAL,WR,Active,5
462407340038025216,NCAA SUN BELT,462407342659465216,20,7,234,441330448283463680,10,2505,Darren,Waller,OAK,TE,Practice Squad,4
462407340038025216,NCAA SUN BELT,462407342659465216,20,6,235,465297932204109824,12,5250,Robert,Foster,BUF,WR,Active,1
462407340038025216,NCAA SUN BELT,462407342659465216,20,5,236,441362521463451648,8,1555,Kenny,Stills,MIA,WR,Active,6
462407340038025216,NCAA SUN BELT,462407342659465216,20,4,237,461681329860243456,11,5973,Josh,Oliver,JAX,TE,Active,0
462407340038025216,NCAA SUN BELT,462407342659465216,20,3,238,481957045667360768,3,17,Matt,Prater,DET,K,Active,13
462407340038025216,NCAA SUN BELT,462407342659465216,20,2,239,502892091546791936,1,2341,TJ,Yeldon,BUF,RB,Active,4
462407340038025216,NCAA SUN BELT,462407342659465216,20,1,240,380128482900062208,9,1706,Jack,Doyle,IND,TE,Active,6
462407340038025216,NCAA SUN BELT,462407342659465216,21,1,241,380128482900062208,9,2821,Jake,Kumerow,GB,WR,Active,4
462407340038025216,NCAA SUN BELT,462407342659465216,21,2,242,502892091546791936,1,5000,Chase,Edmonds,ARI,RB,Active,1
462407340038025216,NCAA SUN BELT,462407342659465216,21,3,243,481957045667360768,3,421,Matthew,Stafford,DET,QB,Active,10
462407340038025216,NCAA SUN BELT,462407342659465216,21,4,244,461681329860243456,11,4263,Elijah,McGuire,NYJ,RB,Active,2
462407340038025216,NCAA SUN BELT,462407342659465216,21,5,245,441362521463451648,8,1451,CJ,Anderson,DET,RB,Active,6
462407340038025216,NCAA SUN BELT,462407342659465216,21,6,246,465297932204109824,12,2822,Adam,Humphries,TEN,WR,Active,4
462407340038025216,NCAA SUN BELT,462407342659465216,21,7,247,441330448283463680,10,1386,Giovani,Bernard,CIN,RB,Active,6
462407340038025216,NCAA SUN BELT,462407342659465216,21,8,248,464247141036978176,2,5185,Allen,Lazard,GB,WR,Practice Squad,1
462407340038025216,NCAA SUN BELT,462407342659465216,21,9,249,447283305738399744,4,5889,Bryce,Love,WAS,RB,Non Football Injury,0
462407340038025216,NCAA SUN BELT,462407342659465216,21,10,250,465019661495300096,6,5955,Hunter,Renfrow,OAK,WR,Active,0
462407340038025216,NCAA SUN BELT,462407342659465216,21,11,251,472546786053976064,5,4958,Brett,Maher,DAL,K,Active,6
462407340038025216,NCAA SUN BELT,462407342659465216,21,12,252,,7,3328,Rashard,Higgins,CLE,WR,Active,3
462407340038025216,NCAA SUN BELT,462407342659465216,22,12,253,,7,1388,Tyler,Eifert,CIN,TE,Active,6
462407340038025216,NCAA SUN BELT,462407342659465216,22,11,254,472546786053976064,5,4080,Zay,Jones,BUF,WR,Active,2
462407340038025216,NCAA SUN BELT,462407342659465216,22,10,255,465019661495300096,6,5248,Gus,Edwards,BAL,RB,Active,1
462407340038025216,NCAA SUN BELT,462407342659465216,22,9,256,447283305738399744,4,2025,Albert,Wilson,MIA,WR,Active,5
462407340038025216,NCAA SUN BELT,462407342659465216,22,8,257,464247141036978176,2,5974,Trace,McSorley,BAL,QB,Active,0
462407340038025216,NCAA SUN BELT,462407342659465216,22,7,258,441330448283463680,10,5884,Kelvin,Harmon,WAS,WR,Active,0
462407340038025216,NCAA SUN BELT,462407342659465216,22,6,259,465297932204109824,12,SEA,Seattle,Seahawks,SEA,DEF,,
462407340038025216,NCAA SUN BELT,462407342659465216,22,5,260,441362521463451648,8,2399,Ty,Montgomery,NYJ,RB,Active,4
462407340038025216,NCAA SUN BELT,462407342659465216,22,4,261,461681329860243456,11,4274,David,Moore,SEA,WR,Active,2
462407340038025216,NCAA SUN BELT,462407342659465216,22,3,262,481957045667360768,3,2325,Nelson,Agholor,PHI,WR,Active,4
462407340038025216,NCAA SUN BELT,462407342659465216,22,2,263,502892091546791936,1,4038,John,Ross,CIN,WR,Active,2
462407340038025216,NCAA SUN BELT,462407342659465216,22,1,264,380128482900062208,9,NYJ,New York,Jets,NYJ,DEF,,
462407340038025216,NCAA SUN BELT,462407342659465216,23,1,265,380128482900062208,9,6002,Qadree,Ollison,ATL,RB,Active,0
462407340038025216,NCAA SUN BELT,462407342659465216,23,2,266,502892091546791936,1,CAR,Carolina,Panthers,CAR,DEF,,
462407340038025216,NCAA SUN BELT,462407342659465216,23,3,267,481957045667360768,3,4951,D.J.,Chark,JAX,WR,Active,1
462407340038025216,NCAA SUN BELT,462407342659465216,23,4,268,461681329860243456,11,4171,Josh,Reynolds,LAR,WR,Active,2
462407340038025216,NCAA SUN BELT,462407342659465216,23,5,269,441362521463451648,8,5010,Will,Dissly,SEA,TE,Active,1
462407340038025216,NCAA SUN BELT,462407342659465216,23,6,270,465297932204109824,12,899,Dan,Bailey,MIN,K,Active,8
462407340038025216,NCAA SUN BELT,462407342659465216,23,7,271,441330448283463680,10,6072,Bruce,Anderson,TB,RB,Active,0
462407340038025216,NCAA SUN BELT,462407342659465216,23,8,272,464247141036978176,2,5919,Elijah,Holyfield,CAR,RB,Active,0
462407340038025216,NCAA SUN BELT,462407342659465216,23,9,273,447283305738399744,4,6196,Christian,Wade,BUF,RB,Practice Squad,0
462407340038025216,NCAA SUN BELT,462407342659465216,23,10,274,465019661495300096,6,1433,Brandon,McManus,DEN,K,Active,6
462407340038025216,NCAA SUN BELT,462407342659465216,23,11,275,472546786053976064,5,5536,Dontrell,Hilliard,CLE,RB,Active,1
462407340038025216,NCAA SUN BELT,462407342659465216,23,12,276,,7,5873,Riley,Ridley,CHI,WR,Active,0
462407340038025216,NCAA SUN BELT,462407342659465216,24,12,277,,7,59,Mason,Crosby,GB,K,Active,12
462407340038025216,NCAA SUN BELT,462407342659465216,24,11,278,472546786053976064,5,5323,Equanimeous,St. Brown,GB,WR,Active,1
462407340038025216,NCAA SUN BELT,462407342659465216,24,10,279,465019661495300096,6,5906,Dawson,Knox,BUF,TE,Active,0
462407340038025216,NCAA SUN BELT,462407342659465216,24,9,280,447283305738399744,4,2944,Matt,LaCosse,NE,TE,Active,4
462407340038025216,NCAA SUN BELT,462407342659465216,24,8,281,464247141036978176,2,5130,Auden,Tate,CIN,WR,Practice Squad,1
462407340038025216,NCAA SUN BELT,462407342659465216,24,7,282,441330448283463680,10,GB,Green Bay,Packers,GB,DEF,,
462407340038025216,NCAA SUN BELT,462407342659465216,24,6,283,465297932204109824,12,6153,Dexter,Williams,GB,RB,Active,0
462407340038025216,NCAA SUN BELT,462407342659465216,24,5,284,441362521463451648,8,6136,Jarrett,Stidham,NE,QB,Active,0
462407340038025216,NCAA SUN BELT,462407342659465216,24,4,285,461681329860243456,11,829,Andy,Dalton,CIN,QB,Active,8
462407340038025216,NCAA SUN BELT,462407342659465216,24,3,286,481957045667360768,3,1987,Marqise,Lee,JAX,WR,Physically Unable to Perform,5
462407340038025216,NCAA SUN BELT,462407342659465216,24,2,287,502892091546791936,1,4863,Josh,Rosen,MIA,QB,Active,1
462407340038025216,NCAA SUN BELT,462407342659465216,24,1,288,380128482900062208,9,1903,Taylor,Gabriel,CHI,WR,Active,5
462407340038025216,NCAA SUN BELT,462407342659465216,25,1,289,380128482900062208,9,6167,Jordan,Scarlett,CAR,RB,Active,0
462407340038025216,NCAA SUN BELT,462407342659465216,25,2,290,502892091546791936,1,6068,Devine,Ozigbo,NO,RB,Active,0
462407340038025216,NCAA SUN BELT,462407342659465216,25,3,291,481957045667360768,3,BUF,Buffalo,Bills,BUF,DEF,,
462407340038025216,NCAA SUN BELT,462407342659465216,25,4,292,461681329860243456,11,616,Jimmy,Graham,GB,TE,Active,9
462407340038025216,NCAA SUN BELT,462407342659465216,25,5,293,441362521463451648,8,SF,San Francisco,49ers,SF,DEF,,
462407340038025216,NCAA SUN BELT,462407342659465216,25,6,294,465297932204109824,12,1029,Nick,Foles,JAX,QB,Active,7
462407340038025216,NCAA SUN BELT,462407342659465216,25,7,295,441330448283463680,10,1945,Chris,Boswell,PIT,K,Active,5
462407340038025216,NCAA SUN BELT,462407342659465216,25,8,296,464247141036978176,2,5139,Trey,Quinn,WAS,WR,Active,1
462407340038025216,NCAA SUN BELT,462407342659465216,25,9,297,447283305738399744,4,WAS,Washington,Redskins,WAS,DEF,,
462407340038025216,NCAA SUN BELT,462407342659465216,25,10,298,465019661495300096,6,5980,Myles,Gaskin,MIA,RB,Active,0
462407340038025216,NCAA SUN BELT,462407342659465216,25,11,299,472546786053976064,5,4531,Ricky,Seals-Jones,ARI,TE,Active,2
462407340038025216,NCAA SUN BELT,462407342659465216,25,12,300,,7,5854,Drew,Lock,DEN,QB,Active,0
462407340038025216,NCAA SUN BELT,462407342659465216,26,12,301,,7,3868,Jalen,Richard,OAK,RB,Active,3
462407340038025216,NCAA SUN BELT,462407342659465216,26,11,302,472546786053976064,5,5903,Will,Grier,CAR,QB,Active,0
462407340038025216,NCAA SUN BELT,462407342659465216,26,10,303,465019661495300096,6,6223,Juwann,Winfree,DEN,WR,Active,0
462407340038025216,NCAA SUN BELT,462407342659465216,26,9,304,447283305738399744,4,1387,Rex,Burkhead,NE,RB,Active,6
462407340038025216,NCAA SUN BELT,462407342659465216,26,8,305,464247141036978176,2,2152,Teddy,Bridgewater,NO,QB,Active,5
462407340038025216,NCAA SUN BELT,462407342659465216,26,7,306,441330448283463680,10,2279,Paul,Richardson,WAS,WR,Active,5
462407340038025216,NCAA SUN BELT,462407342659465216,26,6,307,465297932204109824,12,1144,Cole,Beasley,BUF,WR,Active,7
462407340038025216,NCAA SUN BELT,462407342659465216,26,5,308,441362521463451648,8,1944,Alfred,Blue,JAX,RB,Active,5
462407340038025216,NCAA SUN BELT,462407342659465216,26,4,309,461681329860243456,11,818,Bilal,Powell,NYJ,RB,Active,8
462407340038025216,NCAA SUN BELT,462407342659465216,26,3,310,481957045667360768,3,4973,Hayden,Hurst,BAL,TE,Active,1
462407340038025216,NCAA SUN BELT,462407342659465216,26,2,311,502892091546791936,1,2545,Geoff,Swaim,JAX,TE,Active,4
462407340038025216,NCAA SUN BELT,462407342659465216,26,1,312,380128482900062208,9,5985,Foster,Moreau,OAK,TE,Active,0
462407340038025216,NCAA SUN BELT,462407342659465216,27,1,313,380128482900062208,9,5918,Rodney,Anderson,CIN,RB,Active,0
462407340038025216,NCAA SUN BELT,462407342659465216,27,2,314,502892091546791936,1,TEN,Tennessee,Titans,TEN,DEF,,
462407340038025216,NCAA SUN BELT,462407342659465216,27,3,315,481957045667360768,3,ATL,Atlanta,Falcons,ATL,DEF,,
462407340038025216,NCAA SUN BELT,462407342659465216,27,4,316,461681329860243456,11,1215,Jarius,Wright,CAR,WR,Active,7
462407340038025216,NCAA SUN BELT,462407342659465216,27,5,317,441362521463451648,8,3827,Aldrick,Rosas,NYG,K,Active,3
462407340038025216,NCAA SUN BELT,462407342659465216,27,6,318,465297932204109824,12,5570,Chad,Beebe,MIN,WR,Active,1
462407340038025216,NCAA SUN BELT,462407342659465216,27,7,319,441330448283463680,10,3286,Demarcus,Robinson,KC,WR,Active,3
462407340038025216,NCAA SUN BELT,462407342659465216,27,8,320,464247141036978176,2,5112,Bo,Scarbrough,SEA,RB,Practice Squad,1
462407340038025216,NCAA SUN BELT,462407342659465216,27,9,321,447283305738399744,4,2334,Phillip,Dorsett,NE,WR,Active,4
462407340038025216,NCAA SUN BELT,462407342659465216,27,10,322,465019661495300096,6,19,Joe,Flacco,DEN,QB,Active,11
462407340038025216,NCAA SUN BELT,462407342659465216,27,11,323,472546786053976064,5,3178,Josh,Doctson,WAS,WR,Active,3
462407340038025216,NCAA SUN BELT,462407342659465216,27,12,324,,7,5102,Daurice,Fountain,IND,WR,Active,1
462407340038025216,NCAA SUN BELT,462407342659465216,28,12,325,,7,2588,Malcolm,Brown,LAR,RB,Active,4
462407340038025216,NCAA SUN BELT,462407342659465216,28,11,326,472546786053976064,5,988,Doug,Baldwin,,WR,Inactive,8
462407340038025216,NCAA SUN BELT,462407342659465216,28,10,327,465019661495300096,6,4125,Taywan,Taylor,TEN,WR,Active,2
462407340038025216,NCAA SUN BELT,462407342659465216,28,9,328,447283305738399744,4,4622,Keelan,Cole,JAX,WR,Active,2
462407340038025216,NCAA SUN BELT,462407342659465216,28,8,329,464247141036978176,2,1684,Jaron,Brown,SEA,WR,Active,6
462407340038025216,NCAA SUN BELT,462407342659465216,28,7,330,441330448283463680,10,5101,Deon,Cain,IND,WR,Active,1
462407340038025216,NCAA SUN BELT,462407342659465216,28,6,331,465297932204109824,12,23,Jason,Witten,DAL,TE,Active,16
462407340038025216,NCAA SUN BELT,462407342659465216,28,5,332,441362521463451648,8,188,Eli,Manning,NYG,QB,Active,15
462407340038025216,NCAA SUN BELT,462407342659465216,28,4,333,461681329860243456,11,4144,Jonnu,Smith,TEN,TE,Physically Unable to Perform,2
462407340038025216,NCAA SUN BELT,462407342659465216,28,3,334,481957045667360768,3,4454,Kendrick,Bourne,SF,WR,Active,2
462407340038025216,NCAA SUN BELT,462407342659465216,28,2,335,502892091546791936,1,5136,Josh,Adams,PHI,RB,Active,1
462407340038025216,NCAA SUN BELT,462407342659465216,28,1,336,380128482900062208,9,5374,Justin,Watson,TB,WR,Active,1
462407340038025216,NCAA SUN BELT,462407342659465216,29,1,337,380128482900062208,9,6144,Trayveon,Williams,CIN,RB,Active,0
462407340038025216,NCAA SUN BELT,462407342659465216,29,2,338,502892091546791936,1,333,Ryan,Fitzpatrick,MIA,QB,Active,14
462407340038025216,NCAA SUN BELT,462407342659465216,29,3,339,481957045667360768,3,1049,Ryan,Tannehill,TEN,QB,Active,7
462407340038025216,NCAA SUN BELT,462407342659465216,29,4,340,461681329860243456,11,6149,Darius,Slayton,NYG,WR,Active,0
462407340038025216,NCAA SUN BELT,462407342659465216,29,5,341,441362521463451648,8,5962,Keesean,Johnson,ARI,WR,Active,0
462407340038025216,NCAA SUN BELT,462407342659465216,29,6,342,465297932204109824,12,2381,Chris,Conley,JAX,WR,Active,4
462407340038025216,NCAA SUN BELT,462407342659465216,29,7,343,441330448283463680,10,1077,Travis,Benjamin,LAC,WR,Active,7
462407340038025216,NCAA SUN BELT,462407342659465216,29,8,344,464247141036978176,2,6083,Matt,Gay,TB,K,Active,0
462407340038025216,NCAA SUN BELT,462407342659465216,29,9,345,447283305738399744,4,2477,Cameron,Artis-Payne,CAR,RB,Active,4
462407340038025216,NCAA SUN BELT,462407342659465216,29,10,346,465019661495300096,6,6001,Drew,Sample,CIN,TE,Active,0
462407340038025216,NCAA SUN BELT,462407342659465216,29,11,347,472546786053976064,5,2892,Rod,Smith,NYG,RB,Active,4
462407340038025216,NCAA SUN BELT,462407342659465216,29,12,348,,7,5975,Alize,Mack,NO,TE,Active,0
462407340038025216,NCAA SUN BELT,462407342659465216,30,12,349,,7,2560,Zach,Zenner,DET,RB,Active,4
462407340038025216,NCAA SUN BELT,462407342659465216,30,11,350,472546786053976064,5,6159,Mike,Weber,DAL,RB,Active,0
462407340038025216,NCAA SUN BELT,462407342659465216,30,10,351,465019661495300096,6,5977,Terry,Godwin,CAR,WR,Active,0
462407340038025216,NCAA SUN BELT,462407342659465216,30,9,352,447283305738399744,4,120,Adam,Vinatieri,IND,K,Active,23
462407340038025216,NCAA SUN BELT,462407342659465216,30,8,353,464247141036978176,2,4972,Mason,Rudolph,PIT,QB,Active,1
462407340038025216,NCAA SUN BELT,462407342659465216,30,7,354,441330448283463680,10,2020,Cairo,Santos,TB,K,Active,5
462407340038025216,NCAA SUN BELT,462407342659465216,30,6,355,465297932204109824,12,6012,Travis,Homer,SEA,RB,Active,0
462407340038025216,NCAA SUN BELT,462407342659465216,30,5,356,441362521463451648,8,775,Steven,Hauschka,BUF,K,Active,11
462407340038025216,NCAA SUN BELT,462407342659465216,30,4,357,461681329860243456,11,6208,Elliott,Fry,CHI,K,Active,0
462407340038025216,NCAA SUN BELT,462407342659465216,30,3,358,481957045667360768,3,4197,Isaiah,McKenzie,BUF,WR,Practice Squad,2
462407340038025216,NCAA SUN BELT,462407342659465216,30,2,359,502892091546791936,1,5119,Jason,Sanders,MIA,K,Active,1
462407340038025216,NCAA SUN BELT,462407342659465216,30,1,360,380128482900062208,9,391,Ryan,Succop,TEN,K,Active,10
462407340038025216,NCAA SUN BELT,462407342659465216,31,1,361,380128482900062208,9,1348,Dustin,Hopkins,WAS,K,Active,6
462407340038025216,NCAA SUN BELT,462407342659465216,31,2,362,502892091546791936,1,1979,Blake,Bortles,LAR,QB,Active,5
462407340038025216,NCAA SUN BELT,462407342659465216,31,3,363,481957045667360768,3,2214,Cameron,Brate,TB,TE,Active,5
462407340038025216,NCAA SUN BELT,462407342659465216,31,4,364,461681329860243456,11,2222,Austin,Seferian-Jenkins,,TE,Inactive,5
462407340038025216,NCAA SUN BELT,462407342659465216,31,5,365,441362521463451648,8,3271,Tyler,Higbee,LAR,TE,Active,3
462407340038025216,NCAA SUN BELT,462407342659465216,31,6,366,465297932204109824,12,6045,Gary,Jennings Jr.,SEA,WR,Active,0
462407340038025216,NCAA SUN BELT,462407342659465216,31,7,367,441330448283463680,10,695,Ted,Ginn,NO,WR,Active,12
462407340038025216,NCAA SUN BELT,462407342659465216,31,8,368,464247141036978176,2,4051,Chad,Kelly,IND,QB,Active,2
462407340038025216,NCAA SUN BELT,462407342659465216,31,9,369,447283305738399744,4,2003,Bennie,Fowler,NYG,WR,Active,5
462407340038025216,NCAA SUN BELT,462407342659465216,31,10,370,465019661495300096,6,5885,Ryan,Finley,CIN,QB,Active,0
462407340038025216,NCAA SUN BELT,462407342659465216,31,11,371,472546786053976064,5,3208,Kenneth,Dixon,BAL,RB,Active,3
462407340038025216,NCAA SUN BELT,462407342659465216,31,12,372,,7,5100,Jordan,Wilkins,IND,RB,Active,1
462407340038025216,NCAA SUN BELT,462407342659465216,32,12,373,,7,1575,Andre,Ellington,TB,RB,Active,6
462407340038025216,NCAA SUN BELT,462407342659465216,32,11,374,472546786053976064,5,560,Demaryius,Thomas,NE,WR,Physically Unable to Perform,9
462407340038025216,NCAA SUN BELT,462407342659465216,32,10,375,465019661495300096,6,4942,Marcell,Ateman,OAK,WR,Active,1
462407340038025216,NCAA SUN BELT,462407342659465216,32,9,376,447283305738399744,4,4218,Trent,Taylor,SF,WR,Active,2
462407340038025216,NCAA SUN BELT,462407342659465216,32,8,377,464247141036978176,2,6039,Ty,Johnson,DET,RB,Active,0
462407340038025216,NCAA SUN BELT,462407342659465216,32,7,378,441330448283463680,10,491,Danny,Amendola,DET,WR,Active,11
462407340038025216,NCAA SUN BELT,462407342659465216,32,6,379,465297932204109824,12,2460,CJ,Uzomah,CIN,TE,Active,4
462407340038025216,NCAA SUN BELT,462407342659465216,32,5,380,441362521463451648,8,3209,Devontae,Booker,DEN,RB,Active,3
462407340038025216,NCAA SUN BELT,462407342659465216,32,4,381,461681329860243456,11,DET,Detroit,Lions,DET,DEF,,
462407340038025216,NCAA SUN BELT,462407342659465216,32,3,382,481957045667360768,3,1567,Tavon,Austin,DAL,RB,Active,6
462407340038025216,NCAA SUN BELT,462407342659465216,32,2,383,502892091546791936,1,MIA,Miami,Dolphins,MIA,DEF,,
462407340038025216,NCAA SUN BELT,462407342659465216,32,1,384,380128482900062208,9,4571,Blake,Jarwin,DAL,TE,Active,2
462407340038025216,NCAA SUN BELT,462407342659465216,33,1,385,380128482900062208,9,6011,Gardner,Minshew,JAX,QB,Active,0
462407340038025216,NCAA SUN BELT,462407342659465216,33,2,386,502892091546791936,1,6164,Kahale,Warring,HOU,TE,Active,0
462407340038025216,NCAA SUN BELT,462407342659465216,33,3,387,481957045667360768,3,6334,Damarea,Crockett,HOU,RB,Active,0
462407340038025216,NCAA SUN BELT,462407342659465216,33,4,388,461681329860243456,11,2331,Breshad,Perriman,TB,WR,Active,4
462407340038025216,NCAA SUN BELT,462407342659465216,33,5,389,441362521463451648,8,1535,Cordarrelle,Patterson,CHI,RB,Active,6
462407340038025216,NCAA SUN BELT,462407342659465216,33,6,390,465297932204109824,12,CIN,Cincinnati,Bengals,CIN,DEF,,
462407340038025216,NCAA SUN BELT,462407342659465216,33,7,391,441330448283463680,10,4151,Jake,Butt,DEN,TE,Practice Squad,2
462407340038025216,NCAA SUN BELT,462407342659465216,33,8,392,464247141036978176,2,6115,Wes,Hills,ARI,RB,Active,0
462407340038025216,NCAA SUN BELT,462407342659465216,33,9,393,447283305738399744,4,1517,Theo,Riddick,DEN,RB,Active,6
462407340038025216,NCAA SUN BELT,462407342659465216,33,10,394,465019661495300096,6,5117,Jordan,Thomas,HOU,TE,Active,1
462407340038025216,NCAA SUN BELT,462407342659465216,33,11,395,472546786053976064,5,1601,Spencer,Ware,IND,RB,Physically Unable to Perform,6
462407340038025216,NCAA SUN BELT,462407342659465216,33,12,396,,7,NYG,New York,Giants,NYG,DEF,,
462407340038025216,NCAA SUN BELT,462407342659465216,34,12,397,,7,TB,Tampa Bay,Buccaneers,TB,DEF,,
462407340038025216,NCAA SUN BELT,462407342659465216,34,11,398,472546786053976064,5,5095,Daniel,Carlson,OAK,K,Active,1
462407340038025216,NCAA SUN BELT,462407342659465216,34,10,399,465019661495300096,6,OAK,Oakland,Raiders,OAK,DEF,,
462407340038025216,NCAA SUN BELT,462407342659465216,34,9,400,447283305738399744,4,5076,John,Kelly,LAR,RB,Active,1
462407340038025216,NCAA SUN BELT,462407342659465216,34,8,401,464247141036978176,2,6168,John,Ursua,SEA,WR,Active,0
462407340038025216,NCAA SUN BELT,462407342659465216,34,7,402,441330448283463680,10,4150,Wayne,Gallman,NYG,RB,Active,2
462407340038025216,NCAA SUN BELT,462407342659465216,34,6,403,465297932204109824,12,1737,Case,Keenum,WAS,QB,Active,7
462407340038025216,NCAA SUN BELT,462407342659465216,34,5,404,441362521463451648,8,3362,Jeff,Driskel,CIN,QB,Active,3
462407340038025216,NCAA SUN BELT,462407342659465216,34,4,405,461681329860243456,11,2039,Seth,Roberts,BAL,WR,Active,5
462407340038025216,NCAA SUN BELT,462407342659465216,34,3,406,481957045667360768,3,2671,Josh,Lambo,JAX,K,Active,4
462407340038025216,NCAA SUN BELT,462407342659465216,34,2,407,502892091546791936,1,5924,Emanuel,Hall,TB,WR,Active,0
462407340038025216,NCAA SUN BELT,462407342659465216,34,1,408,380128482900062208,9,6069,Stanley,Morgan Jr.,CIN,WR,Active,0
462407340038025216,NCAA SUN BELT,462407342659465216,35,1,409,380128482900062208,9,6047,Dillon,Mitchell,MIN,WR,Active,0
462407340038025216,NCAA SUN BELT,462407342659465216,35,2,410,502892091546791936,1,4381,Taysom,Hill,NO,QB,Active,2
462407340038025216,NCAA SUN BELT,462407342659465216,35,3,411,481957045667360768,3,6040,Tyree,Jackson,BUF,QB,Active,0
462407340038025216,NCAA SUN BELT,462407342659465216,35,4,412,461681329860243456,11,4233,Zane,Gonzalez,ARI,K,Active,2
462407340038025216,NCAA SUN BELT,462407342659465216,35,5,413,441362521463451648,8,232,Frank,Gore,BUF,RB,Active,14
462407340038025216,NCAA SUN BELT,462407342659465216,35,6,414,465297932204109824,12,6146,Kaden,Smith,SF,TE,Active,0
462407340038025216,NCAA SUN BELT,462407342659465216,35,7,415,441330448283463680,10,1195,Doug,Martin,OAK,RB,Active,7
462407340038025216,NCAA SUN BELT,462407342659465216,35,8,416,464247141036978176,2,6195,Damon,Sheehy-Guiseppi,CLE,WR,Active,0
462407340038025216,NCAA SUN BELT,462407342659465216,35,9,417,447283305738399744,4,4183,Nathan,Peterman,OAK,QB,Practice Squad,2
462407340038025216,NCAA SUN BELT,462407342659465216,35,10,418,465019661495300096,6,2750,Deandre,Carter,HOU,WR,Active,4
462407340038025216,NCAA SUN BELT,462407342659465216,35,11,419,472546786053976064,5,246,Darren,Sproles,PHI,RB,Active,14
462407340038025216,NCAA SUN BELT,462407342659465216,35,12,420,,7,1379,Kyle,Juszczyk,SF,RB,Active,6
462453279037583360,NCAA WILD,462453280534949888,1,1,1,457579310098673664,1,4866,Saquon,Barkley,NYG,RB,Active,1
462453279037583360,NCAA WILD,462453280534949888,1,2,2,441392312380026880,3,4034,Christian,McCaffrey,CAR,RB,Active,2
462453279037583360,NCAA WILD,462453280534949888,1,3,3,462924007415476224,4,1426,DeAndre,Hopkins,HOU,WR,Active,6
462453279037583360,NCAA WILD,462453280534949888,1,4,4,465262570945638400,7,4035,Alvin,Kamara,NO,RB,Active,2
462453279037583360,NCAA WILD,462453280534949888,1,5,5,464886421866409984,6,3199,Michael,Thomas,NO,WR,Active,3
462453279037583360,NCAA WILD,462453280534949888,1,6,6,332533603546189824,2,2391,David,Johnson,ARI,RB,Active,4
462453279037583360,NCAA WILD,462453280534949888,1,7,7,465260042191368192,5,3164,Ezekiel,Elliott,DAL,RB,Did Not Report,3
462453279037583360,NCAA WILD,462453280534949888,1,8,8,505166677990699008,10,2078,Odell,Beckham Jr,CLE,WR,Active,5
462453279037583360,NCAA WILD,462453280534949888,1,9,9,462714981117325312,8,2133,Davante,Adams,GB,WR,Active,5
462453279037583360,NCAA WILD,462453280534949888,1,10,10,465263224640499712,9,4040,JuJu,Smith-Schuster,PIT,WR,Active,2
462453279037583360,NCAA WILD,462453280534949888,1,11,11,448446449538035712,12,4018,Joe,Mixon,CIN,RB,Active,2
462453279037583360,NCAA WILD,462453280534949888,1,12,12,465270232106135552,11,4988,Nick,Chubb,CLE,RB,Active,1
462453279037583360,NCAA WILD,462453280534949888,2,12,13,465270232106135552,11,947,Julio,Jones,ATL,WR,Active,8
462453279037583360,NCAA WILD,462453280534949888,2,11,14,448446449538035712,12,2216,Mike,Evans,TB,WR,Active,5
462453279037583360,NCAA WILD,462453280534949888,2,10,15,465263224640499712,9,3321,Tyreek,Hill,KC,WR,Active,3
462453279037583360,NCAA WILD,462453280534949888,2,9,16,462714981117325312,8,4029,Dalvin,Cook,MIN,RB,Active,2
462453279037583360,NCAA WILD,462453280534949888,2,8,17,505166677990699008,10,1466,Travis,Kelce,KC,TE,Active,6
462453279037583360,NCAA WILD,462453280534949888,2,7,18,465260042191368192,5,2315,Todd,Gurley,LAR,RB,Active,4
462453279037583360,NCAA WILD,462453280534949888,2,6,19,332533603546189824,2,5892,David,Montgomery,CHI,RB,Active,0
462453279037583360,NCAA WILD,462453280534949888,2,5,20,464886421866409984,6,1408,Le'Veon,Bell,NYJ,RB,Active,6
462453279037583360,NCAA WILD,462453280534949888,2,4,21,465262570945638400,7,4137,James,Conner,PIT,RB,Active,2
462453279037583360,NCAA WILD,462453280534949888,2,3,22,462924007415476224,4,4046,Patrick,Mahomes,KC,QB,Active,2
462453279037583360,NCAA WILD,462453280534949888,2,2,23,441392312380026880,3,2449,Stefon,Diggs,MIN,WR,Active,4
462453279037583360,NCAA WILD,462453280534949888,2,1,24,457579310098673664,1,2309,Amari,Cooper,DAL,WR,Active,4
462453279037583360,NCAA WILD,462453280534949888,3,1,25,457579310098673664,1,4217,George,Kittle,SF,TE,Active,2
462453279037583360,NCAA WILD,462453280534949888,3,2,26,441392312380026880,3,2320,Melvin,Gordon,LAC,RB,Did Not Report,4
462453279037583360,NCAA WILD,462453280534949888,3,3,27,462924007415476224,4,1339,Zach,Ertz,PHI,TE,Active,6
462453279037583360,NCAA WILD,462453280534949888,3,4,28,465262570945638400,7,1689,Adam,Thielen,MIN,WR,Active,6
462453279037583360,NCAA WILD,462453280534949888,3,5,29,464886421866409984,6,5068,Kerryon,Johnson,DET,RB,Active,1
462453279037583360,NCAA WILD,462453280534949888,3,6,30,332533603546189824,2,2197,Brandin,Cooks,LAR,WR,Active,5
462453279037583360,NCAA WILD,462453280534949888,3,7,31,465260042191368192,5,1479,Keenan,Allen,LAC,WR,Active,6
462453279037583360,NCAA WILD,462453280534949888,3,8,32,505166677990699008,10,4131,Kenny,Golladay,DET,WR,Active,2
462453279037583360,NCAA WILD,462453280534949888,3,9,33,462714981117325312,8,5850,Josh,Jacobs,OAK,RB,Active,0
462453279037583360,NCAA WILD,462453280534949888,3,10,34,465263224640499712,9,4199,Aaron,Jones,GB,RB,Active,2
462453279037583360,NCAA WILD,462453280534949888,3,11,35,448446449538035712,12,3969,Leonard,Fournette,JAX,RB,Active,2
462453279037583360,NCAA WILD,462453280534949888,3,12,36,465270232106135552,11,536,Antonio,Brown,OAK,WR,Active,9
462453279037583360,NCAA WILD,462453280534949888,4,12,37,465270232106135552,11,4152,Marlon,Mack,IND,RB,Active,2
462453279037583360,NCAA WILD,462453280534949888,4,11,38,448446449538035712,12,6151,Miles,Sanders,PHI,RB,Active,0
462453279037583360,NCAA WILD,462453280534949888,4,10,39,465263224640499712,9,4037,Chris,Godwin,TB,WR,Active,2
462453279037583360,NCAA WILD,462453280534949888,4,9,40,462714981117325312,8,4983,D.J.,Moore,CAR,WR,Active,1
462453279037583360,NCAA WILD,462453280534949888,4,8,41,505166677990699008,10,3198,Derrick,Henry,TEN,RB,Active,3
462453279037583360,NCAA WILD,462453280534949888,4,7,42,465260042191368192,5,1110,T.Y.,Hilton,IND,WR,Active,7
462453279037583360,NCAA WILD,462453280534949888,4,6,43,332533603546189824,2,4981,Calvin,Ridley,ATL,WR,Active,1
462453279037583360,NCAA WILD,462453280534949888,4,5,44,464886421866409984,6,4892,Baker,Mayfield,CLE,QB,Active,1
462453279037583360,NCAA WILD,462453280534949888,4,4,45,465262570945638400,7,1352,Robert,Woods,LAR,WR,Active,6
462453279037583360,NCAA WILD,462453280534949888,4,3,46,462924007415476224,4,5170,Phillip,Lindsay,DEN,RB,Active,1
462453279037583360,NCAA WILD,462453280534949888,4,2,47,441392312380026880,3,4068,Mike,Williams,LAC,WR,Active,2
462453279037583360,NCAA WILD,462453280534949888,4,1,48,457579310098673664,1,4017,Deshaun,Watson,HOU,QB,Active,2
462453279037583360,NCAA WILD,462453280534949888,5,1,49,457579310098673664,1,4036,Corey,Davis,TEN,WR,Active,2
462453279037583360,NCAA WILD,462453280534949888,5,2,50,441392312380026880,3,3225,Tyler,Boyd,CIN,WR,Active,3
462453279037583360,NCAA WILD,462453280534949888,5,3,51,462924007415476224,4,4962,Sony,Michel,NE,RB,Active,1
462453279037583360,NCAA WILD,462453280534949888,5,4,52,465262570945638400,7,956,Mark,Ingram,BAL,RB,Active,8
462453279037583360,NCAA WILD,462453280534949888,5,5,53,464886421866409984,6,4055,OJ,Howard,TB,TE,Active,2
462453279037583360,NCAA WILD,462453280534949888,5,6,54,332533603546189824,2,3214,Hunter,Henry,LAC,TE,Active,3
462453279037583360,NCAA WILD,462453280534949888,5,7,55,465260042191368192,5,830,AJ,Green,CIN,WR,Active,8
462453279037583360,NCAA WILD,462453280534949888,5,8,56,505166677990699008,10,5045,Courtland,Sutton,DEN,WR,Active,1
462453279037583360,NCAA WILD,462453280534949888,5,9,57,462714981117325312,8,4066,Evan,Engram,NYG,TE,Active,2
462453279037583360,NCAA WILD,462453280534949888,5,10,58,465263224640499712,9,4949,Derrius,Guice,WAS,RB,Active,1
462453279037583360,NCAA WILD,462453280534949888,5,11,59,448446449538035712,12,2374,Tyler,Lockett,SEA,WR,Active,4
462453279037583360,NCAA WILD,462453280534949888,5,12,60,465270232106135552,11,5878,N'Keal,Harry,NE,WR,Active,0
462453279037583360,NCAA WILD,462453280534949888,6,12,61,465270232106135552,11,1992,Allen,Robinson,CHI,WR,Active,5
462453279037583360,NCAA WILD,462453280534949888,6,11,62,448446449538035712,12,96,Aaron,Rodgers,GB,QB,Active,14
462453279037583360,NCAA WILD,462453280534949888,6,10,63,465263224640499712,9,4950,Christian,Kirk,ARI,WR,Active,1
462453279037583360,NCAA WILD,462453280534949888,6,9,64,462714981117325312,8,1833,Damien,Williams,KC,RB,Active,5
462453279037583360,NCAA WILD,462453280534949888,6,8,65,505166677990699008,10,2378,Tevin,Coleman,SF,RB,Active,4
462453279037583360,NCAA WILD,462453280534949888,6,7,66,465260042191368192,5,4273,Chris,Carson,SEA,RB,Active,2
462453279037583360,NCAA WILD,462453280534949888,6,6,67,332533603546189824,2,4039,Cooper,Kupp,LAR,WR,Active,2
462453279037583360,NCAA WILD,462453280534949888,6,5,68,464886421866409984,6,1825,Jarvis,Landry,CLE,WR,Active,5
462453279037583360,NCAA WILD,462453280534949888,6,4,69,465262570945638400,7,2168,Devonta,Freeman,ATL,RB,Active,5
462453279037583360,NCAA WILD,462453280534949888,6,3,70,462924007415476224,4,5038,Michael,Gallup,DAL,WR,Active,1
462453279037583360,NCAA WILD,462453280534949888,6,2,71,441392312380026880,3,4098,Kareem,Hunt,CLE,RB,Non Football Injury,2
462453279037583360,NCAA WILD,462453280534949888,6,1,72,457579310098673664,1,4157,Tarik,Cohen,CHI,RB,Active,2
462453279037583360,NCAA WILD,462453280534949888,7,1,73,457579310098673664,1,3242,Kenyan,Drake,MIA,RB,Active,3
462453279037583360,NCAA WILD,462453280534949888,7,2,74,441392312380026880,3,4033,David,Njoku,CLE,TE,Active,2
462453279037583360,NCAA WILD,462453280534949888,7,3,75,462924007415476224,4,344,Julian,Edelman,NE,WR,Active,10
462453279037583360,NCAA WILD,462453280534949888,7,4,76,465262570945638400,7,3157,Will,Fuller,HOU,WR,Active,3
462453279037583360,NCAA WILD,462453280534949888,7,5,77,464886421866409984,6,1149,Alshon,Jeffery,PHI,WR,Active,7
462453279037583360,NCAA WILD,462453280534949888,7,6,78,332533603546189824,2,6178,Darwin,Thompson,KC,RB,Active,0
462453279037583360,NCAA WILD,462453280534949888,7,7,79,465260042191368192,5,4985,Rashaad,Penny,SEA,RB,Active,1
462453279037583360,NCAA WILD,462453280534949888,7,8,80,505166677990699008,10,4992,Dante,Pettis,SF,WR,Active,1
462453279037583360,NCAA WILD,462453280534949888,7,9,81,462714981117325312,8,3161,Carson,Wentz,PHI,QB,Active,3
462453279037583360,NCAA WILD,462453280534949888,7,10,82,465263224640499712,9,3423,Robby,Anderson,NYJ,WR,Active,3
462453279037583360,NCAA WILD,462453280534949888,7,11,83,448446449538035712,12,5844,T.J.,Hockenson,DET,TE,Active,0
462453279037583360,NCAA WILD,462453280534949888,7,12,84,465270232106135552,11,1234,Russell,Wilson,SEA,QB,Active,7
462453279037583360,NCAA WILD,462453280534949888,8,12,85,465270232106135552,11,1817,Sammy,Watkins,KC,WR,Active,5
462453279037583360,NCAA WILD,462453280534949888,8,11,86,448446449538035712,12,3200,Sterling,Shepard,NYG,WR,Active,3
462453279037583360,NCAA WILD,462453280534949888,8,10,87,465263224640499712,9,5849,Kyler,Murray,ARI,QB,Active,0
462453279037583360,NCAA WILD,462453280534949888,8,9,88,462714981117325312,8,5859,A.J.,Brown,TEN,WR,Active,0
462453279037583360,NCAA WILD,462453280534949888,8,8,89,505166677990699008,10,3163,Jared,Goff,LAR,QB,Active,3
462453279037583360,NCAA WILD,462453280534949888,8,7,90,465260042191368192,5,4881,Lamar,Jackson,BAL,QB,Active,1
462453279037583360,NCAA WILD,462453280534949888,8,6,91,332533603546189824,2,24,Matt,Ryan,ATL,QB,Active,11
462453279037583360,NCAA WILD,462453280534949888,8,5,92,464886421866409984,6,4082,Curtis,Samuel,CAR,WR,Active,2
462453279037583360,NCAA WILD,462453280534949888,8,4,93,465262570945638400,7,CHI,Chicago,Bears,CHI,DEF,,
462453279037583360,NCAA WILD,462453280534949888,8,3,94,462924007415476224,4,5846,D.K.,Metcalf,SEA,WR,Active,0
462453279037583360,NCAA WILD,462453280534949888,8,2,95,441392312380026880,3,5872,Deebo,Samuel,SF,WR,Active,0
462453279037583360,NCAA WILD,462453280534949888,8,1,96,457579310098673664,1,1848,James,White,NE,RB,Active,5
462453279037583360,NCAA WILD,462453280534949888,9,1,97,457579310098673664,1,5848,Marquise,Brown,BAL,WR,Active,0
462453279037583360,NCAA WILD,462453280534949888,9,2,98,441392312380026880,3,5916,Darrell,Henderson,LAR,RB,Active,0
462453279037583360,NCAA WILD,462453280534949888,9,3,99,462924007415476224,4,5046,Royce,Freeman,DEN,RB,Active,1
462453279037583360,NCAA WILD,462453280534949888,9,4,100,465262570945638400,7,167,Tom,Brady,NE,QB,Active,19
462453279037583360,NCAA WILD,462453280534949888,9,5,101,464886421866409984,6,1067,Marvin,Jones,DET,WR,Active,7
462453279037583360,NCAA WILD,462453280534949888,9,6,102,332533603546189824,2,147,DeSean,Jackson,PHI,WR,Active,11
462453279037583360,NCAA WILD,462453280534949888,9,7,103,465260042191368192,5,289,Drew,Brees,NO,QB,Active,18
462453279037583360,NCAA WILD,462453280534949888,9,8,104,505166677990699008,10,5857,Noah,Fant,DEN,TE,Active,0
462453279037583360,NCAA WILD,462453280534949888,9,9,105,462714981117325312,8,4146,Dede,Westbrook,JAX,WR,Active,2
462453279037583360,NCAA WILD,462453280534949888,9,10,106,465263224640499712,9,5022,Dallas,Goedert,PHI,TE,Active,1
462453279037583360,NCAA WILD,462453280534949888,9,11,107,448446449538035712,12,5863,JJ,Arcega-Whiteside,PHI,WR,Active,0
462453279037583360,NCAA WILD,462453280534949888,9,12,108,465270232106135552,11,2118,Eric,Ebron,IND,TE,Active,5
462453279037583360,NCAA WILD,462453280534949888,10,12,109,465270232106135552,11,5890,Damien,Harris,NE,RB,Active,0
462453279037583360,NCAA WILD,462453280534949888,10,11,110,448446449538035712,12,6130,Devin,Singletary,BUF,RB,Active,0
462453279037583360,NCAA WILD,462453280534949888,10,10,111,465263224640499712,9,1476,Latavius,Murray,NO,RB,Active,6
462453279037583360,NCAA WILD,462453280534949888,10,9,112,462714981117325312,8,5995,Justice,Hill,BAL,RB,Active,0
462453279037583360,NCAA WILD,462453280534949888,10,8,113,505166677990699008,10,5086,Marquez,Valdes-Scantling,GB,WR,Active,1
462453279037583360,NCAA WILD,462453280534949888,10,7,114,465260042191368192,5,4663,Austin,Ekeler,LAC,RB,Active,2
462453279037583360,NCAA WILD,462453280534949888,10,6,115,332533603546189824,2,3503,Geronimo,Allison,GB,WR,Active,3
462453279037583360,NCAA WILD,462453280534949888,10,5,116,464886421866409984,6,1264,Justin,Tucker,BAL,K,Active,7
462453279037583360,NCAA WILD,462453280534949888,10,4,117,465262570945638400,7,3202,Austin,Hooper,ATL,TE,Active,3
462453279037583360,NCAA WILD,462453280534949888,10,3,118,462924007415476224,4,5880,Parris,Campbell,IND,WR,Active,0
462453279037583360,NCAA WILD,462453280534949888,10,2,119,441392312380026880,3,4943,Sam,Darnold,NYJ,QB,Active,1
462453279037583360,NCAA WILD,462453280534949888,10,1,120,457579310098673664,1,5024,James,Washington,PIT,WR,Active,1
462453279037583360,NCAA WILD,462453280534949888,11,1,121,457579310098673664,1,3294,Dak,Prescott,DAL,QB,Active,3
462453279037583360,NCAA WILD,462453280534949888,11,2,122,441392312380026880,3,4984,Josh,Allen,BUF,QB,Active,1
462453279037583360,NCAA WILD,462453280534949888,11,3,123,462924007415476224,4,5915,Andy,Isabella,ARI,WR,Active,0
462453279037583360,NCAA WILD,462453280534949888,11,4,124,465262570945638400,7,642,Golden,Tate,NYG,WR,Active,9
462453279037583360,NCAA WILD,462453280534949888,11,5,125,464886421866409984,6,LAR,Los Angeles,Rams,LAR,DEF,,
462453279037583360,NCAA WILD,462453280534949888,11,6,126,332533603546189824,2,5987,Alexander,Mattison,MIN,RB,Active,0
462453279037583360,NCAA WILD,462453280534949888,11,7,127,465260042191368192,5,4455,Matt,Breida,SF,RB,Active,2
462453279037583360,NCAA WILD,462453280534949888,11,8,128,505166677990699008,10,5917,Mecole,Hardman,KC,WR,Active,0
462453279037583360,NCAA WILD,462453280534949888,11,9,129,462714981117325312,8,5026,Tre'Quan,Smith,NO,WR,Active,1
462453279037583360,NCAA WILD,462453280534949888,11,10,130,465263224640499712,9,5013,Anthony,Miller,CHI,WR,Active,1
462453279037583360,NCAA WILD,462453280534949888,11,11,131,448446449538035712,12,6139,Jace,Sternberger,GB,TE,Active,0
462453279037583360,NCAA WILD,462453280534949888,11,12,132,465270232106135552,11,3306,Jordan,Howard,PHI,RB,Active,3
462453279037583360,NCAA WILD,462453280534949888,12,12,133,465270232106135552,11,5886,Hakeem,Butler,ARI,WR,Active,0
462453279037583360,NCAA WILD,462453280534949888,12,11,134,448446449538035712,12,5007,Keke,Coutee,HOU,WR,Active,1
462453279037583360,NCAA WILD,462453280534949888,12,10,135,465263224640499712,9,1971,Donte,Moncrief,PIT,WR,Active,5
462453279037583360,NCAA WILD,462453280534949888,12,9,136,462714981117325312,8,5012,Mark,Andrews,BAL,TE,Active,1
462453279037583360,NCAA WILD,462453280534949888,12,8,137,505166677990699008,10,4994,Kalen,Ballage,MIA,RB,Active,1
462453279037583360,NCAA WILD,462453280534949888,12,7,138,465260042191368192,5,5347,Nyheim,Hines,IND,RB,Active,1
462453279037583360,NCAA WILD,462453280534949888,12,6,139,332533603546189824,2,954,Cam,Newton,CAR,QB,Active,8
462453279037583360,NCAA WILD,462453280534949888,12,5,140,464886421866409984,6,1837,Jimmy,Garoppolo,SF,QB,Active,5
462453279037583360,NCAA WILD,462453280534949888,12,4,141,465262570945638400,7,1266,Greg,Zuerlein,LAR,K,Active,7
462453279037583360,NCAA WILD,462453280534949888,12,3,142,462924007415476224,4,5967,Tony,Pollard,DAL,RB,Active,0
462453279037583360,NCAA WILD,462453280534949888,12,2,143,441392312380026880,3,2382,Duke,Johnson,HOU,RB,Active,4
462453279037583360,NCAA WILD,462453280534949888,12,1,144,457579310098673664,1,5052,Ronald,Jones II,TB,RB,Active,1
462453279037583360,NCAA WILD,462453280534949888,13,1,145,457579310098673664,1,5009,Chris,Herndon IV,NYJ,TE,Suspended,1
462453279037583360,NCAA WILD,462453280534949888,13,2,146,441392312380026880,3,5107,Jaylen,Samuels,PIT,RB,Active,1
462453279037583360,NCAA WILD,462453280534949888,13,3,147,462924007415476224,4,3976,Mitch,Trubisky,CHI,QB,Active,2
462453279037583360,NCAA WILD,462453280534949888,13,4,148,465262570945638400,7,2161,Jerick,McKinnon,SF,RB,Active,5
462453279037583360,NCAA WILD,462453280534949888,13,5,149,464886421866409984,6,6007,Ryquell,Armstead,JAX,RB,Active,0
462453279037583360,NCAA WILD,462453280534949888,13,6,150,332533603546189824,2,538,Emmanuel,Sanders,DEN,WR,Active,9
462453279037583360,NCAA WILD,462453280534949888,13,7,151,465260042191368192,5,2583,Tyrell,Williams,OAK,WR,Active,4
462453279037583360,NCAA WILD,462453280534949888,13,8,152,505166677990699008,10,JAX,Jacksonville,Jaguars,JAX,DEF,,
462453279037583360,NCAA WILD,462453280534949888,13,9,153,462714981117325312,8,1166,Kirk,Cousins,MIN,QB,Active,7
462453279037583360,NCAA WILD,462453280534949888,13,10,154,465263224640499712,9,1587,Vance,McDonald,PIT,TE,Active,6
462453279037583360,NCAA WILD,462453280534949888,13,11,155,448446449538035712,12,1244,Josh,Gordon,NE,WR,Non Football Injury,7
462453279037583360,NCAA WILD,462453280534949888,13,12,156,465270232106135552,11,2346,Devin,Funchess,IND,WR,Active,4
462453279037583360,NCAA WILD,462453280534949888,14,12,157,465270232106135552,11,2238,John,Brown,BUF,WR,Active,5
462453279037583360,NCAA WILD,462453280534949888,14,11,158,448446449538035712,12,5004,Ito,Smith,ATL,RB,Active,1
462453279037583360,NCAA WILD,462453280534949888,14,10,159,465263224640499712,9,5965,Miles,Boykin,BAL,WR,Active,0
462453279037583360,NCAA WILD,462453280534949888,14,9,160,462714981117325312,8,5131,Justin,Jackson,LAC,RB,Active,1
462453279037583360,NCAA WILD,462453280534949888,14,8,161,505166677990699008,10,2306,Jameis,Winston,TB,QB,Active,4
462453279037583360,NCAA WILD,462453280534949888,14,7,162,465260042191368192,5,1793,Trey,Burton,CHI,TE,Active,5
462453279037583360,NCAA WILD,462453280534949888,14,6,163,332533603546189824,2,58,Greg,Olsen,CAR,TE,Active,12
462453279037583360,NCAA WILD,462453280534949888,14,5,164,464886421866409984,6,367,Jared,Cook,NO,TE,Active,10
462453279037583360,NCAA WILD,462453280534949888,14,4,165,465262570945638400,7,223,Larry,Fitzgerald,ARI,WR,Active,15
462453279037583360,NCAA WILD,462453280534949888,14,3,166,462924007415476224,4,1555,Kenny,Stills,MIA,WR,Active,6
462453279037583360,NCAA WILD,462453280534949888,14,2,167,441392312380026880,3,5911,Jalen,Hurd,SF,WR,Active,0
462453279037583360,NCAA WILD,462453280534949888,14,1,168,457579310098673664,1,CLE,Cleveland,Browns,CLE,DEF,,
462453279037583360,NCAA WILD,462453280534949888,15,1,169,457579310098673664,1,4998,Daesean,Hamilton,DEN,WR,Active,1
462453279037583360,NCAA WILD,462453280534949888,15,2,170,441392312380026880,3,6126,Irv,Smith Jr.,MIN,TE,Active,0
462453279037583360,NCAA WILD,462453280534949888,15,3,171,462924007415476224,4,DAL,Dallas,Cowboys,DAL,DEF,,
462453279037583360,NCAA WILD,462453280534949888,15,4,172,465262570945638400,7,5927,Terry,McLaurin,WAS,WR,Active,0
462453279037583360,NCAA WILD,462453280534949888,15,5,173,464886421866409984,6,5845,Dwayne,Haskins,WAS,QB,Active,0
462453279037583360,NCAA WILD,462453280534949888,15,6,174,332533603546189824,2,5870,Daniel,Jones,NYG,QB,Active,0
462453279037583360,NCAA WILD,462453280534949888,15,7,175,465260042191368192,5,DEN,Denver,Broncos,DEN,DEF,,
462453279037583360,NCAA WILD,462453280534949888,15,8,176,505166677990699008,10,1048,Lamar,Miller,HOU,RB,Active,7
462453279037583360,NCAA WILD,462453280534949888,15,9,177,462714981117325312,8,HOU,Houston,Texans,HOU,DEF,,
462453279037583360,NCAA WILD,462453280534949888,15,10,178,465263224640499712,9,2431,Mike,Davis,CHI,RB,Active,4
462453279037583360,NCAA WILD,462453280534949888,15,11,179,448446449538035712,12,4227,Harrison,Butker,KC,K,Active,2
462453279037583360,NCAA WILD,462453280534949888,15,12,180,465270232106135552,11,PHI,Philadelphia,Eagles,PHI,DEF,,
462453279037583360,NCAA WILD,462453280534949888,16,12,181,465270232106135552,11,421,Matthew,Stafford,DET,QB,Active,10
462453279037583360,NCAA WILD,462453280534949888,16,11,182,448446449538035712,12,4995,Ian,Thomas,CAR,TE,Active,1
462453279037583360,NCAA WILD,462453280534949888,16,10,183,465263224640499712,9,LAC,Los Angeles,Chargers,LAC,DEF,,
462453279037583360,NCAA WILD,462453280534949888,16,9,184,462714981117325312,8,2319,Devante,Parker,MIA,WR,Active,4
462453279037583360,NCAA WILD,462453280534949888,16,8,185,505166677990699008,10,788,Dion,Lewis,TEN,RB,Active,8
462453279037583360,NCAA WILD,462453280534949888,16,7,186,465260042191368192,5,138,Ben,Roethlisberger,PIT,QB,Active,15
462453279037583360,NCAA WILD,462453280534949888,16,6,187,332533603546189824,2,BAL,Baltimore,Ravens,BAL,DEF,,
462453279037583360,NCAA WILD,462453280534949888,16,5,188,464886421866409984,6,6156,Benny,Snell Jr.,PIT,RB,Active,0
462453279037583360,NCAA WILD,462453280534949888,16,4,189,465262570945638400,7,4993,Mike,Gesicki,MIA,TE,Active,1
462453279037583360,NCAA WILD,462453280534949888,16,3,190,462924007415476224,4,943,Kyle,Rudolph,MIN,TE,Active,8
462453279037583360,NCAA WILD,462453280534949888,16,2,191,441392312380026880,3,5323,Equanimeous,St. Brown,GB,WR,Active,1
462453279037583360,NCAA WILD,462453280534949888,16,1,192,457579310098673664,1,1750,Giorgio,Tavecchio,ATL,K,Active,7
462453279037583360,NCAA WILD,462453280534949888,17,1,193,457579310098673664,1,5889,Bryce,Love,WAS,RB,Non Football Injury,0
462453279037583360,NCAA WILD,462453280534949888,17,2,194,441392312380026880,3,3451,Ka'imi,Fairbairn,HOU,K,Active,3
462453279037583360,NCAA WILD,462453280534949888,17,3,195,462924007415476224,4,MIN,Minnesota,Vikings,MIN,DEF,,
462453279037583360,NCAA WILD,462453280534949888,17,4,196,465262570945638400,7,2257,Carlos,Hyde,KC,RB,Active,5
462453279037583360,NCAA WILD,462453280534949888,17,5,197,464886421866409984,6,NO,New Orleans,Saints,NO,DEF,,
462453279037583360,NCAA WILD,462453280534949888,17,6,198,332533603546189824,2,49,Robbie,Gould,SF,K,Active,14
462453279037583360,NCAA WILD,462453280534949888,17,7,199,465260042191368192,5,17,Matt,Prater,DET,K,Active,13
462453279037583360,NCAA WILD,462453280534949888,17,8,200,505166677990699008,10,676,LeSean,McCoy,BUF,RB,Active,10
462453279037583360,NCAA WILD,462453280534949888,17,9,201,462714981117325312,8,3594,Peyton,Barber,TB,RB,Active,3
462453279037583360,NCAA WILD,462453280534949888,17,10,202,465263224640499712,9,1706,Jack,Doyle,IND,TE,Active,6
462453279037583360,NCAA WILD,462453280534949888,17,11,203,448446449538035712,12,2410,Jamison,Crowder,NYJ,WR,Active,4
462453279037583360,NCAA WILD,462453280534949888,17,12,204,465270232106135552,11,1502,Chris,Thompson,WAS,RB,Active,6
462453279037583360,NCAA WILD,462453280534949888,18,12,205,465270232106135552,11,4149,Jamaal,Williams,GB,RB,Active,2
462453279037583360,NCAA WILD,462453280534949888,18,11,206,448446449538035712,12,NE,New England,Patriots,NE,DEF,,
462453279037583360,NCAA WILD,462453280534949888,18,10,207,465263224640499712,9,6219,Austin,Seibert,CLE,K,Active,0
462453279037583360,NCAA WILD,462453280534949888,18,9,208,462714981117325312,8,3257,Jacoby,Brissett,IND,QB,Active,3
462453279037583360,NCAA WILD,462453280534949888,18,8,209,505166677990699008,10,59,Mason,Crosby,GB,K,Active,12
462453279037583360,NCAA WILD,462453280534949888,18,7,210,465260042191368192,5,5937,Diontae,Johnson,PIT,WR,Active,0
462453279037583360,NCAA WILD,462453280534949888,18,6,211,332533603546189824,2,1451,CJ,Anderson,DET,RB,Active,6
462453279037583360,NCAA WILD,462453280534949888,18,5,212,464886421866409984,6,4951,D.J.,Chark,JAX,WR,Active,1
462453279037583360,NCAA WILD,462453280534949888,18,4,213,465262570945638400,7,1111,Andrew,Luck,IND,QB,Non Football Injury,7
462453279037583360,NCAA WILD,462453280534949888,18,3,214,462924007415476224,4,110,Stephen,Gostkowski,NE,K,Active,13
462453279037583360,NCAA WILD,462453280534949888,18,2,215,441392312380026880,3,GB,Green Bay,Packers,GB,DEF,,
462453279037583360,NCAA WILD,462453280534949888,18,1,216,457579310098673664,1,BUF,Buffalo,Bills,BUF,DEF,,
462453279037583360,NCAA WILD,462453280534949888,19,1,217,457579310098673664,1,5250,Robert,Foster,BUF,WR,Active,1
462453279037583360,NCAA WILD,462453280534949888,19,2,218,441392312380026880,3,1854,Quincy,Enunwa,NYJ,WR,Active,5
462453279037583360,NCAA WILD,462453280534949888,19,3,219,462924007415476224,4,1346,Marquise,Goodwin,SF,WR,Active,6
462453279037583360,NCAA WILD,462453280534949888,19,4,220,465262570945638400,7,4080,Zay,Jones,BUF,WR,Active,2
462453279037583360,NCAA WILD,462453280534949888,19,5,221,464886421866409984,6,PIT,Pittsburgh,Steelers,PIT,DEF,,
462453279037583360,NCAA WILD,462453280534949888,19,6,222,332533603546189824,2,1071,Mohamed,Sanu,ATL,WR,Active,7
462453279037583360,NCAA WILD,462453280534949888,19,7,223,465260042191368192,5,5310,Antonio,Callaway,CLE,WR,Suspended,1
462453279037583360,NCAA WILD,462453280534949888,19,8,224,505166677990699008,10,331,Philip,Rivers,LAC,QB,Active,15
462453279037583360,NCAA WILD,462453280534949888,19,9,225,462714981117325312,8,IND,Indianapolis,Colts,IND,DEF,,
462453279037583360,NCAA WILD,462453280534949888,19,10,226,465263224640499712,9,2028,Derek,Carr,OAK,QB,Active,5
462453279037583360,NCAA WILD,462453280534949888,19,11,227,448446449538035712,12,5885,Ryan,Finley,CIN,QB,Active,0
462453279037583360,NCAA WILD,462453280534949888,19,12,228,465270232106135552,11,2325,Nelson,Agholor,PHI,WR,Active,4
462453279037583360,NCAA WILD,462453280534949888,20,12,229,465270232106135552,11,4195,Jake,Elliott,PHI,K,Active,2
462453279037583360,NCAA WILD,462453280534949888,20,11,230,448446449538035712,12,4038,John,Ross,CIN,WR,Active,2
462453279037583360,NCAA WILD,462453280534949888,20,10,231,465263224640499712,9,2822,Adam,Humphries,TEN,WR,Active,4
462453279037583360,NCAA WILD,462453280534949888,20,9,232,462714981117325312,8,5000,Chase,Edmonds,ARI,RB,Active,1
462453279037583360,NCAA WILD,462453280534949888,20,8,233,505166677990699008,10,1500,Jordan,Reed,WAS,TE,Active,6
462453279037583360,NCAA WILD,462453280534949888,20,7,234,465260042191368192,5,SEA,Seattle,Seahawks,SEA,DEF,,
462453279037583360,NCAA WILD,462453280534949888,20,6,235,332533603546189824,2,1029,Nick,Foles,JAX,QB,Active,7
462453279037583360,NCAA WILD,462453280534949888,20,5,236,464886421866409984,6,3678,Wil,Lutz,NO,K,Active,3
462453279037583360,NCAA WILD,462453280534949888,20,4,237,465262570945638400,7,4111,D'Onta,Foreman,IND,RB,Active,2
462453279037583360,NCAA WILD,462453280534949888,20,3,238,462924007415476224,4,2341,TJ,Yeldon,BUF,RB,Active,4
462453279037583360,NCAA WILD,462453280534949888,20,2,239,441392312380026880,3,NYJ,New York,Jets,NYJ,DEF,,
462453279037583360,NCAA WILD,462453280534949888,20,1,240,457579310098673664,1,2307,Marcus,Mariota,TEN,QB,Active,4
462453279037583360,NCAA WILD,462453280534949888,21,1,241,457579310098673664,1,284,Delanie,Walker,TEN,TE,Active,13
462453279037583360,NCAA WILD,462453280534949888,21,2,242,441392312380026880,3,3328,Rashard,Higgins,CLE,WR,Active,3
462453279037583360,NCAA WILD,462453280534949888,21,3,243,462924007415476224,4,NYG,New York,Giants,NYG,DEF,,
462453279037583360,NCAA WILD,462453280534949888,21,4,244,465262570945638400,7,2892,Rod,Smith,NYG,RB,Active,4
462453279037583360,NCAA WILD,462453280534949888,21,5,245,464886421866409984,6,1386,Giovani,Bernard,CIN,RB,Active,6
462453279037583360,NCAA WILD,462453280534949888,21,6,246,332533603546189824,2,120,Adam,Vinatieri,IND,K,Active,23
462453279037583360,NCAA WILD,462453280534949888,21,7,247,465260042191368192,5,184,Adrian,Peterson,WAS,RB,Active,12
462453279037583360,NCAA WILD,462453280534949888,21,8,248,505166677990699008,10,2025,Albert,Wilson,MIA,WR,Active,5
462453279037583360,NCAA WILD,462453280534949888,21,9,249,462714981117325312,8,4958,Brett,Maher,DAL,K,Active,6
462453279037583360,NCAA WILD,462453280534949888,21,10,250,465263224640499712,9,818,Bilal,Powell,NYJ,RB,Active,8
462453279037583360,NCAA WILD,462453280534949888,21,11,251,448446449538035712,12,5976,Karan,Higdon,HOU,RB,Active,0
462453279037583360,NCAA WILD,462453280534949888,21,12,252,465270232106135552,11,4973,Hayden,Hurst,BAL,TE,Active,1
462453279037583360,NCAA WILD,462453280534949888,22,12,253,465270232106135552,11,3868,Jalen,Richard,OAK,RB,Active,3
462453279037583360,NCAA WILD,462453280534949888,22,11,254,448446449538035712,12,5947,Jakobi,Meyers,NE,WR,Active,0
462453279037583360,NCAA WILD,462453280534949888,22,10,255,465263224640499712,9,5139,Trey,Quinn,WAS,WR,Active,1
462453279037583360,NCAA WILD,462453280534949888,22,9,256,462714981117325312,8,1388,Tyler,Eifert,CIN,TE,Active,6
462453279037583360,NCAA WILD,462453280534949888,22,8,257,505166677990699008,10,4171,Josh,Reynolds,LAR,WR,Active,2
462453279037583360,NCAA WILD,462453280534949888,22,7,258,465260042191368192,5,6144,Trayveon,Williams,CIN,RB,Active,0
462453279037583360,NCAA WILD,462453280534949888,22,6,259,332533603546189824,2,6148,Preston,Williams,MIA,WR,Active,0
462453279037583360,NCAA WILD,462453280534949888,22,5,260,464886421866409984,6,2588,Malcolm,Brown,LAR,RB,Active,4
462453279037583360,NCAA WILD,462453280534949888,22,4,261,465262570945638400,7,4863,Josh,Rosen,MIA,QB,Active,1
462453279037583360,NCAA WILD,462453280534949888,22,3,262,462924007415476224,4,3827,Aldrick,Rosas,NYG,K,Active,3
462453279037583360,NCAA WILD,462453280534949888,22,2,263,441392312380026880,3,2505,Darren,Waller,OAK,TE,Practice Squad,4
462453279037583360,NCAA WILD,462453280534949888,22,1,264,457579310098673664,1,TEN,Tennessee,Titans,TEN,DEF,,
462453279037583360,NCAA WILD,462453280534949888,23,1,265,457579310098673664,1,5854,Drew,Lock,DEN,QB,Active,0
462453279037583360,NCAA WILD,462453280534949888,23,2,266,441392312380026880,3,2399,Ty,Montgomery,NYJ,RB,Active,4
462453279037583360,NCAA WILD,462453280534949888,23,3,267,462924007415476224,4,503,Graham,Gano,CAR,K,Active,10
462453279037583360,NCAA WILD,462453280534949888,23,4,268,465262570945638400,7,1987,Marqise,Lee,JAX,WR,Active,5
462453279037583360,NCAA WILD,462453280534949888,23,5,269,464886421866409984,6,4274,David,Moore,SEA,WR,Active,2
462453279037583360,NCAA WILD,462453280534949888,23,6,270,332533603546189824,2,695,Ted,Ginn,NO,WR,Active,12
462453279037583360,NCAA WILD,462453280534949888,23,7,271,465260042191368192,5,928,Randall,Cobb,DAL,WR,Active,8
462453279037583360,NCAA WILD,462453280534949888,23,8,272,505166677990699008,10,5884,Kelvin,Harmon,WAS,WR,Active,0
462453279037583360,NCAA WILD,462453280534949888,23,9,273,462714981117325312,8,1911,Willie,Snead,BAL,WR,Active,5
462453279037583360,NCAA WILD,462453280534949888,23,10,274,465263224640499712,9,1387,Rex,Burkhead,NE,RB,Active,6
462453279037583360,NCAA WILD,462453280534949888,23,11,275,448446449538035712,12,KC,Kansas City,Chiefs,KC,DEF,,
462453279037583360,NCAA WILD,462453280534949888,23,12,276,465270232106135552,11,829,Andy,Dalton,CIN,QB,Active,8
462453279037583360,NCAA WILD,462453280534949888,24,12,277,465270232106135552,11,5248,Gus,Edwards,BAL,RB,Active,1
462453279037583360,NCAA WILD,462453280534949888,24,11,278,448446449538035712,12,4972,Mason,Rudolph,PIT,QB,Active,1
462453279037583360,NCAA WILD,462453280534949888,24,10,279,465263224640499712,9,1945,Chris,Boswell,PIT,K,Active,5
462453279037583360,NCAA WILD,462453280534949888,24,9,280,462714981117325312,8,ATL,Atlanta,Falcons,ATL,DEF,,
462453279037583360,NCAA WILD,462453280534949888,24,8,281,505166677990699008,10,6011,Gardner,Minshew,JAX,QB,Active,0
462453279037583360,NCAA WILD,462453280534949888,24,7,282,465260042191368192,5,616,Jimmy,Graham,GB,TE,Active,9
462453279037583360,NCAA WILD,462453280534949888,24,6,283,332533603546189824,2,ARI,Arizona,Cardinals,ARI,DEF,,
462453279037583360,NCAA WILD,462453280534949888,24,5,284,464886421866409984,6,4089,Gerald,Everett,LAR,TE,Active,2
462453279037583360,NCAA WILD,462453280534949888,24,4,285,465262570945638400,7,2560,Zach,Zenner,DET,RB,Active,4
462453279037583360,NCAA WILD,462453280534949888,24,3,286,462924007415476224,4,333,Ryan,Fitzpatrick,MIA,QB,Active,14
462453279037583360,NCAA WILD,462453280534949888,24,2,287,441392312380026880,3,5536,Dontrell,Hilliard,CLE,RB,Active,1
462453279037583360,NCAA WILD,462453280534949888,24,1,288,457579310098673664,1,1215,Jarius,Wright,CAR,WR,Active,7
462453279037583360,NCAA WILD,462453280534949888,25,1,289,457579310098673664,1,5973,Josh,Oliver,JAX,TE,Active,0
462453279037583360,NCAA WILD,462453280534949888,25,2,290,441392312380026880,3,5209,Mike,Boone,MIN,RB,Active,1
462453279037583360,NCAA WILD,462453280534949888,25,3,291,462924007415476224,4,4263,Elijah,McGuire,NYJ,RB,Active,2
462453279037583360,NCAA WILD,462453280534949888,25,4,292,465262570945638400,7,1567,Tavon,Austin,DAL,RB,Active,6
462453279037583360,NCAA WILD,462453280534949888,25,5,293,464886421866409984,6,2477,Cameron,Artis-Payne,CAR,RB,Active,4
462453279037583360,NCAA WILD,462453280534949888,25,6,294,332533603546189824,2,5918,Rodney,Anderson,CIN,RB,Active,0
462453279037583360,NCAA WILD,462453280534949888,25,7,295,465260042191368192,5,6040,Tyree,Jackson,BUF,QB,Active,0
462453279037583360,NCAA WILD,462453280534949888,25,8,296,505166677990699008,10,1903,Taylor,Gabriel,CHI,WR,Active,5
462453279037583360,NCAA WILD,462453280534949888,25,9,297,462714981117325312,8,MIA,Miami,Dolphins,MIA,DEF,,
462453279037583360,NCAA WILD,462453280534949888,25,10,298,465263224640499712,9,5230,Michael,Badgley,LAC,K,Practice Squad,1
462453279037583360,NCAA WILD,462453280534949888,25,11,299,448446449538035712,12,6149,Darius,Slayton,NYG,WR,Active,0
462453279037583360,NCAA WILD,462453280534949888,25,12,300,465270232106135552,11,2214,Cameron,Brate,TB,TE,Active,5
462453279037583360,NCAA WILD,462453280534949888,26,12,301,465270232106135552,11,5873,Riley,Ridley,CHI,WR,Active,0
462453279037583360,NCAA WILD,462453280534949888,26,11,302,448446449538035712,12,6068,Devine,Ozigbo,NO,RB,Active,0
462453279037583360,NCAA WILD,462453280534949888,26,10,303,465263224640499712,9,5136,Josh,Adams,PHI,RB,Active,1
462453279037583360,NCAA WILD,462453280534949888,26,9,304,462714981117325312,8,4144,Jonnu,Smith,TEN,TE,Active,2
462453279037583360,NCAA WILD,462453280534949888,26,8,305,505166677990699008,10,6153,Dexter,Williams,GB,RB,Active,0
462453279037583360,NCAA WILD,462453280534949888,26,7,306,465260042191368192,5,988,Doug,Baldwin,,WR,Inactive,8
462453279037583360,NCAA WILD,462453280534949888,26,6,307,332533603546189824,2,6136,Jarrett,Stidham,NE,QB,Active,0
462453279037583360,NCAA WILD,462453280534949888,26,5,308,464886421866409984,6,4197,Isaiah,McKenzie,BUF,WR,Practice Squad,2
462453279037583360,NCAA WILD,462453280534949888,26,4,309,465262570945638400,7,775,Steven,Hauschka,BUF,K,Active,11
462453279037583360,NCAA WILD,462453280534949888,26,3,310,462924007415476224,4,5374,Justin,Watson,TB,WR,Active,1
462453279037583360,NCAA WILD,462453280534949888,26,2,311,441392312380026880,3,6039,Ty,Johnson,DET,RB,Active,0
462453279037583360,NCAA WILD,462453280534949888,26,1,312,457579310098673664,1,391,Ryan,Succop,TEN,K,Active,10
462453279037583360,NCAA WILD,462453280534949888,27,1,313,457579310098673664,1,2152,Teddy,Bridgewater,NO,QB,Active,5
462453279037583360,NCAA WILD,462453280534949888,27,2,314,441392312380026880,3,5095,Daniel,Carlson,OAK,K,Active,1
462453279037583360,NCAA WILD,462453280534949888,27,3,315,462924007415476224,4,5101,Deon,Cain,IND,WR,Active,1
462453279037583360,NCAA WILD,462453280534949888,27,4,316,465262570945638400,7,2003,Bennie,Fowler,NYG,WR,Active,5
462453279037583360,NCAA WILD,462453280534949888,27,5,317,464886421866409984,6,5906,Dawson,Knox,BUF,TE,Active,0
462453279037583360,NCAA WILD,462453280534949888,27,6,318,332533603546189824,2,246,Darren,Sproles,PHI,RB,Active,14
462453279037583360,NCAA WILD,462453280534949888,27,7,319,465260042191368192,5,3286,Demarcus,Robinson,KC,WR,Active,3
462453279037583360,NCAA WILD,462453280534949888,27,8,320,505166677990699008,10,3178,Josh,Doctson,WAS,WR,Active,3
462453279037583360,NCAA WILD,462453280534949888,27,9,321,462714981117325312,8,2747,Jason,Myers,SEA,K,Active,4
462453279037583360,NCAA WILD,462453280534949888,27,10,322,465263224640499712,9,2334,Phillip,Dorsett,NE,WR,Active,4
462453279037583360,NCAA WILD,462453280534949888,27,11,323,448446449538035712,12,6334,Damarea,Crockett,HOU,RB,Active,0
462453279037583360,NCAA WILD,462453280534949888,27,12,324,465270232106135552,11,SF,San Francisco,49ers,SF,DEF,,
462453279037583360,NCAA WILD,462453280534949888,28,12,325,465270232106135552,11,2020,Cairo,Santos,TB,K,Active,5
462453279037583360,NCAA WILD,462453280534949888,28,11,326,448446449538035712,12,5903,Will,Grier,CAR,QB,Active,0
462453279037583360,NCAA WILD,462453280534949888,28,10,327,465263224640499712,9,6012,Travis,Homer,SEA,RB,Active,0
462453279037583360,NCAA WILD,462453280534949888,28,9,328,462714981117325312,8,1737,Case,Keenum,WAS,QB,Active,7
462453279037583360,NCAA WILD,462453280534949888,28,8,329,505166677990699008,10,5985,Foster,Moreau,OAK,TE,Active,0
462453279037583360,NCAA WILD,462453280534949888,28,7,330,465260042191368192,5,2331,Breshad,Perriman,TB,WR,Active,4
462453279037583360,NCAA WILD,462453280534949888,28,6,331,332533603546189824,2,560,Demaryius,Thomas,NE,WR,Active,9
462453279037583360,NCAA WILD,462453280534949888,28,5,332,464886421866409984,6,2039,Seth,Roberts,BAL,WR,Active,5
462453279037583360,NCAA WILD,462453280534949888,28,4,333,465262570945638400,7,CAR,Carolina,Panthers,CAR,DEF,,
462453279037583360,NCAA WILD,462453280534949888,28,3,334,462924007415476224,4,5975,Alize,Mack,NO,TE,Active,0
462453279037583360,NCAA WILD,462453280534949888,28,2,335,441392312380026880,3,4718,Dare,Ogunbowale,TB,RB,Practice Squad,2
462453279037583360,NCAA WILD,462453280534949888,28,1,336,457579310098673664,1,2279,Paul,Richardson,WAS,WR,Active,5
462453279037583360,NCAA WILD,462453280534949888,29,1,337,457579310098673664,1,4531,Ricky,Seals-Jones,ARI,TE,Active,2
462453279037583360,NCAA WILD,462453280534949888,29,2,338,441392312380026880,3,2381,Chris,Conley,JAX,WR,Active,4
462453279037583360,NCAA WILD,462453280534949888,29,3,339,462924007415476224,4,4125,Taywan,Taylor,TEN,WR,Active,2
462453279037583360,NCAA WILD,462453280534949888,29,4,340,465262570945638400,7,4622,Keelan,Cole,JAX,WR,Active,2
462453279037583360,NCAA WILD,462453280534949888,29,5,341,464886421866409984,6,1348,Dustin,Hopkins,WAS,K,Active,6
462453279037583360,NCAA WILD,462453280534949888,29,6,342,332533603546189824,2,5010,Will,Dissly,SEA,TE,Active,1
462453279037583360,NCAA WILD,462453280534949888,29,7,343,465260042191368192,5,1379,Kyle,Juszczyk,SF,RB,Active,6
462453279037583360,NCAA WILD,462453280534949888,29,8,344,505166677990699008,10,1564,Benjamin,Cunningham,JAX,RB,Active,6
462453279037583360,NCAA WILD,462453280534949888,29,9,345,462714981117325312,8,491,Danny,Amendola,DET,WR,Active,11
462453279037583360,NCAA WILD,462453280534949888,29,10,346,465263224640499712,9,19,Joe,Flacco,DEN,QB,Active,11
462453279037583360,NCAA WILD,462453280534949888,29,11,347,448446449538035712,12,5938,Lil'jordan,Humphrey,NO,WR,Active,0
462453279037583360,NCAA WILD,462453280534949888,29,12,348,465270232106135552,11,455,Michael,Crabtree,ARI,WR,Active,10
462453279037583360,NCAA WILD,462453280534949888,30,12,349,465270232106135552,11,5955,Hunter,Renfrow,OAK,WR,Active,0
462453279037583360,NCAA WILD,462453280534949888,30,11,350,448446449538035712,12,127,Matt,Bryant,,K,Inactive,17
462453279037583360,NCAA WILD,462453280534949888,30,10,351,465263224640499712,9,DET,Detroit,Lions,DET,DEF,,
462453279037583360,NCAA WILD,462453280534949888,30,9,352,462714981117325312,8,4464,Nick,Mullens,SF,QB,Active,2
462453279037583360,NCAA WILD,462453280534949888,30,8,353,505166677990699008,10,1077,Travis,Benjamin,LAC,WR,Active,7
462453279037583360,NCAA WILD,462453280534949888,30,7,354,465260042191368192,5,1170,Alfred,Morris,DAL,RB,Active,7
462453279037583360,NCAA WILD,462453280534949888,30,6,355,332533603546189824,2,1046,Rishard,Matthews,NO,WR,Active,7
462453279037583360,NCAA WILD,462453280534949888,30,5,356,464886421866409984,6,5100,Jordan,Wilkins,IND,RB,Active,1
462453279037583360,NCAA WILD,462453280534949888,30,4,357,465262570945638400,7,2359,Ameer,Abdullah,MIN,RB,Active,4
462453279037583360,NCAA WILD,462453280534949888,30,3,358,462924007415476224,4,3664,JD,McKissic,SEA,RB,Active,3
462453279037583360,NCAA WILD,462453280534949888,30,2,359,441392312380026880,3,4381,Taysom,Hill,NO,QB,Active,2
462453279037583360,NCAA WILD,462453280534949888,30,1,360,457579310098673664,1,3208,Kenneth,Dixon,BAL,RB,Active,3
462453279037583360,NCAA WILD,462453280534949888,31,1,361,457579310098673664,1,5134,Keith,Kirkwood,NO,WR,Active,1
462453279037583360,NCAA WILD,462453280534949888,31,2,362,441392312380026880,3,2821,Jake,Kumerow,GB,WR,Active,4
462453279037583360,NCAA WILD,462453280534949888,31,3,363,462924007415476224,4,2312,Kevin,White,ARI,WR,Active,4
462453279037583360,NCAA WILD,462453280534949888,31,4,364,465262570945638400,7,949,Jacquizz,Rodgers,NO,RB,Active,8
462453279037583360,NCAA WILD,462453280534949888,31,5,365,464886421866409984,6,3355,Cody,Core,CIN,WR,Active,3
462453279037583360,NCAA WILD,462453280534949888,31,6,366,332533603546189824,2,1144,Cole,Beasley,BUF,WR,Active,7
462453279037583360,NCAA WILD,462453280534949888,31,7,367,465260042191368192,5,1329,Chris,Hogan,CAR,WR,Active,8
462453279037583360,NCAA WILD,462453280534949888,31,8,368,505166677990699008,10,3309,Wendell,Smallwood,PHI,RB,Active,3
462453279037583360,NCAA WILD,462453280534949888,31,9,369,462714981117325312,8,2685,Jordan,Taylor,MIN,WR,Active,4
462453279037583360,NCAA WILD,462453280534949888,31,10,370,465263224640499712,9,CIN,Cincinnati,Bengals,CIN,DEF,,
462453279037583360,NCAA WILD,462453280534949888,31,11,371,448446449538035712,12,5919,Elijah,Holyfield,CAR,RB,Active,0
462453279037583360,NCAA WILD,462453280534949888,31,12,372,465270232106135552,11,2430,Javorius,Allen,NO,RB,Active,4
462453279037583360,NCAA WILD,462453280534949888,32,12,373,465270232106135552,11,WAS,Washington,Redskins,WAS,DEF,,
462453279037583360,NCAA WILD,462453280534949888,32,11,374,448446449538035712,12,TB,Tampa Bay,Buccaneers,TB,DEF,,
462453279037583360,NCAA WILD,462453280534949888,32,10,375,465263224640499712,9,1049,Ryan,Tannehill,TEN,QB,Active,7
462453279037583360,NCAA WILD,462453280534949888,32,9,376,462714981117325312,8,3155,Laquon,Treadwell,MIN,WR,Active,3
462453279037583360,NCAA WILD,462453280534949888,32,8,377,505166677990699008,10,1290,Jermaine,Kearse,DET,WR,Injured Reserve,7
462453279037583360,NCAA WILD,462453280534949888,32,7,378,465260042191368192,5,1979,Blake,Bortles,LAR,QB,Active,5
462453279037583360,NCAA WILD,462453280534949888,32,6,379,332533603546189824,2,4187,Brian,Hill,ATL,RB,Active,2
462453279037583360,NCAA WILD,462453280534949888,32,5,380,464886421866409984,6,2412,Justin,Hardy,ATL,WR,Active,4
462453279037583360,NCAA WILD,462453280534949888,32,4,381,465262570945638400,7,3296,Seth,DeValve,CLE,TE,Active,3
462453279037583360,NCAA WILD,462453280534949888,32,3,382,462924007415476224,4,268,Alex,Smith,WAS,QB,Physically Unable to Perform,14
462453279037583360,NCAA WILD,462453280534949888,32,2,383,441392312380026880,3,6002,Qadree,Ollison,ATL,RB,Active,0
462453279037583360,NCAA WILD,462453280534949888,32,1,384,457579310098673664,1,5980,Myles,Gaskin,MIA,RB,Active,0
462453279037583360,NCAA WILD,462453280534949888,33,1,385,457579310098673664,1,6164,Kahale,Warring,HOU,TE,Active,0
462453279037583360,NCAA WILD,462453280534949888,33,2,386,441392312380026880,3,6185,Easton,Stick,LAC,QB,Active,0
462453279037583360,NCAA WILD,462453280534949888,33,3,387,462924007415476224,4,232,Frank,Gore,BUF,RB,Active,14
462453279037583360,NCAA WILD,462453280534949888,33,4,388,465262570945638400,7,899,Dan,Bailey,MIN,K,Active,8
462453279037583360,NCAA WILD,462453280534949888,33,5,389,464886421866409984,6,4218,Trent,Taylor,SF,WR,Active,2
462453279037583360,NCAA WILD,462453280534949888,33,6,390,332533603546189824,2,1601,Spencer,Ware,IND,RB,Physically Unable to Perform,6
462453279037583360,NCAA WILD,462453280534949888,33,7,391,465260042191368192,5,4571,Blake,Jarwin,DAL,TE,Active,2
462453279037583360,NCAA WILD,462453280534949888,33,8,392,505166677990699008,10,OAK,Oakland,Raiders,OAK,DEF,,
462453279037583360,NCAA WILD,462453280534949888,33,9,393,462714981117325312,8,2462,JJ,Nelson,OAK,WR,Active,4
462453279037583360,NCAA WILD,462453280534949888,33,10,394,465263224640499712,9,5117,Jordan,Thomas,HOU,TE,Active,1
462453279037583360,NCAA WILD,462453280534949888,33,11,395,448446449538035712,12,6072,Bruce,Anderson,TB,RB,Active,0
462453279037583360,NCAA WILD,462453280534949888,33,12,396,465270232106135552,11,188,Eli,Manning,NYG,QB,Active,15
462453279037583360,NCAA WILD,462453280534949888,34,12,397,465270232106135552,11,4162,Ryan,Switzer,PIT,WR,Active,2
462453279037583360,NCAA WILD,462453280534949888,34,11,398,448446449538035712,12,5929,Anthony,Johnson,TB,WR,Active,0
462453279037583360,NCAA WILD,462453280534949888,34,10,399,465263224640499712,9,2750,Deandre,Carter,HOU,WR,Active,4
462453279037583360,NCAA WILD,462453280534949888,34,9,400,462714981117325312,8,4651,Corey,Clement,PHI,RB,Active,2
462453279037583360,NCAA WILD,462453280534949888,34,8,401,505166677990699008,10,1433,Brandon,McManus,DEN,K,Active,6
462453279037583360,NCAA WILD,462453280534949888,34,7,402,465260042191368192,5,5076,John,Kelly,LAR,RB,Active,1
462453279037583360,NCAA WILD,462453280534949888,34,6,403,332533603546189824,2,6147,Clayton,Thorson,PHI,QB,Active,0
462453279037583360,NCAA WILD,462453280534949888,34,5,404,464886421866409984,6,4026,Deshone,Kizer,GB,QB,Active,2
462453279037583360,NCAA WILD,462453280534949888,34,4,405,465262570945638400,7,4151,Jake,Butt,DEN,TE,Practice Squad,2
462453279037583360,NCAA WILD,462453280534949888,34,3,406,462924007415476224,4,5123,Trenton,Cannon,NYJ,RB,Active,1
462453279037583360,NCAA WILD,462453280534949888,34,2,407,441392312380026880,3,5570,Chad,Beebe,MIN,WR,Active,1
462453279037583360,NCAA WILD,462453280534949888,34,1,408,457579310098673664,1,6159,Mike,Weber,DAL,RB,Active,0
462453279037583360,NCAA WILD,462453280534949888,35,1,409,457579310098673664,1,827,Tyrod,Taylor,LAC,QB,Active,8
462453279037583360,NCAA WILD,462453280534949888,35,2,410,441392312380026880,3,6001,Drew,Sample,CIN,TE,Active,0
462453279037583360,NCAA WILD,462453280534949888,35,3,411,462924007415476224,4,4942,Marcell,Ateman,OAK,WR,Active,1
462453279037583360,NCAA WILD,462453280534949888,35,4,412,465262570945638400,7,2446,MyCole,Pruitt,TEN,TE,Active,4
462453279037583360,NCAA WILD,462453280534949888,35,5,413,464886421866409984,6,2944,Matt,LaCosse,NE,TE,Active,4
462453279037583360,NCAA WILD,462453280534949888,35,6,414,332533603546189824,2,89,Chad,Henne,KC,QB,Active,11
462453279037583360,NCAA WILD,462453280534949888,35,7,415,465260042191368192,5,1575,Andre,Ellington,TB,RB,Active,6
462453279037583360,NCAA WILD,462453280534949888,35,8,416,505166677990699008,10,6167,Jordan,Scarlett,CAR,RB,Active,0
462453279037583360,NCAA WILD,462453280534949888,35,9,417,462714981117325312,8,4150,Wayne,Gallman,NYG,RB,Active,2
462453279037583360,NCAA WILD,462453280534949888,35,10,418,465263224640499712,9,1312,Josh,Bellamy,NYJ,WR,Active,7
462453279037583360,NCAA WILD,462453280534949888,35,11,419,448446449538035712,12,1517,Theo,Riddick,DEN,RB,Active,6
462453279037583360,NCAA WILD,462453280534949888,35,12,420,465270232106135552,11,4183,Nathan,Peterman,OAK,QB,Practice Squad,2
519431936523956224,NCAA BIG SKY,519431938217299968,1,1,1,516266187571630080,1,4034,Christian,McCaffrey,CAR,RB,Active,3
519431936523956224,NCAA BIG SKY,519431938217299968,1,2,2,461273516759576576,5,4866,Saquon,Barkley,NYG,RB,Active,2
519431936523956224,NCAA BIG SKY,519431938217299968,1,3,3,78892531970359296,7,3164,Ezekiel,Elliott,DAL,RB,Active,4
519431936523956224,NCAA BIG SKY,519431938217299968,1,4,4,461245432756957184,3,3199,Michael,Thomas,NO,WR,Active,4
519431936523956224,NCAA BIG SKY,519431938217299968,1,5,5,519439276311531520,4,1426,DeAndre,Hopkins,ARI,WR,Active,7
519431936523956224,NCAA BIG SKY,519431938217299968,1,6,6,519767126595325952,12,4988,Nick,Chubb,CLE,RB,Active,2
519431936523956224,NCAA BIG SKY,519431938217299968,1,7,7,78892531970359296,7,4035,Alvin,Kamara,NO,RB,Active,3
519431936523956224,NCAA BIG SKY,519431938217299968,1,8,8,439255136309604352,2,4029,Dalvin,Cook,MIN,RB,Active,3
519431936523956224,NCAA BIG SKY,519431938217299968,1,9,9,450023004458446848,10,4018,Joe,Mixon,CIN,RB,Active,3
519431936523956224,NCAA BIG SKY,519431938217299968,1,10,10,448641292377780224,9,5850,Josh,Jacobs,LV,RB,Active,1
519431936523956224,NCAA BIG SKY,519431938217299968,1,11,11,424793511431262208,6,4881,Lamar,Jackson,BAL,QB,Active,2
519431936523956224,NCAA BIG SKY,519431938217299968,1,12,12,464145779661991936,11,4037,Chris,Godwin,TB,WR,Active,3
519431936523956224,NCAA BIG SKY,519431938217299968,2,12,13,464145779661991936,11,3198,Derrick,Henry,TEN,RB,Active,4
519431936523956224,NCAA BIG SKY,519431938217299968,2,11,14,424793511431262208,6,6820,Clyde,Edwards-Helaire,KC,RB,Active,0
519431936523956224,NCAA BIG SKY,519431938217299968,2,10,15,448641292377780224,9,6151,Miles,Sanders,PHI,RB,Active,1
519431936523956224,NCAA BIG SKY,519431938217299968,2,9,16,450023004458446848,10,6813,Jonathan,Taylor,IND,RB,Active,0
519431936523956224,NCAA BIG SKY,519431938217299968,2,8,17,439255136309604352,2,4046,Patrick,Mahomes,KC,QB,Active,3
519431936523956224,NCAA BIG SKY,519431938217299968,2,7,18,460518714907815936,8,3321,Tyreek,Hill,KC,WR,Active,4
519431936523956224,NCAA BIG SKY,519431938217299968,2,6,19,519767126595325952,12,5859,A.J.,Brown,TEN,WR,Active,1
519431936523956224,NCAA BIG SKY,519431938217299968,2,5,20,519439276311531520,4,2133,Davante,Adams,GB,WR,Active,6
519431936523956224,NCAA BIG SKY,519431938217299968,2,4,21,461245432756957184,3,6806,J.K.,Dobbins,BAL,RB,Active,0
519431936523956224,NCAA BIG SKY,519431938217299968,2,3,22,460518714907815936,8,4663,Austin,Ekeler,LAC,RB,Active,3
519431936523956224,NCAA BIG SKY,519431938217299968,2,2,23,461273516759576576,5,4983,D.J.,Moore,CAR,WR,Active,2
519431936523956224,NCAA BIG SKY,519431938217299968,2,1,24,516266187571630080,1,4199,Aaron,Jones,GB,RB,Active,3
519431936523956224,NCAA BIG SKY,519431938217299968,3,1,25,516266187571630080,1,4217,George,Kittle,SF,TE,Active,3
519431936523956224,NCAA BIG SKY,519431938217299968,3,2,26,461273516759576576,5,6790,D'Andre,Swift,DET,RB,Active,0
519431936523956224,NCAA BIG SKY,519431938217299968,3,3,27,460518714907815936,8,3242,Kenyan,Drake,ARI,RB,Active,4
519431936523956224,NCAA BIG SKY,519431938217299968,3,4,28,461245432756957184,3,6938,Cam,Akers,LAR,RB,Active,0
519431936523956224,NCAA BIG SKY,519431938217299968,3,5,29,519439276311531520,4,1466,Travis,Kelce,KC,TE,Active,7
519431936523956224,NCAA BIG SKY,519431938217299968,3,6,30,519767126595325952,12,4131,Kenny,Golladay,DET,WR,Active,3
519431936523956224,NCAA BIG SKY,519431938217299968,3,7,31,78892531970359296,7,2216,Mike,Evans,TB,WR,Active,6
519431936523956224,NCAA BIG SKY,519431938217299968,3,8,32,439255136309604352,2,2309,Amari,Cooper,DAL,WR,Active,5
519431936523956224,NCAA BIG SKY,519431938217299968,3,9,33,450023004458446848,10,5045,Courtland,Sutton,DEN,WR,Active,2
519431936523956224,NCAA BIG SKY,519431938217299968,3,10,34,448641292377780224,9,2078,Odell,Beckham Jr.,CLE,WR,Active,6
519431936523956224,NCAA BIG SKY,519431938217299968,3,11,35,424793511431262208,6,5846,DK,Metcalf,SEA,WR,Active,1
519431936523956224,NCAA BIG SKY,519431938217299968,3,12,36,464145779661991936,11,6783,Jerry,Jeudy,DEN,WR,Active,0
519431936523956224,NCAA BIG SKY,519431938217299968,4,12,37,464145779661991936,11,6885,Ke'Shawn,Vaughn,TB,RB,Active,0
519431936523956224,NCAA BIG SKY,519431938217299968,4,11,38,424793511431262208,6,5012,Mark,Andrews,BAL,TE,Active,2
519431936523956224,NCAA BIG SKY,519431938217299968,4,10,39,448641292377780224,9,3969,Leonard,Fournette,JAX,RB,Active,3
519431936523956224,NCAA BIG SKY,519431938217299968,4,9,40,450023004458446848,10,1992,Allen,Robinson II,CHI,WR,Active,6
519431936523956224,NCAA BIG SKY,519431938217299968,4,8,41,439255136309604352,2,947,Julio,Jones,ATL,WR,Active,9
519431936523956224,NCAA BIG SKY,519431938217299968,4,7,42,450023004458446848,10,2320,Melvin,Gordon III,DEN,RB,Active,5
519431936523956224,NCAA BIG SKY,519431938217299968,4,6,43,519767126595325952,12,6786,CeeDee,Lamb,DAL,WR,Active,0
519431936523956224,NCAA BIG SKY,519431938217299968,4,5,44,519439276311531520,4,956,Mark,Ingram II,BAL,RB,Active,9
519431936523956224,NCAA BIG SKY,519431938217299968,4,4,45,461245432756957184,3,4981,Calvin,Ridley,ATL,WR,Active,2
519431936523956224,NCAA BIG SKY,519431938217299968,4,3,46,460518714907815936,8,4040,JuJu,Smith-Schuster,PIT,WR,Active,3
519431936523956224,NCAA BIG SKY,519431938217299968,4,2,47,461273516759576576,5,2315,Todd,Gurley II,ATL,RB,Active,5
519431936523956224,NCAA BIG SKY,519431938217299968,4,1,48,516266187571630080,1,5849,Kyler,Murray,ARI,QB,Active,1
519431936523956224,NCAA BIG SKY,519431938217299968,5,1,49,516266187571630080,1,4017,Deshaun,Watson,HOU,QB,Active,3
519431936523956224,NCAA BIG SKY,519431938217299968,5,2,50,461273516759576576,5,4951,DJ,Chark Jr.,JAX,WR,Active,2
519431936523956224,NCAA BIG SKY,519431938217299968,5,3,51,460518714907815936,8,3294,Dak,Prescott,DAL,QB,Active,4
519431936523956224,NCAA BIG SKY,519431938217299968,5,4,52,461245432756957184,3,6789,Henry,Ruggs III,LV,WR,Active,0
519431936523956224,NCAA BIG SKY,519431938217299968,5,5,53,519439276311531520,4,1234,Russell,Wilson,SEA,QB,Active,8
519431936523956224,NCAA BIG SKY,519431938217299968,5,6,54,519767126595325952,12,6130,Devin,Singletary,BUF,RB,Active,1
519431936523956224,NCAA BIG SKY,519431938217299968,5,7,55,78892531970359296,7,5927,Terry,McLaurin,WAS,WR,Active,1
519431936523956224,NCAA BIG SKY,519431938217299968,5,8,56,439255136309604352,2,1339,Zach,Ertz,PHI,TE,Active,7
519431936523956224,NCAA BIG SKY,519431938217299968,5,9,57,450023004458446848,10,4137,James,Conner,PIT,RB,Active,3
519431936523956224,NCAA BIG SKY,519431938217299968,5,10,58,448641292377780224,9,4039,Cooper,Kupp,LAR,WR,Active,3
519431936523956224,NCAA BIG SKY,519431938217299968,5,11,59,424793511431262208,6,5892,David,Montgomery,CHI,RB,Active,1
519431936523956224,NCAA BIG SKY,519431938217299968,5,12,60,464145779661991936,11,4273,Chris,Carson,SEA,RB,Active,3
519431936523956224,NCAA BIG SKY,519431938217299968,6,12,61,464145779661991936,11,5848,Marquise,Brown,BAL,WR,Active,1
519431936523956224,NCAA BIG SKY,519431938217299968,6,11,62,424793511431262208,6,1352,Robert,Woods,LAR,WR,Active,7
519431936523956224,NCAA BIG SKY,519431938217299968,6,10,63,448641292377780224,9,4098,Kareem,Hunt,CLE,RB,Active,3
519431936523956224,NCAA BIG SKY,519431938217299968,6,9,64,450023004458446848,10,2374,Tyler,Lockett,SEA,WR,Active,5
519431936523956224,NCAA BIG SKY,519431938217299968,6,8,65,439255136309604352,2,1479,Keenan,Allen,LAC,WR,Active,7
519431936523956224,NCAA BIG SKY,519431938217299968,6,7,66,78892531970359296,7,3161,Carson,Wentz,PHI,QB,Active,4
519431936523956224,NCAA BIG SKY,519431938217299968,6,6,67,519767126595325952,12,6794,Justin,Jefferson,MIN,WR,Active,0
519431936523956224,NCAA BIG SKY,519431938217299968,6,5,68,519439276311531520,4,2449,Stefon,Diggs,BUF,WR,Active,5
519431936523956224,NCAA BIG SKY,519431938217299968,6,4,69,461245432756957184,3,2749,Raheem,Mostert,SF,RB,Active,5
519431936523956224,NCAA BIG SKY,519431938217299968,6,3,70,460518714907815936,8,1689,Adam,Thielen,MIN,WR,Active,7
519431936523956224,NCAA BIG SKY,519431938217299968,6,2,71,461273516759576576,5,1408,Le'Veon,Bell,NYJ,RB,Active,7
519431936523956224,NCAA BIG SKY,519431938217299968,6,1,72,516266187571630080,1,2391,David,Johnson,HOU,RB,Active,5
519431936523956224,NCAA BIG SKY,519431938217299968,7,1,73,516266187571630080,1,3157,Will,Fuller V,HOU,WR,Active,4
519431936523956224,NCAA BIG SKY,519431938217299968,7,2,74,461273516759576576,5,4984,Josh,Allen,BUF,QB,Active,2
519431936523956224,NCAA BIG SKY,519431938217299968,7,3,75,460518714907815936,8,5857,Noah,Fant,DEN,TE,Active,1
519431936523956224,NCAA BIG SKY,519431938217299968,7,4,76,461245432756957184,3,6770,Joe,Burrow,CIN,QB,Active,0
519431936523956224,NCAA BIG SKY,519431938217299968,7,5,77,519439276311531520,4,3202,Austin,Hooper,CLE,TE,Active,4
519431936523956224,NCAA BIG SKY,519431938217299968,7,6,78,519767126595325952,12,6797,Justin,Herbert,LAC,QB,Active,0
519431936523956224,NCAA BIG SKY,519431938217299968,7,7,79,78892531970359296,7,5872,Deebo,Samuel,SF,WR,Active,1
519431936523956224,NCAA BIG SKY,519431938217299968,7,8,80,439255136309604352,2,1825,Jarvis,Landry,CLE,WR,Active,6
519431936523956224,NCAA BIG SKY,519431938217299968,7,9,81,450023004458446848,10,6819,Michael,Pittman Jr.,IND,WR,Active,0
519431936523956224,NCAA BIG SKY,519431938217299968,7,10,82,448641292377780224,9,6798,Jalen,Reagor,PHI,WR,Active,0
519431936523956224,NCAA BIG SKY,519431938217299968,7,11,83,424793511431262208,6,5170,Phillip,Lindsay,DEN,RB,Active,2
519431936523956224,NCAA BIG SKY,519431938217299968,7,12,84,464145779661991936,11,5038,Michael,Gallup,DAL,WR,Active,2
519431936523956224,NCAA BIG SKY,519431938217299968,8,12,85,464145779661991936,11,2505,Darren,Waller,LV,TE,Active,5
519431936523956224,NCAA BIG SKY,519431938217299968,8,11,86,464145779661991936,11,2319,DeVante,Parker,MIA,WR,Active,5
519431936523956224,NCAA BIG SKY,519431938217299968,8,10,87,448641292377780224,9,3225,Tyler,Boyd,CIN,WR,Active,4
519431936523956224,NCAA BIG SKY,519431938217299968,8,9,88,450023004458446848,10,4892,Baker,Mayfield,CLE,QB,Active,2
519431936523956224,NCAA BIG SKY,519431938217299968,8,8,89,439255136309604352,2,4949,Derrius,Guice,WAS,RB,Active,2
519431936523956224,NCAA BIG SKY,519431938217299968,8,7,90,78892531970359296,7,6849,Denzel,Mims,NYJ,WR,Active,0
519431936523956224,NCAA BIG SKY,519431938217299968,8,6,91,519767126595325952,12,4066,Evan,Engram,NYG,TE,Active,3
519431936523956224,NCAA BIG SKY,519431938217299968,8,5,92,519439276311531520,4,4152,Marlon,Mack,IND,RB,Active,3
519431936523956224,NCAA BIG SKY,519431938217299968,8,4,93,461245432756957184,3,4993,Mike,Gesicki,MIA,TE,Active,2
519431936523956224,NCAA BIG SKY,519431938217299968,8,3,94,460518714907815936,8,4962,Sony,Michel,NE,RB,Active,2
519431936523956224,NCAA BIG SKY,519431938217299968,8,2,95,461273516759576576,5,6149,Darius,Slayton,NYG,WR,Active,1
519431936523956224,NCAA BIG SKY,519431938217299968,8,1,96,516266187571630080,1,830,A.J.,Green,CIN,WR,Active,9
519431936523956224,NCAA BIG SKY,519431938217299968,9,1,97,516266187571630080,1,4082,Curtis,Samuel,CAR,WR,Active,3
519431936523956224,NCAA BIG SKY,519431938217299968,9,2,98,461273516759576576,5,5052,Ronald,Jones II,TB,RB,Active,2
519431936523956224,NCAA BIG SKY,519431938217299968,9,3,99,460518714907815936,8,2197,Brandin,Cooks,HOU,WR,Active,6
519431936523956224,NCAA BIG SKY,519431938217299968,9,4,100,461245432756957184,3,167,Tom,Brady,TB,QB,Active,20
519431936523956224,NCAA BIG SKY,519431938217299968,9,5,101,519439276311531520,4,1110,T.Y.,Hilton,IND,WR,Active,8
519431936523956224,NCAA BIG SKY,519431938217299968,9,6,102,519767126595325952,12,5068,Kerryon,Johnson,DET,RB,Active,2
519431936523956224,NCAA BIG SKY,519431938217299968,9,7,103,78892531970359296,7,5937,Diontae,Johnson,PIT,WR,Active,1
519431936523956224,NCAA BIG SKY,519431938217299968,9,8,104,439255136309604352,2,4157,Tarik,Cohen,CHI,RB,Active,3
519431936523956224,NCAA BIG SKY,519431938217299968,9,9,105,450023004458446848,10,5854,Drew,Lock,DEN,QB,Active,1
519431936523956224,NCAA BIG SKY,519431938217299968,9,10,106,448641292377780224,9,6845,Zack,Moss,BUF,RB,Active,0
519431936523956224,NCAA BIG SKY,519431938217299968,9,11,107,424793511431262208,6,5987,Alexander,Mattison,MIN,RB,Active,1
519431936523956224,NCAA BIG SKY,519431938217299968,9,12,108,464145779661991936,11,5870,Daniel,Jones,NYG,QB,Active,1
519431936523956224,NCAA BIG SKY,519431938217299968,10,12,109,464145779661991936,11,6803,Brandon,Aiyuk,SF,WR,Active,0
519431936523956224,NCAA BIG SKY,519431938217299968,10,11,110,424793511431262208,6,5917,Mecole,Hardman,KC,WR,Active,1
519431936523956224,NCAA BIG SKY,519431938217299968,10,10,111,448641292377780224,9,4950,Christian,Kirk,ARI,WR,Active,2
519431936523956224,NCAA BIG SKY,519431938217299968,10,9,112,450023004458446848,10,6814,Laviska,Shenault Jr.,JAX,WR,Active,0
519431936523956224,NCAA BIG SKY,519431938217299968,10,8,113,439255136309604352,2,6768,Tua,Tagovailoa,MIA,QB,Active,0
519431936523956224,NCAA BIG SKY,519431938217299968,10,7,114,78892531970359296,7,4455,Matt,Breida,MIA,RB,Active,3
519431936523956224,NCAA BIG SKY,519431938217299968,10,6,115,519767126595325952,12,6801,Tee,Higgins,CIN,WR,Active,0
519431936523956224,NCAA BIG SKY,519431938217299968,10,5,116,519439276311531520,4,96,Aaron,Rodgers,GB,QB,Active,15
519431936523956224,NCAA BIG SKY,519431938217299968,10,4,117,461245432756957184,3,6828,A.J.,Dillon,GB,RB,Active,0
519431936523956224,NCAA BIG SKY,519431938217299968,10,3,118,460518714907815936,8,5916,Darrell,Henderson Jr.,LAR,RB,Active,1
519431936523956224,NCAA BIG SKY,519431938217299968,10,2,119,461273516759576576,5,6148,Preston,Williams,MIA,WR,Active,1
519431936523956224,NCAA BIG SKY,519431938217299968,10,1,120,516266187571630080,1,344,Julian,Edelman,NE,WR,Active,11
519431936523956224,NCAA BIG SKY,519431938217299968,11,1,121,516266187571630080,1,954,Cam,Newton,NE,QB,Active,9
519431936523956224,NCAA BIG SKY,519431938217299968,11,2,122,461273516759576576,5,6945,Antonio,Gibson,WAS,RB,Active,0
519431936523956224,NCAA BIG SKY,519431938217299968,11,3,123,460518714907815936,8,5022,Dallas,Goedert,PHI,TE,Active,2
519431936523956224,NCAA BIG SKY,519431938217299968,11,4,124,461245432756957184,3,6878,Anthony,McFarland Jr.,PIT,RB,Active,0
519431936523956224,NCAA BIG SKY,519431938217299968,11,5,125,519439276311531520,4,SF,San Francisco,49ers,SF,DEF,,
519431936523956224,NCAA BIG SKY,519431938217299968,11,6,126,519767126595325952,12,4985,Rashaad,Penny,SEA,RB,Active,2
519431936523956224,NCAA BIG SKY,519431938217299968,11,7,127,78892531970359296,7,1833,Damien,Williams,KC,RB,Active,6
519431936523956224,NCAA BIG SKY,519431938217299968,11,8,128,439255136309604352,2,1848,James,White,NE,RB,Active,6
519431936523956224,NCAA BIG SKY,519431938217299968,11,9,129,450023004458446848,10,3306,Jordan,Howard,MIA,RB,Active,4
519431936523956224,NCAA BIG SKY,519431938217299968,11,10,130,448641292377780224,9,3214,Hunter,Henry,LAC,TE,Active,4
519431936523956224,NCAA BIG SKY,519431938217299968,11,11,131,424793511431262208,6,3271,Tyler,Higbee,LAR,TE,Active,4
519431936523956224,NCAA BIG SKY,519431938217299968,11,12,132,464145779661991936,11,TB,Tampa Bay,Buccaneers,TB,DEF,,
519431936523956224,NCAA BIG SKY,519431938217299968,12,12,133,464145779661991936,11,5122,Boston,Scott,PHI,RB,Active,2
519431936523956224,NCAA BIG SKY,519431938217299968,12,11,134,424793511431262208,6,24,Matt,Ryan,ATL,QB,Active,12
519431936523956224,NCAA BIG SKY,519431938217299968,12,10,135,448641292377780224,9,3163,Jared,Goff,LAR,QB,Active,4
519431936523956224,NCAA BIG SKY,519431938217299968,12,9,136,450023004458446848,10,4973,Hayden,Hurst,ATL,TE,Active,2
519431936523956224,NCAA BIG SKY,519431938217299968,12,8,137,439255136309604352,2,5844,T.J.,Hockenson,DET,TE,Active,1
519431936523956224,NCAA BIG SKY,519431938217299968,12,7,138,460518714907815936,8,6126,Irv,Smith Jr.,MIN,TE,Active,1
519431936523956224,NCAA BIG SKY,519431938217299968,12,6,139,519767126595325952,12,4055,O.J.,Howard,TB,TE,Active,3
519431936523956224,NCAA BIG SKY,519431938217299968,12,5,140,519439276311531520,4,2378,Tevin,Coleman,SF,RB,Active,5
519431936523956224,NCAA BIG SKY,519431938217299968,12,4,141,461245432756957184,3,BAL,Baltimore,Ravens,BAL,DEF,,
519431936523956224,NCAA BIG SKY,519431938217299968,12,3,142,464145779661991936,11,4068,Mike,Williams,LAC,WR,Active,3
519431936523956224,NCAA BIG SKY,519431938217299968,12,2,143,461273516759576576,5,5967,Tony,Pollard,DAL,RB,Active,1
519431936523956224,NCAA BIG SKY,519431938217299968,12,1,144,516266187571630080,1,NE,New England,Patriots,NE,DEF,,
519431936523956224,NCAA BIG SKY,519431938217299968,13,1,145,516266187571630080,1,BUF,Buffalo,Bills,BUF,DEF,,
519431936523956224,NCAA BIG SKY,519431938217299968,13,2,146,461273516759576576,5,5880,Parris,Campbell,IND,WR,Active,1
519431936523956224,NCAA BIG SKY,519431938217299968,13,3,147,460518714907815936,8,7064,Darrynton,Evans,TEN,RB,Active,0
519431936523956224,NCAA BIG SKY,519431938217299968,13,4,148,461245432756957184,3,5878,N'Keal,Harry,NE,WR,Active,1
519431936523956224,NCAA BIG SKY,519431938217299968,13,5,149,519439276311531520,4,184,Adrian,Peterson,WAS,RB,Active,13
519431936523956224,NCAA BIG SKY,519431938217299968,13,6,150,519767126595325952,12,SEA,Seattle,Seahawks,SEA,DEF,,
519431936523956224,NCAA BIG SKY,519431938217299968,13,7,151,78892531970359296,7,2238,John,Brown,BUF,WR,Active,6
519431936523956224,NCAA BIG SKY,519431938217299968,13,8,152,439255136309604352,2,3200,Sterling,Shepard,NYG,WR,Active,4
519431936523956224,NCAA BIG SKY,519431938217299968,13,9,153,450023004458446848,10,6870,Bryan,Edwards,LV,WR,Active,0
519431936523956224,NCAA BIG SKY,519431938217299968,13,10,154,448641292377780224,9,421,Matthew,Stafford,DET,QB,Active,11
519431936523956224,NCAA BIG SKY,519431938217299968,13,11,155,424793511431262208,6,6805,K.J.,Hamler,DEN,WR,Active,0
519431936523956224,NCAA BIG SKY,519431938217299968,13,12,156,464145779661991936,11,515,Rob,Gronkowski,TB,TE,Active,10
519431936523956224,NCAA BIG SKY,519431938217299968,14,12,157,464145779661991936,11,1067,Marvin,Jones Jr.,DET,WR,Active,8
519431936523956224,NCAA BIG SKY,519431938217299968,14,11,158,424793511431262208,6,5000,Chase,Edmonds,ARI,RB,Active,2
519431936523956224,NCAA BIG SKY,519431938217299968,14,10,159,448641292377780224,9,4943,Sam,Darnold,NYJ,QB,Active,2
519431936523956224,NCAA BIG SKY,519431938217299968,14,9,160,460518714907815936,8,5890,Damien,Harris,NE,RB,Active,1
519431936523956224,NCAA BIG SKY,519431938217299968,14,8,161,439255136309604352,2,PIT,Pittsburgh,Steelers,PIT,DEF,,
519431936523956224,NCAA BIG SKY,519431938217299968,14,7,162,78892531970359296,7,4144,Jonnu,Smith,TEN,TE,Active,3
519431936523956224,NCAA BIG SKY,519431938217299968,14,6,163,519767126595325952,12,4146,Dede,Westbrook,JAX,WR,Active,3
519431936523956224,NCAA BIG SKY,519431938217299968,14,5,164,519439276311531520,4,642,Golden,Tate,NYG,WR,Active,10
519431936523956224,NCAA BIG SKY,519431938217299968,14,4,165,461245432756957184,3,5013,Anthony,Miller,CHI,WR,Active,2
519431936523956224,NCAA BIG SKY,519431938217299968,14,3,166,78892531970359296,7,1837,Jimmy,Garoppolo,SF,QB,Active,6
519431936523956224,NCAA BIG SKY,519431938217299968,14,2,167,461273516759576576,5,367,Jared,Cook,NO,TE,Active,11
519431936523956224,NCAA BIG SKY,519431938217299968,14,1,168,516266187571630080,1,3423,Robby,Anderson,CAR,WR,Active,4
519431936523956224,NCAA BIG SKY,519431938217299968,15,1,169,516266187571630080,1,2118,Eric,Ebron,PIT,TE,Active,6
519431936523956224,NCAA BIG SKY,519431938217299968,15,2,170,461273516759576576,5,IND,Indianapolis,Colts,IND,DEF,,
519431936523956224,NCAA BIG SKY,519431938217299968,15,3,171,460518714907815936,8,538,Emmanuel,Sanders,NO,WR,Active,10
519431936523956224,NCAA BIG SKY,519431938217299968,15,4,172,461245432756957184,3,4995,Ian,Thomas,CAR,TE,Active,2
519431936523956224,NCAA BIG SKY,519431938217299968,15,5,173,519439276311531520,4,NO,New Orleans,Saints,NO,DEF,,
519431936523956224,NCAA BIG SKY,519431938217299968,15,6,174,519767126595325952,12,2152,Teddy,Bridgewater,CAR,QB,Active,6
519431936523956224,NCAA BIG SKY,519431938217299968,15,7,175,78892531970359296,7,6886,Chase,Claypool,PIT,WR,Active,0
519431936523956224,NCAA BIG SKY,519431938217299968,15,8,176,439255136309604352,2,2382,Duke,Johnson,HOU,RB,Active,5
519431936523956224,NCAA BIG SKY,519431938217299968,15,9,177,450023004458446848,10,LAC,Los Angeles,Chargers,LAC,DEF,,
519431936523956224,NCAA BIG SKY,519431938217299968,15,10,178,448641292377780224,9,6826,Cole,Kmet,CHI,TE,Active,0
519431936523956224,NCAA BIG SKY,519431938217299968,15,11,179,424793511431262208,6,DEN,Denver,Broncos,DEN,DEF,,
519431936523956224,NCAA BIG SKY,519431938217299968,15,12,180,464145779661991936,11,1264,Justin,Tucker,BAL,K,Active,8
519431936523956224,NCAA BIG SKY,519431938217299968,16,12,181,464145779661991936,11,289,Drew,Brees,NO,QB,Active,19
519431936523956224,NCAA BIG SKY,519431938217299968,16,11,182,424793511431262208,6,6804,Jordan,Love,GB,QB,Active,0
519431936523956224,NCAA BIG SKY,519431938217299968,16,10,183,448641292377780224,9,2410,Jamison,Crowder,NYJ,WR,Active,5
519431936523956224,NCAA BIG SKY,519431938217299968,16,9,184,450023004458446848,10,6904,Jalen,Hurts,PHI,QB,Active,0
519431936523956224,NCAA BIG SKY,519431938217299968,16,8,185,439255136309604352,2,1166,Kirk,Cousins,MIN,QB,Active,8
519431936523956224,NCAA BIG SKY,519431938217299968,16,7,186,78892531970359296,7,138,Ben,Roethlisberger,PIT,QB,Active,16
519431936523956224,NCAA BIG SKY,519431938217299968,16,6,187,519767126595325952,12,1817,Sammy,Watkins,KC,WR,Active,6
519431936523956224,NCAA BIG SKY,519431938217299968,16,5,188,519439276311531520,4,2747,Jason,Myers,SEA,K,Active,5
519431936523956224,NCAA BIG SKY,519431938217299968,16,4,189,461245432756957184,3,6011,Gardner,Minshew II,JAX,QB,Active,1
519431936523956224,NCAA BIG SKY,519431938217299968,16,3,190,460518714907815936,8,4571,Blake,Jarwin,DAL,TE,Active,3
519431936523956224,NCAA BIG SKY,519431938217299968,16,2,191,461273516759576576,5,6847,Devin,Duvernay,BAL,WR,Active,0
519431936523956224,NCAA BIG SKY,519431938217299968,16,1,192,516266187571630080,1,2583,Tyrell,Williams,LV,WR,Active,5
519431936523956224,NCAA BIG SKY,519431938217299968,17,1,193,516266187571630080,1,4149,Jamaal,Williams,GB,RB,Active,3
519431936523956224,NCAA BIG SKY,519431938217299968,17,2,194,461273516759576576,5,7045,Joshua,Kelley,LAC,RB,Active,0
519431936523956224,NCAA BIG SKY,519431938217299968,17,3,195,460518714907815936,8,5347,Nyheim,Hines,IND,RB,Active,2
519431936523956224,NCAA BIG SKY,519431938217299968,17,4,196,461245432756957184,3,4227,Harrison,Butker,KC,K,Active,3
519431936523956224,NCAA BIG SKY,519431938217299968,17,5,197,519439276311531520,4,4666,Younghoe,Koo,ATL,K,Active,3
519431936523956224,NCAA BIG SKY,519431938217299968,17,6,198,519767126595325952,12,3678,Wil,Lutz,NO,K,Active,4
519431936523956224,NCAA BIG SKY,519431938217299968,17,7,199,78892531970359296,7,4233,Zane,Gonzalez,ARI,K,Active,3
519431936523956224,NCAA BIG SKY,519431938217299968,17,8,200,439255136309604352,2,5024,James,Washington,PIT,WR,Active,2
519431936523956224,NCAA BIG SKY,519431938217299968,17,9,201,450023004458446848,10,2331,Breshad,Perriman,NYJ,WR,Active,5
519431936523956224,NCAA BIG SKY,519431938217299968,17,10,202,448641292377780224,9,LAR,Los Angeles,Rams,LAR,DEF,,
519431936523956224,NCAA BIG SKY,519431938217299968,17,11,203,519439276311531520,4,536,Antonio,Brown,,WR,Inactive,10
519431936523956224,NCAA BIG SKY,519431938217299968,17,12,204,464145779661991936,11,6909,Lynn,Bowden Jr.,LV,RB,Active,0
519431936523956224,NCAA BIG SKY,519431938217299968,18,12,205,464145779661991936,11,6402,Steven,Sims Jr.,WAS,WR,Active,1
519431936523956224,NCAA BIG SKY,519431938217299968,18,11,206,424793511431262208,6,2168,Devonta,Freeman,,RB,Inactive,6
519431936523956224,NCAA BIG SKY,519431938217299968,18,10,207,448641292377780224,9,6908,Lamical,Perine,NYJ,RB,Active,0
519431936523956224,NCAA BIG SKY,519431938217299968,18,9,208,450023004458446848,10,1049,Ryan,Tannehill,TEN,QB,Active,8
519431936523956224,NCAA BIG SKY,519431938217299968,18,8,209,439255136309604352,2,1149,Alshon,Jeffery,PHI,WR,Active,8
519431936523956224,NCAA BIG SKY,519431938217299968,18,7,210,78892531970359296,7,223,Larry,Fitzgerald,ARI,WR,Active,16
519431936523956224,NCAA BIG SKY,519431938217299968,18,6,211,519767126595325952,12,5995,Justice,Hill,BAL,RB,Active,1
519431936523956224,NCAA BIG SKY,519431938217299968,18,5,212,519439276311531520,4,2257,Carlos,Hyde,SEA,RB,Active,6
519431936523956224,NCAA BIG SKY,519431938217299968,18,4,213,461245432756957184,3,MIN,Minnesota,Vikings,MIN,DEF,,
519431936523956224,NCAA BIG SKY,519431938217299968,18,3,214,460518714907815936,8,1476,Latavius,Murray,NO,RB,Active,7
519431936523956224,NCAA BIG SKY,519431938217299968,18,2,215,461273516759576576,5,6853,Van,Jefferson,LAR,WR,Active,0
519431936523956224,NCAA BIG SKY,519431938217299968,18,1,216,516266187571630080,1,6931,DeeJay,Dallas,SEA,RB,Active,0
519431936523956224,NCAA BIG SKY,519431938217299968,19,1,217,516266187571630080,1,5009,Chris,Herndon,NYJ,TE,Active,2
519431936523956224,NCAA BIG SKY,519431938217299968,19,2,218,461273516759576576,5,5906,Dawson,Knox,BUF,TE,Active,1
519431936523956224,NCAA BIG SKY,519431938217299968,19,3,219,460518714907815936,8,2306,Jameis,Winston,NO,QB,Active,5
519431936523956224,NCAA BIG SKY,519431938217299968,19,4,220,461245432756957184,3,5185,Allen,Lazard,GB,WR,Active,2
519431936523956224,NCAA BIG SKY,519431938217299968,19,5,221,519439276311531520,4,695,Ted,Ginn Jr.,CHI,WR,Active,13
519431936523956224,NCAA BIG SKY,519431938217299968,19,6,222,519767126595325952,12,5955,Hunter,Renfrow,LV,WR,Active,1
519431936523956224,NCAA BIG SKY,519431938217299968,19,7,223,78892531970359296,7,KC,Kansas City,Chiefs,KC,DEF,,
519431936523956224,NCAA BIG SKY,519431938217299968,19,8,224,439255136309604352,2,CHI,Chicago,Bears,CHI,DEF,,
519431936523956224,NCAA BIG SKY,519431938217299968,19,9,225,450023004458446848,10,6906,Antonio,Gandy-Golden,WAS,WR,Active,0
519431936523956224,NCAA BIG SKY,519431938217299968,19,10,226,448641292377780224,9,6007,Ryquell,Armstead,JAX,RB,Active,1
519431936523956224,NCAA BIG SKY,519431938217299968,19,11,227,424793511431262208,6,PHI,Philadelphia,Eagles,PHI,DEF,,
519431936523956224,NCAA BIG SKY,519431938217299968,19,12,228,464145779661991936,11,WAS,Washington,Redskins,WAS,DEF,,
519431936523956224,NCAA BIG SKY,519431938217299968,20,12,229,464145779661991936,11,5110,Russell,Gage,ATL,WR,Active,2
519431936523956224,NCAA BIG SKY,519431938217299968,20,11,230,424793511431262208,6,6083,Matt,Gay,TB,K,Active,1
519431936523956224,NCAA BIG SKY,519431938217299968,20,10,231,448641292377780224,9,6139,Jace,Sternberger,GB,TE,Active,1
519431936523956224,NCAA BIG SKY,519431938217299968,20,9,232,450023004458446848,10,6956,Devin,Asiasi,NE,TE,Active,0
519431936523956224,NCAA BIG SKY,519431938217299968,20,8,233,439255136309604352,2,5131,Justin,Jackson,LAC,RB,Active,2
519431936523956224,NCAA BIG SKY,519431938217299968,20,7,234,78892531970359296,7,TEN,Tennessee,Titans,TEN,DEF,,
519431936523956224,NCAA BIG SKY,519431938217299968,20,6,235,519767126595325952,12,5845,Dwayne,Haskins Jr.,WAS,QB,Active,1
519431936523956224,NCAA BIG SKY,519431938217299968,20,5,236,519439276311531520,4,147,DeSean,Jackson,PHI,WR,Active,12
519431936523956224,NCAA BIG SKY,519431938217299968,20,4,237,461245432756957184,3,6951,Eno,Benjamin,ARI,RB,Active,0
519431936523956224,NCAA BIG SKY,519431938217299968,20,3,238,460518714907815936,8,DAL,Dallas,Cowboys,DAL,DEF,,
519431936523956224,NCAA BIG SKY,519431938217299968,20,2,239,461273516759576576,5,6156,Benny,Snell Jr.,PIT,RB,Active,1
519431936523956224,NCAA BIG SKY,519431938217299968,20,1,240,516266187571630080,1,GB,Green Bay,Packers,GB,DEF,,
519431936523956224,NCAA BIG SKY,519431938217299968,21,1,241,516266187571630080,1,1266,Greg,Zuerlein,DAL,K,Active,8
519431936523956224,NCAA BIG SKY,519431938217299968,21,2,242,461273516759576576,5,6843,Albert,Okwuegbunam,DEN,TE,Active,0
519431936523956224,NCAA BIG SKY,519431938217299968,21,3,243,460518714907815936,8,331,Philip,Rivers,IND,QB,Active,16
519431936523956224,NCAA BIG SKY,519431938217299968,21,4,244,461245432756957184,3,5046,Royce,Freeman,DEN,RB,Active,2
519431936523956224,NCAA BIG SKY,519431938217299968,21,5,245,519439276311531520,4,4038,John,Ross III,CIN,WR,Active,3
519431936523956224,NCAA BIG SKY,519431938217299968,21,6,246,519767126595325952,12,5010,Will,Dissly,SEA,TE,Active,2
519431936523956224,NCAA BIG SKY,519431938217299968,21,7,247,78892531970359296,7,CLE,Cleveland,Browns,CLE,DEF,,
519431936523956224,NCAA BIG SKY,519431938217299968,21,8,248,439255136309604352,2,1071,Mohamed,Sanu Sr.,NE,WR,Active,8
519431936523956224,NCAA BIG SKY,519431938217299968,21,9,249,450023004458446848,10,1386,Giovani,Bernard,CIN,RB,Active,7
519431936523956224,NCAA BIG SKY,519431938217299968,21,10,250,448641292377780224,9,5965,Miles,Boykin,BAL,WR,Active,1
519431936523956224,NCAA BIG SKY,519431938217299968,21,11,251,424793511431262208,6,1244,Josh,Gordon,,WR,Inactive,8
519431936523956224,NCAA BIG SKY,519431938217299968,21,12,252,464145779661991936,11,ARI,Arizona,Cardinals,ARI,DEF,,
519431936523956224,NCAA BIG SKY,519431938217299968,22,12,253,464145779661991936,11,1592,Darren,Fells,HOU,TE,Active,7
519431936523956224,NCAA BIG SKY,519431938217299968,22,11,254,424793511431262208,6,4033,David,Njoku,CLE,TE,Active,3
519431936523956224,NCAA BIG SKY,519431938217299968,22,10,255,448641292377780224,9,1945,Chris,Boswell,PIT,K,Active,6
519431936523956224,NCAA BIG SKY,519431938217299968,22,9,256,450023004458446848,10,6850,Harrison,Bryant,CLE,TE,Active,0
519431936523956224,NCAA BIG SKY,519431938217299968,22,8,257,439255136309604352,2,5107,Jaylen,Samuels,PIT,RB,Active,2
519431936523956224,NCAA BIG SKY,519431938217299968,22,7,258,78892531970359296,7,17,Matt,Prater,DET,K,Active,14
519431936523956224,NCAA BIG SKY,519431938217299968,22,6,259,519767126595325952,12,5230,Michael,Badgley,LAC,K,Active,2
519431936523956224,NCAA BIG SKY,519431938217299968,22,5,260,519439276311531520,4,CAR,Carolina,Panthers,CAR,DEF,,
519431936523956224,NCAA BIG SKY,519431938217299968,22,4,261,461245432756957184,3,4195,Jake,Elliott,PHI,K,Active,3
519431936523956224,NCAA BIG SKY,519431938217299968,22,3,262,460518714907815936,8,1706,Jack,Doyle,IND,TE,Active,7
519431936523956224,NCAA BIG SKY,519431938217299968,22,2,263,461273516759576576,5,4036,Corey,Davis,TEN,WR,Active,3
519431936523956224,NCAA BIG SKY,519431938217299968,22,1,264,516266187571630080,1,928,Randall,Cobb,HOU,WR,Active,9
519431936523956224,NCAA BIG SKY,519431938217299968,23,1,265,516266187571630080,1,5209,Mike,Boone,MIN,RB,Active,2
519431936523956224,NCAA BIG SKY,519431938217299968,23,2,266,461273516759576576,5,2028,Derek,Carr,LV,QB,Active,6
519431936523956224,NCAA BIG SKY,519431938217299968,23,3,267,460518714907815936,8,5911,Jalen,Hurd,SF,WR,Active,1
519431936523956224,NCAA BIG SKY,519431938217299968,23,4,268,461245432756957184,3,6869,Adam,Trautman,NO,TE,Active,0
519431936523956224,NCAA BIG SKY,519431938217299968,23,5,269,519439276311531520,4,1555,Kenny,Stills,HOU,WR,Active,7
519431936523956224,NCAA BIG SKY,519431938217299968,23,6,270,519767126595325952,12,HOU,Houston,Texans,HOU,DEF,,
519431936523956224,NCAA BIG SKY,519431938217299968,23,7,271,78892531970359296,7,2346,Devin,Funchess,GB,WR,Active,5
519431936523956224,NCAA BIG SKY,519431938217299968,23,8,272,439255136309604352,2,59,Mason,Crosby,GB,K,Active,13
519431936523956224,NCAA BIG SKY,519431938217299968,23,9,273,450023004458446848,10,6960,Tyler,Johnson,TB,WR,Active,0
519431936523956224,NCAA BIG SKY,519431938217299968,23,10,274,516266187571630080,1,1144,Cole,Beasley,BUF,WR,Active,8
519431936523956224,NCAA BIG SKY,519431938217299968,23,11,275,424793511431262208,6,2161,Jerick,McKinnon,SF,RB,Active,6
519431936523956224,NCAA BIG SKY,519431938217299968,23,12,276,464145779661991936,11,5947,Jakobi,Meyers,NE,WR,Active,1
519431936523956224,NCAA BIG SKY,519431938217299968,24,12,277,464145779661991936,11,5162,Reggie,Bonnafon,CAR,RB,Active,2
519431936523956224,NCAA BIG SKY,519431938217299968,24,11,278,424793511431262208,6,5863,J.J.,Arcega-Whiteside,PHI,WR,Active,1
519431936523956224,NCAA BIG SKY,519431938217299968,24,10,279,448641292377780224,9,5884,Kelvin,Harmon,WAS,WR,Active,1
519431936523956224,NCAA BIG SKY,519431938217299968,24,9,280,450023004458446848,10,6824,Donovan,Peoples-Jones,CLE,WR,Active,0
519431936523956224,NCAA BIG SKY,519431938217299968,24,8,281,439255136309604352,2,232,Frank,Gore,NYJ,RB,Active,15
519431936523956224,NCAA BIG SKY,519431938217299968,24,7,282,78892531970359296,7,1502,Chris,Thompson,JAX,RB,Active,7
519431936523956224,NCAA BIG SKY,519431938217299968,24,6,283,519767126595325952,12,5086,Marquez,Valdes-Scantling,GB,WR,Active,2
519431936523956224,NCAA BIG SKY,519431938217299968,24,5,284,519439276311531520,4,4089,Gerald,Everett,LAR,TE,Active,3
519431936523956224,NCAA BIG SKY,519431938217299968,24,4,285,461245432756957184,3,6136,Jarrett,Stidham,NE,QB,Active,1
519431936523956224,NCAA BIG SKY,519431938217299968,24,3,286,460518714907815936,8,3451,Ka'imi,Fairbairn,HOU,K,Active,4
519431936523956224,NCAA BIG SKY,519431938217299968,24,2,287,461273516759576576,5,3976,Mitchell,Trubisky,CHI,QB,Active,3
519431936523956224,NCAA BIG SKY,519431938217299968,24,1,288,448641292377780224,9,MIA,Miami,Dolphins,MIA,DEF,,
519431936523956224,NCAA BIG SKY,519431938217299968,25,1,289,516266187571630080,1,2588,Malcolm,Brown,LAR,RB,Active,5
519431936523956224,NCAA BIG SKY,519431938217299968,25,2,290,461273516759576576,5,5889,Bryce,Love,WAS,RB,Active,1
519431936523956224,NCAA BIG SKY,519431938217299968,25,3,291,460518714907815936,8,1433,Brandon,McManus,DEN,K,Active,7
519431936523956224,NCAA BIG SKY,519431938217299968,25,4,292,461245432756957184,3,JAX,Jacksonville,Jaguars,JAX,DEF,,
519431936523956224,NCAA BIG SKY,519431938217299968,25,5,293,519439276311531520,4,1911,Willie,Snead IV,BAL,WR,Active,6
519431936523956224,NCAA BIG SKY,519431938217299968,25,6,294,519767126595325952,12,5915,Andy,Isabella,ARI,WR,Active,1
519431936523956224,NCAA BIG SKY,519431938217299968,25,7,295,78892531970359296,7,5026,Tre'Quan,Smith,NO,WR,Active,2
519431936523956224,NCAA BIG SKY,519431938217299968,25,8,296,439255136309604352,2,775,Stephen,Hauschka,BUF,K,Active,12
519431936523956224,NCAA BIG SKY,519431938217299968,25,9,297,450023004458446848,10,NYJ,New York,Jets,NYJ,DEF,,
519431936523956224,NCAA BIG SKY,519431938217299968,25,10,298,448641292377780224,9,6919,Thaddeus,Moss,WAS,TE,Active,0
519431936523956224,NCAA BIG SKY,519431938217299968,25,11,299,424793511431262208,6,5284,Jeff,Wilson Jr.,SF,RB,Active,2
519431936523956224,NCAA BIG SKY,519431938217299968,25,12,300,464145779661991936,11,2822,Adam,Humphries,TEN,WR,Active,5
519431936523956224,NCAA BIG SKY,519431938217299968,26,12,301,464145779661991936,11,6823,Jacob,Eason,IND,QB,Active,0
519431936523956224,NCAA BIG SKY,519431938217299968,26,11,302,424793511431262208,6,6957,James,Proche,BAL,WR,Active,0
519431936523956224,NCAA BIG SKY,519431938217299968,26,10,303,448641292377780224,9,2671,Josh,Lambo,JAX,K,Active,5
519431936523956224,NCAA BIG SKY,519431938217299968,26,9,304,450023004458446848,10,5004,Ito,Smith,ATL,RB,Active,2
519431936523956224,NCAA BIG SKY,519431938217299968,26,8,305,439255136309604352,2,1287,Kai,Forbath,DAL,K,Active,9
519431936523956224,NCAA BIG SKY,519431938217299968,26,7,306,78892531970359296,7,1029,Nick,Foles,CHI,QB,Active,8
519431936523956224,NCAA BIG SKY,519431938217299968,26,6,307,519767126595325952,12,6943,Gabriel,Davis,BUF,WR,Active,0
519431936523956224,NCAA BIG SKY,519431938217299968,26,5,308,424793511431262208,6,788,Dion,Lewis,NYG,RB,Active,9
519431936523956224,NCAA BIG SKY,519431938217299968,26,4,309,461245432756957184,3,4218,Trent,Taylor,SF,WR,Active,3
519431936523956224,NCAA BIG SKY,519431938217299968,26,3,310,460518714907815936,8,DET,Detroit,Lions,DET,DEF,,
519431936523956224,NCAA BIG SKY,519431938217299968,26,2,311,461273516759576576,5,7085,Isaiah,Coulter,HOU,WR,Active,0
519431936523956224,NCAA BIG SKY,519431938217299968,26,1,312,448641292377780224,9,4171,Josh,Reynolds,LAR,WR,Active,3
519431936523956224,NCAA BIG SKY,519431938217299968,27,1,313,516266187571630080,1,6895,Quintez,Cephus,DET,WR,Active,0
519431936523956224,NCAA BIG SKY,519431938217299968,27,2,314,461273516759576576,5,2307,Marcus,Mariota,LV,QB,Active,5
519431936523956224,NCAA BIG SKY,519431938217299968,27,3,315,460518714907815936,8,827,Tyrod,Taylor,LAC,QB,Active,9
519431936523956224,NCAA BIG SKY,519431938217299968,27,4,316,461245432756957184,3,7121,Justin,Rohrwasser,NE,K,Active,0
519431936523956224,NCAA BIG SKY,519431938217299968,27,5,317,519439276311531520,4,943,Kyle,Rudolph,MIN,TE,Active,9
519431936523956224,NCAA BIG SKY,519431938217299968,27,6,318,519767126595325952,12,4992,Dante,Pettis,SF,WR,Active,2
519431936523956224,NCAA BIG SKY,519431938217299968,27,7,319,78892531970359296,7,1793,Trey,Burton,IND,TE,Active,6
519431936523956224,NCAA BIG SKY,519431938217299968,27,8,320,439255136309604352,2,49,Robbie,Gould,SF,K,Active,15
519431936523956224,NCAA BIG SKY,519431938217299968,27,9,321,450023004458446848,10,899,Dan,Bailey,MIN,K,Active,9
519431936523956224,NCAA BIG SKY,519431938217299968,27,10,322,448641292377780224,9,5111,Javon,Wims,CHI,WR,Active,2
519431936523956224,NCAA BIG SKY,519431938217299968,27,11,323,424793511431262208,6,5873,Riley,Ridley,CHI,WR,Active,1
519431936523956224,NCAA BIG SKY,519431938217299968,27,12,324,464145779661991936,11,6988,Raymond,Calais,TB,RB,Active,0
519431936523956224,NCAA BIG SKY,519431938217299968,28,12,325,464145779661991936,11,3827,Aldrick,Rosas,NYG,K,Active,4
519431936523956224,NCAA BIG SKY,519431938217299968,28,11,326,424793511431262208,6,1099,Randy,Bullock,CIN,K,Active,8
519431936523956224,NCAA BIG SKY,519431938217299968,28,10,327,448641292377780224,9,5248,Gus,Edwards,BAL,RB,Active,2
519431936523956224,NCAA BIG SKY,519431938217299968,28,9,328,450023004458446848,10,6650,Chase,McLaughlin,IND,K,Active,1
519431936523956224,NCAA BIG SKY,519431938217299968,28,8,329,439255136309604352,2,503,Graham,Gano,CAR,K,Active,11
519431936523956224,NCAA BIG SKY,519431938217299968,28,7,330,78892531970359296,7,6001,Drew,Sample,CIN,TE,Active,1
519431936523956224,NCAA BIG SKY,519431938217299968,28,6,331,519767126595325952,12,2460,C.J.,Uzomah,CIN,TE,Active,5
519431936523956224,NCAA BIG SKY,519431938217299968,28,5,332,519439276311531520,4,58,Greg,Olsen,SEA,TE,Active,13
519431936523956224,NCAA BIG SKY,519431938217299968,28,4,333,461245432756957184,3,3868,Jalen,Richard,LV,RB,Active,4
519431936523956224,NCAA BIG SKY,519431938217299968,28,3,334,460518714907815936,8,3286,Demarcus,Robinson,KC,WR,Active,4
519431936523956224,NCAA BIG SKY,519431938217299968,28,2,335,461273516759576576,5,6178,Darwin,Thompson,KC,RB,Active,1
519431936523956224,NCAA BIG SKY,519431938217299968,28,1,336,516266187571630080,1,7152,Sam,Sloman,LAR,K,Active,0
519431936523956224,NCAA BIG SKY,519431938217299968,29,1,337,516266187571630080,1,5962,KeeSean,Johnson,ARI,WR,Active,1
519431936523956224,NCAA BIG SKY,519431938217299968,29,2,338,461273516759576576,5,4335,P.J.,Walker,CAR,QB,Active,3
519431936523956224,NCAA BIG SKY,519431938217299968,29,3,339,460518714907815936,8,2381,Chris,Conley,JAX,WR,Active,5
519431936523956224,NCAA BIG SKY,519431938217299968,29,4,340,461245432756957184,3,1388,Tyler,Eifert,JAX,TE,Active,7
519431936523956224,NCAA BIG SKY,519431938217299968,29,5,341,519439276311531520,4,4421,Jacob,Hollister,SEA,TE,Active,3
519431936523956224,NCAA BIG SKY,519431938217299968,29,6,342,519767126595325952,12,4319,Zach,Pascal,IND,WR,Active,3
519431936523956224,NCAA BIG SKY,519431938217299968,29,7,343,78892531970359296,7,3257,Jacoby,Brissett,IND,QB,Active,4
519431936523956224,NCAA BIG SKY,519431938217299968,29,8,344,439255136309604352,2,1034,Brandon,Bolden,NE,RB,Active,8
519431936523956224,NCAA BIG SKY,519431938217299968,29,9,345,450023004458446848,10,4381,Taysom,Hill,NO,QB,Active,3
519431936523956224,NCAA BIG SKY,519431938217299968,29,10,346,448641292377780224,9,5127,Kyle,Allen,WAS,QB,Active,2
519431936523956224,NCAA BIG SKY,519431938217299968,29,11,347,424793511431262208,6,5985,Foster,Moreau,LV,TE,Active,1
519431936523956224,NCAA BIG SKY,519431938217299968,29,12,348,464145779661991936,11,6144,Trayveon,Williams,CIN,RB,Active,1
519431936523956224,NCAA BIG SKY,519431938217299968,30,12,349,460518714907815936,8,1048,Lamar,Miller,,RB,Inactive,8
519431936523956224,NCAA BIG SKY,519431938217299968,30,11,350,424793511431262208,6,745,Marshawn,Lynch,,RB,Inactive,13
519431936523956224,NCAA BIG SKY,519431938217299968,30,10,351,448641292377780224,9,6920,Isaiah,Hodgins,BUF,WR,Active,0
519431936523956224,NCAA BIG SKY,519431938217299968,30,9,352,450023004458446848,10,7082,Dalton,Keene,NE,TE,Active,0
519431936523956224,NCAA BIG SKY,519431938217299968,30,8,353,439255136309604352,2,5007,Keke,Coutee,HOU,WR,Active,2
519431936523956224,NCAA BIG SKY,519431938217299968,30,7,354,78892531970359296,7,3297,Tajaé,Sharpe,MIN,WR,Active,4
519431936523956224,NCAA BIG SKY,519431938217299968,30,6,355,519767126595325952,12,1379,Kyle,Juszczyk,SF,RB,Active,7
519431936523956224,NCAA BIG SKY,519431938217299968,30,5,356,519439276311531520,4,2325,Nelson,Agholor,LV,WR,Active,5
519431936523956224,NCAA BIG SKY,519431938217299968,30,4,357,461245432756957184,3,6822,Jake,Fromm,BUF,QB,Active,0
519431936523956224,NCAA BIG SKY,519431938217299968,30,3,358,460518714907815936,8,829,Andy,Dalton,DAL,QB,Active,9
519431936523956224,NCAA BIG SKY,519431938217299968,30,2,359,461273516759576576,5,2214,Cameron,Brate,TB,TE,Active,6
519431936523956224,NCAA BIG SKY,519431938217299968,30,1,360,516266187571630080,1,4718,Dare,Ogunbowale,TB,RB,Active,3
519431936523956224,NCAA BIG SKY,519431938217299968,31,1,361,516266187571630080,1,4187,Brian,Hill,ATL,RB,Active,3
519431936523956224,NCAA BIG SKY,519431938217299968,31,2,362,461273516759576576,5,7050,Josiah,Deguara,GB,TE,Active,0
519431936523956224,NCAA BIG SKY,519431938217299968,31,3,363,460518714907815936,8,6012,Travis,Homer,SEA,RB,Active,1
519431936523956224,NCAA BIG SKY,519431938217299968,31,4,364,461245432756957184,3,3634,Kalif,Raymond,TEN,WR,Active,4
519431936523956224,NCAA BIG SKY,519431938217299968,31,5,365,519439276311531520,4,1346,Marquise,Goodwin,PHI,WR,Active,7
519431936523956224,NCAA BIG SKY,519431938217299968,31,6,366,519767126595325952,12,2025,Albert,Wilson,MIA,WR,Active,6
519431936523956224,NCAA BIG SKY,519431938217299968,31,7,367,78892531970359296,7,4150,Wayne,Gallman,NYG,RB,Active,3
519431936523956224,NCAA BIG SKY,519431938217299968,31,8,368,439255136309604352,2,1587,Vance,McDonald,PIT,TE,Active,7
519431936523956224,NCAA BIG SKY,519431938217299968,31,9,369,450023004458446848,10,333,Ryan,Fitzpatrick,MIA,QB,Active,15
519431936523956224,NCAA BIG SKY,519431938217299968,31,10,370,448641292377780224,9,5886,Hakeem,Butler,ARI,WR,Active,1
519431936523956224,NCAA BIG SKY,519431938217299968,31,11,371,424793511431262208,6,ATL,Atlanta,Falcons,ATL,DEF,,
519431936523956224,NCAA BIG SKY,519431938217299968,31,12,372,464145779661991936,11,4741,Dan,Arnold,ARI,TE,Active,3
519431936523956224,NCAA BIG SKY,519431938217299968,32,12,373,464145779661991936,11,6955,James,Robinson,JAX,RB,Active,0
519431936523956224,NCAA BIG SKY,519431938217299968,32,11,374,424793511431262208,6,3300,DeAndre,Washington,KC,RB,Active,4
519431936523956224,NCAA BIG SKY,519431938217299968,32,10,375,448641292377780224,9,NYG,New York,Giants,NYG,DEF,,
519431936523956224,NCAA BIG SKY,519431938217299968,32,9,376,450023004458446848,10,1387,Rex,Burkhead,NE,RB,Active,7
519431936523956224,NCAA BIG SKY,519431938217299968,32,8,377,439255136309604352,2,1535,Cordarrelle,Patterson,CHI,RB,Active,7
519431936523956224,NCAA BIG SKY,519431938217299968,32,7,378,78892531970359296,7,6744,Greg,Ward,PHI,WR,Active,3
519431936523956224,NCAA BIG SKY,519431938217299968,32,6,379,519767126595325952,12,5549,Darrel,Williams,KC,RB,Active,2
519431936523956224,NCAA BIG SKY,519431938217299968,32,5,380,519439276311531520,4,2334,Phillip,Dorsett II,SEA,WR,Active,5
519431936523956224,NCAA BIG SKY,519431938217299968,32,4,381,461245432756957184,3,CIN,Cincinnati,Bengals,CIN,DEF,,
519431936523956224,NCAA BIG SKY,519431938217299968,32,3,382,460518714907815936,8,4531,Ricky,Seals-Jones,KC,TE,Active,3
519431936523956224,NCAA BIG SKY,519431938217299968,32,2,383,461273516759576576,5,6918,Salvon,Ahmed,SF,RB,Active,0
519431936523956224,NCAA BIG SKY,519431938217299968,32,1,384,516266187571630080,1,4454,Kendrick,Bourne,SF,WR,Active,3
519431936523956224,NCAA BIG SKY,519431938217299968,33,1,385,516266187571630080,1,1984,Allen,Hurns,MIA,WR,Active,6
519431936523956224,NCAA BIG SKY,519431938217299968,33,2,386,461273516759576576,5,6996,JaMycal,Hasty,SF,RB,Active,0
519431936523956224,NCAA BIG SKY,519431938217299968,33,3,387,460518714907815936,8,7107,Jason,Huntley,DET,RB,Active,0
519431936523956224,NCAA BIG SKY,519431938217299968,33,4,388,461245432756957184,3,6146,Kaden,Smith,NYG,TE,Active,1
519431936523956224,NCAA BIG SKY,519431938217299968,33,5,389,519439276311531520,4,616,Jimmy,Graham,CHI,TE,Active,10
519431936523956224,NCAA BIG SKY,519431938217299968,33,6,390,519767126595325952,12,5130,Auden,Tate,CIN,WR,Active,2
519431936523956224,NCAA BIG SKY,519431938217299968,33,7,391,78892531970359296,7,3328,Rashard,Higgins,CLE,WR,Active,4
519431936523956224,NCAA BIG SKY,519431938217299968,33,8,392,439255136309604352,2,3503,Geronimo,Allison,DET,WR,Active,4
519431936523956224,NCAA BIG SKY,519431938217299968,33,9,393,450023004458446848,10,6857,Collin,Johnson,JAX,WR,Active,0
519431936523956224,NCAA BIG SKY,519431938217299968,33,10,394,448641292377780224,9,5973,Josh,Oliver,JAX,TE,Active,1
519431936523956224,NCAA BIG SKY,519431938217299968,33,11,395,424793511431262208,6,1111,Andrew,Luck,,QB,Inactive,8
519431936523956224,NCAA BIG SKY,519431938217299968,33,12,396,464145779661991936,11,4998,DaeSean,Hamilton,DEN,WR,Active,2
519431936523956224,NCAA BIG SKY,519431938217299968,34,12,397,464145779661991936,11,6913,Joe,Reed,LAC,WR,Active,0
519431936523956224,NCAA BIG SKY,519431938217299968,34,11,398,424793511431262208,6,110,Stephen,Gostkowski,,K,Inactive,14
519431936523956224,NCAA BIG SKY,519431938217299968,34,10,399,448641292377780224,9,5112,Bo,Scarbrough,DET,RB,Active,2
519431936523956224,NCAA BIG SKY,519431938217299968,34,9,400,450023004458446848,10,7090,Darnell,Mooney,CHI,WR,Active,0
519431936523956224,NCAA BIG SKY,519431938217299968,34,8,401,439255136309604352,2,676,LeSean,McCoy,,RB,Inactive,11
519431936523956224,NCAA BIG SKY,519431938217299968,34,7,402,78892531970359296,7,2399,Ty,Montgomery,NO,RB,Active,5
519431936523956224,NCAA BIG SKY,519431938217299968,34,6,403,519767126595325952,12,5903,Will,Grier,CAR,QB,Active,1
519431936523956224,NCAA BIG SKY,519431938217299968,34,5,404,519439276311531520,4,491,Danny,Amendola,DET,WR,Active,12
519431936523956224,NCAA BIG SKY,519431938217299968,34,4,405,461245432756957184,3,6866,K.J.,Hill,LAC,WR,Active,0
519431936523956224,NCAA BIG SKY,519431938217299968,34,3,406,460518714907815936,8,4221,Jeremy,Sprinkle,WAS,TE,Active,3
519431936523956224,NCAA BIG SKY,519431938217299968,34,2,407,461273516759576576,5,6963,Patrick,Taylor,GB,RB,Active,0
519431936523956224,NCAA BIG SKY,519431938217299968,34,1,408,516266187571630080,1,4274,David,Moore,SEA,WR,Active,3
519431936523956224,NCAA BIG SKY,519431938217299968,35,1,409,516266187571630080,1,1987,Marqise,Lee,NE,WR,Active,6
519431936523956224,NCAA BIG SKY,519431938217299968,35,2,410,461273516759576576,5,LV,Las Vegas,Raiders,LV,DEF,,
519431936523956224,NCAA BIG SKY,519431938217299968,35,3,411,460518714907815936,8,6973,J.J.,Taylor,NE,RB,Active,0
519431936523956224,NCAA BIG SKY,519431938217299968,35,4,412,461245432756957184,3,5918,Rodney,Anderson,CIN,RB,Active,1
519431936523956224,NCAA BIG SKY,519431938217299968,35,5,413,519439276311531520,4,6846,Hunter,Bryant,DET,TE,Active,0
519431936523956224,NCAA BIG SKY,519431938217299968,35,6,414,519767126595325952,12,7002,Juwan,Johnson,NO,WR,Active,0
519431936523956224,NCAA BIG SKY,519431938217299968,35,7,415,78892531970359296,7,4651,Corey,Clement,PHI,RB,Active,3
519431936523956224,NCAA BIG SKY,519431938217299968,35,8,416,439255136309604352,2,3433,Alex,Erickson,CIN,WR,Active,4
519431936523956224,NCAA BIG SKY,519431938217299968,35,9,417,450023004458446848,10,2474,Nick,Boyle,BAL,TE,Active,5
519431936523956224,NCAA BIG SKY,519431938217299968,35,10,418,448641292377780224,9,6088,Bisi,Johnson,MIN,WR,Active,1
519431936523956224,NCAA BIG SKY,519431938217299968,35,11,419,424793511431262208,6,7086,John,Hightower,PHI,WR,Active,0
519431936523956224,NCAA BIG SKY,519431938217299968,35,12,420,464145779661991936,11,6311,Patrick,Laird,MIA,RB,Active,1
519431936523956224,NCAA BIG SKY,519431938217299968,36,12,421,464145779661991936,11,4669,Andre,Patton,LAC,WR,Active,3
519431936523956224,NCAA BIG SKY,519431938217299968,36,11,422,424793511431262208,6,6164,Kahale,Warring,HOU,TE,Active,1
519431936523956224,NCAA BIG SKY,519431938217299968,36,10,423,448641292377780224,9,4994,Kalen,Ballage,MIA,RB,Active,2
519431936523956224,NCAA BIG SKY,519431938217299968,36,9,424,450023004458446848,10,6985,Dezmon,Patmon,IND,WR,Active,0
519431936523956224,NCAA BIG SKY,519431938217299968,36,8,425,439255136309604352,2,3594,Peyton,Barber,WAS,RB,Active,4
519431936523956224,NCAA BIG SKY,519431938217299968,36,7,426,78892531970359296,7,3445,Marcus,Johnson,IND,WR,Active,4
519431936523956224,NCAA BIG SKY,519431938217299968,36,6,427,519767126595325952,12,6234,Deonte,Harris,NO,WR,Active,1
519431936523956224,NCAA BIG SKY,519431938217299968,36,5,428,519439276311531520,4,560,Demaryius,Thomas,,WR,Inactive,10
519431936523956224,NCAA BIG SKY,519431938217299968,36,4,429,461245432756957184,3,7103,Tavien,Feaster,JAX,RB,Active,0
519431936523956224,NCAA BIG SKY,519431938217299968,36,3,430,460518714907815936,8,6954,Cole,McDonald,TEN,QB,Active,0
519431936523956224,NCAA BIG SKY,519431938217299968,36,2,431,461273516759576576,5,6898,Anthony,Gordon,SEA,QB,Active,0
519431936523956224,NCAA BIG SKY,519431938217299968,36,1,432,516266187571630080,1,6927,Quez,Watkins,PHI,WR,Active,0
519431936523956224,NCAA BIG SKY,519431938217299968,37,1,433,516266187571630080,1,2341,T.J.,Yeldon,BUF,RB,Active,5
519431936523956224,NCAA BIG SKY,519431938217299968,37,2,434,461273516759576576,5,6219,Austin,Seibert,CLE,K,Active,1
519431936523956224,NCAA BIG SKY,519431938217299968,37,3,435,460518714907815936,8,5189,Eddy,Piñeiro,CHI,K,Active,2
519431936523956224,NCAA BIG SKY,519431938217299968,37,4,436,461245432756957184,3,7049,Jauan,Jennings,SF,WR,Active,0
519431936523956224,NCAA BIG SKY,519431938217299968,37,5,437,519439276311531520,4,6970,Stephen,Sullivan,SEA,TE,Active,0
519431936523956224,NCAA BIG SKY,519431938217299968,37,6,438,519767126595325952,12,5980,Myles,Gaskin,MIA,RB,Active,1
519431936523956224,NCAA BIG SKY,519431938217299968,37,7,439,78892531970359296,7,3178,Josh,Doctson,NYJ,WR,Active,4
519431936523956224,NCAA BIG SKY,519431938217299968,37,8,440,439255136309604352,2,3209,Devontae,Booker,LV,RB,Active,4
519431936523956224,NCAA BIG SKY,519431938217299968,37,9,441,450023004458446848,10,6989,Marquez,Callaway,NO,WR,Active,0
519431936523956224,NCAA BIG SKY,519431938217299968,37,10,442,448641292377780224,9,5250,Robert,Foster,BUF,WR,Active,2
519431936523956224,NCAA BIG SKY,519431938217299968,37,11,443,424793511431262208,6,6959,Levante,Bellamy,DEN,RB,Active,0
519431936523956224,NCAA BIG SKY,519431938217299968,37,12,444,464145779661991936,11,4435,Anthony,Firkser,TEN,TE,Active,3
519431936523956224,NCAA BIG SKY,519431938217299968,38,12,445,464145779661991936,11,1020,Terrelle,Pryor,,WR,Inactive,9
519431936523956224,NCAA BIG SKY,519431938217299968,38,11,446,424793511431262208,6,7032,Tyrie,Cleveland,DEN,WR,Active,0
519431936523956224,NCAA BIG SKY,519431938217299968,38,10,447,448641292377780224,9,2431,Mike,Davis,CAR,RB,Active,5
519431936523956224,NCAA BIG SKY,519431938217299968,38,9,448,450023004458446848,10,7093,Adrian,Killins Jr.,PHI,RB,Active,0
519431936523956224,NCAA BIG SKY,519431938217299968,38,8,449,439255136309604352,2,2004,Cody,Latimer,WAS,WR,Active,6
519431936523956224,NCAA BIG SKY,519431938217299968,38,7,450,78892531970359296,7,3664,J.D.,McKissic,WAS,RB,Active,4
519431936523956224,NCAA BIG SKY,519431938217299968,38,6,451,519767126595325952,12,4080,Zay,Jones,LV,WR,Active,3
519431936523956224,NCAA BIG SKY,519431938217299968,38,5,452,519439276311531520,4,7021,Rico,Dowdle,DAL,RB,Active,0
519431936523956224,NCAA BIG SKY,519431938217299968,38,4,453,461245432756957184,3,2821,Jake,Kumerow,GB,WR,Active,5
519431936523956224,NCAA BIG SKY,519431938217299968,38,3,454,460518714907815936,8,6271,Olamide,Zaccheaus,ATL,WR,Active,1
519431936523956224,NCAA BIG SKY,519431938217299968,38,2,455,461273516759576576,5,6926,Brycen,Hopkins,LAR,TE,Active,0
519431936523956224,NCAA BIG SKY,519431938217299968,38,1,456,516266187571630080,1,6834,Jared,Pinkney,ATL,TE,Active,0
519431936523956224,NCAA BIG SKY,519431938217299968,39,1,457,516266187571630080,1,5095,Daniel,Carlson,LV,K,Active,2
519431936523956224,NCAA BIG SKY,519431938217299968,39,2,458,461273516759576576,5,4958,Brett,Maher,NYJ,K,Active,7
519431936523956224,NCAA BIG SKY,519431938217299968,39,3,459,460518714907815936,8,6002,Qadree,Ollison,ATL,RB,Active,1
519431936523956224,NCAA BIG SKY,519431938217299968,39,4,460,461245432756957184,3,4622,Keelan,Cole,JAX,WR,Active,3
519431936523956224,NCAA BIG SKY,519431938217299968,39,5,461,519439276311531520,4,5032,Jordan,Akins,HOU,TE,Active,2
519431936523956224,NCAA BIG SKY,519431938217299968,39,6,462,519767126595325952,12,6628,Ventell,Bryant,DAL,WR,Active,1
519431936523956224,NCAA BIG SKY,519431938217299968,39,7,463,78892531970359296,7,6992,Mike,Warren,PHI,RB,Active,0
519431936523956224,NCAA BIG SKY,519431938217299968,39,8,464,439255136309604352,2,1425,Ryan,Griffin,NYJ,TE,Active,7
519431936523956224,NCAA BIG SKY,519431938217299968,39,9,465,460518714907815936,8,6068,Devine,Ozigbo,JAX,RB,Active,1
519431936523956224,NCAA BIG SKY,519431938217299968,39,10,466,448641292377780224,9,4162,Ryan,Switzer,PIT,WR,Active,3
519431936523956224,NCAA BIG SKY,519431938217299968,39,11,467,424793511431262208,6,1169,Robert,Griffin III,BAL,QB,Active,8
519431936523956224,NCAA BIG SKY,519431938217299968,39,12,468,464145779661991936,11,7081,James,Morgan,NYJ,QB,Active,0
519431936523956224,NCAA BIG SKY,519431938217299968,40,12,469,424793511431262208,6,2944,Matt,LaCosse,NE,TE,Active,5
519431936523956224,NCAA BIG SKY,519431938217299968,40,11,470,424793511431262208,6,3155,Laquon,Treadwell,ATL,WR,Active,4
519431936523956224,NCAA BIG SKY,519431938217299968,40,10,471,448641292377780224,9,6039,Ty,Johnson,DET,RB,Active,1
519431936523956224,NCAA BIG SKY,519431938217299968,40,9,472,450023004458446848,10,7076,Jeff,Thomas,NE,WR,Active,0
519431936523956224,NCAA BIG SKY,519431938217299968,40,8,473,439255136309604352,2,4125,Taywan,Taylor,CLE,WR,Active,3
519431936523956224,NCAA BIG SKY,519431938217299968,40,7,474,78892531970359296,7,7080,Omar,Bayless,CAR,WR,Active,0
519431936523956224,NCAA BIG SKY,519431938217299968,40,6,475,519767126595325952,12,6966,Javon,Leake,NYG,RB,Active,0
519431936523956224,NCAA BIG SKY,519431938217299968,40,5,476,519439276311531520,4,5289,Cameron,Batson,TEN,WR,Active,2
519431936523956224,NCAA BIG SKY,519431938217299968,40,4,477,461245432756957184,3,5199,Byron,Pringle,KC,WR,Active,2
519431936523956224,NCAA BIG SKY,519431938217299968,40,3,478,450023004458446848,10,5100,Jordan,Wilkins,IND,RB,Active,2
519431936523956224,NCAA BIG SKY,519431938217299968,40,2,479,461273516759576576,5,6879,Quartney,Davis,MIN,WR,Active,0
519431936523956224,NCAA BIG SKY,519431938217299968,40,1,480,516266187571630080,1,6865,Colby,Parkinson,SEA,TE,Active,0
519412020617998336,NCAA HISTORICALLY BLACK,519412022362828800,1,1,1,519664414748168192,4,4034,Christian,McCaffrey,CAR,RB,Active,3
519412020617998336,NCAA HISTORICALLY BLACK,519412022362828800,1,2,2,303281379553058816,2,4866,Saquon,Barkley,NYG,RB,Active,2
519412020617998336,NCAA HISTORICALLY BLACK,519412022362828800,1,3,3,519656908428791808,5,3199,Michael,Thomas,NO,WR,Active,4
519412020617998336,NCAA HISTORICALLY BLACK,519412022362828800,1,4,4,471427194132885504,1,3164,Ezekiel,Elliott,DAL,RB,Active,4
519412020617998336,NCAA HISTORICALLY BLACK,519412022362828800,1,5,5,411387962429816832,10,4035,Alvin,Kamara,NO,RB,Active,3
519412020617998336,NCAA HISTORICALLY BLACK,519412022362828800,1,6,6,304749125604241408,11,4029,Dalvin,Cook,MIN,RB,Active,3
519412020617998336,NCAA HISTORICALLY BLACK,519412022362828800,1,7,7,475102016549416960,3,1426,DeAndre,Hopkins,ARI,WR,Active,7
519412020617998336,NCAA HISTORICALLY BLACK,519412022362828800,1,8,8,519532620901961728,6,3198,Derrick,Henry,TEN,RB,Active,4
519412020617998336,NCAA HISTORICALLY BLACK,519412022362828800,1,9,9,515406486608322560,8,2133,Davante,Adams,GB,WR,Active,6
519412020617998336,NCAA HISTORICALLY BLACK,519412022362828800,1,10,10,460518714907815936,12,3321,Tyreek,Hill,KC,WR,Active,4
519412020617998336,NCAA HISTORICALLY BLACK,519412022362828800,1,11,11,519728067978186752,7,4018,Joe,Mixon,CIN,RB,Active,3
519412020617998336,NCAA HISTORICALLY BLACK,519412022362828800,1,12,12,526619912614985728,9,4037,Chris,Godwin,TB,WR,Active,3
519412020617998336,NCAA HISTORICALLY BLACK,519412022362828800,2,12,13,526619912614985728,9,6820,Clyde,Edwards-Helaire,KC,RB,Active,0
519412020617998336,NCAA HISTORICALLY BLACK,519412022362828800,2,11,14,519728067978186752,7,2216,Mike,Evans,TB,WR,Active,6
519412020617998336,NCAA HISTORICALLY BLACK,519412022362828800,2,10,15,460518714907815936,12,6151,Miles,Sanders,PHI,RB,Active,1
519412020617998336,NCAA HISTORICALLY BLACK,519412022362828800,2,9,16,515406486608322560,8,4131,Kenny,Golladay,DET,WR,Active,3
519412020617998336,NCAA HISTORICALLY BLACK,519412022362828800,2,8,17,519532620901961728,6,4988,Nick,Chubb,CLE,RB,Active,2
519412020617998336,NCAA HISTORICALLY BLACK,519412022362828800,2,7,18,475102016549416960,3,1466,Travis,Kelce,KC,TE,Active,7
519412020617998336,NCAA HISTORICALLY BLACK,519412022362828800,2,6,19,304749125604241408,11,4046,Patrick,Mahomes,KC,QB,Active,3
519412020617998336,NCAA HISTORICALLY BLACK,519412022362828800,2,5,20,519532620901961728,6,947,Julio,Jones,ATL,WR,Active,9
519412020617998336,NCAA HISTORICALLY BLACK,519412022362828800,2,4,21,471427194132885504,1,5850,Josh,Jacobs,LV,RB,Active,1
519412020617998336,NCAA HISTORICALLY BLACK,519412022362828800,2,3,22,519656908428791808,5,4663,Austin,Ekeler,LAC,RB,Active,3
519412020617998336,NCAA HISTORICALLY BLACK,519412022362828800,2,2,23,303281379553058816,2,4199,Aaron,Jones,GB,RB,Active,3
519412020617998336,NCAA HISTORICALLY BLACK,519412022362828800,2,1,24,519664414748168192,4,4217,George,Kittle,SF,TE,Active,3
519412020617998336,NCAA HISTORICALLY BLACK,519412022362828800,3,1,25,519664414748168192,4,4881,Lamar,Jackson,BAL,QB,Active,2
519412020617998336,NCAA HISTORICALLY BLACK,519412022362828800,3,2,26,303281379553058816,2,4983,D.J.,Moore,CAR,WR,Active,2
519412020617998336,NCAA HISTORICALLY BLACK,519412022362828800,3,3,27,519664414748168192,4,4040,JuJu,Smith-Schuster,PIT,WR,Active,3
519412020617998336,NCAA HISTORICALLY BLACK,519412022362828800,3,4,28,471427194132885504,1,3242,Kenyan,Drake,ARI,RB,Active,4
519412020617998336,NCAA HISTORICALLY BLACK,519412022362828800,3,5,29,411387962429816832,10,2309,Amari,Cooper,DAL,WR,Active,5
519412020617998336,NCAA HISTORICALLY BLACK,519412022362828800,3,6,30,304749125604241408,11,5859,A.J.,Brown,TEN,WR,Active,1
519412020617998336,NCAA HISTORICALLY BLACK,519412022362828800,3,7,31,475102016549416960,3,5045,Courtland,Sutton,DEN,WR,Active,2
519412020617998336,NCAA HISTORICALLY BLACK,519412022362828800,3,8,32,411387962429816832,10,5846,DK,Metcalf,SEA,WR,Active,1
519412020617998336,NCAA HISTORICALLY BLACK,519412022362828800,3,9,33,515406486608322560,8,4039,Cooper,Kupp,LAR,WR,Active,3
519412020617998336,NCAA HISTORICALLY BLACK,519412022362828800,3,10,34,460518714907815936,12,6813,Jonathan,Taylor,IND,RB,Active,0
519412020617998336,NCAA HISTORICALLY BLACK,519412022362828800,3,11,35,519728067978186752,7,4981,Calvin,Ridley,ATL,WR,Active,2
519412020617998336,NCAA HISTORICALLY BLACK,519412022362828800,3,12,36,526619912614985728,9,3969,Leonard,Fournette,JAX,RB,Active,3
519412020617998336,NCAA HISTORICALLY BLACK,519412022362828800,4,12,37,526619912614985728,9,6938,Cam,Akers,LAR,RB,Active,0
519412020617998336,NCAA HISTORICALLY BLACK,519412022362828800,4,11,38,519728067978186752,7,1992,Allen,Robinson II,CHI,WR,Active,6
519412020617998336,NCAA HISTORICALLY BLACK,519412022362828800,4,10,39,460518714907815936,12,2078,Odell,Beckham Jr.,CLE,WR,Active,6
519412020617998336,NCAA HISTORICALLY BLACK,519412022362828800,4,9,40,515406486608322560,8,2315,Todd,Gurley II,ATL,RB,Active,5
519412020617998336,NCAA HISTORICALLY BLACK,519412022362828800,4,8,41,519532620901961728,6,6801,Tee,Higgins,CIN,WR,Active,0
519412020617998336,NCAA HISTORICALLY BLACK,519412022362828800,4,7,42,475102016549416960,3,6130,Devin,Singletary,BUF,RB,Active,1
519412020617998336,NCAA HISTORICALLY BLACK,519412022362828800,4,6,43,304749125604241408,11,5892,David,Montgomery,CHI,RB,Active,1
519412020617998336,NCAA HISTORICALLY BLACK,519412022362828800,4,5,44,411387962429816832,10,5012,Mark,Andrews,BAL,TE,Active,2
519412020617998336,NCAA HISTORICALLY BLACK,519412022362828800,4,4,45,471427194132885504,1,5849,Kyler,Murray,ARI,QB,Active,1
519412020617998336,NCAA HISTORICALLY BLACK,519412022362828800,4,3,46,519656908428791808,5,1479,Keenan,Allen,LAC,WR,Active,7
519412020617998336,NCAA HISTORICALLY BLACK,519412022362828800,4,2,47,303281379553058816,2,4951,DJ,Chark Jr.,JAX,WR,Active,2
519412020617998336,NCAA HISTORICALLY BLACK,519412022362828800,4,1,48,519656908428791808,5,1408,Le'Veon,Bell,NYJ,RB,Active,7
519412020617998336,NCAA HISTORICALLY BLACK,519412022362828800,5,1,49,519656908428791808,5,1689,Adam,Thielen,MIN,WR,Active,7
519412020617998336,NCAA HISTORICALLY BLACK,519412022362828800,5,2,50,303281379553058816,2,5927,Terry,McLaurin,WAS,WR,Active,1
519412020617998336,NCAA HISTORICALLY BLACK,519412022362828800,5,3,51,519656908428791808,5,1234,Russell,Wilson,SEA,QB,Active,8
519412020617998336,NCAA HISTORICALLY BLACK,519412022362828800,5,4,52,471427194132885504,1,2320,Melvin,Gordon III,DEN,RB,Active,5
519412020617998336,NCAA HISTORICALLY BLACK,519412022362828800,5,5,53,411387962429816832,10,2449,Stefon,Diggs,BUF,WR,Active,5
519412020617998336,NCAA HISTORICALLY BLACK,519412022362828800,5,6,54,304749125604241408,11,5872,Deebo,Samuel,SF,WR,Active,1
519412020617998336,NCAA HISTORICALLY BLACK,519412022362828800,5,7,55,411387962429816832,10,6790,D'Andre,Swift,DET,RB,Active,0
519412020617998336,NCAA HISTORICALLY BLACK,519412022362828800,5,8,56,519532620901961728,6,3225,Tyler,Boyd,CIN,WR,Active,4
519412020617998336,NCAA HISTORICALLY BLACK,519412022362828800,5,9,57,519664414748168192,4,6786,CeeDee,Lamb,DAL,WR,Active,0
519412020617998336,NCAA HISTORICALLY BLACK,519412022362828800,5,10,58,460518714907815936,12,6783,Jerry,Jeudy,DEN,WR,Active,0
519412020617998336,NCAA HISTORICALLY BLACK,519412022362828800,5,11,59,519728067978186752,7,4017,Deshaun,Watson,HOU,QB,Active,3
519412020617998336,NCAA HISTORICALLY BLACK,519412022362828800,5,12,60,526619912614985728,9,2374,Tyler,Lockett,SEA,WR,Active,5
519412020617998336,NCAA HISTORICALLY BLACK,519412022362828800,6,12,61,526619912614985728,9,6794,Justin,Jefferson,MIN,WR,Active,0
519412020617998336,NCAA HISTORICALLY BLACK,519412022362828800,6,11,62,519728067978186752,7,4273,Chris,Carson,SEA,RB,Active,3
519412020617998336,NCAA HISTORICALLY BLACK,519412022362828800,6,10,63,460518714907815936,12,1339,Zach,Ertz,PHI,TE,Active,7
519412020617998336,NCAA HISTORICALLY BLACK,519412022362828800,6,9,64,515406486608322560,8,3294,Dak,Prescott,DAL,QB,Active,4
519412020617998336,NCAA HISTORICALLY BLACK,519412022362828800,6,8,65,411387962429816832,10,6806,J.K.,Dobbins,BAL,RB,Active,0
519412020617998336,NCAA HISTORICALLY BLACK,519412022362828800,6,7,66,475102016549416960,3,3161,Carson,Wentz,PHI,QB,Active,4
519412020617998336,NCAA HISTORICALLY BLACK,519412022362828800,6,6,67,304749125604241408,11,4066,Evan,Engram,NYG,TE,Active,3
519412020617998336,NCAA HISTORICALLY BLACK,519412022362828800,6,5,68,411387962429816832,10,6798,Jalen,Reagor,PHI,WR,Active,0
519412020617998336,NCAA HISTORICALLY BLACK,519412022362828800,6,4,69,471427194132885504,1,4950,Christian,Kirk,ARI,WR,Active,2
519412020617998336,NCAA HISTORICALLY BLACK,519412022362828800,6,3,70,519656908428791808,5,2391,David,Johnson,HOU,RB,Active,5
519412020617998336,NCAA HISTORICALLY BLACK,519412022362828800,6,2,71,303281379553058816,2,2505,Darren,Waller,LV,TE,Active,5
519412020617998336,NCAA HISTORICALLY BLACK,519412022362828800,6,1,72,515406486608322560,8,4973,Hayden,Hurst,ATL,TE,Active,2
519412020617998336,NCAA HISTORICALLY BLACK,519412022362828800,7,1,73,515406486608322560,8,2749,Raheem,Mostert,SF,RB,Active,5
519412020617998336,NCAA HISTORICALLY BLACK,519412022362828800,7,2,74,303281379553058816,2,6885,Ke'Shawn,Vaughn,TB,RB,Active,0
519412020617998336,NCAA HISTORICALLY BLACK,519412022362828800,7,3,75,519656908428791808,5,2197,Brandin,Cooks,HOU,WR,Active,6
519412020617998336,NCAA HISTORICALLY BLACK,519412022362828800,7,4,76,471427194132885504,1,1825,Jarvis,Landry,CLE,WR,Active,6
519412020617998336,NCAA HISTORICALLY BLACK,519412022362828800,7,5,77,475102016549416960,3,4137,James,Conner,PIT,RB,Active,3
519412020617998336,NCAA HISTORICALLY BLACK,519412022362828800,7,6,78,304749125604241408,11,5848,Marquise,Brown,BAL,WR,Active,1
519412020617998336,NCAA HISTORICALLY BLACK,519412022362828800,7,7,79,475102016549416960,3,1352,Robert,Woods,LAR,WR,Active,7
519412020617998336,NCAA HISTORICALLY BLACK,519412022362828800,7,8,80,519532620901961728,6,2319,DeVante,Parker,MIA,WR,Active,5
519412020617998336,NCAA HISTORICALLY BLACK,519412022362828800,7,9,81,519664414748168192,4,5170,Phillip,Lindsay,DEN,RB,Active,2
519412020617998336,NCAA HISTORICALLY BLACK,519412022362828800,7,10,82,460518714907815936,12,4098,Kareem,Hunt,CLE,RB,Active,3
519412020617998336,NCAA HISTORICALLY BLACK,519412022362828800,7,11,83,519728067978186752,7,5857,Noah,Fant,DEN,TE,Active,1
519412020617998336,NCAA HISTORICALLY BLACK,519412022362828800,7,12,84,526619912614985728,9,3214,Hunter,Henry,LAC,TE,Active,4
519412020617998336,NCAA HISTORICALLY BLACK,519412022362828800,8,12,85,526619912614985728,9,4984,Josh,Allen,BUF,QB,Active,2
519412020617998336,NCAA HISTORICALLY BLACK,519412022362828800,8,11,86,519728067978186752,7,3157,Will,Fuller V,HOU,WR,Active,4
519412020617998336,NCAA HISTORICALLY BLACK,519412022362828800,8,10,87,460518714907815936,12,4892,Baker,Mayfield,CLE,QB,Active,2
519412020617998336,NCAA HISTORICALLY BLACK,519412022362828800,8,9,88,515406486608322560,8,5038,Michael,Gallup,DAL,WR,Active,2
519412020617998336,NCAA HISTORICALLY BLACK,519412022362828800,8,8,89,519532620901961728,6,830,A.J.,Green,CIN,WR,Active,9
519412020617998336,NCAA HISTORICALLY BLACK,519412022362828800,8,7,90,475102016549416960,3,1110,T.Y.,Hilton,IND,WR,Active,8
519412020617998336,NCAA HISTORICALLY BLACK,519412022362828800,8,6,91,304749125604241408,11,4949,Derrius,Guice,WAS,RB,Active,2
519412020617998336,NCAA HISTORICALLY BLACK,519412022362828800,8,5,92,475102016549416960,3,6789,Henry,Ruggs III,LV,WR,Active,0
519412020617998336,NCAA HISTORICALLY BLACK,519412022362828800,8,4,93,471427194132885504,1,5878,N'Keal,Harry,NE,WR,Active,1
519412020617998336,NCAA HISTORICALLY BLACK,519412022362828800,8,3,94,519664414748168192,4,4068,Mike,Williams,LAC,WR,Active,3
519412020617998336,NCAA HISTORICALLY BLACK,519412022362828800,8,2,95,303281379553058816,2,6149,Darius,Slayton,NYG,WR,Active,1
519412020617998336,NCAA HISTORICALLY BLACK,519412022362828800,8,1,96,519664414748168192,4,5068,Kerryon,Johnson,DET,RB,Active,2
519412020617998336,NCAA HISTORICALLY BLACK,519412022362828800,9,1,97,304749125604241408,11,4455,Matt,Breida,MIA,RB,Active,3
519412020617998336,NCAA HISTORICALLY BLACK,519412022362828800,9,2,98,303281379553058816,2,6148,Preston,Williams,MIA,WR,Active,1
519412020617998336,NCAA HISTORICALLY BLACK,519412022362828800,9,3,99,519656908428791808,5,956,Mark,Ingram II,BAL,RB,Active,9
519412020617998336,NCAA HISTORICALLY BLACK,519412022362828800,9,4,100,471427194132885504,1,6819,Michael,Pittman Jr.,IND,WR,Active,0
519412020617998336,NCAA HISTORICALLY BLACK,519412022362828800,9,5,101,411387962429816832,10,6770,Joe,Burrow,CIN,QB,Active,0
519412020617998336,NCAA HISTORICALLY BLACK,519412022362828800,9,6,102,519656908428791808,5,344,Julian,Edelman,NE,WR,Active,11
519412020617998336,NCAA HISTORICALLY BLACK,519412022362828800,9,7,103,475102016549416960,3,4993,Mike,Gesicki,MIA,TE,Active,2
519412020617998336,NCAA HISTORICALLY BLACK,519412022362828800,9,8,104,519532620901961728,6,515,Rob,Gronkowski,TB,TE,Active,10
519412020617998336,NCAA HISTORICALLY BLACK,519412022362828800,9,9,105,515406486608322560,8,6849,Denzel,Mims,NYJ,WR,Active,0
519412020617998336,NCAA HISTORICALLY BLACK,519412022362828800,9,10,106,460518714907815936,12,5917,Mecole,Hardman,KC,WR,Active,1
519412020617998336,NCAA HISTORICALLY BLACK,519412022362828800,9,11,107,519728067978186752,7,6803,Brandon,Aiyuk,SF,WR,Active,0
519412020617998336,NCAA HISTORICALLY BLACK,519412022362828800,9,12,108,526619912614985728,9,5937,Diontae,Johnson,PIT,WR,Active,1
519412020617998336,NCAA HISTORICALLY BLACK,519412022362828800,10,12,109,526619912614985728,9,4962,Sony,Michel,NE,RB,Active,2
519412020617998336,NCAA HISTORICALLY BLACK,519412022362828800,10,11,110,519728067978186752,7,4152,Marlon,Mack,IND,RB,Active,3
519412020617998336,NCAA HISTORICALLY BLACK,519412022362828800,10,10,111,519656908428791808,5,6768,Tua,Tagovailoa,MIA,QB,Active,0
519412020617998336,NCAA HISTORICALLY BLACK,519412022362828800,10,9,112,515406486608322560,8,6814,Laviska,Shenault Jr.,JAX,WR,Active,0
519412020617998336,NCAA HISTORICALLY BLACK,519412022362828800,10,8,113,519532620901961728,6,5052,Ronald,Jones II,TB,RB,Active,2
519412020617998336,NCAA HISTORICALLY BLACK,519412022362828800,10,7,114,475102016549416960,3,4082,Curtis,Samuel,CAR,WR,Active,3
519412020617998336,NCAA HISTORICALLY BLACK,519412022362828800,10,6,115,304749125604241408,11,4157,Tarik,Cohen,CHI,RB,Active,3
519412020617998336,NCAA HISTORICALLY BLACK,519412022362828800,10,5,116,411387962429816832,10,5844,T.J.,Hockenson,DET,TE,Active,1
519412020617998336,NCAA HISTORICALLY BLACK,519412022362828800,10,4,117,471427194132885504,1,3202,Austin,Hooper,CLE,TE,Active,4
519412020617998336,NCAA HISTORICALLY BLACK,519412022362828800,10,3,118,460518714907815936,12,5022,Dallas,Goedert,PHI,TE,Active,2
519412020617998336,NCAA HISTORICALLY BLACK,519412022362828800,10,2,119,303281379553058816,2,5916,Darrell,Henderson Jr.,LAR,RB,Active,1
519412020617998336,NCAA HISTORICALLY BLACK,519412022362828800,10,1,120,519664414748168192,4,2168,Devonta,Freeman,,RB,Inactive,6
519412020617998336,NCAA HISTORICALLY BLACK,519412022362828800,11,1,121,519664414748168192,4,96,Aaron,Rodgers,GB,QB,Active,15
519412020617998336,NCAA HISTORICALLY BLACK,519412022362828800,11,2,122,303281379553058816,2,3163,Jared,Goff,LAR,QB,Active,4
519412020617998336,NCAA HISTORICALLY BLACK,519412022362828800,11,3,123,519656908428791808,5,3271,Tyler,Higbee,LAR,TE,Active,4
519412020617998336,NCAA HISTORICALLY BLACK,519412022362828800,11,4,124,471427194132885504,1,2410,Jamison,Crowder,NYJ,WR,Active,5
519412020617998336,NCAA HISTORICALLY BLACK,519412022362828800,11,5,125,411387962429816832,10,NE,New England,Patriots,NE,DEF,,
519412020617998336,NCAA HISTORICALLY BLACK,519412022362828800,11,6,126,304749125604241408,11,5987,Alexander,Mattison,MIN,RB,Active,1
519412020617998336,NCAA HISTORICALLY BLACK,519412022362828800,11,7,127,475102016549416960,3,BAL,Baltimore,Ravens,BAL,DEF,,
519412020617998336,NCAA HISTORICALLY BLACK,519412022362828800,11,8,128,519532620901961728,6,PIT,Pittsburgh,Steelers,PIT,DEF,,
519412020617998336,NCAA HISTORICALLY BLACK,519412022362828800,11,9,129,515406486608322560,8,5967,Tony,Pollard,DAL,RB,Active,1
519412020617998336,NCAA HISTORICALLY BLACK,519412022362828800,11,10,130,460518714907815936,12,1833,Damien,Williams,KC,RB,Active,6
519412020617998336,NCAA HISTORICALLY BLACK,519412022362828800,11,11,131,519728067978186752,7,1848,James,White,NE,RB,Active,6
519412020617998336,NCAA HISTORICALLY BLACK,519412022362828800,11,12,132,526619912614985728,9,289,Drew,Brees,NO,QB,Active,19
519412020617998336,NCAA HISTORICALLY BLACK,519412022362828800,12,12,133,526619912614985728,9,6845,Zack,Moss,BUF,RB,Active,0
519412020617998336,NCAA HISTORICALLY BLACK,519412022362828800,12,11,134,519728067978186752,7,2238,John,Brown,BUF,WR,Active,6
519412020617998336,NCAA HISTORICALLY BLACK,519412022362828800,12,10,135,460518714907815936,12,CHI,Chicago,Bears,CHI,DEF,,
519412020617998336,NCAA HISTORICALLY BLACK,519412022362828800,12,9,136,515406486608322560,8,5013,Anthony,Miller,CHI,WR,Active,2
519412020617998336,NCAA HISTORICALLY BLACK,519412022362828800,12,8,137,519532620901961728,6,24,Matt,Ryan,ATL,QB,Active,12
519412020617998336,NCAA HISTORICALLY BLACK,519412022362828800,12,7,138,475102016549416960,3,3306,Jordan,Howard,MIA,RB,Active,4
519412020617998336,NCAA HISTORICALLY BLACK,519412022362828800,12,6,139,519656908428791808,5,6828,A.J.,Dillon,GB,RB,Active,0
519412020617998336,NCAA HISTORICALLY BLACK,519412022362828800,12,5,140,411387962429816832,10,3200,Sterling,Shepard,NYG,WR,Active,4
519412020617998336,NCAA HISTORICALLY BLACK,519412022362828800,12,4,141,471427194132885504,1,5870,Daniel,Jones,NYG,QB,Active,1
519412020617998336,NCAA HISTORICALLY BLACK,519412022362828800,12,3,142,460518714907815936,12,1067,Marvin,Jones Jr.,DET,WR,Active,8
519412020617998336,NCAA HISTORICALLY BLACK,519412022362828800,12,2,143,303281379553058816,2,642,Golden,Tate,NYG,WR,Active,10
519412020617998336,NCAA HISTORICALLY BLACK,519412022362828800,12,1,144,519664414748168192,4,1264,Justin,Tucker,BAL,K,Active,8
519412020617998336,NCAA HISTORICALLY BLACK,519412022362828800,13,1,145,519664414748168192,4,BUF,Buffalo,Bills,BUF,DEF,,
519412020617998336,NCAA HISTORICALLY BLACK,519412022362828800,13,2,146,303281379553058816,2,2378,Tevin,Coleman,SF,RB,Active,5
519412020617998336,NCAA HISTORICALLY BLACK,519412022362828800,13,3,147,519656908428791808,5,5024,James,Washington,PIT,WR,Active,2
519412020617998336,NCAA HISTORICALLY BLACK,519412022362828800,13,4,148,471427194132885504,1,4943,Sam,Darnold,NYJ,QB,Active,2
519412020617998336,NCAA HISTORICALLY BLACK,519412022362828800,13,5,149,411387962429816832,10,5347,Nyheim,Hines,IND,RB,Active,2
519412020617998336,NCAA HISTORICALLY BLACK,519412022362828800,13,6,150,304749125604241408,11,6870,Bryan,Edwards,LV,WR,Active,0
519412020617998336,NCAA HISTORICALLY BLACK,519412022362828800,13,7,151,475102016549416960,3,3423,Robby,Anderson,CAR,WR,Active,4
519412020617998336,NCAA HISTORICALLY BLACK,519412022362828800,13,8,152,519532620901961728,6,6945,Antonio,Gibson,WAS,RB,Active,0
519412020617998336,NCAA HISTORICALLY BLACK,519412022362828800,13,9,153,515406486608322560,8,SF,San Francisco,49ers,SF,DEF,,
519412020617998336,NCAA HISTORICALLY BLACK,519412022362828800,13,10,154,519656908428791808,5,6826,Cole,Kmet,CHI,TE,Active,0
519412020617998336,NCAA HISTORICALLY BLACK,519412022362828800,13,11,155,519728067978186752,7,6126,Irv,Smith Jr.,MIN,TE,Active,1
519412020617998336,NCAA HISTORICALLY BLACK,519412022362828800,13,12,156,526619912614985728,9,1149,Alshon,Jeffery,PHI,WR,Active,8
519412020617998336,NCAA HISTORICALLY BLACK,519412022362828800,14,12,157,526619912614985728,9,6869,Adam,Trautman,NO,TE,Active,0
519412020617998336,NCAA HISTORICALLY BLACK,519412022362828800,14,11,158,519728067978186752,7,NO,New Orleans,Saints,NO,DEF,,
519412020617998336,NCAA HISTORICALLY BLACK,519412022362828800,14,10,159,460518714907815936,12,5854,Drew,Lock,DEN,QB,Active,1
519412020617998336,NCAA HISTORICALLY BLACK,519412022362828800,14,9,160,515406486608322560,8,7045,Joshua,Kelley,LAC,RB,Active,0
519412020617998336,NCAA HISTORICALLY BLACK,519412022362828800,14,8,161,519532620901961728,6,928,Randall,Cobb,HOU,WR,Active,9
519412020617998336,NCAA HISTORICALLY BLACK,519412022362828800,14,7,162,475102016549416960,3,5880,Parris,Campbell,IND,WR,Active,1
519412020617998336,NCAA HISTORICALLY BLACK,519412022362828800,14,6,163,304749125604241408,11,4995,Ian,Thomas,CAR,TE,Active,2
519412020617998336,NCAA HISTORICALLY BLACK,519412022362828800,14,5,164,411387962429816832,10,4036,Corey,Davis,TEN,WR,Active,3
519412020617998336,NCAA HISTORICALLY BLACK,519412022362828800,14,4,165,471427194132885504,1,4146,Dede,Westbrook,JAX,WR,Active,3
519412020617998336,NCAA HISTORICALLY BLACK,519412022362828800,14,3,166,304749125604241408,11,2331,Breshad,Perriman,NYJ,WR,Active,5
519412020617998336,NCAA HISTORICALLY BLACK,519412022362828800,14,2,167,303281379553058816,2,4144,Jonnu,Smith,TEN,TE,Active,3
519412020617998336,NCAA HISTORICALLY BLACK,519412022362828800,14,1,168,519664414748168192,4,167,Tom,Brady,TB,QB,Active,20
519412020617998336,NCAA HISTORICALLY BLACK,519412022362828800,15,1,169,519664414748168192,4,1706,Jack,Doyle,IND,TE,Active,7
519412020617998336,NCAA HISTORICALLY BLACK,519412022362828800,15,2,170,303281379553058816,2,6847,Devin,Duvernay,BAL,WR,Active,0
519412020617998336,NCAA HISTORICALLY BLACK,519412022362828800,15,3,171,519656908428791808,5,4985,Rashaad,Penny,SEA,RB,Active,2
519412020617998336,NCAA HISTORICALLY BLACK,519412022362828800,15,4,172,471427194132885504,1,6886,Chase,Claypool,PIT,WR,Active,0
519412020617998336,NCAA HISTORICALLY BLACK,519412022362828800,15,5,173,411387962429816832,10,6805,K.J.,Hamler,DEN,WR,Active,0
519412020617998336,NCAA HISTORICALLY BLACK,519412022362828800,15,6,174,304749125604241408,11,2152,Teddy,Bridgewater,CAR,QB,Active,6
519412020617998336,NCAA HISTORICALLY BLACK,519412022362828800,15,7,175,475102016549416960,3,421,Matthew,Stafford,DET,QB,Active,11
519412020617998336,NCAA HISTORICALLY BLACK,519412022362828800,15,8,176,519532620901961728,6,6011,Gardner,Minshew II,JAX,QB,Active,1
519412020617998336,NCAA HISTORICALLY BLACK,519412022362828800,15,9,177,515406486608322560,8,5185,Allen,Lazard,GB,WR,Active,2
519412020617998336,NCAA HISTORICALLY BLACK,519412022362828800,15,10,178,460518714907815936,12,7064,Darrynton,Evans,TEN,RB,Active,0
519412020617998336,NCAA HISTORICALLY BLACK,519412022362828800,15,11,179,519728067978186752,7,1817,Sammy,Watkins,KC,WR,Active,6
519412020617998336,NCAA HISTORICALLY BLACK,519412022362828800,15,12,180,526619912614985728,9,6853,Van,Jefferson,LAR,WR,Active,0
519412020617998336,NCAA HISTORICALLY BLACK,519412022362828800,16,12,181,526619912614985728,9,6797,Justin,Herbert,LAC,QB,Active,0
519412020617998336,NCAA HISTORICALLY BLACK,519412022362828800,16,11,182,519728067978186752,7,1049,Ryan,Tannehill,TEN,QB,Active,8
519412020617998336,NCAA HISTORICALLY BLACK,519412022362828800,16,10,183,460518714907815936,12,538,Emmanuel,Sanders,NO,WR,Active,10
519412020617998336,NCAA HISTORICALLY BLACK,519412022362828800,16,9,184,515406486608322560,8,6804,Jordan,Love,GB,QB,Active,0
519412020617998336,NCAA HISTORICALLY BLACK,519412022362828800,16,8,185,519532620901961728,6,1555,Kenny,Stills,HOU,WR,Active,7
519412020617998336,NCAA HISTORICALLY BLACK,519412022362828800,16,7,186,475102016549416960,3,223,Larry,Fitzgerald,ARI,WR,Active,16
519412020617998336,NCAA HISTORICALLY BLACK,519412022362828800,16,6,187,304749125604241408,11,5000,Chase,Edmonds,ARI,RB,Active,2
519412020617998336,NCAA HISTORICALLY BLACK,519412022362828800,16,5,188,411387962429816832,10,1266,Greg,Zuerlein,DAL,K,Active,8
519412020617998336,NCAA HISTORICALLY BLACK,519412022362828800,16,4,189,471427194132885504,1,5955,Hunter,Renfrow,LV,WR,Active,1
519412020617998336,NCAA HISTORICALLY BLACK,519412022362828800,16,3,190,519656908428791808,5,4038,John,Ross III,CIN,WR,Active,3
519412020617998336,NCAA HISTORICALLY BLACK,519412022362828800,16,2,191,303281379553058816,2,4666,Younghoe,Koo,ATL,K,Active,3
519412020617998336,NCAA HISTORICALLY BLACK,519412022362828800,16,1,192,519664414748168192,4,1071,Mohamed,Sanu Sr.,NE,WR,Active,8
519412020617998336,NCAA HISTORICALLY BLACK,519412022362828800,17,1,193,519664414748168192,4,5863,J.J.,Arcega-Whiteside,PHI,WR,Active,1
519412020617998336,NCAA HISTORICALLY BLACK,519412022362828800,17,2,194,303281379553058816,2,LAR,Los Angeles,Rams,LAR,DEF,,
519412020617998336,NCAA HISTORICALLY BLACK,519412022362828800,17,3,195,519656908428791808,5,5107,Jaylen,Samuels,PIT,RB,Active,2
519412020617998336,NCAA HISTORICALLY BLACK,519412022362828800,17,4,196,471427194132885504,1,6007,Ryquell,Armstead,JAX,RB,Active,1
519412020617998336,NCAA HISTORICALLY BLACK,519412022362828800,17,5,197,411387962429816832,10,2382,Duke,Johnson,HOU,RB,Active,5
519412020617998336,NCAA HISTORICALLY BLACK,519412022362828800,17,6,198,304749125604241408,11,DEN,Denver,Broncos,DEN,DEF,,
519412020617998336,NCAA HISTORICALLY BLACK,519412022362828800,17,7,199,475102016549416960,3,367,Jared,Cook,NO,TE,Active,11
519412020617998336,NCAA HISTORICALLY BLACK,519412022362828800,17,8,200,519532620901961728,6,4055,O.J.,Howard,TB,TE,Active,3
519412020617998336,NCAA HISTORICALLY BLACK,519412022362828800,17,9,201,515406486608322560,8,1166,Kirk,Cousins,MIN,QB,Active,8
519412020617998336,NCAA HISTORICALLY BLACK,519412022362828800,17,10,202,460518714907815936,12,5010,Will,Dissly,SEA,TE,Active,2
519412020617998336,NCAA HISTORICALLY BLACK,519412022362828800,17,11,203,519728067978186752,7,5965,Miles,Boykin,BAL,WR,Active,1
519412020617998336,NCAA HISTORICALLY BLACK,519412022362828800,17,12,204,526619912614985728,9,3678,Wil,Lutz,NO,K,Active,4
519412020617998336,NCAA HISTORICALLY BLACK,519412022362828800,18,12,205,526619912614985728,9,6878,Anthony,McFarland Jr.,PIT,RB,Active,0
519412020617998336,NCAA HISTORICALLY BLACK,519412022362828800,18,11,206,519728067978186752,7,1476,Latavius,Murray,NO,RB,Active,7
519412020617998336,NCAA HISTORICALLY BLACK,519412022362828800,18,10,207,471427194132885504,1,5890,Damien,Harris,NE,RB,Active,1
519412020617998336,NCAA HISTORICALLY BLACK,519412022362828800,18,9,208,515406486608322560,8,5906,Dawson,Knox,BUF,TE,Active,1
519412020617998336,NCAA HISTORICALLY BLACK,519412022362828800,18,8,209,519532620901961728,6,5130,Auden,Tate,CIN,WR,Active,2
519412020617998336,NCAA HISTORICALLY BLACK,519412022362828800,18,7,210,475102016549416960,3,5131,Justin,Jackson,LAC,RB,Active,2
519412020617998336,NCAA HISTORICALLY BLACK,519412022362828800,18,6,211,304749125604241408,11,6402,Steven,Sims Jr.,WAS,WR,Active,1
519412020617998336,NCAA HISTORICALLY BLACK,519412022362828800,18,5,212,411387962429816832,10,1837,Jimmy,Garoppolo,SF,QB,Active,6
519412020617998336,NCAA HISTORICALLY BLACK,519412022362828800,18,4,213,460518714907815936,12,5122,Boston,Scott,PHI,RB,Active,2
519412020617998336,NCAA HISTORICALLY BLACK,519412022362828800,18,3,214,519656908428791808,5,6156,Benny,Snell Jr.,PIT,RB,Active,1
519412020617998336,NCAA HISTORICALLY BLACK,519412022362828800,18,2,215,303281379553058816,2,6906,Antonio,Gandy-Golden,WAS,WR,Active,0
519412020617998336,NCAA HISTORICALLY BLACK,519412022362828800,18,1,216,519664414748168192,4,SEA,Seattle,Seahawks,SEA,DEF,,
519412020617998336,NCAA HISTORICALLY BLACK,519412022362828800,19,1,217,519664414748168192,4,954,Cam,Newton,,QB,Inactive,9
519412020617998336,NCAA HISTORICALLY BLACK,519412022362828800,19,2,218,303281379553058816,2,5884,Kelvin,Harmon,WAS,WR,Active,1
519412020617998336,NCAA HISTORICALLY BLACK,519412022362828800,19,3,219,519656908428791808,5,2588,Malcolm,Brown,LAR,RB,Active,5
519412020617998336,NCAA HISTORICALLY BLACK,519412022362828800,19,4,220,471427194132885504,1,2118,Eric,Ebron,PIT,TE,Active,6
519412020617998336,NCAA HISTORICALLY BLACK,519412022362828800,19,5,221,411387962429816832,10,IND,Indianapolis,Colts,IND,DEF,,
519412020617998336,NCAA HISTORICALLY BLACK,519412022362828800,19,6,222,304749125604241408,11,4227,Harrison,Butker,KC,K,Active,3
519412020617998336,NCAA HISTORICALLY BLACK,519412022362828800,19,7,223,475102016549416960,3,4571,Blake,Jarwin,DAL,TE,Active,3
519412020617998336,NCAA HISTORICALLY BLACK,519412022362828800,19,8,224,519532620901961728,6,5915,Andy,Isabella,ARI,WR,Active,1
519412020617998336,NCAA HISTORICALLY BLACK,519412022362828800,19,9,225,515406486608322560,8,5911,Jalen,Hurd,SF,WR,Active,1
519412020617998336,NCAA HISTORICALLY BLACK,519412022362828800,19,10,226,460518714907815936,12,147,DeSean,Jackson,PHI,WR,Active,12
519412020617998336,NCAA HISTORICALLY BLACK,519412022362828800,19,11,227,519728067978186752,7,4454,Kendrick,Bourne,SF,WR,Active,3
519412020617998336,NCAA HISTORICALLY BLACK,519412022362828800,19,12,228,526619912614985728,9,5086,Marquez,Valdes-Scantling,GB,WR,Active,2
519412020617998336,NCAA HISTORICALLY BLACK,519412022362828800,20,12,229,526619912614985728,9,DAL,Dallas,Cowboys,DAL,DEF,,
519412020617998336,NCAA HISTORICALLY BLACK,519412022362828800,20,11,230,519728067978186752,7,184,Adrian,Peterson,WAS,RB,Active,13
519412020617998336,NCAA HISTORICALLY BLACK,519412022362828800,20,10,231,460518714907815936,12,4195,Jake,Elliott,PHI,K,Active,3
519412020617998336,NCAA HISTORICALLY BLACK,519412022362828800,20,9,232,515406486608322560,8,1244,Josh,Gordon,,WR,Inactive,8
519412020617998336,NCAA HISTORICALLY BLACK,519412022362828800,20,8,233,519532620901961728,6,232,Frank,Gore,NYJ,RB,Active,15
519412020617998336,NCAA HISTORICALLY BLACK,519412022362828800,20,7,234,475102016549416960,3,745,Marshawn,Lynch,,RB,Inactive,13
519412020617998336,NCAA HISTORICALLY BLACK,519412022362828800,20,6,235,304749125604241408,11,2583,Tyrell,Williams,LV,WR,Active,5
519412020617998336,NCAA HISTORICALLY BLACK,519412022362828800,20,5,236,411387962429816832,10,GB,Green Bay,Packers,GB,DEF,,
519412020617998336,NCAA HISTORICALLY BLACK,519412022362828800,20,4,237,471427194132885504,1,KC,Kansas City,Chiefs,KC,DEF,,
519412020617998336,NCAA HISTORICALLY BLACK,519412022362828800,20,3,238,519656908428791808,5,4171,Josh,Reynolds,LAR,WR,Active,3
519412020617998336,NCAA HISTORICALLY BLACK,519412022362828800,20,2,239,303281379553058816,2,1502,Chris,Thompson,JAX,RB,Active,7
519412020617998336,NCAA HISTORICALLY BLACK,519412022362828800,20,1,240,519664414748168192,4,4111,D'Onta,Foreman,,RB,Inactive,3
519412020617998336,NCAA HISTORICALLY BLACK,519412022362828800,21,1,241,519664414748168192,4,775,Stephen,Hauschka,BUF,K,Active,12
519412020617998336,NCAA HISTORICALLY BLACK,519412022362828800,21,2,242,303281379553058816,2,6951,Eno,Benjamin,ARI,RB,Active,0
519412020617998336,NCAA HISTORICALLY BLACK,519412022362828800,21,3,243,519656908428791808,5,4089,Gerald,Everett,LAR,TE,Active,3
519412020617998336,NCAA HISTORICALLY BLACK,519412022362828800,21,4,244,471427194132885504,1,MIN,Minnesota,Vikings,MIN,DEF,,
519412020617998336,NCAA HISTORICALLY BLACK,519412022362828800,21,5,245,411387962429816832,10,2747,Jason,Myers,SEA,K,Active,5
519412020617998336,NCAA HISTORICALLY BLACK,519412022362828800,21,6,246,304749125604241408,11,6956,Devin,Asiasi,NE,TE,Active,0
519412020617998336,NCAA HISTORICALLY BLACK,519412022362828800,21,7,247,475102016549416960,3,2257,Carlos,Hyde,,RB,Inactive,6
519412020617998336,NCAA HISTORICALLY BLACK,519412022362828800,21,8,248,519532620901961728,6,4149,Jamaal,Williams,GB,RB,Active,3
519412020617998336,NCAA HISTORICALLY BLACK,519412022362828800,21,9,249,515406486608322560,8,6931,DeeJay,Dallas,SEA,RB,Active,0
519412020617998336,NCAA HISTORICALLY BLACK,519412022362828800,21,10,250,471427194132885504,1,4033,David,Njoku,CLE,TE,Active,3
519412020617998336,NCAA HISTORICALLY BLACK,519412022362828800,21,11,251,519728067978186752,7,2381,Chris,Conley,JAX,WR,Active,5
519412020617998336,NCAA HISTORICALLY BLACK,519412022362828800,21,12,252,526619912614985728,9,6960,Tyler,Johnson,TB,WR,Active,0
519412020617998336,NCAA HISTORICALLY BLACK,519412022362828800,22,12,253,526619912614985728,9,3594,Peyton,Barber,WAS,RB,Active,4
519412020617998336,NCAA HISTORICALLY BLACK,519412022362828800,22,11,254,519728067978186752,7,6139,Jace,Sternberger,GB,TE,Active,1
519412020617998336,NCAA HISTORICALLY BLACK,519412022362828800,22,10,255,460518714907815936,12,LAC,Los Angeles,Chargers,LAC,DEF,,
519412020617998336,NCAA HISTORICALLY BLACK,519412022362828800,22,9,256,515406486608322560,8,6908,Lamical,Perine,NYJ,RB,Active,0
519412020617998336,NCAA HISTORICALLY BLACK,519412022362828800,22,8,257,519532620901961728,6,6919,Thaddeus,Moss,WAS,TE,Active,0
519412020617998336,NCAA HISTORICALLY BLACK,519412022362828800,22,7,258,475102016549416960,3,2028,Derek,Carr,LV,QB,Active,6
519412020617998336,NCAA HISTORICALLY BLACK,519412022362828800,22,6,259,304749125604241408,11,6824,Donovan,Peoples-Jones,CLE,WR,Active,0
519412020617998336,NCAA HISTORICALLY BLACK,519412022362828800,22,5,260,411387962429816832,10,7086,John,Hightower,PHI,WR,Active,0
519412020617998336,NCAA HISTORICALLY BLACK,519412022362828800,22,4,261,471427194132885504,1,2346,Devin,Funchess,GB,WR,Active,5
519412020617998336,NCAA HISTORICALLY BLACK,519412022362828800,22,3,262,519656908428791808,5,6136,Jarrett,Stidham,NE,QB,Active,1
519412020617998336,NCAA HISTORICALLY BLACK,519412022362828800,22,2,263,303281379553058816,2,5845,Dwayne,Haskins Jr.,WAS,QB,Active,1
519412020617998336,NCAA HISTORICALLY BLACK,519412022362828800,22,1,264,519664414748168192,4,1911,Willie,Snead IV,BAL,WR,Active,6
519412020617998336,NCAA HISTORICALLY BLACK,519412022362828800,23,1,265,519664414748168192,4,1386,Giovani,Bernard,CIN,RB,Active,7
519412020617998336,NCAA HISTORICALLY BLACK,519412022362828800,23,2,266,303281379553058816,2,5432,Cam,Sims,WAS,WR,Active,2
519412020617998336,NCAA HISTORICALLY BLACK,519412022362828800,23,3,267,519656908428791808,5,1945,Chris,Boswell,PIT,K,Active,6
519412020617998336,NCAA HISTORICALLY BLACK,519412022362828800,23,4,268,471427194132885504,1,1144,Cole,Beasley,BUF,WR,Active,8
519412020617998336,NCAA HISTORICALLY BLACK,519412022362828800,23,5,269,411387962429816832,10,5007,Keke,Coutee,HOU,WR,Active,2
519412020617998336,NCAA HISTORICALLY BLACK,519412022362828800,23,6,270,304749125604241408,11,TB,Tampa Bay,Buccaneers,TB,DEF,,
519412020617998336,NCAA HISTORICALLY BLACK,519412022362828800,23,7,271,475102016549416960,3,695,Ted,Ginn Jr.,CHI,WR,Active,13
519412020617998336,NCAA HISTORICALLY BLACK,519412022362828800,23,8,272,519532620901961728,6,491,Danny,Amendola,DET,WR,Active,12
519412020617998336,NCAA HISTORICALLY BLACK,519412022362828800,23,9,273,515406486608322560,8,5026,Tre'Quan,Smith,NO,WR,Active,2
519412020617998336,NCAA HISTORICALLY BLACK,519412022362828800,23,10,274,471427194132885504,1,6088,Bisi,Johnson,MIN,WR,Active,1
519412020617998336,NCAA HISTORICALLY BLACK,519412022362828800,23,11,275,519728067978186752,7,5009,Chris,Herndon,NYJ,TE,Active,2
519412020617998336,NCAA HISTORICALLY BLACK,519412022362828800,23,12,276,526619912614985728,9,7082,Dalton,Keene,NE,TE,Active,0
519412020617998336,NCAA HISTORICALLY BLACK,519412022362828800,24,12,277,526619912614985728,9,PHI,Philadelphia,Eagles,PHI,DEF,,
519412020617998336,NCAA HISTORICALLY BLACK,519412022362828800,24,11,278,519728067978186752,7,5110,Russell,Gage,ATL,WR,Active,2
519412020617998336,NCAA HISTORICALLY BLACK,519412022362828800,24,10,279,460518714907815936,12,1029,Nick,Foles,CHI,QB,Active,8
519412020617998336,NCAA HISTORICALLY BLACK,519412022362828800,24,9,280,515406486608322560,8,5886,Hakeem,Butler,ARI,WR,Active,1
519412020617998336,NCAA HISTORICALLY BLACK,519412022362828800,24,8,281,519532620901961728,6,4233,Zane,Gonzalez,ARI,K,Active,3
519412020617998336,NCAA HISTORICALLY BLACK,519412022362828800,24,7,282,475102016549416960,3,1433,Brandon,McManus,DEN,K,Active,7
519412020617998336,NCAA HISTORICALLY BLACK,519412022362828800,24,6,283,304749125604241408,11,1287,Kai,Forbath,DAL,K,Active,9
519412020617998336,NCAA HISTORICALLY BLACK,519412022362828800,24,5,284,411387962429816832,10,6178,Darwin,Thompson,KC,RB,Active,1
519412020617998336,NCAA HISTORICALLY BLACK,519412022362828800,24,4,285,471427194132885504,1,6957,James,Proche,BAL,WR,Active,0
519412020617998336,NCAA HISTORICALLY BLACK,519412022362828800,24,3,286,519656908428791808,5,5004,Ito,Smith,ATL,RB,Active,2
519412020617998336,NCAA HISTORICALLY BLACK,519412022362828800,24,2,287,303281379553058816,2,7090,Darnell,Mooney,CHI,WR,Active,0
519412020617998336,NCAA HISTORICALLY BLACK,519412022362828800,24,1,288,519664414748168192,4,1451,CJ,Anderson,,RB,Inactive,7
519412020617998336,NCAA HISTORICALLY BLACK,519412022362828800,25,1,289,519664414748168192,4,3342,Jakeem,Grant,MIA,WR,Active,4
519412020617998336,NCAA HISTORICALLY BLACK,519412022362828800,25,2,290,303281379553058816,2,6895,Quintez,Cephus,DET,WR,Active,0
519412020617998336,NCAA HISTORICALLY BLACK,519412022362828800,25,3,291,519656908428791808,5,4381,Taysom,Hill,NO,QB,Active,3
519412020617998336,NCAA HISTORICALLY BLACK,519412022362828800,25,4,292,471427194132885504,1,6904,Jalen,Hurts,PHI,QB,Active,0
519412020617998336,NCAA HISTORICALLY BLACK,519412022362828800,25,5,293,411387962429816832,10,6843,Albert,Okwuegbunam,DEN,TE,Active,0
519412020617998336,NCAA HISTORICALLY BLACK,519412022362828800,25,6,294,304749125604241408,11,536,Antonio,Brown,,WR,Inactive,10
519412020617998336,NCAA HISTORICALLY BLACK,519412022362828800,25,7,295,475102016549416960,3,2004,Cody,Latimer,WAS,WR,Active,6
519412020617998336,NCAA HISTORICALLY BLACK,519412022362828800,25,8,296,519532620901961728,6,138,Ben,Roethlisberger,PIT,QB,Active,16
519412020617998336,NCAA HISTORICALLY BLACK,519412022362828800,25,9,297,515406486608322560,8,7152,Sam,Sloman,LAR,K,Active,0
519412020617998336,NCAA HISTORICALLY BLACK,519412022362828800,25,10,298,471427194132885504,1,6083,Matt,Gay,TB,K,Active,1
519412020617998336,NCAA HISTORICALLY BLACK,519412022362828800,25,11,299,519728067978186752,7,3297,Tajaé,Sharpe,MIN,WR,Active,4
519412020617998336,NCAA HISTORICALLY BLACK,519412022362828800,25,12,300,526619912614985728,9,2306,Jameis,Winston,NO,QB,Active,5
519412020617998336,NCAA HISTORICALLY BLACK,519412022362828800,26,12,301,526619912614985728,9,5272,Greg,Joseph,TEN,K,Active,2
519412020617998336,NCAA HISTORICALLY BLACK,519412022362828800,26,11,302,519728067978186752,7,331,Philip,Rivers,IND,QB,Active,16
519412020617998336,NCAA HISTORICALLY BLACK,519412022362828800,26,10,303,471427194132885504,1,6311,Patrick,Laird,MIA,RB,Active,1
519412020617998336,NCAA HISTORICALLY BLACK,519412022362828800,26,9,304,515406486608322560,8,5995,Justice,Hill,BAL,RB,Active,1
519412020617998336,NCAA HISTORICALLY BLACK,519412022362828800,26,8,305,519532620901961728,6,7107,Jason,Huntley,DET,RB,Active,0
519412020617998336,NCAA HISTORICALLY BLACK,519412022362828800,26,7,306,475102016549416960,3,943,Kyle,Rudolph,MIN,TE,Active,9
519412020617998336,NCAA HISTORICALLY BLACK,519412022362828800,26,6,307,304749125604241408,11,6866,K.J.,Hill,LAC,WR,Active,0
519412020617998336,NCAA HISTORICALLY BLACK,519412022362828800,26,5,308,411387962429816832,10,5046,Royce,Freeman,DEN,RB,Active,2
519412020617998336,NCAA HISTORICALLY BLACK,519412022362828800,26,4,309,471427194132885504,1,5962,KeeSean,Johnson,ARI,WR,Active,1
519412020617998336,NCAA HISTORICALLY BLACK,519412022362828800,26,3,310,519656908428791808,5,5889,Bryce,Love,WAS,RB,Active,1
519412020617998336,NCAA HISTORICALLY BLACK,519412022362828800,26,2,311,303281379553058816,2,3286,Demarcus,Robinson,KC,WR,Active,4
519412020617998336,NCAA HISTORICALLY BLACK,519412022362828800,26,1,312,519664414748168192,4,58,Greg,Olsen,SEA,TE,Active,13
519412020617998336,NCAA HISTORICALLY BLACK,519412022362828800,27,1,313,519664414748168192,4,CLE,Cleveland,Browns,CLE,DEF,,
519412020617998336,NCAA HISTORICALLY BLACK,519412022362828800,27,2,314,303281379553058816,2,4150,Wayne,Gallman,NYG,RB,Active,3
519412020617998336,NCAA HISTORICALLY BLACK,519412022362828800,27,3,315,519656908428791808,5,5947,Jakobi,Meyers,NE,WR,Active,1
519412020617998336,NCAA HISTORICALLY BLACK,519412022362828800,27,4,316,471427194132885504,1,7050,Josiah,Deguara,GB,TE,Active,0
519412020617998336,NCAA HISTORICALLY BLACK,519412022362828800,27,5,317,411387962429816832,10,6943,Gabriel,Davis,BUF,WR,Active,0
519412020617998336,NCAA HISTORICALLY BLACK,519412022362828800,27,6,318,304749125604241408,11,JAX,Jacksonville,Jaguars,JAX,DEF,,
519412020617998336,NCAA HISTORICALLY BLACK,519412022362828800,27,7,319,475102016549416960,3,4998,DaeSean,Hamilton,DEN,WR,Active,2
519412020617998336,NCAA HISTORICALLY BLACK,519412022362828800,27,8,320,519532620901961728,6,829,Andy,Dalton,DAL,QB,Active,9
519412020617998336,NCAA HISTORICALLY BLACK,519412022362828800,27,9,321,515406486608322560,8,1388,Tyler,Eifert,JAX,TE,Active,7
519412020617998336,NCAA HISTORICALLY BLACK,519412022362828800,27,10,322,471427194132885504,1,NYJ,New York,Jets,NYJ,DEF,,
519412020617998336,NCAA HISTORICALLY BLACK,519412022362828800,27,11,323,519728067978186752,7,5230,Michael,Badgley,LAC,K,Active,2
519412020617998336,NCAA HISTORICALLY BLACK,519412022362828800,27,12,324,526619912614985728,9,7049,Jauan,Jennings,SF,WR,Active,0
519412020617998336,NCAA HISTORICALLY BLACK,519412022362828800,28,12,325,526619912614985728,9,2307,Marcus,Mariota,LV,QB,Active,5
519412020617998336,NCAA HISTORICALLY BLACK,519412022362828800,28,11,326,519728067978186752,7,TEN,Tennessee,Titans,TEN,DEF,,
519412020617998336,NCAA HISTORICALLY BLACK,519412022362828800,28,10,327,460518714907815936,12,2161,Jerick,McKinnon,SF,RB,Active,6
519412020617998336,NCAA HISTORICALLY BLACK,519412022362828800,28,9,328,515406486608322560,8,6913,Joe,Reed,LAC,WR,Active,0
519412020617998336,NCAA HISTORICALLY BLACK,519412022362828800,28,8,329,519532620901961728,6,3976,Mitchell,Trubisky,CHI,QB,Active,3
519412020617998336,NCAA HISTORICALLY BLACK,519412022362828800,28,7,330,475102016549416960,3,4162,Ryan,Switzer,PIT,WR,Active,3
519412020617998336,NCAA HISTORICALLY BLACK,519412022362828800,28,6,331,304749125604241408,11,3451,Ka'imi,Fairbairn,HOU,K,Active,4
519412020617998336,NCAA HISTORICALLY BLACK,519412022362828800,28,5,332,411387962429816832,10,7085,Isaiah,Coulter,HOU,WR,Active,0
519412020617998336,NCAA HISTORICALLY BLACK,519412022362828800,28,4,333,471427194132885504,1,5076,John,Kelly,LAR,RB,Active,2
519412020617998336,NCAA HISTORICALLY BLACK,519412022362828800,28,3,334,519656908428791808,5,4319,Zach,Pascal,IND,WR,Active,3
519412020617998336,NCAA HISTORICALLY BLACK,519412022362828800,28,2,335,303281379553058816,2,6926,Brycen,Hopkins,LAR,TE,Active,0
519412020617998336,NCAA HISTORICALLY BLACK,519412022362828800,28,1,336,519664414748168192,4,1793,Trey,Burton,IND,TE,Active,6
519412020617998336,NCAA HISTORICALLY BLACK,519412022362828800,29,1,337,519664414748168192,4,1170,Alfred,Morris,,RB,Inactive,8
519412020617998336,NCAA HISTORICALLY BLACK,519412022362828800,29,2,338,303281379553058816,2,3178,Josh,Doctson,NYJ,WR,Active,4
519412020617998336,NCAA HISTORICALLY BLACK,519412022362828800,29,3,339,519656908428791808,5,1587,Vance,McDonald,PIT,TE,Active,7
519412020617998336,NCAA HISTORICALLY BLACK,519412022362828800,29,4,340,471427194132885504,1,6528,Joey,Slye,CAR,K,Active,1
519412020617998336,NCAA HISTORICALLY BLACK,519412022362828800,29,5,341,411387962429816832,10,6850,Harrison,Bryant,CLE,TE,Active,0
519412020617998336,NCAA HISTORICALLY BLACK,519412022362828800,29,6,342,304749125604241408,11,49,Robbie,Gould,SF,K,Active,15
519412020617998336,NCAA HISTORICALLY BLACK,519412022362828800,29,7,343,475102016549416960,3,4651,Corey,Clement,PHI,RB,Active,3
519412020617998336,NCAA HISTORICALLY BLACK,519412022362828800,29,8,344,519532620901961728,6,4421,Jacob,Hollister,SEA,TE,Active,3
519412020617998336,NCAA HISTORICALLY BLACK,519412022362828800,29,9,345,515406486608322560,8,4218,Trent,Taylor,SF,WR,Active,3
519412020617998336,NCAA HISTORICALLY BLACK,519412022362828800,29,10,346,460518714907815936,12,284,Delanie,Walker,,TE,Inactive,14
519412020617998336,NCAA HISTORICALLY BLACK,519412022362828800,29,11,347,519728067978186752,7,5873,Riley,Ridley,CHI,WR,Active,1
519412020617998336,NCAA HISTORICALLY BLACK,519412022362828800,29,12,348,526619912614985728,9,6909,Lynn,Bowden Jr.,LV,RB,Active,0
519412020617998336,NCAA HISTORICALLY BLACK,519412022362828800,30,12,349,526619912614985728,9,6857,Collin,Johnson,JAX,WR,Active,0
519412020617998336,NCAA HISTORICALLY BLACK,519412022362828800,30,11,350,519728067978186752,7,2671,Josh,Lambo,JAX,K,Active,5
519412020617998336,NCAA HISTORICALLY BLACK,519412022362828800,30,10,351,460518714907815936,12,899,Dan,Bailey,MIN,K,Active,9
519412020617998336,NCAA HISTORICALLY BLACK,519412022362828800,30,9,352,515406486608322560,8,788,Dion,Lewis,NYG,RB,Active,9
519412020617998336,NCAA HISTORICALLY BLACK,519412022362828800,30,8,353,519532620901961728,6,5248,Gus,Edwards,BAL,RB,Active,2
519412020617998336,NCAA HISTORICALLY BLACK,519412022362828800,30,7,354,475102016549416960,3,333,Ryan,Fitzpatrick,MIA,QB,Active,15
519412020617998336,NCAA HISTORICALLY BLACK,519412022362828800,30,6,355,304749125604241408,11,ARI,Arizona,Cardinals,ARI,DEF,,
519412020617998336,NCAA HISTORICALLY BLACK,519412022362828800,30,5,356,411387962429816832,10,6988,Raymond,Calais,TB,RB,Active,0
519412020617998336,NCAA HISTORICALLY BLACK,519412022362828800,30,4,357,471427194132885504,1,6744,Greg,Ward,PHI,WR,Active,3
519412020617998336,NCAA HISTORICALLY BLACK,519412022362828800,30,3,358,519656908428791808,5,4992,Dante,Pettis,SF,WR,Active,2
519412020617998336,NCAA HISTORICALLY BLACK,519412022362828800,30,2,359,303281379553058816,2,6996,JaMycal,Hasty,SF,RB,Active,0
519412020617998336,NCAA HISTORICALLY BLACK,519412022362828800,30,1,360,519664414748168192,4,1077,Travis,Benjamin,SF,WR,Active,8
519412020617998336,NCAA HISTORICALLY BLACK,519412022362828800,31,1,361,519664414748168192,4,560,Demaryius,Thomas,,WR,Inactive,10
519412020617998336,NCAA HISTORICALLY BLACK,519412022362828800,31,2,362,303281379553058816,2,6927,Quez,Watkins,PHI,WR,Active,0
519412020617998336,NCAA HISTORICALLY BLACK,519412022362828800,31,3,363,519656908428791808,5,5284,Jeff,Wilson Jr.,SF,RB,Active,2
519412020617998336,NCAA HISTORICALLY BLACK,519412022362828800,31,4,364,471427194132885504,1,6068,Devine,Ozigbo,JAX,RB,Active,1
519412020617998336,NCAA HISTORICALLY BLACK,519412022362828800,31,5,365,411387962429816832,10,6920,Isaiah,Hodgins,BUF,WR,Active,0
519412020617998336,NCAA HISTORICALLY BLACK,519412022362828800,31,6,366,304749125604241408,11,HOU,Houston,Texans,HOU,DEF,,
519412020617998336,NCAA HISTORICALLY BLACK,519412022362828800,31,7,367,475102016549416960,3,2325,Nelson,Agholor,LV,WR,Active,5
519412020617998336,NCAA HISTORICALLY BLACK,519412022362828800,31,8,368,519532620901961728,6,6973,J.J.,Taylor,NE,RB,Active,0
519412020617998336,NCAA HISTORICALLY BLACK,519412022362828800,31,9,369,515406486608322560,8,4080,Zay,Jones,LV,WR,Active,3
519412020617998336,NCAA HISTORICALLY BLACK,519412022362828800,31,10,370,460518714907815936,12,1346,Marquise,Goodwin,PHI,WR,Active,7
519412020617998336,NCAA HISTORICALLY BLACK,519412022362828800,31,11,371,519728067978186752,7,5323,Equanimeous,St. Brown,GB,WR,Active,2
519412020617998336,NCAA HISTORICALLY BLACK,519412022362828800,31,12,372,526619912614985728,9,2025,Albert,Wilson,MIA,WR,Active,6
519412020617998336,NCAA HISTORICALLY BLACK,519412022362828800,32,12,373,526619912614985728,9,5973,Josh,Oliver,JAX,TE,Active,1
519412020617998336,NCAA HISTORICALLY BLACK,519412022362828800,32,11,374,519728067978186752,7,1048,Lamar,Miller,,RB,Inactive,8
519412020617998336,NCAA HISTORICALLY BLACK,519412022362828800,32,10,375,460518714907815936,12,MIA,Miami,Dolphins,MIA,DEF,,
519412020617998336,NCAA HISTORICALLY BLACK,519412022362828800,32,9,376,515406486608322560,8,1099,Randy,Bullock,CIN,K,Active,8
519412020617998336,NCAA HISTORICALLY BLACK,519412022362828800,32,8,377,519532620901961728,6,6823,Jacob,Eason,IND,QB,Active,0
519412020617998336,NCAA HISTORICALLY BLACK,519412022362828800,32,7,378,475102016549416960,3,3868,Jalen,Richard,LV,RB,Active,4
519412020617998336,NCAA HISTORICALLY BLACK,519412022362828800,32,6,379,304749125604241408,11,59,Mason,Crosby,GB,K,Active,13
519412020617998336,NCAA HISTORICALLY BLACK,519412022362828800,32,5,380,411387962429816832,10,6846,Hunter,Bryant,DET,TE,Active,0
519412020617998336,NCAA HISTORICALLY BLACK,519412022362828800,32,4,381,471427194132885504,1,1987,Marqise,Lee,NE,WR,Active,6
519412020617998336,NCAA HISTORICALLY BLACK,519412022362828800,32,3,382,519656908428791808,5,2334,Phillip,Dorsett II,SEA,WR,Active,5
519412020617998336,NCAA HISTORICALLY BLACK,519412022362828800,32,2,383,303281379553058816,2,3209,Devontae,Booker,LV,RB,Active,4
519412020617998336,NCAA HISTORICALLY BLACK,519412022362828800,32,1,384,519664414748168192,4,19,Joe,Flacco,,QB,Inactive,12
519412020617998336,NCAA HISTORICALLY BLACK,519412022362828800,33,1,385,519664414748168192,4,391,Ryan,Succop,,K,Inactive,11
519412020617998336,NCAA HISTORICALLY BLACK,519412022362828800,33,2,386,303281379553058816,2,6989,Marquez,Callaway,NO,WR,Active,0
519412020617998336,NCAA HISTORICALLY BLACK,519412022362828800,33,3,387,519656908428791808,5,WAS,Washington,Redskins,WAS,DEF,,
519412020617998336,NCAA HISTORICALLY BLACK,519412022362828800,33,4,388,471427194132885504,1,4863,Josh,Rosen,MIA,QB,Active,2
519412020617998336,NCAA HISTORICALLY BLACK,519412022362828800,33,5,389,411387962429816832,10,6918,Salvon,Ahmed,SF,RB,Active,0
519412020617998336,NCAA HISTORICALLY BLACK,519412022362828800,33,6,390,304749125604241408,11,CIN,Cincinnati,Bengals,CIN,DEF,,
519412020617998336,NCAA HISTORICALLY BLACK,519412022362828800,33,7,391,475102016549416960,3,1387,Rex,Burkhead,NE,RB,Active,7
519412020617998336,NCAA HISTORICALLY BLACK,519412022362828800,33,8,392,519532620901961728,6,6955,James,Robinson,JAX,RB,Active,0
519412020617998336,NCAA HISTORICALLY BLACK,519412022362828800,33,9,393,515406486608322560,8,ATL,Atlanta,Falcons,ATL,DEF,,
519412020617998336,NCAA HISTORICALLY BLACK,519412022362828800,33,10,394,460518714907815936,12,676,LeSean,McCoy,,RB,Inactive,11
519412020617998336,NCAA HISTORICALLY BLACK,519412022362828800,33,11,395,519728067978186752,7,4622,Keelan,Cole,JAX,WR,Active,3
519412020617998336,NCAA HISTORICALLY BLACK,519412022362828800,33,12,396,526619912614985728,9,7066,K.J.,Osborn,MIN,WR,Active,0
519412020617998336,NCAA HISTORICALLY BLACK,519412022362828800,34,12,397,526619912614985728,9,616,Jimmy,Graham,CHI,TE,Active,10
519412020617998336,NCAA HISTORICALLY BLACK,519412022362828800,34,11,398,519728067978186752,7,5112,Bo,Scarbrough,DET,RB,Active,2
519412020617998336,NCAA HISTORICALLY BLACK,519412022362828800,34,10,399,460518714907815936,12,5570,Chad,Beebe,MIN,WR,Active,2
519412020617998336,NCAA HISTORICALLY BLACK,519412022362828800,34,9,400,515406486608322560,8,2822,Adam,Humphries,TEN,WR,Active,5
519412020617998336,NCAA HISTORICALLY BLACK,519412022362828800,34,8,401,519532620901961728,6,7076,Jeff,Thomas,NE,WR,Active,0
519412020617998336,NCAA HISTORICALLY BLACK,519412022362828800,34,7,402,475102016549416960,3,1592,Darren,Fells,HOU,TE,Active,7
519412020617998336,NCAA HISTORICALLY BLACK,519412022362828800,34,6,403,304749125604241408,11,CAR,Carolina,Panthers,CAR,DEF,,
519412020617998336,NCAA HISTORICALLY BLACK,519412022362828800,34,5,404,411387962429816832,10,6970,Stephen,Sullivan,SEA,TE,Active,0
519412020617998336,NCAA HISTORICALLY BLACK,519412022362828800,34,4,405,471427194132885504,1,DET,Detroit,Lions,DET,DEF,,
519412020617998336,NCAA HISTORICALLY BLACK,519412022362828800,34,3,406,519656908428791808,5,LV,Las Vegas,Raiders,LV,DEF,,
519412020617998336,NCAA HISTORICALLY BLACK,519412022362828800,34,2,407,303281379553058816,2,NYG,New York,Giants,NYG,DEF,,
519412020617998336,NCAA HISTORICALLY BLACK,519412022362828800,34,1,408,519664414748168192,4,1944,Alfred,Blue,,RB,Inactive,6
519412020617998336,NCAA HISTORICALLY BLACK,519412022362828800,35,1,409,519664414748168192,4,1535,Cordarrelle,Patterson,CHI,RB,Active,7
519412020617998336,NCAA HISTORICALLY BLACK,519412022362828800,35,2,410,303281379553058816,2,17,Matt,Prater,DET,K,Active,14
519412020617998336,NCAA HISTORICALLY BLACK,519412022362828800,35,3,411,519656908428791808,5,6146,Kaden,Smith,NYG,TE,Active,1
519412020617998336,NCAA HISTORICALLY BLACK,519412022362828800,35,4,412,471427194132885504,1,7121,Justin,Rohrwasser,NE,K,Active,0
519412020617998336,NCAA HISTORICALLY BLACK,519412022362828800,35,5,413,411387962429816832,10,6865,Colby,Parkinson,SEA,TE,Active,0
519412020617998336,NCAA HISTORICALLY BLACK,519412022362828800,35,6,414,304749125604241408,11,6219,Austin,Seibert,CLE,K,Active,1
519412020617998336,NCAA HISTORICALLY BLACK,519412022362828800,35,7,415,475102016549416960,3,6012,Travis,Homer,SEA,RB,Active,1
519412020617998336,NCAA HISTORICALLY BLACK,519412022362828800,35,8,416,519532620901961728,6,1684,Jaron,Brown,,WR,Inactive,7
519412020617998336,NCAA HISTORICALLY BLACK,519412022362828800,35,9,417,515406486608322560,8,4187,Brian,Hill,ATL,RB,Active,3
519412020617998336,NCAA HISTORICALLY BLACK,519412022362828800,35,10,418,460518714907815936,12,110,Stephen,Gostkowski,,K,Inactive,14
519412020617998336,NCAA HISTORICALLY BLACK,519412022362828800,35,11,419,519728067978186752,7,2360,Maxx,Williams,ARI,TE,Active,5
519412020617998336,NCAA HISTORICALLY BLACK,519412022362828800,35,12,420,526619912614985728,9,3300,DeAndre,Washington,KC,RB,Active,4
519412020617998336,NCAA HISTORICALLY BLACK,519412022362828800,36,12,421,526619912614985728,9,3634,Kalif,Raymond,TEN,WR,Active,4
519412020617998336,NCAA HISTORICALLY BLACK,519412022362828800,36,11,422,519728067978186752,7,5095,Daniel,Carlson,LV,K,Active,2
519412020617998336,NCAA HISTORICALLY BLACK,519412022362828800,36,10,423,460518714907815936,12,23,Jason,Witten,LV,TE,Active,17
519412020617998336,NCAA HISTORICALLY BLACK,519412022362828800,36,9,424,515406486608322560,8,6763,Reggie,Begelton,GB,WR,Active,0
519412020617998336,NCAA HISTORICALLY BLACK,519412022362828800,36,8,425,519532620901961728,6,6963,Patrick,Taylor,GB,RB,Active,0
519412020617998336,NCAA HISTORICALLY BLACK,519412022362828800,36,7,426,475102016549416960,3,3433,Alex,Erickson,CIN,WR,Active,4
519412020617998336,NCAA HISTORICALLY BLACK,519412022362828800,36,6,427,304749125604241408,11,503,Graham,Gano,CAR,K,Active,11
519412020617998336,NCAA HISTORICALLY BLACK,519412022362828800,36,5,428,411387962429816832,10,6985,Dezmon,Patmon,IND,WR,Active,0
519412020617998336,NCAA HISTORICALLY BLACK,519412022362828800,36,4,429,471427194132885504,1,5162,Reggie,Bonnafon,CAR,RB,Active,2
519412020617998336,NCAA HISTORICALLY BLACK,519412022362828800,36,3,430,519656908428791808,5,827,Tyrod,Taylor,LAC,QB,Active,9
519412020617998336,NCAA HISTORICALLY BLACK,519412022362828800,36,2,431,303281379553058816,2,6992,Mike,Warren,PHI,RB,Active,0
519412020617998336,NCAA HISTORICALLY BLACK,519412022362828800,36,1,432,519664414748168192,4,2003,Bennie,Fowler,,WR,Inactive,6
519412020617998336,NCAA HISTORICALLY BLACK,519412022362828800,37,1,433,519664414748168192,4,2821,Jake,Kumerow,GB,WR,Active,5
519412020617998336,NCAA HISTORICALLY BLACK,519412022362828800,37,2,434,303281379553058816,2,6144,Trayveon,Williams,CIN,RB,Active,1
519412020617998336,NCAA HISTORICALLY BLACK,519412022362828800,37,3,435,519656908428791808,5,6164,Kahale,Warring,HOU,TE,Active,1
519412020617998336,NCAA HISTORICALLY BLACK,519412022362828800,37,4,436,471427194132885504,1,5209,Mike,Boone,MIN,RB,Active,2
519412020617998336,NCAA HISTORICALLY BLACK,519412022362828800,37,5,437,411387962429816832,10,7135,Freddie,Swain,SEA,WR,Active,0
519412020617998336,NCAA HISTORICALLY BLACK,519412022362828800,37,6,438,304749125604241408,11,1348,Dustin,Hopkins,WAS,K,Active,7
519412020617998336,NCAA HISTORICALLY BLACK,519412022362828800,37,7,439,475102016549416960,3,1425,Ryan,Griffin,NYJ,TE,Active,7
519412020617998336,NCAA HISTORICALLY BLACK,519412022362828800,37,8,440,519532620901961728,6,7021,Rico,Dowdle,DAL,RB,Active,0
519412020617998336,NCAA HISTORICALLY BLACK,519412022362828800,37,9,441,515406486608322560,8,6074,Donald,Parham Jr.,LAC,TE,Active,1
519412020617998336,NCAA HISTORICALLY BLACK,519412022362828800,37,10,442,460518714907815936,12,5549,Darrel,Williams,KC,RB,Active,2
519412020617998336,NCAA HISTORICALLY BLACK,519412022362828800,37,11,443,519728067978186752,7,5374,Justin,Watson,TB,WR,Active,2
519412020617998336,NCAA HISTORICALLY BLACK,519412022362828800,37,12,444,526619912614985728,9,5119,Jason,Sanders,MIA,K,Active,2
519412020617998336,NCAA HISTORICALLY BLACK,519412022362828800,38,12,445,526619912614985728,9,4669,Andre,Patton,LAC,WR,Active,3
519412020617998336,NCAA HISTORICALLY BLACK,519412022362828800,38,11,446,519728067978186752,7,2460,C.J.,Uzomah,CIN,TE,Active,5
519412020617998336,NCAA HISTORICALLY BLACK,519412022362828800,38,10,447,460518714907815936,12,3503,Geronimo,Allison,DET,WR,Active,4
519412020617998336,NCAA HISTORICALLY BLACK,519412022362828800,38,9,448,515406486608322560,8,6822,Jake,Fromm,BUF,QB,Active,0
519412020617998336,NCAA HISTORICALLY BLACK,519412022362828800,38,8,449,519532620901961728,6,6834,Jared,Pinkney,ATL,TE,Active,0
519412020617998336,NCAA HISTORICALLY BLACK,519412022362828800,38,7,450,475102016549416960,3,4147,Samaje,Perine,CIN,RB,Active,3
519412020617998336,NCAA HISTORICALLY BLACK,519412022362828800,38,6,451,304749125604241408,11,6208,Elliott,Fry,TB,K,Active,1
519412020617998336,NCAA HISTORICALLY BLACK,519412022362828800,38,5,452,411387962429816832,10,3827,Aldrick,Rosas,NYG,K,Active,4
519412020617998336,NCAA HISTORICALLY BLACK,519412022362828800,38,4,453,471427194132885504,1,5918,Rodney,Anderson,CIN,RB,Active,1
519412020617998336,NCAA HISTORICALLY BLACK,519412022362828800,38,3,454,519656908428791808,5,6650,Chase,McLaughlin,IND,K,Active,1
519412020617998336,NCAA HISTORICALLY BLACK,519412022362828800,38,2,455,303281379553058816,2,5189,Eddy,Piñeiro,CHI,K,Active,2
519412020617998336,NCAA HISTORICALLY BLACK,519412022362828800,38,1,456,519664414748168192,4,1517,Theo,Riddick,,RB,Inactive,7
519412020617998336,NCAA HISTORICALLY BLACK,519412022362828800,39,1,457,519664414748168192,4,5134,Keith,Kirkwood,CAR,WR,Active,2
519412020617998336,NCAA HISTORICALLY BLACK,519412022362828800,39,2,458,303281379553058816,2,7105,Ramiz,Ahmed,CHI,K,Active,0
519412020617998336,NCAA HISTORICALLY BLACK,519412022362828800,39,3,459,519656908428791808,5,4718,Dare,Ogunbowale,TB,RB,Active,3
519412020617998336,NCAA HISTORICALLY BLACK,519412022362828800,39,4,460,471427194132885504,1,2944,Matt,LaCosse,NE,TE,Active,5
519412020617998336,NCAA HISTORICALLY BLACK,519412022362828800,39,5,461,411387962429816832,10,7080,Omar,Bayless,CAR,WR,Active,0
519412020617998336,NCAA HISTORICALLY BLACK,519412022362828800,39,6,462,304749125604241408,11,4958,Brett,Maher,NYJ,K,Active,7
519412020617998336,NCAA HISTORICALLY BLACK,519412022362828800,39,7,463,475102016549416960,3,4994,Kalen,Ballage,MIA,RB,Active,2
519412020617998336,NCAA HISTORICALLY BLACK,519412022362828800,39,8,464,519532620901961728,6,7087,Jonathan,Ward,ARI,RB,Active,0
519412020617998336,NCAA HISTORICALLY BLACK,519412022362828800,39,9,465,515406486608322560,8,4335,P.J.,Walker,CAR,QB,Active,3
519412020617998336,NCAA HISTORICALLY BLACK,519412022362828800,39,10,466,460518714907815936,12,4464,Nick,Mullens,SF,QB,Active,3
519412020617998336,NCAA HISTORICALLY BLACK,519412022362828800,39,11,467,519728067978186752,7,7095,Austin,MacGinnis,LAR,K,Active,0
519412020617998336,NCAA HISTORICALLY BLACK,519412022362828800,39,12,468,526619912614985728,9,6954,Cole,McDonald,TEN,QB,Active,0
519412020617998336,NCAA HISTORICALLY BLACK,519412022362828800,40,12,469,526619912614985728,9,6879,Quartney,Davis,MIN,WR,Active,0
519412020617998336,NCAA HISTORICALLY BLACK,519412022362828800,40,11,470,519728067978186752,7,7094,Lirim,Hajrullahu,LAR,K,Active,0
519412020617998336,NCAA HISTORICALLY BLACK,519412022362828800,40,10,471,460518714907815936,12,3269,Chris,Moore,BAL,WR,Active,4
519412020617998336,NCAA HISTORICALLY BLACK,519412022362828800,40,9,472,515406486608322560,8,1903,Taylor,Gabriel,,WR,Inactive,6
519412020617998336,NCAA HISTORICALLY BLACK,519412022362828800,40,8,473,519532620901961728,6,3257,Jacoby,Brissett,IND,QB,Active,4
519412020617998336,NCAA HISTORICALLY BLACK,519412022362828800,40,7,474,475102016549416960,3,5980,Myles,Gaskin,MIA,RB,Active,1
519412020617998336,NCAA HISTORICALLY BLACK,519412022362828800,40,6,475,304749125604241408,11,3909,Sam,Ficken,NYJ,K,Active,4
519412020617998336,NCAA HISTORICALLY BLACK,519412022362828800,40,5,476,411387962429816832,10,7093,Adrian,Killins Jr.,PHI,RB,Active,0
519412020617998336,NCAA HISTORICALLY BLACK,519412022362828800,40,4,477,471427194132885504,1,6002,Qadree,Ollison,ATL,RB,Active,1
519412020617998336,NCAA HISTORICALLY BLACK,519412022362828800,40,3,478,519656908428791808,5,7109,Malcolm,Perry,MIA,QB,Active,0
519412020617998336,NCAA HISTORICALLY BLACK,519412022362828800,40,2,479,303281379553058816,2,7009,Trishton,Jackson,LAR,WR,Active,0
519412020617998336,NCAA HISTORICALLY BLACK,519412022362828800,40,1,480,519664414748168192,4,1215,Jarius,Wright,,WR,Inactive,8
519446956439826432,NCAA PIONEER,519446958686818304,1,1,1,519437931575726080,2,3199,Michael,Thomas,NO,WR,Active,4
519446956439826432,NCAA PIONEER,519446958686818304,1,2,2,561634118050308096,3,4866,Saquon,Barkley,NYG,RB,Active,2
519446956439826432,NCAA PIONEER,519446958686818304,1,3,3,520108377286893568,11,4034,Christian,McCaffrey,CAR,RB,Active,3
519446956439826432,NCAA PIONEER,519446958686818304,1,4,4,533363986486435840,1,3164,Ezekiel,Elliott,DAL,RB,Active,4
519446956439826432,NCAA PIONEER,519446958686818304,1,5,5,460518714907815936,10,4029,Dalvin,Cook,MIN,RB,Active,3
519446956439826432,NCAA PIONEER,519446958686818304,1,6,6,533363986486435840,1,4035,Alvin,Kamara,NO,RB,Active,3
519446956439826432,NCAA PIONEER,519446958686818304,1,7,7,519664508596187136,6,3198,Derrick,Henry,TEN,RB,Active,4
519446956439826432,NCAA PIONEER,519446958686818304,1,8,8,339931221767249920,8,2133,Davante,Adams,GB,WR,Active,6
519446956439826432,NCAA PIONEER,519446958686818304,1,9,9,363883943780626432,7,1426,DeAndre,Hopkins,ARI,WR,Active,7
519446956439826432,NCAA PIONEER,519446958686818304,1,10,10,519460302416203776,4,4037,Chris,Godwin,TB,WR,Active,3
519446956439826432,NCAA PIONEER,519446958686818304,1,11,11,520008347924234240,9,3321,Tyreek,Hill,KC,WR,Active,4
519446956439826432,NCAA PIONEER,519446958686818304,1,12,12,561684253895716864,5,4988,Nick,Chubb,CLE,RB,Active,2
519446956439826432,NCAA PIONEER,519446958686818304,2,12,13,561684253895716864,5,2216,Mike,Evans,TB,WR,Active,6
519446956439826432,NCAA PIONEER,519446958686818304,2,11,14,520008347924234240,9,4018,Joe,Mixon,CIN,RB,Active,3
519446956439826432,NCAA PIONEER,519446958686818304,2,10,15,519675297838780416,12,5850,Josh,Jacobs,LV,RB,Active,1
519446956439826432,NCAA PIONEER,519446958686818304,2,9,16,533363986486435840,1,4040,JuJu,Smith-Schuster,PIT,WR,Active,3
519446956439826432,NCAA PIONEER,519446958686818304,2,8,17,339931221767249920,8,4881,Lamar,Jackson,BAL,QB,Active,2
519446956439826432,NCAA PIONEER,519446958686818304,2,7,18,519664508596187136,6,5846,DK,Metcalf,SEA,WR,Active,1
519446956439826432,NCAA PIONEER,519446958686818304,2,6,19,519675297838780416,12,6151,Miles,Sanders,PHI,RB,Active,1
519446956439826432,NCAA PIONEER,519446958686818304,2,5,20,519460302416203776,4,947,Julio,Jones,ATL,WR,Active,9
519446956439826432,NCAA PIONEER,519446958686818304,2,4,21,363883943780626432,7,6820,Clyde,Edwards-Helaire,KC,RB,Active,0
519446956439826432,NCAA PIONEER,519446958686818304,2,3,22,520108377286893568,11,4663,Austin,Ekeler,LAC,RB,Active,3
519446956439826432,NCAA PIONEER,519446958686818304,2,2,23,561634118050308096,3,4046,Patrick,Mahomes,KC,QB,Active,3
519446956439826432,NCAA PIONEER,519446958686818304,2,1,24,519437931575726080,2,2309,Amari,Cooper,DAL,WR,Active,5
519446956439826432,NCAA PIONEER,519446958686818304,3,1,25,519437931575726080,2,4017,Deshaun,Watson,HOU,QB,Active,3
519446956439826432,NCAA PIONEER,519446958686818304,3,2,26,561634118050308096,3,4131,Kenny,Golladay,DET,WR,Active,3
519446956439826432,NCAA PIONEER,519446958686818304,3,3,27,520108377286893568,11,5859,A.J.,Brown,TEN,WR,Active,1
519446956439826432,NCAA PIONEER,519446958686818304,3,4,28,533363986486435840,1,5849,Kyler,Murray,ARI,QB,Active,1
519446956439826432,NCAA PIONEER,519446958686818304,3,5,29,460518714907815936,10,6813,Jonathan,Taylor,IND,RB,Active,0
519446956439826432,NCAA PIONEER,519446958686818304,3,6,30,460518714907815936,10,2078,Odell,Beckham Jr.,CLE,WR,Active,6
519446956439826432,NCAA PIONEER,519446958686818304,3,7,31,519664508596187136,6,1234,Russell,Wilson,SEA,QB,Active,8
519446956439826432,NCAA PIONEER,519446958686818304,3,8,32,339931221767249920,8,1466,Travis,Kelce,KC,TE,Active,7
519446956439826432,NCAA PIONEER,519446958686818304,3,9,33,363883943780626432,7,4199,Aaron,Jones,GB,RB,Active,3
519446956439826432,NCAA PIONEER,519446958686818304,3,10,34,561634118050308096,3,4217,George,Kittle,SF,TE,Active,3
519446956439826432,NCAA PIONEER,519446958686818304,3,11,35,520008347924234240,9,4983,D.J.,Moore,CAR,WR,Active,2
519446956439826432,NCAA PIONEER,519446958686818304,3,12,36,519460302416203776,4,5045,Courtland,Sutton,DEN,WR,Active,2
519446956439826432,NCAA PIONEER,519446958686818304,4,12,37,561684253895716864,5,4984,Josh,Allen,BUF,QB,Active,2
519446956439826432,NCAA PIONEER,519446958686818304,4,11,38,520008347924234240,9,3294,Dak,Prescott,DAL,QB,Active,4
519446956439826432,NCAA PIONEER,519446958686818304,4,10,39,519675297838780416,12,4039,Cooper,Kupp,LAR,WR,Active,3
519446956439826432,NCAA PIONEER,519446958686818304,4,9,40,363883943780626432,7,6806,J.K.,Dobbins,BAL,RB,Active,0
519446956439826432,NCAA PIONEER,519446958686818304,4,8,41,339931221767249920,8,3242,Kenyan,Drake,ARI,RB,Active,4
519446956439826432,NCAA PIONEER,519446958686818304,4,7,42,519664508596187136,6,2449,Stefon,Diggs,BUF,WR,Active,5
519446956439826432,NCAA PIONEER,519446958686818304,4,6,43,561684253895716864,5,5927,Terry,McLaurin,WAS,WR,Active,1
519446956439826432,NCAA PIONEER,519446958686818304,4,5,44,460518714907815936,10,6783,Jerry,Jeudy,DEN,WR,Active,0
519446956439826432,NCAA PIONEER,519446958686818304,4,4,45,460518714907815936,10,2315,Todd,Gurley II,ATL,RB,Active,5
519446956439826432,NCAA PIONEER,519446958686818304,4,3,46,520108377286893568,11,5012,Mark,Andrews,BAL,TE,Active,2
519446956439826432,NCAA PIONEER,519446958686818304,4,2,47,561684253895716864,5,1339,Zach,Ertz,PHI,TE,Active,7
519446956439826432,NCAA PIONEER,519446958686818304,4,1,48,519437931575726080,2,3969,Leonard,Fournette,JAX,RB,Active,3
519446956439826432,NCAA PIONEER,519446958686818304,5,1,49,519437931575726080,2,4273,Chris,Carson,SEA,RB,Active,3
519446956439826432,NCAA PIONEER,519446958686818304,5,2,50,519675297838780416,12,4951,DJ,Chark Jr.,JAX,WR,Active,2
519446956439826432,NCAA PIONEER,519446958686818304,5,3,51,520108377286893568,11,4981,Calvin,Ridley,ATL,WR,Active,2
519446956439826432,NCAA PIONEER,519446958686818304,5,4,52,533363986486435840,1,6790,D'Andre,Swift,DET,RB,Active,0
519446956439826432,NCAA PIONEER,519446958686818304,5,5,53,519675297838780416,12,5872,Deebo,Samuel,SF,WR,Active,1
519446956439826432,NCAA PIONEER,519446958686818304,5,6,54,519460302416203776,4,2320,Melvin,Gordon III,DEN,RB,Active,5
519446956439826432,NCAA PIONEER,519446958686818304,5,7,55,519664508596187136,6,1479,Keenan,Allen,LAC,WR,Active,7
519446956439826432,NCAA PIONEER,519446958686818304,5,8,56,339931221767249920,8,6130,Devin,Singletary,BUF,RB,Active,1
519446956439826432,NCAA PIONEER,519446958686818304,5,9,57,363883943780626432,7,3225,Tyler,Boyd,CIN,WR,Active,4
519446956439826432,NCAA PIONEER,519446958686818304,5,10,58,519675297838780416,12,5892,David,Montgomery,CHI,RB,Active,1
519446956439826432,NCAA PIONEER,519446958686818304,5,11,59,519675297838780416,12,6786,CeeDee,Lamb,DAL,WR,Active,0
519446956439826432,NCAA PIONEER,519446958686818304,5,12,60,561684253895716864,5,1992,Allen,Robinson II,CHI,WR,Active,6
519446956439826432,NCAA PIONEER,519446958686818304,6,12,61,520108377286893568,11,6938,Cam,Akers,LAR,RB,Active,0
519446956439826432,NCAA PIONEER,519446958686818304,6,11,62,520008347924234240,9,1825,Jarvis,Landry,CLE,WR,Active,6
519446956439826432,NCAA PIONEER,519446958686818304,6,10,63,460518714907815936,10,2374,Tyler,Lockett,SEA,WR,Active,5
519446956439826432,NCAA PIONEER,519446958686818304,6,9,64,363883943780626432,7,4137,James,Conner,PIT,RB,Active,3
519446956439826432,NCAA PIONEER,519446958686818304,6,8,65,339931221767249920,8,1689,Adam,Thielen,MIN,WR,Active,7
519446956439826432,NCAA PIONEER,519446958686818304,6,7,66,519664508596187136,6,3157,Will,Fuller V,HOU,WR,Active,4
519446956439826432,NCAA PIONEER,519446958686818304,6,6,67,519675297838780416,12,6794,Justin,Jefferson,MIN,WR,Active,0
519446956439826432,NCAA PIONEER,519446958686818304,6,5,68,519460302416203776,4,1408,Le'Veon,Bell,NYJ,RB,Active,7
519446956439826432,NCAA PIONEER,519446958686818304,6,4,69,533363986486435840,1,6789,Henry,Ruggs III,LV,WR,Active,0
519446956439826432,NCAA PIONEER,519446958686818304,6,3,70,460518714907815936,10,3214,Hunter,Henry,LAC,TE,Active,4
519446956439826432,NCAA PIONEER,519446958686818304,6,2,71,561634118050308096,3,1110,T.Y.,Hilton,IND,WR,Active,8
519446956439826432,NCAA PIONEER,519446958686818304,6,1,72,519437931575726080,2,4066,Evan,Engram,NYG,TE,Active,3
519446956439826432,NCAA PIONEER,519446958686818304,7,1,73,561684253895716864,5,6798,Jalen,Reagor,PHI,WR,Active,0
519446956439826432,NCAA PIONEER,519446958686818304,7,2,74,561634118050308096,3,2391,David,Johnson,HOU,RB,Active,5
519446956439826432,NCAA PIONEER,519446958686818304,7,3,75,519675297838780416,12,4950,Christian,Kirk,ARI,WR,Active,2
519446956439826432,NCAA PIONEER,519446958686818304,7,4,76,533363986486435840,1,5857,Noah,Fant,DEN,TE,Active,1
519446956439826432,NCAA PIONEER,519446958686818304,7,5,77,519675297838780416,12,2505,Darren,Waller,LV,TE,Active,5
519446956439826432,NCAA PIONEER,519446958686818304,7,6,78,520008347924234240,9,2319,DeVante,Parker,MIA,WR,Active,5
519446956439826432,NCAA PIONEER,519446958686818304,7,7,79,519664508596187136,6,4993,Mike,Gesicki,MIA,TE,Active,2
519446956439826432,NCAA PIONEER,519446958686818304,7,8,80,339931221767249920,8,1352,Robert,Woods,LAR,WR,Active,7
519446956439826432,NCAA PIONEER,519446958686818304,7,9,81,363883943780626432,7,5844,T.J.,Hockenson,DET,TE,Active,1
519446956439826432,NCAA PIONEER,519446958686818304,7,10,82,519460302416203776,4,3202,Austin,Hooper,CLE,TE,Active,4
519446956439826432,NCAA PIONEER,519446958686818304,7,11,83,561634118050308096,3,5848,Marquise,Brown,BAL,WR,Active,1
519446956439826432,NCAA PIONEER,519446958686818304,7,12,84,520108377286893568,11,6849,Denzel,Mims,NYJ,WR,Active,0
519446956439826432,NCAA PIONEER,519446958686818304,8,12,85,561684253895716864,5,4152,Marlon,Mack,IND,RB,Active,3
519446956439826432,NCAA PIONEER,519446958686818304,8,11,86,519675297838780416,12,5038,Michael,Gallup,DAL,WR,Active,2
519446956439826432,NCAA PIONEER,519446958686818304,8,10,87,519675297838780416,12,4962,Sony,Michel,NE,RB,Active,2
519446956439826432,NCAA PIONEER,519446958686818304,8,9,88,363883943780626432,7,830,A.J.,Green,CIN,WR,Active,9
519446956439826432,NCAA PIONEER,519446958686818304,8,8,89,339931221767249920,8,4098,Kareem,Hunt,CLE,RB,Active,3
519446956439826432,NCAA PIONEER,519446958686818304,8,7,90,519664508596187136,6,6845,Zack,Moss,BUF,RB,Active,0
519446956439826432,NCAA PIONEER,519446958686818304,8,6,91,519460302416203776,4,167,Tom,Brady,TB,QB,Active,20
519446956439826432,NCAA PIONEER,519446958686818304,8,5,92,460518714907815936,10,5878,N'Keal,Harry,NE,WR,Active,1
519446956439826432,NCAA PIONEER,519446958686818304,8,4,93,519460302416203776,4,SF,San Francisco,49ers,SF,DEF,,
519446956439826432,NCAA PIONEER,519446958686818304,8,3,94,520108377286893568,11,2197,Brandin,Cooks,HOU,WR,Active,6
519446956439826432,NCAA PIONEER,519446958686818304,8,2,95,561634118050308096,3,2749,Raheem,Mostert,SF,RB,Active,5
519446956439826432,NCAA PIONEER,519446958686818304,8,1,96,519437931575726080,2,4068,Mike,Williams,LAC,WR,Active,3
519446956439826432,NCAA PIONEER,519446958686818304,9,1,97,519437931575726080,2,5068,Kerryon,Johnson,DET,RB,Active,2
519446956439826432,NCAA PIONEER,519446958686818304,9,2,98,561634118050308096,3,6770,Joe,Burrow,CIN,QB,Active,0
519446956439826432,NCAA PIONEER,519446958686818304,9,3,99,520108377286893568,11,3163,Jared,Goff,LAR,QB,Active,4
519446956439826432,NCAA PIONEER,519446958686818304,9,4,100,533363986486435840,1,6885,Ke'Shawn,Vaughn,TB,RB,Active,0
519446956439826432,NCAA PIONEER,519446958686818304,9,5,101,460518714907815936,10,24,Matt,Ryan,ATL,QB,Active,12
519446956439826432,NCAA PIONEER,519446958686818304,9,6,102,519664508596187136,6,5917,Mecole,Hardman,KC,WR,Active,1
519446956439826432,NCAA PIONEER,519446958686818304,9,7,103,519664508596187136,6,5170,Phillip,Lindsay,DEN,RB,Active,2
519446956439826432,NCAA PIONEER,519446958686818304,9,8,104,339931221767249920,8,956,Mark,Ingram II,BAL,RB,Active,9
519446956439826432,NCAA PIONEER,519446958686818304,9,9,105,363883943780626432,7,6801,Tee,Higgins,CIN,WR,Active,0
519446956439826432,NCAA PIONEER,519446958686818304,9,10,106,519675297838780416,12,6149,Darius,Slayton,NYG,WR,Active,1
519446956439826432,NCAA PIONEER,519446958686818304,9,11,107,520008347924234240,9,4949,Derrius,Guice,WAS,RB,Active,2
519446956439826432,NCAA PIONEER,519446958686818304,9,12,108,519437931575726080,2,5052,Ronald,Jones II,TB,RB,Active,2
519446956439826432,NCAA PIONEER,519446958686818304,10,12,109,519675297838780416,12,96,Aaron,Rodgers,GB,QB,Active,15
519446956439826432,NCAA PIONEER,519446958686818304,10,11,110,520008347924234240,9,5022,Dallas,Goedert,PHI,TE,Active,2
519446956439826432,NCAA PIONEER,519446958686818304,10,10,111,519675297838780416,12,4455,Matt,Breida,MIA,RB,Active,3
519446956439826432,NCAA PIONEER,519446958686818304,10,9,112,363883943780626432,7,6819,Michael,Pittman Jr.,IND,WR,Active,0
519446956439826432,NCAA PIONEER,519446958686818304,10,8,113,339931221767249920,8,6803,Brandon,Aiyuk,SF,WR,Active,0
519446956439826432,NCAA PIONEER,519446958686818304,10,7,114,533363986486435840,1,6814,Laviska,Shenault Jr.,JAX,WR,Active,0
519446956439826432,NCAA PIONEER,519446958686818304,10,6,115,519437931575726080,2,1848,James,White,NE,RB,Active,6
519446956439826432,NCAA PIONEER,519446958686818304,10,5,116,460518714907815936,10,3271,Tyler,Higbee,LAR,TE,Active,4
519446956439826432,NCAA PIONEER,519446958686818304,10,4,117,520008347924234240,9,1833,Damien,Williams,KC,RB,Active,6
519446956439826432,NCAA PIONEER,519446958686818304,10,3,118,520108377286893568,11,5854,Drew,Lock,DEN,QB,Active,1
519446956439826432,NCAA PIONEER,519446958686818304,10,2,119,520008347924234240,9,6768,Tua,Tagovailoa,MIA,QB,Active,0
519446956439826432,NCAA PIONEER,519446958686818304,10,1,120,519437931575726080,2,4892,Baker,Mayfield,CLE,QB,Active,2
519446956439826432,NCAA PIONEER,519446958686818304,11,1,121,519675297838780416,12,5916,Darrell,Henderson Jr.,LAR,RB,Active,1
519446956439826432,NCAA PIONEER,519446958686818304,11,2,122,519664508596187136,6,1817,Sammy,Watkins,KC,WR,Active,6
519446956439826432,NCAA PIONEER,519446958686818304,11,3,123,520108377286893568,11,6148,Preston,Williams,MIA,WR,Active,1
519446956439826432,NCAA PIONEER,519446958686818304,11,4,124,519675297838780416,12,5937,Diontae,Johnson,PIT,WR,Active,1
519446956439826432,NCAA PIONEER,519446958686818304,11,5,125,519460302416203776,4,6797,Justin,Herbert,LAC,QB,Active,0
519446956439826432,NCAA PIONEER,519446958686818304,11,6,126,533363986486435840,1,6828,A.J.,Dillon,GB,RB,Active,0
519446956439826432,NCAA PIONEER,519446958686818304,11,7,127,519675297838780416,12,BAL,Baltimore,Ravens,BAL,DEF,,
519446956439826432,NCAA PIONEER,519446958686818304,11,8,128,339931221767249920,8,515,Rob,Gronkowski,TB,TE,Active,10
519446956439826432,NCAA PIONEER,519446958686818304,11,9,129,363883943780626432,7,289,Drew,Brees,NO,QB,Active,19
519446956439826432,NCAA PIONEER,519446958686818304,11,10,130,460518714907815936,10,5870,Daniel,Jones,NYG,QB,Active,1
519446956439826432,NCAA PIONEER,519446958686818304,11,11,131,520008347924234240,9,3200,Sterling,Shepard,NYG,WR,Active,4
519446956439826432,NCAA PIONEER,519446958686818304,11,12,132,519437931575726080,2,344,Julian,Edelman,NE,WR,Active,11
519446956439826432,NCAA PIONEER,519446958686818304,12,12,133,533363986486435840,1,6945,Antonio,Gibson,WAS,RB,Active,0
519446956439826432,NCAA PIONEER,519446958686818304,12,11,134,460518714907815936,10,2238,John,Brown,BUF,WR,Active,6
519446956439826432,NCAA PIONEER,519446958686818304,12,10,135,519460302416203776,4,PIT,Pittsburgh,Steelers,PIT,DEF,,
519446956439826432,NCAA PIONEER,519446958686818304,12,9,136,363883943780626432,7,5967,Tony,Pollard,DAL,RB,Active,1
519446956439826432,NCAA PIONEER,519446958686818304,12,8,137,339931221767249920,8,3161,Carson,Wentz,PHI,QB,Active,4
519446956439826432,NCAA PIONEER,519446958686818304,12,7,138,519460302416203776,4,4157,Tarik,Cohen,CHI,RB,Active,3
519446956439826432,NCAA PIONEER,519446958686818304,12,6,139,519460302416203776,4,4055,O.J.,Howard,TB,TE,Active,3
519446956439826432,NCAA PIONEER,519446958686818304,12,5,140,460518714907815936,10,5987,Alexander,Mattison,MIN,RB,Active,1
519446956439826432,NCAA PIONEER,519446958686818304,12,4,141,519675297838780416,12,4943,Sam,Darnold,NYJ,QB,Active,2
519446956439826432,NCAA PIONEER,519446958686818304,12,3,142,520108377286893568,11,3306,Jordan,Howard,MIA,RB,Active,4
519446956439826432,NCAA PIONEER,519446958686818304,12,2,143,561634118050308096,3,2410,Jamison,Crowder,NYJ,WR,Active,5
519446956439826432,NCAA PIONEER,519446958686818304,12,1,144,519437931575726080,2,4082,Curtis,Samuel,CAR,WR,Active,3
519446956439826432,NCAA PIONEER,519446958686818304,13,1,145,519437931575726080,2,4995,Ian,Thomas,CAR,TE,Active,2
519446956439826432,NCAA PIONEER,519446958686818304,13,2,146,561634118050308096,3,1067,Marvin,Jones Jr.,DET,WR,Active,8
519446956439826432,NCAA PIONEER,519446958686818304,13,3,147,520108377286893568,11,5013,Anthony,Miller,CHI,WR,Active,2
519446956439826432,NCAA PIONEER,519446958686818304,13,4,148,533363986486435840,1,1837,Jimmy,Garoppolo,SF,QB,Active,6
519446956439826432,NCAA PIONEER,519446958686818304,13,5,149,520008347924234240,9,NE,New England,Patriots,NE,DEF,,
519446956439826432,NCAA PIONEER,519446958686818304,13,6,150,460518714907815936,10,5880,Parris,Campbell,IND,WR,Active,1
519446956439826432,NCAA PIONEER,519446958686818304,13,7,151,519664508596187136,6,4089,Gerald,Everett,LAR,TE,Active,3
519446956439826432,NCAA PIONEER,519446958686818304,13,8,152,339931221767249920,8,BUF,Buffalo,Bills,BUF,DEF,,
519446956439826432,NCAA PIONEER,519446958686818304,13,9,153,363883943780626432,7,2378,Tevin,Coleman,SF,RB,Active,5
519446956439826432,NCAA PIONEER,519446958686818304,13,10,154,519675297838780416,12,4985,Rashaad,Penny,SEA,RB,Active,2
519446956439826432,NCAA PIONEER,519446958686818304,13,11,155,520008347924234240,9,2168,Devonta,Freeman,,RB,Inactive,6
519446956439826432,NCAA PIONEER,519446958686818304,13,12,156,561684253895716864,5,642,Golden,Tate,NYG,WR,Active,10
519446956439826432,NCAA PIONEER,519446958686818304,14,12,157,561684253895716864,5,1476,Latavius,Murray,NO,RB,Active,7
519446956439826432,NCAA PIONEER,519446958686818304,14,11,158,520008347924234240,9,5024,James,Washington,PIT,WR,Active,2
519446956439826432,NCAA PIONEER,519446958686818304,14,10,159,519675297838780416,12,4144,Jonnu,Smith,TEN,TE,Active,3
519446956439826432,NCAA PIONEER,519446958686818304,14,9,160,363883943780626432,7,421,Matthew,Stafford,DET,QB,Active,11
519446956439826432,NCAA PIONEER,519446958686818304,14,8,161,339931221767249920,8,4973,Hayden,Hurst,ATL,TE,Active,2
519446956439826432,NCAA PIONEER,519446958686818304,14,7,162,519664508596187136,6,LAR,Los Angeles,Rams,LAR,DEF,,
519446956439826432,NCAA PIONEER,519446958686818304,14,6,163,519675297838780416,12,LAC,Los Angeles,Chargers,LAC,DEF,,
519446956439826432,NCAA PIONEER,519446958686818304,14,5,164,460518714907815936,10,4036,Corey,Davis,TEN,WR,Active,3
519446956439826432,NCAA PIONEER,519446958686818304,14,4,165,519675297838780416,12,3678,Wil,Lutz,NO,K,Active,4
519446956439826432,NCAA PIONEER,519446958686818304,14,3,166,520108377286893568,11,5890,Damien,Harris,NE,RB,Active,1
519446956439826432,NCAA PIONEER,519446958686818304,14,2,167,561634118050308096,3,3423,Robby,Anderson,CAR,WR,Active,4
519446956439826432,NCAA PIONEER,519446958686818304,14,1,168,519437931575726080,2,DAL,Dallas,Cowboys,DAL,DEF,,
519446956439826432,NCAA PIONEER,519446958686818304,15,1,169,519437931575726080,2,6870,Bryan,Edwards,LV,WR,Active,0
519446956439826432,NCAA PIONEER,519446958686818304,15,2,170,561634118050308096,3,538,Emmanuel,Sanders,NO,WR,Active,10
519446956439826432,NCAA PIONEER,519446958686818304,15,3,171,520108377286893568,11,6126,Irv,Smith Jr.,MIN,TE,Active,1
519446956439826432,NCAA PIONEER,519446958686818304,15,4,172,533363986486435840,1,6886,Chase,Claypool,PIT,WR,Active,0
519446956439826432,NCAA PIONEER,519446958686818304,15,5,173,460518714907815936,10,6878,Anthony,McFarland Jr.,PIT,RB,Active,0
519446956439826432,NCAA PIONEER,519446958686818304,15,6,174,519437931575726080,2,4146,Dede,Westbrook,JAX,WR,Active,3
519446956439826432,NCAA PIONEER,519446958686818304,15,7,175,519675297838780416,12,6805,K.J.,Hamler,DEN,WR,Active,0
519446956439826432,NCAA PIONEER,519446958686818304,15,8,176,339931221767249920,8,536,Antonio,Brown,,WR,Inactive,10
519446956439826432,NCAA PIONEER,519446958686818304,15,9,177,363883943780626432,7,1149,Alshon,Jeffery,PHI,WR,Active,8
519446956439826432,NCAA PIONEER,519446958686818304,15,10,178,519460302416203776,4,6853,Van,Jefferson,LAR,WR,Active,0
519446956439826432,NCAA PIONEER,519446958686818304,15,11,179,520008347924234240,9,4111,D'Onta,Foreman,,RB,Inactive,3
519446956439826432,NCAA PIONEER,519446958686818304,15,12,180,561684253895716864,5,2331,Breshad,Perriman,NYJ,WR,Active,5
519446956439826432,NCAA PIONEER,519446958686818304,16,12,181,561684253895716864,5,2152,Teddy,Bridgewater,CAR,QB,Active,6
519446956439826432,NCAA PIONEER,519446958686818304,16,11,182,520008347924234240,9,2118,Eric,Ebron,PIT,TE,Active,6
519446956439826432,NCAA PIONEER,519446958686818304,16,10,183,519460302416203776,4,4227,Harrison,Butker,KC,K,Active,3
519446956439826432,NCAA PIONEER,519446958686818304,16,9,184,363883943780626432,7,367,Jared,Cook,NO,TE,Active,11
519446956439826432,NCAA PIONEER,519446958686818304,16,8,185,339931221767249920,8,NO,New Orleans,Saints,NO,DEF,,
519446956439826432,NCAA PIONEER,519446958686818304,16,7,186,519664508596187136,6,4666,Younghoe,Koo,ATL,K,Active,3
519446956439826432,NCAA PIONEER,519446958686818304,16,6,187,519675297838780416,12,2382,Duke,Johnson,HOU,RB,Active,5
519446956439826432,NCAA PIONEER,519446958686818304,16,5,188,561634118050308096,3,7064,Darrynton,Evans,TEN,RB,Active,0
519446956439826432,NCAA PIONEER,519446958686818304,16,4,189,533363986486435840,1,6826,Cole,Kmet,CHI,TE,Active,0
519446956439826432,NCAA PIONEER,519446958686818304,16,3,190,520108377286893568,11,4038,John,Ross III,CIN,WR,Active,3
519446956439826432,NCAA PIONEER,519446958686818304,16,2,191,561634118050308096,3,5906,Dawson,Knox,BUF,TE,Active,1
519446956439826432,NCAA PIONEER,519446958686818304,16,1,192,519437931575726080,2,1750,Giorgio,Tavecchio,,K,Inactive,8
519446956439826432,NCAA PIONEER,519446958686818304,17,1,193,519437931575726080,2,5185,Allen,Lazard,GB,WR,Active,2
519446956439826432,NCAA PIONEER,519446958686818304,17,2,194,519675297838780416,12,6804,Jordan,Love,GB,QB,Active,0
519446956439826432,NCAA PIONEER,519446958686818304,17,3,195,520108377286893568,11,5955,Hunter,Renfrow,LV,WR,Active,1
519446956439826432,NCAA PIONEER,519446958686818304,17,4,196,533363986486435840,1,CHI,Chicago,Bears,CHI,DEF,,
519446956439826432,NCAA PIONEER,519446958686818304,17,5,197,520008347924234240,9,1911,Willie,Snead IV,BAL,WR,Active,6
519446956439826432,NCAA PIONEER,519446958686818304,17,6,198,460518714907815936,10,SEA,Seattle,Seahawks,SEA,DEF,,
519446956439826432,NCAA PIONEER,519446958686818304,17,7,199,519664508596187136,6,1166,Kirk,Cousins,MIN,QB,Active,8
519446956439826432,NCAA PIONEER,519446958686818304,17,8,200,339931221767249920,8,6847,Devin,Duvernay,BAL,WR,Active,0
519446956439826432,NCAA PIONEER,519446958686818304,17,9,201,363883943780626432,7,745,Marshawn,Lynch,,RB,Inactive,13
519446956439826432,NCAA PIONEER,519446958686818304,17,10,202,519460302416203776,4,4033,David,Njoku,CLE,TE,Active,3
519446956439826432,NCAA PIONEER,519446958686818304,17,11,203,520008347924234240,9,1071,Mohamed,Sanu Sr.,NE,WR,Active,8
519446956439826432,NCAA PIONEER,519446958686818304,17,12,204,561684253895716864,5,TB,Tampa Bay,Buccaneers,TB,DEF,,
519446956439826432,NCAA PIONEER,519446958686818304,18,12,205,561684253895716864,5,2583,Tyrell,Williams,LV,WR,Active,5
519446956439826432,NCAA PIONEER,519446958686818304,18,11,206,520008347924234240,9,1945,Chris,Boswell,PIT,K,Active,6
519446956439826432,NCAA PIONEER,519446958686818304,18,10,207,519460302416203776,4,6960,Tyler,Johnson,TB,WR,Active,0
519446956439826432,NCAA PIONEER,519446958686818304,18,9,208,363883943780626432,7,7045,Joshua,Kelley,LAC,RB,Active,0
519446956439826432,NCAA PIONEER,519446958686818304,18,8,209,339931221767249920,8,147,DeSean,Jackson,PHI,WR,Active,12
519446956439826432,NCAA PIONEER,519446958686818304,18,7,210,519664508596187136,6,223,Larry,Fitzgerald,ARI,WR,Active,16
519446956439826432,NCAA PIONEER,519446958686818304,18,6,211,561684253895716864,5,1264,Justin,Tucker,BAL,K,Active,8
519446956439826432,NCAA PIONEER,519446958686818304,18,5,212,460518714907815936,10,5915,Andy,Isabella,ARI,WR,Active,1
519446956439826432,NCAA PIONEER,519446958686818304,18,4,213,533363986486435840,1,5845,Dwayne,Haskins Jr.,WAS,QB,Active,1
519446956439826432,NCAA PIONEER,519446958686818304,18,3,214,520108377286893568,11,GB,Green Bay,Packers,GB,DEF,,
519446956439826432,NCAA PIONEER,519446958686818304,18,2,215,561634118050308096,3,6956,Devin,Asiasi,NE,TE,Active,0
519446956439826432,NCAA PIONEER,519446958686818304,18,1,216,519437931575726080,2,DEN,Denver,Broncos,DEN,DEF,,
519446956439826432,NCAA PIONEER,519446958686818304,19,1,217,519437931575726080,2,5995,Justice,Hill,BAL,RB,Active,1
519446956439826432,NCAA PIONEER,519446958686818304,19,2,218,561634118050308096,3,MIN,Minnesota,Vikings,MIN,DEF,,
519446956439826432,NCAA PIONEER,519446958686818304,19,3,219,520108377286893568,11,6139,Jace,Sternberger,GB,TE,Active,1
519446956439826432,NCAA PIONEER,519446958686818304,19,4,220,519675297838780416,12,5010,Will,Dissly,SEA,TE,Active,2
519446956439826432,NCAA PIONEER,519446958686818304,19,5,221,460518714907815936,10,PHI,Philadelphia,Eagles,PHI,DEF,,
519446956439826432,NCAA PIONEER,519446958686818304,19,6,222,519675297838780416,12,6011,Gardner,Minshew II,JAX,QB,Active,1
519446956439826432,NCAA PIONEER,519446958686818304,19,7,223,519664508596187136,6,1555,Kenny,Stills,HOU,WR,Active,7
519446956439826432,NCAA PIONEER,519446958686818304,19,8,224,339931221767249920,8,5122,Boston,Scott,PHI,RB,Active,2
519446956439826432,NCAA PIONEER,519446958686818304,19,9,225,363883943780626432,7,1049,Ryan,Tannehill,TEN,QB,Active,8
519446956439826432,NCAA PIONEER,519446958686818304,19,10,226,533363986486435840,1,2306,Jameis,Winston,NO,QB,Active,5
519446956439826432,NCAA PIONEER,519446958686818304,19,11,227,520008347924234240,9,1451,CJ,Anderson,,RB,Inactive,7
519446956439826432,NCAA PIONEER,519446958686818304,19,12,228,561684253895716864,5,4149,Jamaal,Williams,GB,RB,Active,3
519446956439826432,NCAA PIONEER,519446958686818304,20,12,229,561684253895716864,5,1144,Cole,Beasley,BUF,WR,Active,8
519446956439826432,NCAA PIONEER,519446958686818304,20,11,230,520008347924234240,9,5863,J.J.,Arcega-Whiteside,PHI,WR,Active,1
519446956439826432,NCAA PIONEER,519446958686818304,20,10,231,519460302416203776,4,6136,Jarrett,Stidham,NE,QB,Active,1
519446956439826432,NCAA PIONEER,519446958686818304,20,9,232,363883943780626432,7,CLE,Cleveland,Browns,CLE,DEF,,
519446956439826432,NCAA PIONEER,519446958686818304,20,8,233,339931221767249920,8,6951,Eno,Benjamin,ARI,RB,Active,0
519446956439826432,NCAA PIONEER,519446958686818304,20,7,234,519664508596187136,6,2747,Jason,Myers,SEA,K,Active,5
519446956439826432,NCAA PIONEER,519446958686818304,20,6,235,519460302416203776,4,6908,Lamical,Perine,NYJ,RB,Active,0
519446956439826432,NCAA PIONEER,519446958686818304,20,5,236,460518714907815936,10,4233,Zane,Gonzalez,ARI,K,Active,3
519446956439826432,NCAA PIONEER,519446958686818304,20,4,237,519675297838780416,12,IND,Indianapolis,Colts,IND,DEF,,
519446956439826432,NCAA PIONEER,519446958686818304,20,3,238,520108377286893568,11,6906,Antonio,Gandy-Golden,WAS,WR,Active,0
519446956439826432,NCAA PIONEER,519446958686818304,20,2,239,561634118050308096,3,5570,Chad,Beebe,MIN,WR,Active,2
519446956439826432,NCAA PIONEER,519446958686818304,20,1,240,519437931575726080,2,KC,Kansas City,Chiefs,KC,DEF,,
519446956439826432,NCAA PIONEER,519446958686818304,21,1,241,519437931575726080,2,775,Stephen,Hauschka,BUF,K,Active,12
519446956439826432,NCAA PIONEER,519446958686818304,21,2,242,561634118050308096,3,5131,Justin,Jackson,LAC,RB,Active,2
519446956439826432,NCAA PIONEER,519446958686818304,21,3,243,520108377286893568,11,TEN,Tennessee,Titans,TEN,DEF,,
519446956439826432,NCAA PIONEER,519446958686818304,21,4,244,519675297838780416,12,4195,Jake,Elliott,PHI,K,Active,3
519446956439826432,NCAA PIONEER,519446958686818304,21,5,245,460518714907815936,10,5000,Chase,Edmonds,ARI,RB,Active,2
519446956439826432,NCAA PIONEER,519446958686818304,21,6,246,519675297838780416,12,6869,Adam,Trautman,NO,TE,Active,0
519446956439826432,NCAA PIONEER,519446958686818304,21,7,247,519664508596187136,6,5046,Royce,Freeman,DEN,RB,Active,2
519446956439826432,NCAA PIONEER,519446958686818304,21,8,248,339931221767249920,8,2588,Malcolm,Brown,LAR,RB,Active,5
519446956439826432,NCAA PIONEER,519446958686818304,21,9,249,363883943780626432,7,6156,Benny,Snell Jr.,PIT,RB,Active,1
519446956439826432,NCAA PIONEER,519446958686818304,21,10,250,519460302416203776,4,6931,DeeJay,Dallas,SEA,RB,Active,0
519446956439826432,NCAA PIONEER,519446958686818304,21,11,251,520008347924234240,9,4171,Josh,Reynolds,LAR,WR,Active,3
519446956439826432,NCAA PIONEER,519446958686818304,21,12,252,561684253895716864,5,232,Frank,Gore,NYJ,RB,Active,15
519446956439826432,NCAA PIONEER,519446958686818304,22,12,253,561684253895716864,5,4571,Blake,Jarwin,DAL,TE,Active,3
519446956439826432,NCAA PIONEER,519446958686818304,22,11,254,520008347924234240,9,5107,Jaylen,Samuels,PIT,RB,Active,2
519446956439826432,NCAA PIONEER,519446958686818304,22,10,255,519460302416203776,4,7107,Jason,Huntley,DET,RB,Active,0
519446956439826432,NCAA PIONEER,519446958686818304,22,9,256,363883943780626432,7,120,Adam,Vinatieri,,K,Inactive,24
519446956439826432,NCAA PIONEER,519446958686818304,22,8,257,339931221767249920,8,1266,Greg,Zuerlein,DAL,K,Active,8
519446956439826432,NCAA PIONEER,519446958686818304,22,7,258,519664508596187136,6,1706,Jack,Doyle,IND,TE,Active,7
519446956439826432,NCAA PIONEER,519446958686818304,22,6,259,519675297838780416,12,3868,Jalen,Richard,LV,RB,Active,4
519446956439826432,NCAA PIONEER,519446958686818304,22,5,260,460518714907815936,10,2028,Derek,Carr,LV,QB,Active,6
519446956439826432,NCAA PIONEER,519446958686818304,22,4,261,519460302416203776,4,6866,K.J.,Hill,LAC,WR,Active,0
519446956439826432,NCAA PIONEER,519446958686818304,22,3,262,520108377286893568,11,5026,Tre'Quan,Smith,NO,WR,Active,2
519446956439826432,NCAA PIONEER,519446958686818304,22,2,263,519437931575726080,2,6895,Quintez,Cephus,DET,WR,Active,0
519446956439826432,NCAA PIONEER,519446958686818304,22,1,264,519437931575726080,2,5347,Nyheim,Hines,IND,RB,Active,2
519446956439826432,NCAA PIONEER,519446958686818304,23,1,265,519437931575726080,2,6904,Jalen,Hurts,PHI,QB,Active,0
519446956439826432,NCAA PIONEER,519446958686818304,23,2,266,561634118050308096,3,899,Dan,Bailey,MIN,K,Active,9
519446956439826432,NCAA PIONEER,519446958686818304,23,3,267,520108377286893568,11,5889,Bryce,Love,WAS,RB,Active,1
519446956439826432,NCAA PIONEER,519446958686818304,23,4,268,519675297838780416,12,5009,Chris,Herndon,NYJ,TE,Active,2
519446956439826432,NCAA PIONEER,519446958686818304,23,5,269,460518714907815936,10,943,Kyle,Rudolph,MIN,TE,Active,9
519446956439826432,NCAA PIONEER,519446958686818304,23,6,270,519675297838780416,12,6823,Jacob,Eason,IND,QB,Active,0
519446956439826432,NCAA PIONEER,519446958686818304,23,7,271,519664508596187136,6,5007,Keke,Coutee,HOU,WR,Active,2
519446956439826432,NCAA PIONEER,519446958686818304,23,8,272,339931221767249920,8,6007,Ryquell,Armstead,JAX,RB,Active,1
519446956439826432,NCAA PIONEER,519446958686818304,23,9,273,363883943780626432,7,954,Cam,Newton,,QB,Inactive,9
519446956439826432,NCAA PIONEER,519446958686818304,23,10,274,519460302416203776,4,6927,Quez,Watkins,PHI,WR,Active,0
519446956439826432,NCAA PIONEER,519446958686818304,23,11,275,520008347924234240,9,1170,Alfred,Morris,,RB,Inactive,8
519446956439826432,NCAA PIONEER,519446958686818304,23,12,276,561684253895716864,5,695,Ted,Ginn Jr.,CHI,WR,Active,13
519446956439826432,NCAA PIONEER,519446958686818304,24,12,277,561684253895716864,5,2161,Jerick,McKinnon,SF,RB,Active,6
519446956439826432,NCAA PIONEER,519446958686818304,24,11,278,520008347924234240,9,138,Ben,Roethlisberger,PIT,QB,Active,16
519446956439826432,NCAA PIONEER,519446958686818304,24,10,279,519460302416203776,4,6989,Marquez,Callaway,NO,WR,Active,0
519446956439826432,NCAA PIONEER,519446958686818304,24,9,280,363883943780626432,7,5086,Marquez,Valdes-Scantling,GB,WR,Active,2
519446956439826432,NCAA PIONEER,519446958686818304,24,8,281,339931221767249920,8,6909,Lynn,Bowden Jr.,LV,RB,Active,0
519446956439826432,NCAA PIONEER,519446958686818304,24,7,282,519664508596187136,6,WAS,Washington,Redskins,WAS,DEF,,
519446956439826432,NCAA PIONEER,519446958686818304,24,6,283,561634118050308096,3,6919,Thaddeus,Moss,WAS,TE,Active,0
519446956439826432,NCAA PIONEER,519446958686818304,24,5,284,460518714907815936,10,928,Randall,Cobb,HOU,WR,Active,9
519446956439826432,NCAA PIONEER,519446958686818304,24,4,285,519675297838780416,12,5004,Ito,Smith,ATL,RB,Active,2
519446956439826432,NCAA PIONEER,519446958686818304,24,3,286,520108377286893568,11,2346,Devin,Funchess,GB,WR,Active,5
519446956439826432,NCAA PIONEER,519446958686818304,24,2,287,561634118050308096,3,6824,Donovan,Peoples-Jones,CLE,WR,Active,0
519446956439826432,NCAA PIONEER,519446958686818304,24,1,288,519437931575726080,2,4421,Jacob,Hollister,SEA,TE,Active,3
519446956439826432,NCAA PIONEER,519446958686818304,25,1,289,519437931575726080,2,7082,Dalton,Keene,NE,TE,Active,0
519446956439826432,NCAA PIONEER,519446958686818304,25,2,290,519675297838780416,12,ARI,Arizona,Cardinals,ARI,DEF,,
519446956439826432,NCAA PIONEER,519446958686818304,25,3,291,520108377286893568,11,3451,Ka'imi,Fairbairn,HOU,K,Active,4
519446956439826432,NCAA PIONEER,519446958686818304,25,4,292,519460302416203776,4,7050,Josiah,Deguara,GB,TE,Active,0
519446956439826432,NCAA PIONEER,519446958686818304,25,5,293,460518714907815936,10,2671,Josh,Lambo,JAX,K,Active,5
519446956439826432,NCAA PIONEER,519446958686818304,25,6,294,519664508596187136,6,3342,Jakeem,Grant,MIA,WR,Active,4
519446956439826432,NCAA PIONEER,519446958686818304,25,7,295,519664508596187136,6,331,Philip,Rivers,IND,QB,Active,16
519446956439826432,NCAA PIONEER,519446958686818304,25,8,296,339931221767249920,8,827,Tyrod,Taylor,LAC,QB,Active,9
519446956439826432,NCAA PIONEER,519446958686818304,25,9,297,363883943780626432,7,3976,Mitchell,Trubisky,CHI,QB,Active,3
519446956439826432,NCAA PIONEER,519446958686818304,25,10,298,519460302416203776,4,5965,Miles,Boykin,BAL,WR,Active,1
519446956439826432,NCAA PIONEER,519446958686818304,25,11,299,520008347924234240,9,2004,Cody,Latimer,WAS,WR,Active,6
519446956439826432,NCAA PIONEER,519446958686818304,25,12,300,561684253895716864,5,5884,Kelvin,Harmon,WAS,WR,Active,1
519446956439826432,NCAA PIONEER,519446958686818304,26,12,301,561684253895716864,5,6402,Steven,Sims Jr.,WAS,WR,Active,1
519446956439826432,NCAA PIONEER,519446958686818304,26,11,302,520008347924234240,9,1048,Lamar,Miller,,RB,Inactive,8
519446956439826432,NCAA PIONEER,519446958686818304,26,10,303,519675297838780416,12,6528,Joey,Slye,CAR,K,Active,1
519446956439826432,NCAA PIONEER,519446958686818304,26,9,304,363883943780626432,7,5886,Hakeem,Butler,ARI,WR,Active,1
519446956439826432,NCAA PIONEER,519446958686818304,26,8,305,339931221767249920,8,2257,Carlos,Hyde,,RB,Inactive,6
519446956439826432,NCAA PIONEER,519446958686818304,26,7,306,519664508596187136,6,6178,Darwin,Thompson,KC,RB,Active,1
519446956439826432,NCAA PIONEER,519446958686818304,26,6,307,533363986486435840,1,5911,Jalen,Hurd,SF,WR,Active,1
519446956439826432,NCAA PIONEER,519446958686818304,26,5,308,460518714907815936,10,491,Danny,Amendola,DET,WR,Active,12
519446956439826432,NCAA PIONEER,519446958686818304,26,4,309,533363986486435840,1,6954,Cole,McDonald,TEN,QB,Active,0
519446956439826432,NCAA PIONEER,519446958686818304,26,3,310,520108377286893568,11,6850,Harrison,Bryant,CLE,TE,Active,0
519446956439826432,NCAA PIONEER,519446958686818304,26,2,311,561634118050308096,3,4381,Taysom,Hill,NO,QB,Active,3
519446956439826432,NCAA PIONEER,519446958686818304,26,1,312,519437931575726080,2,4992,Dante,Pettis,SF,WR,Active,2
519446956439826432,NCAA PIONEER,519446958686818304,27,1,313,519437931575726080,2,5130,Auden,Tate,CIN,WR,Active,2
519446956439826432,NCAA PIONEER,519446958686818304,27,2,314,561634118050308096,3,1346,Marquise,Goodwin,PHI,WR,Active,7
519446956439826432,NCAA PIONEER,519446958686818304,27,3,315,520108377286893568,11,6068,Devine,Ozigbo,JAX,RB,Active,1
519446956439826432,NCAA PIONEER,519446958686818304,27,4,316,533363986486435840,1,6843,Albert,Okwuegbunam,DEN,TE,Active,0
519446956439826432,NCAA PIONEER,519446958686818304,27,5,317,460518714907815936,10,1386,Giovani,Bernard,CIN,RB,Active,7
519446956439826432,NCAA PIONEER,519446958686818304,27,6,318,561634118050308096,3,1502,Chris,Thompson,JAX,RB,Active,7
519446956439826432,NCAA PIONEER,519446958686818304,27,7,319,519664508596187136,6,5432,Cam,Sims,WAS,WR,Active,2
519446956439826432,NCAA PIONEER,519446958686818304,27,8,320,339931221767249920,8,6957,James,Proche,BAL,WR,Active,0
519446956439826432,NCAA PIONEER,519446958686818304,27,9,321,363883943780626432,7,1287,Kai,Forbath,DAL,K,Active,9
519446956439826432,NCAA PIONEER,519446958686818304,27,10,322,519460302416203776,4,6955,James,Robinson,JAX,RB,Active,0
519446956439826432,NCAA PIONEER,519446958686818304,27,11,323,520008347924234240,9,JAX,Jacksonville,Jaguars,JAX,DEF,,
519446956439826432,NCAA PIONEER,519446958686818304,27,12,324,561684253895716864,5,58,Greg,Olsen,SEA,TE,Active,13
519446956439826432,NCAA PIONEER,519446958686818304,28,12,325,561684253895716864,5,1535,Cordarrelle,Patterson,CHI,RB,Active,7
519446956439826432,NCAA PIONEER,519446958686818304,28,11,326,520008347924234240,9,391,Ryan,Succop,,K,Inactive,11
519446956439826432,NCAA PIONEER,519446958686818304,28,10,327,519460302416203776,4,7085,Isaiah,Coulter,HOU,WR,Active,0
519446956439826432,NCAA PIONEER,519446958686818304,28,9,328,363883943780626432,7,1587,Vance,McDonald,PIT,TE,Active,7
519446956439826432,NCAA PIONEER,519446958686818304,28,8,329,339931221767249920,8,4319,Zach,Pascal,IND,WR,Active,3
519446956439826432,NCAA PIONEER,519446958686818304,28,7,330,519664508596187136,6,5134,Keith,Kirkwood,CAR,WR,Active,2
519446956439826432,NCAA PIONEER,519446958686818304,28,6,331,519460302416203776,4,5248,Gus,Edwards,BAL,RB,Active,2
519446956439826432,NCAA PIONEER,519446958686818304,28,5,332,460518714907815936,10,3209,Devontae,Booker,LV,RB,Active,4
519446956439826432,NCAA PIONEER,519446958686818304,28,4,333,533363986486435840,1,1433,Brandon,McManus,DEN,K,Active,7
519446956439826432,NCAA PIONEER,519446958686818304,28,3,334,520108377286893568,11,4651,Corey,Clement,PHI,RB,Active,3
519446956439826432,NCAA PIONEER,519446958686818304,28,2,335,561634118050308096,3,6088,Bisi,Johnson,MIN,WR,Active,1
519446956439826432,NCAA PIONEER,519446958686818304,28,1,336,519437931575726080,2,6083,Matt,Gay,TB,K,Active,1
519446956439826432,NCAA PIONEER,519446958686818304,29,1,337,519437931575726080,2,6857,Collin,Johnson,JAX,WR,Active,0
519446956439826432,NCAA PIONEER,519446958686818304,29,2,338,561634118050308096,3,4863,Josh,Rosen,MIA,QB,Active,2
519446956439826432,NCAA PIONEER,519446958686818304,29,3,339,520108377286893568,11,6164,Kahale,Warring,HOU,TE,Active,1
519446956439826432,NCAA PIONEER,519446958686818304,29,4,340,519675297838780416,12,CAR,Carolina,Panthers,CAR,DEF,,
519446956439826432,NCAA PIONEER,519446958686818304,29,5,341,460518714907815936,10,5110,Russell,Gage,ATL,WR,Active,2
519446956439826432,NCAA PIONEER,519446958686818304,29,6,342,519437931575726080,2,5947,Jakobi,Meyers,NE,WR,Active,1
519446956439826432,NCAA PIONEER,519446958686818304,29,7,343,519664508596187136,6,1077,Travis,Benjamin,SF,WR,Active,8
519446956439826432,NCAA PIONEER,519446958686818304,29,8,344,339931221767249920,8,184,Adrian,Peterson,WAS,RB,Active,13
519446956439826432,NCAA PIONEER,519446958686818304,29,9,345,363883943780626432,7,19,Joe,Flacco,,QB,Inactive,12
519446956439826432,NCAA PIONEER,519446958686818304,29,10,346,519460302416203776,4,2381,Chris,Conley,JAX,WR,Active,5
519446956439826432,NCAA PIONEER,519446958686818304,29,11,347,520008347924234240,9,6290,Scotty,Miller,TB,WR,Active,1
519446956439826432,NCAA PIONEER,519446958686818304,29,12,348,561684253895716864,5,1029,Nick,Foles,CHI,QB,Active,8
519446956439826432,NCAA PIONEER,519446958686818304,30,12,349,561684253895716864,5,1793,Trey,Burton,IND,TE,Active,6
519446956439826432,NCAA PIONEER,519446958686818304,30,11,350,520008347924234240,9,3634,Kalif,Raymond,TEN,WR,Active,4
519446956439826432,NCAA PIONEER,519446958686818304,30,10,351,519675297838780416,12,3286,Demarcus,Robinson,KC,WR,Active,4
519446956439826432,NCAA PIONEER,519446958686818304,30,9,352,363883943780626432,7,5112,Bo,Scarbrough,DET,RB,Active,2
519446956439826432,NCAA PIONEER,519446958686818304,30,8,353,339931221767249920,8,1244,Josh,Gordon,,WR,Inactive,8
519446956439826432,NCAA PIONEER,519446958686818304,30,7,354,519664508596187136,6,1379,Kyle,Juszczyk,SF,RB,Active,7
519446956439826432,NCAA PIONEER,519446958686818304,30,6,355,519675297838780416,12,5230,Michael,Badgley,LAC,K,Active,2
519446956439826432,NCAA PIONEER,519446958686818304,30,5,356,460518714907815936,10,HOU,Houston,Texans,HOU,DEF,,
519446956439826432,NCAA PIONEER,519446958686818304,30,4,357,519675297838780416,12,4162,Ryan,Switzer,PIT,WR,Active,3
519446956439826432,NCAA PIONEER,519446958686818304,30,3,358,520108377286893568,11,6943,Gabriel,Davis,BUF,WR,Active,0
519446956439826432,NCAA PIONEER,519446958686818304,30,2,359,561634118050308096,3,6822,Jake,Fromm,BUF,QB,Active,0
519446956439826432,NCAA PIONEER,519446958686818304,30,1,360,519437931575726080,2,4998,DaeSean,Hamilton,DEN,WR,Active,2
519446956439826432,NCAA PIONEER,519446958686818304,31,1,361,519437931575726080,2,3594,Peyton,Barber,WAS,RB,Active,4
519446956439826432,NCAA PIONEER,519446958686818304,31,2,362,561634118050308096,3,5209,Mike,Boone,MIN,RB,Active,2
519446956439826432,NCAA PIONEER,519446958686818304,31,3,363,520108377286893568,11,2399,Ty,Montgomery,NO,RB,Active,5
519446956439826432,NCAA PIONEER,519446958686818304,31,4,364,533363986486435840,1,829,Andy,Dalton,DAL,QB,Active,9
519446956439826432,NCAA PIONEER,519446958686818304,31,5,365,460518714907815936,10,3257,Jacoby,Brissett,IND,QB,Active,4
519446956439826432,NCAA PIONEER,519446958686818304,31,6,366,519460302416203776,4,49,Robbie,Gould,SF,K,Active,15
519446956439826432,NCAA PIONEER,519446958686818304,31,7,367,519664508596187136,6,3832,C.J.,Ham,MIN,RB,Active,4
519446956439826432,NCAA PIONEER,519446958686818304,31,8,368,339931221767249920,8,4454,Kendrick,Bourne,SF,WR,Active,3
519446956439826432,NCAA PIONEER,519446958686818304,31,9,369,363883943780626432,7,2325,Nelson,Agholor,LV,WR,Active,5
519446956439826432,NCAA PIONEER,519446958686818304,31,10,370,519460302416203776,4,6988,Raymond,Calais,TB,RB,Active,0
519446956439826432,NCAA PIONEER,519446958686818304,31,11,371,520008347924234240,9,3503,Geronimo,Allison,DET,WR,Active,4
519446956439826432,NCAA PIONEER,519446958686818304,31,12,372,561684253895716864,5,3297,Tajaé,Sharpe,MIN,WR,Active,4
519446956439826432,NCAA PIONEER,519446958686818304,32,12,373,561684253895716864,5,LV,Las Vegas,Raiders,LV,DEF,,
519446956439826432,NCAA PIONEER,519446958686818304,32,11,374,520008347924234240,9,5111,Javon,Wims,CHI,WR,Active,2
519446956439826432,NCAA PIONEER,519446958686818304,32,10,375,519460302416203776,4,7049,Jauan,Jennings,SF,WR,Active,0
519446956439826432,NCAA PIONEER,519446958686818304,32,9,376,363883943780626432,7,5973,Josh,Oliver,JAX,TE,Active,1
519446956439826432,NCAA PIONEER,519446958686818304,32,8,377,339931221767249920,8,2474,Nick,Boyle,BAL,TE,Active,5
519446956439826432,NCAA PIONEER,519446958686818304,32,7,378,519664508596187136,6,973,Anthony,Sherman,KC,RB,Active,9
519446956439826432,NCAA PIONEER,519446958686818304,32,6,379,519460302416203776,4,7086,John,Hightower,PHI,WR,Active,0
519446956439826432,NCAA PIONEER,519446958686818304,32,5,380,460518714907815936,10,59,Mason,Crosby,GB,K,Active,13
519446956439826432,NCAA PIONEER,519446958686818304,32,4,381,533363986486435840,1,2307,Marcus,Mariota,LV,QB,Active,5
519446956439826432,NCAA PIONEER,519446958686818304,32,3,382,519460302416203776,4,7121,Justin,Rohrwasser,NE,K,Active,0
519446956439826432,NCAA PIONEER,519446958686818304,32,2,383,561634118050308096,3,1592,Darren,Fells,HOU,TE,Active,7
519446956439826432,NCAA PIONEER,519446958686818304,32,1,384,519437931575726080,2,2821,Jake,Kumerow,GB,WR,Active,5
519446956439826432,NCAA PIONEER,519446958686818304,33,1,385,519437931575726080,2,5549,Darrel,Williams,KC,RB,Active,2
519446956439826432,NCAA PIONEER,519446958686818304,33,2,386,561634118050308096,3,4718,Dare,Ogunbowale,TB,RB,Active,3
519446956439826432,NCAA PIONEER,519446958686818304,33,3,387,520108377286893568,11,MIA,Miami,Dolphins,MIA,DEF,,
519446956439826432,NCAA PIONEER,519446958686818304,33,4,388,533363986486435840,1,2025,Albert,Wilson,MIA,WR,Active,6
519446956439826432,NCAA PIONEER,519446958686818304,33,5,389,460518714907815936,10,4464,Nick,Mullens,SF,QB,Active,3
519446956439826432,NCAA PIONEER,519446958686818304,33,6,390,520108377286893568,11,676,LeSean,McCoy,,RB,Inactive,11
519446956439826432,NCAA PIONEER,519446958686818304,33,7,391,519664508596187136,6,1169,Robert,Griffin III,BAL,QB,Active,8
519446956439826432,NCAA PIONEER,519446958686818304,33,8,392,339931221767249920,8,2214,Cameron,Brate,TB,TE,Active,6
519446956439826432,NCAA PIONEER,519446958686818304,33,9,393,363883943780626432,7,4150,Wayne,Gallman,NYG,RB,Active,3
519446956439826432,NCAA PIONEER,519446958686818304,33,10,394,519460302416203776,4,4218,Trent,Taylor,SF,WR,Active,3
519446956439826432,NCAA PIONEER,519446958686818304,33,11,395,520008347924234240,9,5962,KeeSean,Johnson,ARI,WR,Active,1
519446956439826432,NCAA PIONEER,519446958686818304,33,12,396,561684253895716864,5,788,Dion,Lewis,NYG,RB,Active,9
519446956439826432,NCAA PIONEER,519446958686818304,34,12,397,561684253895716864,5,17,Matt,Prater,DET,K,Active,14
519446956439826432,NCAA PIONEER,519446958686818304,34,11,398,520008347924234240,9,6144,Trayveon,Williams,CIN,RB,Active,1
519446956439826432,NCAA PIONEER,519446958686818304,34,10,399,519460302416203776,4,ATL,Atlanta,Falcons,ATL,DEF,,
519446956439826432,NCAA PIONEER,519446958686818304,34,9,400,363883943780626432,7,6920,Isaiah,Hodgins,BUF,WR,Active,0
519446956439826432,NCAA PIONEER,519446958686818304,34,8,401,339931221767249920,8,6744,Greg,Ward,PHI,WR,Active,3
519446956439826432,NCAA PIONEER,519446958686818304,34,7,402,519664508596187136,6,1111,Andrew,Luck,,QB,Inactive,8
519446956439826432,NCAA PIONEER,519446958686818304,34,6,403,533363986486435840,1,1987,Marqise,Lee,NE,WR,Active,6
519446956439826432,NCAA PIONEER,519446958686818304,34,5,404,460518714907815936,10,5985,Foster,Moreau,LV,TE,Active,1
519446956439826432,NCAA PIONEER,519446958686818304,34,4,405,533363986486435840,1,7090,Darnell,Mooney,CHI,WR,Active,0
519446956439826432,NCAA PIONEER,519446958686818304,34,3,406,520108377286893568,11,5296,Elijah,Wellman,GB,RB,Active,2
519446956439826432,NCAA PIONEER,519446958686818304,34,2,407,561634118050308096,3,3433,Alex,Erickson,CIN,WR,Active,4
519446956439826432,NCAA PIONEER,519446958686818304,34,1,408,519437931575726080,2,1034,Brandon,Bolden,NE,RB,Active,8
519446956439826432,NCAA PIONEER,519446958686818304,35,1,409,519437931575726080,2,6012,Travis,Homer,SEA,RB,Active,1
519446956439826432,NCAA PIONEER,519446958686818304,35,2,410,561634118050308096,3,4187,Brian,Hill,ATL,RB,Active,3
519446956439826432,NCAA PIONEER,519446958686818304,35,3,411,520108377286893568,11,CIN,Cincinnati,Bengals,CIN,DEF,,
519446956439826432,NCAA PIONEER,519446958686818304,35,4,412,533363986486435840,1,DET,Detroit,Lions,DET,DEF,,
519446956439826432,NCAA PIONEER,519446958686818304,35,5,413,460518714907815936,10,1387,Rex,Burkhead,NE,RB,Active,7
519446956439826432,NCAA PIONEER,519446958686818304,35,6,414,519664508596187136,6,333,Ryan,Fitzpatrick,MIA,QB,Active,15
519446956439826432,NCAA PIONEER,519446958686818304,35,7,415,519664508596187136,6,2342,Devin,Smith,DAL,WR,Active,5
519446956439826432,NCAA PIONEER,519446958686818304,35,8,416,339931221767249920,8,2822,Adam,Humphries,TEN,WR,Active,5
519446956439826432,NCAA PIONEER,519446958686818304,35,9,417,363883943780626432,7,574,Dez,Bryant,,WR,Inactive,10
519446956439826432,NCAA PIONEER,519446958686818304,35,10,418,519460302416203776,4,6846,Hunter,Bryant,DET,TE,Active,0
519446956439826432,NCAA PIONEER,519446958686818304,35,11,419,520008347924234240,9,4669,Andre,Patton,LAC,WR,Active,3
519446956439826432,NCAA PIONEER,519446958686818304,35,12,420,561684253895716864,5,5374,Justin,Watson,TB,WR,Active,2
519446956439826432,NCAA PIONEER,519446958686818304,36,12,421,561684253895716864,5,5139,Trey,Quinn,WAS,WR,Active,2
519446956439826432,NCAA PIONEER,519446958686818304,36,11,422,520008347924234240,9,3846,Duke,Williams,BUF,WR,Active,4
519446956439826432,NCAA PIONEER,519446958686818304,36,10,423,519460302416203776,4,4274,David,Moore,SEA,WR,Active,3
519446956439826432,NCAA PIONEER,519446958686818304,36,9,424,363883943780626432,7,2334,Phillip,Dorsett II,SEA,WR,Active,5
519446956439826432,NCAA PIONEER,519446958686818304,36,8,425,339931221767249920,8,7135,Freddie,Swain,SEA,WR,Active,0
519446956439826432,NCAA PIONEER,519446958686818304,36,7,426,519664508596187136,6,5127,Kyle,Allen,WAS,QB,Active,2
519446956439826432,NCAA PIONEER,519446958686818304,36,6,427,519664508596187136,6,5289,Cameron,Batson,TEN,WR,Active,2
519446956439826432,NCAA PIONEER,519446958686818304,36,5,428,460518714907815936,10,6045,Gary,Jennings,MIA,WR,Active,1
519446956439826432,NCAA PIONEER,519446958686818304,36,4,429,533363986486435840,1,6926,Brycen,Hopkins,LAR,TE,Active,0
519446956439826432,NCAA PIONEER,519446958686818304,36,3,430,520108377286893568,11,7062,Rodrigo,Blankenship,IND,K,Active,0
519446956439826432,NCAA PIONEER,519446958686818304,36,2,431,561634118050308096,3,2460,C.J.,Uzomah,CIN,TE,Active,5
519446956439826432,NCAA PIONEER,519446958686818304,36,1,432,519437931575726080,2,3332,Andy,Janovich,CLE,RB,Active,4
519446956439826432,NCAA PIONEER,519446958686818304,37,1,433,519437931575726080,2,1984,Allen,Hurns,MIA,WR,Active,6
519446956439826432,NCAA PIONEER,519446958686818304,37,2,434,561634118050308096,3,6918,Salvon,Ahmed,SF,RB,Active,0
519446956439826432,NCAA PIONEER,519446958686818304,37,3,435,520108377286893568,11,6298,Chandler,Cox,MIA,RB,Active,1
519446956439826432,NCAA PIONEER,519446958686818304,37,4,436,533363986486435840,1,5873,Riley,Ridley,CHI,WR,Active,1
519446956439826432,NCAA PIONEER,519446958686818304,37,5,437,460518714907815936,10,6002,Qadree,Ollison,ATL,RB,Active,1
519446956439826432,NCAA PIONEER,519446958686818304,37,6,438,533363986486435840,1,5163,Ryan,Nall,CHI,RB,Active,2
519446956439826432,NCAA PIONEER,519446958686818304,37,7,439,519664508596187136,6,6271,Olamide,Zaccheaus,ATL,WR,Active,1
519446956439826432,NCAA PIONEER,519446958686818304,37,8,440,339931221767249920,8,4147,Samaje,Perine,CIN,RB,Active,3
519446956439826432,NCAA PIONEER,519446958686818304,37,9,441,363883943780626432,7,4351,Tim,Patrick,DEN,WR,Active,3
519446956439826432,NCAA PIONEER,519446958686818304,37,10,442,519460302416203776,4,6898,Anthony,Gordon,SEA,QB,Active,0
519446956439826432,NCAA PIONEER,519446958686818304,37,11,443,520008347924234240,9,1388,Tyler,Eifert,JAX,TE,Active,7
519446956439826432,NCAA PIONEER,519446958686818304,37,12,444,561684253895716864,5,616,Jimmy,Graham,CHI,TE,Active,10
519446956439826432,NCAA PIONEER,519446958686818304,38,12,445,561684253895716864,5,6913,Joe,Reed,LAC,WR,Active,0
519446956439826432,NCAA PIONEER,519446958686818304,38,11,446,520008347924234240,9,5121,Braxton,Berrios,NYJ,WR,Active,2
519446956439826432,NCAA PIONEER,519446958686818304,38,10,447,519460302416203776,4,1425,Ryan,Griffin,NYJ,TE,Active,7
519446956439826432,NCAA PIONEER,519446958686818304,38,9,448,363883943780626432,7,4994,Kalen,Ballage,MIA,RB,Active,2
519446956439826432,NCAA PIONEER,519446958686818304,38,8,449,339931221767249920,8,5284,Jeff,Wilson Jr.,SF,RB,Active,2
519446956439826432,NCAA PIONEER,519446958686818304,38,7,450,519664508596187136,6,4080,Zay,Jones,LV,WR,Active,3
519446956439826432,NCAA PIONEER,519446958686818304,38,6,451,533363986486435840,1,6311,Patrick,Laird,MIA,RB,Active,1
519446956439826432,NCAA PIONEER,519446958686818304,38,5,452,460518714907815936,10,6865,Colby,Parkinson,SEA,TE,Active,0
519446956439826432,NCAA PIONEER,519446958686818304,38,4,453,533363986486435840,1,5162,Reggie,Bonnafon,CAR,RB,Active,2
519446956439826432,NCAA PIONEER,519446958686818304,38,3,454,520108377286893568,11,4335,P.J.,Walker,CAR,QB,Active,3
519446956439826432,NCAA PIONEER,519446958686818304,38,2,455,561634118050308096,3,3827,Aldrick,Rosas,NYG,K,Active,4
519446956439826432,NCAA PIONEER,519446958686818304,38,1,456,519437931575726080,2,6628,Ventell,Bryant,DAL,WR,Active,1
519446956439826432,NCAA PIONEER,519446958686818304,39,1,457,519437931575726080,2,5918,Rodney,Anderson,CIN,RB,Active,1
519446956439826432,NCAA PIONEER,519446958686818304,39,2,458,561634118050308096,3,7066,K.J.,Osborn,MIN,WR,Active,0
519446956439826432,NCAA PIONEER,519446958686818304,39,3,459,520108377286893568,11,3300,DeAndre,Washington,KC,RB,Active,4
519446956439826432,NCAA PIONEER,519446958686818304,39,4,460,533363986486435840,1,7081,James,Morgan,NYJ,QB,Active,0
519446956439826432,NCAA PIONEER,519446958686818304,39,5,461,460518714907815936,10,2673,Damiere,Byrd,NE,WR,Active,5
519446956439826432,NCAA PIONEER,519446958686818304,39,6,462,519664508596187136,6,5980,Myles,Gaskin,MIA,RB,Active,1
519446956439826432,NCAA PIONEER,519446958686818304,39,7,463,519664508596187136,6,5199,Byron,Pringle,KC,WR,Active,2
519446956439826432,NCAA PIONEER,519446958686818304,39,8,464,339931221767249920,8,6650,Chase,McLaughlin,IND,K,Active,1
519446956439826432,NCAA PIONEER,519446958686818304,39,9,465,363883943780626432,7,5250,Robert,Foster,BUF,WR,Active,2
519446956439826432,NCAA PIONEER,519446958686818304,39,10,466,519460302416203776,4,4972,Mason,Rudolph,PIT,QB,Active,2
519446956439826432,NCAA PIONEER,519446958686818304,39,11,467,520008347924234240,9,2487,Geremy,Davis,DET,WR,Active,5
519446956439826432,NCAA PIONEER,519446958686818304,39,12,468,561684253895716864,5,6153,Dexter,Williams,GB,RB,Active,1
519446956439826432,NCAA PIONEER,519446958686818304,40,12,469,561684253895716864,5,3328,Rashard,Higgins,CLE,WR,Active,4
519446956439826432,NCAA PIONEER,519446958686818304,40,11,470,520008347924234240,9,2341,T.J.,Yeldon,BUF,RB,Active,5
519446956439826432,NCAA PIONEER,519446958686818304,40,10,471,561634118050308096,3,5101,Deon,Cain,PIT,WR,Active,2
519446956439826432,NCAA PIONEER,519446958686818304,40,9,472,363883943780626432,7,6039,Ty,Johnson,DET,RB,Active,1
519446956439826432,NCAA PIONEER,519446958686818304,40,8,473,339931221767249920,8,4221,Jeremy,Sprinkle,WAS,TE,Active,3
519446956439826432,NCAA PIONEER,519446958686818304,40,7,474,519664508596187136,6,188,Eli,Manning,,QB,Inactive,16
519446956439826432,NCAA PIONEER,519446958686818304,40,6,475,561634118050308096,3,4622,Keelan,Cole,JAX,WR,Active,3
519446956439826432,NCAA PIONEER,519446958686818304,40,5,476,460518714907815936,10,5100,Jordan,Wilkins,IND,RB,Active,2
519446956439826432,NCAA PIONEER,519446958686818304,40,4,477,519460302416203776,4,NYJ,New York,Jets,NYJ,DEF,,
519446956439826432,NCAA PIONEER,519446958686818304,40,3,478,520108377286893568,11,6959,Levante,Bellamy,DEN,RB,Active,0
519446956439826432,NCAA PIONEER,519446958686818304,40,2,479,561634118050308096,3,1567,Tavon,Austin,,RB,Inactive,7
519446956439826432,NCAA PIONEER,519446958686818304,40,1,480,519437931575726080,2,4177,Mack,Hollins,MIA,WR,Active,3
552229388243996672,NCAA SOUTHLAND,552229390069239808,1,1,1,383710135802970112,7,4034,Christian,McCaffrey,CAR,RB,Active,3
552229388243996672,NCAA SOUTHLAND,552229390069239808,1,2,2,531614973867212800,3,4866,Saquon,Barkley,NYG,RB,Active,2
552229388243996672,NCAA SOUTHLAND,552229390069239808,1,3,3,540026011221139456,1,3164,Ezekiel,Elliott,DAL,RB,Active,4
552229388243996672,NCAA SOUTHLAND,552229390069239808,1,4,4,483704297222041600,5,4035,Alvin,Kamara,NO,RB,Active,3
552229388243996672,NCAA SOUTHLAND,552229390069239808,1,5,5,534619662650601472,10,4029,Dalvin,Cook,MIN,RB,Active,3
552229388243996672,NCAA SOUTHLAND,552229390069239808,1,6,6,450806182555152384,9,3199,Michael,Thomas,NO,WR,Active,4
552229388243996672,NCAA SOUTHLAND,552229390069239808,1,7,7,392717914706337792,12,1426,DeAndre,Hopkins,ARI,WR,Active,7
552229388243996672,NCAA SOUTHLAND,552229390069239808,1,8,8,460518714907815936,8,3321,Tyreek,Hill,KC,WR,Active,4
552229388243996672,NCAA SOUTHLAND,552229390069239808,1,9,9,77300101038882816,6,4988,Nick,Chubb,CLE,RB,Active,2
552229388243996672,NCAA SOUTHLAND,552229390069239808,1,10,10,376262422366896128,11,4037,Chris,Godwin,TB,WR,Active,3
552229388243996672,NCAA SOUTHLAND,552229390069239808,1,11,11,76457435317288960,2,2133,Davante,Adams,GB,WR,Active,6
552229388243996672,NCAA SOUTHLAND,552229390069239808,1,12,12,421757803934273536,4,5850,Josh,Jacobs,LV,RB,Active,1
552229388243996672,NCAA SOUTHLAND,552229390069239808,2,12,13,421757803934273536,4,4046,Patrick,Mahomes,KC,QB,Active,3
552229388243996672,NCAA SOUTHLAND,552229390069239808,2,11,14,76457435317288960,2,4018,Joe,Mixon,CIN,RB,Active,3
552229388243996672,NCAA SOUTHLAND,552229390069239808,2,10,15,376262422366896128,11,5859,A.J.,Brown,TEN,WR,Active,1
552229388243996672,NCAA SOUTHLAND,552229390069239808,2,9,16,77300101038882816,6,6813,Jonathan,Taylor,IND,RB,Active,0
552229388243996672,NCAA SOUTHLAND,552229390069239808,2,8,17,460518714907815936,8,3198,Derrick,Henry,TEN,RB,Active,4
552229388243996672,NCAA SOUTHLAND,552229390069239808,2,7,18,392717914706337792,12,6151,Miles,Sanders,PHI,RB,Active,1
552229388243996672,NCAA SOUTHLAND,552229390069239808,2,6,19,450806182555152384,9,6820,Clyde,Edwards-Helaire,KC,RB,Active,0
552229388243996672,NCAA SOUTHLAND,552229390069239808,2,5,20,483704297222041600,5,4983,D.J.,Moore,CAR,WR,Active,2
552229388243996672,NCAA SOUTHLAND,552229390069239808,2,4,21,534619662650601472,10,4663,Austin,Ekeler,LAC,RB,Active,3
552229388243996672,NCAA SOUTHLAND,552229390069239808,2,3,22,540026011221139456,1,3242,Kenyan,Drake,ARI,RB,Active,4
552229388243996672,NCAA SOUTHLAND,552229390069239808,2,2,23,531614973867212800,3,4881,Lamar,Jackson,BAL,QB,Active,2
552229388243996672,NCAA SOUTHLAND,552229390069239808,2,1,24,383710135802970112,7,3969,Leonard,Fournette,JAX,RB,Active,3
552229388243996672,NCAA SOUTHLAND,552229390069239808,3,1,25,383710135802970112,7,2216,Mike,Evans,TB,WR,Active,6
552229388243996672,NCAA SOUTHLAND,552229390069239808,3,2,26,531614973867212800,3,6790,D'Andre,Swift,DET,RB,Active,0
552229388243996672,NCAA SOUTHLAND,552229390069239808,3,3,27,540026011221139456,1,5846,DK,Metcalf,SEA,WR,Active,1
552229388243996672,NCAA SOUTHLAND,552229390069239808,3,4,28,534619662650601472,10,5849,Kyler,Murray,ARI,QB,Active,1
552229388243996672,NCAA SOUTHLAND,552229390069239808,3,5,29,483704297222041600,5,4131,Kenny,Golladay,DET,WR,Active,3
552229388243996672,NCAA SOUTHLAND,552229390069239808,3,6,30,450806182555152384,9,4199,Aaron,Jones,GB,RB,Active,3
552229388243996672,NCAA SOUTHLAND,552229390069239808,3,7,31,392717914706337792,12,4040,JuJu,Smith-Schuster,PIT,WR,Active,3
552229388243996672,NCAA SOUTHLAND,552229390069239808,3,8,32,460518714907815936,8,2309,Amari,Cooper,DAL,WR,Active,5
552229388243996672,NCAA SOUTHLAND,552229390069239808,3,9,33,77300101038882816,6,6806,J.K.,Dobbins,BAL,RB,Active,0
552229388243996672,NCAA SOUTHLAND,552229390069239808,3,10,34,376262422366896128,11,4039,Cooper,Kupp,LAR,WR,Active,3
552229388243996672,NCAA SOUTHLAND,552229390069239808,3,11,35,76457435317288960,2,947,Julio,Jones,ATL,WR,Active,9
552229388243996672,NCAA SOUTHLAND,552229390069239808,3,12,36,421757803934273536,4,4217,George,Kittle,SF,TE,Active,3
552229388243996672,NCAA SOUTHLAND,552229390069239808,4,12,37,421757803934273536,4,4981,Calvin,Ridley,ATL,WR,Active,2
552229388243996672,NCAA SOUTHLAND,552229390069239808,4,11,38,76457435317288960,2,1466,Travis,Kelce,KC,TE,Active,7
552229388243996672,NCAA SOUTHLAND,552229390069239808,4,10,39,376262422366896128,11,2320,Melvin,Gordon III,DEN,RB,Active,5
552229388243996672,NCAA SOUTHLAND,552229390069239808,4,9,40,77300101038882816,6,2078,Odell,Beckham Jr.,CLE,WR,Active,6
552229388243996672,NCAA SOUTHLAND,552229390069239808,4,8,41,460518714907815936,8,6783,Jerry,Jeudy,DEN,WR,Active,0
552229388243996672,NCAA SOUTHLAND,552229390069239808,4,7,42,392717914706337792,12,2315,Todd,Gurley II,ATL,RB,Active,5
552229388243996672,NCAA SOUTHLAND,552229390069239808,4,6,43,450806182555152384,9,5045,Courtland,Sutton,DEN,WR,Active,2
552229388243996672,NCAA SOUTHLAND,552229390069239808,4,5,44,483704297222041600,5,5892,David,Montgomery,CHI,RB,Active,1
552229388243996672,NCAA SOUTHLAND,552229390069239808,4,4,45,534619662650601472,10,6130,Devin,Singletary,BUF,RB,Active,1
552229388243996672,NCAA SOUTHLAND,552229390069239808,4,3,46,540026011221139456,1,1992,Allen,Robinson II,CHI,WR,Active,6
552229388243996672,NCAA SOUTHLAND,552229390069239808,4,2,47,531614973867212800,3,6938,Cam,Akers,LAR,RB,Active,0
552229388243996672,NCAA SOUTHLAND,552229390069239808,4,1,48,383710135802970112,7,4951,DJ,Chark Jr.,JAX,WR,Active,2
552229388243996672,NCAA SOUTHLAND,552229390069239808,5,1,49,383710135802970112,7,4273,Chris,Carson,SEA,RB,Active,3
552229388243996672,NCAA SOUTHLAND,552229390069239808,5,2,50,531614973867212800,3,1479,Keenan,Allen,LAC,WR,Active,7
552229388243996672,NCAA SOUTHLAND,552229390069239808,5,3,51,540026011221139456,1,2449,Stefon,Diggs,BUF,WR,Active,5
552229388243996672,NCAA SOUTHLAND,552229390069239808,5,4,52,77300101038882816,6,5927,Terry,McLaurin,WAS,WR,Active,1
552229388243996672,NCAA SOUTHLAND,552229390069239808,5,5,53,483704297222041600,5,5012,Mark,Andrews,BAL,TE,Active,2
552229388243996672,NCAA SOUTHLAND,552229390069239808,5,6,54,383710135802970112,7,2374,Tyler,Lockett,SEA,WR,Active,5
552229388243996672,NCAA SOUTHLAND,552229390069239808,5,7,55,392717914706337792,12,6786,CeeDee,Lamb,DAL,WR,Active,0
552229388243996672,NCAA SOUTHLAND,552229390069239808,5,8,56,460518714907815936,8,6789,Henry,Ruggs III,LV,WR,Active,0
552229388243996672,NCAA SOUTHLAND,552229390069239808,5,9,57,77300101038882816,6,5872,Deebo,Samuel,SF,WR,Active,1
552229388243996672,NCAA SOUTHLAND,552229390069239808,5,10,58,376262422366896128,11,4098,Kareem,Hunt,CLE,RB,Active,3
552229388243996672,NCAA SOUTHLAND,552229390069239808,5,11,59,76457435317288960,2,1408,Le'Veon,Bell,NYJ,RB,Active,7
552229388243996672,NCAA SOUTHLAND,552229390069239808,5,12,60,421757803934273536,4,4137,James,Conner,PIT,RB,Active,3
552229388243996672,NCAA SOUTHLAND,552229390069239808,6,12,61,421757803934273536,4,3225,Tyler,Boyd,CIN,WR,Active,4
552229388243996672,NCAA SOUTHLAND,552229390069239808,6,11,62,76457435317288960,2,6798,Jalen,Reagor,PHI,WR,Active,0
552229388243996672,NCAA SOUTHLAND,552229390069239808,6,10,63,376262422366896128,11,6819,Michael,Pittman,IND,WR,Active,0
552229388243996672,NCAA SOUTHLAND,552229390069239808,6,9,64,534619662650601472,10,6794,Justin,Jefferson,MIN,WR,Active,0
552229388243996672,NCAA SOUTHLAND,552229390069239808,6,8,65,460518714907815936,8,4017,Deshaun,Watson,HOU,QB,Active,3
552229388243996672,NCAA SOUTHLAND,552229390069239808,6,7,66,392717914706337792,12,6885,Ke'Shawn,Vaughn,TB,RB,Active,0
552229388243996672,NCAA SOUTHLAND,552229390069239808,6,6,67,450806182555152384,9,3294,Dak,Prescott,DAL,QB,Active,4
552229388243996672,NCAA SOUTHLAND,552229390069239808,6,5,68,483704297222041600,5,2319,DeVante,Parker,MIA,WR,Active,5
552229388243996672,NCAA SOUTHLAND,552229390069239808,6,4,69,534619662650601472,10,5052,Ronald,Jones II,TB,RB,Active,2
552229388243996672,NCAA SOUTHLAND,552229390069239808,6,3,70,540026011221139456,1,2749,Raheem,Mostert,SF,RB,Active,5
552229388243996672,NCAA SOUTHLAND,552229390069239808,6,2,71,531614973867212800,3,1689,Adam,Thielen,MIN,WR,Active,7
552229388243996672,NCAA SOUTHLAND,552229390069239808,6,1,72,450806182555152384,9,1352,Robert,Woods,LAR,WR,Active,7
552229388243996672,NCAA SOUTHLAND,552229390069239808,7,1,73,383710135802970112,7,4984,Josh,Allen,BUF,QB,Active,2
552229388243996672,NCAA SOUTHLAND,552229390069239808,7,2,74,531614973867212800,3,1825,Jarvis,Landry,CLE,WR,Active,6
552229388243996672,NCAA SOUTHLAND,552229390069239808,7,3,75,540026011221139456,1,5857,Noah,Fant,DEN,TE,Active,1
552229388243996672,NCAA SOUTHLAND,552229390069239808,7,4,76,534619662650601472,10,5844,T.J.,Hockenson,DET,TE,Active,1
552229388243996672,NCAA SOUTHLAND,552229390069239808,7,5,77,483704297222041600,5,5848,Marquise,Brown,BAL,WR,Active,1
552229388243996672,NCAA SOUTHLAND,552229390069239808,7,6,78,450806182555152384,9,1339,Zach,Ertz,PHI,TE,Active,7
552229388243996672,NCAA SOUTHLAND,552229390069239808,7,7,79,392717914706337792,12,4950,Christian,Kirk,ARI,WR,Active,2
552229388243996672,NCAA SOUTHLAND,552229390069239808,7,8,80,460518714907815936,8,4949,Derrius,Guice,WAS,RB,Active,2
552229388243996672,NCAA SOUTHLAND,552229390069239808,7,9,81,77300101038882816,6,6849,Denzel,Mims,NYJ,WR,Active,0
552229388243996672,NCAA SOUTHLAND,552229390069239808,7,10,82,376262422366896128,11,6801,Tee,Higgins,CIN,WR,Active,0
552229388243996672,NCAA SOUTHLAND,552229390069239808,7,11,83,76457435317288960,2,956,Mark,Ingram II,BAL,RB,Active,9
552229388243996672,NCAA SOUTHLAND,552229390069239808,7,12,84,421757803934273536,4,5878,N'Keal,Harry,NE,WR,Active,1
552229388243996672,NCAA SOUTHLAND,552229390069239808,8,12,85,421757803934273536,4,4962,Sony,Michel,NE,RB,Active,2
552229388243996672,NCAA SOUTHLAND,552229390069239808,8,11,86,76457435317288960,2,1110,T.Y.,Hilton,IND,WR,Active,8
552229388243996672,NCAA SOUTHLAND,552229390069239808,8,10,87,376262422366896128,11,6149,Darius,Slayton,NYG,WR,Active,1
552229388243996672,NCAA SOUTHLAND,552229390069239808,8,9,88,77300101038882816,6,5068,Kerryon,Johnson,DET,RB,Active,2
552229388243996672,NCAA SOUTHLAND,552229390069239808,8,8,89,460518714907815936,8,2391,David,Johnson,HOU,RB,Active,5
552229388243996672,NCAA SOUTHLAND,552229390069239808,8,7,90,392717914706337792,12,1234,Russell,Wilson,SEA,QB,Active,8
552229388243996672,NCAA SOUTHLAND,552229390069239808,8,6,91,450806182555152384,9,5038,Michael,Gallup,DAL,WR,Active,2
552229388243996672,NCAA SOUTHLAND,552229390069239808,8,5,92,483704297222041600,5,2197,Brandin,Cooks,HOU,WR,Active,6
552229388243996672,NCAA SOUTHLAND,552229390069239808,8,4,93,534619662650601472,10,4068,Mike,Williams,LAC,WR,Active,3
552229388243996672,NCAA SOUTHLAND,552229390069239808,8,3,94,540026011221139456,1,4455,Matt,Breida,MIA,RB,Active,3
552229388243996672,NCAA SOUTHLAND,552229390069239808,8,2,95,531614973867212800,3,4066,Evan,Engram,NYG,TE,Active,3
552229388243996672,NCAA SOUTHLAND,552229390069239808,8,1,96,383710135802970112,7,2505,Darren,Waller,LV,TE,Active,5
552229388243996672,NCAA SOUTHLAND,552229390069239808,9,1,97,450806182555152384,9,3214,Hunter,Henry,LAC,TE,Active,4
552229388243996672,NCAA SOUTHLAND,552229390069239808,9,2,98,531614973867212800,3,5917,Mecole,Hardman,KC,WR,Active,1
552229388243996672,NCAA SOUTHLAND,552229390069239808,9,3,99,540026011221139456,1,6803,Brandon,Aiyuk,SF,WR,Active,0
552229388243996672,NCAA SOUTHLAND,552229390069239808,9,4,100,534619662650601472,10,6148,Preston,Williams,MIA,WR,Active,1
552229388243996672,NCAA SOUTHLAND,552229390069239808,9,5,101,483704297222041600,5,5937,Diontae,Johnson,PIT,WR,Active,1
552229388243996672,NCAA SOUTHLAND,552229390069239808,9,6,102,483704297222041600,5,6814,Laviska,Shenault Jr.,JAX,WR,Active,0
552229388243996672,NCAA SOUTHLAND,552229390069239808,9,7,103,392717914706337792,12,3271,Tyler,Higbee,LAR,TE,Active,4
552229388243996672,NCAA SOUTHLAND,552229390069239808,9,8,104,460518714907815936,8,3202,Austin,Hooper,CLE,TE,Active,4
552229388243996672,NCAA SOUTHLAND,552229390069239808,9,9,105,77300101038882816,6,3157,Will,Fuller V,HOU,WR,Active,4
552229388243996672,NCAA SOUTHLAND,552229390069239808,9,10,106,376262422366896128,11,6870,Bryan,Edwards,LV,WR,Active,0
552229388243996672,NCAA SOUTHLAND,552229390069239808,9,11,107,76457435317288960,2,830,A.J.,Green,CIN,WR,Active,9
552229388243996672,NCAA SOUTHLAND,552229390069239808,9,12,108,421757803934273536,4,5022,Dallas,Goedert,PHI,TE,Active,2
552229388243996672,NCAA SOUTHLAND,552229390069239808,10,12,109,421757803934273536,4,5987,Alexander,Mattison,MIN,RB,Active,1
552229388243996672,NCAA SOUTHLAND,552229390069239808,10,11,110,76457435317288960,2,6845,Zack,Moss,BUF,RB,Active,0
552229388243996672,NCAA SOUTHLAND,552229390069239808,10,10,111,376262422366896128,11,5170,Phillip,Lindsay,DEN,RB,Active,2
552229388243996672,NCAA SOUTHLAND,552229390069239808,10,9,112,77300101038882816,6,3200,Sterling,Shepard,NYG,WR,Active,4
552229388243996672,NCAA SOUTHLAND,552229390069239808,10,8,113,460518714907815936,8,4993,Mike,Gesicki,MIA,TE,Active,2
552229388243996672,NCAA SOUTHLAND,552229390069239808,10,7,114,392717914706337792,12,4082,Curtis,Samuel,CAR,WR,Active,3
552229388243996672,NCAA SOUTHLAND,552229390069239808,10,6,115,450806182555152384,9,5916,Darrell,Henderson Jr.,LAR,RB,Active,1
552229388243996672,NCAA SOUTHLAND,552229390069239808,10,5,116,450806182555152384,9,4152,Marlon,Mack,IND,RB,Active,3
552229388243996672,NCAA SOUTHLAND,552229390069239808,10,4,117,534619662650601472,10,6878,Anthony,McFarland Jr.,PIT,RB,Active,0
552229388243996672,NCAA SOUTHLAND,552229390069239808,10,3,118,540026011221139456,1,24,Matt,Ryan,ATL,QB,Active,12
552229388243996672,NCAA SOUTHLAND,552229390069239808,10,2,119,531614973867212800,3,4157,Tarik,Cohen,CHI,RB,Active,3
552229388243996672,NCAA SOUTHLAND,552229390069239808,10,1,120,383710135802970112,7,5870,Daniel,Jones,NYG,QB,Active,1
552229388243996672,NCAA SOUTHLAND,552229390069239808,11,1,121,383710135802970112,7,BAL,Baltimore,Ravens,BAL,DEF,,
552229388243996672,NCAA SOUTHLAND,552229390069239808,11,2,122,531614973867212800,3,344,Julian,Edelman,NE,WR,Active,11
552229388243996672,NCAA SOUTHLAND,552229390069239808,11,3,123,540026011221139456,1,3306,Jordan,Howard,MIA,RB,Active,4
552229388243996672,NCAA SOUTHLAND,552229390069239808,11,4,124,534619662650601472,10,6770,Joe,Burrow,CIN,QB,Active,0
552229388243996672,NCAA SOUTHLAND,552229390069239808,11,5,125,483704297222041600,5,3161,Carson,Wentz,PHI,QB,Active,4
552229388243996672,NCAA SOUTHLAND,552229390069239808,11,6,126,450806182555152384,9,1067,Marvin,Jones Jr.,DET,WR,Active,8
552229388243996672,NCAA SOUTHLAND,552229390069239808,11,7,127,392717914706337792,12,3423,Robby,Anderson,CAR,WR,Active,4
552229388243996672,NCAA SOUTHLAND,552229390069239808,11,8,128,460518714907815936,8,6768,Tua,Tagovailoa,MIA,QB,Active,0
552229388243996672,NCAA SOUTHLAND,552229390069239808,11,9,129,77300101038882816,6,4892,Baker,Mayfield,CLE,QB,Active,2
552229388243996672,NCAA SOUTHLAND,552229390069239808,11,10,130,376262422366896128,11,6126,Irv,Smith Jr.,MIN,TE,Active,1
552229388243996672,NCAA SOUTHLAND,552229390069239808,11,11,131,76457435317288960,2,6886,Chase,Claypool,PIT,WR,Active,0
552229388243996672,NCAA SOUTHLAND,552229390069239808,11,12,132,421757803934273536,4,1848,James,White,NE,RB,Active,6
552229388243996672,NCAA SOUTHLAND,552229390069239808,12,12,133,421757803934273536,4,2410,Jamison,Crowder,NYJ,WR,Active,5
552229388243996672,NCAA SOUTHLAND,552229390069239808,12,11,134,76457435317288960,2,96,Aaron,Rodgers,GB,QB,Active,15
552229388243996672,NCAA SOUTHLAND,552229390069239808,12,10,135,376262422366896128,11,5854,Drew,Lock,DEN,QB,Active,1
552229388243996672,NCAA SOUTHLAND,552229390069239808,12,9,136,77300101038882816,6,6828,A.J.,Dillon,GB,RB,Active,0
552229388243996672,NCAA SOUTHLAND,552229390069239808,12,8,137,460518714907815936,8,5000,Chase,Edmonds,ARI,RB,Active,2
552229388243996672,NCAA SOUTHLAND,552229390069239808,12,7,138,392717914706337792,12,642,Golden,Tate,NYG,WR,Active,10
552229388243996672,NCAA SOUTHLAND,552229390069239808,12,6,139,450806182555152384,9,3163,Jared,Goff,LAR,QB,Active,4
552229388243996672,NCAA SOUTHLAND,552229390069239808,12,5,140,483704297222041600,5,2378,Tevin,Coleman,SF,RB,Active,5
552229388243996672,NCAA SOUTHLAND,552229390069239808,12,4,141,534619662650601472,10,6906,Antonio,Gandy-Golden,WAS,WR,Active,0
552229388243996672,NCAA SOUTHLAND,552229390069239808,12,3,142,540026011221139456,1,4144,Jonnu,Smith,TEN,TE,Active,3
552229388243996672,NCAA SOUTHLAND,552229390069239808,12,2,143,531614973867212800,3,421,Matthew,Stafford,DET,QB,Active,11
552229388243996672,NCAA SOUTHLAND,552229390069239808,12,1,144,383710135802970112,7,1833,Damien,Williams,KC,RB,Active,6
552229388243996672,NCAA SOUTHLAND,552229390069239808,13,1,145,383710135802970112,7,538,Emmanuel,Sanders,NO,WR,Active,10
552229388243996672,NCAA SOUTHLAND,552229390069239808,13,2,146,531614973867212800,3,6945,Antonio,Gibson,WAS,RB,Active,0
552229388243996672,NCAA SOUTHLAND,552229390069239808,13,3,147,540026011221139456,1,289,Drew,Brees,NO,QB,Active,19
552229388243996672,NCAA SOUTHLAND,552229390069239808,13,4,148,534619662650601472,10,6824,Donovan,Peoples-Jones,CLE,WR,Active,0
552229388243996672,NCAA SOUTHLAND,552229390069239808,13,5,149,483704297222041600,5,7064,Darrynton,Evans,TEN,RB,Active,0
552229388243996672,NCAA SOUTHLAND,552229390069239808,13,6,150,450806182555152384,9,5013,Anthony,Miller,CHI,WR,Active,2
552229388243996672,NCAA SOUTHLAND,552229390069239808,13,7,151,392717914706337792,12,536,Antonio,Brown,,WR,Inactive,10
552229388243996672,NCAA SOUTHLAND,552229390069239808,13,8,152,460518714907815936,8,5955,Hunter,Renfrow,LV,WR,Active,1
552229388243996672,NCAA SOUTHLAND,552229390069239808,13,9,153,77300101038882816,6,4995,Ian,Thomas,CAR,TE,Active,2
552229388243996672,NCAA SOUTHLAND,552229390069239808,13,10,154,376262422366896128,11,4985,Rashaad,Penny,SEA,RB,Active,2
552229388243996672,NCAA SOUTHLAND,552229390069239808,13,11,155,76457435317288960,2,4973,Hayden,Hurst,ATL,TE,Active,2
552229388243996672,NCAA SOUTHLAND,552229390069239808,13,12,156,421757803934273536,4,NE,New England,Patriots,NE,DEF,,
552229388243996672,NCAA SOUTHLAND,552229390069239808,14,12,157,421757803934273536,4,5967,Tony,Pollard,DAL,RB,Active,1
552229388243996672,NCAA SOUTHLAND,552229390069239808,14,11,158,76457435317288960,2,6908,Lamical,Perine,NYJ,RB,Active,0
552229388243996672,NCAA SOUTHLAND,552229390069239808,14,10,159,376262422366896128,11,1049,Ryan,Tannehill,TEN,QB,Active,8
552229388243996672,NCAA SOUTHLAND,552229390069239808,14,9,160,77300101038882816,6,6797,Justin,Herbert,LAC,QB,Active,0
552229388243996672,NCAA SOUTHLAND,552229390069239808,14,8,161,460518714907815936,8,BUF,Buffalo,Bills,BUF,DEF,,
552229388243996672,NCAA SOUTHLAND,552229390069239808,14,7,162,392717914706337792,12,PIT,Pittsburgh,Steelers,PIT,DEF,,
552229388243996672,NCAA SOUTHLAND,552229390069239808,14,6,163,450806182555152384,9,SF,San Francisco,49ers,SF,DEF,,
552229388243996672,NCAA SOUTHLAND,552229390069239808,14,5,164,483704297222041600,5,7045,Joshua,Kelley,LAC,RB,Active,0
552229388243996672,NCAA SOUTHLAND,552229390069239808,14,4,165,534619662650601472,10,4227,Harrison,Butker,KC,K,Active,3
552229388243996672,NCAA SOUTHLAND,552229390069239808,14,3,166,540026011221139456,1,2382,Duke,Johnson,HOU,RB,Active,5
552229388243996672,NCAA SOUTHLAND,552229390069239808,14,2,167,531614973867212800,3,5347,Nyheim,Hines,IND,RB,Active,2
552229388243996672,NCAA SOUTHLAND,552229390069239808,14,1,168,383710135802970112,7,515,Rob,Gronkowski,TB,TE,Active,10
552229388243996672,NCAA SOUTHLAND,552229390069239808,15,1,169,383710135802970112,7,4038,John,Ross III,CIN,WR,Active,3
552229388243996672,NCAA SOUTHLAND,552229390069239808,15,2,170,531614973867212800,3,4571,Blake,Jarwin,DAL,TE,Active,3
552229388243996672,NCAA SOUTHLAND,552229390069239808,15,3,171,540026011221139456,1,2238,John,Brown,BUF,WR,Active,6
552229388243996672,NCAA SOUTHLAND,552229390069239808,15,4,172,534619662650601472,10,TB,Tampa Bay,Buccaneers,TB,DEF,,
552229388243996672,NCAA SOUTHLAND,552229390069239808,15,5,173,450806182555152384,9,6007,Ryquell,Armstead,JAX,RB,Active,1
552229388243996672,NCAA SOUTHLAND,552229390069239808,15,6,174,450806182555152384,9,3678,Wil,Lutz,NO,K,Active,4
552229388243996672,NCAA SOUTHLAND,552229390069239808,15,7,175,392717914706337792,12,1166,Kirk,Cousins,MIN,QB,Active,8
552229388243996672,NCAA SOUTHLAND,552229390069239808,15,8,176,460518714907815936,8,6805,K.J.,Hamler,DEN,WR,Active,0
552229388243996672,NCAA SOUTHLAND,552229390069239808,15,9,177,77300101038882816,6,5880,Parris,Campbell,IND,WR,Active,1
552229388243996672,NCAA SOUTHLAND,552229390069239808,15,10,178,376262422366896128,11,5890,Damien,Harris,NE,RB,Active,1
552229388243996672,NCAA SOUTHLAND,552229390069239808,15,11,179,76457435317288960,2,6853,Van,Jefferson,LAR,WR,Active,0
552229388243996672,NCAA SOUTHLAND,552229390069239808,15,12,180,421757803934273536,4,5024,James,Washington,PIT,WR,Active,2
552229388243996672,NCAA SOUTHLAND,552229390069239808,16,12,181,421757803934273536,4,2583,Tyrell,Williams,LV,WR,Active,5
552229388243996672,NCAA SOUTHLAND,552229390069239808,16,11,182,76457435317288960,2,6847,Devin,Duvernay,BAL,WR,Active,0
552229388243996672,NCAA SOUTHLAND,552229390069239808,16,10,183,376262422366896128,11,4233,Zane,Gonzalez,ARI,K,Active,3
552229388243996672,NCAA SOUTHLAND,552229390069239808,16,9,184,77300101038882816,6,5131,Justin,Jackson,LAC,RB,Active,2
552229388243996672,NCAA SOUTHLAND,552229390069239808,16,8,185,460518714907815936,8,1264,Justin,Tucker,BAL,K,Active,8
552229388243996672,NCAA SOUTHLAND,552229390069239808,16,7,186,392717914706337792,12,6011,Gardner,Minshew II,JAX,QB,Active,1
552229388243996672,NCAA SOUTHLAND,552229390069239808,16,6,187,450806182555152384,9,4055,O.J.,Howard,TB,TE,Active,3
552229388243996672,NCAA SOUTHLAND,552229390069239808,16,5,188,483704297222041600,5,367,Jared,Cook,NO,TE,Active,11
552229388243996672,NCAA SOUTHLAND,552229390069239808,16,4,189,534619662650601472,10,6904,Jalen,Hurts,PHI,QB,Active,0
552229388243996672,NCAA SOUTHLAND,552229390069239808,16,3,190,540026011221139456,1,2168,Devonta,Freeman,,RB,Inactive,6
552229388243996672,NCAA SOUTHLAND,552229390069239808,16,2,191,531614973867212800,3,4943,Sam,Darnold,NYJ,QB,Active,2
552229388243996672,NCAA SOUTHLAND,552229390069239808,16,1,192,383710135802970112,7,LAC,Los Angeles,Chargers,LAC,DEF,,
552229388243996672,NCAA SOUTHLAND,552229390069239808,17,1,193,383710135802970112,7,2118,Eric,Ebron,PIT,TE,Active,6
552229388243996672,NCAA SOUTHLAND,552229390069239808,17,2,194,531614973867212800,3,6139,Jace,Sternberger,GB,TE,Active,1
552229388243996672,NCAA SOUTHLAND,552229390069239808,17,3,195,540026011221139456,1,IND,Indianapolis,Colts,IND,DEF,,
552229388243996672,NCAA SOUTHLAND,552229390069239808,17,4,196,534619662650601472,10,6804,Jordan,Love,GB,QB,Active,0
552229388243996672,NCAA SOUTHLAND,552229390069239808,17,5,197,483704297222041600,5,167,Tom,Brady,TB,QB,Active,20
552229388243996672,NCAA SOUTHLAND,552229390069239808,17,6,198,450806182555152384,9,1837,Jimmy,Garoppolo,SF,QB,Active,6
552229388243996672,NCAA SOUTHLAND,552229390069239808,17,7,199,392717914706337792,12,5010,Will,Dissly,SEA,TE,Active,2
552229388243996672,NCAA SOUTHLAND,552229390069239808,17,8,200,460518714907815936,8,4171,Josh,Reynolds,LAR,WR,Active,3
552229388243996672,NCAA SOUTHLAND,552229390069239808,17,9,201,77300101038882816,6,6826,Cole,Kmet,CHI,TE,Active,0
552229388243996672,NCAA SOUTHLAND,552229390069239808,17,10,202,376262422366896128,11,5911,Jalen,Hurd,SF,WR,Active,1
552229388243996672,NCAA SOUTHLAND,552229390069239808,17,11,203,534619662650601472,10,6869,Adam,Trautman,NO,TE,Active,0
552229388243996672,NCAA SOUTHLAND,552229390069239808,17,12,204,421757803934273536,4,138,Ben,Roethlisberger,PIT,QB,Active,16
552229388243996672,NCAA SOUTHLAND,552229390069239808,18,12,205,421757803934273536,4,5185,Allen,Lazard,GB,WR,Active,2
552229388243996672,NCAA SOUTHLAND,552229390069239808,18,11,206,76457435317288960,2,6956,Devin,Asiasi,NE,TE,Active,0
552229388243996672,NCAA SOUTHLAND,552229390069239808,18,10,207,376262422366896128,11,LAR,Los Angeles,Rams,LAR,DEF,,
552229388243996672,NCAA SOUTHLAND,552229390069239808,18,9,208,77300101038882816,6,6931,DeeJay,Dallas,SEA,RB,Active,0
552229388243996672,NCAA SOUTHLAND,552229390069239808,18,8,209,460518714907815936,8,5995,Justice,Hill,BAL,RB,Active,1
552229388243996672,NCAA SOUTHLAND,552229390069239808,18,7,210,392717914706337792,12,5889,Bryce,Love,WAS,RB,Active,1
552229388243996672,NCAA SOUTHLAND,552229390069239808,18,6,211,534619662650601472,10,NO,New Orleans,Saints,NO,DEF,,
552229388243996672,NCAA SOUTHLAND,552229390069239808,18,5,212,483704297222041600,5,KC,Kansas City,Chiefs,KC,DEF,,
552229388243996672,NCAA SOUTHLAND,552229390069239808,18,4,213,76457435317288960,2,6960,Tyler,Johnson,TB,WR,Active,0
552229388243996672,NCAA SOUTHLAND,552229390069239808,18,3,214,540026011221139456,1,2028,Derek,Carr,LV,QB,Active,6
552229388243996672,NCAA SOUTHLAND,552229390069239808,18,2,215,531614973867212800,3,6909,Lynn,Bowden Jr.,LV,RB,Active,0
552229388243996672,NCAA SOUTHLAND,552229390069239808,18,1,216,383710135802970112,7,1817,Sammy,Watkins,KC,WR,Active,6
552229388243996672,NCAA SOUTHLAND,552229390069239808,19,1,217,383710135802970112,7,1266,Greg,Zuerlein,DAL,K,Active,8
552229388243996672,NCAA SOUTHLAND,552229390069239808,19,2,218,531614973867212800,3,4036,Corey,Davis,TEN,WR,Active,3
552229388243996672,NCAA SOUTHLAND,552229390069239808,19,3,219,540026011221139456,1,6823,Jacob,Eason,IND,QB,Active,0
552229388243996672,NCAA SOUTHLAND,552229390069239808,19,4,220,76457435317288960,2,6951,Eno,Benjamin,ARI,RB,Active,0
552229388243996672,NCAA SOUTHLAND,552229390069239808,19,5,221,483704297222041600,5,4666,Younghoe,Koo,ATL,K,Active,3
552229388243996672,NCAA SOUTHLAND,552229390069239808,19,6,222,450806182555152384,9,5122,Boston,Scott,PHI,RB,Active,2
552229388243996672,NCAA SOUTHLAND,552229390069239808,19,7,223,392717914706337792,12,4195,Jake,Elliott,PHI,K,Active,3
552229388243996672,NCAA SOUTHLAND,552229390069239808,19,8,224,460518714907815936,8,4111,D'Onta,Foreman,,RB,Inactive,3
552229388243996672,NCAA SOUTHLAND,552229390069239808,19,9,225,77300101038882816,6,5863,J.J.,Arcega-Whiteside,PHI,WR,Active,1
552229388243996672,NCAA SOUTHLAND,552229390069239808,19,10,226,376262422366896128,11,6156,Benny,Snell Jr.,PIT,RB,Active,1
552229388243996672,NCAA SOUTHLAND,552229390069239808,19,11,227,76457435317288960,2,6136,Jarrett,Stidham,NE,QB,Active,1
552229388243996672,NCAA SOUTHLAND,552229390069239808,19,12,228,421757803934273536,4,5107,Jaylen,Samuels,PIT,RB,Active,2
552229388243996672,NCAA SOUTHLAND,552229390069239808,20,12,229,421757803934273536,4,5906,Dawson,Knox,BUF,TE,Active,1
552229388243996672,NCAA SOUTHLAND,552229390069239808,20,11,230,76457435317288960,2,2331,Breshad,Perriman,NYJ,WR,Active,5
552229388243996672,NCAA SOUTHLAND,552229390069239808,20,10,231,376262422366896128,11,CHI,Chicago,Bears,CHI,DEF,,
552229388243996672,NCAA SOUTHLAND,552229390069239808,20,9,232,77300101038882816,6,4033,David,Njoku,CLE,TE,Active,3
552229388243996672,NCAA SOUTHLAND,552229390069239808,20,8,233,460518714907815936,8,5965,Miles,Boykin,BAL,WR,Active,1
552229388243996672,NCAA SOUTHLAND,552229390069239808,20,7,234,392717914706337792,12,1149,Alshon,Jeffery,PHI,WR,Active,8
552229388243996672,NCAA SOUTHLAND,552229390069239808,20,6,235,450806182555152384,9,MIN,Minnesota,Vikings,MIN,DEF,,
552229388243996672,NCAA SOUTHLAND,552229390069239808,20,5,236,483704297222041600,5,4146,Dede,Westbrook,JAX,WR,Active,3
552229388243996672,NCAA SOUTHLAND,552229390069239808,20,4,237,450806182555152384,9,1476,Latavius,Murray,NO,RB,Active,7
552229388243996672,NCAA SOUTHLAND,552229390069239808,20,3,238,540026011221139456,1,1071,Mohamed,Sanu Sr.,NE,WR,Active,8
552229388243996672,NCAA SOUTHLAND,552229390069239808,20,2,239,531614973867212800,3,5915,Andy,Isabella,ARI,WR,Active,1
552229388243996672,NCAA SOUTHLAND,552229390069239808,20,1,240,383710135802970112,7,2152,Teddy,Bridgewater,CAR,QB,Active,6
552229388243996672,NCAA SOUTHLAND,552229390069239808,21,1,241,383710135802970112,7,1706,Jack,Doyle,IND,TE,Active,7
552229388243996672,NCAA SOUTHLAND,552229390069239808,21,2,242,531614973867212800,3,5009,Chris,Herndon,NYJ,TE,Active,2
552229388243996672,NCAA SOUTHLAND,552229390069239808,21,3,243,540026011221139456,1,6988,Raymond,Calais,TB,RB,Active,0
552229388243996672,NCAA SOUTHLAND,552229390069239808,21,4,244,450806182555152384,9,2588,Malcolm,Brown,LAR,RB,Active,5
552229388243996672,NCAA SOUTHLAND,552229390069239808,21,5,245,483704297222041600,5,DAL,Dallas,Cowboys,DAL,DEF,,
552229388243996672,NCAA SOUTHLAND,552229390069239808,21,6,246,450806182555152384,9,SEA,Seattle,Seahawks,SEA,DEF,,
552229388243996672,NCAA SOUTHLAND,552229390069239808,21,7,247,392717914706337792,12,GB,Green Bay,Packers,GB,DEF,,
552229388243996672,NCAA SOUTHLAND,552229390069239808,21,8,248,460518714907815936,8,6402,Steven,Sims Jr.,WAS,WR,Active,1
552229388243996672,NCAA SOUTHLAND,552229390069239808,21,9,249,77300101038882816,6,DEN,Denver,Broncos,DEN,DEF,,
552229388243996672,NCAA SOUTHLAND,552229390069239808,21,10,250,376262422366896128,11,1793,Trey,Burton,IND,TE,Active,6
552229388243996672,NCAA SOUTHLAND,552229390069239808,21,11,251,76457435317288960,2,PHI,Philadelphia,Eagles,PHI,DEF,,
552229388243996672,NCAA SOUTHLAND,552229390069239808,21,12,252,421757803934273536,4,223,Larry,Fitzgerald,ARI,WR,Active,16
552229388243996672,NCAA SOUTHLAND,552229390069239808,22,12,253,421757803934273536,4,5845,Dwayne,Haskins Jr.,WAS,QB,Active,1
552229388243996672,NCAA SOUTHLAND,552229390069239808,22,11,254,76457435317288960,2,6895,Quintez,Cephus,DET,WR,Active,0
552229388243996672,NCAA SOUTHLAND,552229390069239808,22,10,255,376262422366896128,11,2161,Jerick,McKinnon,SF,RB,Active,6
552229388243996672,NCAA SOUTHLAND,552229390069239808,22,9,256,77300101038882816,6,NYJ,New York,Jets,NYJ,DEF,,
552229388243996672,NCAA SOUTHLAND,552229390069239808,22,8,257,460518714907815936,8,928,Randall,Cobb,HOU,WR,Active,9
552229388243996672,NCAA SOUTHLAND,552229390069239808,22,7,258,392717914706337792,12,TEN,Tennessee,Titans,TEN,DEF,,
552229388243996672,NCAA SOUTHLAND,552229390069239808,22,6,259,450806182555152384,9,MIA,Miami,Dolphins,MIA,DEF,,
552229388243996672,NCAA SOUTHLAND,552229390069239808,22,5,260,483704297222041600,5,1945,Chris,Boswell,PIT,K,Active,6
552229388243996672,NCAA SOUTHLAND,552229390069239808,22,4,261,534619662650601472,10,CLE,Cleveland,Browns,CLE,DEF,,
552229388243996672,NCAA SOUTHLAND,552229390069239808,22,3,262,540026011221139456,1,6943,Gabriel,Davis,BUF,WR,Active,0
552229388243996672,NCAA SOUTHLAND,552229390069239808,22,2,263,531614973867212800,3,147,DeSean,Jackson,PHI,WR,Active,12
552229388243996672,NCAA SOUTHLAND,552229390069239808,22,1,264,383710135802970112,7,2306,Jameis,Winston,NO,QB,Active,5
552229388243996672,NCAA SOUTHLAND,552229390069239808,23,1,265,383710135802970112,7,5046,Royce,Freeman,DEN,RB,Active,2
552229388243996672,NCAA SOUTHLAND,552229390069239808,23,2,266,531614973867212800,3,2346,Devin,Funchess,GB,WR,Active,5
552229388243996672,NCAA SOUTHLAND,552229390069239808,23,3,267,540026011221139456,1,5086,Marquez,Valdes-Scantling,GB,WR,Active,2
552229388243996672,NCAA SOUTHLAND,552229390069239808,23,4,268,534619662650601472,10,4089,Gerald,Everett,LAR,TE,Active,3
552229388243996672,NCAA SOUTHLAND,552229390069239808,23,5,269,483704297222041600,5,745,Marshawn,Lynch,,RB,Inactive,13
552229388243996672,NCAA SOUTHLAND,552229390069239808,23,6,270,450806182555152384,9,1029,Nick,Foles,CHI,QB,Active,8
552229388243996672,NCAA SOUTHLAND,552229390069239808,23,7,271,392717914706337792,12,2257,Carlos,Hyde,,RB,Inactive,6
552229388243996672,NCAA SOUTHLAND,552229390069239808,23,8,272,460518714907815936,8,5980,Myles,Gaskin,MIA,RB,Active,1
552229388243996672,NCAA SOUTHLAND,552229390069239808,23,9,273,77300101038882816,6,954,Cam,Newton,,QB,Inactive,9
552229388243996672,NCAA SOUTHLAND,552229390069239808,23,10,274,376262422366896128,11,5284,Jeff,Wilson Jr.,SF,RB,Active,2
552229388243996672,NCAA SOUTHLAND,552229390069239808,23,11,275,76457435317288960,2,7086,John,Hightower,PHI,WR,Active,0
552229388243996672,NCAA SOUTHLAND,552229390069239808,23,12,276,421757803934273536,4,WAS,Washington,Redskins,WAS,DEF,,
552229388243996672,NCAA SOUTHLAND,552229390069239808,24,12,277,421757803934273536,4,5026,Tre'Quan,Smith,NO,WR,Active,2
552229388243996672,NCAA SOUTHLAND,552229390069239808,24,11,278,76457435317288960,2,6920,Isaiah,Hodgins,BUF,WR,Active,0
552229388243996672,NCAA SOUTHLAND,552229390069239808,24,10,279,376262422366896128,11,6957,James,Proche,BAL,WR,Active,0
552229388243996672,NCAA SOUTHLAND,552229390069239808,24,9,280,77300101038882816,6,5886,Hakeem,Butler,ARI,WR,Active,1
552229388243996672,NCAA SOUTHLAND,552229390069239808,24,8,281,460518714907815936,8,232,Frank,Gore,NYJ,RB,Active,15
552229388243996672,NCAA SOUTHLAND,552229390069239808,24,7,282,392717914706337792,12,6843,Albert,Okwuegbunam,DEN,TE,Active,0
552229388243996672,NCAA SOUTHLAND,552229390069239808,24,6,283,450806182555152384,9,4149,Jamaal,Williams,GB,RB,Active,3
552229388243996672,NCAA SOUTHLAND,552229390069239808,24,5,284,483704297222041600,5,1451,CJ,Anderson,,RB,Inactive,7
552229388243996672,NCAA SOUTHLAND,552229390069239808,24,4,285,534619662650601472,10,CAR,Carolina,Panthers,CAR,DEF,,
552229388243996672,NCAA SOUTHLAND,552229390069239808,24,3,286,540026011221139456,1,7085,Isaiah,Coulter,HOU,WR,Active,0
552229388243996672,NCAA SOUTHLAND,552229390069239808,24,2,287,531614973867212800,3,DET,Detroit,Lions,DET,DEF,,
552229388243996672,NCAA SOUTHLAND,552229390069239808,24,1,288,383710135802970112,7,6083,Matt,Gay,TB,K,Active,1
552229388243996672,NCAA SOUTHLAND,552229390069239808,25,1,289,383710135802970112,7,6913,Joe,Reed,LAC,WR,Active,0
552229388243996672,NCAA SOUTHLAND,552229390069239808,25,2,290,531614973867212800,3,HOU,Houston,Texans,HOU,DEF,,
552229388243996672,NCAA SOUTHLAND,552229390069239808,25,3,291,540026011221139456,1,4992,Dante,Pettis,SF,WR,Active,2
552229388243996672,NCAA SOUTHLAND,552229390069239808,25,4,292,534619662650601472,10,4381,Taysom,Hill,NO,QB,Active,3
552229388243996672,NCAA SOUTHLAND,552229390069239808,25,5,293,483704297222041600,5,5130,Auden,Tate,CIN,WR,Active,2
552229388243996672,NCAA SOUTHLAND,552229390069239808,25,6,294,450806182555152384,9,LV,Las Vegas,Raiders,LV,DEF,,
552229388243996672,NCAA SOUTHLAND,552229390069239808,25,7,295,392717914706337792,12,JAX,Jacksonville,Jaguars,JAX,DEF,,
552229388243996672,NCAA SOUTHLAND,552229390069239808,25,8,296,460518714907815936,8,58,Greg,Olsen,SEA,TE,Active,13
552229388243996672,NCAA SOUTHLAND,552229390069239808,25,9,297,77300101038882816,6,5884,Kelvin,Harmon,WAS,WR,Active,1
552229388243996672,NCAA SOUTHLAND,552229390069239808,25,10,298,376262422366896128,11,1433,Brandon,McManus,DEN,K,Active,7
552229388243996672,NCAA SOUTHLAND,552229390069239808,25,11,299,76457435317288960,2,7090,Darnell,Mooney,CHI,WR,Active,0
552229388243996672,NCAA SOUTHLAND,552229390069239808,25,12,300,421757803934273536,4,ARI,Arizona,Cardinals,ARI,DEF,,
552229388243996672,NCAA SOUTHLAND,552229390069239808,26,12,301,421757803934273536,4,CIN,Cincinnati,Bengals,CIN,DEF,,
552229388243996672,NCAA SOUTHLAND,552229390069239808,26,11,302,76457435317288960,2,6955,James,Robinson,JAX,RB,Active,0
552229388243996672,NCAA SOUTHLAND,552229390069239808,26,10,303,376262422366896128,11,6926,Brycen,Hopkins,LAR,TE,Active,0
552229388243996672,NCAA SOUTHLAND,552229390069239808,26,9,304,77300101038882816,6,5230,Michael,Badgley,LAC,K,Active,2
552229388243996672,NCAA SOUTHLAND,552229390069239808,26,8,305,460518714907815936,8,6919,Thaddeus,Moss,WAS,TE,Active,0
552229388243996672,NCAA SOUTHLAND,552229390069239808,26,7,306,392717914706337792,12,1388,Tyler,Eifert,JAX,TE,Active,7
552229388243996672,NCAA SOUTHLAND,552229390069239808,26,6,307,450806182555152384,9,5110,Russell,Gage,ATL,WR,Active,2
552229388243996672,NCAA SOUTHLAND,552229390069239808,26,5,308,483704297222041600,5,1170,Alfred,Morris,,RB,Inactive,8
552229388243996672,NCAA SOUTHLAND,552229390069239808,26,4,309,534619662650601472,10,ATL,Atlanta,Falcons,ATL,DEF,,
552229388243996672,NCAA SOUTHLAND,552229390069239808,26,3,310,540026011221139456,1,2671,Josh,Lambo,JAX,K,Active,5
552229388243996672,NCAA SOUTHLAND,552229390069239808,26,2,311,531614973867212800,3,17,Matt,Prater,DET,K,Active,14
552229388243996672,NCAA SOUTHLAND,552229390069239808,26,1,312,383710135802970112,7,829,Andy,Dalton,DAL,QB,Active,9
552229388243996672,NCAA SOUTHLAND,552229390069239808,27,1,313,383710135802970112,7,2307,Marcus,Mariota,LV,QB,Active,5
552229388243996672,NCAA SOUTHLAND,552229390069239808,27,2,314,531614973867212800,3,3451,Ka'imi,Fairbairn,HOU,K,Active,4
552229388243996672,NCAA SOUTHLAND,552229390069239808,27,3,315,540026011221139456,1,943,Kyle,Rudolph,MIN,TE,Active,9
552229388243996672,NCAA SOUTHLAND,552229390069239808,27,4,316,534619662650601472,10,NYG,New York,Giants,NYG,DEF,,
552229388243996672,NCAA SOUTHLAND,552229390069239808,27,5,317,483704297222041600,5,3976,Mitchell,Trubisky,CHI,QB,Active,3
552229388243996672,NCAA SOUTHLAND,552229390069239808,27,6,318,450806182555152384,9,59,Mason,Crosby,GB,K,Active,13
552229388243996672,NCAA SOUTHLAND,552229390069239808,27,7,319,392717914706337792,12,899,Dan,Bailey,MIN,K,Active,9
552229388243996672,NCAA SOUTHLAND,552229390069239808,27,8,320,460518714907815936,8,6996,JaMycal,Hasty,SF,RB,Active,0
552229388243996672,NCAA SOUTHLAND,552229390069239808,27,9,321,77300101038882816,6,5947,Jakobi,Meyers,NE,WR,Active,1
552229388243996672,NCAA SOUTHLAND,552229390069239808,27,10,322,376262422366896128,11,331,Philip,Rivers,IND,QB,Active,16
552229388243996672,NCAA SOUTHLAND,552229390069239808,27,11,323,76457435317288960,2,6857,Collin,Johnson,JAX,WR,Active,0
552229388243996672,NCAA SOUTHLAND,552229390069239808,27,12,324,421757803934273536,4,775,Stephen,Hauschka,BUF,K,Active,12
552229388243996672,NCAA SOUTHLAND,552229390069239808,28,12,325,421757803934273536,4,2747,Jason,Myers,SEA,K,Active,5
552229388243996672,NCAA SOUTHLAND,552229390069239808,28,11,326,76457435317288960,2,49,Robbie,Gould,SF,K,Active,15
552229388243996672,NCAA SOUTHLAND,552229390069239808,28,10,327,376262422366896128,11,5873,Riley,Ridley,CHI,WR,Active,1
552229388243996672,NCAA SOUTHLAND,552229390069239808,28,9,328,77300101038882816,6,6012,Travis,Homer,SEA,RB,Active,1
552229388243996672,NCAA SOUTHLAND,552229390069239808,28,8,329,460518714907815936,8,3286,Demarcus,Robinson,KC,WR,Active,4
552229388243996672,NCAA SOUTHLAND,552229390069239808,28,7,330,392717914706337792,12,5973,Josh,Oliver,JAX,TE,Active,1
552229388243996672,NCAA SOUTHLAND,552229390069239808,28,6,331,450806182555152384,9,7082,Dalton,Keene,NE,TE,Active,0
552229388243996672,NCAA SOUTHLAND,552229390069239808,28,5,332,483704297222041600,5,6865,Colby,Parkinson,SEA,TE,Active,0
552229388243996672,NCAA SOUTHLAND,552229390069239808,28,4,333,534619662650601472,10,6528,Joey,Slye,CAR,K,Active,1
552229388243996672,NCAA SOUTHLAND,552229390069239808,28,3,334,540026011221139456,1,695,Ted,Ginn Jr.,CHI,WR,Active,13
552229388243996672,NCAA SOUTHLAND,552229390069239808,28,2,335,531614973867212800,3,4454,Kendrick,Bourne,SF,WR,Active,3
552229388243996672,NCAA SOUTHLAND,552229390069239808,28,1,336,383710135802970112,7,6866,K.J.,Hill,LAC,WR,Active,0
552229388243996672,NCAA SOUTHLAND,552229390069239808,29,1,337,383710135802970112,7,5248,Gus,Edwards,BAL,RB,Active,2
552229388243996672,NCAA SOUTHLAND,552229390069239808,29,2,338,531614973867212800,3,4718,Dare,Ogunbowale,TB,RB,Active,3
552229388243996672,NCAA SOUTHLAND,552229390069239808,29,3,339,540026011221139456,1,1048,Lamar,Miller,,RB,Inactive,8
552229388243996672,NCAA SOUTHLAND,552229390069239808,29,4,340,534619662650601472,10,6973,J.J.,Taylor,NE,RB,Active,0
552229388243996672,NCAA SOUTHLAND,552229390069239808,29,5,341,483704297222041600,5,7066,K.J.,Osborn,MIN,WR,Active,0
552229388243996672,NCAA SOUTHLAND,552229390069239808,29,6,342,450806182555152384,9,6068,Devine,Ozigbo,JAX,RB,Active,1
552229388243996672,NCAA SOUTHLAND,552229390069239808,29,7,343,392717914706337792,12,7050,Josiah,Deguara,GB,TE,Active,0
552229388243996672,NCAA SOUTHLAND,552229390069239808,29,8,344,460518714907815936,8,3827,Aldrick,Rosas,NYG,K,Active,4
552229388243996672,NCAA SOUTHLAND,552229390069239808,29,9,345,77300101038882816,6,6164,Kahale,Warring,HOU,TE,Active,1
552229388243996672,NCAA SOUTHLAND,552229390069239808,29,10,346,376262422366896128,11,1911,Willie,Snead IV,BAL,WR,Active,6
552229388243996672,NCAA SOUTHLAND,552229390069239808,29,11,347,76457435317288960,2,6850,Harrison,Bryant,CLE,TE,Active,0
552229388243996672,NCAA SOUTHLAND,552229390069239808,29,12,348,421757803934273536,4,6144,Trayveon,Williams,CIN,RB,Active,1
552229388243996672,NCAA SOUTHLAND,552229390069239808,30,12,349,421757803934273536,4,4319,Zach,Pascal,IND,WR,Active,3
552229388243996672,NCAA SOUTHLAND,552229390069239808,30,11,350,76457435317288960,2,6846,Hunter,Bryant,DET,TE,Active,0
552229388243996672,NCAA SOUTHLAND,552229390069239808,30,10,351,376262422366896128,11,1555,Kenny,Stills,HOU,WR,Active,7
552229388243996672,NCAA SOUTHLAND,552229390069239808,30,9,352,77300101038882816,6,827,Tyrod,Taylor,LAC,QB,Active,9
552229388243996672,NCAA SOUTHLAND,552229390069239808,30,8,353,460518714907815936,8,6178,Darwin,Thompson,KC,RB,Active,1
552229388243996672,NCAA SOUTHLAND,552229390069239808,30,7,354,392717914706337792,12,5004,Ito,Smith,ATL,RB,Active,2
552229388243996672,NCAA SOUTHLAND,552229390069239808,30,6,355,450806182555152384,9,2460,C.J.,Uzomah,CIN,TE,Active,5
552229388243996672,NCAA SOUTHLAND,552229390069239808,30,5,356,483704297222041600,5,6985,Dezmon,Patmon,IND,WR,Active,0
552229388243996672,NCAA SOUTHLAND,552229390069239808,30,4,357,534619662650601472,10,7062,Rodrigo,Blankenship,IND,K,Active,0
552229388243996672,NCAA SOUTHLAND,552229390069239808,30,3,358,540026011221139456,1,6989,Marquez,Callaway,NO,WR,Active,0
552229388243996672,NCAA SOUTHLAND,552229390069239808,30,2,359,531614973867212800,3,1144,Cole,Beasley,BUF,WR,Active,8
552229388243996672,NCAA SOUTHLAND,552229390069239808,30,1,360,383710135802970112,7,1502,Chris,Thompson,JAX,RB,Active,7
552229388243996672,NCAA SOUTHLAND,552229390069239808,31,1,361,383710135802970112,7,1244,Josh,Gordon,,WR,Inactive,8
552229388243996672,NCAA SOUTHLAND,552229390069239808,31,2,362,531614973867212800,3,1346,Marquise,Goodwin,PHI,WR,Active,7
552229388243996672,NCAA SOUTHLAND,552229390069239808,31,3,363,540026011221139456,1,1386,Giovani,Bernard,CIN,RB,Active,7
552229388243996672,NCAA SOUTHLAND,552229390069239808,31,4,364,534619662650601472,10,5570,Chad,Beebe,MIN,WR,Active,2
552229388243996672,NCAA SOUTHLAND,552229390069239808,31,5,365,483704297222041600,5,7107,Jason,Huntley,DET,RB,Active,0
552229388243996672,NCAA SOUTHLAND,552229390069239808,31,6,366,450806182555152384,9,2474,Nick,Boyle,BAL,TE,Active,5
552229388243996672,NCAA SOUTHLAND,552229390069239808,31,7,367,392717914706337792,12,3342,Jakeem,Grant,MIA,WR,Active,4
552229388243996672,NCAA SOUTHLAND,552229390069239808,31,8,368,460518714907815936,8,5985,Foster,Moreau,LV,TE,Active,1
552229388243996672,NCAA SOUTHLAND,552229390069239808,31,9,369,77300101038882816,6,6088,Bisi,Johnson,MIN,WR,Active,1
552229388243996672,NCAA SOUTHLAND,552229390069239808,31,10,370,376262422366896128,11,5374,Justin,Watson,TB,WR,Active,2
552229388243996672,NCAA SOUTHLAND,552229390069239808,31,11,371,76457435317288960,2,6927,Quez,Watkins,PHI,WR,Active,0
552229388243996672,NCAA SOUTHLAND,552229390069239808,31,12,372,421757803934273536,4,4187,Brian,Hill,ATL,RB,Active,3
552229388243996672,NCAA SOUTHLAND,552229390069239808,32,12,373,421757803934273536,4,6146,Kaden,Smith,NYG,TE,Active,1
552229388243996672,NCAA SOUTHLAND,552229390069239808,32,11,374,76457435317288960,2,6992,Mike,Warren,PHI,RB,Active,0
552229388243996672,NCAA SOUTHLAND,552229390069239808,32,10,375,376262422366896128,11,6918,Salvon,Ahmed,SF,RB,Active,0
552229388243996672,NCAA SOUTHLAND,552229390069239808,32,9,376,77300101038882816,6,184,Adrian,Peterson,WAS,RB,Active,13
552229388243996672,NCAA SOUTHLAND,552229390069239808,32,8,377,460518714907815936,8,3297,Tajaé,Sharpe,MIN,WR,Active,4
552229388243996672,NCAA SOUTHLAND,552229390069239808,32,7,378,392717914706337792,12,3634,Kalif,Raymond,TEN,WR,Active,4
552229388243996672,NCAA SOUTHLAND,552229390069239808,32,6,379,450806182555152384,9,6650,Chase,McLaughlin,IND,K,Active,1
552229388243996672,NCAA SOUTHLAND,552229390069239808,32,5,380,483704297222041600,5,5127,Kyle,Allen,WAS,QB,Active,2
552229388243996672,NCAA SOUTHLAND,552229390069239808,32,4,381,534619662650601472,10,7121,Justin,Rohrwasser,NE,K,Active,0
552229388243996672,NCAA SOUTHLAND,552229390069239808,32,3,382,540026011221139456,1,1099,Randy,Bullock,CIN,K,Active,8
552229388243996672,NCAA SOUTHLAND,552229390069239808,32,2,383,531614973867212800,3,491,Danny,Amendola,DET,WR,Active,12
552229388243996672,NCAA SOUTHLAND,552229390069239808,32,1,384,383710135802970112,7,2214,Cameron,Brate,TB,TE,Active,6
552229388243996672,NCAA SOUTHLAND,552229390069239808,33,1,385,383710135802970112,7,2381,Chris,Conley,JAX,WR,Active,5
552229388243996672,NCAA SOUTHLAND,552229390069239808,33,2,386,531614973867212800,3,7049,Jauan,Jennings,SF,WR,Active,0
552229388243996672,NCAA SOUTHLAND,552229390069239808,33,3,387,540026011221139456,1,6822,Jake,Fromm,BUF,QB,Active,0
552229388243996672,NCAA SOUTHLAND,552229390069239808,33,4,388,534619662650601472,10,1535,Cordarrelle,Patterson,CHI,RB,Active,7
552229388243996672,NCAA SOUTHLAND,552229390069239808,33,5,389,483704297222041600,5,5007,Keke,Coutee,HOU,WR,Active,2
552229388243996672,NCAA SOUTHLAND,552229390069239808,33,6,390,450806182555152384,9,7152,Sam,Sloman,LAR,K,Active,0
552229388243996672,NCAA SOUTHLAND,552229390069239808,33,7,391,392717914706337792,12,6219,Austin,Seibert,CLE,K,Active,1
552229388243996672,NCAA SOUTHLAND,552229390069239808,33,8,392,460518714907815936,8,5139,Trey,Quinn,WAS,WR,Active,2
552229388243996672,NCAA SOUTHLAND,552229390069239808,33,9,393,77300101038882816,6,503,Graham,Gano,CAR,K,Active,11
552229388243996672,NCAA SOUTHLAND,552229390069239808,33,10,394,376262422366896128,11,1987,Marqise,Lee,NE,WR,Active,6
552229388243996672,NCAA SOUTHLAND,552229390069239808,33,11,395,76457435317288960,2,6879,Quartney,Davis,MIN,WR,Active,0
552229388243996672,NCAA SOUTHLAND,552229390069239808,33,12,396,421757803934273536,4,1425,Ryan,Griffin,NYJ,TE,Active,7
552229388243996672,NCAA SOUTHLAND,552229390069239808,34,12,397,421757803934273536,4,5209,Mike,Boone,MIN,RB,Active,2
552229388243996672,NCAA SOUTHLAND,552229390069239808,34,11,398,76457435317288960,2,5095,Daniel,Carlson,LV,K,Active,2
552229388243996672,NCAA SOUTHLAND,552229390069239808,34,10,399,376262422366896128,11,4998,DaeSean,Hamilton,DEN,WR,Active,2
552229388243996672,NCAA SOUTHLAND,552229390069239808,34,9,400,77300101038882816,6,2325,Nelson,Agholor,LV,WR,Active,5
552229388243996672,NCAA SOUTHLAND,552229390069239808,34,8,401,460518714907815936,8,3594,Peyton,Barber,WAS,RB,Active,4
552229388243996672,NCAA SOUTHLAND,552229390069239808,34,7,402,392717914706337792,12,6290,Scotty,Miller,TB,WR,Active,1
552229388243996672,NCAA SOUTHLAND,552229390069239808,34,6,403,450806182555152384,9,7042,Tyler,Bass,BUF,K,Active,0
552229388243996672,NCAA SOUTHLAND,552229390069239808,34,5,404,483704297222041600,5,1379,Kyle,Juszczyk,SF,RB,Active,7
552229388243996672,NCAA SOUTHLAND,552229390069239808,34,4,405,534619662650601472,10,1587,Vance,McDonald,PIT,TE,Active,7
552229388243996672,NCAA SOUTHLAND,552229390069239808,34,3,406,540026011221139456,1,3868,Jalen,Richard,LV,RB,Active,4
552229388243996672,NCAA SOUTHLAND,552229390069239808,34,2,407,531614973867212800,3,1169,Robert,Griffin III,BAL,QB,Active,8
552229388243996672,NCAA SOUTHLAND,552229390069239808,34,1,408,383710135802970112,7,4622,Keelan,Cole,JAX,WR,Active,3
552229388243996672,NCAA SOUTHLAND,552229390069239808,35,1,409,383710135802970112,7,6744,Greg,Ward,PHI,WR,Active,3
552229388243996672,NCAA SOUTHLAND,552229390069239808,35,2,410,531614973867212800,3,490,Chase,Daniel,DET,QB,Active,11
552229388243996672,NCAA SOUTHLAND,552229390069239808,35,3,411,540026011221139456,1,5111,Javon,Wims,CHI,WR,Active,2
552229388243996672,NCAA SOUTHLAND,552229390069239808,35,4,412,534619662650601472,10,5296,Elijah,Wellman,GB,RB,Active,2
552229388243996672,NCAA SOUTHLAND,552229390069239808,35,5,413,483704297222041600,5,3503,Geronimo,Allison,DET,WR,Active,4
552229388243996672,NCAA SOUTHLAND,552229390069239808,35,6,414,450806182555152384,9,2821,Jake,Kumerow,GB,WR,Active,5
552229388243996672,NCAA SOUTHLAND,552229390069239808,35,7,415,392717914706337792,12,616,Jimmy,Graham,CHI,TE,Active,10
552229388243996672,NCAA SOUTHLAND,552229390069239808,35,8,416,460518714907815936,8,1034,Brandon,Bolden,NE,RB,Active,8
552229388243996672,NCAA SOUTHLAND,552229390069239808,35,9,417,77300101038882816,6,4218,Trent,Taylor,SF,WR,Active,3
552229388243996672,NCAA SOUTHLAND,552229390069239808,35,10,418,376262422366896128,11,7002,Juwan,Johnson,NO,WR,Active,0
552229388243996672,NCAA SOUTHLAND,552229390069239808,35,11,419,76457435317288960,2,3257,Jacoby,Brissett,IND,QB,Active,4
552229388243996672,NCAA SOUTHLAND,552229390069239808,35,12,420,421757803934273536,4,1777,Josh,Hill,NO,TE,Active,7
552229388243996672,NCAA SOUTHLAND,552229390069239808,36,12,421,421757803934273536,4,5162,Reggie,Bonnafon,CAR,RB,Active,2
552229388243996672,NCAA SOUTHLAND,552229390069239808,36,11,422,76457435317288960,2,3328,Rashard,Higgins,CLE,WR,Active,4
552229388243996672,NCAA SOUTHLAND,552229390069239808,36,10,423,376262422366896128,11,7076,Jeff,Thomas,NE,WR,Active,0
552229388243996672,NCAA SOUTHLAND,552229390069239808,36,9,424,77300101038882816,6,333,Ryan,Fitzpatrick,MIA,QB,Active,15
552229388243996672,NCAA SOUTHLAND,552229390069239808,36,8,425,460518714907815936,8,4464,Nick,Mullens,SF,QB,Active,3
552229388243996672,NCAA SOUTHLAND,552229390069239808,36,7,426,392717914706337792,12,5119,Jason,Sanders,MIA,K,Active,2
552229388243996672,NCAA SOUTHLAND,552229390069239808,36,6,427,450806182555152384,9,2822,Adam,Humphries,TEN,WR,Active,5
552229388243996672,NCAA SOUTHLAND,552229390069239808,36,5,428,483704297222041600,5,5918,Rodney,Anderson,CIN,RB,Active,1
552229388243996672,NCAA SOUTHLAND,552229390069239808,36,4,429,534619662650601472,10,1592,Darren,Fells,HOU,TE,Active,7
552229388243996672,NCAA SOUTHLAND,552229390069239808,36,3,430,540026011221139456,1,788,Dion,Lewis,NYG,RB,Active,9
552229388243996672,NCAA SOUTHLAND,552229390069239808,36,2,431,531614973867212800,3,6001,Drew,Sample,CIN,TE,Active,1
552229388243996672,NCAA SOUTHLAND,552229390069239808,36,1,432,383710135802970112,7,4080,Zay,Jones,LV,WR,Active,3
552229388243996672,NCAA SOUTHLAND,552229390069239808,37,1,433,383710135802970112,7,4741,Dan,Arnold,ARI,TE,Active,3
552229388243996672,NCAA SOUTHLAND,552229390069239808,37,2,434,531614973867212800,3,7083,Tyler,Huntley,BAL,QB,Active,0
552229388243996672,NCAA SOUTHLAND,552229390069239808,37,3,435,540026011221139456,1,676,LeSean,McCoy,,RB,Inactive,11
552229388243996672,NCAA SOUTHLAND,552229390069239808,37,4,436,534619662650601472,10,23,Jason,Witten,LV,TE,Active,17
552229388243996672,NCAA SOUTHLAND,552229390069239808,37,5,437,483704297222041600,5,5189,Eddy,Piñeiro,CHI,K,Active,2
552229388243996672,NCAA SOUTHLAND,552229390069239808,37,6,438,450806182555152384,9,1348,Dustin,Hopkins,WAS,K,Active,7
552229388243996672,NCAA SOUTHLAND,552229390069239808,37,7,439,392717914706337792,12,2334,Phillip,Dorsett II,SEA,WR,Active,5
552229388243996672,NCAA SOUTHLAND,552229390069239808,37,8,440,460518714907815936,8,2025,Albert,Wilson,MIA,WR,Active,6
552229388243996672,NCAA SOUTHLAND,552229390069239808,37,9,441,77300101038882816,6,4958,Brett,Maher,NYJ,K,Active,7
552229388243996672,NCAA SOUTHLAND,552229390069239808,37,10,442,376262422366896128,11,3846,Duke,Williams,BUF,WR,Active,4
552229388243996672,NCAA SOUTHLAND,552229390069239808,37,11,443,76457435317288960,2,6311,Patrick,Laird,MIA,RB,Active,1
552229388243996672,NCAA SOUTHLAND,552229390069239808,37,12,444,421757803934273536,4,4531,Ricky,Seals-Jones,KC,TE,Active,3
552229388243996672,NCAA SOUTHLAND,552229390069239808,38,12,445,421757803934273536,4,7084,Jake,Luton,JAX,QB,Active,0
552229388243996672,NCAA SOUTHLAND,552229390069239808,38,11,446,76457435317288960,2,6959,Levante,Bellamy,DEN,RB,Active,0
552229388243996672,NCAA SOUTHLAND,552229390069239808,38,10,447,376262422366896128,11,1387,Rex,Burkhead,NE,RB,Active,7
552229388243996672,NCAA SOUTHLAND,552229390069239808,38,9,448,77300101038882816,6,5272,Greg,Joseph,TEN,K,Active,2
552229388243996672,NCAA SOUTHLAND,552229390069239808,38,8,449,460518714907815936,8,5962,KeeSean,Johnson,ARI,WR,Active,1
552229388243996672,NCAA SOUTHLAND,552229390069239808,38,7,450,392717914706337792,12,4421,Jacob,Hollister,SEA,TE,Active,3
552229388243996672,NCAA SOUTHLAND,552229390069239808,38,6,451,450806182555152384,9,7095,Austin,MacGinnis,LAR,K,Active,0
552229388243996672,NCAA SOUTHLAND,552229390069239808,38,5,452,483704297222041600,5,5289,Cameron,Batson,TEN,WR,Active,2
552229388243996672,NCAA SOUTHLAND,552229390069239808,38,4,453,534619662650601472,10,6045,Gary,Jennings,MIA,WR,Active,1
552229388243996672,NCAA SOUTHLAND,552229390069239808,38,3,454,540026011221139456,1,4669,Andre,Patton,LAC,WR,Active,3
552229388243996672,NCAA SOUTHLAND,552229390069239808,38,2,455,531614973867212800,3,5112,Bo,Scarbrough,DET,RB,Active,2
552229388243996672,NCAA SOUTHLAND,552229390069239808,38,1,456,383710135802970112,7,1854,Quincy,Enunwa,NYJ,WR,Physically Unable to Perform,6
552229388243996672,NCAA SOUTHLAND,552229390069239808,39,1,457,383710135802970112,7,2399,Ty,Montgomery,NO,RB,Active,5
552229388243996672,NCAA SOUTHLAND,552229390069239808,39,2,458,531614973867212800,3,3664,J.D.,McKissic,WAS,RB,Active,4
552229388243996672,NCAA SOUTHLAND,552229390069239808,39,3,459,540026011221139456,1,5199,Byron,Pringle,KC,WR,Active,2
552229388243996672,NCAA SOUTHLAND,552229390069239808,39,4,460,534619662650601472,10,6970,Stephen,Sullivan,SEA,TE,Active,0
552229388243996672,NCAA SOUTHLAND,552229390069239808,39,5,461,483704297222041600,5,6271,Olamide,Zaccheaus,ATL,WR,Active,1
552229388243996672,NCAA SOUTHLAND,552229390069239808,39,6,462,450806182555152384,9,3155,Laquon,Treadwell,ATL,WR,Active,4
552229388243996672,NCAA SOUTHLAND,552229390069239808,39,7,463,392717914706337792,12,5323,Equanimeous,St. Brown,GB,WR,Active,2
552229388243996672,NCAA SOUTHLAND,552229390069239808,39,8,464,460518714907815936,8,4150,Wayne,Gallman,NYG,RB,Active,3
552229388243996672,NCAA SOUTHLAND,552229390069239808,39,9,465,77300101038882816,6,6002,Qadree,Ollison,ATL,RB,Active,1
552229388243996672,NCAA SOUTHLAND,552229390069239808,39,10,466,376262422366896128,11,7013,Steven,Montez,WAS,QB,Active,0
552229388243996672,NCAA SOUTHLAND,552229390069239808,39,11,467,76457435317288960,2,7103,Tavien,Feaster,JAX,RB,Active,0
552229388243996672,NCAA SOUTHLAND,552229390069239808,39,12,468,421757803934273536,4,5100,Jordan,Wilkins,IND,RB,Active,2
552229388243996672,NCAA SOUTHLAND,552229390069239808,40,12,469,421757803934273536,4,4221,Jeremy,Sprinkle,WAS,TE,Active,3
552229388243996672,NCAA SOUTHLAND,552229390069239808,40,11,470,76457435317288960,2,3209,Devontae,Booker,LV,RB,Active,4
552229388243996672,NCAA SOUTHLAND,552229390069239808,40,10,471,376262422366896128,11,5101,Deon,Cain,PIT,WR,Active,2
552229388243996672,NCAA SOUTHLAND,552229390069239808,40,9,472,77300101038882816,6,4994,Kalen,Ballage,MIA,RB,Active,2
552229388243996672,NCAA SOUTHLAND,552229390069239808,40,8,473,460518714907815936,8,1984,Allen,Hurns,MIA,WR,Active,6
552229388243996672,NCAA SOUTHLAND,552229390069239808,40,7,474,392717914706337792,12,5241,Christian,Blake,ATL,WR,Active,2
552229388243996672,NCAA SOUTHLAND,552229390069239808,40,6,475,450806182555152384,9,6208,Elliott,Fry,TB,K,Active,1
552229388243996672,NCAA SOUTHLAND,552229390069239808,40,5,476,483704297222041600,5,120,Adam,Vinatieri,,K,Inactive,24
552229388243996672,NCAA SOUTHLAND,552229390069239808,40,4,477,534619662650601472,10,5163,Ryan,Nall,CHI,RB,Active,2
552229388243996672,NCAA SOUTHLAND,552229390069239808,40,3,478,540026011221139456,1,3433,Alex,Erickson,CIN,WR,Active,4
552229388243996672,NCAA SOUTHLAND,552229390069239808,40,2,479,531614973867212800,3,4863,Josh,Rosen,MIA,QB,Active,2
552229388243996672,NCAA SOUTHLAND,552229390069239808,40,1,480,383710135802970112,7,5121,Braxton,Berrios,NYJ,WR,Active,2
519398167841558528,NCAA USA,519398170051956736,1,1,1,519622716773429248,5,4034,Christian,McCaffrey,CAR,RB,Active,3
519398167841558528,NCAA USA,519398170051956736,1,2,2,420055169137377280,8,3199,Michael,Thomas,NO,WR,Active,4
519398167841558528,NCAA USA,519398170051956736,1,3,3,609609385924173824,4,4866,Saquon,Barkley,NYG,RB,Active,2
519398167841558528,NCAA USA,519398170051956736,1,4,4,460518714907815936,6,3164,Ezekiel,Elliott,DAL,RB,Active,4
519398167841558528,NCAA USA,519398170051956736,1,5,5,561431859095334912,12,4035,Alvin,Kamara,NO,RB,Active,3
519398167841558528,NCAA USA,519398170051956736,1,6,6,561616808766005248,9,4029,Dalvin,Cook,MIN,RB,Active,3
519398167841558528,NCAA USA,519398170051956736,1,7,7,389658700735868928,1,1426,DeAndre,Hopkins,ARI,WR,Active,7
519398167841558528,NCAA USA,519398170051956736,1,8,8,89528070197100544,3,4018,Joe,Mixon,CIN,RB,Active,3
519398167841558528,NCAA USA,519398170051956736,1,9,9,519740185771233280,10,3321,Tyreek,Hill,KC,WR,Active,4
519398167841558528,NCAA USA,519398170051956736,1,10,10,561620293351694336,11,4046,Patrick,Mahomes,KC,QB,Active,3
519398167841558528,NCAA USA,519398170051956736,1,11,11,519394652409221120,7,2133,Davante,Adams,GB,WR,Active,6
519398167841558528,NCAA USA,519398170051956736,1,12,12,451501690638561280,2,4988,Nick,Chubb,CLE,RB,Active,2
519398167841558528,NCAA USA,519398170051956736,2,12,13,451501690638561280,2,5850,Josh,Jacobs,LV,RB,Active,1
519398167841558528,NCAA USA,519398170051956736,2,11,14,519394652409221120,7,6820,Clyde,Edwards-Helaire,KC,RB,Active,0
519398167841558528,NCAA USA,519398170051956736,2,10,15,561620293351694336,11,4037,Chris,Godwin,TB,WR,Active,3
519398167841558528,NCAA USA,519398170051956736,2,9,16,519740185771233280,10,4881,Lamar,Jackson,BAL,QB,Active,2
519398167841558528,NCAA USA,519398170051956736,2,8,17,89528070197100544,3,4040,JuJu,Smith-Schuster,PIT,WR,Active,3
519398167841558528,NCAA USA,519398170051956736,2,7,18,389658700735868928,1,6151,Miles,Sanders,PHI,RB,Active,1
519398167841558528,NCAA USA,519398170051956736,2,6,19,561616808766005248,9,2216,Mike,Evans,TB,WR,Active,6
519398167841558528,NCAA USA,519398170051956736,2,5,20,561431859095334912,12,4217,George,Kittle,SF,TE,Active,3
519398167841558528,NCAA USA,519398170051956736,2,4,21,460518714907815936,6,2309,Amari,Cooper,DAL,WR,Active,5
519398167841558528,NCAA USA,519398170051956736,2,3,22,609609385924173824,4,4983,D.J.,Moore,CAR,WR,Active,2
519398167841558528,NCAA USA,519398170051956736,2,2,23,420055169137377280,8,3198,Derrick,Henry,TEN,RB,Active,4
519398167841558528,NCAA USA,519398170051956736,2,1,24,519622716773429248,5,5859,A.J.,Brown,TEN,WR,Active,1
519398167841558528,NCAA USA,519398170051956736,3,1,25,519622716773429248,5,5045,Courtland,Sutton,DEN,WR,Active,2
519398167841558528,NCAA USA,519398170051956736,3,2,26,420055169137377280,8,947,Julio,Jones,ATL,WR,Active,9
519398167841558528,NCAA USA,519398170051956736,3,3,27,609609385924173824,4,4131,Kenny,Golladay,DET,WR,Active,3
519398167841558528,NCAA USA,519398170051956736,3,4,28,460518714907815936,6,4199,Aaron,Jones,GB,RB,Active,3
519398167841558528,NCAA USA,519398170051956736,3,5,29,561431859095334912,12,2078,Odell,Beckham Jr.,CLE,WR,Active,6
519398167841558528,NCAA USA,519398170051956736,3,6,30,561616808766005248,9,1466,Travis,Kelce,KC,TE,Active,7
519398167841558528,NCAA USA,519398170051956736,3,7,31,389658700735868928,1,6813,Jonathan,Taylor,IND,RB,Active,0
519398167841558528,NCAA USA,519398170051956736,3,8,32,89528070197100544,3,4981,Calvin,Ridley,ATL,WR,Active,2
519398167841558528,NCAA USA,519398170051956736,3,9,33,519740185771233280,10,4663,Austin,Ekeler,LAC,RB,Active,3
519398167841558528,NCAA USA,519398170051956736,3,10,34,561620293351694336,11,3242,Kenyan,Drake,ARI,RB,Active,4
519398167841558528,NCAA USA,519398170051956736,3,11,35,519394652409221120,7,6790,D'Andre,Swift,DET,RB,Active,0
519398167841558528,NCAA USA,519398170051956736,3,12,36,451501690638561280,2,5846,DK,Metcalf,SEA,WR,Active,1
519398167841558528,NCAA USA,519398170051956736,4,12,37,451501690638561280,2,1992,Allen,Robinson II,CHI,WR,Active,6
519398167841558528,NCAA USA,519398170051956736,4,11,38,519394652409221120,7,6786,CeeDee,Lamb,DAL,WR,Active,0
519398167841558528,NCAA USA,519398170051956736,4,10,39,561620293351694336,11,5012,Mark,Andrews,BAL,TE,Active,2
519398167841558528,NCAA USA,519398170051956736,4,9,40,519740185771233280,10,4039,Cooper,Kupp,LAR,WR,Active,3
519398167841558528,NCAA USA,519398170051956736,4,8,41,89528070197100544,3,2449,Stefon,Diggs,BUF,WR,Active,5
519398167841558528,NCAA USA,519398170051956736,4,7,42,389658700735868928,1,6806,J.K.,Dobbins,BAL,RB,Active,0
519398167841558528,NCAA USA,519398170051956736,4,6,43,561616808766005248,9,5892,David,Montgomery,CHI,RB,Active,1
519398167841558528,NCAA USA,519398170051956736,4,5,44,561431859095334912,12,5927,Terry,McLaurin,WAS,WR,Active,1
519398167841558528,NCAA USA,519398170051956736,4,4,45,460518714907815936,6,6783,Jerry,Jeudy,DEN,WR,Active,0
519398167841558528,NCAA USA,519398170051956736,4,3,46,609609385924173824,4,4951,DJ,Chark Jr.,JAX,WR,Active,2
519398167841558528,NCAA USA,519398170051956736,4,2,47,420055169137377280,8,3969,Leonard,Fournette,JAX,RB,Active,3
519398167841558528,NCAA USA,519398170051956736,4,1,48,519622716773429248,5,2320,Melvin,Gordon III,DEN,RB,Active,5
519398167841558528,NCAA USA,519398170051956736,5,1,49,519622716773429248,5,1479,Keenan,Allen,LAC,WR,Active,7
519398167841558528,NCAA USA,519398170051956736,5,2,50,420055169137377280,8,5872,Deebo,Samuel,SF,WR,Active,1
519398167841558528,NCAA USA,519398170051956736,5,3,51,609609385924173824,4,6938,Cam,Akers,LAR,RB,Active,0
519398167841558528,NCAA USA,519398170051956736,5,4,52,460518714907815936,6,1352,Robert,Woods,LAR,WR,Active,7
519398167841558528,NCAA USA,519398170051956736,5,5,53,561431859095334912,12,5849,Kyler,Murray,ARI,QB,Active,1
519398167841558528,NCAA USA,519398170051956736,5,6,54,561616808766005248,9,1234,Russell,Wilson,SEA,QB,Active,8
519398167841558528,NCAA USA,519398170051956736,5,7,55,389658700735868928,1,2315,Todd,Gurley II,ATL,RB,Active,5
519398167841558528,NCAA USA,519398170051956736,5,8,56,89528070197100544,3,1825,Jarvis,Landry,CLE,WR,Active,6
519398167841558528,NCAA USA,519398170051956736,5,9,57,519740185771233280,10,6130,Devin,Singletary,BUF,RB,Active,1
519398167841558528,NCAA USA,519398170051956736,5,10,58,561620293351694336,11,1408,Le'Veon,Bell,NYJ,RB,Active,7
519398167841558528,NCAA USA,519398170051956736,5,11,59,519394652409221120,7,4017,Deshaun,Watson,HOU,QB,Active,3
519398167841558528,NCAA USA,519398170051956736,5,12,60,451501690638561280,2,1689,Adam,Thielen,MIN,WR,Active,7
519398167841558528,NCAA USA,519398170051956736,6,12,61,451501690638561280,2,4273,Chris,Carson,SEA,RB,Active,3
519398167841558528,NCAA USA,519398170051956736,6,11,62,519394652409221120,7,1339,Zach,Ertz,PHI,TE,Active,7
519398167841558528,NCAA USA,519398170051956736,6,10,63,561620293351694336,11,2374,Tyler,Lockett,SEA,WR,Active,5
519398167841558528,NCAA USA,519398170051956736,6,9,64,519740185771233280,10,2505,Darren,Waller,LV,TE,Active,5
519398167841558528,NCAA USA,519398170051956736,6,8,65,89528070197100544,3,3294,Dak,Prescott,DAL,QB,Active,4
519398167841558528,NCAA USA,519398170051956736,6,7,66,389658700735868928,1,3225,Tyler,Boyd,CIN,WR,Active,4
519398167841558528,NCAA USA,519398170051956736,6,6,67,561616808766005248,9,4950,Christian,Kirk,ARI,WR,Active,2
519398167841558528,NCAA USA,519398170051956736,6,5,68,561431859095334912,12,2319,DeVante,Parker,MIA,WR,Active,5
519398167841558528,NCAA USA,519398170051956736,6,4,69,460518714907815936,6,3157,Will,Fuller V,HOU,WR,Active,4
519398167841558528,NCAA USA,519398170051956736,6,3,70,609609385924173824,4,4984,Josh,Allen,BUF,QB,Active,2
519398167841558528,NCAA USA,519398170051956736,6,2,71,420055169137377280,8,6794,Justin,Jefferson,MIN,WR,Active,0
519398167841558528,NCAA USA,519398170051956736,6,1,72,519622716773429248,5,3161,Carson,Wentz,PHI,QB,Active,4
519398167841558528,NCAA USA,519398170051956736,7,1,73,519622716773429248,5,4066,Evan,Engram,NYG,TE,Active,3
519398167841558528,NCAA USA,519398170051956736,7,2,74,420055169137377280,8,2391,David,Johnson,HOU,RB,Active,5
519398167841558528,NCAA USA,519398170051956736,7,3,75,609609385924173824,4,4137,James,Conner,PIT,RB,Active,3
519398167841558528,NCAA USA,519398170051956736,7,4,76,460518714907815936,6,3214,Hunter,Henry,LAC,TE,Active,4
519398167841558528,NCAA USA,519398170051956736,7,5,77,561431859095334912,12,2749,Raheem,Mostert,SF,RB,Active,5
519398167841558528,NCAA USA,519398170051956736,7,6,78,561616808766005248,9,5848,Marquise,Brown,BAL,WR,Active,1
519398167841558528,NCAA USA,519398170051956736,7,7,79,389658700735868928,1,5038,Michael,Gallup,DAL,WR,Active,2
519398167841558528,NCAA USA,519398170051956736,7,8,80,89528070197100544,3,4098,Kareem,Hunt,CLE,RB,Active,3
519398167841558528,NCAA USA,519398170051956736,7,9,81,519740185771233280,10,6789,Henry,Ruggs III,LV,WR,Active,0
519398167841558528,NCAA USA,519398170051956736,7,10,82,561620293351694336,11,1110,T.Y.,Hilton,IND,WR,Active,8
519398167841558528,NCAA USA,519398170051956736,7,11,83,519394652409221120,7,6798,Jalen,Reagor,PHI,WR,Active,0
519398167841558528,NCAA USA,519398170051956736,7,12,84,451501690638561280,2,6819,Michael,Pittman Jr.,IND,WR,Active,0
519398167841558528,NCAA USA,519398170051956736,8,12,85,451501690638561280,2,5937,Diontae,Johnson,PIT,WR,Active,1
519398167841558528,NCAA USA,519398170051956736,8,11,86,519394652409221120,7,6801,Tee,Higgins,CIN,WR,Active,0
519398167841558528,NCAA USA,519398170051956736,8,10,87,561620293351694336,11,6885,Ke'Shawn,Vaughn,TB,RB,Active,0
519398167841558528,NCAA USA,519398170051956736,8,9,88,519740185771233280,10,4949,Derrius,Guice,WAS,RB,Active,2
519398167841558528,NCAA USA,519398170051956736,8,8,89,89528070197100544,3,5068,Kerryon,Johnson,DET,RB,Active,2
519398167841558528,NCAA USA,519398170051956736,8,7,90,389658700735868928,1,956,Mark,Ingram II,BAL,RB,Active,9
519398167841558528,NCAA USA,519398170051956736,8,6,91,561616808766005248,9,830,A.J.,Green,CIN,WR,Active,9
519398167841558528,NCAA USA,519398170051956736,8,5,92,561431859095334912,12,6149,Darius,Slayton,NYG,WR,Active,1
519398167841558528,NCAA USA,519398170051956736,8,4,93,460518714907815936,6,96,Aaron,Rodgers,GB,QB,Active,15
519398167841558528,NCAA USA,519398170051956736,8,3,94,609609385924173824,4,5857,Noah,Fant,DEN,TE,Active,1
519398167841558528,NCAA USA,519398170051956736,8,2,95,420055169137377280,8,6849,Denzel,Mims,NYJ,WR,Active,0
519398167841558528,NCAA USA,519398170051956736,8,1,96,519622716773429248,5,5878,N'Keal,Harry,NE,WR,Active,1
519398167841558528,NCAA USA,519398170051956736,9,1,97,519622716773429248,5,5916,Darrell,Henderson Jr.,LAR,RB,Active,1
519398167841558528,NCAA USA,519398170051956736,9,2,98,420055169137377280,8,6803,Brandon,Aiyuk,SF,WR,Active,0
519398167841558528,NCAA USA,519398170051956736,9,3,99,609609385924173824,4,4068,Mike,Williams,LAC,WR,Active,3
519398167841558528,NCAA USA,519398170051956736,9,4,100,460518714907815936,6,4152,Marlon,Mack,IND,RB,Active,3
519398167841558528,NCAA USA,519398170051956736,9,5,101,561431859095334912,12,4993,Mike,Gesicki,MIA,TE,Active,2
519398167841558528,NCAA USA,519398170051956736,9,6,102,561616808766005248,9,5170,Phillip,Lindsay,DEN,RB,Active,2
519398167841558528,NCAA USA,519398170051956736,9,7,103,389658700735868928,1,6770,Joe,Burrow,CIN,QB,Active,0
519398167841558528,NCAA USA,519398170051956736,9,8,104,89528070197100544,3,6814,Laviska,Shenault Jr.,JAX,WR,Active,0
519398167841558528,NCAA USA,519398170051956736,9,9,105,519740185771233280,10,3202,Austin,Hooper,CLE,TE,Active,4
519398167841558528,NCAA USA,519398170051956736,9,10,106,561620293351694336,11,2197,Brandin,Cooks,HOU,WR,Active,6
519398167841558528,NCAA USA,519398170051956736,9,11,107,519394652409221120,7,5844,T.J.,Hockenson,DET,TE,Active,1
519398167841558528,NCAA USA,519398170051956736,9,12,108,451501690638561280,2,4892,Baker,Mayfield,CLE,QB,Active,2
519398167841558528,NCAA USA,519398170051956736,10,12,109,451501690638561280,2,6148,Preston,Williams,MIA,WR,Active,1
519398167841558528,NCAA USA,519398170051956736,10,11,110,519394652409221120,7,4962,Sony,Michel,NE,RB,Active,2
519398167841558528,NCAA USA,519398170051956736,10,10,111,561620293351694336,11,1264,Justin,Tucker,BAL,K,Active,8
519398167841558528,NCAA USA,519398170051956736,10,9,112,519740185771233280,10,5917,Mecole,Hardman,KC,WR,Active,1
519398167841558528,NCAA USA,519398170051956736,10,8,113,89528070197100544,3,3271,Tyler,Higbee,LAR,TE,Active,4
519398167841558528,NCAA USA,519398170051956736,10,7,114,389658700735868928,1,5013,Anthony,Miller,CHI,WR,Active,2
519398167841558528,NCAA USA,519398170051956736,10,6,115,561616808766005248,9,4455,Matt,Breida,MIA,RB,Active,3
519398167841558528,NCAA USA,519398170051956736,10,5,116,561431859095334912,12,NE,New England,Patriots,NE,DEF,,
519398167841558528,NCAA USA,519398170051956736,10,4,117,460518714907815936,6,4082,Curtis,Samuel,CAR,WR,Active,3
519398167841558528,NCAA USA,519398170051956736,10,3,118,609609385924173824,4,6768,Tua,Tagovailoa,MIA,QB,Active,0
519398167841558528,NCAA USA,519398170051956736,10,2,119,420055169137377280,8,5870,Daniel,Jones,NYG,QB,Active,1
519398167841558528,NCAA USA,519398170051956736,10,1,120,519622716773429248,5,899,Dan,Bailey,MIN,K,Active,9
519398167841558528,NCAA USA,519398170051956736,11,1,121,519622716773429248,5,LAC,Los Angeles,Chargers,LAC,DEF,,
519398167841558528,NCAA USA,519398170051956736,11,2,122,420055169137377280,8,24,Matt,Ryan,ATL,QB,Active,12
519398167841558528,NCAA USA,519398170051956736,11,3,123,609609385924173824,4,6845,Zack,Moss,BUF,RB,Active,0
519398167841558528,NCAA USA,519398170051956736,11,4,124,460518714907815936,6,421,Matthew,Stafford,DET,QB,Active,11
519398167841558528,NCAA USA,519398170051956736,11,5,125,561431859095334912,12,3200,Sterling,Shepard,NYG,WR,Active,4
519398167841558528,NCAA USA,519398170051956736,11,6,126,561616808766005248,9,SF,San Francisco,49ers,SF,DEF,,
519398167841558528,NCAA USA,519398170051956736,11,7,127,389658700735868928,1,1067,Marvin,Jones Jr.,DET,WR,Active,8
519398167841558528,NCAA USA,519398170051956736,11,8,128,89528070197100544,3,3306,Jordan,Howard,MIA,RB,Active,4
519398167841558528,NCAA USA,519398170051956736,11,9,129,519740185771233280,10,5987,Alexander,Mattison,MIN,RB,Active,1
519398167841558528,NCAA USA,519398170051956736,11,10,130,561620293351694336,11,BAL,Baltimore,Ravens,BAL,DEF,,
519398167841558528,NCAA USA,519398170051956736,11,11,131,519394652409221120,7,3163,Jared,Goff,LAR,QB,Active,4
519398167841558528,NCAA USA,519398170051956736,11,12,132,451501690638561280,2,4973,Hayden,Hurst,ATL,TE,Active,2
519398167841558528,NCAA USA,519398170051956736,12,12,133,451501690638561280,2,2410,Jamison,Crowder,NYJ,WR,Active,5
519398167841558528,NCAA USA,519398170051956736,12,11,134,519394652409221120,7,CHI,Chicago,Bears,CHI,DEF,,
519398167841558528,NCAA USA,519398170051956736,12,10,135,561620293351694336,11,5052,Ronald,Jones II,TB,RB,Active,2
519398167841558528,NCAA USA,519398170051956736,12,9,136,519740185771233280,10,BUF,Buffalo,Bills,BUF,DEF,,
519398167841558528,NCAA USA,519398170051956736,12,8,137,89528070197100544,3,6878,Anthony,McFarland Jr.,PIT,RB,Active,0
519398167841558528,NCAA USA,519398170051956736,12,7,138,389658700735868928,1,4144,Jonnu,Smith,TEN,TE,Active,3
519398167841558528,NCAA USA,519398170051956736,12,6,139,561616808766005248,9,538,Emmanuel,Sanders,NO,WR,Active,10
519398167841558528,NCAA USA,519398170051956736,12,5,140,561431859095334912,12,1848,James,White,NE,RB,Active,6
519398167841558528,NCAA USA,519398170051956736,12,4,141,460518714907815936,6,PIT,Pittsburgh,Steelers,PIT,DEF,,
519398167841558528,NCAA USA,519398170051956736,12,3,142,609609385924173824,4,IND,Indianapolis,Colts,IND,DEF,,
519398167841558528,NCAA USA,519398170051956736,12,2,143,420055169137377280,8,5880,Parris,Campbell,IND,WR,Active,1
519398167841558528,NCAA USA,519398170051956736,12,1,144,519622716773429248,5,4157,Tarik,Cohen,CHI,RB,Active,3
519398167841558528,NCAA USA,519398170051956736,13,1,145,519622716773429248,5,2238,John,Brown,BUF,WR,Active,6
519398167841558528,NCAA USA,519398170051956736,13,2,146,420055169137377280,8,6126,Irv,Smith Jr.,MIN,TE,Active,1
519398167841558528,NCAA USA,519398170051956736,13,3,147,609609385924173824,4,515,Rob,Gronkowski,TB,TE,Active,10
519398167841558528,NCAA USA,519398170051956736,13,4,148,460518714907815936,6,344,Julian,Edelman,NE,WR,Active,11
519398167841558528,NCAA USA,519398170051956736,13,5,149,561431859095334912,12,6870,Bryan,Edwards,LV,WR,Active,0
519398167841558528,NCAA USA,519398170051956736,13,6,150,561616808766005248,9,1817,Sammy,Watkins,KC,WR,Active,6
519398167841558528,NCAA USA,519398170051956736,13,7,151,389658700735868928,1,1833,Damien,Williams,KC,RB,Active,6
519398167841558528,NCAA USA,519398170051956736,13,8,152,89528070197100544,3,7064,Darrynton,Evans,TEN,RB,Active,0
519398167841558528,NCAA USA,519398170051956736,13,9,153,519740185771233280,10,4666,Younghoe,Koo,ATL,K,Active,3
519398167841558528,NCAA USA,519398170051956736,13,10,154,561620293351694336,11,1049,Ryan,Tannehill,TEN,QB,Active,8
519398167841558528,NCAA USA,519398170051956736,13,11,155,519394652409221120,7,6828,A.J.,Dillon,GB,RB,Active,0
519398167841558528,NCAA USA,519398170051956736,13,12,156,451501690638561280,2,4943,Sam,Darnold,NYJ,QB,Active,2
519398167841558528,NCAA USA,519398170051956736,14,12,157,451501690638561280,2,6945,Antonio,Gibson,WAS,RB,Active,0
519398167841558528,NCAA USA,519398170051956736,14,11,158,519394652409221120,7,3423,Robby,Anderson,CAR,WR,Active,4
519398167841558528,NCAA USA,519398170051956736,14,10,159,561620293351694336,11,642,Golden,Tate,NYG,WR,Active,10
519398167841558528,NCAA USA,519398170051956736,14,9,160,519740185771233280,10,5854,Drew,Lock,DEN,QB,Active,1
519398167841558528,NCAA USA,519398170051956736,14,8,161,89528070197100544,3,5022,Dallas,Goedert,PHI,TE,Active,2
519398167841558528,NCAA USA,519398170051956736,14,7,162,389658700735868928,1,6886,Chase,Claypool,PIT,WR,Active,0
519398167841558528,NCAA USA,519398170051956736,14,6,163,561616808766005248,9,167,Tom,Brady,TB,QB,Active,20
519398167841558528,NCAA USA,519398170051956736,14,5,164,561431859095334912,12,2382,Duke,Johnson,HOU,RB,Active,5
519398167841558528,NCAA USA,519398170051956736,14,4,165,460518714907815936,6,367,Jared,Cook,NO,TE,Active,11
519398167841558528,NCAA USA,519398170051956736,14,3,166,609609385924173824,4,6805,K.J.,Hamler,DEN,WR,Active,0
519398167841558528,NCAA USA,519398170051956736,14,2,167,420055169137377280,8,7045,Joshua,Kelley,LAC,RB,Active,0
519398167841558528,NCAA USA,519398170051956736,14,1,168,519622716773429248,5,4985,Rashaad,Penny,SEA,RB,Active,2
519398167841558528,NCAA USA,519398170051956736,15,1,169,519622716773429248,5,1166,Kirk,Cousins,MIN,QB,Active,8
519398167841558528,NCAA USA,519398170051956736,15,2,170,420055169137377280,8,LAR,Los Angeles,Rams,LAR,DEF,,
519398167841558528,NCAA USA,519398170051956736,15,3,171,609609385924173824,4,2378,Tevin,Coleman,SF,RB,Active,5
519398167841558528,NCAA USA,519398170051956736,15,4,172,460518714907815936,6,4227,Harrison,Butker,KC,K,Active,3
519398167841558528,NCAA USA,519398170051956736,15,5,173,561431859095334912,12,5024,James,Washington,PIT,WR,Active,2
519398167841558528,NCAA USA,519398170051956736,15,6,174,561616808766005248,9,3678,Wil,Lutz,NO,K,Active,4
519398167841558528,NCAA USA,519398170051956736,15,7,175,389658700735868928,1,5967,Tony,Pollard,DAL,RB,Active,1
519398167841558528,NCAA USA,519398170051956736,15,8,176,89528070197100544,3,CAR,Carolina,Panthers,CAR,DEF,,
519398167841558528,NCAA USA,519398170051956736,15,9,177,519740185771233280,10,5890,Damien,Harris,NE,RB,Active,1
519398167841558528,NCAA USA,519398170051956736,15,10,178,561620293351694336,11,6847,Devin,Duvernay,BAL,WR,Active,0
519398167841558528,NCAA USA,519398170051956736,15,11,179,519394652409221120,7,4146,Dede,Westbrook,JAX,WR,Active,3
519398167841558528,NCAA USA,519398170051956736,15,12,180,451501690638561280,2,5347,Nyheim,Hines,IND,RB,Active,2
519398167841558528,NCAA USA,519398170051956736,16,12,181,451501690638561280,2,5185,Allen,Lazard,GB,WR,Active,2
519398167841558528,NCAA USA,519398170051956736,16,11,182,519394652409221120,7,1433,Brandon,McManus,DEN,K,Active,7
519398167841558528,NCAA USA,519398170051956736,16,10,183,561620293351694336,11,4033,David,Njoku,CLE,TE,Active,3
519398167841558528,NCAA USA,519398170051956736,16,9,184,519740185771233280,10,4171,Josh,Reynolds,LAR,WR,Active,3
519398167841558528,NCAA USA,519398170051956736,16,8,185,89528070197100544,3,6957,James,Proche,BAL,WR,Active,0
519398167841558528,NCAA USA,519398170051956736,16,7,186,389658700735868928,1,6909,Lynn,Bowden Jr.,LV,RB,Active,0
519398167841558528,NCAA USA,519398170051956736,16,6,187,561616808766005248,9,4995,Ian,Thomas,CAR,TE,Active,2
519398167841558528,NCAA USA,519398170051956736,16,5,188,561431859095334912,12,289,Drew,Brees,NO,QB,Active,19
519398167841558528,NCAA USA,519398170051956736,16,4,189,460518714907815936,6,1149,Alshon,Jeffery,PHI,WR,Active,8
519398167841558528,NCAA USA,519398170051956736,16,3,190,609609385924173824,4,6853,Van,Jefferson,LAR,WR,Active,0
519398167841558528,NCAA USA,519398170051956736,16,2,191,420055169137377280,8,6797,Justin,Herbert,LAC,QB,Active,0
519398167841558528,NCAA USA,519398170051956736,16,1,192,519622716773429248,5,5906,Dawson,Knox,BUF,TE,Active,1
519398167841558528,NCAA USA,519398170051956736,17,1,193,519622716773429248,5,4233,Zane,Gonzalez,ARI,K,Active,3
519398167841558528,NCAA USA,519398170051956736,17,2,194,420055169137377280,8,5000,Chase,Edmonds,ARI,RB,Active,2
519398167841558528,NCAA USA,519398170051956736,17,3,195,609609385924173824,4,2118,Eric,Ebron,PIT,TE,Active,6
519398167841558528,NCAA USA,519398170051956736,17,4,196,460518714907815936,6,1837,Jimmy,Garoppolo,SF,QB,Active,6
519398167841558528,NCAA USA,519398170051956736,17,5,197,561431859095334912,12,6156,Benny,Snell Jr.,PIT,RB,Active,1
519398167841558528,NCAA USA,519398170051956736,17,6,198,561616808766005248,9,5955,Hunter,Renfrow,LV,WR,Active,1
519398167841558528,NCAA USA,519398170051956736,17,7,199,389658700735868928,1,1476,Latavius,Murray,NO,RB,Active,7
519398167841558528,NCAA USA,519398170051956736,17,8,200,89528070197100544,3,6960,Tyler,Johnson,TB,WR,Active,0
519398167841558528,NCAA USA,519398170051956736,17,9,201,519740185771233280,10,TB,Tampa Bay,Buccaneers,TB,DEF,,
519398167841558528,NCAA USA,519398170051956736,17,10,202,561620293351694336,11,DAL,Dallas,Cowboys,DAL,DEF,,
519398167841558528,NCAA USA,519398170051956736,17,11,203,519394652409221120,7,4055,O.J.,Howard,TB,TE,Active,3
519398167841558528,NCAA USA,519398170051956736,17,12,204,451501690638561280,2,4571,Blake,Jarwin,DAL,TE,Active,3
519398167841558528,NCAA USA,519398170051956736,18,12,205,451501690638561280,2,5845,Dwayne,Haskins Jr.,WAS,QB,Active,1
519398167841558528,NCAA USA,519398170051956736,18,11,206,519394652409221120,7,5122,Boston,Scott,PHI,RB,Active,2
519398167841558528,NCAA USA,519398170051956736,18,10,207,561620293351694336,11,4036,Corey,Davis,TEN,WR,Active,3
519398167841558528,NCAA USA,519398170051956736,18,9,208,519740185771233280,10,1071,Mohamed,Sanu Sr.,NE,WR,Active,8
519398167841558528,NCAA USA,519398170051956736,18,8,209,89528070197100544,3,2152,Teddy,Bridgewater,CAR,QB,Active,6
519398167841558528,NCAA USA,519398170051956736,18,7,210,389658700735868928,1,138,Ben,Roethlisberger,PIT,QB,Active,16
519398167841558528,NCAA USA,519398170051956736,18,6,211,561616808766005248,9,6826,Cole,Kmet,CHI,TE,Active,0
519398167841558528,NCAA USA,519398170051956736,18,5,212,561431859095334912,12,DEN,Denver,Broncos,DEN,DEF,,
519398167841558528,NCAA USA,519398170051956736,18,4,213,460518714907815936,6,2331,Breshad,Perriman,NYJ,WR,Active,5
519398167841558528,NCAA USA,519398170051956736,18,3,214,609609385924173824,4,6906,Antonio,Gandy-Golden,WAS,WR,Active,0
519398167841558528,NCAA USA,519398170051956736,18,2,215,420055169137377280,8,5915,Andy,Isabella,ARI,WR,Active,1
519398167841558528,NCAA USA,519398170051956736,18,1,216,519622716773429248,5,1379,Kyle,Juszczyk,SF,RB,Active,7
519398167841558528,NCAA USA,519398170051956736,19,1,217,519622716773429248,5,SEA,Seattle,Seahawks,SEA,DEF,,
519398167841558528,NCAA USA,519398170051956736,19,2,218,420055169137377280,8,6007,Ryquell,Armstead,JAX,RB,Active,1
519398167841558528,NCAA USA,519398170051956736,19,3,219,609609385924173824,4,2161,Jerick,McKinnon,SF,RB,Active,6
519398167841558528,NCAA USA,519398170051956736,19,4,220,460518714907815936,6,6951,Eno,Benjamin,ARI,RB,Active,0
519398167841558528,NCAA USA,519398170051956736,19,5,221,561431859095334912,12,775,Stephen,Hauschka,BUF,K,Active,12
519398167841558528,NCAA USA,519398170051956736,19,6,222,561616808766005248,9,184,Adrian,Peterson,WAS,RB,Active,13
519398167841558528,NCAA USA,519398170051956736,19,7,223,389658700735868928,1,4038,John,Ross III,CIN,WR,Active,3
519398167841558528,NCAA USA,519398170051956736,19,8,224,89528070197100544,3,6869,Adam,Trautman,NO,TE,Active,0
519398167841558528,NCAA USA,519398170051956736,19,9,225,519740185771233280,10,5995,Justice,Hill,BAL,RB,Active,1
519398167841558528,NCAA USA,519398170051956736,19,10,226,561620293351694336,11,232,Frank,Gore,NYJ,RB,Active,15
519398167841558528,NCAA USA,519398170051956736,19,11,227,519394652409221120,7,5046,Royce,Freeman,DEN,RB,Active,2
519398167841558528,NCAA USA,519398170051956736,19,12,228,451501690638561280,2,6139,Jace,Sternberger,GB,TE,Active,1
519398167841558528,NCAA USA,519398170051956736,20,12,229,451501690638561280,2,5965,Miles,Boykin,BAL,WR,Active,1
519398167841558528,NCAA USA,519398170051956736,20,11,230,519394652409221120,7,GB,Green Bay,Packers,GB,DEF,,
519398167841558528,NCAA USA,519398170051956736,20,10,231,561620293351694336,11,223,Larry,Fitzgerald,ARI,WR,Active,16
519398167841558528,NCAA USA,519398170051956736,20,9,232,519740185771233280,10,6011,Gardner,Minshew II,JAX,QB,Active,1
519398167841558528,NCAA USA,519398170051956736,20,8,233,89528070197100544,3,5131,Justin,Jackson,LAC,RB,Active,2
519398167841558528,NCAA USA,519398170051956736,20,7,234,389658700735868928,1,6904,Jalen,Hurts,PHI,QB,Active,0
519398167841558528,NCAA USA,519398170051956736,20,6,235,561616808766005248,9,695,Ted,Ginn Jr.,CHI,WR,Active,13
519398167841558528,NCAA USA,519398170051956736,20,5,236,561431859095334912,12,5010,Will,Dissly,SEA,TE,Active,2
519398167841558528,NCAA USA,519398170051956736,20,4,237,460518714907815936,6,5107,Jaylen,Samuels,PIT,RB,Active,2
519398167841558528,NCAA USA,519398170051956736,20,3,238,609609385924173824,4,6931,DeeJay,Dallas,SEA,RB,Active,0
519398167841558528,NCAA USA,519398170051956736,20,2,239,420055169137377280,8,5863,J.J.,Arcega-Whiteside,PHI,WR,Active,1
519398167841558528,NCAA USA,519398170051956736,20,1,240,519622716773429248,5,4218,Trent,Taylor,SF,WR,Active,3
519398167841558528,NCAA USA,519398170051956736,21,1,241,519622716773429248,5,2583,Tyrell,Williams,LV,WR,Active,5
519398167841558528,NCAA USA,519398170051956736,21,2,242,420055169137377280,8,1706,Jack,Doyle,IND,TE,Active,7
519398167841558528,NCAA USA,519398170051956736,21,3,243,609609385924173824,4,3451,Ka'imi,Fairbairn,HOU,K,Active,4
519398167841558528,NCAA USA,519398170051956736,21,4,244,460518714907815936,6,943,Kyle,Rudolph,MIN,TE,Active,9
519398167841558528,NCAA USA,519398170051956736,21,5,245,561431859095334912,12,147,DeSean,Jackson,PHI,WR,Active,12
519398167841558528,NCAA USA,519398170051956736,21,6,246,561616808766005248,9,6913,Joe,Reed,LAC,WR,Active,0
519398167841558528,NCAA USA,519398170051956736,21,7,247,389658700735868928,1,6895,Quintez,Cephus,DET,WR,Active,0
519398167841558528,NCAA USA,519398170051956736,21,8,248,89528070197100544,3,5110,Russell,Gage,ATL,WR,Active,2
519398167841558528,NCAA USA,519398170051956736,21,9,249,519740185771233280,10,4089,Gerald,Everett,LAR,TE,Active,3
519398167841558528,NCAA USA,519398170051956736,21,10,250,561620293351694336,11,333,Ryan,Fitzpatrick,MIA,QB,Active,15
519398167841558528,NCAA USA,519398170051956736,21,11,251,519394652409221120,7,1984,Allen,Hurns,MIA,WR,Active,6
519398167841558528,NCAA USA,519398170051956736,21,12,252,451501690638561280,2,5884,Kelvin,Harmon,WAS,WR,Active,1
519398167841558528,NCAA USA,519398170051956736,22,12,253,451501690638561280,2,6908,Lamical,Perine,NYJ,RB,Active,0
519398167841558528,NCAA USA,519398170051956736,22,11,254,519394652409221120,7,4149,Jamaal,Williams,GB,RB,Active,3
519398167841558528,NCAA USA,519398170051956736,22,10,255,561620293351694336,11,KC,Kansas City,Chiefs,KC,DEF,,
519398167841558528,NCAA USA,519398170051956736,22,9,256,519740185771233280,10,928,Randall,Cobb,HOU,WR,Active,9
519398167841558528,NCAA USA,519398170051956736,22,8,257,89528070197100544,3,5119,Jason,Sanders,MIA,K,Active,2
519398167841558528,NCAA USA,519398170051956736,22,7,258,389658700735868928,1,6402,Steven,Sims Jr.,WAS,WR,Active,1
519398167841558528,NCAA USA,519398170051956736,22,6,259,561616808766005248,9,1911,Willie,Snead IV,BAL,WR,Active,6
519398167841558528,NCAA USA,519398170051956736,22,5,260,561431859095334912,12,5026,Tre'Quan,Smith,NO,WR,Active,2
519398167841558528,NCAA USA,519398170051956736,22,4,261,460518714907815936,6,NO,New Orleans,Saints,NO,DEF,,
519398167841558528,NCAA USA,519398170051956736,22,3,262,609609385924173824,4,954,Cam,Newton,NE,QB,Active,9
519398167841558528,NCAA USA,519398170051956736,22,2,263,420055169137377280,8,5130,Auden,Tate,CIN,WR,Active,2
519398167841558528,NCAA USA,519398170051956736,22,1,264,519622716773429248,5,5911,Jalen,Hurd,SF,WR,Active,1
519398167841558528,NCAA USA,519398170051956736,23,1,265,519622716773429248,5,4421,Jacob,Hollister,SEA,TE,Active,3
519398167841558528,NCAA USA,519398170051956736,23,2,266,420055169137377280,8,5886,Hakeem,Butler,ARI,WR,Active,1
519398167841558528,NCAA USA,519398170051956736,23,3,267,609609385924173824,4,MIN,Minnesota,Vikings,MIN,DEF,,
519398167841558528,NCAA USA,519398170051956736,23,4,268,460518714907815936,6,1555,Kenny,Stills,HOU,WR,Active,7
519398167841558528,NCAA USA,519398170051956736,23,5,269,561431859095334912,12,2257,Carlos,Hyde,SEA,RB,Active,6
519398167841558528,NCAA USA,519398170051956736,23,6,270,561616808766005248,9,1386,Giovani,Bernard,CIN,RB,Active,7
519398167841558528,NCAA USA,519398170051956736,23,7,271,389658700735868928,1,58,Greg,Olsen,SEA,TE,Active,13
519398167841558528,NCAA USA,519398170051956736,23,8,272,89528070197100544,3,TEN,Tennessee,Titans,TEN,DEF,,
519398167841558528,NCAA USA,519398170051956736,23,9,273,519740185771233280,10,536,Antonio,Brown,,WR,Inactive,10
519398167841558528,NCAA USA,519398170051956736,23,10,274,561620293351694336,11,1144,Cole,Beasley,BUF,WR,Active,8
519398167841558528,NCAA USA,519398170051956736,23,11,275,519394652409221120,7,331,Philip,Rivers,IND,QB,Active,16
519398167841558528,NCAA USA,519398170051956736,23,12,276,451501690638561280,2,CLE,Cleveland,Browns,CLE,DEF,,
519398167841558528,NCAA USA,519398170051956736,24,12,277,451501690638561280,2,5086,Marquez,Valdes-Scantling,GB,WR,Active,2
519398167841558528,NCAA USA,519398170051956736,24,11,278,519394652409221120,7,5007,Keke,Coutee,HOU,WR,Active,2
519398167841558528,NCAA USA,519398170051956736,24,10,279,561620293351694336,11,1287,Kai,Forbath,DAL,K,Active,9
519398167841558528,NCAA USA,519398170051956736,24,9,280,519740185771233280,10,3286,Demarcus,Robinson,KC,WR,Active,4
519398167841558528,NCAA USA,519398170051956736,24,8,281,89528070197100544,3,1266,Greg,Zuerlein,DAL,K,Active,8
519398167841558528,NCAA USA,519398170051956736,24,7,282,389658700735868928,1,PHI,Philadelphia,Eagles,PHI,DEF,,
519398167841558528,NCAA USA,519398170051956736,24,6,283,561616808766005248,9,5111,Javon,Wims,CHI,WR,Active,2
519398167841558528,NCAA USA,519398170051956736,24,5,284,561431859095334912,12,2028,Derek,Carr,LV,QB,Active,6
519398167841558528,NCAA USA,519398170051956736,24,4,285,460518714907815936,6,3297,Tajaé,Sharpe,MIN,WR,Active,4
519398167841558528,NCAA USA,519398170051956736,24,3,286,609609385924173824,4,2346,Devin,Funchess,GB,WR,Active,5
519398167841558528,NCAA USA,519398170051956736,24,2,287,420055169137377280,8,4319,Zach,Pascal,IND,WR,Active,3
519398167841558528,NCAA USA,519398170051956736,24,1,288,519622716773429248,5,6943,Gabriel,Davis,BUF,WR,Active,0
519398167841558528,NCAA USA,519398170051956736,25,1,289,519622716773429248,5,6956,Devin,Asiasi,NE,TE,Active,0
519398167841558528,NCAA USA,519398170051956736,25,2,290,420055169137377280,8,1244,Josh,Gordon,,WR,Inactive,8
519398167841558528,NCAA USA,519398170051956736,25,3,291,609609385924173824,4,6920,Isaiah,Hodgins,BUF,WR,Active,0
519398167841558528,NCAA USA,519398170051956736,25,4,292,460518714907815936,6,2588,Malcolm,Brown,LAR,RB,Active,5
519398167841558528,NCAA USA,519398170051956736,25,5,293,561431859095334912,12,5889,Bryce,Love,WAS,RB,Active,1
519398167841558528,NCAA USA,519398170051956736,25,6,294,561616808766005248,9,4992,Dante,Pettis,SF,WR,Active,2
519398167841558528,NCAA USA,519398170051956736,25,7,295,389658700735868928,1,6824,Donovan,Peoples-Jones,CLE,WR,Active,0
519398167841558528,NCAA USA,519398170051956736,25,8,296,89528070197100544,3,1502,Chris,Thompson,JAX,RB,Active,7
519398167841558528,NCAA USA,519398170051956736,25,9,297,519740185771233280,10,3503,Geronimo,Allison,DET,WR,Active,4
519398167841558528,NCAA USA,519398170051956736,25,10,298,561620293351694336,11,6843,Albert,Okwuegbunam,DEN,TE,Active,0
519398167841558528,NCAA USA,519398170051956736,25,11,299,519394652409221120,7,1034,Brandon,Bolden,NE,RB,Active,8
519398167841558528,NCAA USA,519398170051956736,25,12,300,451501690638561280,2,5009,Chris,Herndon,NYJ,TE,Active,2
519398167841558528,NCAA USA,519398170051956736,26,12,301,451501690638561280,2,6804,Jordan,Love,GB,QB,Active,0
519398167841558528,NCAA USA,519398170051956736,26,11,302,519394652409221120,7,17,Matt,Prater,DET,K,Active,14
519398167841558528,NCAA USA,519398170051956736,26,10,303,561620293351694336,11,6178,Darwin,Thompson,KC,RB,Active,1
519398167841558528,NCAA USA,519398170051956736,26,9,304,519740185771233280,10,5248,Gus,Edwards,BAL,RB,Active,2
519398167841558528,NCAA USA,519398170051956736,26,8,305,89528070197100544,3,2306,Jameis,Winston,NO,QB,Active,5
519398167841558528,NCAA USA,519398170051956736,26,7,306,389658700735868928,1,6955,James,Robinson,JAX,RB,Active,0
519398167841558528,NCAA USA,519398170051956736,26,6,307,561616808766005248,9,3634,Kalif,Raymond,TEN,WR,Active,4
519398167841558528,NCAA USA,519398170051956736,26,5,308,561431859095334912,12,6919,Thaddeus,Moss,WAS,TE,Active,0
519398167841558528,NCAA USA,519398170051956736,26,4,309,460518714907815936,6,1793,Trey,Burton,IND,TE,Active,6
519398167841558528,NCAA USA,519398170051956736,26,3,310,609609385924173824,4,6136,Jarrett,Stidham,NE,QB,Active,1
519398167841558528,NCAA USA,519398170051956736,26,2,311,420055169137377280,8,3868,Jalen,Richard,LV,RB,Active,4
519398167841558528,NCAA USA,519398170051956736,26,1,312,519622716773429248,5,1029,Nick,Foles,CHI,QB,Active,8
519398167841558528,NCAA USA,519398170051956736,27,1,313,519622716773429248,5,3328,Rashard,Higgins,CLE,WR,Active,4
519398167841558528,NCAA USA,519398170051956736,27,2,314,420055169137377280,8,6823,Jacob,Eason,IND,QB,Active,0
519398167841558528,NCAA USA,519398170051956736,27,3,315,609609385924173824,4,5947,Jakobi,Meyers,NE,WR,Active,1
519398167841558528,NCAA USA,519398170051956736,27,4,316,460518714907815936,6,59,Mason,Crosby,GB,K,Active,13
519398167841558528,NCAA USA,519398170051956736,27,5,317,561431859095334912,12,2025,Albert,Wilson,MIA,WR,Active,6
519398167841558528,NCAA USA,519398170051956736,27,6,318,561616808766005248,9,676,LeSean,McCoy,,RB,Inactive,11
519398167841558528,NCAA USA,519398170051956736,27,7,319,389658700735868928,1,6088,Bisi,Johnson,MIN,WR,Active,1
519398167841558528,NCAA USA,519398170051956736,27,8,320,89528070197100544,3,1346,Marquise,Goodwin,PHI,WR,Active,7
519398167841558528,NCAA USA,519398170051956736,27,9,321,519740185771233280,10,2325,Nelson,Agholor,LV,WR,Active,5
519398167841558528,NCAA USA,519398170051956736,27,10,322,561620293351694336,11,1587,Vance,McDonald,PIT,TE,Active,7
519398167841558528,NCAA USA,519398170051956736,27,11,323,519394652409221120,7,ARI,Arizona,Cardinals,ARI,DEF,,
519398167841558528,NCAA USA,519398170051956736,27,12,324,451501690638561280,2,WAS,Washington,Redskins,WAS,DEF,,
519398167841558528,NCAA USA,519398170051956736,28,12,325,451501690638561280,2,5973,Josh,Oliver,JAX,TE,Active,1
519398167841558528,NCAA USA,519398170051956736,28,11,326,519394652409221120,7,1592,Darren,Fells,HOU,TE,Active,7
519398167841558528,NCAA USA,519398170051956736,28,10,327,561620293351694336,11,5284,Jeff,Wilson Jr.,SF,RB,Active,2
519398167841558528,NCAA USA,519398170051956736,28,9,328,519740185771233280,10,49,Robbie,Gould,SF,K,Active,15
519398167841558528,NCAA USA,519398170051956736,28,8,329,89528070197100544,3,6866,K.J.,Hill,LAC,WR,Active,0
519398167841558528,NCAA USA,519398170051956736,28,7,330,389658700735868928,1,2381,Chris,Conley,JAX,WR,Active,5
519398167841558528,NCAA USA,519398170051956736,28,6,331,561616808766005248,9,JAX,Jacksonville,Jaguars,JAX,DEF,,
519398167841558528,NCAA USA,519398170051956736,28,5,332,561431859095334912,12,6001,Drew,Sample,CIN,TE,Active,1
519398167841558528,NCAA USA,519398170051956736,28,4,333,460518714907815936,6,3976,Mitchell,Trubisky,CHI,QB,Active,3
519398167841558528,NCAA USA,519398170051956736,28,3,334,609609385924173824,4,7085,Isaiah,Coulter,HOU,WR,Active,0
519398167841558528,NCAA USA,519398170051956736,28,2,335,420055169137377280,8,4454,Kendrick,Bourne,SF,WR,Active,3
519398167841558528,NCAA USA,519398170051956736,28,1,336,519622716773429248,5,HOU,Houston,Texans,HOU,DEF,,
519398167841558528,NCAA USA,519398170051956736,29,1,337,519622716773429248,5,6144,Trayveon,Williams,CIN,RB,Active,1
519398167841558528,NCAA USA,519398170051956736,29,2,338,420055169137377280,8,4195,Jake,Elliott,PHI,K,Active,3
519398167841558528,NCAA USA,519398170051956736,29,3,339,609609385924173824,4,5918,Rodney,Anderson,CIN,RB,Active,1
519398167841558528,NCAA USA,519398170051956736,29,4,340,460518714907815936,6,MIA,Miami,Dolphins,MIA,DEF,,
519398167841558528,NCAA USA,519398170051956736,29,5,341,561431859095334912,12,2821,Jake,Kumerow,GB,WR,Active,5
519398167841558528,NCAA USA,519398170051956736,29,6,342,561616808766005248,9,1535,Cordarrelle,Patterson,CHI,RB,Active,7
519398167841558528,NCAA USA,519398170051956736,29,7,343,389658700735868928,1,1387,Rex,Burkhead,NE,RB,Active,7
519398167841558528,NCAA USA,519398170051956736,29,8,344,89528070197100544,3,7086,John,Hightower,PHI,WR,Active,0
519398167841558528,NCAA USA,519398170051956736,29,9,345,519740185771233280,10,788,Dion,Lewis,NYG,RB,Active,9
519398167841558528,NCAA USA,519398170051956736,29,10,346,561620293351694336,11,4998,DaeSean,Hamilton,DEN,WR,Active,2
519398167841558528,NCAA USA,519398170051956736,29,11,347,519394652409221120,7,5004,Ito,Smith,ATL,RB,Active,2
519398167841558528,NCAA USA,519398170051956736,29,12,348,451501690638561280,2,2747,Jason,Myers,SEA,K,Active,5
519398167841558528,NCAA USA,519398170051956736,30,12,349,451501690638561280,2,5139,Trey,Quinn,WAS,WR,Active,2
519398167841558528,NCAA USA,519398170051956736,30,11,350,519394652409221120,7,503,Graham,Gano,CAR,K,Active,11
519398167841558528,NCAA USA,519398170051956736,30,10,351,561620293351694336,11,3257,Jacoby,Brissett,IND,QB,Active,4
519398167841558528,NCAA USA,519398170051956736,30,9,352,519740185771233280,10,7082,Dalton,Keene,NE,TE,Active,0
519398167841558528,NCAA USA,519398170051956736,30,8,353,89528070197100544,3,2460,C.J.,Uzomah,CIN,TE,Active,5
519398167841558528,NCAA USA,519398170051956736,30,7,354,389658700735868928,1,7090,Darnell,Mooney,CHI,WR,Active,0
519398167841558528,NCAA USA,519398170051956736,30,6,355,561616808766005248,9,5189,Eddy,Piñeiro,CHI,K,Active,2
519398167841558528,NCAA USA,519398170051956736,30,5,356,561431859095334912,12,5163,Ryan,Nall,CHI,RB,Active,2
519398167841558528,NCAA USA,519398170051956736,30,4,357,460518714907815936,6,5962,KeeSean,Johnson,ARI,WR,Active,1
519398167841558528,NCAA USA,519398170051956736,30,3,358,609609385924173824,4,5101,Deon,Cain,PIT,WR,Active,2
519398167841558528,NCAA USA,519398170051956736,30,2,359,420055169137377280,8,5199,Byron,Pringle,KC,WR,Active,2
519398167841558528,NCAA USA,519398170051956736,30,1,360,519622716773429248,5,5296,Elijah,Wellman,GB,RB,Active,2
519398167841558528,NCAA USA,519398170051956736,31,1,361,519622716773429248,5,1945,Chris,Boswell,PIT,K,Active,6
519398167841558528,NCAA USA,519398170051956736,31,2,362,420055169137377280,8,4669,Andre,Patton,LAC,WR,Active,3
519398167841558528,NCAA USA,519398170051956736,31,3,363,609609385924173824,4,5032,Jordan,Akins,HOU,TE,Active,2
519398167841558528,NCAA USA,519398170051956736,31,4,364,460518714907815936,6,5209,Mike,Boone,MIN,RB,Active,2
519398167841558528,NCAA USA,519398170051956736,31,5,365,561431859095334912,12,3594,Peyton,Barber,WAS,RB,Active,4
519398167841558528,NCAA USA,519398170051956736,31,6,366,561616808766005248,9,4381,Taysom,Hill,NO,QB,Active,3
519398167841558528,NCAA USA,519398170051956736,31,7,367,389658700735868928,1,5230,Michael,Badgley,LAC,K,Active,2
519398167841558528,NCAA USA,519398170051956736,31,8,368,89528070197100544,3,5374,Justin,Watson,TB,WR,Active,2
519398167841558528,NCAA USA,519398170051956736,31,9,369,519740185771233280,10,1388,Tyler,Eifert,JAX,TE,Active,7
519398167841558528,NCAA USA,519398170051956736,31,10,370,561620293351694336,11,2822,Adam,Humphries,TEN,WR,Active,5
519398167841558528,NCAA USA,519398170051956736,31,11,371,519394652409221120,7,5289,Cameron,Batson,TEN,WR,Active,2
519398167841558528,NCAA USA,519398170051956736,31,12,372,451501690638561280,2,6219,Austin,Seibert,CLE,K,Active,1
519398167841558528,NCAA USA,519398170051956736,32,12,373,451501690638561280,2,6996,JaMycal,Hasty,SF,RB,Active,0
519398167841558528,NCAA USA,519398170051956736,32,11,374,519394652409221120,7,4651,Corey,Clement,PHI,RB,Active,3
519398167841558528,NCAA USA,519398170051956736,32,10,375,561620293351694336,11,4080,Zay,Jones,LV,WR,Active,3
519398167841558528,NCAA USA,519398170051956736,32,9,376,519740185771233280,10,LV,Las Vegas,Raiders,LV,DEF,,
519398167841558528,NCAA USA,519398170051956736,32,8,377,89528070197100544,3,7107,Jason,Huntley,DET,RB,Active,0
519398167841558528,NCAA USA,519398170051956736,32,7,378,389658700735868928,1,2341,T.J.,Yeldon,BUF,RB,Active,5
519398167841558528,NCAA USA,519398170051956736,32,6,379,561616808766005248,9,3209,Devontae,Booker,LV,RB,Active,4
519398167841558528,NCAA USA,519398170051956736,32,5,380,561431859095334912,12,6628,Ventell,Bryant,DAL,WR,Active,1
519398167841558528,NCAA USA,519398170051956736,32,4,381,460518714907815936,6,2334,Phillip,Dorsett II,SEA,WR,Active,5
519398167841558528,NCAA USA,519398170051956736,32,3,382,609609385924173824,4,6850,Harrison,Bryant,CLE,TE,Active,0
519398167841558528,NCAA USA,519398170051956736,32,2,383,420055169137377280,8,4187,Brian,Hill,ATL,RB,Active,3
519398167841558528,NCAA USA,519398170051956736,32,1,384,519622716773429248,5,3433,Alex,Erickson,CIN,WR,Active,4
519398167841558528,NCAA USA,519398170051956736,33,1,385,519622716773429248,5,5112,Bo,Scarbrough,DET,RB,Active,2
519398167841558528,NCAA USA,519398170051956736,33,2,386,420055169137377280,8,6744,Greg,Ward,PHI,WR,Active,3
519398167841558528,NCAA USA,519398170051956736,33,3,387,609609385924173824,4,6012,Travis,Homer,SEA,RB,Active,1
519398167841558528,NCAA USA,519398170051956736,33,4,388,460518714907815936,6,3846,Duke,Williams,BUF,WR,Active,4
519398167841558528,NCAA USA,519398170051956736,33,5,389,561431859095334912,12,5127,Kyle,Allen,WAS,QB,Active,2
519398167841558528,NCAA USA,519398170051956736,33,6,390,561616808766005248,9,2004,Cody,Latimer,WAS,WR,Active,6
519398167841558528,NCAA USA,519398170051956736,33,7,391,389658700735868928,1,5873,Riley,Ridley,CHI,WR,Active,1
519398167841558528,NCAA USA,519398170051956736,33,8,392,89528070197100544,3,4221,Jeremy,Sprinkle,WAS,TE,Active,3
519398167841558528,NCAA USA,519398170051956736,33,9,393,519740185771233280,10,4150,Wayne,Gallman,NYG,RB,Active,3
519398167841558528,NCAA USA,519398170051956736,33,10,394,561620293351694336,11,1987,Marqise,Lee,NE,WR,Active,6
519398167841558528,NCAA USA,519398170051956736,33,11,395,519394652409221120,7,6271,Olamide,Zaccheaus,ATL,WR,Active,1
519398167841558528,NCAA USA,519398170051956736,33,12,396,451501690638561280,2,6918,Salvon,Ahmed,SF,RB,Active,0
519398167841558528,NCAA USA,519398170051956736,34,12,397,451501690638561280,2,827,Tyrod,Taylor,LAC,QB,Active,9
519398167841558528,NCAA USA,519398170051956736,34,11,398,519394652409221120,7,1425,Ryan,Griffin,NYJ,TE,Active,7
519398167841558528,NCAA USA,519398170051956736,34,10,399,561620293351694336,11,616,Jimmy,Graham,CHI,TE,Active,10
519398167841558528,NCAA USA,519398170051956736,34,9,400,519740185771233280,10,3178,Josh,Doctson,NYJ,WR,Active,4
519398167841558528,NCAA USA,519398170051956736,34,8,401,89528070197100544,3,6846,Hunter,Bryant,DET,TE,Active,0
519398167841558528,NCAA USA,519398170051956736,34,7,402,389658700735868928,1,2399,Ty,Montgomery,NO,RB,Active,5
519398167841558528,NCAA USA,519398170051956736,34,6,403,561616808766005248,9,6068,Devine,Ozigbo,JAX,RB,Active,1
519398167841558528,NCAA USA,519398170051956736,34,5,404,561431859095334912,12,3832,C.J.,Ham,MIN,RB,Active,4
519398167841558528,NCAA USA,519398170051956736,34,4,405,460518714907815936,6,6002,Qadree,Ollison,ATL,RB,Active,1
519398167841558528,NCAA USA,519398170051956736,34,3,406,609609385924173824,4,6083,Matt,Gay,TB,K,Active,1
519398167841558528,NCAA USA,519398170051956736,34,2,407,420055169137377280,8,5985,Foster,Moreau,LV,TE,Active,1
519398167841558528,NCAA USA,519398170051956736,34,1,408,519622716773429248,5,5549,Darrel,Williams,KC,RB,Active,2
519398167841558528,NCAA USA,519398170051956736,35,1,409,519622716773429248,5,3332,Andy,Janovich,CLE,RB,Active,4
519398167841558528,NCAA USA,519398170051956736,35,2,410,420055169137377280,8,6857,Collin,Johnson,JAX,WR,Active,0
519398167841558528,NCAA USA,519398170051956736,35,3,411,609609385924173824,4,7076,Jeff,Thomas,NE,WR,Active,0
519398167841558528,NCAA USA,519398170051956736,35,4,412,460518714907815936,6,4958,Brett,Maher,NYJ,K,Active,7
519398167841558528,NCAA USA,519398170051956736,35,5,413,561431859095334912,12,3445,Marcus,Johnson,IND,WR,Active,4
519398167841558528,NCAA USA,519398170051956736,35,6,414,561616808766005248,9,5260,Vyncint,Smith,NYJ,WR,Active,2
519398167841558528,NCAA USA,519398170051956736,35,7,415,389658700735868928,1,6832,Kalija,Lipscomb,KC,WR,Active,0
519398167841558528,NCAA USA,519398170051956736,35,8,416,89528070197100544,3,6528,Joey,Slye,CAR,K,Active,1
519398167841558528,NCAA USA,519398170051956736,35,9,417,519740185771233280,10,6311,Patrick,Laird,MIA,RB,Active,1
519398167841558528,NCAA USA,519398170051956736,35,10,418,561620293351694336,11,560,Demaryius,Thomas,,WR,Inactive,10
519398167841558528,NCAA USA,519398170051956736,35,11,419,519394652409221120,7,1854,Quincy,Enunwa,NYJ,WR,Physically Unable to Perform,6
519398167841558528,NCAA USA,519398170051956736,35,12,420,451501690638561280,2,2671,Josh,Lambo,JAX,K,Active,5
519398167841558528,NCAA USA,519398170051956736,36,12,421,451501690638561280,2,DET,Detroit,Lions,DET,DEF,,
519398167841558528,NCAA USA,519398170051956736,36,11,422,519394652409221120,7,829,Andy,Dalton,DAL,QB,Active,9
519398167841558528,NCAA USA,519398170051956736,36,10,423,561620293351694336,11,4718,Dare,Ogunbowale,TB,RB,Active,3
519398167841558528,NCAA USA,519398170051956736,36,9,424,519740185771233280,10,491,Danny,Amendola,DET,WR,Active,12
519398167841558528,NCAA USA,519398170051956736,36,8,425,89528070197100544,3,2307,Marcus,Mariota,LV,QB,Active,5
519398167841558528,NCAA USA,519398170051956736,36,7,426,389658700735868928,1,6146,Kaden,Smith,NYG,TE,Active,1
519398167841558528,NCAA USA,519398170051956736,36,6,427,561616808766005248,9,5250,Robert,Foster,BUF,WR,Active,2
519398167841558528,NCAA USA,519398170051956736,36,5,428,561431859095334912,12,4125,Taywan,Taylor,CLE,WR,Active,3
519398167841558528,NCAA USA,519398170051956736,36,4,429,460518714907815936,6,NYJ,New York,Jets,NYJ,DEF,,
519398167841558528,NCAA USA,519398170051956736,36,3,430,609609385924173824,4,6153,Dexter,Williams,GB,RB,Active,1
519398167841558528,NCAA USA,519398170051956736,36,2,431,420055169137377280,8,3342,Jakeem,Grant,MIA,WR,Active,4
519398167841558528,NCAA USA,519398170051956736,36,1,432,519622716773429248,5,2431,Mike,Davis,CAR,RB,Active,5
519398167841558528,NCAA USA,519398170051956736,37,1,433,519622716773429248,5,3300,DeAndre,Washington,KC,RB,Active,4
519398167841558528,NCAA USA,519398170051956736,37,2,434,420055169137377280,8,4351,Tim,Patrick,DEN,WR,Active,3
519398167841558528,NCAA USA,519398170051956736,37,3,435,609609385924173824,4,7050,Josiah,Deguara,GB,TE,Active,0
519398167841558528,NCAA USA,519398170051956736,37,4,436,460518714907815936,6,4994,Kalen,Ballage,MIA,RB,Active,2
519398167841558528,NCAA USA,519398170051956736,37,5,437,561431859095334912,12,1737,Case,Keenum,CLE,QB,Active,8
519398167841558528,NCAA USA,519398170051956736,37,6,438,561616808766005248,9,5100,Jordan,Wilkins,IND,RB,Active,2
519398167841558528,NCAA USA,519398170051956736,37,7,439,389658700735868928,1,CIN,Cincinnati,Bengals,CIN,DEF,,
519398167841558528,NCAA USA,519398170051956736,37,8,440,89528070197100544,3,5162,Reggie,Bonnafon,CAR,RB,Active,2
519398167841558528,NCAA USA,519398170051956736,37,9,441,519740185771233280,10,4274,David,Moore,SEA,WR,Active,3
519398167841558528,NCAA USA,519398170051956736,37,10,442,561620293351694336,11,2214,Cameron,Brate,TB,TE,Active,6
519398167841558528,NCAA USA,519398170051956736,37,11,443,519394652409221120,7,ATL,Atlanta,Falcons,ATL,DEF,,
519398167841558528,NCAA USA,519398170051956736,37,12,444,451501690638561280,2,5432,Cam,Sims,WAS,WR,Active,2
519398167841558528,NCAA USA,519398170051956736,38,12,445,451501690638561280,2,4741,Dan,Arnold,ARI,TE,Active,3
519398167841558528,NCAA USA,519398170051956736,38,11,446,519394652409221120,7,6650,Chase,McLaughlin,IND,K,Active,1
519398167841558528,NCAA USA,519398170051956736,38,10,447,561620293351694336,11,4622,Keelan,Cole,JAX,WR,Active,3
519398167841558528,NCAA USA,519398170051956736,38,9,448,519740185771233280,10,4263,Elijah,McGuire,KC,RB,Active,3
519398167841558528,NCAA USA,519398170051956736,38,8,449,89528070197100544,3,6927,Quez,Watkins,PHI,WR,Active,0
519398167841558528,NCAA USA,519398170051956736,38,7,450,389658700735868928,1,6989,Marquez,Callaway,NO,WR,Active,0
519398167841558528,NCAA USA,519398170051956736,38,6,451,561616808766005248,9,4252,Isaiah,Ford,MIA,WR,Active,3
519398167841558528,NCAA USA,519398170051956736,38,5,452,561431859095334912,12,5323,Equanimeous,St. Brown,GB,WR,Active,2
519398167841558528,NCAA USA,519398170051956736,38,4,453,460518714907815936,6,7121,Justin,Rohrwasser,NE,K,Active,0
519398167841558528,NCAA USA,519398170051956736,38,3,454,609609385924173824,4,6954,Cole,McDonald,TEN,QB,Active,0
519398167841558528,NCAA USA,519398170051956736,38,2,455,420055169137377280,8,NYG,New York,Giants,NYG,DEF,,
519398167841558528,NCAA USA,519398170051956736,38,1,456,519622716773429248,5,2474,Nick,Boyle,BAL,TE,Active,5
519398167841558528,NCAA USA,519398170051956736,39,1,457,519622716773429248,5,6926,Brycen,Hopkins,LAR,TE,Active,0
519398167841558528,NCAA USA,519398170051956736,39,2,458,420055169137377280,8,1348,Dustin,Hopkins,WAS,K,Active,7
519398167841558528,NCAA USA,519398170051956736,39,3,459,609609385924173824,4,3312,Jonathan,Williams,,RB,Inactive,4
519398167841558528,NCAA USA,519398170051956736,39,4,460,460518714907815936,6,5980,Myles,Gaskin,MIA,RB,Active,1
519398167841558528,NCAA USA,519398170051956736,39,5,461,561431859095334912,12,2487,Geremy,Davis,DET,WR,Active,5
519398167841558528,NCAA USA,519398170051956736,39,6,462,561616808766005248,9,2342,Devin,Smith,DAL,WR,Active,5
519398167841558528,NCAA USA,519398170051956736,39,7,463,389658700735868928,1,7049,Jauan,Jennings,SF,WR,Active,0
519398167841558528,NCAA USA,519398170051956736,39,8,464,89528070197100544,3,6985,Dezmon,Patmon,IND,WR,Active,0
519398167841558528,NCAA USA,519398170051956736,39,9,465,519740185771233280,10,3208,Kenneth,Dixon,NYJ,RB,Active,4
519398167841558528,NCAA USA,519398170051956736,39,10,466,561620293351694336,11,3155,Laquon,Treadwell,ATL,WR,Active,4
519398167841558528,NCAA USA,519398170051956736,39,11,467,519394652409221120,7,7081,James,Morgan,NYJ,QB,Active,0
519398167841558528,NCAA USA,519398170051956736,39,12,468,451501690638561280,2,6879,Quartney,Davis,MIN,WR,Active,0
519398167841558528,NCAA USA,519398170051956736,40,12,469,451501690638561280,2,6822,Jake,Fromm,BUF,QB,Active,0
519398167841558528,NCAA USA,519398170051956736,40,11,470,519394652409221120,7,284,Delanie,Walker,,TE,Inactive,14
519398167841558528,NCAA USA,519398170051956736,40,10,471,561620293351694336,11,3827,Aldrick,Rosas,NYG,K,Active,4
519398167841558528,NCAA USA,519398170051956736,40,9,472,519740185771233280,10,2673,Damiere,Byrd,NE,WR,Active,5
519398167841558528,NCAA USA,519398170051956736,40,8,473,89528070197100544,3,7228,Ahmad,Wagner,CHI,WR,Active,0
519398167841558528,NCAA USA,519398170051956736,40,7,474,389658700735868928,1,5076,John,Kelly,LAR,RB,Active,2
519398167841558528,NCAA USA,519398170051956736,40,6,475,561616808766005248,9,7005,Scottie,Phillips,HOU,RB,Active,0
519398167841558528,NCAA USA,519398170051956736,40,5,476,561431859095334912,12,4177,Mack,Hollins,MIA,WR,Active,3
519398167841558528,NCAA USA,519398170051956736,40,4,477,460518714907815936,6,4179,Joshua,Dobbs,JAX,QB,Active,3
519398167841558528,NCAA USA,519398170051956736,40,3,478,609609385924173824,4,7084,Jake,Luton,JAX,QB,Active,0
519398167841558528,NCAA USA,519398170051956736,40,2,479,420055169137377280,8,4972,Mason,Rudolph,PIT,QB,Active,2
519398167841558528,NCAA USA,519398170051956736,40,1,480,519622716773429248,5,7048,Benny,Lemay,CLE,RB,Active,0
