PlayerID,Name,Position,FantasyPositions,Team
1,GJ Kinne,QB,QB,
10,Stephen Tulloch,LB,LB,
100,Charles Woodson,FS,DB,
1000,Albert McClellan,LB,LB,
1001,Tyler Clutts,FB,RB,
1002,Damon Cromartie-Smith,SS,DB,
1003,Trindon Holliday,WR,WR,
1004,Ben Tate,RB,RB,
1005,D'Anthony Smith,DT,DL,
1006,Mitch Unrein,DE,DL,
1007,Kevin Brock,TE,TE,
1008,Donald Butler,LB,LB,
1009,Bryan Walters,WR,WR,
101,Jameel McClain,ILB,LB,
1010,Phillip Hunt,DE,DL|LB,
1011,A.Q. Shipley,C,OL,
1012,Christian Tupou,DE,DL,
1013,Doug Worthington,DT,DL,
1014,Richie Brockel,TE,RB|TE,
1015,Jed Collins,FB,RB,
1016,Brian De La Puente,C,OL,
1017,Tom Johnson,DT,DL,
1018,Ronald Talley,DE,DL,
1019,Brandon Browner,CB,DB,
102,Josh Brown,K,K,
1020,Terrelle Pryor,WR,WR,
1021,Michael McAdoo,ILB,LB,
10210,Cameron Latu,TE,TE,NE
10211,Camerun Peoples,RB,RB,
10212,Josh Whyle,TE,TE,GB
10213,Tre Tucker,WR,WR,LV
10214,Davis Allen,TE,TE,LAR
10215,Jake Haener,QB,QB,NYG
10216,Kenny McIntosh,RB,RB,
10217,Clayton Tune,QB,QB,
10218,Xavier Hutchinson,WR,WR,HOU
10219,Chris Rodriguez,RB,RB,JAX
1022,Thaddeus Lewis,QB,QB,
10220,Will Mallory,TE,TE,IND
10221,Ronnie Bell,WR,WR,
10222,Jayden Reed,WR,WR,GB
10223,Eric Gray,RB,RB,CLE
10224,Brayden Willis,TE,TE,SF
10225,Jonathan Mingo,WR,WR,DAL
10226,Andrei Iosivas,WR,WR,CIN
10227,Payne Durham,TE,TE,TB
10228,Charlie Jones,WR,WR,NYG
10229,Rashee Rice,WR,WR,KC
1023,Mike Pouncey,C,OL,
10230,Jalen Wayne,WR,WR,
10231,Elijah Higgins,TE,TE,ARI
10232,Michael Wilson,WR,WR,ARI
10233,Max Duggan,QB,QB,
10234,Derius Davis,WR,WR,LAC
10235,Roschon Johnson,RB,RB,CHI
10236,Dalton Kincaid,TE,TE,BUF
1024,Ross Ventrone,SS,DB,
1025,Brandon Boykin,CB,DB,
1026,Bryce Brown,RB,RB,
1027,Fletcher Cox,DT,DL,
1028,Vinny Curry,DE,DL,
1029,Nick Foles,QB,QB,
103,Matt Forte,RB,RB,
1030,Damaris Johnson,WR,WR,
1031,Dennis Kelly,T,OL,
1032,Mychal Kendricks,LB,LB,
1033,Chris Polk,RB,RB,
1034,Brandon Bolden,RB,RB,
1035,Nate Ebner,DB,DB,NYG
1036,Marcus Forston,DT,DL,
1037,Dont'a Hightower,LB,LB,
1038,Chandler Jones,LB,DL|LB,
1039,Tavon Wilson,DB,DB,SF
104,Donnie Avery,WR,WR,
1040,Nigel Bradham,LB,LB,
1041,Ron Brooks,CB,DB,
1042,Tank Carder,LB,LB,
1043,Stephon Gilmore,CB,DB,
1044,Cordy Glenn,T,OL,
10444,Cedric Tillman,WR,WR,NO
1045,Trevor Graham,WR,WR,
1046,Rishard Matthews,WR,WR,
1047,Kelcie McCray,SS,DB,
1048,Lamar Miller,RB,RB,
1049,Ryan Tannehill,QB,QB,
105,Brandon Carr,CB,DB,
1050,Marcus Thigpen,WR,RB|WR,
1051,Quinton Coples,DE,DL,
1052,Demario Davis,LB,LB,NYJ
1053,Damon Harrison,DT,DL,
1054,Stephen Hill,WR,WR,
1055,Gino Gradkowski,C,OL,
1056,Asa Jackson,CB,DB,
1057,Ishmaa'ily Kitchen,DT,DL,
1058,Kelechi Osemele,OG,OG|OL,
1059,Bobby Rainey,RB,RB,
106,Jo-Lonn Dunbar,LB,LB,
1060,Tommy Streeter,WR,WR,
1061,Deonte Thompson,WR,WR,
1062,DeAngelo Tyson,DT,DL,
1063,Courtney Upshaw,DE,DL|LB,
1064,Vontaze Burfict,LB,LB,
1065,Orson Charles,TE,TE,
10651,Mohamed Ibrahim,RB,RB,
1066,George Iloka,DB,DB,
1067,Marvin Jones,WR,WR,
1068,Dre Kirkpatrick,CB,DB,
1069,Shaun Prater,CB,DB,
107,Calvin Pace,LB,LB,
1070,Trevor Robinson,C,OL,
1071,Mohamed Sanu,WR,WR,
1072,Devon Still,DE,DL,
1073,Taylor Thompson,TE,TE,
1074,Kevin Zeitler,OG,OG|OL,GB
1075,Emmanuel Acho,LB,LB,
1076,Johnson Bademosi,CB,DB,
1077,Travis Benjamin,WR,WR,
1078,L.J. Fort,LB,DL|LB,
1079,Tashaun Gipson,DB,DB,
108,Steve Johnson,WR,WR,
1080,John Hughes,DT,DL,
1081,James-Michael Johnson,LB,LB,
1082,Trent Richardson,RB,RB,
1083,Mitchell Schwartz,T,OL,
1084,Trevin Wade,CB,DB,
1085,Brandon Weeden,QB,QB,
10857,Stetson Bennett,QB,QB,LAR
10858,Alex Quevedo,K,K,
10859,Sam LaPorta,TE,TE,DET
1086,Billy Winn,DT,DL,
10860,Malik Cunningham,WR,WR,
10861,Xazavian Valladay,RB,RB,
10862,Dorian Thompson-Robinson,QB,QB,
10863,A.T. Perry,WR,WR,
10864,Player Invalid,WR,WR,
10865,Travis Dye,RB,RB,
10866,Aidan O'Connell,QB,QB,LV
10867,Jake Bobo,WR,WR,SEA
10868,Leonard Johnson,CB,DB,
10869,Matt Landers,WR,WR,
1087,Mike Adams,OT,OL,
10870,Deneric Prince,RB,RB,
10871,Luke Schoonmaker,TE,TE,DAL
10872,Felix Anudike-Uzomah,DE,DL,KC
10873,Nolan Smith,LB,DL|LB,PHI
10874,Bryan Bresee,DT,DL,NO
10875,Myles Murphy,DL,DL|LB,CIN
10876,Anton Harrison,OL,OL,JAX
10877,Mazi Smith,DL,DL,MIA
10878,Deonte Banks,DB,DB,NYG
10879,Calijah Kancey,DL,DL,TB
1088,Kelvin Beachum,OL,OL|OT,
10880,Jack Campbell,LB,LB,DET
10881,Christian Gonzalez,DB,DB,NE
10882,Emmanuel Forbes,CB,DB,LAR
10883,Will McDonald,DE,DL|LB,NYJ
10884,Broderick Jones,OL,OL,DAL
10885,Lukas Van Ness,DL,DL,GB
10886,Peter Skoronski,OL,OL,TEN
10887,Darnell Wright,OL,OL,CHI
10888,Jalen Carter,DL,DL,PHI
10889,Tyree Wilson,LB,DL|LB,NO
1089,Drew Butler,P,P,
10890,Paris Johnson,OL,OL,ARI
10891,Devon Witherspoon,DB,DB,SEA
10892,Will Anderson,DL,DL|LB,HOU
10893,Juice Scruggs,OL,OL,DET
10894,DJ Turner,DB,DB,CIN
10895,O'Cyrus Torrence,OL,OL,BUF
10896,John Michael Schmitz,OL,OL,NYG
10897,Tyrique Stevenson,CB,DB,CHI
10898,Tuli Tuipulotu,DL,DL|LB,LAC
10899,Gervon Dexter,DL,DL,ATL
109,Danny Lansanah,LB,LB,
1090,Robert Golden,SS,DB,
10900,Cam Smith,DB,DB,
10901,Keeanu Benton,NT,DL,PIT
10902,Cody Mauch,T,OT,TB
10903,Quan Martin,DB,DB,WAS
10904,Keion White,DL,DL,SF
10905,Brian Branch,DB,DB,DET
10906,JuJu Brents,DB,DB,MIA
10907,Joe Tippmann,OL,OL,NYJ
10908,BJ Ojulari,DE,DL,JAX
10909,Isaiah Foskey,DL,DL,CIN
1091,David Paulson,TE,TE,
10910,Matthew Bergeron,OL,OL,ATL
10911,Derick Hall,DE,DL,SEA
10912,Steve Avila,C,OL,LAR
10913,Joey Porter,DB,DB,DAL
10914,Daiyan Henley,LB,LB,LAC
10915,Ricky Stromberg,OL,OL,
10916,Kobie Turner,DT,DL,LAR
10917,Byron Young,LB,DL|LB,LAR
10918,Mekhi Blackmon,CB,DB,CLE
10919,Sydney Brown,DB,DB,ATL
1092,Sean Spence,LB,LB,
10920,Tyler Steen,OL,OL,PHI
10921,Yaya Diaby,DL,DL|LB,TB
10922,Wanya Morris,OL,OL,DAL
10923,Dorian Williams,LB,LB,BUF
10924,Zacch Pickens,DL,DL,ATL
10925,Byron Young,DL,DL,PHI
10926,Marte Mapu,DB,DB,PIT
10927,Jordan Battle,DB,DB,CIN
10928,Brodric Martin-Rhodes,DT,DL,
10929,Drew Sanders,LB,DL|LB,
1093,Zach Brown,LB,LB,
10930,Riley Moss,DB,DB,DEN
10931,Siaki Ika,DL,DL,
10932,Garrett Williams,DB,DB,ARI
10933,DeMarvion Overshown,LB,LB,DAL
10934,Zach Harrison,DE,DL,ATL
10935,Trenton Simpson,LB,LB,BAL
10936,Ji'Ayir Brown,DB,DB,SF
10937,Jake Moody,K,K,
10938,D.J. Johnson,LB,LB,
10939,Jay Ward,DB,DB,MIN
1094,Mike Martin,DT,DL,
10940,Nick Herbig,LB,DL|LB,PIT
10941,Tyler Lacy,DE,DL,DET
10942,Viliami Fehoko,DL,DL,SF
10943,Isaiah McGuire,DL,DL,CLE
10944,Tavius Robinson,DE,DL|LB,BAL
10945,Cameron Young,DT,DL,
10946,Jon Gaines,OL,OL,ARI
10947,Ventrell Miller,LB,LB,JAX
10948,Carter Warren,OL,OL,
10949,Chamarri Conner,DB,DB,KC
1095,Coty Sensabaugh,CB,DB,
10950,Braeden Daniels,OL,OL,
10951,Sidy Sow,OL,OL,
10952,Colby Wooden,DE,DL,NO
10953,Chandler Zavala,G,OL,TEN
10954,Clark Phillips,CB,DB,CHI
10955,Chad Ryland,K,K,ARI
10956,Dawand Jones,OL,OL,CLE
10957,Adetomiwa Adebawore,DL,DL,IND
10958,Dylan Horton,DL,DL,HOU
10959,Anthony Bradford,OL,OL,SEA
1096,Scott Solomon,LB,LB,
10960,Jake Andrews,OL,OL,HOU
10961,Blake Freeland,OL,OL,CIN
10962,Kelee Ringo,DB,DB,PHI
10963,Jakorian Bennett,DB,DB,PHI
10964,Nick Saldiveri,OL,OL,NO
10965,Warren McClendon,OL,OL,LAR
10966,Rob Beal,LB,LB,MIA
10967,Chris Smith,DB,DB,
10968,Asim Richards,OL,OL,NO
10969,Owen Pappoe,LB,LB,TEN
1097,Kendall Wright,WR,WR,
10970,Henry To'oTo'o,LB,LB,HOU
10971,BJ Thompson,DE,DL,
10972,Terell Smith,DB,DB,PIT
10973,Nick Hampton,LB,LB,CAR
10974,Antonio Johnson,DB,DB,JAX
10975,Daniel Scott,DB,DB,IND
10976,Kyu Blu Kelly,CB,DB,
10977,Jordan McFadden,OL,OL,CHI
10978,Darrell Luter,CB,DB,LV
10979,Olu Oluwatimi,C,,SEA
1098,Brandon Brooks,G,OG|OL,PHI
10980,SirVocea Dennis,LB,LB,TB
10981,Colby Sorsdal,OL,OL,ATL
10982,Mike Morris,DE,DL,SEA
10983,Sean Clifford,QB,QB,CIN
10984,Noah Sewell,LB,LB,CHI
10985,Jordan Howden,DB,DB,NO
10986,Jammie Robinson,DB,DB,ATL
10987,Atonio Mafi,OL,OL,TEN
10988,Cameron Mitchell,DB,DB,IND
10989,Jaquelin Roy,DT,DL,
1099,Randy Bullock,K,K,
10990,Darius Rush,DB,DB,PIT
10991,K.J. Henry,DE,DL,PIT
10992,Yasir Abdullah,LB,LB,ATL
10993,Tre Hawkins,CB,DB,
10994,Scott Matlock,DT,DL,LAC
10995,Tre Tomlinson,CB,DB,
10996,Ochaun Mathis,DE,DL,
10997,Jerrick Reed,DB,DB,ARI
10998,Jose Ramirez,DL,DL,NE
10999,Josh Hayes,CB,DB,TB
11,Garrett Hartley,K,K,
110,Stephen Gostkowski,K,K,
1100,Jared Crick,DE,DL,
11000,Zaire Barnes,LB,LB,NYG
11001,Jarrick Bernard-Converse,CB,DB,NYG
11002,Keondre Coburn,DT,DL,
11003,Amari Burney,LB,LB,
11004,Titus Leo,LB,LB,
11005,Jarrett Patterson,OL,OL,SF
11006,Ameer Speed,CB,DB,DAL
11007,Bryce Baringer,P,P,NE
11008,Anders Carlson,K,K,
11009,Karl Brooks,DT,DL,GB
1101,Ben Jones,C,OL,
11010,Brad Robbins,P,P,
11011,JL Skinner,DB,DB,DEN
11012,Jaelyn Duncan,OL,OL,
11013,Luke Wypler,OL,OL,CLE
11014,Kei'Trel Clark,DB,DB,ARI
11015,Dante Stills,DT,DL,ARI
11016,Malaesala Aumavae-Laulu,OL,OL,
11017,Dee Winters,LB,LB,DAL
11018,Christian Braswell,DB,DB,JAX
11019,Erick Hallett,DB,DB,TEN
1102,Keshawn Martin,WR,WR,
11020,Eric Scott,DB,DB,
11021,Desjuan Johnson,DT,DL,LAR
11022,Kendall Williamson,DB,DB,LAC
11023,Alex Forsyth,OL,OL,DEN
11024,Grant DuBose,WR,WR,
11025,Jalen Graham,DB,DB,SF
11026,Gervarrius Owens,DB,DB,
11027,Alex Austin,DB,DB,DAL
11028,Spencer Anderson,OL,OL,PIT
11029,Nic Jones,CB,DB,NYG
1103,Whitney Mercilus,LB,DL|LB,GB
11030,Moro Ojomo,DE,DL,PHI
11031,Brandon Hill,DB,DB,
11032,DJ Ivey,CB,DB,CIN
11033,Isaiah Bolden,CB,DB,
11034,Jalen Brooks,WR,WR,ARI
11035,Jordon Riley,DL,DL,GB
11036,Anthony Johnson,DB,DB,CHI
11037,Cory Trice,CB,DB,
11038,Derek Parish,DL,DL,
11039,Ryan Hayes,OL,OL,
1104,DeVier Posey,WR,WR,
11040,Jason Taylor,DB,DB,
11041,Andre Jones,DE,DL,MIA
11042,Carrington Valentine,DB,DB,GB
11043,Nesta Jade Silvera,DT,DL,
11044,Nick Broeker,OL,OL,TEN
11045,Andrew Vorhees,OL,OL,BAL
11046,Colton Dowell,WR,WR,
11047,Raymond Vohasek,DT,DL,
11048,Cooper Hodges,OL,OL,
11049,Jovaughn Gwyn,OL,OL,BAL
1105,Dwayne Allen,TE,TE,
11050,DeMarcco Hellams,DB,DB,ATL
11051,Ethan Evans,P,P,LAR
11052,Jaylon Jones,DB,DB,TEN
11053,Antoine Green,WR,WR,
11054,Travis Bell,DL,DL,
11055,Jake Witt,OL,OL,
11056,Jared Wayne,WR,WR,HOU
11057,Duplicate Player,,,
11058,Blake Grupe,K,K,NYJ
11059,Aubrey Miller,LB,LB,
1106,Vick Ballard,RB,RB,
11060,Robert Burns,RB,RB,
11061,Emil Ekiyor,OG,OG,
11062,Ali Gaye,DE,DL,HOU
11063,Connor Galvin,T,OL,
11064,Isaac Darkangelo,LB,LB,
11065,Adrian Martinez,QB,QB,
11066,Austin Ajiake,LB,LB,IND
11067,Alan Ali,OL,OL,
11068,Mitch Tinsley,WR,WR,CIN
11069,Xavier Henderson,DB,DB,
1107,Coby Fleener,TE,TE,
11070,Kazmeir Allen,WR,WR,
11071,Mason Brooks,OL,OL,
11072,Joshua Pryor,DL,DL,
11073,Thayer Thomas,WR,WR,
11074,Abraham Beauplan,LB,LB,
11075,Jacky Chen,OL,OL,
11076,NaJee Thompson,CB,DB,
11077,Jack Podlesny,K,K,
11078,Calvin Avery,DT,DL,
11079,Wilson Huber,LB,LB,
1108,Jerrell Freeman,LB,LB,
11080,Malik Knowles,WR,WR,
11081,Cephus Johnson,WR,WR,
11082,Ben Sims,TE,TE,
11083,C.J. Coldon,CB,DB,
11084,Andre Carter,LB,LB,LAC
11085,Jaylin Williams,CB,DB,
11086,Ivan Pace,LB,LB,MIN
11087,Trevor Downing,C,,
11088,Monte Pottebaum,FB,RB,
11089,Jordan Byrd,WR,WR,
1109,Chandler Harnish,QB,QB,
11091,James Nyamwaya,DE,DL,
11092,B.T. Potter,K,K,
11093,David Perales,LB,LB,
11094,Thomas Rush,LB,LB,
11095,Shakel Brown,DT,DL,
11096,TK McLendon,DL,DL,
11097,John Ojukwu,OT,OT,PHI
11098,Caleb Murphy,DE,DL,LAC
11099,Kearis Jackson,WR,WR,
111,Marcedes Lewis,TE,TE,
1110,T.Y. Hilton,WR,WR,
11100,Steven Jones,CB,DB,
11101,Maxwell Worship,LB,LB,
11102,Charles McClelland,RB,RB,
11103,Alex Pihlstrom,OL,OL,
11104,SaRodorick Thompson,RB,RB,
11105,Shaquan Davis,WR,WR,
11106,Nick Anderson,LB,LB,
11107,Lou Hedley,P,P,
11108,Anfernee Orji,LB,LB,PHI
11109,Mark Evans,OL,OL,
1111,Andrew Luck,QB,QB,
11110,Duplicate Player,,,
11111,Sy Barnett,WR,WR,
11112,Anthony Johnson,DB,DB,
11113,Joel Wilson,TE,TE,TEN
11114,Elijah Dotson,RB,RB,
11115,Terrell Bynum,WR,WR,
11116,Nathan East,LB,LB,
11117,Johari Branch,C,,
11118,Brevin Allen,LB,LB,
11119,Jerrod Clark,DL,DL,
1112,Matt Overton,LS,LS,
11120,Tyler Baker-Williams,DB,DB,
11121,AJ Finley,DB,DB,SEA
11122,Andrew Farmer,LB,LB,SF
11123,Tyler Hoosman,RB,RB,
11124,Terrance Lang,DL,DL,
11125,Tiawan Mullen,CB,DB,
11126,Michael Ezeike,TE,TE,
11127,Amechi Uzodinma,CB,DB,
11128,Mikel Jones,LB,LB,
11129,Nic Melsop,T,OL,
1113,Bryan Anger,P,P,DAL
11130,Pokey Wilson,WR,WR,
11132,Divaad Wilson,CB,DB,
11133,Jaray Jenkins,WR,WR,
11134,Kaleb Hayes,CB,DB,
11135,D.J. Coleman,LB,LB,
11136,Oliver Martin,WR,WR,
11137,Dequan Jackson,LB,LB,
11138,Samuel Jackson,OL,OL,
11139,Elijah Cooks,WR,WR,
1114,Justin Blackmon,WR,WR,
11140,Leonard Taylor,TE,TE,
11141,Jayson Ademilola,DT,DL,
11142,Timarcus Davis,CB,DB,
11143,Kelechi Anyalebechi,LB,LB,
11144,Collin Duncan,DB,DB,
11145,Tanner Brown,K,K,
11146,Christopher Dunn,K,K,
11147,Tyon Davis,CB,DB,
11148,Tyler Hudson,WR,WR,
11149,Sean Maginn,C,,
1115,Antwon Blake,CB,DB,
11150,Quindell Johnson,DB,DB,
11151,Tanner Ingle,DB,DB,LAR
11152,Mike McAllister,C,OL,
11153,Jordan Jones,CB,DB,
11154,Matthew Jester,LB,LB,
11155,Christian Sims,TE,TE,
11156,Cameron McCutcheon,CB,DB,
11157,Brycen Tremayne,WR,WR,CAR
11158,Jalen Sample,WR,WR,
11159,Zion Bowens,WR,WR,
1116,Andre Branch,LB,DL|LB,
11160,Nick Whiteside,CB,DB,DET
11161,Kendall Smith,DB,DB,
11162,D.J. Stirgus,CB,DB,
11163,Tim DeMorat,QB,QB,
11164,Rashad Torrence,DB,DB,
11165,Ryan Smenda,LB,LB,
11166,Jaiden Woodbey,LB,LB,
11167,Alex Ward,LS,LS,LV
11168,Xavier Smith,WR,WR,
11169,Dresser Winn,QB,QB,
1117,Mike Harris,CB,DB,
11170,DeAndre Square,LB,LB,
11172,Shae Wyatt,WR,WR,
11173,D'Shawn Jamison,CB,DB,ARI
11174,Jack Colletto,FB,RB,
11175,Ilm Manning,OL,OL,
11176,Khalan Laborn,RB,RB,
11177,Avery Young,DB,DB,
11178,Mariano Sori-Marin,LB,LB,
11179,Joey Fisher,OL,OL,
1118,Brandon Marshall,LB,LB,
11180,Corey Luciano,OL,OL,
11181,Spencer Waege,DL,DL,
11182,Ronald Awatt,RB,RB,
11184,Daniel Arias,WR,WR,
11185,Kendell Brooks,DB,DB,TEN
11186,Carlos Washington,RB,RB,
11187,Mike Jones,LB,LB,
11188,Ikenna Enechukwu,DL,DL,
11189,Zay Malone,WR,WR,
1119,Drew Nowak,C,OL,
11190,Keilahn Harris,WR,WR,
11191,Justin Marshall,WR,WR,
11192,Malik Flowers,WR,WR,
11193,Brenton Cox,LB,LB,GB
11194,Keshawn Banks,LB,LB,MIN
11196,Kyle Soelle,LB,LB,
11197,Joel Honigford,TE,TE,
11198,Quavian White,CB,DB,
11199,Emari Demercado,RB,RB,DAL
112,Andy Lee,P,P,
1120,Julian Stanford,LB,LB,
11200,Marvin Pierre,LB,LB,
11201,Blake Whiteheart,TE,TE,CLE
11202,Jacob Slade,DL,DL,
11203,Matt Hembrough,LS,LS,
11204,Duece Watts,WR,WR,
11205,Christian Morgan,DB,DB,
11206,Benny Sapp,DB,DB,
11207,Jason Lewan,DL,DL,
11208,Chuck Filiaga,G,OL,
11209,Henry Pearson,FB,RB,
1121,Omar Bolden,FS,DB,
11210,Malik Heath,WR,WR,ATL
11211,Kadeem Telfort,T,,
11212,Jimmy Phillips,LB,LB,
11213,Camren McDonald,TE,TE,
11214,Tanner Morgan,QB,QB,
11215,MJ Anderson,DE,DL,
11216,Holton Ahlers,QB,QB,
11217,Michael Ayers,LB,LB,
11218,Cam Bright,LB,LB,
11219,Lance Boykin,CB,DB,
1122,Aaron Brewer,LS,LS,
11220,Arquon Bush,CB,DB,
11221,James Campbell,CB,DB,
11222,Marcus Cooper,RB,RB,
11223,John Hall,WR,WR,
11224,Griffin Hebert,TE,TE,
11225,Noah Gindorff,TE,TE,
11226,Tyjon Lindsey,WR,WR,
11227,Ifeanyi Maijeh,DL,DL,
11228,Jordan Ferguson,DE,DL,
11229,Calvin Tyler,RB,RB,
1123,Ronnie Hillman,RB,RB,
11230,Patrick O'Connell,LB,LB,SEA
11231,Christian Trahan,TE,TE,
11232,Isaiah Winstead,WR,WR,
11233,Ty Okada,DB,DB,SEA
11234,Kendall Randolph,OL,OL,
11235,Morrell Osling,DB,DB,
11236,Devonnsha Maxwell,DL,DL,
11237,Jacob Saylors,RB,RB,DET
11238,Jaxson Kirkland,G,,
11239,Jaylen Moody,LB,LB,
1124,Malik Jackson,DT,DL|LB,CLE
11240,C.J. Okoye,DL,DL,NYG
11241,Junior Aho,DL,DL,
11242,Chukwuebuka Godrick,OL,OL,MIA
11243,David Agoha,DL,DL,DEN
11244,Kenneth Odumegwu,DL,DL,
11245,Patrick Murtagh,TE,TE,
11246,Larry Brooks,DB,DB,
11247,Mac Hippenhammer,WR,WR,
11248,Chris Stoll,LS,LS,SEA
11249,Chris Smith,RB,RB,
1125,Steven Johnson,LB,LB,
11250,Jonathan Sutherland,DB,DB,
11251,Shaka Heyward,LB,LB,MIA
11252,Christian Young,DB,DB,
11253,Jonah Tavai,DL,DL,
11254,Micah Baskerville,LB,LB,
11255,Nick Amoah,OL,OL,
11256,Tyson Bagent,QB,QB,CHI
11257,Shedrick Jackson,WR,WR,
11258,Jalen Harris,DL,DL,
11259,Gabriel Houy,OL,OL,
1126,Brock Osweiler,QB,QB,
11260,Robert Burns,FB,RB,CHI
11261,Andre Szmyt,K,K,CLE
11262,Damien Caffrey,TE,TE,
11263,Lorenz Metz,OL,OL,NE
11264,Macon Clark,DB,DB,
11265,Robert Haskins,OL,OL,
11266,Thyrick Pitts,WR,WR,
11267,Aron Cruickshank,WR,WR,
11268,Justin Broiles,DB,DB,
11269,Caleb Biggers,CB,DB,
1127,Danny Trevathan,LB,LB,CHI
11270,Hassan Hall,RB,RB,
11271,Jeremiah Martin,DL,DL,
11272,Charlie Thomas,LB,LB,
11273,Ben VanSumeren,RB,RB,KC
11274,Trevor Reid,OT,OT,
11275,Mekhi Garner,CB,DB,
11276,Joseph Ngata,WR,WR,
11277,Ty Zentner,P,P,
11278,Eli Ricks,CB,DB,
11279,Chim Okorafor,OT,OT,
1128,Derek Wolfe,DE,DL,
11280,Brady Russell,RB,RB,SEA
11281,Liam Anderson,LB,LB,MIA
11282,Johnny King,WR,WR,
11283,Darius Hagans,RB,RB,
11284,Cody Chrest,WR,WR,
11285,Cole Coleman,CB,DB,
11286,Harris LaChance,OG,OG,
11287,Tyler Richardson,CB,DB,
11288,Donavan Mutin,LB,LB,
11289,Aaron Maddox,DB,DB,
1129,Jeff Allen,G,OL,
11290,Alex Cook,DB,DB,
11291,Habakkuk Baldonado,DE,DL,
11292,Tommy DeVito,QB,QB,NE
11293,Troy Brown,LB,LB,
11294,Caleb Sampson,DT,DL,
11295,Cameron Lyons,LS,LS,
11296,Gemon Green,DB,DB,
11297,Dyontae Johnson,LB,LB,
11298,Ryan Jones,TE,TE,
11299,Zavier Scott,RB,RB,CHI
113,Jahri Evans,G,OL,
1130,Cyrus Gray,RB,RB,
11300,Guy Thomas,DE,DL,
11301,Braxton Westfield,WR,WR,
11302,Maalik Hall,LB,LB,
11303,Caleb Johnson,LB,LB,
11304,E.J. Jenkins,TE,TE,PHI
11305,Claudin Cherelus,LB,LB,
11306,Xavier Gipson,WR,WR,PHI
11307,Brent Laing,OL,OL,
11308,Deslin Alexandre,DE,DL,
11309,Trey Dean,DB,DB,
1131,Dontari Poe,DT,DL,
11310,Derrick Langford,CB,DB,
11311,Jason Brownlee,WR,WR,
11312,T.J. Luther,WR,WR,
11313,Marquis Waters,DB,DB,
11314,Levi Bell,DT,DL,
11315,Cam Jones,LB,LB,KC
11316,Anthony Witherstone,CB,DB,
11317,Montrae Braswell,CB,DB,
11318,Isaiah Moore,LB,LB,
11319,Truman Jones,DE,DL,TEN
1132,Donald Stephenson,T,OL,
11320,Nikko Remigio,WR,WR,KC
11321,Anthony Cook,DB,DB,
11322,Jerome Carvin,OL,OL,
11323,Isaiah Norman,DB,DB,
11324,Anderson Hardy,OL,OL,
11325,Reese Taylor,CB,DB,MIA
11326,Martez Manuel,DB,DB,
11327,Blake Haynes,OL,OL,
11328,Jalen Redmond,DE,DL,MIN
11329,Josh Vann,WR,WR,
1133,Devon Wylie,WR,WR,
11330,Rejzohn Wright,CB,DB,NO
11331,Colby Richardson,CB,DB,
11332,Travez Moore,LB,LB,
11333,Mark Milton,CB,DB,
11334,Nico Bolden,DB,DB,
11335,Bumper Pool,LB,LB,
11336,Eku Leota,LB,LB,ARI
11337,Ryan Swoboda,OL,OL,
11338,Cory Durden,DT,DL,NE
11339,Brandon Joseph,DB,DB,
1134,Tony Bergstrom,C,OL,
11340,Brad Cecil,OL,OL,
11341,Nash Jensen,OL,OL,
11342,Ricky Lee,OL,OL,
11343,Starling Thomas,CB,DB,ARI
11344,Keytaon Thompson,WR,WR,
11345,Chris Smith,DL,DL,DET
11346,Zach Morton,DL,DL,
11347,Chase Cota,WR,WR,
11348,Trevor Nowaske,LB,LB,DET
11349,Lonnie Phelps,DE,DL,
1135,Christo Bilukidi,DT,DL,
11350,Mohamoud Diabate,LB,LB,TEN
11351,Thomas Greaney,TE,TE,
11352,Ronnie Hickman,DB,DB,CLE
11353,Tanner McCalister,DB,DB,
11354,D'Anthony Jones,DL,DL,
11355,Josh Lugg,OL,OL,
11356,Bralen Trahan,DB,DB,
11357,Tyler Adams,WR,WR,
11358,Jamal Woods,DL,DL,
11359,Kody Case,WR,WR,
1136,Jack Crawford,DT,DL,
11360,Matthew Vanderslice,OL,OL,
11361,Broughton Hatcher,LS,LS,
11362,Antonio Moultrie,DL,DL,
11363,William Hooper,CB,DB,
11364,Jaquan Amos,DB,DB,
11365,Tyreque Jones,DB,DB,
11366,Chris Coleman,WR,WR,
11367,Daewood Davis,WR,WR,
11368,Alama Uluave,OL,OL,
11369,Alex Jensen,OL,OL,
1137,Juron Criner,WR,WR,
11370,Chris Brooks,RB,RB,GB
11371,Julian Hill,TE,TE,NE
11372,James Tunstall,OL,OL,
11373,DJ Scaife,OL,OL,
11374,James Blackman,QB,QB,
11375,Jarrett Horst,OL,OL,
11376,Richard Gouraige,OL,OL,
11377,Tyrell Shavers,WR,WR,BUF
11378,Jordan Mims,RB,RB,
11379,Noah Henderson,OL,OL,
1138,Rod Streater,WR,WR,
11380,Johnny Lumpkin,TE,TE,
11381,Travis Vokolek,TE,TE,ARI
11382,Dontay Demus,WR,WR,
11383,Tashawn Manning,OG,OG,
11384,Owen Wright,RB,RB,LV
11385,Brian Walker,TE,TE,
11386,Brandon Kipper,OL,OL,
11387,Sean Ryan,WR,WR,
11388,Nolan Henderson,QB,QB,
11389,TyKeem Doss,OG,OG,
1139,Ladarius Green,TE,TE,
11390,Jake Guidone,OG,OG,
11391,Ethan Bonner,CB,DB,MIA
11392,Anthony Montalvo,DT,DL,
11393,Randy Charlton,DE,DL,
11394,Mitchell Agude,LB,LB,
11395,Keidron Smith,DB,DB,CHI
11396,Brandon Pili,DT,DL,SEA
11397,Michael Turk,P,P,
11398,Bennett Williams,DB,DB,
11399,Garrett Nelson,LB,LB,
114,Todd Herremans,G,OL,
1140,Mike Harris,G,OL,
11400,Ezekiel Vandenburgh,LB,LB,
11401,DJ Dale,DT,DL,
11402,Jourdan Heilig,LB,LB,
11403,Kaieem Caesar,DT,DL,
11404,Jeremy Lucien,CB,DB,
11405,Trey Botts,DT,DL,
11406,Corey Mayfield,CB,DB,
11407,Malik Hamm,LB,LB,
11408,Kelle Sanders,LB,LB,
11409,Grant Miller,OL,OL,
1141,Melvin Ingram,LB,DL|LB,
11410,Braxton Burmeister,WR,WR,
11411,Robert Cooper,NT,DL,
11412,Jacob Sykes,DE,DL,PHI
11413,Ronnie Brown,RB,RB,
11414,Raiqwon O'Neal,OT,OT,
11415,Tanner Taula,TE,TE,
11416,Chris Murray,OL,OL,
11417,Silas Dzansi,OL,OL,
11418,Taye Barber,WR,WR,
11419,Kade Warner,WR,WR,
1142,David Molk,C,OL,
11420,Luke Haggard,OT,OT,TB
11421,Ryan Miller,WR,WR,MIA
11422,J.D. DiRenzo,OL,OL,
11423,Nelson Mbanasor,LB,LB,
11424,Keenan Isaac,CB,DB,
11425,Derrek Pitts,CB,DB,
11426,Evan Deckers,LS,LS,TB
11427,Christian Izien,DB,DB,DET
11428,Brandon Bouyer-Randle,LB,LB,
11429,Kaevon Merriweather,DB,DB,JAX
1143,Kendall Reyes,DE,DL,
11430,Jeremy Banks,LB,LB,
11431,Isaiah Bowser,RB,RB,
11432,Markees Watts,DE,DL,
11433,Nate Adkins,TE,TE,DEN
11434,Seth Benson,LB,LB,
11435,Emanuel Wilson,RB,RB,SEA
11436,PJ Mustipher,NT,DL,NYG
11437,Marcus Haynes,LB,LB,
11438,Dallas Daniels,WR,WR,
11439,Jaleel McLaughlin,RB,RB,CLE
1144,Cole Beasley,WR,WR,
11440,Art Green,CB,DB,ARI
11441,Thomas Incoom,LB,LB,CAR
11442,Darrious Gaines,CB,DB,
11443,Alex Palczewski,T,,DEN
11444,Demontrey Jacobs,T,OT,ARI
11445,Taylor Grimes,WR,WR,
11446,Henry Byrd,G,OL,MIN
11447,Kris Leach,TE,TE,
11448,Ekow Boye-Doe,CB,DB,
11449,Darius Joiner,DB,DB,
1145,Morris Claiborne,CB,DB,
11450,Tyler Beach,OL,OL,
11451,Dylan Deatherage,T,OT,
11452,Jesse Matthews,WR,WR,
11453,Joe Doyle,P,P,
11454,Otis Reese,LB,LB,
11455,Anthony Kendall,CB,DB,BUF
11456,Tre'Shaun Harrison,WR,WR,
11457,Trey Wolff,K,K,
11458,Matthew Jackson,DB,DB,
11459,Kedrick Whitehead,DB,DB,
1146,Tyrone Crawford,DE,DL,
11460,Azizi Hearn,CB,DB,
11461,George Tarlas,DE,DL,
11462,Jaydon Grant,DB,DB,
11463,Brock Martin,DE,DL,
11464,McClendon Curtis,G,OT,
11465,Adam Plant,DE,DL,
11466,Jordan Perryman,CB,DB,
11467,John Samuel Shenker,TE,TE,
11468,Kilian Zierer,T,OT,JAX
11469,Barry Wesley,OL,OL,
1147,James Hanna,TE,TE,
11470,Drake Thomas,LB,LB,SEA
11471,Dalton Wagner,T,,
11472,Alfonzo Graham,RB,RB,
11473,Latavious Brini,DB,DB,
11474,Dylan Drummond,WR,WR,ATL
11475,BJ Wilson,OL,OL,
11476,Armani Marsh,DB,DB,
11477,LJ Davis,CB,DB,
11478,Gavin Holmes,WR,WR,
11479,Eric Garror,CB,DB,
1148,Kyle Wilber,LB,LB,
11480,Taron Vincent,DT,DL,
11481,Natrone Brooks,CB,DB,MIN
11482,Clifford Chattman,DB,DB,
11483,Ellis Merriweather,RB,RB,
11484,Adrian Frye,DB,DB,
11485,Antwuan Jackson,DT,DL,
11486,Zach Ojile,FB,RB,
11487,Steven Gilmore,CB,DB,
11488,Jerron Cage,DT,DL,
11489,Kahlef Hailassie,CB,DB,GB
1149,Alshon Jeffery,WR,WR,
11490,Ian Swenson,LB,LB,
11491,Austin Aune,QB,QB,
11492,Ace Eley,LB,LB,
11493,Jordan Murray,TE,TE,
11494,Willie Taylor,LB,LB,
11495,Bryan Thompson,WR,WR,
11496,Braydon Johnson,WR,WR,
11497,Tautala Pesefea,DL,DL,
11498,Tyler Murray,LB,LB,
11499,Scott Lashley,OT,OT,
115,Cullen Loeffler,LS,LS,
1150,Shea McClellin,LB,LB,
11500,Jaylon Thomas,OL,OL,
11501,Justus Tavai,DT,DL,
11502,Brian Cobbs,WR,WR,
11503,Cam Brown,CB,DB,
11504,Jose Barbon,WR,WR,
11505,David Durden,WR,WR,
11506,Jalen Cropper,WR,WR,NO
11507,D'Angelo Mandell,CB,DB,
11508,Princeton Fant,TE,TE,DAL
11509,Durrell Johnson,DE,DL,
1151,Ryan Quigley,P,P,
11510,Hunter Luepke,FB,RB,DAL
11511,John Stephens,TE,TE,
11512,Tyrus Wheat,DE,DL,DAL
11513,Earl Bostick,OL,OL,
11514,Isaiah Land,LB,LB,DAL
11515,Myles Brooks,CB,DB,
11516,T.J. Bass,OL,OL,DAL
11517,Nicholas Williams,DT,DL,
11518,Toby Ndukwe,LB,LB,
11519,LaTrell Bumphus,DL,DL,
1152,Evan Rodriguez,TE,TE,
11520,Lucky Jackson,WR,WR,DET
11521,Jadakis Bonds,WR,WR,
11522,Jerome Kapp,WR,WR,
11523,Cody Chrest,WR,WR,
11524,Izaiah Gathings,TE,TE,
11525,Daniel Whelan,P,P,
11526,Malachi Carter,WR,WR,
11527,Jordan Swann,CB,DB,
11528,Garett Maag,WR,WR,
11529,Ed Lee,WR,WR,
1153,Bill Bentley,CB,DB,
11530,Nick Williams,WR,WR,
11531,Michael Tutsie,DB,DB,
11532,Matthew Trickett,K,K,
11533,Brandon Aubrey,K,K,DAL
11534,Andrew Whitaker,CB,DB,
11535,Josh Butler,CB,DB,
11536,Milton Wright,WR,WR,
11537,Wayne Taulapapa,RB,RB,
11538,Toriano Clinton,RB,RB,
11539,Jake Bates,K,K,DET
1154,Ryan Broyles,WR,WR,
11540,La'Michael Pettway,TE,TE,
11541,Chuck Wiley,DE,DL,
11542,LaColby Tucker,OL,OL,
11543,Lachlan Pitts,TE,TE,
11544,Avery Davis,WR,WR,
11545,Micah Vanterpool,OL,OL,
11546,Jack Landherr,LS,LS,
11547,Nehemiah Shelton,CB,DB,
11548,Aaron Dykes,RB,RB,
11549,Caleb Sanders,DT,DL,
1155,Jonte Green,CB,DB,
11550,DaShaun White,LB,LB,
11551,Tre Tarpley,DB,DB,
11552,Durell Nchami,LB,LB,
11553,Chad Cota,S,DB,HOU
11554,Chase Cota,WR,WR,
11555,Alex Matheson,LS,LS,
11556,Devin Leary,QB,QB,
11557,Joe Milton,QB,QB,DAL
11558,Sam Hartman,QB,QB,WAS
11559,Michael Penix,QB,QB,ATL
1156,Chris Greenwood,CB,DB,
11560,Caleb Williams,QB,QB,CHI
11561,Michael Pratt,QB,QB,
11562,Spencer Rattler,QB,QB,NO
11563,Bo Nix,QB,QB,DEN
11564,Drake Maye,QB,QB,NE
11565,J.J. McCarthy,QB,QB,NYG
11566,Jayden Daniels,QB,QB,WAS
11567,Jordan Travis,QB,QB,
11568,Blake Watson,RB,RB,
11569,Jarquez Hunter,RB,RB,MIA
1157,Travis Lewis,LB,LB,
11570,Rasheen Ali,RB,RB,BAL
11571,Isaiah Davis,RB,RB,NYJ
11572,Player Invalid,RB,RB,
11573,Frank Gore,RB,RB,BUF
11574,Dylan Laube,RB,RB,LV
11575,Ray Davis,RB,RB,BUF
11576,Braelon Allen,RB,RB,NYJ
11577,Will Shipley,RB,RB,PHI
11578,Player Invalid,RB,RB,
11579,Audric Estime,RB,RB,MIN
1158,Kellen Moore,QB,QB,
11580,Dillon Johnson,RB,RB,
11581,MarShawn Lloyd,RB,RB,GB
11582,Carson Steele,RB,RB,PHI
11583,Jonathon Brooks,RB,RB,CAR
11584,Bucky Irving,RB,RB,TB
11585,Player Invalid,RB,RB,
11586,Blake Corum,RB,RB,LAR
11587,Player Invalid,RB,RB,
11588,Jawhar Jordan,RB,RB,HOU
11589,Trey Benson,RB,RB,ARI
1159,Riley Reiff,T,OL|OT,
11590,Jase McClellan,RB,RB,
11591,Player Invalid,TE,TE,
11592,Erick All,TE,TE,CIN
11593,Brevyn Spann-Ford,TE,TE,DAL
11594,Player Invalid,TE,TE,
11595,Jared Wiley,TE,TE,KC
11596,Ben Sinnott,TE,TE,WAS
11597,Theo Johnson,TE,TE,NYG
11598,Tanner McLachlan,TE,TE,
11599,Cade Stover,TE,TE,HOU
116,Ryan Clady,OT,OL,
1160,Tahir Whitehead,LB,LB,
11600,Ja'Tavion Sanders,TE,TE,CAR
11601,Trey Knox,TE,TE,
11602,Player Invalid,TE,TE,
11603,AJ Barner,TE,TE,SEA
11604,Brock Bowers,TE,TE,LV
11605,Jaheim Bell,TE,TE,
11606,Dallin Holker,TE,TE,
11607,Hayden Hatten,WR,WR,
11608,Isaiah Williams,WR,WR,NYJ
11609,Player Invalid,WR,WR,
1161,Will Hill,SS,DB,
11610,Malik Washington,WR,WR,MIA
11611,Player Invalid,WR,WR,
11612,Player Invalid,WR,WR,
11613,Player Invalid,WR,WR,
11614,Player Invalid,WR,WR,
11615,Ainias Smith,WR,WR,
11616,Jacob Cowing,WR,WR,SF
11617,Malachi Corley,WR,WR,CLE
11618,Jalen McMillan,WR,WR,TB
11619,Ja'Lynn Polk,WR,WR,
1162,Jayron Hosley,CB,DB,
11620,Rome Odunze,WR,WR,CHI
11621,Brenden Rice,WR,WR,
11622,Player Invalid,WR,WR,
11623,Jordan Whittington,WR,WR,LAR
11624,Xavier Worthy,WR,WR,KC
11625,Adonai Mitchell,WR,WR,NYJ
11626,Xavier Legette,WR,WR,CAR
11627,Troy Franklin,WR,WR,DEN
11628,Marvin Harrison,WR,WR,ARI
11629,Devontez Walker,WR,WR,BAL
1163,Markus Kuhn,DT,DL,
11630,Roman Wilson,WR,WR,PIT
11631,Brian Thomas,WR,WR,JAX
11632,Malik Nabers,WR,WR,NYG
11633,Jamari Thrash,WR,WR,
11634,Player Invalid,WR,WR,
11635,Ladd McConkey,WR,WR,LAC
11636,Johnny Wilson,WR,WR,PHI
11637,Keon Coleman,WR,WR,BUF
11638,Ricky Pearsall,WR,WR,SF
11639,Player Invalid,WR,WR,
1164,Rueben Randle,WR,WR,
11640,Jermaine Burton,WR,WR,
11641,Lwal  Uguak,DT,DL,
11642,Lwal Uguak,DL,DL,
11643,Jaylen Wright,RB,RB,MIA
11644,Cody Schrader,RB,RB,DEN
11645,Javon Baker,WR,WR,
11646,Jalen Coker,WR,WR,CAR
11647,Kimani Vidal,RB,RB,LAC
11648,Kedon Slovis,QB,QB,GB
11649,Kendall Milton,RB,RB,CIN
1165,Adrien Robinson,TE,TE,
11650,Luke McCaffrey,WR,WR,WAS
11651,Isaac Guerendo,RB,RB,SF
11652,Louis Rees-Zammit,RB,RB,
11653,Charlie Smyth,K,K,NO
11654,Dante Miller,RB,RB,
11655,Tyrone Tracy,RB,RB,NYG
11656,Nate Wiggins,CB,DB,BAL
11657,Tyler Guyton,OL,OL,DAL
11658,Darius Robinson,DL,DL,ARI
11659,Graham Barton,OL,OL,TB
1166,Kirk Cousins,QB,QB,LV
11660,Jordan Morgan,OL,OL,GB
11661,Terrion Arnold,DB,DB,SEA
11662,Quinyon Mitchell,CB,DB,PHI
11663,Chop Robinson,DE,DL|LB,MIA
11664,Troy Fautanu,OL,OL,PIT
11665,Jared Verse,DL,DL,CLE
11666,Amarius Mims,OL,OL,CIN
11667,Dallas Turner,LB,DL|LB,MIN
11668,Byron Murphy,DL,DL,SEA
11669,Laiatu Latu,DL,DL,IND
1167,Richard Crawford,CB,DB,
11670,Taliese Fuaga,OL,OL,NO
11671,Olu Fashanu,OL,OL,NYJ
11672,JC Latham,OL,OL,TEN
11673,Joe Alt,OL,OL,LAC
11674,Tyler Nubin,DB,DB,NYG
11675,Kool-Aid McKinstry,DB,DB,NO
11676,Mike Sainristil,DB,DB,WAS
11677,Braden Fiske,DL,DL,LAR
11678,Cooper DeJean,DB,DB,PHI
11679,Chris Braswell,LB,LB,HOU
1168,Adam Gettis,G,OL,
11680,Patrick Paul,OL,OL,MIA
11681,Kingsley Suamataia,OL,OL,KC
11682,Cole Bishop,DB,DB,BUF
11683,Jackson Powers-Johnson,OL,OL,LV
11684,Blake Fisher,OL,OL,HOU
11685,Kamari Lassiter,DB,DB,HOU
11686,Javon Bullard,DB,DB,GB
11687,Edgerrin Cooper,LB,LB,GB
11688,Kris Jenkins,DL,DL,CIN
11689,Ennis Rakestraw,DB,DB,DET
1169,Robert Griffin,QB,QB,
11690,Zach Frazier,OL,OL,PIT
11691,T'Vondre Sweat,DL,DL,NYJ
11692,Mike Hall,DT,DL,CLE
11693,Max Melton,DB,DB,ARI
11694,Marshawn Kneeland,DL,DL,
11695,Ruke Orhorhoro,DT,DL,JAX
11696,Roger Rosengarten,OL,OL,BAL
11697,Renardo Green,DB,DB,SF
11698,Maason Smith,DT,DL,ATL
11699,Jer'Zhan Newton,DL,DL,WAS
117,Rashean Mathis,CB,DB,
1170,Alfred Morris,RB,RB,
11700,Dru Phillips,DB,DB,NYG
11701,Junior Colson,LB,LB,LAC
11702,Brandon Coleman,OL,OL,WAS
11703,Jalyx Hunt,DL,DL|LB,PHI
11704,Christian Haynes,OL,OL,SEA
11705,Tykee Smith,DB,DB,TB
11706,DeWayne Carter,DT,DL,BUF
11707,Kiran Amegadjie,OL,OL,PHI
11708,DJ Glaze,OL,OL,LV
11709,Matt Goncalves,OL,OL,IND
1171,Keenan Robinson,LB,LB,
11710,Calen Bullock,DB,DB,HOU
11711,Caedan Wallace,OL,OL,MIA
11712,Ty'Ron Hopper,LB,LB,GB
11713,McKinnley Jackson,DL,DL,SF
11714,Jonah Elliss,DE,DL,DEN
11715,Zak Zinter,OL,OL,CLE
11716,Tip Reiman,TE,TE,ARI
11717,Elijah Jones,DB,DB,CHI
11718,Isaiah Adams,OL,OL,ARI
11719,Cooper Beebe,OL,OL,DAL
1172,Don Barclay,G,OL,
11720,Marist Liufau,LB,LB,DAL
11721,Bralen Trice,DE,DL,ATL
11722,Adisa Isaac,DE,DL,BAL
11723,Dominick Puni,OL,OL,SF
11724,Trevin Wallace,LB,LB,NYJ
11725,Jarrian Jones,DB,DB,JAX
11726,Kamren Kinchens,DB,DB,LAR
11727,Payton Wilson,LB,LB,PIT
11728,Jaden Hicks,DB,DB,KC
11729,Sione Vaki,RB,RB,DET
1173,Jarrett Boykin,WR,WR,
11730,T.J. Tampa,DB,DB,BAL
11731,Malik Mustapha,DB,DB,SF
11732,Tory Taylor,P,P,CHI
11733,Mason McCormick,OL,OL,PIT
11734,Tyrice Knight,LB,LB,SEA
11735,Tanor Bortolini,OL,OL,IND
11736,Jordan Jefferson,DT,DL,LAC
11737,Javon Foster,OL,OL,CIN
11738,Decamerion Richardson,CB,DB,NO
11739,Evan Williams,DB,DB,GB
1174,Mike Daniels,DT,DL,CIN
11740,Brandon Dorlus,DE,DL,ATL
11741,Khyree Jackson,DB,DB,
11742,Cedric Gray,LB,LB,TEN
11743,Justin Eboigbe,DL,DL,LAC
11744,Dadrion Taylor-Demerson,DB,DB,ARI
11745,Layden Robinson,OL,OL,
11746,Giovanni Manu,OL,OL,DET
11747,Jaylan Ford,LB,LB,NO
11748,Bub Means,WR,WR,CLE
11749,Cam Hart,CB,DB,LAC
1175,Casey Hayward,CB,DB,
11750,Dominique Hampton,CB,DB,TEN
11751,Brennan Jackson,DE,DL,LV
11752,Jeremiah Trotter,LB,LB,PHI
11753,Nehemiah Pritchett,CB,DB,SEA
11754,Mohamed Kamara,DL,DL,TB
11755,Qwan'tez Stiggers,CB,DB,NYJ
11756,Hunter Nourzad,OL,OL,KC
11757,Edefuan Ulofoshio,LB,LB,
11758,Sedrick Van Pran-Granger,OL,OL,IND
11759,Javon Solomon,DE,DL,BUF
1176,Dezman Moses,LB,LB,
11760,Austin Booker,DL,DL,CHI
11761,Tommy Eichenberg,LB,LB,LV
11762,Anthony Gould,WR,WR,IND
11763,Kitan Oladapo,DB,DB,GB
11764,Josh Newton,CB,DB,CIN
11765,Kris Abrams-Draine,DB,DB,DEN
11766,Jarvis Brownlee,DB,DB,NYJ
11767,Xavier Thomas,DE,DL,
11768,Christian Jones,OL,OL,CHI
11769,Caelen Carson,DB,DB,DAL
1177,Nick Perry,LB,LB,
11770,JD Bertrand,LB,LB,ATL
11771,Chau Smith-Wade,DB,DB,CAR
11772,Deantre Prince,CB,DB,CHI
11773,Keilan Robinson,RB,RB,
11774,Trevor Keegan,OL,OL,MIN
11775,Jaylin Simpson,DB,DB,MIA
11776,Jacob Monk,OL,OL,GB
11777,Jaylon Carlies,DB,DB|LB,IND
11778,Jordan Magee,LB,LB,WAS
11779,Tarheeb Still,DB,DB,LAC
1178,Sean Richardson,SS,DB,
11780,Elijah Klein,OG,OG,DET
11781,Daequan Hardy,CB,DB,
11782,Beaux Limmer,OL,OL,LAR
11783,Ryan Flournoy,WR,WR,DAL
11784,Jarrett Kingston,OL,OL,MIA
11785,Cedric Johnson,DE,DL,CIN
11786,Cam Little,K,K,JAX
11787,Kamal Hadden,DB,DB,GB
11788,Christian Mahogany,OL,OL,DET
11789,Joshua Karty,K,K,
1179,Jerel Worthy,DE,DL,
11790,Nathaniel Watson,LB,LB,CLE
11791,Tylan Grable,OL,OL,BUF
11792,Will Reichard,K,K,MIN
11793,Travis Glover,OT,OT,GB
11794,Micah Abraham,CB,DB,
11795,Jaden Crumedy,DT,DL,HOU
11796,Khristian Boyd,DL,DL,NO
11797,Patrick McMorris,DB,DB,
11798,Zion Logue,DL,DL,CLE
11799,Tyler Davis,DT,DL,LAR
118,Sebastian Janikowski,K,K,
1180,Frank Alexander,DE,DL,
11800,Ryan Watts,DB,DB,
11801,DJ James,CB,DB,
11802,Tejhaun Palmer,WR,WR,
11803,Dylan McMahon,OL,OL,LAR
11804,Mekhi Wingo,DT,DL,DET
11805,Jamal Hill,LB,LB,HOU
11806,Casey Washington,WR,WR,CAR
11807,Darius Muasau,LB,LB,NE
11808,Jha'Quan Jackson,WR,WR,
11809,Marcellas Dial,DB,DB,MIA
1181,Luke Kuechly,LB,LB,
11810,Sataoa Laumea,OL,OL,
11811,Logan Lee,DL,DL,PIT
11812,Walter Rouse,OL,OL,NE
11813,Michael Jerrell,OT,OT,ATL
11814,Josiah Ezirim,OT,OT,
11815,Cornelius Johnson,WR,WR,
11816,Javontae Jean-Baptiste,DL,DL,WAS
11817,KT Leveston,OL,OL,CLE
11818,Michael Jurgens,OL,OL,MIN
11819,Levi Drake Rodriguez,DT,DL,MIN
1182,Josh Norman,CB,DB,
11820,Devin Culp,TE,TE,TB
11821,Tahj Washington,WR,WR,
11822,Jaylen Key,DB,DB,
11823,C.J. Hanson,OG,OG,
11824,Travis Clayton,OT,OT,BUF
11825,MJ Devonshire,DB,DB,
11826,Trey Taylor,DB,DB,
11827,Jonah Laulu,DL,DL,LV
11828,Marcus Harris,DL,DL,KC
11829,Solomon Byrd,DE,DL,HOU
1183,Brad Nortman,P,P,
11830,Kalen King,CB,DB,ARI
11831,Daijahn Anthony,DB,DB,
11832,Matt Lee,C,,
11833,Nick Gargiulo,OL,OL,DEN
11834,Devaughn Vele,WR,WR,NO
11835,Jaylen Harrell,DE,DL,TEN
11836,Myles Harden,DB,DB,CLE
11837,Jaden Davis,DB,DB,HOU
11838,Nate Thomas,OL,OL,HOU
11839,Justin Rogers,DL,DL,
1184,Amini Silatolu,G,OL,
11840,Nick Samac,C,,MIN
11841,Sanoussi Kane,DB,DB,
11842,Tatum Bethune,LB,LB,SF
11843,Michael Barrett,LB,LB,
11844,Myles Cole,LB,LB,
11845,LaDarius Henderson,OL,OL,
11846,Jowon Briggs,DE,DL,NYJ
11847,James Williams,DB,DB|LB,TEN
11848,Casey Bauman,QB,QB,
11849,Karsen Barnhart,OL,OL,
1185,Travaris Cadet,RB,RB,
11850,Jeff Foreman,WR,WR,
11851,Carter Bradley,QB,QB,
11852,TJ Franklin,DL,DL,
11853,Tomari Fox,DL,DL,
11854,Andrew Coker,OL,OL,
11855,Amari Gainer,LB,LB,MIA
11856,Clark Barrington,OL,OL,
11857,Daijun Edwards,RB,RB,
11858,Julius Welschof,DL,DL,PIT
11859,John Rhys Plumlee,QB,QB,
1186,Akiem Hicks,DT,DL,
11860,Beanie Bishop,CB,DB,
11861,Jacoby Windmon,LB,LB,PIT
11862,Luke Benson,TE,TE,
11863,Leon Johnson,WR,WR,
11864,Zach Heins,TE,TE,
11865,Jalyn Phillips,DB,DB,
11866,Tyler McLellan,OL,OL,
11867,Jaelen Gill,WR,WR,
11868,Micheal Mason,DL,DL,
11869,Robert Kennedy,DB,DB,
1187,Marcel Jones,OT,OL,
11870,Jeremiah Jean-Baptiste,LB,LB,
11871,Akeem Dent,DB,DB,
11872,Thomas Harper,DB,DB,DET
11873,Willis Patrick,OL,OL,
11874,Jaylen Johnson,WR,WR,
11875,Tre'Mon Morris-Brash,DE,DL,
11876,Savion Jackson,DE,DL,
11877,Noah Shannon,DL,DL,
11878,Will Putnam,C,,LV
11879,Rayshad Williams,CB,DB,
1188,Andrew Tiller,G,OL,
11880,Woo Governor,DB,DB,
11881,Jake Johanning,C,,
11882,Ja'Quan Sheppard,DB,DB,
11883,Phalen Sanford,DB,DB,
11884,Ron Stone,DE,DL,
11885,Ramel Keyton,WR,WR,
11886,Tulu Griffin,WR,WR,
11887,Bucky Williams,OL,OL,
11888,Zamari Walton,CB,DB,
11889,Tyler Smith,OL,OL,
1189,Nick Toon,WR,WR,
11890,Luquay Washington,LB,LB,
11891,Kyle Hergel,OL,OL,BAL
11892,Nate Latu,DE,DL,
11893,Isaiah Stalbird,LB,LB,NO
11894,Kyler Baugh,DL,DL,PIT
11895,Mason Tipton,WR,WR,NO
11896,Millard Bradford,DB,DB,
11897,Jermaine Jackson,WR,WR,
11898,Matthew Hayball,P,P,
11899,Rico Payton,CB,DB,
119,James Anderson,LB,LB,
1190,Tyrunn Walker,DT,DL,
11900,Jacob Kibodi,RB,RB,
11901,Kyle Sheets,WR,WR,
11902,Nouri Nouili,OL,OL,
11903,Sincere Haynesworth,OL,OL,
11904,Lawrence Johnson,DB,DB,
11905,Dwight McGlothern,DB,DB,
11906,Ty James,WR,WR,
11907,Dallas Gant,LB,LB,
11908,Gabriel Murphy,DL,DL,
11909,Tyler Manoa,DL,DL,
1191,Corey White,CB,DB,
11910,Donovan Manuel,LB,LB,
11911,Jeshaun Jones,WR,WR,
11912,K.J. Cloyd,LB,LB,
11913,Devron Harper,WR,WR,
11914,Jeremy Flax,OL,OL,
11915,Matthew Cindric,OL,OL,
11916,Christopher Edmonds,DB,DB,
11917,Javion Cohen,OL,OL,
11918,Ahmarean Brown,WR,WR,
11919,Lorenzo Thompson,OL,OL,
1192,Lavonte David,LB,LB,
11920,Joe Shimko,LS,LS,
11921,Xavier Weaver,WR,WR,
11922,Drake Nugent,OL,OL,SF
11923,Evan Anderson,DL,DL,
11924,Tanner Mordecai,QB,QB,
11925,Terique Owens,WR,WR,
11926,Owen Porter,DL,DL,
11927,Doug Nester,OL,OL,PIT
11928,Spencer Rolland,OL,OL,
11929,Bo Richter,DE,DL,MIN
1193,Najee Goode,LB,LB,
11930,Taki Taimani,DL,DL,
11931,Austin Reed,QB,QB,
11932,Mike DiLiello,QB,QB,
11933,Ben Nikkel,DB,DB,
11934,Tyler Owens,DB,DB,WAS
11935,A.J. Woods,CB,DB,BUF
11936,Norell Pollard,DL,DL,
11937,David Nwaogwugwu,T,,
11938,Chigozie Anusiem,CB,DB,LV
11939,Ryan Coll,OT,OT,
1194,Leonard Johnson,CB,DB,
11940,JaQuae Jackson,WR,WR,
11941,Isaiah Wooden,WR,WR,
11942,Colson Yankoff,TE,TE,WAS
11943,Michael Wiley,RB,RB,
11944,Trey Vaval,CB,DB,
11945,Ryan Sanborn,P,P,
11946,Marcus Rosemy-Jacksaint,WR,WR,
11947,Austin Jones,RB,RB,
11948,Robert Javier,CB,DB,
11949,Brayden Narveson,K,K,
1195,Doug Martin,RB,RB,
11950,Rod Gattison,CB,DB,
11951,Beau Brade,DB,DB,CIN
11952,Darrian Dalcourt,OL,OL,
11953,Tramel Walthour,DL,DL,
11954,Corey Bullock,OL,OL,CAR
11955,Cole Spencer,G,OL,
11956,Brian Dooley,T,,
11957,Sam Schnee,WR,WR,
11958,X'Zauvea Gadlin,G,,
11959,Bryce Oliver,WR,WR,
1196,Keith Tandy,FS,DB,
11960,Steven Stilianos,TE,TE,
11961,Emory Jones,QB,QB,
11962,Tayvion Robinson,WR,WR,
11963,Chris Collier,RB,RB,LV
11964,Dayton Wade,WR,WR,
11965,Marcus Banks,DB,DB,
11966,Rashad Wisdom,DB,DB,TB
11967,Don Chapman,DB,DB,
11968,Chris McDonald,CB,DB,
11969,Xavier Johnson,WR,WR,
1197,Michael Brockers,DE,DL,
11970,Gunner Britton,OL,OL,
11971,Keaton Ellis,DB,DB,
11972,Isaiah Iton,DL,DL,
11973,Gabe Jeudy-Lally,CB,DB,
11974,Khalid Duke,DE,DL,
11975,Jordan Terrell,RB,RB,
11976,Tre Colbert,DL,DL,
11977,Yvandy Rigby,LB,LB,
11978,John McCartan,LB,LB,
11979,DeAngelo Hardy,DB,DB,
1198,Matt Conrath,DT,DL,
11980,Ja'Mion Franklin,DT,DL,
11981,Deion Jennings,LB,LB,
11982,Isaiah Washington,WR,WR,
11983,Joe Evans,DE,DL,
11984,DeVere Levelston,DE,DL,
11985,Carlton Johnson,CB,DB,
11986,Antonio Grier,LB,LB,
11987,Daniel Grzesiak,DL,DL,
11988,Judge Culpepper,DT,DL,
11989,D.J. Williams,RB,RB,
1199,Matt Daniels,SS,DB,
11990,Kalen DeLoach,LB,LB,
11991,Avery Jones,C,,
11992,Nolan Potter,OL,OL,
11993,Tyrek Funderburk,CB,DB,DAL
11994,Kameron Johnson,WR,WR,TB
11995,Zack Annexstad,QB,QB,
11996,Xavier Delgado,G,,
11997,Eyabi Okie-Anoma,DL,DL,
11998,Emani Bailey,RB,RB,
11999,Keaton Bills,OL,OL,
12,Ryan Kalil,C,OL,
120,Adam Vinatieri,K,K,
1200,Austin Davis,QB,QB,
12000,Keni-H Lovely,CB,DB,
12001,Lawrence Keys,WR,WR,DET
12002,Alfahiym Walcott,DB,DB,
12003,Gunnar Watson,QB,QB,
12004,Branson Deen,DL,DL,
12005,Jack Browning,K/P,K/P,
12006,Sheridan Jones,CB,DB,
12007,Nathaniel Peat,RB,RB,
12008,DeShawn Gaddie,CB,DB,
12009,Jack Plummer,QB,QB,
1201,Chris Givens,WR,WR,
12010,Popo Aumavae,DT,DL,
12011,Demani Richardson,DB,DB,
12012,Derrick McLendon,LB,LB,
12013,Jaden Shirden,RB,RB,
12014,Willie Drew,CB,DB,
12015,Harrison Mevis,K,K,LAR
12016,Jeremiah Crawford,OL,OL,
12017,Clayton Isbell,DB,DB,
12018,Sam Pinckney,WR,WR,
12019,Devin Carter,WR,WR,
1202,Johnny Hekker,P,P,MIN
12020,Leo Lowin,LB,LB,
12021,Jackson Mitchell,LB,LB,
12022,Taylor Upshaw,DE,DL,
12023,Rason Williams,DL,DL,
12024,Sunny Anderson,DE,DL,
12025,Nelson Ceaser,DE,DL,
12026,Kobe Lewis,RB,RB,
12027,Michael Novitsky,C,,
12028,TaMerik Williams,RB,RB,
12029,Tyler Harrell,WR,WR,
1203,Janoris Jenkins,CB,DB,
12030,Braiden McGregor,DE,DL,NYJ
12031,Leonard Taylor,DL,DL,NE
12032,Travian Blaylock,DB,DB,
12033,OJ Hiliare,WR,WR,
12034,David Satkowski,OL,OL,
12035,Jamree Kromah,DL,DL,CHI
12036,Ian Wheeler,RB,RB,
12037,Reddy Steward,CB,DB,DAL
12038,Noah Atagi,OL,OL,
12039,TD Ayo-Durojaiye,RB,RB,
1204,Trumaine Johnson,CB,DB,
12040,Leon Jones,CB,DB,
12041,Carl Jones,DL,DL,BAL
12042,Keith Randolph,DL,DL,
12043,Hayden Gillum,OL,OL,
12044,Garret Greenfield,OT,OT,
12045,Jack Westover,TE,TE,WAS
12046,Chevan Cordeiro,QB,QB,
12047,Ro Torrence,DB,DB,
12048,George Holani,RB,RB,SEA
12049,Aaron Beasley,LB,LB,
1205,Rodney McLeod,DB,DB,
12050,Dee Williams,DB,DB,
12051,Jackson Sirmon,LB,LB,NO
12052,Shyheim Battle,CB,DB,
12053,Tyreek Johnson,DE,DL,
12054,Jimmy Ciarlo,LB,LB,SEA
12055,Tre Jenkins,DB,DB,
12056,Jarius Monroe,CB,DB,
12057,Maema Njongmeta,LB,LB,CAR
12058,PJ Jules,DB,DB,CIN
12059,Michael Dowell,DB,DB,
1206,Isaiah Pead,RB,RB,
12060,Aaron Casey,LB,LB,
12061,Noah Cain,RB,RB,
12062,Cam Grandy,TE,TE,MIN
12063,Rocky Lombardi,QB,QB,
12064,Lance Robinson,DB,DB,
12065,Eric Miller,OL,OL,
12066,Elijah Collins,RB,RB,
12067,Briason Mays,C,OL,
12068,Mason Pline,TE,TE,
12069,Gottlieb Ayedze,T,OT,MIA
1207,Quinton Pointer,FS,DB,
12070,McCallan Castles,TE,TE,
12071,Gabe Hall,DT,DL,PHI
12072,Jacob Roberts,LB,LB,
12073,Jett Johnson,LB,LB,
12074,Talik Keaton,WR,WR,
12075,Anim Dankwah,T,,
12076,Austin McNamara,P,P,NYJ
12077,Lincoln Victor,WR,WR,
12078,Jaylon Allen,DL,DL,
12079,Treyton Welch,TE,TE,NO
1208,Brian Quick,WR,WR,
12080,Aidan Robbins,RB,RB,
12081,Dyshawn Gales,CB,DB,
12082,Jalen Sundell,C,OT,SEA
12083,Winston Reid,LB,LB,CLE
12084,Jason Johnson,LB,LB,
12085,Alec Holler,TE,TE,
12086,Cam Johnson,WR,WR,
12087,Emany Johnson,DB,DB,
12088,Brock Mogensen,LB,LB,
12089,Julius Wood,DB,DB,MIA
1209,Robert Blanton,FS,DB,
12090,Corey Crooms,WR,WR,
12091,Byron Vaughns,LB,LB,
12092,Josh DeBerry,CB,DB,
12093,Geordon Porter,WR,WR,
12094,Alex Johnson,CB,DB,
12095,Jjay Mcafee,TE,TE,
12096,Casey Rogers,DL,DL,
12097,Ayir Asante,WR,WR,
12098,Ovie Oghoufo,DE,DL,
12099,William Barnes,T,,
121,LeRon McClain,RB,RB,
1210,Audie Cole,LB,LB,
12100,Chris Autman-Bell,WR,WR,
12101,Marcellus Johnson,OL,OL,DAL
12102,Andre' Sam,DB,DB,PHI
12103,Jordan Miller,DT,DL,
12104,Alec Mock,LB,LB,
12105,Nick D'Ambra,LS,LS,
12106,Brandon Matterson,DL,DL,
12107,Dylan Leonard,TE,TE,
12108,Quinton Newsome,DB,DB,
12109,Caleb Nelson,CB,DB,
1211,Rhett Ellison,TE,TE,
12110,Frank Crum,OT,OT,DEN
12111,Levelle Bailey,LB,LB,DEN
12112,Camden Lewis,K,K,
12113,Thomas Yassmin,TE,TE,GB
12114,Joshua Cephus,WR,WR,
12115,Dell Pettus,DB,DB,NE
12116,Mikey Victor,CB,DB,
12117,Jontrey Hunter,LB,LB,
12118,Jacob Warren,TE,TE,
12119,Charles Turner,OL,OL,
1212,Matt Kalil,T,OL,
12120,Zuri Henry,OL,OL,
12121,Deshaun Fenwick,RB,RB,
12122,John Morgan,DE,DL,
12123,Kaleb Ford-Dement,CB,DB,
12124,Isaiah Johnson,DB,DB,
12125,Mark Perry,DB,DB,ARI
12126,Isaac Rex,TE,TE,
12127,Duke Clemens,OL,OL,
12128,Isaac Ukwu,DE,DL,
12129,Jalon Calhoun,WR,WR,
1213,Harrison Smith,DB,DB,MIN
12130,Steele Chambers,LB,LB,
12131,Bryan Hudson,OL,OL,NYG
12132,Josh Wallace,DB,DB,LAR
12133,Drake Stoops,WR,WR,
12134,Sam Wiglusz,WR,WR,
12135,Neal Johnson,TE,TE,
12136,Tuli Letuligasenoa,DL,DL,
12137,Charles Woods,CB,DB,NE
12138,Anthony Goodlow,DE,DL,CAR
12139,Kenny Logan,DB,DB,
1214,Blair Walsh,K,K,
12140,Omar Speights,LB,LB,LAR
12141,Justin Dedich,OL,OL,LAR
12142,Jaylen McCollough,DB,DB,LAR
12143,Bayron Matos,OL,OL,
12144,Je'Quan Burton,WR,WR,
12145,Andrew Meyer,C,OL,MIA
12146,Grayson Murphy,DL,DL,
12147,Storm Duck,CB,DB,MIA
12148,Matthew Jones,G,OL,
12149,Gavin Hardison,QB,QB,
1215,Jarius Wright,WR,WR,
12150,Jarveon Howard,RB,RB,
12151,Julian Hicks,WR,WR,
12152,Trente Jones,OT,OT,
12153,Donovan Jennings,OL,OL,GB
12154,Messiah Swinson,TE,TE,
12155,Nate Lynn,DL,DL,NYJ
12156,James Turner,K,K,
12157,Chelen Garnes,DB,DB,
12158,DaRon Gilbert,LB,LB,
12159,Hogan Hatten,LS,LS,DET
1216,Justin Bethel,DB,DB,
12160,Morice Norris,DB,DB,
12161,Loren Strickland,DB,DB,
12162,Ethan Driskell,OL,OL,KC
12163,Ryan Rehkow,P,P,CIN
12164,Curtis Jacobs,LB,LB,
12165,Spencer Sanders,QB,QB,
12166,Trey Potts,RB,RB,
12167,Sam Lockett,DB,DB,
12168,Zach Mathis,WR,WR,
12169,Reggie Brown,WR,WR,
1217,Laron Byrd,WR,WR,
12170,Jaaron Hayek,WR,WR,
12171,British Brooks,RB,RB,HOU
12172,Pheldarius Payne,DL,DL,
12173,Jaxon Janke,WR,WR,
12174,Ralen Goforth,LB,LB,
12175,James Ester,DT,DL,MIA
12176,Porter Wilson,P,P,
12177,Michael Bertoia,C,,
12178,Don Callis,CB,DB,
12179,Rodney Mathews,DT,DL,
1218,Jamell Fleming,CB,DB,
12180,Alex McNulty,K,K,
12181,Peter Bowden,LS,LS,
12182,Miles Battle,CB,DB,
12183,Chris Roland-Wallace,CB,DB,KC
12184,Dalton Tucker,OL,OL,IND
12185,Spencer Shrader,K,K,IND
12186,Isaiah Coe,DL,DL,
12187,Malcolm Epps,TE,TE,
12188,Justin Strong,RB,RB,
12189,Xavier White,WR,WR,
1219,Michael Floyd,WR,WR,
12190,Jason Bean,QB,QB,
12191,Trent Pennix,TE,TE,
12192,Craig Young,LB,LB,
12193,Max Tooley,LB,LB,
12194,Tarique Barnes,LB,LB,
12195,Myles Murphy,DL,DL,
12196,Jayden Price,CB,DB,NO
12197,John Paddock,QB,QB,
12198,Wayne Ruby,WR,WR,
12199,Bryce Gallagher,LB,LB,
122,Miles Austin,WR,WR,
1220,Senio Kelemete,OL,OG|OL,
12200,Fabien Lovett,DL,DL,
12201,Nick Torres,G,,
12202,Jaylon White-McClain,DE,DL,
12203,McKade Mettauer,G,,
12204,Griffin McDowell,OT,OT,
12205,Jalen Cunningham,OG,OG,
12206,Mario Kendricks,DL,DL,
12207,Bryce Houston,LB,LB,
12208,Theo Benedet,OT,OT,CHI
12209,Justin Blazek,DL,DL,
1221,Ryan Lindley,QB,QB,
12210,Cole Burgess,WR,WR,
12211,Denzel Daxon,DL,DL,
12212,Austin Stogner,TE,TE,
12213,Anthony Sao,CB,DB,
12214,Andrew Raym,OL,OL,
12215,Kevin Foelsch,TE,TE,
12216,Steven Jones,OL,OL,PIT
12217,Shawn Bowman,TE,TE,ARI
12218,Jalen Jackson,RB,RB,
12219,Trey Kiser,LB,LB,
1222,Bobby Massie,T,OL|OT,
12220,Brevin Easton,WR,WR,
12221,Andre Carter,DL,DL,
12222,Joseph Scates,WR,WR,
12223,Andrew Parker,LB,LB,
12224,David White,WR,WR,
12225,Josh Proctor,DB,DB,
12226,Lorenzo Lingard,RB,RB,
12227,Elias Neal,LB,LB,LAR
12228,Blake Larson,OL,OL,
12229,David Olajiga,DL,DL,BAL
1223,Garrett Celek,TE,TE,
12230,Cam Lampkin,DB,DB,LAR
12231,JJ Laap,WR,WR,
12232,Omar Brown,CB,DB,
12233,Willie Tyler,OL,OL,
12234,Shemar Bartholomew,CB,DB,
12235,Marcus Riley,WR,WR,
12236,Myles Jones,CB,DB,
12237,Lincoln Sefcik,TE,TE,
12238,Eric Watts,DL,DL,MIA
12239,Peewee Jarrett,QB,QB,
1224,Darius Fleming,LB,LB,
12240,Brady Latham,OL,OL,
12241,Al Blades,DB,DB,
12242,Easton Gibbs,LB,LB,
12243,Ryan Cooper,CB,DB,
12244,DeAngelo Hardy,WR,WR,
12245,Jelani Baker,WR,WR,
12246,Mike Rigerman,TE,TE,
12247,Julian Pearl,T,,
12248,Darrell Simpson,OL,OL,
12249,Randen Plattner,LS,LS,
1225,LaMichael James,RB,RB,
12250,Riley Sharp,TE,TE,
12251,Jordan Toles,DB,DB,
12252,Laekin Vakalahi,T,OL,LAC
12253,Bo Bauer,LB,LB,
12254,Phillip Brooks,WR,WR,
12255,Swayze Bozeman,LB,LB,CIN
12256,Baylor Cupp,TE,TE,
12257,D.J. Miller,CB,DB,
12258,Buddha Jones,NT,DL,
12259,Taulia Tagovailoa,QB,QB,
1226,AJ Jenkins,WR,WR,
12260,Mason Fairchild,TE,TE,
12261,Nelson Paul,DE,DL,
12262,Michael Furtney,OL,OL,
12263,Philip Ossai,DL,DL,
12264,Cole Beck,WR,WR,
12265,Colton Spangler,P,P,
12266,Kam Stutts,OL,OL,
12267,Qadir Ismail,WR,WR,CHI
12268,Colby Suits,QB,QB,
12269,Brandon Codrington,DB,DB,SF
1227,Joe Looney,OG,OL,
12270,Andrew Peasley,QB,QB,
12271,Kolbi Fuqua,LB,LB,
12272,Travis Blackshear,CB,DB,
12273,Devin Phillips,DL,DL,
12274,Paul Moala,LB,LB,
12275,Donny Ventrelli,OL,OL,
12276,RJ Mobley,WR,WR,
12277,John Matocha,QB,QB,
12278,Jacob Sirmon,QB,QB,
12279,Oliver Jervis,OL,OL,
1228,Trenton Robinson,FS,DB,
12280,Joe Bryson,OL,OL,
12281,Dimitri Stanley,WR,WR,
12282,C.J. Ravenell,DL,DL,NYG
12283,Dylan McDuffie,RB,RB,
12284,Michael Herzog,RB,RB,
12285,Cade Peterson,QB,QB,
12286,Eddie Heckard,CB,DB,
12287,Chris Chukwuneke,LB,LB,
12288,Mathieu Severance,RB,RB,
12289,Jake Hornibrook,OT,OT,
1229,Jaye Howard,DE,DL,
12290,Brandon Bishop,DB,DB,
12291,Dakota Caton,WR,WR,
12292,Aidan Hemphill,OL,OL,
12293,Daniel Johnson,OL,OL,
12294,Devlin Kirklin,DB,DB,
12295,Ben Farrell,OL,OL,
12296,Kaylon Horton,WR,WR,
12297,Jake Kradel,OL,OL,
12298,Kalon Gervin,CB,DB,
12299,Roje Stona,DE,DL,
123,Doug Free,T,OL,
1230,Jeremy Lane,CB,DB,
12300,Joshua Lingenfelter,TE,TE,
12301,Treylen Brown,C,,
12302,Chance Main,DL,DL,
12303,Brady Weeks,LS,LS,
12304,Noah Washington,LB,LB,
12305,Aaron Frost,OL,OL,
12306,La'Damian Webb,RB,RB,
12307,Quentin Bivens,DL,DL,
12308,Samson Evans,RB,RB,
12309,Andrew Chatfield,DE,DL,
1231,Greg Scruggs,TE,TE,
12310,Deshawn McCarthy,DE,DL,
12311,Daniel George,WR,WR,
12312,Noah Rauschenberg,K,K,
12313,Brey Walker,OL,OL,
12314,Beau Corrales,WR,WR,
12315,Tairiq Stewart,OT,OT,
12316,Jay Person,DE,DL,
12317,John Pupel,DB,DB,
12318,Mase Funa,LB,LB,
12319,Elijah Chatman,DT,DL,
1232,Robert Turbin,RB,RB,
12320,Treyton Pickering,TE,TE,
12321,J.D. Duplain,OL,OL,
12322,Kam Pedescleaux,DB,DB,
12323,Kameren Stewart,OT,OT,
12324,William Thompson,QB,QB,
12325,Nash Fouch,DB,DB,
12326,Malik Langham,DL,DL,
12327,Isaiah Major,LB,LB,
12328,Shawn Preston,DB,DB,
12329,Cade Beresford,OL,OL,
1233,Bobby Wagner,LB,LB,
12330,Aaron Brule,LB,LB,
12331,Irshaad Davis,CB,DB,
12332,Devin Richardson,LB,LB,
12333,Dakereon Joyner,WR,WR,
12334,AJ Forbes,OL,OL,
12335,Travion Brown,LB,LB,
12336,Richard Jibunor,LB,LB,
12337,Nick Correia,OL,OL,
12338,Kendarin Ray,DB,DB,
12339,Danny Abraham,LB,LB,
1234,Russell Wilson,QB,QB,
12340,Alex Larson,TE,TE,
12341,Markese Stepp,RB,RB,
12342,Travis Benham,P,P,
12343,Zion Puckett,DB,DB,
12344,Tristan Wheeler,LB,LB,
12345,Jaylen Mahoney,DB,DB,
12346,Keonte Lusk,CB,DB,
12347,Mayan Ahanotu,DL,DL,
12348,Jasper Parks,OL,OL,
12349,Daymond Williams,DT,DL,
1235,Jorvorskie Lane,FB,RB,
12350,Anthony Grant,RB,RB,
12351,Julius Wilkerson,LB,LB,
12352,Jeremy Moussa,QB,QB,
12353,Jack Freeman,OL,OL,
12354,Easton Dean,TE,TE,
12355,Treveyon Pratt,WR,WR,
12356,Jabari Small,RB,RB,DET
12357,David Martin-Robinson,TE,TE,TEN
12358,Shon Stephens,CB,DB,
12359,Jett Stanley,DT,DL,
1236,Joe Banyard,RB,RB,
12360,Latreal Jones,WR,WR,
12361,Aeneas Dennis,QB,QB,
12362,Johnny Hudson,DT,DL,
12363,Xavier Wade,WR,WR,
12364,Kyon Barrs,DL,DL,
12365,Jordan Strachan,DE,DL,
12366,Salvatore Lupoli,LB,LB,
12367,X'Zauvea Gadlin,OL,OL,
12368,Duplicate Player,,,
12369,Bryce Sheppert,DB,DB,
1237,Dominique Davis,QB,QB,
12370,Praise Olatoke,WR,WR,
12371,Luke Brubacher,DE,DL,
12372,Vincent Blanchard,K,K,
12373,Peter LeBlanc,WR,WR,
12374,Brenden Bates,TE,TE,JAX
12375,Trajan Jeffcoat,DE,DL,
12376,Marquis Wilson,DB,DB,
12377,Anthony Averett,DB,DB,
12378,Rondell Bothroyd,DT,DL,
12379,David Ugwoegbu,DE,DL,
1238,Josh Harris,LS,LS,LAC
12380,Te'Cory Couch,CB,DB,BUF
12381,Mike Edwards,OL,OL,
12382,Jake Kubas,OG,OG,NE
12383,John Jiles,WR,WR,
12384,Kingsley Eguakun,OL,OL,ARI
12385,Jude McAtamney,K,K,
12386,Christian Duffie,OT,OT,
12387,Leonard Payne,DT,DL,
12388,Jordan Colbert,DB,DB,
12389,Hayden Rucci,TE,TE,LAC
1239,Peter Konz,C,OL,
12390,Darius Hodges,DE,DL,
12391,Kenny Dyson,LB,LB,MIN
12392,Tre Mosley,WR,WR,
12393,Nik Constantinou,P,P,
12394,Cam Allen,DB,DB,
12395,Tanner Knue,WR,WR,
12396,Shaun Peterson,DE,DL,
12397,Joe Andreessen,LB,LB,BUF
12398,Jadon Janke,WR,WR,
12399,Caleb Chapman,WR,WR,
124,Josh Sitton,G,OL,
1240,Jonathan Massaquoi,OLB,LB,
12400,Billy Shaeffer,LB,LB,
12401,Andrew Hayes,DB,DB,
12402,Ramon Jefferson,RB,RB,
12403,Valentino Ambrosio,K,K,
12404,Colton Theaker,K,K,
12405,Mike Thompson,DL,DL,
12406,Lokahi Pauole,OL,OL,
12407,BJ Davis,LB,LB,
12408,Michael Hiers,QB,QB,
12409,Dashaun Mallory,DT,DL,
1241,Winston Guy,SS,DB,
12410,John Jackson,WR,WR,
12411,Nathan Pickering,DT,DL,
12412,Terrell Jennings,RB,RB,
12413,Hamze El-Zayat,WR,WR,
12414,Ryan Johnson,OL,OL,
12415,Jotham Russell,LB,LB,
12416,Ireland Brown,OL,OL,
12417,Jason Maitre,CB,DB,
12418,Chris Collins,LB,LB,
12419,Shane Lee,LB,LB,
1242,Bruce Irvin,LB,DL|LB,
12420,Gable Steveson,DT,DL,
12421,David Wallis,WR,WR,
12422,Shayne Simon,LB,LB,
12423,Clay Fields,CB,DB,
12424,Derek Slywka,DB,DB,
12425,Alex Gubner,DT,DL,
12426,Liam Fornadel,OL,OL,
12427,Dondrea Tillman,DT,DL,DEN
12428,Ulumoo Ale,DT,DL,
12429,Kohl Levao,OL,OL,NYJ
1243,J.R. Sweezy,OG,OG|OL,SEA
12430,Malik Fisher,DE,DL,
12431,Rory Starkey,WR,WR,
12432,Jacobi Francis,CB,DB,
12433,Ben Bryant,QB,QB,
12434,Kairee Robinson,RB,RB,
12435,Geor'Quarius Spivey,TE,TE,
12436,Jamie Sheriff,LB,LB,LAR
12437,Landon Honeycutt,LB,LB,
12438,Alex Hale,K,K,
12439,Willie Roberts,CB,DB,
1244,Josh Gordon,WR,WR,
12440,Jaylon Hutchings,DT,DL,
12441,Chase Williams,CB,DB,
12442,Chris Russell,LB,LB,
12443,Devon Garrison,TE,TE,
12444,Mike Smith,LB,LB,
12445,Christian McCarroll,DE,DL,
12446,Marvin Moody,LB,LB,
12447,Keonte Schad,DL,DL,
12448,Camron Peterson,DL,DL,
12449,Jack Wilson,T,,
1245,Beau Brinkley,LS,LS,
12450,Tra Fluellen,DB,DB,
12451,Elliott Brown,LB,LB,
12452,Ralph Holley,DT,DL,
12453,Ontaria Wilson,WR,WR,
12454,Player Invalid,TE,TE,
12455,Brashard Smith,RB,RB,KC
12456,Player Invalid,WR,WR,
12457,Jaydon Blue,RB,RB,PHI
12458,Player Invalid,WR,WR,
12459,Player Invalid,RB,RB,
1246,Dominique Jones,TE,TE,
12460,Antwane Wells,WR,WR,ATL
12461,Player Invalid,WR,WR,
12462,Damien Martinez,RB,RB,
12463,Player Invalid,RB,RB,
12464,Player Invalid,RB,RB,
12465,Player Invalid,RB,RB,
12466,Player Invalid,QB,QB,
12467,Jordan James,RB,RB,SF
12468,Player Invalid,WR,WR,
12469,Dylan Sampson,RB,RB,CLE
1247,Griff Whalen,WR,WR,
12470,Riley Leonard,QB,QB,IND
12471,DJ Giddens,RB,RB,IND
12472,Raheim Sanders,RB,RB,CLE
12473,Mitchell Evans,TE,TE,CAR
12474,Woody Marks,RB,RB,HOU
12475,Ricky White,WR,WR,SEA
12476,Devin Neal,RB,RB,MIN
12477,Kurtis Rourke,QB,QB,SF
12478,Nick Nash,WR,WR,
12479,Ja'Quinden Jackson,RB,RB,
1248,Josh LeRibeus,G,OL,
12480,Moliki Matavao,TE,TE,NO
12481,Cam Skattebo,RB,RB,NYG
12482,Savion Williams,WR,WR,GB
12483,Jack Bech,WR,WR,LV
12484,Jayden Higgins,WR,WR,HOU
12485,Tez Johnson,WR,WR,TB
12486,Dillon Gabriel,QB,QB,CLE
12487,Terrance Ferguson,TE,TE,LAR
12488,Kobe Hudson,WR,WR,
12489,RJ Harvey,RB,RB,DEN
1249,Terrell Manning,ILB,LB,
12490,Bhayshul Tuten,RB,RB,JAX
12491,Corey Kiner,RB,RB,NE
12492,Pat Bryant,WR,WR,DEN
12493,Oronde Gadsden,TE,TE,LAC
12494,Kyle McCord,QB,QB,MIA
12495,Ollie Gordon,RB,RB,MIA
12496,Tai Felton,WR,WR,MIN
12497,Tory Horton,WR,WR,SEA
12498,Mason Taylor,TE,TE,NYJ
12499,Elic Ayomanor,WR,WR,TEN
125,Calais Campbell,DE,DL,BAL
1250,Will Johnson,TE,RB|TE,
12500,Quinn Ewers,QB,QB,JAX
12501,Matthew Golden,WR,WR,GB
12502,Gunnar Helm,TE,TE,TEN
12503,Isaiah Bond,WR,WR,CLE
12504,Kaleb Johnson,RB,RB,GB
12505,Jalen Royals,WR,WR,KC
12506,Harold Fannin,TE,TE,CLE
12507,Omarion Hampton,RB,RB,LAC
12508,Jaxson Dart,QB,QB,NYG
12509,Tre' Harris,WR,WR,LAC
1251,Alameda Ta'amu,NT,DL,
12510,Jalen Milroe,QB,QB,SEA
12511,Will Howard,QB,QB,PIT
12512,Quinshon Judkins,RB,RB,CLE
12513,TreVeyon Henderson DUPLICATE,,,
12514,Emeka Egbuka,WR,WR,TB
12515,Donovan Edwards,RB,RB,
12516,Kalel Mullings,RB,RB,TEN
12517,Colston Loveland,TE,TE,CHI
12518,Tyler Warren,TE,TE,IND
12519,Luther Burden,WR,WR,CHI
1252,Jeris Pendleton,DT,DL,
12520,Xavier Restrepo,WR,WR,TEN
12521,Elijah Arroyo,TE,TE,SEA
12522,Cam Ward,QB,QB,TEN
12523,Jimmy Horn,WR,WR,CLE
12524,Shedeur Sanders,QB,QB,CLE
12525,Player Invalid,ATH,WR,
12526,Tetairoa McMillan,WR,WR,CAR
12527,Ashton Jeanty,RB,RB,LV
12528,Ajou Ajou,WR,WR,
12529,TreVeyon Henderson,RB,RB,NE
1253,Marquette King,P,P,
12530,Travis Hunter,DB,DB|WR,JAX
12531,Trevor Etienne,RB,RB,CAR
12532,Ja'Corey Brooks,WR,WR,
12533,Jacory Croskey-Merritt,RB,RB,WAS
12534,Kyle Monangai,RB,RB,CHI
12535,Isaac TeSlaa,WR,WR,DET
12536,Jaylin Noel,WR,WR,HOU
12537,Ryan-DUP Cooper-DUP,CB,DB,
12538,Brady Cook,QB,QB,MIA
12539,Arian Smith,WR,WR,NYJ
1254,Josh Robinson,CB,DB,
12540,Chimere Dike,WR,WR,TEN
12541,Dont'e Thornton,WR,WR,LV
12542,Efton Chism,WR,WR,NE
12543,Tahj Brooks,RB,RB,CIN
12544,LeQuint Allen,RB,RB,JAX
12545,Tyler Shough,QB,QB,NO
12546,Marcus Yarns,RB,RB,
12547,Kyle Williams,WR,WR,NE
12548,Lenny Krieg,K,K,GB
12549,Jordan Petaia,TE,TE,
1255,Mark Barron,LB,DB|LB,
12550,T.J. Maguranyanga,DE,DL,
12551,Colin Granger,TE,TE,
12552,Walter Nolen,DL,DL,ARI
12553,Josh Simmons,OL,OL,KC
12554,Tyleik Williams,DL,DL,DET
12555,Donovan Jackson,OL,OL,MIN
12556,Donovan Ezeiruaku,DL,DL|LB,DAL
12557,Jahdae Barron,DB,DB,DEN
12558,Josh Conerly,OL,OL,WAS
12559,Shavon Revel,DB,DB,DAL
1256,Michael Egnew,TE,TE,
12560,Shemar Stewart,DL,DL,CIN
12561,Derrick Harmon,DL,DL,PIT
12562,Nic Scourton,DL,DL,CAR
12563,Grey Zabel,OT,OT,SEA
12564,Kenneth Grant,DL,DL,MIA
12565,Will Johnson,DB,DB,ARI
12566,Jihaad Campbell,LB,LB,PHI
12567,Malaki Starks,DB,DB,BAL
12568,Jalon Walker,DL,DL|LB,ATL
12569,Kelvin Banks,OL,OL,NO
1257,Jonathan Martin,OT,OL,
12570,Will Campbell,OT,OT,NE
12571,Mike Green,DL,DL|LB,BAL
12572,Armand Membou,OL,OL,NYJ
12573,Mason Graham,DL,DL,CLE
12574,Abdul Carter,DL,DL|LB,NYG
12575,Seth McLaughlin,OL,OL,DET
12576,Benjamin Morrison,DB,DB,TB
12577,Anthony Belton,OT,OT,GB
12578,Carson Schwesinger,LB,LB,CLE
12579,Jordan Burch,DL,DL,ARI
1258,Derrick Shelby,DE,DL,
12580,Landon Jackson,DL,DL,BUF
12581,Darius Alexander,DL,DL,NYG
12582,Marcus Mbow,OL,OL,NYG
12583,Oluwafemi Oladejo,DL,DL,TEN
12584,Darien Porter,DB,DB,LV
12585,James Pearce,DL,DL,ATL
12586,Cameron Williams,OL,OL,ATL
12587,Joshua Farmer,DL,DL,NE
12588,Kevin Winston,DB,DB,TEN
12589,Charles Grant,OL,OL,LV
1259,Olivier Vernon,DE,DL,
12590,Alfred Collins,DL,DL,SF
12591,Xavier Watts,DB,DB,ATL
12592,Jared Wilson,OL,OL,NE
12593,Jack Sawyer,DL,DL,PIT
12594,Jaylahn Tuimoloau,DL,DL,IND
12595,Trey Amos,DB,DB,WAS
12596,Maxwell Hairston,DB,DB,BUF
12597,Nick Emmanwori,DB,DB,SEA
12598,Jonah Savaiinaea,OL,OL,MIA
12599,Tyler Booker,OL,OL,DAL
126,Marcel Reece,FB,RB,
1260,Josh Bush,SS,DB,
12600,Aireontae Ersery,OL,OL,HOU
12601,Azareye'h Thomas,DB,DB,NYJ
12602,Mykel Williams,DL,DL,SF
12603,Cobee Bryant,DB,DB,
12604,Andrew Mukuba,DB,DB,PHI
12605,Jacob Parrish,DB,DB,TB
12606,Ozzy Trapilo,OL,OL,CHI
12607,Jamon Johnson,LB,LB,
12608,Tyler Batty,DL,DL,MIN
12609,Fadil Diggs,DL,DL,NO
1261,David DeCastro,OG,OG|OL,
12610,Princely Umanmielen,DL,DL,CAR
12611,Lathan Ransom,DB,DB,CAR
12612,T.J. Sanders,DL,DL,BUF
12613,Tate Ratledge,OL,OL,DET
12614,Shemar James,LB,LB,DAL
12615,Omarr Norman-Lott,DT,DL,KC
12616,Shemar Turner,DE,DL,CHI
12617,Demetrius Knight,LB,LB,CIN
12618,Vernon Broughton,DT,DL,NO
12619,Jonas Sanker,DB,DB,NO
1262,Alex Tanney,QB,QB,
12620,Jamaree Caldwell,DT,DL,LAC
12621,Josaiah Stewart,DE,DL,LAR
12622,Nohl Williams,CB,DB,KC
12623,Ashton Gillotte,DE,DL,KC
12624,Caleb Rogers,OL,OL,LV
12625,Justin Walley,CB,DB,IND
12626,Jaylin Smith,CB,DB,HOU
12627,Dylan Fairchild,OL,OL,CIN
12628,Sai'vion Jones,DE,DL,DEN
12629,Emery Jones,OL,OL,BAL
1263,Bernard Pierce,RB,RB,
12630,Nick Martin,LB,LB,SF
12631,Upton Stout,CB,DB,SF
12632,Caleb Ransaw,DB,DB,JAX
12633,Wyatt Milum,OL,OL,JAX
12634,Jordan Watkins,WR,WR,SF
12635,Tonka Hemingway,DT,DL,LV
12636,Que Robinson,LB,LB,DEN
12637,Ruben Hyppolite,LB,LB,
12638,Quincy Riley,CB,DB,NO
12639,Malachi Moore,DB,DB,NYJ
1264,Justin Tucker,K,K,
12640,Teddye Buchanan,LB,LB,BAL
12641,Jaylin Lane,WR,WR,WAS
12642,Jalen Travis,OT,OT,IND
12643,Kyle Kennard,DE,DL,
12644,Barryn Sorrell,DE,DL,GB
12645,David Walker,LB,DL|LB,TB
12646,Barrett Carter,LB,LB,CIN
12647,Billy Bowman,DB,DB,ATL
12648,Cody Simon,LB,LB,ARI
12649,C.J. West,DT,DL,SF
1265,Daryl Richardson,RB,RB,
12650,Danny Stutsman,LB,LB,NO
12651,Ty Robinson,DT,DL,PHI
12652,Deone Walker,DT,DL,BUF
12653,Jack Kiser,LB,LB,JAX
12654,Craig Woodson,DB,DB,NE
12655,Tyler Baron,DE,DL,NYJ
12656,Robbie Ouzts,RB,RB,SEA
12657,Denzel Burke,CB,DB,ARI
12658,Jackson Hawes,TE,TE,BUF
12659,Chris Paul,LB,LB,
1266,Greg Zuerlein,K,K,
12660,Miles Frazier,OG,OG,DET
12661,Jordan Hancock,DB,DB,BUF
12662,Zah Frazier,CB,DB,
12663,Drew Kendall,C,OL,PHI
12664,Jackson Slater,OL,OL,TEN
12665,Yahya Black,DT,DL,PIT
12666,Kiko Mauigoa,LB,LB,NYJ
12667,Smael Mondon,LB,LB,PHI
12668,Marques Sigle,DB,DB,SF
12669,Collin Oliver,DE,DL,GB
1267,Ty Nsekhe,T,OL|OT,
12670,KeAndre Lambert-Smith,WR,WR,LAC
12671,Elijah Roberts,DT,DL,TB
12672,Jeffrey Bassa,LB,LB,KC
12673,Dante Trader,DB,DB,MIA
12674,Jalen Rivers,OL,OL,CIN
12675,Jason Marshall,CB,DB,MIA
12676,Ty Hamilton,DT,DL,LAR
12677,Bradyn Swinson,DE,DL,PIT
12678,Mac McWilliams,CB,DB,PHI
12679,Jordan Phillips,DL,DL,MIA
1268,Bryce Harris,T,OL,
12680,Rylie Mills,DL,DL,SEA
12681,Carson Vinson,OT,OT,BAL
12682,Cam Jackson,DT,DL,CAR
12683,Tyrion Ingram-Dawkins,DE,DL,MIN
12684,Kain Medrano,LB,LB,WAS
12685,Bryce Cabeldue,OT,OT,LV
12686,Chase Lundt,OL,OL,BUF
12687,Dorian Strong,CB,DB,BUF
12688,Cam Miller,QB,QB,
12689,JJ Pegues,DT,DL,LV
1269,Bradley Sowell,TE,OL,
12690,Tommy Mellott,WR,WR,
12691,Tim Smith,DL,DL,IND
12692,Hayden Conner,OL,OL,ARI
12693,Jeremy Crawshaw,P,P,DEN
12694,RJ Mickens,DB,DB,LAC
12695,Robert Longerbeam,DB,DB,ATL
12696,Aeneas Peebles,DT,DL,BAL
12697,Antwaun Powell-Ryland,DE,DL,
12698,Ajani Cornelius,OL,OL,DAL
12699,LaJohntay Wester,WR,WR,BAL
127,Matt Bryant,K,K,
1270,Brandon Thompson,DT,DL,
12700,Gavin Bartholomew,TE,TE,MIN
12701,Kobe King,LB,LB,
12702,Rayuan Lane,DB,DB,JAX
12703,Branson Taylor,OL,OL,LAC
12704,Warren Brinson,DL,DL,GB
12705,Graham Mertz,QB,QB,HOU
12706,Ahmed Hassanein,DE,DL,DET
12707,Luke Newman,OG,OG,CHI
12708,Jalen McLeod,DE,DL,JAX
12709,Myles Hinton,OT,OT,CIN
1271,Donnie Jones,P,P,
12710,Jaylen Reed,DB,DB,NE
12711,Tyler Loop,K,K,BAL
12712,Marcus Harris,DB,DB,TEN
12713,Andy Borregales,K,K,NE
12714,Bilhal Kone,CB,DB,BAL
12715,Thomas Fidone,TE,TE,NYG
12716,Korie Black,CB,DB,NYG
12717,Trikweze Bridges,DB,DB,CIN
12718,Konata Mumpfield,WR,WR,LAR
12719,Mason Richman,OL,OL,SEA
1272,Craig Robertson,LB,LB,
12720,Zeek Biggers,DL,DL,MIA
12721,Kaden Prather,WR,WR,
12722,Cody Lindenberg,LB,LB,LV
12723,Hunter Wohler,DB,DB,IND
12724,Kyonte Hamilton,DL,DL,
12725,Luke Lachey,TE,TE,
12726,Kobee Minor,DB,DB,
12727,Julian Ashby,LS,LS,NE
12728,Marcus Bryant,OL,OL,NE
12729,John Williams,OL,OL,GB
1273,Francis Owusu,WR,WR,
12730,Micah Robinson,CB,DB,TEN
12731,Dan Jackson,DB,DB,
12732,Dominic Lovett,WR,WR,DET
12733,Carson Bruener,LB,LB,PIT
12734,Donte Kent,CB,DB,PIT
12735,Caleb Lohner,TE,TE,DEN
12736,Kitan Crawford,DB,DB,ARI
12737,Jay Toia,DT,DL,ARI
12738,Phil Mafah,RB,RB,NYG
12739,Tommy Akingbesote,DT,DL,
1274,Gerell Robinson,TE,TE,
12740,Jack Nelson,OT,OT,MIN
12741,Garrett Dellinger,OG,OG,TEN
12742,Connor Colby,OL,OL,SF
12743,Junior Bergen,WR,WR,
12744,Jonah Monheim,OL,OL,JAX
12745,Shilo Sanders,DB,DB,
12746,JP Richardson,WR,WR,CHI
12747,Power Echols,LB,LB,
12748,Major Burns,DB,DB,MIA
12749,Luke Elkin,LS,LS,
1275,Jonathan Grimes,RB,RB,
12750,Jonathan Kim,K,K,
12751,Howard Cross,DT,DL,CIN
12752,Eric Gregory,DT,DL,NE
12753,Jamoi Mayes,WR,WR,
12754,Drew Moss,OL,OL,TEN
12755,Kelly Akharaiyi,WR,WR,
12756,Stephen Gosnell,WR,WR,BUF
12757,Hal Presley,WR,WR,
12758,Hayden Harris,DE,DL,
12759,Jacob Bayer,C,OG,CIN
1276,Nathan Palmer,WR,WR,
12760,Rashod Owens,WR,WR,
12761,Jordan Moore,WR,WR,CIN
12762,Payton Thorne,QB,QB,
12763,Jakob Robinson,CB,DB,TEN
12764,Keonta Jenkins,LB,LB,BUF
12765,Keleki Latu,TE,TE,BUF
12766,Devin Brandt-Epps,DL,DL,
12767,Daryl Porter,DB,DB,
12768,JB Brown,CB,DB,
12769,Clay Webb,OL,OL,
1277,Chris Lewis-Harris,CB,DB,
12770,Johnny Walker,DE,DL,DEN
12771,Jaden Robinson,CB,DB,NYG
12772,Courtney Jackson,WR,WR,
12773,DJ Uiagalelei,QB,QB,LAC
12774,Joe Huber,OG,OG,MIN
12775,Max Brosmer,QB,QB,MIN
12776,Connor Bazelak,QB,QB,
12777,Joaquin Davis,WR,WR,
12778,Jerjuan Newton,WR,WR,
12779,Christian Dowell,NT,DL,
1278,Duke Ihenacho,SS,DB,
12780,Xavier Truss,OT,OT,CLE
12781,Karene Reid,LB,LB,DEN
12782,Brandon Crenshaw-Dickson,OT,OT,TEN
12783,Donovan McMillon,DB,DB,CLE
12784,Jason Ivey,OL,OL,
12785,Dom Jones,DB,DB,
12786,Anthony Landphere,TE,TE,
12787,Josh Williams,RB,RB,TB
12788,Will Sheppard,WR,WR,MIA
12789,Ben Scott,OL,OL,TB
1279,Orie Lemon,LB,LB,
12790,John Bullock,LB,LB,
12791,Ryan Coe,K,K,
12792,Garrett Greene,QB,QB,TB
12793,Desmond Watson,DL,DL,
12794,Benjamin Chukwuma,OL,OL,TB
12795,Jake Majors,OL,OL,PHI
12796,Roman Parodie,CB,DB,
12797,Ahmani Marshall,RB,RB,CAR
12798,Josh Fryar,OL,OL,ARI
12799,Bryson Green,WR,WR,
128,Vincent Jackson,WR,WR,
1280,Tim Barnes,C,OL,
12800,Oscar Cardenas,TE,TE,
12801,TeRah Edwards,DL,DL,CAR
12802,Josh Fuga,DL,DL,
12803,Luke Grimm,WR,WR,
12804,Kylan Guidry,LB,LB,
12805,Glendon Miller,DB,DB,
12806,Jacobe Covington,CB,DB,
12807,Eddie Czaplicki,P,P,
12808,Brandon George,LB,LB,
12809,Mac Dalena,WR,WR,
1281,DeAndre Presley,CB,DB,
12810,Elijhah Badger,WR,WR,
12811,Esa Pole,OT,OT,WAS
12812,Nash Jones,OG,OG,
12813,Jaylen Jones,DB,DB,
12814,Josh Kaltenberger,OL,OL,LAC
12815,Stevo Klotz,TE,TE,
12816,Dalton Cooper,OT,OT,GB
12817,Jake Briningstool,TE,TE,KC
12818,Elijah Young,RB,RB,
12819,Kevin Knowles,DB,DB,TB
1282,Ryan Davis,DE,DL|LB,
12820,Landon Parker,WR,WR,
12821,Jordan Oladokun,CB,DB,
12822,Marshall Foerner,OL,OL,
12823,Joe Evans,DT,DL,
12824,Maddux Trujillo,K,K,
12825,Ryan Heicher,P,P,
12826,Ulysses Bentley,RB,RB,NO
12827,Myles Purchase,DB,DB,
12828,Desmond Little,DE,DL,
12829,Coleman Owen,WR,WR,GB
1283,Neiko Thorpe,CB,DB,
12830,Devonta Davis,DL,DL,
12831,Tyler Kahmann,WR,WR,
12832,Blayne Taylor,WR,WR,
12833,Savion Washington,OL,OL,
12834,Jimmy Bell,TE,TE,
12835,Marlowe Wax,LB,LB,LAC
12836,Trey Washington,DB,DB,IND
12837,Solomon DeShields,LB,LB,
12838,Nikko Reed,DB,DB,NYG
12839,Corey Stewart,OL,OL,
1284,Lance Dunbar,RB,RB,
12840,Eric Rogers,DB,DB,
12841,Garmon Randolph,LB,LB,CIN
12842,Timothy McKay,OG,OG,
12843,Trey Rucker,DB,DB,
12844,Ricky Barber,DT,DL,WAS
12845,Car'lin Vigers,CB,DB,PIT
12846,Fentrell Cypress,CB,DB,
12847,Robert McDaniel,CB,DB,
12848,Josh Kelly,WR,WR,HOU
12849,Traeshon Holden,WR,WR,
1285,Josh Kaddu,OLB,LB,
12850,Tyler Neville,TE,TE,
12851,Rivaldo Fairweather,TE,TE,
12852,Monaray Baldwin,WR,WR,
12853,Justin Barron,LB,LB,DAL
12854,Mike Smith,DB,DB,
12855,Alijah Clark,DB,DB,DAL
12856,Zion Childress,DB,DB,CAR
12857,Bruce Harmon,CB,DB,
12858,Kneeland Hibbett,LS,LS,
12859,Nate Noel,RB,RB,
1286,Antonio Allen,FS,DB,
12860,Theo Wease,WR,WR,LAC
12861,Ethan Robinson,DB,DB,
12862,Josh Priebe,OL,OL,MIN
12863,Andrew Armstrong,WR,WR,KC
12864,BJ Adams,CB,DB,
12865,AJ Henning,WR,WR,MIA
12866,Jalin Conyers,TE,TE,
12867,Addison West,G,OL,
12868,Montrell Johnson,RB,RB,
12869,Hollin Pierce,OT,OT,
1287,Kai Forbath,K,K,
12870,Tedi Kushi,OT,OT,
12871,Eugene Asante,LB,LB,ARI
12872,John Saunders,DB,DB,
12873,Alex Huntley,DT,DL,
12874,Lance Dixon,LB,LB,
12875,BJ Mayes,CB,DB,
12876,Maxen Hook,DB,DB,SEA
12877,Brandon Johnson,DB,DB,TB
12878,Logan Brown,OT,OT,SEA
12879,Chaz Chambliss,DE,DL,MIN
1288,Lawrence Guy,DT,DL,
12880,Silas Bolden,WR,WR,
12881,Jordan Williams,OL,OL,
12882,Nick Kubitz,LB,LB,
12883,Joshua Simon,TE,TE,
12884,Quincy Skinner,WR,WR,GB
12885,Dontae Manning,CB,DB,
12886,Jeremiah Byers,OL,OL,
12887,Joshua Gray,OL,OL,MIN
12888,Dalen Cambre,WR,WR,NYG
12889,Beaux Collins,WR,WR,ATL
1289,Nate Chandler,T,OL,
12890,R.J. Delancy,CB,DB,
12891,Jordan Bly,WR,WR,
12892,Da'Quan Felton,WR,WR,
12893,Nate McCollum,WR,WR,
12894,Makari Paige,DB,DB,
12895,Malik Verdon,DB,DB,
12896,Simeon Barrow,DT,DL,
12897,Nate Carter,RB,RB,KC
12898,Seth Henigan,QB,QB,
12899,Doneiko Slaughter,DB,DB,
129,Kroy Biermann,LB,DL|LB,
1290,Jermaine Kearse,WR,WR,
12900,Danny Striggow,DL,DL,JAX
12901,Patrick Herbert,TE,TE,LAC
12902,Ethan Downs,DE,DL,KC
12903,Eli Mostaert,DT,DL,
12904,Sal Wormley,OL,OL,
12905,John Copenhaver,TE,TE,
12906,Cam Camper,WR,WR,
12907,Quentin Skinner,WR,WR,
12908,Chandler Brayboy,WR,WR,NE
12909,Eli Pancol,WR,WR,IND
1291,Emmanuel Lamur,LB,LB,
12910,B.J. Green,DE,DL,JAX
12911,Keivie Rose,DL,DL,
12912,Cam'Ron Silmon-Craig,DB,DB,JAX
12913,J.J. Jones,WR,WR,
12914,Aydan White,CB,DB,
12915,James Carpenter,DL,DL,
12916,Jabbar Muhammad,CB,DB,JAX
12917,Branson Combs,LB,LB,JAX
12918,Valentin Senn,OL,OL,ARI
12919,Elijah Simmons,DL,DL,TB
1292,Robert Hughes,FB,RB,
12920,Dean Clark,DB,DB,
12921,Leander Wiegand,OL,OL,
12922,Ja'Markis Weston,DE,DL,
12923,Jordan Clark,DB,DB,NYJ
12924,Fatorma Mulbah,DL,DL,
12925,Jamaal Pritchett,WR,WR,NYJ
12926,Oscar Chapman,P,P,
12927,Nazir Stackhouse,DL,DL,TEN
12928,Amar Johnson,RB,RB,LAC
12929,Brant Banks,OT,OT,NYJ
1293,Jeremy Stewart,RB,RB,
12930,Tyler Cooper,G,OL,
12931,Johnathan Baldwin,DB,DB,GB
12932,Tyron Herring,CB,DB,
12933,Caden Prieskorn,TE,TE,
12934,Ian Kennelly,DB,DB,
12935,Jakobie Keeney-James,WR,WR,
12936,Mason Miller,OL,OL,DET
12937,Keith Cooper,DL,DL,MIA
12938,Jackson Meeks,TE,TE,DET
12939,Anthony Tyus,RB,RB,CAR
1294,Josh Chapman,NT,DL,
12940,Tre Stewart,RB,RB,
12941,Bryson Nesbit,TE,TE,
12942,Zemaiah Vaughn,CB,DB,MIN
12943,Mishael Powell,DB,DB,
12944,Dorian Mausi,LB,LB,TEN
12945,Alexander Williams,DL,DL,
12946,Dontae Fleming,WR,WR,
12947,Zeke Correll,OL,OL,
12948,Austin Keys,LB,LB,WAS
12949,Keenan Garber,CB,DB,
1295,Matthew Masifilo,G,OL,
12950,Robert Lewis,WR,WR,
12951,J.J. Lippe,G,,
12952,Kahzir Brown,CB,DB,
12953,Jalen White,RB,RB,
12954,Kye Robichaux,RB,RB,
12955,Sebastian Castro,DB,DB,PIT
12956,Bam Martin-Scott,LB,LB,CAR
12957,Corey Thornton,CB,DB,CAR
12958,Isaac Gifford,DB,DB,
12959,Bryce Pierre,TE,TE,
1296,Cory Harkey,TE,TE,
12960,Mike Reid,CB,DB,NO
12961,Ryan Fitzgerald,K,K,CAR
12962,Trevian Thomas,DB,DB,
12963,Kayron Lynch-Adams,RB,RB,
12964,Michael Tarquin,OT,OT,
12965,Ethan Garbers,QB,QB,
12966,Moose Muhammad,WR,WR,
12967,Jacolby George,WR,WR,
12968,Jack Conley,OL,OL,
12969,Lan Larison,RB,RB,NE
1297,Marshall McFadden,OLB,LB,
12970,Cam Riley,LB,LB,
12971,Ke'Shawn Williams,WR,WR,CIN
12972,Roc Taylor,WR,WR,
12973,DJ Thomas-Jones,TE,TE,
12974,Aiden Williams,OG,OG,
12975,JJ Galbreath,TE,TE,
12976,DeMeer Blankumsee,WR,WR,
12977,Brandon Crossley,CB,DB,
12978,Elijah Ponder,DE,DL,NE
12979,Josh Minkins,DB,DB,
1298,Anthony Levine,DB,DB|LB,BAL
12980,Jordan Polk,CB,DB,
12981,Gee Scott,TE,TE,
12982,Remario-DUP Steppings-DUP,DL,DL,
12983,Brock Lampe,FB,RB,BUF
12984,CJ Dippre,TE,TE,TB
12985,Cole Birdow,OL,OL,
12986,Wilfried Pene,DT,DL,
12987,Kendall Paul,DB,DB,
12988,Matt Jones,LB,LB,
12989,Hudson Clark,DB,DB,
1299,Kyle Miller,TE,TE,
12990,Jailin Walker,LB,LB,
12991,Anthony Booker,DT,DL,
12992,Mello Dotson,CB,DB,
12993,Jah Joyner,DE,DL,
12994,Jordan Taylor,CB,DB,
12995,Tyreem Powell,LB,LB,
12996,Omari Thomas,DT,DL,
12997,Wyatt Bowles,OL,OL,
12998,Da'Jon Terry,DL,DL,
12999,Malik Dixon-Williams,DB,DB,
13,Sam Koch,P,P,
130,Eric Weems,WR,WR,
1300,Kaelin Burnett,OLB,LB,
13000,Shaun Dolac,LB,LB,LAR
13001,Mario Williams,WR,WR,
13002,Ben Dooley,OL,OL,
13003,Tru Edwards,WR,WR,
13004,Willie Lampkin,OL,OL,PHI
13005,Anthony Torres,TE,TE,
13006,Jamil Muhammad,DE,DL,
13007,Nate Valcarcel,DB,DB,
13008,Bill Norton,DL,DL,LAR
13009,Josh Pearcy,LB,LB,
1301,Kyle Nelson,LS,LS,
13010,Jordan Waters,RB,RB,LAR
13011,Brennan Presley,WR,WR,LAR
13012,Trey Wedig,OT,OT,
13013,Mark Redman,TE,TE,GB
13014,Pat Conroy,TE,TE,
13015,John Humphrey,CB,DB,
13016,Treven Ma'ae,DL,DL,
13017,Hajj-Malik Williams,QB,QB,
13018,Jarrod Hufford,OL,OL,
13019,Greedy Vance,CB,DB,LV
1302,Michael Wilhoite,LB,LB,
13020,Jayson Jones,DL,DL,TB
13021,Desmond Igbinosun,DB,DB,
13022,Sone Ntoh,RB,RB,
13023,Gerad Lichtenhan,OT,OT,BAL
13024,Jay Higgins,LB,LB,BAL
13025,Easton Kilty,OL,OL,NO
13026,Moochie Dixon,WR,WR,
13027,Dalys Beanum,CB,DB,
13028,Elliott Davison,DB,DB,NE
13029,James Burnip,P,P,
1303,James Develin,FB,RB,
13030,Torricelli Simpkins,OL,OL,CAR
13031,Jasheen Davis,DE,DL,
13032,Marshall Lang,TE,TE,MIN
13033,Zy Alexander,CB,DB,
13034,Tyrone Broden,WR,WR,
13035,Amari Kight,OT,OT,
13036,T.J. Jackson,DL,DL,
13037,Connor O'Toole,DE,DL,SEA
13038,Jared Penning,OL,OL,
13039,Reid Holskey,OL,OL,IND
1304,Collin Mooney,FB,RB,
13040,Marquise Robinson,DB,DB,
13041,Jahmal Banks,WR,WR,
13042,Xavier Guillory,WR,WR,BAL
13043,Chris Tyree,WR,WR,
13044,Wy'Kevious Thomas,DL,DL,
13045,Federico Maranges,OL,OL,SEA
13046,Jalan Gaines,DL,DL,
13047,Jacardia Wright,RB,RB,SEA
13048,Jared Ivey,DE,DL,ATL
13049,Alijah Huzzie,DB,DB,JAX
1305,Patrick DiMarco,FB,RB,
13050,Austin Brinkman,LS,LS,HOU
13051,K.C. Ossai,LB,LB,HOU
13052,Eli Cox,C,OL,JAX
13053,Daniel Jackson,WR,WR,
13054,Junior Tafuna,DT,DL,HOU
13055,Clarence Lewis,CB,DB,
13056,David Gbenda,LB,LB,
13057,Davion Ross,DB,DB,
13058,Cam Horsley,DT,DL,ARI
13059,Jalen Kimber,CB,DB,
1306,Jeremy Ross,WR,WR,
13060,Isaiah Raikes,DL,DL,
13061,Kaden Moore,OL,OL,
13062,Jermari Harris,CB,DB,
13063,Darius Lassiter,WR,WR,
13064,Dorian Singer,WR,WR,
13065,Ben Wooldridge,QB,QB,
13066,Ben Sauls,K,K,
13067,Joshua Pickett,CB,DB,
13068,Joe Michalski,OL,OL,
13069,Kristian Williams,DT,DL,
1307,Dan Herron,RB,RB,
13070,Kendall Bohler,CB,DB,
13071,Marques Cox,OT,OT,
13072,Stone Blanton,LB,LB,
13073,Sebastian Valdez,DL,DL,SF
13074,Isaiah Neyor,WR,WR,GB
13075,Myles Price,WR,WR,MIN
13076,Diwun Black,DE,DL,
13077,Ozzie Hutchinson,OL,OL,
13078,Tysheem Johnson,DB,DB,
13079,Jahdae Walker,WR,WR,CHI
1308,Jamize Olawale,FB,RB,
13080,Deion Hankins,RB,RB,
13081,Xavier Carlton,LB,LB,
13082,Jereme Robinson,DE,DL,
13083,Bralyn Lux,DB,DB,CIN
13084,Shaquan Loyal,DB,DB,
13085,Kole Taylor,TE,TE,
13086,William Wagner,LS,LS,CIN
13087,Dante Barnett,DL,DL,
13088,Quali Conley,RB,RB,
13089,Caleb Etienne,OL,OL,
1309,Darrion Weems,T,OL,
13090,Mapalo Mwansa,LB,LB,CAR
13091,Luke Kandra,OL,OL,
13092,Steven Losoya,OL,OL,
13093,Tuasivi Nomura,LB,LB,
13094,Jared Harrison-Hunte,DT,DL,ARI
13095,Wande Owens,DB,DB,
13096,Paris Shand,DE,DL,
13097,TaMuarion Wilson,CB,DB,
13098,Jack Henderson,DB,DB,
13099,Dartanyan Tinsley,OL,OL,
131,Duane Brown,T,OL|OT,
1310,Tom Compton,OL,OG|OL,
13100,Eli Wilson,TE,TE,
13101,Gage Larvadain,WR,WR,BAL
13102,Brent Matiscik,LS,LS,
13103,LaMareon James,CB,DB,
13104,Adin Huntington,DT,DL,CLE
13105,Justin Osborne,OG,OG,
13106,Evan Slocum,DB,DB,
13107,Johnathan Edwards,DB,DB,IND
13108,Julian Fleming,WR,WR,
13109,Gavin Holmes,CB,DB,
1311,DeShawn Shead,CB,DB,
13110,Zach Horton,TE,TE,
13111,Leif Fautanu,OL,OL,
13112,Jordan Wright,DB,DB,
13113,Dante Wright,WR,WR,
13114,Coziah Izzard,DT,DL,
13115,Will Brooks,DB,DB,
13116,Tre Watson,TE,TE,MIA
13117,Qualan Jones,RB,RB,
13118,Melvin Smith,DB,DB,KC
13119,Collin Schlee,QB,QB,
1312,Josh Bellamy,WR,WR,
13120,Jacoby Jones,WR,WR,
13121,Ben Yurosek,TE,TE,MIN
13122,Carter Runyon,TE,TE,LV
13123,Parker Clements,OT,OT,
13124,Jeremiah Webb,WR,WR,NE
13125,Micah Bernard,RB,RB,
13126,Devonte O'Malley,DT,DL,
13127,Jaison Williams,OL,OL,
13128,Rushawn Baker,RB,RB,
13129,Jermaine Terry,TE,TE,
1313,Michael Preston,WR,WR,
13130,Jackson Woodard,LB,LB,MIA
13131,Isas Waxter,DB,DB,LAC
13132,JJ Roberts,DB,DB,TB
13133,Mason Narcisse,DL,DL,
13134,Bryce Ganious,DL,DL,
13135,Garnett Hollis,CB,DB,
13136,Redd Douglas,WR,WR,
13137,Trace Ford,DL,DL,NYG
13138,Tommy McCormick,DB,DB,
13139,Taylor Morin,WR,WR,
1314,Brad Smelley,FB,RB,
13140,Demeco Roland,DL,DL,
13141,Seth Coleman-Lyles,LB,LB,
13142,J.R. Singleton,DL,DL,
13143,Dymere Miller,WR,WR,
13144,Laki Tasi,DL,DL,TEN
13145,ShunDerrick Powell,RB,RB,
13146,Jared Bartlett,LB,LB,JAX
13147,Gus Hartwig,C,,
13148,Aaron Smith,LB,LB,SEA
13149,Caden Davis,K,K,
1315,Jerry Franklin,ILB,LB,
13150,Darius Cooper,WR,WR,PHI
13151,Nick Kallerup,TE,TE,SEA
13152,Justin Lockhart,WR,WR,
13153,Giles Jackson,WR,WR,
13154,Marcus Major,RB,RB,
13155,Chandler Martin,LB,LB,NYG
13156,Keondre Jackson,DB,DB,BAL
13157,Reuben Lowery,DB,DB,
13158,Sam Pitz,TE,TE,
13159,O'Donnell Fortune,CB,DB,
1316,Emil Igwenagu,RB,RB,
13160,Reggie Brown,TE,TE,
13161,Zakhari Franklin,WR,WR,
13162,Maximilian Mang,TE,TE,
13163,Jahvaree Ritzie,DT,DL,MIN
13164,Blake Mangelson,DE,DL,
13165,Easton Mascarenas-Arnold,LB,LB,CLE
13166,Kisean Johnson,WR,WR,
13167,Nash Hutmacher,DT,DL,
13168,Jerrin Thompson,DB,DB,
13169,Philip Blidi,DL,DL,
1317,Brandon Barden,TE,TE,
13170,Desmond Evans,DE,DL,
13171,Major Williams,DB,DB,
13172,Keyon Martin,CB,DB,BAL
13173,Jimmy Holiday,WR,WR,KC
13174,Cooper McDonald,LB,LB,KC
13175,Kinkead Dent,QB,QB,
13176,Ale Kaho,LB,LB,WAS
13177,Kam Arnold,LB,LB,
13178,Virgil Lemons,DB,DB,
13179,Ja'seem Reed,WR,WR,CAR
1318,Austin Pasztor,G,OL,
13180,Warren Peeples,DL,DL,
13181,Payton Page,DT,DL,NYJ
13182,Tre'vonn Rybka,DL,DL,
13183,Rush Reimer,OL,OL,
13184,Ladarius Tennison,DB,DB,
13185,Dominic Boyd,OL,OL,
13186,JaTravis Broughton,CB,DB,
13187,Nick Jackson,LB,LB,
13188,Gareth Warren,OT,OT,
13189,Luke Floriea,WR,WR,
1319,Terrence Frederick,CB,DB,
13190,Taylor Elgersma,QB,QB,
13191,TJ Sheffield,WR,WR,
13192,Wesley Steiner,LB,LB,
13193,Ketron Jackson,WR,WR,
13194,Key'Shawn Smith,WR,WR,
13195,Jahfari Harvey,DE,DL,DEN
13196,Elijah Williams,DL,DL,MIN
13197,Matt Harmon,LB,LB,
13198,D'Eryk Jackson,LB,LB,
13199,Montorie Foster,WR,WR,SEA
132,Kedric Golston,NT,DL,
1320,Ricky Lumpkin,NT,DL,
13200,Max Hurleman,CB,DB,PIT
13201,TJ Moore,CB,DB,
13202,Dalevon Campbell,WR,WR,
13203,Jeremiah Walker,CB,DB,
13204,Mehki Butler,OL,OL,
13205,Luke Deal,TE,TE,
13206,Dvon J-Thomas,DT,DL,
13207,Mose Vavao,OL,OL,
13208,Kyrese Rowan,WR,WR,NO
13209,Jordan Turner,LB,LB,DEN
1321,Mike Brown,WR,WR,
13210,Drake Dabney,TE,TE,GB
13211,John Hoyland,K,K,
13212,Cade McDonald,WR,WR,
13213,Lucas Scott,FB,RB,
13214,Kaimon Rucker,LB,LB,BAL
13215,Kai Kroeger,P,P,HOU
13216,Derrick Canteen,CB,DB,TEN
13217,Hunter Dekkers,QB,QB,
13218,Michael Fletcher,DE,DL,
13219,Michael Gonzalez,OL,OL,
1322,Saalim Hakim,WR,WR,
13220,Keydrain Calligan,DB,DB,
13221,Brett Gabbert,QB,QB,
13222,Montana Lemonious-Craig,WR,WR,
13223,Patrick Jenkins,DL,DL,
13224,Anthony Campbell,DT,DL,GB
13225,Sam Brown,WR,WR,
13226,Marcus Tate,OL,OL,
13227,Mitch Van Vooren,WR,WR,
13228,Ife Adeyi,WR,WR,
13229,Decarius Hawthorne,DL,DL,
1323,Sean McGrath,TE,TE,
13230,Vershon Lee,OL,OL,ARI
13231,Luke Felix-Fualalo,T,,
13232,Elijah Ellis,OL,OL,
13233,Joey Lombard,OL,OL,
13234,Ryan Nelson,T,OT,
13235,Tyson Russell,CB,DB,
13236,Kam Alexander,CB,DB,
13237,Mark McNamee,K,K,
13238,Winston Wright,WR,WR,
13239,J.J. Weaver,LB,LB,
1324,Edwin Baker,RB,RB,
13240,Toa Taua,RB,RB,
13241,D.K. Kaufman,DB,DB,
13242,Lawrance Toafili,RB,RB,
13243,Thor Griffith,DT,DL,
13244,R.J. Moten,LB,LB,
13245,Jonathan Mendoza,T,,
13246,Jaden Smith,WR,WR,
13247,Ajani Carter,DB,DB,
13248,Christian Johnstone,LS,LS,
13249,Thomas Gordon,TE,TE,DET
1325,Loni Fangupo,NT,DL,
13250,Nay'Quan Wright,RB,RB,
13251,Gunnar Oakes,TE,TE,
13252,Alphonzo Tuputala,LB,LB,
13253,JayVian Farr,DB,DB,
13254,Nate Matlack,DE,DL,
13255,Shane Watts,RB,RB,
13256,Roderick Daniels,WR,WR,
13257,Xander Mueller,LB,LB,
13258,Phil Lutz,WR,WR,
13259,Joseph Vaughn,LB,LB,
1326,Eddie Pleasant,SS,DB,
13260,Jake Chaney,LB,LB,
13261,Layne Pryor,TE,TE,
13262,Paschal Ekeji,DE,DL,NYJ
13263,Wyett Ekeler,CB,DB,
13264,Dohnte Meyers,WR,WR,CIN
13265,Rob Carter,CB,DB,
13266,Devin-DUP Veresuk-DUP,LB,LB,
13267,Devin Veresuk,LB,LB,
13268,Elijah Sarratt,WR,WR,BAL
13269,Fernando Mendoza,QB,QB,LV
1327,Ronald Leary,G,OL,
13270,CJ Daniels,WR,WR,LAR
13271,Mark Fletcher,RB,RB,
13272,Carson Beck,QB,QB,ARI
13273,Josh Cuevas,TE,TE,BAL
13274,Germie Bernard,WR,WR,PIT
13275,Ty Simpson,QB,QB,LAR
13276,Omar Cooper,WR,WR,NYJ
13277,CJ Donaldson,RB,RB,NO
13278,Max Klare,TE,TE,LAR
13279,Carnell Tate,WR,WR,TEN
1328,Cam Johnson,DE,DL|LB,
13280,Chamon Metayer,TE,TE,
13281,Jordyn Tyson,WR,WR,NO
13282,Jack Endries,TE,TE,CIN
13283,Hollywood Smothers,RB,RB,
13284,Dylan Devezin,RB,RB,
13285,Malachi Fields,WR,WR,NYG
13286,Jadarian Price,RB,RB,SEA
13287,Jeremiyah Love,RB,RB,ARI
13288,Nicholas Singleton,RB,RB,TEN
13289,Drew Allar,QB,QB,PIT
1329,Chris Hogan,WR,WR,
13290,Jalen Moss,WR,WR,
13291,Kejon Owens,RB,RB,
13292,Lake McRee,TE,TE,PIT
13293,Ja'Kobi Lane,WR,WR,BAL
13294,Makai Lemon,WR,WR,PHI
13295,Behren Morton,QB,QB,NE
13296,Caleb Douglas,WR,WR,MIA
13297,Reggie Virgil,WR,WR,ARI
13298,KC Concepcion,WR,WR,CLE
13299,Nate Boerkircher,TE,TE,JAX
133,Greg Jones,RB,RB,
1330,Junior Hemingway,WR,WR,
13300,Le'Veon Moss,RB,RB,
13301,Antonio Williams,WR,WR,WAS
13302,Adam Randall,RB,RB,BAL
13303,Cade Klubnik,QB,QB,NYJ
13304,O'Mega Blake,WR,WR,
13305,Mike Washington,RB,RB,LV
13306,Taylen Green,QB,QB,CLE
13307,Marlin Klein,TE,TE,HOU
13308,Bauer Sharp,TE,TE,TB
13309,Aaron Anderson,WR,WR,
1331,Tony Jerod-Eddie,DT,DL,
13310,Miller Moss,QB,QB,CHI
13311,Chris Bell,WR,WR,MIA
13312,Josh Kattus,TE,TE,
13313,Emmanuel Henderson,WR,WR,SEA
13314,Luke Altmyer,QB,QB,DET
13315,Dean Connors,RB,RB,LAR
13316,Eric Rivers,WR,WR,TB
13317,Ted Hurst,WR,WR,TB
13318,Noah Thomas,WR,WR,CIN
13319,Oscar Delp,TE,TE,NO
1332,Ifeanyi Momah,WR,WR,
13320,Zachariah Branch,WR,WR,ATL
13321,Dan Villari,TE,TE,LAR
13322,Sam Roush,TE,TE,CHI
13323,Rahsul Faison,RB,RB,
13324,Matt Hibner,TE,TE,BAL
13325,Jordan Hudson,WR,WR,DAL
13326,DT Sheffield,WR,WR,
13327,Desmond Reid,RB,RB,
13328,Anthony Hankerson,RB,RB,
13329,Malik Benson,WR,WR,LV
1333,Russell Shepard,WR,WR,
13330,Kenyon Sadiq,TE,TE,NYJ
13331,Dae'Quan Wright,TE,TE,
13332,Player Invalid,QB,QB,
13333,Deion Burks,WR,WR,IND
13334,C.J. Charleston,WR,WR,
13335,Cole Payton,QB,QB,PHI
13336,Dane Key,WR,WR,DEN
13337,Emmett Johnson,RB,RB,KC
13338,Kevin Coleman,WR,WR,MIA
13339,Davon Booth,RB,RB,IND
1334,Damion Square,DT,DL,CIN
13340,Rueben Bain,DL,DL|LB,TB
13341,Akheem Mesidor,DL,DL|LB,LAC
13342,John Michael Gyllenborg,TE,TE,KC
13343,Vinny Anthony,WR,WR,ATL
13344,Preston Fox,WR,WR,
13345,Jonah Coleman,RB,RB,DEN
13346,Denzel Boston,WR,WR,CLE
13347,Demond Claiborne,RB,RB,MIN
13348,J'Mari Taylor,RB,RB,JAX
13349,Eli Stowers,TE,TE,PHI
1335,Matt Tobin,G,OL,
13350,Joe Fagnano,QB,QB,BAL
13351,Junior Vandeross,WR,WR,
13352,Lincoln Pare,RB,RB,
13353,Chris Brazzell,WR,WR,CAR
13354,Eric McAlister,WR,WR,
13355,DJ Rogers,TE,TE,DAL
13356,Trebor Pena,WR,WR,JAX
13357,Lance Mason,TE,TE,
13358,Anthony Lucas,DL,DL,DET
13359,Malachi Lawrence,DL,DL,DAL
1336,Matthew Tucker,RB,RB,
13360,Emmanuel McNeil-Warren,DB,DB,CLE
13361,Romello Height,LB,DL|LB,SF
13362,Lee Hunter,DL,DL,CAR
13363,David Bailey,LB,DL|LB,NYJ
13364,Cashius Howell,DL,DL,CIN
13365,Anthony Hill,LB,LB,TEN
13366,Joshua Josephs,DL,DL,WAS
13367,Colton Hood,DB,DB,NYG
13368,Jermod McCoy,DB,DB,LV
13369,Brandon Cisse,DB,DB,GB
1337,Brad Wing,P,P,
13370,Chris Johnson,DB,DB,MIA
13371,Dillon Thieneman,DB,DB,CHI
13372,R Mason Thomas,DL,DL,KC
13373,Caden Curry,DL,DL,IND
13374,Kayden McDonald,DL,DL,HOU
13375,Sonny Styles,LB,LB,WAS
13376,Caleb Downs,DB,DB,DAL
13377,Arvell Reese,LB,DL|LB,NYG
13378,Dante McClellan,LB,LB,
13379,Josiah Trotter,LB,LB,TB
1338,Matt Barkley,QB,QB,
13380,Brenen Thompson,WR,WR,LAC
13381,Jaishawn Barham,LB,DL|LB,DAL
13382,Keionte Scott,DB,DB,TB
13383,Ahmad Moten,DL,DL,
13384,AJ Haulcy,DB,DB,IND
13385,Mansoor Delane,DB,DB,KC
13386,D'Angelo Ponds,DB,DB,NYJ
13387,Christen Miller,DL,DL,NO
13388,CJ Allen,LB,LB,IND
13389,Avieon Terrell,DB,DB,ATL
1339,Zach Ertz,TE,TE,PHI
13390,Peter Woods,DL,DL,KC
13391,Jake Golday,LB,LB,MIN
13392,Jeff Caldwell,WR,WR,KC
13393,Brent Austin,DB,DB,DEN
13394,Josh Cameron,WR,WR,JAX
13395,Keldric Faulk,DL,DL,TEN
13396,Julian Neal,DB,DB,SEA
13397,Keith Abney,DB,DB,DET
13398,Treydan Stukes,DB,DB,LV
13399,Genesis Smith,DB,DB,LAC
134,Brandon Meriweather,FS,DB,
1340,Lane Johnson,T,OL|OT,PHI
13400,Justin Joly,TE,TE,MIA
13401,Michael Trigg,TE,TE,DAL
13402,Skyler Bell,WR,WR,BUF
13403,Jam Miller,RB,RB,ATL
13404,Garrett Nussmeier,QB,QB,KC
13405,Kaytron Allen,RB,RB,WAS
13406,Kamari Ramsey,DB,DB,HOU
13407,Carson Towt,TE,TE,IND
13408,Tanner Koziol,TE,TE,JAX
13409,Donaven McCulley,WR,WR,
1341,Joe Kruger,OLB,LB,
13410,Chase Roberts,WR,WR,
13411,Zavion Thomas,WR,WR,CHI
13412,Kendrick Law,WR,WR,DET
13413,Cyrus Allen,WR,WR,KC
13414,Kaelon Black,RB,RB,SF
13415,Haynes King,QB,QB,CAR
13416,Roman Hemby,RB,RB,LV
13417,De'Zhaun Stribling,WR,WR,SF
13418,Robert Henry,RB,RB,SEA
13419,Jaydn Ott,RB,RB,KC
1342,Bennie Logan,NT,DL,
13420,Bryce Lance,WR,WR,NO
13421,Eli Raridon,TE,TE,NE
13422,Jaren Kanak,TE,TE,TEN
13423,Eli Heidenreich,RB,RB,PIT
13424,Seth McGowan,RB,RB,IND
13425,Jalon Daniels,QB,QB,TB
13426,Sawyer Robertson,QB,QB,
13427,Diego Pavia,QB,QB,
13428,Joey Aguilar,QB,QB,JAX
13429,Seydou Traore,TE,TE,MIA
1343,Jordan Poyer,DB,DB,
13430,RJ Maryland,TE,TE,
13431,Miles Kitselman,TE,TE,DET
13432,Khalil Dinkins,TE,TE,SF
13433,Riley Nowakowski,TE,TE,PIT
13434,Will Kacmarek,TE,TE,MIA
13435,Joe Royer,TE,TE,CLE
13436,Kentrel Bullock,RB,RB,CIN
13437,Noah Whittington,RB,RB,HOU
13438,DeaMonte Trayanum,RB,RB,NYJ
13439,Luke Elzinga,P,P,
1344,Earl Wolff,SS,DB,
13440,Damien Alford,WR,WR,
13441,Caleb Lomu,OT,OT,NE
13442,Keylan Rutledge,G,OL,HOU
13443,Max Iheanachor,OT,OT,PIT
13444,Monroe Freeling,OT,OT,CAR
13445,Caleb Banks,DT,DL,MIN
13446,Blake Miller,OT,OT,DET
13447,Vega Ioane,OG,OG,BAL
13448,Kadyn Proctor,OT,OT,MIA
13449,Francis Mauigoa,OT,OT,NYG
1345,Kiko Alonso,LB,LB,
13450,Spencer Fano,OT,OT,CLE
13451,Jake Slaughter,C,OL,LAC
13452,Bud Clark,DB,DB,SEA
13453,Jacob Rodriguez,LB,LB,MIA
13454,Davison Igbinosun,CB,DB,BUF
13455,TJ Parker,DE,DL,BUF
13456,Logan Jones,C,OL,CHI
13457,Gabe Jacas,DE,DL|LB,NE
13458,Derrick Moore,DE,DL,DET
13459,Chase Bisontis,G,OL,ARI
1346,Marquise Goodwin,WR,WR,
13460,Zion Young,DE,DL,BAL
13461,Keagen Trost,OL,OL,LAR
13462,Jakobe Thomas,DB,DB,MIN
13463,Caleb Tiernan,OT,OT,MIN
13464,Domonique Orange,DT,DL,MIN
13465,Markel Bell,OT,OT,PHI
13466,Keyron Crawford,DE,DL,LV
13467,Trey Zuhn,OT,OT,LV
13468,Chris McClellan,DT,DL,GB
13469,Tacario Davis,CB,DB,CIN
1347,Chris Gragg,TE,TE,
13470,Daylen Everette,CB,DB,PIT
13471,Gennings Dunker,OT,OT,PIT
13472,Tyler Onyedim,DT,DL,DEN
13473,Austin Barber,OT,OT,CLE
13474,Jalen Huskey,DB,DB,JAX
13475,Emmanuel Pregnon,G,OL,JAX
13476,Albert Regis,DT,DL,JAX
13477,Colbie Young,WR,WR,CIN
13478,Ephesians Prysock,CB,DB,SF
13479,Kyle Louis,LB,LB,MIA
1348,Dustin Hopkins,K,K,
13480,LT Overton,DE,DL,DAL
13481,Bryce Boettcher,LB,LB,IND
13482,Kendal Daniels,LB,LB,ATL
13483,Jeremiah Wright,G,,NO
13484,Trey Moore,LB,LB,MIA
13485,Will Lee,CB,DB,CAR
13486,Connor Lew,C,,CIN
13487,Carver Willis,OL,OL,SF
13488,Kaleb Elarms-Orr,LB,LB,BUF
13489,Malik Muhammad,CB,DB,CHI
1349,E.J. Manuel,QB,QB,
13490,Wade Woodaz,LB,LB,HOU
13491,Kaden Wetjen,WR,WR,PIT
13492,Dani Dennis-Sutton,DE,DL,GB
13493,Wesley Williams,DE,DL,JAX
13494,Jimmy Rolder,LB,LB,DET
13495,Travis Burke,OT,OT,LAC
13496,Devin Moore,CB,DB,DAL
13497,Jalen Farmer,G,,IND
13498,Drew Shelton,OT,OT,DAL
13499,Kage Casey,OT,OT,DEN
135,Jon Ryan,P,P,
1350,Jonathan Meeks,SS,DB,
13500,Jadon Canady,CB,DB,KC
13501,Gracen Halton,DT,DL,SF
13502,Febechi Nwaiwu,OL,OL,HOU
13503,Kaleb Proctor,DT,DL,ARI
13504,Darrell Jackson,DT,DL,NYJ
13505,Jude Bowry,OT,OT,BUF
13506,Zane Durant,DT,DL,BUF
13507,Enrique Cruz,OL,OL,SF
13508,Hezekiah Masses,CB,DB,LV
13509,Lorenzo Styles,DB,DB,NO
1351,Duke Williams,SS,DB,
13510,Karon Prunty,DB,DB,NE
13511,Jalon Kilgore,CB,DB,BUF
13512,Keyshaun Elliott,LB,LB,CHI
13513,Charles Demmings,CB,DB,MIN
13514,Chandler Rivers,CB,DB,BAL
13515,Billy Schrauth,G,,TB
13516,Max Bredeson,RB,RB,MIN
13517,Michael Taaffe,DB,DB,MIA
13518,George Gumbs,DE,DL,IND
13519,DeMonte Capehart,DT,DL,TB
1352,Robert Woods,WR,WR,
13520,Jaden Dugger,LB,LB,SF
13521,Jager Burton,C,OL,GB
13522,Zakee Wheatley,DB,DB,CAR
13523,Dalton Johnson,DB,DB,LV
13524,Justin Jefferson,LB,LB,CLE
13525,Beau Stephens,G,,SEA
13526,Parker Brailsford,C,,CLE
13527,Nick Barrett,DT,DL,LAC
13528,Sam Hecht,C,,CAR
13529,Fernando Carmona,G,,TEN
1353,Mike Gillislee,RB,RB,
13530,J.C. Davis,OT,OT,NYG
13531,Jack Kelly,LB,LB,NYG
13532,Bobby Jamison-Travis,DL,DL,NYG
13533,Barion Brown,WR,WR,NO
13534,Alex Harkey,OT,OT,LAC
13535,Logan Taylor,G,,LAC
13536,Matt Gulbin,OL,OL,WAS
13537,Micah Morris,G,,PHI
13538,DJ Campbell,G,,MIA
13539,Anez Cooper,G,,NYJ
1354,Jelani Jenkins,LB,LB,
13540,Jordan van den Berg,DL,DL,CHI
13541,Lewis Bond,WR,WR,HOU
13542,Namdi Obiazor,LB,LB,NE
13543,Dametrious Crownover,OT,OT,NE
13544,Domani Jackson,CB,DB,GB
13545,Trey Smack,K,K,GB
13546,Brian Parker,OT,OT,CIN
13547,Skyler Gill-Howard,DT,DL,DET
13548,Gabriel Rubio,DL,DL,PIT
13549,Jackie Marshall,DE,DL,TEN
1355,Don Jones,FS,DB,
13550,Pat Coogan,C,,TEN
13551,Karson Sharar,LB,LB,ARI
13552,Anterio Thompson,DT,DL,ATL
13553,Ryan Eckley,P,P,BAL
13554,CJ Williams,WR,WR,JAX
13555,Harold Perkins,LB,LB,ATL
13556,TJ Hall,CB,DB,NO
13557,Athan Kaliakmanis,QB,QB,WAS
13558,Tim Keenan,DT,DL,LV
13559,Gavin Gerhardt,OL,OL,HOU
1356,Dion Jordan,DE,DL,
13560,Uar Bernard,DT,DL,PHI
13561,Cole Wisniewski,DB,DB,PHI
13562,Keyshawn James-Newby,DE,DL,PHI
13563,Deven Eastern,DT,DL,SEA
13564,Michael Dansby,DB,DB,SEA
13565,Andre Fuller,CB,DB,SEA
13566,Max Llewellyn,DE,DL,MIA
13567,VJ Payne,DB,DB,NYJ
13568,Tommy Doman,P,P,BUF
13569,Toriano Pride,CB,DB,CLE
1357,Dion Sims,TE,TE,
13570,Ar'maj Reed-Adams,G,,BUF
13571,Brandon Cleveland,DT,DL,LV
13572,Aiden Fisher,LB,LB,HOU
13573,Quintayvious Hutchins,DE,DL,NE
13574,Landon Robinson,NT,DL,CIN
13575,Tyre West,DT,DL,
13576,Robert Spears-Jennings,DB,DB,PIT
13577,Dallen Bentley,TE,TE,DEN
13578,Miles Scott,DB,DB,DEN
13579,Red Murdock,LB,LB,DEN
1358,Caleb Sturgis,K,K,
13580,Carsen Ryan,TE,TE,CLE
13581,Jayden Williams,OL,OL,ARI
13582,Anthony Smith,WR,WR,DAL
13583,Ethan Onianwa,G,OT,ATL
13584,Rayshaun Benny,DT,DL,BAL
13585,Evan Beerntsen,OL,OL,SEA
13586,Jackson Kuwatch,LB,LB,CAR
13587,Parker Hughes,LB,LB,JAX
13588,Zach Durfee,DE,DL,JAX
13589,Nadame Tucker,DE,DL,CLE
1359,Jamar Taylor,CB,DB,
13590,Isaiah World,OT,OT,LAC
13591,Deontae Lawson,LB,LB,
13592,Chandler Morris,QB,QB,
13593,Taurean York,LB,LB,
13594,Latrell McCutchin,DB,DB,
13595,Cash Jones,RB,RB,ATL
13596,Mikail Kamara,DE,DL,SF
13597,Matthew Caldwell,QB,QB,LAR
13598,Mason Reiger,DE,DL,PHI
13599,Kyron Drones,QB,QB,
136,Will Montgomery,C,OL,
1360,Dallas Thomas,G,OL,
13600,Tyren Montgomery,WR,WR,TEN
13601,Logan Fano,DE,DL,CLE
13602,Jack Strand,QB,QB,ATL
13603,Gregory Desrosiers,RB,RB,LAC
13604,Sincere Brown,WR,WR,
13605,Noah Avinger,DB,DB,
13606,Jahmeer Carter,DL,DL,
13607,Lander Barton,LB,LB,LAC
13608,Jerand Bradley,WR,WR,
13609,Tristan Leigh,OL,OL,MIN
1361,Steve Beauharnais,ILB,LB,
13610,Jordan Botelho,LB,LB,
13611,Marcus Allen,CB,DB,
13612,Scooby Williams,LB,LB,
13613,Tyreek Chappell,CB,DB,MIN
13614,Cam'Ron Stewart,LB,LB,MIN
13615,Delby Lemieux,OL,OL,
13616,Da'Veawn Armstead,CB,DB,MIN
13617,Luke Wysong,WR,WR,
13618,Jacob Thomas,DB,DB,MIN
13619,Marcus Sanders,WR,WR,
1362,Josh Boyce,WR,WR,
13620,Brett Thorson,P,P,MIN
13621,Dillon Bell,WR,WR,MIN
13622,Monkell Goodwine,DL,DL,
13623,Tomas Rimac,OL,OL,
13624,Shaleak Knotts,WR,WR,
13625,Keli Lawson,LB,LB,
13626,Arden Walker,LB,LB,
13627,Devin Grant,DB,DB,
13628,Niles King,LB,LB,
13629,Jacobian Guillory,DL,DL,
1363,Michael Buchanan,DE,DL,
13630,Evan Svoboda,TE,TE,LAC
13631,Terry Webb,DL,DL,LAC
13632,Devonte Ross,WR,WR,
13633,Rodney Shelley,CB,DB,LAC
13634,Jerry Wilson,CB,DB,
13635,Avery Smith,CB,DB,SEA
13636,Jacob Spomer,C,,LAC
13637,Dashawn Jones,CB,DB,
13638,Jay'Viar Suggs,DT,DL,NO
13639,Alex Wollschlaeger,OT,OT,NO
1364,Jamie Collins,LB,LB,
13640,Alan Herron,OT,OT,NO
13641,Jeremiah McClendon,CB,DB,
13642,Keeshawn Silver,DT,DL,
13643,Michael Heldman,DE,DL,KC
13644,Mason Shipley,K,K,
13645,Michael Wortham,WR,WR,JAX
13646,Jimto Obidegwu,OL,OL,JAX
13647,Ben Patterson,WR,WR,
13648,Quindarius Dunnigan,DL,DL,
13649,Devin Neal,DB,DB,
1365,Aaron Dobson,WR,WR,
13650,Bryan Thomas,DE,DL,JAX
13651,Jordan White,OL,OL,
13652,Jalen Hunt,DL,DL,
13653,Preston Hodge,CB,DB,
13654,Devon Marshall,CB,DB,
13655,Jalen Stroman,DB,DB,SF
13656,James Thompson,DT,DL,SF
13657,Alex Bullock,WR,WR,
13658,Brady Boyd,WR,WR,
13659,Garrett DiGiorgio,G,OL,JAX
1366,Duron Harmon,DB,DB,
13660,T.J. Bollers,DL,DL,JAX
13661,Ethan Conner,TE,TE,
13662,Will Pauling,WR,WR,SF
13663,Wesley Grimes,WR,WR,SF
13664,Bryson Eason,DL,DL,KC
13665,Jack Bouwmeester,P,P,LAR
13666,Austin Collins,OL,OL,
13667,Marcus Burke,WR,WR,
13668,Tony Grimes,DB,DB,
13669,Derrell Bailey,OL,OL,
1367,Logan Ryan,DB,DB,
13670,Harrison Wallace,WR,WR,ARI
13671,Damonic Williams,DT,DL,ARI
13672,Wydett Williams,DB,DB,ARI
13673,Trent Battle,RB,RB,
13674,Chris Hilton,WR,WR,
13675,Fred Davis,CB,DB,WAS
13676,Deshawn McKnight,DL,DL,
13677,Noah Short,WR,WR,
13678,Jack Pyburn,DE,DL,KC
13679,Jalen McMurray,CB,DB,TEN
1368,Oday Aboushi,G,OG|OL,
13680,Bishop Fitzgerald,DB,DB,DET
13681,Kaidon Salter,QB,QB,
13682,Kobe Baynes,G,,
13683,Aamil Wagner,OT,OT,
13684,Shad Banks,LB,LB,
13685,Jake Retzlaff,QB,QB,
13686,Aidan Hubbard,DE,DL,SEA
13687,Marvin Jones,DE,DL,
13688,Jordan Crook,LB,LB,
13689,Devean Deal,DE,DL,
1369,Tommy Bohanon,FB,RB,
13690,Uso Seumalo,DT,DL,
13691,Myles Rowser,DB,DB,
13692,Marc Stampley,DB,DB,
13693,Kody Huisman,DL,DL,
13694,Kani Walker,DB,DB,BUF
13695,Mark Langston,LS,LS,
13696,Ja'Mori Maclin,WR,WR,BUF
13697,Da'Metrius Weatherspoon,OL,OL,NE
13698,Max Tomczak,WR,WR,
13699,Prince Dorbah,DL,DL,
137,Curtis Lofton,LB,LB,
1370,William Campbell,G,OL,
13700,James Brockermeyer,C,,
13701,Carlos Allen,DT,DL,
13702,Malik Rutherford,WR,WR,
13703,Kam Dewberry,OL,OL,ATL
13704,Riley Mahlman,OT,OT,ATL
13705,Ty Pezza,TE,TE,BAL
13706,Aaron Hall,DT,DL,CAR
13707,Jaylon Guilbeau,CB,DB,
13708,Kobe Prentice,WR,WR,
13709,Isaia Glass,OL,OL,CAR
1371,Dee Milliner,CB,DB,
13710,Gabriel Plascencia,K,K,
13711,Jayden Loving,DT,DL,CHI
13712,Hayden Large,TE,TE,CHI
13713,KC Eziomume,DB,DB,
13714,Caden Barnett,OG,OG,CHI
13715,Beau Gardner,LS,LS,CHI
13716,Josh Kreutz,OL,OL,
13717,Devin Pringle,DB,DB,
13718,Eric Gentry,LB,LB,
13719,Corey Robinson,OL,OL,
1372,Sheldon Richardson,DT,DL,
13720,Ceyair Wright,CB,DB,
13721,Jack Dingle,LB,LB,
13722,Isaiah Nwokobia,DB,DB,CIN
13723,Devan Boykin,DB,DB,
13724,Daylan Carnell,DB,DB,
13725,Dominic Richardson,RB,RB,
13726,Camden Brown,WR,WR,DAL
13727,Lardarius Webb,DB,DB,BAL
13728,Nick Dawkins,OL,OL,NYJ
13729,Olasunkonmi Agunloye,DT,DL,
1373,Geno Smith,QB,QB,NYJ
13730,Diego Pounds,OT,OT,KC
13731,Luke Drzewiecki,K,K,
13732,Aaron Graves,DT,DL,HOU
13733,Ethan Burke,DE,DL,BAL
13734,Trevonte Sylvester,OT,OT,
13735,Dominic DeLuca,LB,LB,
13736,Reid Williford,LB,LB,
13737,Silas Walters,DB,DB,TB
13738,Colby Humphrey,CB,DB,
13739,Erick Hunter,LB,LB,NE
1374,Brian Winters,OL,OG|OL,
13740,Aamaris Brown,DB,DB,DET
13741,Melvin Priestly,OL,OL,
13742,De'Shawn Rucker,CB,DB,
13743,Joseph Manjack,WR,WR,
13744,Cameron Ross,WR,WR,DEN
13745,Zion Washington,DB,DB,CLE
13746,Bernard Gooden,DL,DL,
13747,Khordae Sydnor,DL,DL,CLE
13748,Wes Pahl,P,P,CLE
13749,Kole Wilson,WR,WR,
1375,Marc Anthony,CB,DB,
13750,TJ Harden,RB,RB,
13751,Michael Coats,CB,DB,CLE
13752,Tyreak Sapp,DE,DL,
13753,DeCarlos Nicholson,CB,DB,
13754,Langston Patterson,LB,LB,
13755,Shiyazh Pete,OT,OT,
13756,Tommy Dunn,DT,DL,DAL
13757,Kelvin Gilliam,DT,DL,DAL
13758,Sidney Fugar,OT,OT,
13759,DJ Withers,DT,DL,
1376,Arthur Brown,LB,LB,
13760,Jaden Bradley,WR,WR,WAS
13761,Jeffrey M'ba,DL,DL,WAS
13762,Paul Rubelt,OL,OL,TB
13763,Javin Wright,LB,LB,TB
13764,Chris Freeman,K,K,
13765,Stephen Hall,CB,DB,
13766,Jack Stonehouse,P,P,
13767,James Neal,OT,OT,HOU
13768,Josh Pitsenburger,RB,RB,
13769,Collin Wright,CB,DB,HOU
1377,Matt Elam,SS,DB,
13770,J. Michael Sturdivant,WR,WR,GB
13771,Nyjalik Kelly,DE,DL,GB
13772,Eni Falayi,TE,TE,
13773,Isaiah Jacobs,RB,RB,
13774,Josh Gesky,G,,GB
13775,TJ Quinn,LB,LB,
13776,Hank Beatty,WR,WR,
13777,Ademola Faleye,TE,TE,
13778,EJ Smith,RB,RB,
13779,Al-Jay Henderson,RB,RB,NYJ
1378,Ryan Jensen,C,OL,
13780,Terion Stewart,RB,RB,
13781,Ken Seals,QB,QB,
13782,Jadyn Ott DUPLICATE,,,
13783,Raylen Sharpe,WR,WR,
13784,Cam Ball,DT,DL,IND
13785,West Weeks,LB,LB,IND
13786,Austin Brown,DB,DB,
13787,Tahj Chambers,LB,LB,IND
13788,Mitchell Melton,DE,DL,IND
13789,Pete Nygra,OL,OL,KC
1379,Kyle Juszczyk,FB,RB,SF
13790,Zelmar Vedder,DB,DB,
13791,Wesley Bissainthe,LB,LB,
13792,Josh Thompson,G,OL,ATL
13793,Xavier Nwankpa,DB,DB,KC
13794,DeShon Singleton,DB,DB,KC
13795,Vincent Anthony,DE,DL,
13796,Connor Stutz,P,P,
13797,Donovan Branch,LB,LB,
13798,Ethan Hurkett,DL,DL,
13799,Tyler Duzansky,LS,LS,
138,Ben Roethlisberger,QB,QB,PIT
1380,Kapron Lewis-Moore,DT,DL,
13800,Xavian Sorey,LB,LB,
13801,Isaiah Jatta,OT,OT,
13802,Jacob Clark,QB,QB,
13803,Tanner Wall,DB,DB,
13804,Kansei Matsuzawa,K,K,LV
13805,E.J. Williams,WR,WR,
13806,Matt Lauter,TE,TE,
13807,Gary Smith,DT,DL,SEA
13808,Wesley Bailey,DL,DL,LAR
13809,Nikhai Hill-Green,LB,LB,
1381,John Simon,LB,DL|LB,
13810,Rohan Jones,TE,TE,
13811,Drey Norwood,CB,DB,
13812,Eddie Walls,DL,DL,LAR
13813,Laith Marjan,K,K,
13814,Nick Andersen,DB,DB,LAR
13815,Rene Konga,DL,DL,MIA
13816,Mark Gronowski,QB,QB,
13817,Louis Moore,DB,DB,
13818,Romello Brinson,WR,WR,
13819,Kevin Jobity,DL,DL,PIT
1382,Rick Wagner,G,OL,
13820,Tucker Large,DB,DB,PHI
13821,Rocco Underwood,LS,LS,PHI
13822,Jaeden Roberts,OL,OL,
13823,Kapena Gushiken,DB,DB,IND
13824,Joshua Weru,DE,DL,PHI
13825,Malik McClain,WR,WR,NYJ
13826,Caullin Lacy,WR,WR,
13827,Tanner Arkin,TE,TE,NE
13828,Channing Canada,CB,DB,NE
13829,David Blay,DT,DL,GB
1383,Brandon Williams,DT,DL,
13830,Kyle Dixon,WR,WR,NE
13831,Kevorian Barnes,RB,RB,
13832,Ben Mann,LS,LS,NYG
13833,Dominic Zvada,K,K,NYG
13834,Cody Hardy,TE,TE,NYJ
13835,Mekhi Mews,WR,WR,
13836,Kendrick Blackshire,LB,LB,
13837,Kobe Barnes,OL,OL,
13838,Will Ferrin,K,K,
13839,Chase Curtis,TE,TE,
1384,Jayson DiManche,LB,LB,
13840,Cameron Robertson,DE,DL,ARI
13841,Deshawn McCuin,DB,DB,
13842,Ethan Sanchez,K,K,
13843,Theron Gaines,LB,LB,
13844,Coleman Bennett,RB,RB,
13845,Elijah Culp,CB,DB,IND
13846,Jack Velling,TE,TE,ATL
13847,CJ Nunnally,DE,DL,
13848,Matthew McDoom,CB,DB,
13849,Cortez Braham,WR,WR,
1385,Troy Stoudermire,CB,DB,
13850,Octavian Smith,WR,WR,
13851,Jahquez Robinson,DB,DB,BAL
13852,Dontae McMillan,RB,RB,SEA
13853,Cam Miller,CB,DB,
13854,Malik Spencer,DB,DB,
13855,Austin Blaske,OL,OL,LAR
13856,Darryl Peterson,LB,LB,LAR
13857,Bryce Phillips,DB,DB,
13858,Caleb Offord,CB,DB,
13859,Jalen Walthall,WR,WR,
1386,Giovani Bernard,RB,RB,
13860,Sabastian Harsh,DE,DL,HOU
13861,Daniel Sobkowicz,WR,WR,HOU
13862,Treyvhon Saunders,WR,WR,HOU
13863,Murvin Kenion,DB,DB,
13864,Aidan Keanaaina,DL,DL,
13865,Dasan McCullough,LB,LB,
13866,Luke Basso,LS,LS,
13867,Sean Brown,WR,WR,
13868,Thaddeus Dixon,CB,DB,NYG
13869,Anquin Barnes,DT,DL,
1387,Rex Burkhead,RB,RB,
13870,Quentin Moore,TE,TE,
13871,Tanoa Togiai,G,,WAS
13872,Jaxson Moi,DT,DL,
13873,Sam Scott,RB,RB,
13874,Mory Bamba,CB,DB,NYJ
13875,Sean Brown,LB,LB,
13876,Duce Chestnut,DB,DB,
13877,Maximus Pulley,DB,DB,LAR
13878,Ka'ena De Cambra,C,,
13879,Jameson Geers,TE,TE,ARI
1388,Tyler Eifert,TE,TE,
13880,Bryce Henderson,OL,OL,
13881,Al'zillion Hamilton,DB,DB,NE
13882,Ryan Schernecke,OL,OL,NYG
13883,Payton Zdroik,DL,DL,
13884,Chad Lindberg,OL,OL,
13885,JonDarius Morgan,OL,OL,
13886,Jalen Logan-Redding,DL,DL,
13887,Nyzier Fourqurean,CB,DB,LAR
13888,DeShawn Hanika,TE,TE,
13889,Levi Wentz,WR,WR,
1389,Reid Fragel,T,OL,
13890,Michael Briscoe,WR,WR,MIN
13891,Rasheed Miller,OL,OL,TEN
13892,Jeadyn Lukus,CB,DB,
13893,Mani Powell,LB,LB,
13894,Justin Pickett,G,,LV
13895,Cian Slone,DE,DL,LV
13896,Devin Lafayette,DB,DB,
13897,Christian Thomas,LB,LB,
13898,Corey Rucker,WR,WR,LV
13899,Amari McNeill,DT,DL,
139,William Hayes,DE,DL,
1390,Cobi Hamilton,WR,WR,
13900,Cole Brevard,DT,DL,KC
13901,Anthony Dunn,DE,DL,
13902,Damon Payne,DT,DL,
13903,D'Arco Perkins-McAllister,CB,DB,KC
13904,Jacob De Jesus,WR,WR,
13905,Omari Evans,WR,WR,KC
13906,Jaden Nixon,RB,RB,
13907,Dillon Wade,G,,GB
13908,Dylan Barrett,G,,
13909,Elijah Tau-Tolliver,RB,RB,
1391,Tanner Hawkinson,T,DB|OL,
13910,Dion Wilson,DL,DL,
13911,Kamar Missouri,OL,OL,
13912,Niklas Henning,T,,LV
13913,Patrick Gurd,TE,TE,LV
13914,Devyn Perkins,DB,DB,
13915,Khalil Jacobs,LB,LB,NE
13916,Xavier Loyd,WR,WR,
13917,Marlen Sewell,DB,DB,
13918,Kahlil Benson,T,,KC
13919,DJ Wingfield,OL,OL,
1392,Margus Hunt,DE,DL,
13920,Jonathan Brady,WR,WR,
13921,Isiah King,LB,LB,
13922,Sam Hagen,OL,OL,HOU
13923,Joshua Pitsenberger,RB,RB,
13924,Dominic Bailey,DL,DL,
13925,Jacob Graham,LS,LS,
13926,Ben Barten,DL,DL,
13927,Zxavian Harris,DL,DL,
13928,Geno VanDeMark,OL,OL,NYG
13929,Sahmir Hagans,WR,WR,
1393,T.J. Johnson,C,OL,
13930,Jordon Vaughn,RB,RB,
13931,E.J. Horton,WR,WR,
13932,Jim Bonifas,OL,OL,
13933,Kevin Cline,OL,OL,
13934,Rodney McGraw,DL,DL,MIA
13935,Kahlil Saunders,DL,DL,
13936,Cade Denhoff,DE,DL,
13937,Jackson Acker,FB,RB,
13938,Jordan Dunbar,CB,DB,
13939,Gabriel Benyard,WR,WR,
1394,Sean Porter,OLB,LB,
13940,Bruno Fina,OL,OL,
13941,Omari Kelly,WR,WR,
13942,Jaren Kump,C,,
13943,Squirrel White,WR,WR,
13944,Mason Murphy,OT,OT,NO
13945,Nolan Rucci,OT,OT,IND
13946,Jamal Haynes,RB,RB,
13947,Christian Jones,OT,OT,
13948,Liam Brown,OG,OG,
13949,Damon Bankston,RB,RB,GB
1395,Shawn Williams,DB,DB,
13950,Xavier Hill,OL,OL,
13951,Nathan Voorhis,DE,DL,
13952,Garrison Grimes,LS,LS,
13953,Nate Evans,CB,DB,
13954,Izavion Miller,G,,
13955,Josiah Green,DT,DL,
13956,Wesley Brown,LS,LS,
13957,Kenny Fletcher,TE,TE,IND
13958,Aidan Laros,P,P,
13959,Ayden Garnes,DB,DB,TB
1396,Josh Aubrey,SS,DB,
13960,Ja'Qurious Conley,DB,DB,
13961,Henry Lutovsky,OG,OG,TB
13962,Cameron Dorner,WR,WR,NE
13963,Nick DeGennaro,WR,WR,
13964,Myles Montgomery,RB,RB,NE
13965,Kenneth Harris,CB,DB,IND
13966,Jacob Rizy,OL,OL,
13967,Jimmy Kibble,WR,WR,
13968,Drew Stevens,K,K,WAS
13969,Jy Gilmore,DB,DB,
1397,Brandon Bogotay,K,K,
13970,Riley Wilson,LB,LB,
13971,Caden Fordham,LB,LB,TB
13972,Brandon Frazier,TE,TE,
13973,Keelan Marion,WR,WR,
13974,Malcolm DeWalt,CB,DB,ATL
13975,Le'Meke Brockington,WR,WR,
13976,Philip Florenzo,LS,LS,
13977,DeVonta Smith,CB,DB,CAR
13978,Albert Reese,OT,OT,CAR
13979,Isaiah Smith,LB,LB,
1398,Braxston Cave,C,OL,
13980,Parker Petersen,DT,DL,CAR
13981,Kolbe Katsis,WR,WR,DEN
13982,Gavin Ortega,C,OL,DEN
13983,Ahmari Harvey,DB,DB,
13984,Tyler Miller,OL,OL,DEN
13985,William Wright,DB,DB,
13986,Parker Robertson,DB,DB,
13987,Smith Vilbert,DL,DL,
13988,Stone Eby,TE,TE,
13989,E.J. Warner,QB,QB,
1399,Jacob Schum,P,P,
13990,Paul Geelen,K,K,
13991,Tamatoa McDonough,DL,DL,
13992,Paul Manning,DB,DB,
13993,Samuel Dankah,DL,DL,
13994,Max Harris,LB,LB,
13995,Tim Anderson,OT,OT,
13996,Trent Howland,RB,RB,
13997,Kekoura Tarnue,DB,DB,
13998,Jack Walsh,C,,
13999,Ian Conerly-Goodly,DB,DB,
14,Sidney Rice,WR,WR,
140,Erin Henderson,LB,LB,
1400,Justin Staples,LB,LB,
14000,Randy Franklin,DB,DB,
14001,Julius Davis,RB,RB,
14002,Christian Hilborn,OL,OL,
14003,Herbert Gums,NT,DL,
14004,Nuer Gatkuoth,DL,DL,
14005,Tommy Thomas,WR,WR,
14006,Marcellus Marshall,OL,OL,
14007,Andrew Jones,LB,LB,
14008,Rodney Hammond,RB,RB,
14009,Josh Celiscar,DL,DL,
1401,Martin Wallace,OT,OL,
14010,Jeff Yurk,P,P,
14011,Zarian McGill,OL,OL,
14012,Jahari Rogers,DB,DB,
14013,Tyce Westland,DE,DL,
14014,John Miller,LB,LB,
14015,Hunter Peck,DE,DL,
14016,DQ Smith,DB,DB,
14017,Brett Weaver,TE,TE,
14018,Jordan Nubin,RB,RB,
14019,Dylan Ray,OL,OL,
1402,Armonty Bryant,DE,DL,
14020,Dean Patterson,WR,WR,TB
14021,Kadarius Calloway,RB,RB,
14022,Yasir Holmes,LB,LB,TB
14023,Jaden Keller,LB,LB,NYJ
14024,Bangally Kamara,LB,LB,MIN
14025,Peter Manuma,DB,DB,
14026,DJ Herman,RB,RB,MIA
14027,Greg Crippen,OL,OL,
14028,Daveren Rayner,LB,LB,
14029,Johnny Pascuzzi,TE,TE,
1403,Garrett Gilkey,G,OL,
14030,Wayne Matthews,LB,LB,CHI
14031,Kyron Hudson,WR,WR,
14032,Xavier Holmes,DL,DL,NE
14033,Larry Worth,DB,DB,
14034,Brock Rechsteiner,WR,WR,
14035,Eric O'Neill,DE,DL,DET
14036,Stephen Dix,LB,LB,
14037,Rashad Rochelle,WR,WR,
14038,Trayvon Rudolph,WR,WR,
14039,Mante Morrow,WR,WR,
1404,Leon McFadden,CB,DB,
14040,Terrill Davis,WR,WR,
14041,Anderson Castle,RB,RB,
14042,Tamon Lynum,DB,DB,
14043,Tywone Malone,DT,DL,
14044,Miles Davis,RB,RB,
14045,Marlon Jones,CB,DB,
14046,Reid Carrico,LB,LB,
14047,Heinrich Haarberg,TE,TE,
14048,Travis Shaw,DT,DL,
14049,Brandon Hayes,WR,WR,
1405,Barkevious Mingo,LB,DB|LB,
14050,Courtland Ford,OL,OL,
14051,Chase Wilson,LB,LB,TEN
14052,Jai'Onte' McMillan,CB,DB,
14053,Jarrod Gray,OL,OL,NYG
14054,Derrick Graham,OL,OL,
14055,Louis Hansen,TE,TE,
14056,Kyre Duplessis,WR,WR,
14057,Zion Wilson,DT,DL,
14058,Malick Meiga,WR,WR,SEA
14059,Sean Fresch,CB,DB,DEN
1406,Reggie Dunn,WR,WR,
14060,Blake Cotton,DB,DB,
14061,Jeremiah Franklin,TE,TE,
14062,Tyler Moore,TE,TE,
14063,Liam Clifford,WR,WR,
14064,Roydell Williams,RB,RB,
14065,Jarod Washington,DB,DB,
14066,Mekhi Rodgers,CB,DB,
14067,Jeff Weimer,WR,WR,
14068,Drew Biber,TE,TE,
14069,Connor Hulstein,TE,TE,
1407,Chris Hubbard,T,OL|OT,
14070,Jordan Washington,CB,DB,
14071,Grant Finley,FB,RB,NYG
14072,Daniel Rickert,DE,DL,
14073,Eric Butler,DB,DB,
14074,Brien Taylor,DL,DL,
14075,Malakai Williams,DE,DL,
14076,Justin Jones,RB,RB,
14077,Ricardo Hallman,CB,DB,
14078,Xavier Williams,DB,DB,
14079,Keveion'ta Spears,DT,DL,
1408,Le'Veon Bell,RB,RB,
14080,Barika Kpeenu,RB,RB,
14081,Cam Rice,DL,DL,
14082,Alex Tecza,RB,RB,
14083,Jaheim Thomas,LB,LB,
14084,Devyn Bobby,DB,DB,
14085,Matthew Henry,WR,WR,
14086,Terrelle Smith,FB,RB,
14087,Skyler Thomas,DB,DB,CHI
14088,Maceo Beard,DB,DB,MIN
14089,Spencer Triplett,LS,LS,
1409,Justin Brown,WR,WR,
141,Kevin Reddick,LB,LB,
1410,Jarvis Jones,LB,LB,
1411,Landry Jones,QB,QB,
1412,Shamarko Thomas,SS,DB,
1413,Markus Wheaton,WR,WR,
1414,Nick Williams,DE,DL,
1415,Vince Williams,LB,LB,
1416,Lavar Edwards,LB,DL|LB,
1417,Zaviar Gooden,ILB,LB,
1418,Justin Hunter,WR,WR,
1419,Brian Schwenke,C,OL,
142,Tony Romo,QB,QB,
1420,Daimion Stafford,SS,DB,
1421,Chance Warmack,G,OL,
1422,Khalid Wooten,CB,DB,
1423,Blidi Wreh-Wilson,CB,DB,TB
1424,Alan Bonner,WR,WR,
1425,Ryan Griffin,TE,TE,
1426,DeAndre Hopkins,WR,WR,
1427,Sam Montgomery,DE,DL,
1428,David Quessenberry,OL,OG|OL,LAR
1429,D.J. Swearinger,DB,DB,IND
143,John Carlson,TE,TE,
1430,Chris Jones,DT,DL,
1431,Emmett Cleary,T,OL,
1432,Jeremy Kelley,WR,WR,
1433,Brandon McManus,K,K,
1434,Sheldon Price,CB,DB,
1435,Dax Swanson,CB,DB,
1436,Justice Cunningham,TE,TE,
1437,Khaled Holmes,C,OL,
1438,Montori Hughes,DT,DL,
1439,Hugh Thornton,G,OL,
144,Matt Flynn,QB,QB,
1440,Bjoern Werner,LB,LB,
1441,Kerwynn Williams,RB,RB,
1442,Chris Banjo,DB,DB,
1443,Johnathan Cyprien,SS,DB,JAX
1444,Josh Evans,SS,DB,
1445,Dwayne Gratz,CB,DB,
1446,Jeremy Harris,CB,DB,
1447,Luke Joeckel,G,OL,
1448,Demetrius McCray,CB,DB,
1449,Denard Robinson,RB,RB,
145,Rashard Mendenhall,RB,RB,
1450,Ace Sanders,WR,WR,
1451,C.J. Anderson,RB,RB,
1452,Aaron Hester,CB,DB,
1453,Lerentee McCray,DE,DL|LB,
1454,Montee Ball,RB,RB,
1455,Zac Dysert,QB,QB,
1456,Tavarres King,WR,WR,
1457,Vinston Painter,OT,OL,
1458,Quanterus Smith,DE,DL,
1459,Kayvon Webster,CB,DB,
146,Tramon Williams,CB,DB,
1460,Sylvester Williams,DT,DL,
1461,Mike Catapano,LB,DL|LB,
1462,Sanders Commings,CB,DB,
1463,Knile Davis,RB,RB,
1464,Eric Fisher,OT,OL|OT,
1465,Nico Johnson,LB,LB,
1466,Travis Kelce,TE,TE,KC
1467,Eric Kush,OL,OL,
1468,Brian Leonhardt,TE,TE,
1469,John Wetzel,OG,OG|OL,
147,DeSean Jackson,WR,WR,
1470,David Bass,LB,LB,
1471,Brice Butler,WR,WR,
1472,D.J. Hayden,CB,DB,WAS
1473,Nick Kasa,TE,TE,
1474,Stacy McGee,DT,DL,
1475,Sio Moore,LB,LB,
1476,Latavius Murray,RB,RB,
1477,Mychal Rivera,TE,TE,
1478,Menelik Watson,G,OL,
1479,Keenan Allen,WR,WR,IND
148,Andre Caldwell,WR,WR,
1480,D.J. Fluker,T,OG|OL,
1481,Brad Sorensen,QB,QB,
1482,Manti Te'o,LB,LB,
1483,Steve Williams,CB,DB,
1484,Tourek Williams,LB,LB,
1485,Gavin Escobar,TE,TE,
1486,Travis Frederick,C,OL,
1487,Joseph Randle,RB,RB,
1488,B.W. Webb,CB,DB,
1489,J.J. Wilcox,SS,DB,
149,Zackary Bowman,CB,DB,
1490,Terrance Williams,WR,WR,
1491,Michael Cox,RB,RB,
1492,Johnathan Hankins,DT,DL,
1493,Eric Herman,G,OL,
1494,Damontre Moore,DE,DL,CAR
1495,Ryan Nassib,QB,QB,
1496,Justin Pugh,OL,OG|OL,
1497,Cooper Taylor,SS,DB,
1498,David Amerson,CB,DB,
1499,Bacarri Rambo,SS,DB,
15,Patrick Willis,ILB,LB,
150,Danieal Manning,SS,DB,
1500,Jordan Reed,TE,TE,
1501,Phillip Thomas,SS,DB,
1502,Chris Thompson,RB,RB,
1503,Michael Ford,RB,RB,
1504,Demontre Hurst,CB,DB,
1505,Josh Lenz,WR,WR,
1506,Tress Way,P,P,WAS
1507,Jon Bostic,LB,LB,
1508,Khaseem Greene,ILB,LB,
1509,Kyle Long,OG,OG|OL,
151,Lavelle Hawkins,WR,WR,
1510,Jordan Mills,T,OL|OT,
1511,Cornelius Washington,DE,DL,
1512,Marquess Wilson,WR,WR,
1513,Ezekiel Ansah,DE,DL|LB|LEO,
1514,Corey Fuller,WR,WR,
1515,Brandon Hepburn,ILB,LB,
1516,Sam Martin,P,P,CAR
1517,Theo Riddick,RB,RB,
1518,Darius Slay,CB,DB,
1519,Larry Warford,G,OL,
152,Anthony Spencer,OLB,LB,
1520,Michael Williams,TE,TE,
1521,David Bakhtiari,OT,OL|OT,
1522,Sam Barrington,LB,LB,
1523,Josh Boyd,DT,DL,
1524,Kevin Dorsey,WR,WR,
1525,Micah Hyde,DB,DB,
1526,Datone Jones,DT,DL,
1527,Eddie Lacy,RB,RB,
1528,Nate Palmer,LB,LB,
1529,J.C. Tretter,C,OL,CLE
153,Ahtyba Rubin,DT,DL,
1530,Charles Johnson,WR,WR,
1531,Sharrif Floyd,DT,DL,
1532,Gerald Hodges,LB,LB,
1533,Jeff Locke,P,P,
1534,Michael Mauti,LB,LB,
1535,Cordarrelle Patterson,RB,RB,
1536,Xavier Rhodes,CB,DB,
1537,Joplo Bartu,LB,LB,
1538,Ryan Schraeder,T,OL,
1539,Paul Worrilow,LB,LB,
154,Tarvaris Jackson,QB,QB,
1540,Robert Alford,CB,DB,
1541,Malliciah Goodman,DE,DL,
1542,Kemal Ishmael,SS,DB|LB,
1543,Stansly Maponga,DE,DL|LB,
1544,Sean Renfree,QB,QB,
1545,Desmond Trufant,CB,DB,
1546,Kenjon Barner,RB,RB,
1547,A.J. Klein,LB,LB,
1548,Star Lotulelei,DT,DL,BUF
1549,Kawann Short,DT,DL,
155,Jerricho Cotchery,WR,WR,
1550,Ryan Griffin,QB,QB,
1551,Austin Johnson,FB,RB,
1552,Terron Armstead,T,OL|OT,
1553,John Jenkins,DT,DL,BAL
1554,Rufus Johnson,LB,DL|LB,
1555,Kenny Stills,WR,WR,
1556,Kenny Vaccaro,SS,DB,
1557,Johnthan Banks,CB,DB,
1558,William Gholston,DE,DL,
1559,Mike Glennon,QB,QB,
156,William Gay,CB,DB,
1560,Mike James,RB,RB,
1561,Steven Means,LB,DL,
1562,Akeem Spence,DT,DL,
1563,Daren Bates,LB,LB,
1564,Benny Cunningham,RB,RB,
1565,Cody Davis,DB,DB,
1566,Robert Steeples,CB,DB,
1567,Tavon Austin,WR,WR,
1568,Stedman Bailey,WR,WR,
1569,Barrett Jones,C,OL,
157,Vince Young,QB,QB,
1570,T.J. McDonald,SS,DB,
1571,Brandon McGee,CB,DB,
1572,Alec Ogletree,LB,LB,
1573,Zac Stacy,RB,RB,
1574,Jonathan Cooper,G,OL,DEN
1575,Andre Ellington,RB,RB,
1576,Tyrann Mathieu,DB,DB,
1577,Kevin Minter,LB,LB,
1578,Alex Okafor,DE,DL,
1579,Stepfan Taylor,RB,RB,
158,Dave Zastudil,P,P,
1580,Earl Watford,OL,OL,
1581,Carter Bykowski,G,OL,
1582,Cornellius Carradine,DE,DL,
1583,Marcus Cooper,CB,DB,
1584,B.J. Daniels,WR,QB|WR,
1585,Quinton Dial,NT,DL,
1586,Corey Lemonier,DE,DL|LB,
1587,Vance McDonald,TE,TE,
1588,Nick Moody,LB,LB,
1589,Quinton Patton,WR,WR,
159,Dwight Freeney,DE,DL,
1590,Eric Reid,SS,DB,
1591,Alvin Bailey,G,OL,
1592,Darren Fells,TE,TE,TB
1593,John Lotulelei,LB,LB,
1594,Michael Bowie,OT,OL,
1595,Chris Harper,WR,WR,
1596,Christine Michael,RB,RB,
1597,Ty Powell,OLB,LB,
1598,Ryan Seymour,G,OL,
1599,Tharold Simon,CB,DB,
16,Ray Rice,RB,RB,
160,Paul Posluszny,LB,LB,
1600,Jared Smith,G,OL,
1601,Spencer Ware,RB,RB,
1602,Jesse Williams,DT,DL,
1603,Luke Willson,TE,TE,
1604,Nick Williams,WR,WR,DEN
1605,Emory Blake,WR,WR,
1606,Jumal Rolle,CB,DB,
1607,Dalton Freeman,C,OL,
1608,Rontez Miles,FS,DB,
1609,Chris Pantale,TE,TE,
161,Wes Horton,DE,DL,
1610,Ryan Spadola,WR,WR,
1611,Jordan Campbell,FB,RB,
1612,Tyler Bray,QB,QB,
1613,Otha Foster,SS,DB,
1614,Frankie Hammond,WR,WR,
1615,Colin Kelly,OT,OL,
1616,Josh Martin,LB,LB,
1617,Bradley McDougald,DB,DB,JAX
1618,Rico Richardson,WR,WR,
1619,Demetrius Harris,TE,TE,
162,Lyle Sendlein,C,OL,
1620,Jahleel Addae,DB,DB,
1621,Nick Becton,T,OL,
1622,Frank Beltre,ILB,LB,
1623,Marcus Cromartie,FS,DB,
1624,Michael Hill,RB,RB,
1625,Josh Johnson,CB,DB,
1626,Will Compton,LB,LB,
1627,Skye Dawson,WR,WR,
1628,Joseph Fauria,TE,TE,
1629,LaAdrian Waddle,T,OL,
163,Andrew McDonald,OT,OL,
1630,Darius Eubanks,LB,LB,
1631,Rodney Smith,WR,WR,
1632,Deveron Carr,CB,DB,
1633,Rashaan Melvin,CB,DB,
1634,Jason Weaver,OT,OL,
1635,Timothy Wright,TE,TE,
1636,MarQueis Gray,TE,TE,
1637,Kevin McDermott,LS,LS,
1638,Darryl Morris,CB,DB,
1639,Patrick Omameh,OL,OG|OL,
164,Barry Cofield,NT,DL,
1640,Mike Purcell,NT,DL,
1641,Devin Taylor,DE,DL,
1642,Levine Toilolo,TE,TE,NYG
1643,Jordan Dangerfield,SS,DB,
1644,Jeff Tuel,QB,QB,
1645,Sam Brenner,C,OL,
1646,A.J. Francis,DT,DL,
1647,Alonzo Highsmith,ILB,LB,
1648,Keelan Johnson,SS,DB,
1649,Jordan Kovacs,DB,DB,
165,Brandon Bostick,TE,TE,
1650,Cameron Marshall,RB,RB,
1651,Tristan Okpalaugo,OLB,LB,
1652,Terrell Sinkfield,WR,WR,
1653,Josh Kline,G,OL,
1654,Zach Sudfeld,TE,TE,
1655,Kenbrell Thompkins,WR,WR,
1656,Joe Vellano,DT,DL,
1657,Brandon Copeland,LB,DL|LB,
1658,Jordan Devey,OL,OL,
1659,Will Pericak,G,DL|OL,
166,Josh Cribbs,WR,WR,
1660,Brynden Trawick,FS,DB,
1661,T.J. Barnes,DT,DL,
1662,Marcus Burley,CB,DB,
1663,Abry Jones,DT,DL,
1664,Ryan Otten,TE,TE,
1665,Tobais Palmer,WR,WR,
1666,LaRoy Reynolds,LB,LB,NE
1667,Steven Terrell,FS,DB,
1668,Carson Tinker,LS,LS,
1669,Luke Marquardt,OT,OL,
167,Tom Brady,QB,QB,
1670,Lawrence Okoye,DT,DL,
1671,Kendall Gaskins,RB,RB,
1672,Nickell Robey-Coleman,CB,DB,
1673,Da'Rick Rogers,WR,WR,
1674,A.J. Bouye,CB,DB,CAR
1675,Marlon Brown,WR,WR,
1676,Ja'Gared Davis,ILB,LB,
1677,Travis Howard,CB,DB,
1678,Uzoma Nwachukwu,WR,WR,
1679,Earl Okine,LB,DL|LB,
168,Nick Novak,K,K,
1680,Justin Tuggle,LB,LB,
1681,George Winn,RB,RB,
1682,Cierre Wood,RB,RB,
1683,Charles James,CB,DB,
1684,Jaron Brown,WR,WR,
1685,Kenny Demens,LB,LB,
1686,Tony Jefferson,DB,DB,LAC
1687,Chris Barker,G,OL,
1688,Terence Garvin,LB,LB,
1689,Adam Thielen,WR,WR,
169,Steve Smith,WR,WR,
1690,Ka'Lial Glaud,OLB,LB,
1691,Chuck Jacobs,WR,WR,
1692,Lowell Rose,CB,DB,
1693,Zach Line,FB,RB,
1694,Ryan Allen,P,P,
1695,Will Davis,CB,DB,
1696,Brandon Williams,CB,TE,
1697,David King,DE,DL,
1698,Jonas Gray,RB,RB,
1699,Brian Tyms,WR,WR,
17,Matt Prater,K,K,
170,Cliff Avril,DE,DL,
1700,Jeff Heath,DB,DB,
1701,Eric Rogers,WR,WR,
1702,Lane Taylor,OL,OG|OL,
1703,Michael J. Thomas,DB,DB,
1704,Chase Reynolds,RB,RB,
1705,Micanor Regis,DT,DL,
1706,Jack Doyle,TE,TE,IND
1707,Spencer Lanning,P,P,
1708,Peyton Thompson,FS,DB,
1709,Fozzy Whittaker,RB,RB,
171,Zach Miller,TE,TE,
1710,Gerald Rivers,DE,DL,
1711,Darren Woodard,CB,DB,
1712,Jordan Mabin,CB,DB,
1713,Colton Schmidt,P,P,
1714,Chigbo Anunoby,NT,DL,
1715,Cooper Helfet,TE,TE,
1716,Derrick Coleman,FB,RB,
1717,Casey Walker,DT,DL,
1718,Derek Carrier,TE,TE,
1719,Antoine McClain,G,OL,
172,Johnathan Joseph,CB,DB,
1720,Khiry Robinson,RB,RB,
1721,Andrew DePaola,LS,LS,MIN
1722,Mike Remmers,T,OL|OT,
1723,Sean Baker,FS,DB,
1724,Rashad Ross,WR,WR,
1725,Patrick Lewis,C,OL,
1726,Eric Kettani,FB,RB,
1727,Dominique Hamilton,DT,DL,
1728,Ben Garland,OG,OG|OL,
1729,Nathan Stupar,LB,LB,
173,Andy Tanner,WR,WR,
1730,Kenny Wiggins,G,OG|OL,
1731,Johnnie Troutman,G,OL,
1732,Willie Jefferson,OLB,LB,
1733,Isaiah Frey,FS,DB,
1734,Rod Sweeting,CB,DB,
1735,Andy Mulumba,LB,LB,
1736,Melvin White,CB,DB,
1737,Case Keenum,QB,QB,CHI
1738,Matt Blanchard,QB,QB,
1739,Chase Ford,TE,TE,
174,Jay Ratliff,NT,DL,
1740,Ben Jacobs,LB,LB,
1741,Jordan Gay,P,K|P,
1742,Brenton Bersin,WR,WR,
1743,Brittan Golden,WR,WR,
1744,Robert Lester,SS,DB,
1745,Patrick Scales,LS,LS,
1746,Tevita Finau,DE,DL,
1747,Matthew McGloin,QB,QB,
1748,Taylor Boggs,G,OL,
1749,Jake Stoneburner,TE,TE,
175,Jordy Nelson,WR,WR,
1750,Giorgio Tavecchio,K,K,
1751,Toben Opurum,FB,RB,
1752,Malcolm Bronson,FS,DB,
1753,Isaako Aaitui,NT,DL,
1754,Tim Lelito,G,OL,
1755,Keavon Milton,TE,TE,
1756,Jordan Hill,DT,DL,
1757,Chance Casey,CB,DB,
1758,Kashif Moore,WR,WR,
1759,Larry Donnell,TE,TE,
176,Gary Barnidge,TE,TE,
1760,Jamie Childers,TE,TE,
1761,Daniel Adongo,LB,LB,
1762,Josh McNary,LB,LB,
1763,Greg Orton,WR,WR,
1764,Benson Mayowa,DE,DL,SEA
1765,Myles White,WR,WR,
1766,Jonathan Amosa,FB,RB,
1767,Garth Gerhart,C,OL,
1768,K Browner,DE,DL,
1769,Jeff Adams,T,OL|RB,
177,Wes Welker,WR,WR,
1770,Ray-Ray Armstrong,LB,LB,
1771,M Harris,WR,WR,
1772,J Talley,WR,WR,
1773,Jacquies Smith,DE,DL|LB,
1774,Deon Lacey,LB,LB,
1775,Eric Martin,LB,LB,
1776,Jeremiah Warren,C,OL,
1777,Josh Hill,TE,TE,
1778,Greg Jenkins,CB,DB,
1779,Mitchell White,CB,DB,
178,Matt Schaub,QB,QB,
1780,Ryan Robinson,DE,DL,
1781,Kourtnei Brown,LB,DL|LB,
1782,Brian Folkerts,C,OL,
1783,Devin Smith,CB,DB,
1784,Ross Weaver,CB,DB,
1785,James Winchester,LS,LS,KC
1786,Lance Lewis,WR,WR,
1787,Phillip Supernaw,TE,TE,
1788,Beau Allen,NT,DL,
1789,Josh Andrews,C,OL,
179,Reggie Bush,RB,RB,
1790,Blake Annen,TE,TE,
1791,Karim Barton,G,OL,
1792,Kadron Boone,WR,WR,
1793,Trey Burton,TE,TE,
1794,David Fluellen,RB,RB,
1795,Kevin Graf,OT,OL,
1796,Taylor Hart,T,OL,
1797,Donald Hawkins,OT,OL,
1798,Josh Huff,WR,WR,
1799,Wade Keliikipi,NT,DL,
18,Gosder Cherilus,T,OL,
180,Aqib Talib,CB,DB,
1800,Jordan Matthews,TE,TE,
1801,Quron Pratt,WR,WR,
1802,Ed Reynolds,FS,DB,
1803,Marcus Smith,DE,DL|LB,
1804,Carey Spear,K,K,
1805,Alejandro Villanueva,OT,OL|OT,BAL
1806,Jaylen Watkins,SS,DB,
1807,Matt Simms,QB,QB,
1808,Preston Brown,LB,LB,
1809,Ross Cockrell,CB,DB,
181,Drew Stanton,QB,QB,
1810,Jimmy Gaines,ILB,LB,
1811,Seantrel Henderson,T,OL,
1812,Bryan Johnson,DE,DL,
1813,Randell Johnson,LB,LB,
1814,Cyrus Kouandjio,T,OL,
1815,Kenny Ladler,FS,DB,
1816,Cyril Richardson,G,OL,
1817,Sammy Watkins,WR,WR,
1818,Walt Aikens,SS,DB,
1819,Orleans Darkwa,RB,RB,
182,Mike Tolbert,FB,RB,
1820,Terrence Fede,DE,DL,
1821,Matt Hazel,WR,WR,
1822,Ja'Wuan James,OT,OL|OT,
1823,Anthony Johnson,DE,DL,
1824,Kamal Johnson,DT,DL,
1825,Jarvis Landry,WR,WR,
1826,Tyler Larsen,C,OL,
1827,Arthur Lynch,TE,TE,
1828,Chris McCain,DE,DL|LB,
1829,Michael Ola,T,OL,
183,Glenn Dorsey,NT,DL,
1830,Garrison Smith,DT,DL,
1831,Jordan Tripp,LB,LB,
1832,Billy Turner,OL,OG|OL,
1833,Damien Williams,RB,RB,
1834,Malcolm Butler,CB,DB,
1835,Dominique Easley,LB,DL|LB,
1836,Cam Fleming,T,OL|OT,
1837,Jimmy Garoppolo,QB,QB,
1838,Shamiel Gary,FS,DB,
1839,Cameron Gordon,ILB,LB,
184,Adrian Peterson,RB,RB,
1840,Jon Halapio,G,OL,
1841,Stephen Houston,RB,RB,
1842,Derrick Johnson,WR,WR,
1843,Zach Moore,DE,DL,
1844,Tyler Ott,LS,LS,WAS
1845,Deontae Skinner,OLB,LB,
1846,Bryan Stork,C,OL,
1847,Jemea Thomas,CB,DB,
1848,James White,RB,RB,
1849,Jace Amaro,TE,TE,
185,Charles Tillman,CB,DB,
1850,Tajh Boyd,QB,QB,
1851,Brandon Dixon,CB,DB,
1852,Dakota Dozier,G,OG|OL,
1853,IK Enemkpali,LB,LB,
1854,Quincy Enunwa,WR,WR,
1855,Shaquelle Evans,WR,WR,
1856,Jeremiah George,LB,LB,
1857,Kerry Hyder,DE,DL,
1858,Dexter McDougle,CB,DB,
1859,Calvin Pryor,SS,DB,
186,DeMarcus Ware,DE,DL|LB,
1860,Brent Qvale,OT,OL|OT,
1861,Trevor Reilly,LB,LB,
1862,Jalen Saunders,WR,WR,
1863,Zach Thompson,OLB,LB,
1864,Terrence Brooks,DB,DB,
1865,Jeremy Butler,WR,WR,
1866,Michael Campanaro,WR,WR,
1867,Jace Davis,WR,WR,
1868,Crockett Gillmore,TE,TE,
1869,Derrick Hopkins,NT,DL,
187,Thomas Davis,LB,LB,
1870,James Hurst,OL,OG|OL|OT,
1871,Tramain Jacobs,DB,DB,
1872,Timmy Jernigan,DT,DL,
1873,Richie Leone,P,P,
1874,Jamie Meder,DT,DL,
1875,C.J. Mosley,LB,LB,
1876,Deji Olatoye,CB,DB,
1877,Zach Orr,LB,LB,
1878,AJ Pataiali'i,DT,DL,
1879,Sammy Seamster,CB,DB,
188,Eli Manning,QB,QB,
1880,Lorenzo Taliaferro,RB,RB,
1881,Brent Urban,DE,DL,
1882,John Urschel,G,OL,
1883,Keith Wenning,QB,QB,
1884,Russell Bodine,C,OL,
1885,Will Clarke,DE,DL,
1886,James Davidson,ILB,LB,
1887,Darqueze Dennard,CB,DB,
1888,Curtis Feigt,OT,OL,
1889,Marquis Flowers,ILB,LB,
189,Brandon Flowers,CB,DB,
1890,Dan France,OT,OL,
1891,Ryan Hewitt,TE,TE,
1892,Jeremy Hill,RB,RB,
1893,Trey Hopkins,C,OL,
1894,Colin Lockett,WR,WR,
1895,AJ McCarron,QB,QB,
1896,Lavelle Westbrooks,CB,DB,
1897,Nikita Whitlock,FB,RB,
1898,James Wright,WR,WR,
1899,Ray Agnew,FB,RB,
19,Joe Flacco,QB,QB,CIN
190,Manuel Ramirez,G,OL,
1900,Joel Bitonio,OG,OG|OL,
1901,Isaiah Crowell,RB,RB,
1902,Pierre Desir,CB,DB,
1903,Taylor Gabriel,WR,WR,
1904,Justin Gilbert,CB,DB,
1905,Christian Kirksey,LB,LB,
1906,Jonathan Krause,WR,WR,
1907,Johnny Manziel,QB,QB,
1908,Jacobbi McDaniel,NT,DL,
1909,Robert Nelson,CB,DB,
191,Philip Wheeler,LB,LB,
1910,Connor Shaw,QB,QB,
1911,Willie Snead,WR,WR,
1912,Terrance West,RB,RB,
1913,K'Waun Williams,CB,DB,
1914,Dri Archer,RB,RB,
1915,Rob Blanchflower,TE,TE,
1916,Martavis Bryant,WR,WR,
1917,Ethan Hemer,DE,DL,
1918,Wesley Johnson,C,OL,
1919,Howard Jones,LB,LB,
192,Adam Hayward,ILB,LB,
1920,Josh Mauro,DE,DL,ARI
1921,Daniel McCullers,DT,DL,
1922,Roy Philon,NT,DL,
1923,Shaquille Richardson,CB,DB,
1924,Ryan Shazier,LB,LB,
1925,Stephon Tuitt,DE,DL,
1926,Jordan Zumwalt,OLB,LB,
1927,Ri'Shard Anderson,CB,DB,
1928,Antonio Andrews,RB,RB,
1929,Travis Coons,K,K,
193,Justin Durant,LB,LB,
1930,Marqueston Huff,FS,DB,
1931,Gabe Ikard,C,OL,
1932,DaQuan Jones,DT,DL,NE
1933,Taylor Lewan,OT,OL|OT,
1934,Justin McCray,OL,OG|OL,
1935,Zach Mettenberger,QB,QB,
1936,William Poehls,OT,OL,
1937,Bishop Sankey,RB,RB,
1938,Josh Stewart,WR,WR,
1939,Derel Walker,WR,WR,
194,Reggie Wayne,WR,WR,
1940,Avery Williamson,LB,LB,
1941,Jason Ankrah,OLB,LB,
1942,Lonnie Ballentine,FS,DB,
1943,Lacoltan Bester,WR,WR,
1944,Alfred Blue,RB,RB,
1945,Chris Boswell,K,K,PIT
1946,Max Bullough,LB,LB,
1947,Jadeveon Clowney,DE,DL|LB,HOU
1948,Anthony Denham,TE,TE,
1949,Matt Feiler,G,OG|OL,
195,Courtney Roby,WR,WR,
1950,James Ferentz,OL,OL,
1951,C.J. Fiedorowicz,TE,TE,
1952,Andre Hal,FS,DB,
1953,Travis Labhart,WR,WR,
1954,Louis Nix,DT,DL,
1955,Jeoffrey Pagan,DE,DL,
1956,Jay Prosch,FB,RB,
1957,Tom Savage,QB,QB,
1958,Xavier Su'a-Filo,G,OG|OL,CIN
1959,Julius Warmsley,DT,DL,
196,Leodis McKelvin,CB,DB,
1960,Marcus Williams,CB,DB,
1961,Bryan Witzmann,G,OL,
1962,Chris Martin,OT,OL,
1963,Jonotthan Harrison,OL,OL,
1964,Ulrick John,T,OL,
1965,Zach Kerr,DE,DL,
1966,Ryan Lankford,WR,WR,
1967,Seth Lobato,QB,QB,
1968,Keon Lyn,CB,DB,
1969,Dewey McDonald,LB,DB|LB,
197,Andy Studebaker,LB,LB,
1970,Jack Mewhort,G,OL,
1971,Donte Moncrief,WR,WR,
1972,Henoc Muamba,ILB,LB,
1973,Jonathan Newsome,LB,LB,
1974,Cody Parkey,K,K,
1975,Erik Swoope,TE,TE,
1976,Zurlon Tipton,RB,RB,
1977,Josh Walker,G,OL,
1978,Tony Washington,WR,LB|WR,
1979,Blake Bortles,QB,QB,NO
198,Kellen Clemens,QB,QB,
1980,Luke Bowanko,C,OL,
1981,Deandre Coleman,DT,DL,
1982,Aaron Colvin,CB,DB,
1983,Damian Copeland,WR,WR,
1984,Allen Hurns,WR,WR,MIA
1985,Marcel Jensen,TE,TE,
1986,Storm Johnson,RB,RB,
1987,Marqise Lee,WR,WR,
1988,Brandon Linder,OL,OL,JAX
1989,Craig Loston,SS,DB,
199,Jon Condo,LS,LS,
1990,Stephen Morris,QB,QB,
1991,Rashaad Reynolds,CB,DB,
1992,Allen Robinson,WR,WR,
1993,Tyler Shatley,OL,OL,
1994,Chris Smith,DE,DL,
1995,Telvin Smith,LB,LB,
1996,D.J. Tialavea,T,OL|TE,
1997,Josh Wells,T,OL|OT,
1998,Kenny Anunike,DE,DL|LB,
1999,Shaquil Barrett,LB,DL|LB,
2,Jeremy Zuttah,C,OL,
20,Jared Allen,DE,DL|LB,
200,Vernon Davis,TE,TE,
2000,Lamin Barrow,LB,LB,
2001,Kapri Bibbs,RB,RB,
2002,Isaiah Burse,WR,WR,
2003,Bennie Fowler,WR,WR,
2004,Cody Latimer,WR,WR,
2005,Corey Nelson,LB,LB,
2006,Matt Paradis,C,OL,
2007,Bryn Renner,QB,QB,
2008,Bradley Roby,CB,DB,
2009,Michael Schofield,T,OG|OL|OT,
201,Marques Colston,WR,WR,
2010,Jordan Sullen,CB,DB,
2011,Juwan Thompson,RB,RB,
2012,Chase Vaughn,ILB,LB,
2013,Lou Young,CB,DB,
2014,Laurent Duvernay-Tardif,OL,OG|OL,
2015,Dee Ford,DE,DL|LB,
2016,Zach Fulton,OL,OL,
2017,Phillip Gaines,CB,DB,
2018,Ben Gottschalk,C,OL,
2019,Aaron Murray,QB,QB,
202,Andrew Whitworth,OL,OL|OT,LAR
2020,Cairo Santos,K,K,CHI
2021,Kona Schwenke,G,OL,
2022,Daniel Sorensen,DB,DB,
2023,De'Anthony Thomas,WR,WR,
2024,Charcandrick West,RB,RB,
2025,Albert Wilson,WR,WR,
2026,George Atkinson,RB,RB,
2027,Denico Autry,DE,DL,
2028,Derek Carr,QB,QB,
2029,T.J. Carrie,CB,DB,
203,Jacoby Jones,WR,WR,
2030,Jonathan Dowling,S,DB,
2031,Justin Ellis,DT,DL,
2032,Carlos Fields,LB,LB,
2033,Shelby Harris,DE,DL,NYG
2034,Gabe Jackson,G,OG|OL,
2035,Erle Ladson,OT,OL,
2036,Khalil Mack,LB,DL|LB,LAC
2037,Keith McGill,FS,DB,
2038,Jake Murphy,TE,TE,
2039,Seth Roberts,WR,WR,
204,Ryan Harris,T,OL,
2040,Scott Simonson,TE,TE,
2041,Torrence Allen,WR,WR,
2042,Jeremiah Attaochu,LB,DL|LB,
2043,Ryan Carrethers,NT,DL,
2044,Brelan Chancellor,WR,WR,
2045,Alden Darby,SS,DB,
2046,Chris Davis,CB,DB,
2047,Greg Ducre,CB,DB,
2048,Marion Grice,RB,RB,
2049,Javontee Herndon,WR,WR,
205,Vince Wilfork,NT,DL,
2050,Branden Oliver,RB,RB,
2051,Tenny Palepoi,DT,DL,
2052,Tevin Reese,WR,WR,
2053,Jeremiah Sirles,G,OL,
2054,Colton Underwood,DE,DL,
2055,Jason Verrett,CB,DB,
2056,Chris Watt,C,OL,
2057,Ken Bishop,DT,DL,
2058,Chris Boyd,WR,WR,
2059,Davon Coleman,DT,DL,
206,Cody Wallace,C,OL,
2060,JC Copeland,FB,RB,
2061,Ben Gardner,DE,DL,
2062,Anthony Hitchens,LB,LB,KC
2063,Casey Kreiter,LS,LS,ARI
2064,DeMarcus Lawrence,DE,DL,SEA
2065,Ben Malena,RB,RB,
2066,Zack Martin,G,OG|OL,
2067,Terrance Mitchell,DB,DB,
2068,Tyler Patmon,CB,DB,
2069,Ronald Patrick,C,OL,
207,Donald Penn,OT,OL|OT,
2070,Dashaun Phillips,CB,DB,
2071,Jarrod Pughsley,G,OL,
2072,Jocquel Skinner,S,DB,
2073,Keith Smith,FB,RB,
2074,Devin Street,WR,WR,
2075,Dustin Vaughan,QB,QB,
2076,L'Damian Washington,WR,WR,
2077,Justin Anderson,OLB,LB,
2078,Odell Beckham,WR,WR,
2079,Nat Berhe,FS,DB,
208,Josh McCown,QB,QB,
2080,Jay Bromley,DT,DL,
2081,Emmanuel Dieke,DE,DL,
2082,Xavier Grimble,TE,TE,
2083,Bennett Jackson,DB,DB,
2084,Devon Kennard,LB,DL|LB,
2085,Kelcy Quarles,DE,DL,
2086,Weston Richburg,C,OL,
2087,Jordan Stanton,DE,DL,
2088,Andre Williams,RB,RB,
2089,Kerry Wynn,DE,DL,
209,Jonathan Babineaux,DT,DL,
2090,Ted Bolser,TE,TE,
2091,Bashaud Breeland,CB,DB,ARI
2092,Akeem Davis,S,DB,
2093,Ryan Grant,WR,WR,
2094,Zach Hocker,K,K,
2095,Rashad Lawrence,WR,WR,
2096,Spencer Long,C,OL,
2097,Ross Madison,CB,DB,
2098,Morgan Moses,OL,OL|OT,NE
2099,Trent Murphy,DE,DL|LB,
21,Red Bryant,DE,DL,
210,Wesley Woodyard,LB,LB,
2100,Silas Redd,RB,RB,
2101,Lache Seastrunk,RB,RB,
2102,Robert Thomas,DT,DL,
2103,Cody Booth,OT,OL,
2104,Ka'Deem Carey,RB,RB,
2105,Brandon Dunn,NT,DL,
2106,David Fales,QB,QB,
2107,Ego Ferguson,DT,DL,
2108,Kyle Fuller,CB,DB,
2109,Ryan Groy,G,OL,
211,Daryl Smith,LB,LB,
2110,Christian Jones,LB,LB,
2111,DeDe Lattimore,ILB,LB,
2112,Charles Leno,T,OL|OT,
2113,Pat O'Donnell,P,P,
2114,Senorise Perry,RB,RB,
2115,Will Sutton,DT,DL,
2116,Brock Vereen,FS,DB,
2117,Jerome Couplin,SS,DB,
2118,Eric Ebron,TE,TE,PIT
2119,James Franklin,QB,QB,
212,John Denney,LS,LS,
2120,Gregory Hickman,DE,DL,
2121,T.J. Jones,WR,WR,
2122,Nevin Lawson,CB,DB,
2123,Cornelius Lucas,T,OL|OT,
2124,Jacob Maxwell,TE,TE,
2125,Andrew Peacock,WR,WR,
2126,Caraun Reid,DT,DL,LAC
2127,Mohammed Seisay,CB,DB,
2128,Travis Swanson,C,OL,
2129,Jordan Thompson,TE,TE,
213,Mike McGlynn,G,OL,
2130,Kyle Van Noy,LB,DL|LB,MIN
2131,Larry Webster,DE,DL,
2132,Jared Abbrederis,WR,WR,
2133,Davante Adams,WR,WR,LAR
2134,Carl Bradford,ILB,LB,
2135,Ha Ha Clinton-Dix,DB,DB,DEN
2136,Duplicate Player,OLB,LB,
2137,John Fullington,G,OL,
2138,Demetri Goodson,CB,DB,
2139,Adrian Hubbard,OLB,LB,
214,Osi Umenyiora,OLB,LB,
2140,Jeff Janis,WR,WR,
2141,Corey Linsley,C,OL,
2142,Rajion Neal,RB,RB,
2143,Mike Pennel,DT,DL,
2144,Justin Perillo,TE,TE,
2145,Chase Rettig,QB,QB,
2146,Richard Rodgers,TE,TE,
2147,Joe Thomas,LB,LB,
2148,Khyri Thornton,DT,DL,
2149,Jeremy Vujnovich,G,OL,
215,Jason Snelling,RB,RB,
2150,Ryan White,CB,DB,
2151,Anthony Barr,LB,LB,
2152,Teddy Bridgewater,QB,QB,
2153,Kain Colter,WR,WR,
2154,Rakim Cox,DE,DL,
2155,Scott Crichton,DE,DL,
2156,Antone Exum,SS,DB,
2157,Isame Faciane,G,OL,
2158,Donte Foster,WR,WR,
2159,Kendall James,CB,DB,
216,Tony Hills,T,OL,
2160,Zac Kerin,G,OL,
2161,Jerick McKinnon,RB,RB,
2162,Jabari Price,CB,DB,
2163,Shamar Stephen,DT,DL,
2164,Brandon Watts,LB,LB,
2165,Dominique Williams,RB,RB,
2166,David Yankey,G,OL,
2167,Ricardo Allen,DB,DB,CIN
2168,Devonta Freeman,RB,RB,
2169,Devonta Glover-Wright,CB,DB,
217,Donte Whitner,SS,DB,
2170,Ra'Shede Hageman,DT,DL,
2171,Freddie Martino,WR,WR,
2172,Jake Matthews,T,OL|OT,ATL
2173,Kimario McFadden,S,DB,
2174,Roosevelt Nix,FB,RB,
2175,Bernard Reedy,WR,WR,
2176,Yawin Smallwood,ILB,LB,
2177,Jerome Smith,RB,RB,
2178,Dezmen Southward,CB,DB,
2179,Marquis Spruill,OLB,LB,
218,Jonathan Stewart,RB,RB,
2180,Tyler Starr,LB,LB,
2181,James Stone,C,OL,
2182,Kelvin Benjamin,WR,TE|WR,
2183,Bene' Benwikere,CB,DB,
2184,Tre Boston,DB,DB,
2185,Corey Brown,WR,WR,
2186,Carrington Byndom,CB,DB,
2187,Kony Ealy,DE,DL,
2188,David Foucault,T,OL,
2189,Tyler Gaffney,RB,RB,
219,Mario Williams,DE,DL,
2190,Adarius Taylor,LB,LB,
2191,Marcus Lucas,WR,WR,
2192,Andrew Norwell,OL,OG|OL,
2193,Darrin Reaves,RB,RB,
2194,Trai Turner,G,OG|OL,
2195,Marcus Ball,SS,DB,
2196,Brandon Coleman,WR,WR,
2197,Brandin Cooks,WR,WR,SF
2198,Brian Dixon,CB,DB,
2199,Kasim Edebali,DE,DL|LB,
22,LaMarr Woodley,LB,LB,
220,DeMeco Ryans,LB,LB,
2200,Timothy Flanders,RB,RB,
2201,Khairi Fortt,OLB,LB,
2202,Je'Ron Hamm,TE,TE,
2203,Nic Jacobs,TE,TE,
2204,Stanley Jean-Baptiste,CB,DB,
2205,Seantavius Jones,WR,WR,
2206,Logan Kilgore,QB,QB,
2207,Ronald Powell,OLB,LB,
2208,Vinnie Sunseri,FS,DB,
2209,George Uko,DE,DL,
221,Brent Celek,TE,TE,
2210,Pierre Warren,FS,DB,
2211,Ty Zimmerman,S,DB,
2212,Josh Allen,G,OL,
2213,Nate Askew,OLB,LB,
2214,Cameron Brate,TE,TE,
2215,Kadeem Edwards,G,OL,
2216,Mike Evans,WR,WR,SF
2217,Robert Herron,WR,WR,
2218,Keith Lewis,CB,DB,
2219,Patrick Murray,K,K,
222,Josh Morgan,WR,WR,
2220,Kevin Pamphile,G,OL,
2221,Solomon Patton,WR,WR,
2222,Austin Seferian-Jenkins,TE,TE,
2223,Charles Sims,RB,RB,
2224,Maurice Alexander,LB,DB|LB,
2225,Alex Bayer,TE,TE,
2226,Christian Bryant,SS,DB,
2227,Aaron Donald,DT,DL,LAR
2228,E.J. Gaines,CB,DB,
2229,Garrett Gilbert,QB,QB,
223,Larry Fitzgerald,WR,WR,
2230,Lamarcus Joyner,DB,DB,
2231,Tre Mason,RB,RB,
2232,Demetrius Rhaney,C,OL,
2233,Marcus Roberson,CB,DB,
2234,Greg Robinson,T,OL,
2235,Mitchell VanDyk,OT,OL,
2236,Trey Watts,RB,RB,
2237,Ethan Westbrooks,DT,DL,NO
2238,John Brown,WR,WR,
2239,Jonathan Brown,OLB,LB,
224,Brett Goode,LS,LS,
2240,Deone Bucannon,LB,LB,
2241,Glenn Carson,ILB,LB,
2242,Chandler Catanzaro,K,K,
2243,Bruce Gaston,DT,DL,
2244,Kareem Martin,LB,LB,
2245,Troy Niklas,TE,TE,
2246,Kelvin Palmer,G,OL,
2247,Walter Powell,WR,WR,
2248,Justin Renfrow,OT,OL,
2249,Anthony Steen,G,OL,
225,L.P. LaDouceur,LS,LS,
2250,Ed Stinson,DT,DL,
2251,Logan Thomas,TE,TE,
2252,Corey Washington,WR,WR,
2253,Kenneth Acker,CB,DB,
2254,Asante Cleveland,TE,TE,
2255,Bruce Ellington,WR,WR,
2256,Dillon Farrell,G,OL,
2257,Carlos Hyde,RB,RB,
2258,Dontae Johnson,CB,DB,
2259,Aaron Lynch,LB,DL|LB,
226,Antwaan Randle El,WR,WR,
2260,Marcus Martin,C,OG|OL,
2261,L.J. McCray,SS,DB,
2262,Trey Millard,RB,RB,
2263,Kaleb Ramsey,NT,DL,
2264,Keith Reaser,CB,DB,
2265,Shayne Skov,LB,LB,
2266,Brandon Thomas,G,OL,
2267,Jimmie Ward,DB,DB,
2268,Rashaun Allen,TE,TE,
2269,Dion Bailey,SS,DB,
227,Alan Ball,CB,DB,
2270,Justin Britt,OL,OL,
2271,Brock Coyle,LB,LB,
2272,Chase Dixon,TE,TE,
2273,Garry Gilliam,T,OL,
2274,Jackson Jeffcoat,LB,LB,
2275,Cassius Marsh,LB,DL|LB,
2276,Kevin Norwood,WR,WR,
2277,Kevin Pierre-Louis,LB,LB,
2278,Eric Pinkins,LB,DB|LB,
2279,Paul Richardson,WR,WR,
228,Fred Jackson,RB,RB,
2280,Kiero Small,FB,RB,
2281,Jimmy Staten,DT,DL,
2282,Fitzgerald Toussaint,RB,RB,
2283,James Wilder,RB,RB,
2284,Fred Williams,WR,WR,
2285,James Morris,LB,LB,
2286,Andrew Furney,K,K,
2287,Adrian Phillips,DB,DB|LB,
2288,Chas Alecxih,DT,DL,
2289,Cordarro Law,LB,LB,
229,Phil Dawson,K,K,
2290,Craig Watts,G,OL,
2291,Dontrelle Inman,WR,WR,
2292,Chris Matthews,WR,WR,
2293,Demitrius Bronson,RB,RB,
2294,Horace Miller,ILB,LB,
2295,Kevin Smith,WR,WR,
2296,Terrance Parks,SS,DB,
2297,Glenn Winston,RB,RB,
2298,Jeremy Towns,DT,DL,
2299,Kevin Fogg,CB,DB,
23,Jason Witten,TE,TE,
230,Robert Meachem,WR,WR,
2300,Chandler Fenner,CB,DB,
2301,Al Louis-Jean,CB,DB,
2302,T.J. Fatinikun,DE,DL,
2303,Josh Harris,RB,RB,
2304,Jerome Cunningham,TE,TE,
2305,Charley Hughlett,LS,LS,
2306,Jameis Winston,QB,QB,NYG
2307,Marcus Mariota,QB,QB,WAS
2308,Dante Fowler,LB,DL|LB,SEA
2309,Amari Cooper,WR,WR,
231,Mike Devito,DE,DL,
2310,Brandon Scherff,G,OG|OL,
2311,Leonard Williams,DE,DL,SEA
2312,Kevin White,WR,WR,
2313,Vic Beasley,DE,DL|LB,
2314,Ereck Flowers,T,OL|OT,WAS
2315,Todd Gurley,RB,RB,
2316,Trae Waynes,CB,DB,CIN
2317,Danny Shelton,DT,DL,
2318,Andrus Peat,OL,OG|OL,
2319,DeVante Parker,WR,WR,
232,Frank Gore,RB,RB,
2320,Melvin Gordon,RB,RB,
2321,Kevin Johnson,CB,DB,
2322,Arik Armstead,DE,DL,JAX
2323,Marcus Peters,CB,DB,
2324,Cameron Erving,T,OL,
2325,Nelson Agholor,WR,WR,
2326,Cedric Ogbuehi,T,OL|OT,
2327,Bud Dupree,LB,DL|LB,LAC
2328,Shane Ray,LB,LB,
2329,D.J. Humphries,OL,OL|OT,
233,Matt Moore,QB,QB,
2330,Shaq Thompson,LB,LB,BUF
2331,Breshad Perriman,WR,WR,
2332,Byron Jones,CB,DB,
2333,Laken Tomlinson,OL,OG|OL,GB
2334,Phillip Dorsett,WR,WR,LV
2335,Damarious Randall,CB,DB,
2336,Stephone Anthony,LB,LB,
2337,Malcom Brown,DT,DL,
2338,Landon Collins,DB,DB,
2339,Donovan Smith,T,OL|OT,
234,Matt McCants,T,OL,
2340,Mario Edwards,DE,DL,HOU
2341,T.J. Yeldon,RB,RB,
2342,Devin Smith,WR,WR,
2343,Preston Smith,LB,DL|LB,
2344,Eddie Goldman,DT,DL,
2345,Dorial Green-Beckham,WR,WR,
2346,Devin Funchess,TE,TE,
2347,Jalen Collins,CB,DB,
2348,Benardrick McKinney,LB,LB,
2349,Hau'oli Kikaha,DE,DL|LB,
235,Terence Newman,CB,DB,
2350,Eric Kendricks,LB,LB,LAR
2351,Jaquiski Tartt,DB,DB,
2352,Eric Rowe,DB,DB,
2353,Denzel Perryman,LB,LB,LAC
2354,Mitch Morse,C,OL,
2355,Ronald Darby,CB,DB,
2356,Nate Orchard,DE,DL|LB,
2357,Jordan Phillips,DE,DL,
2358,Jake Fisher,T,OL,
2359,Ameer Abdullah,RB,RB,JAX
236,Domata Peko,DT,DL,
2360,Maxx Williams,TE,TE,
2361,Senquez Golson,CB,DB,
2362,Rob Havenstein,OL,OL|OT,
2363,Markus Golden,LB,DL|LB,
2364,Ty Sambrailo,T,OL|OT,
2365,Randy Gregory,DE,DL,
2366,Ali Marpet,G,OG|OL,TB
2367,Quinten Rollins,CB,DB,
2368,Frank Clark,DE,DL|LB,
2369,Jordan Richards,DB,DB,BAL
237,Charles Godfrey,S,DB,
2370,D'Joun Smith,CB,DB,
2371,Jeremiah Poutasi,OL,OL,LV
2372,A.J. Cann,OL,OG|OL,
2373,Clive Walford,TE,TE,
2374,Tyler Lockett,WR,WR,
2375,Jaelen Strong,WR,WR,
2376,Hroniss Grasu,OL,OL,
2377,Jamon Brown,G,OL,
2378,Tevin Coleman,RB,RB,
2379,Owamagbe Odighizuwa,DE,DL,
238,Dashon Goldson,FS,DB,
2380,Garrett Grayson,QB,QB,
2381,Chris Conley,WR,WR,
2382,Duke Johnson,RB,RB,
2383,P.J. Williams,CB,DB,
2384,Eli Harold,LB,LB,
2385,Alex Carter,CB,DB,
2386,John Miller,G,OG|OL,
2387,Lorenzo Mauldin,LB,LB,
2388,Craig Mager,CB,DB,
2389,Jordan Hicks,LB,LB,
239,Cullen Jenkins,DT,DL,
2390,Tyler Kroft,TE,TE,
2391,David Johnson,RB,RB,
2392,Sammie Coates,WR,WR,
2393,Danielle Hunter,DE,DL|LB,HOU
2394,Sean Mannion,QB,QB,
2395,Carl Davis,DT,DL,
2396,Chaz Green,T,OG|OL|OT,
2397,Jeff Heuerman,TE,TE,
2398,Henry Anderson,DE,DL,
2399,Ty Montgomery,RB,RB,
24,Matt Ryan,QB,QB,
240,Calvin Johnson,WR,WR,
2400,Matt Jones,RB,RB,
2401,Xavier Cooper,DT,DL,
2402,Geneo Grissom,DE,DL,
2403,Steven Nelson,CB,DB,
2404,Paul Dawson,LB,LB,
2405,Angelo Blackson,DE,DL,
2406,Trey Flowers,LB,DL|LB,
2407,Daryl Williams,OL,OL,BUF
2408,Bryce Petty,QB,QB,
2409,James Sample,FS,DB,
241,Spencer Larsen,RB,RB,
2410,Jamison Crowder,WR,WR,
2411,Jeremy Langford,RB,RB,
2412,Justin Hardy,WR,WR,
2413,Jalston Fowler,FB,RB,
2414,Clayton Geathers,DB,DB,
2415,T.J. Clemmings,T,OL,
2416,Tre' Jackson,G,OL,
2417,Arie Kouandjio,G,OL,
2418,Gabe Wright,DT,DL,WAS
2419,Jamil Douglas,OL,OL,
242,Brent Grimes,CB,DB,
2420,Ibraheim Campbell,DB,DB,
2421,Rodney Gunter,DE,DL,
2422,Blake Bell,TE,TE,
2423,Ramik Wilson,LB,LB,
2424,Andrew Donnal,T,OL,
2425,Josh Shaw,SS,DB,
2426,Doran Grant,CB,DB,
2427,Za'Darius Smith,LB,DL|LB,ATL
2428,Vince Mayle,TE,TE|WR,
2429,Kwon Alexander,LB,LB,
243,Ben Obomanu,WR,WR,
2430,Javorius Allen,RB,RB,
2431,Mike Davis,RB,RB,
2432,Damien Wilson,LB,LB,
2433,Jon Feliciano,OG,OG|OL,
2434,Jake Ryan,LB,LB,
2435,Shaq Mason,OL,OG|OL,
2436,DeAndre Smelter,WR,WR,
2437,Max Garcia,OL,OG|OL,
2438,Mark Glowinski,G,OG|OL,
2439,Marcus Hardison,DT,DL,
244,Ben Grubbs,G,OL,
2440,Tray Walker,CB,DB,
2441,David Cobb,RB,RB,
2442,Rashad Greene,WR,WR,
2443,Ben Heeney,LB,LB,
2444,Martrell Spaight,LB,LB,
2445,Adrian Amos,DB,DB,
2446,MyCole Pruitt,TE,TE,
2447,Mykkele Thompson,FS,DB,
2448,Bobby McCain,CB,DB,
2449,Stefon Diggs,WR,WR,WAS
245,Thomas Howard,K,K,
2450,Brett Hundley,QB,QB,
2451,Davis Tull,OLB,LB,
2452,Jay Ajayi,RB,RB,
2453,Cedric Thompson,SS,DB,
2454,David Parry,DT,DL,
2455,Jarvis Harrison,G,OL,
2456,Kyle Emanuel,LB,LB,
2457,Tyeler Davison,DT,DL,
2458,Karlos Williams,RB,RB,
2459,Tony Lippett,CB,DB|WR,
246,Darren Sproles,RB,RB,
2460,C.J. Uzomah,TE,TE,
2461,Shaquille Riddick,LB,LB,
2462,J.J. Nelson,WR,WR,
2463,Jesse James,TE,TE,
2464,Neiron Ball,LB,LB,
2465,Kenny Bell,WR,WR,
2466,Ryan Russell,DE,DL,
2467,Lorenzo Doss,CB,DB,
2468,Bradley Pinion,P,P,MIA
2469,Joe Cardona,LS,LS,LAR
247,Harry Douglas,WR,WR,
2470,Damian Swann,CB,DB,
2471,Michael Burton,FB,RB,CLE
2472,David Mayo,LB,LB,
2473,Tye Smith,CB,DB,
2474,Nick Boyle,TE,TE,
2475,D.J. Alexander,LB,LB,
2476,James O'Shaughnessy,TE,TE,
2477,Cameron Artis-Payne,RB,RB,
2478,Keith Mumphery,WR,WR,
2479,Deiontrez Mount,LB,LB,
248,Luke McCown,QB,QB,
2480,Matthew Wells,ILB,LB,
2481,Max Valles,LB,DL|LB,
2482,Michael Bennett,DT,DL,
2483,Kyshoen Jarrett,FS,DB,
2484,Tayo Fabuluje,T,DB|OL,
2485,Kaelin Clay,WR,WR,
2486,Tyrus Thompson,OT,OL,
2487,Geremy Davis,WR,WR,
2488,Evan Spencer,WR,WR,
2489,Tony Steward,LB,LB,
249,Chad Greenway,LB,LB,
2490,Charles Gaines,CB,DB,
2491,Ian Silberman,G,OL,
2492,JaCorey Shepherd,CB,DB,
2493,Darius Philon,DT,DL,
2494,B.J. Dubose,DE,DL,
2495,Nick O'Leary,TE,TE,
2496,Malcolm Johnson,FB,RB,
2497,Randall Evans,DB,DB,
2498,Derron Smith,SS,DB,
2499,Randall Telfer,TE,TE,
25,Jerome Felton,FB,RB,
250,Matt Spaeth,TE,TE,
2500,Leterrius Walton,DE,DL,
2501,Quandre Diggs,DB,DB,
2502,Bud Sasser,WR,WR,
2503,A.J. Derby,TE,TE,
2504,Darius Kilgo,DT,DL,
2505,Darren Waller,TE,TE,CAR
2506,Josh Robinson,RB,RB,
2507,Aaron Ripkowski,FB,RB,
2508,Amarlo Herrera,LB,LB,
2509,Andy Gallik,C,OL,
251,Montell Owens,FB,RB,
2510,Obum Gwacham,LB,DL|LB,
2511,Christian Ringo,DT,DL,
2512,Reshard Cliett,OLB,LB,
2513,Anthony Chickillo,LB,LB,
2514,Kennard Backman,TE,TE,
2515,Kristjan Sokoli,DT,DL|OL,
2516,Cody Wichmann,G,OL,
2517,Christian Covington,DT,DL,LAC
2518,Hayes Pullard,LB,LB,
2519,Neal Sterling,TE,TE,
252,Don Muhlbach,LS,LS,
2520,Andre Debose,WR,WR,
2521,Austin Reiter,C,OL,
2522,Deon Simon,NT,DL,
2523,Bryce Hager,LB,LB,
2524,Jake Rodgers,T,OL,
2525,Bobby Hart,T,OL|OT,SEA
2526,Martin Ifedi,DE,DL,
2527,Austin Shepherd,T,OL,
2528,Ben Koyack,TE,TE,
2529,Marcus Murphy,RB,RB,
253,James Jones,WR,WR,
2530,Joey Iosefa,RB,RB,
2531,Edmond Robinson,LB,LB,SEA
2532,Da'Ron Brown,WR,WR,
2533,Dezmin Lewis,WR,WR,
2534,Kenny Hilliard,RB,RB,
2535,Mark Nzeocha,LB,LB,
2536,Brian Mihalik,OT,OL,
2537,Mario Alford,WR,WR,
2538,Gerod Holliman,FS,DB,
2539,Corey Robinson,T,OL,
254,Darrelle Revis,CB,DB,
2540,Ifo Ekpre-Olomu,CB,DB,
2541,Dexter McDonald,CB,DB,
2542,Laurence Gibson,OT,OL,
2543,Trent Brown,OL,OL|OT,HOU
2544,Tre McBride,WR,WR,
2545,Geoff Swaim,TE,TE,
2546,Darryl Roberts,CB,DB,
2547,Ryan Murphy,SS,DB,
2548,Akeem King,CB,DB,
2549,Trevor Siemian,QB,QB,
255,James Ihedigbo,SS,DB,
2550,Taurean Nixon,CB,DB,
2551,Josh Furman,SS,DB,
2552,Xzavier Dickson,ILB,LB,
2553,Rory Anderson,TE,TE,
2554,Denzelle Good,G,OL,
2555,Gerald Christian,TE,TE,
2556,Terrence Magee,RB,RB,
2557,Jerry Lovelocke,QB,QB,
2558,A.J. Tarpley,LB,LB,
2559,E.J. Bibbs,TE,TE,
256,Rian Lindell,K,K,
2560,Zach Zenner,RB,RB,
2561,Anthony Boone,QB,QB,
2562,John Crockett,RB,RB,
2563,Tony Washington,OLB,LB,
2564,Duron Carter,WR,WR,
2565,Jean Sifrin,TE,TE,
2566,Tyler Varga,RB,RB,
2567,Bryan Bennett,QB,QB,
2568,Zach Hodges,ILB,LB,
2569,Jake Waters,QB,QB,
257,Husain Abdullah,FS,DB,
2570,Donatella Luckett,WR,WR,
2571,Jeff Luc,TE,TE,
2572,Justin Coleman,CB,DB,
2573,DaVaris Daniels,WR,WR,
2574,Duplicate Player,DE,DL,
2575,Taiwan Jones,LB,LB,
2576,Cody Fajardo,QB,QB,
2577,Devante Davis,WR,WR,
2578,John Harris,WR,WR,
2579,Mike Hull,LB,LB,
258,Ronnie Brown,RB,RB,
2580,Titus Davis,WR,WR,
2581,Jahwan Edwards,RB,RB,
2582,Cole Stoudt,QB,QB,
2583,Tyrell Williams,WR,WR,
2584,Austin Hill,WR,WR,
2585,Thomas Rawls,RB,RB,
2586,Dylan Thompson,QB,QB,
2587,Dres Anderson,WR,WR,
2588,Malcolm Brown,RB,RB,
2589,Ryan Delaire,DE,DL|LB,
259,Kevin Williams,DT,DL,
2590,Yannik Cudjoe-Virgil,LB,LB,
2591,La'el Collins,T,OL|OT,
2592,Grady Jarrett,DT,DL,CHI
2593,Antwan Goodley,WR,WR,
2594,Brandon Wegher,RB,RB,
2595,Tim Semisch,TE,TE,
2596,Wes Saxton,TE,TE,
2597,Michael Dyer,RB,RB,
2598,Terrell Watson,RB,RB,
2599,Bronson Hill,RB,RB,
26,Roman Harper,SS,DB,
260,Josh Johnson,QB,QB,CIN
2600,Ricky Seale,RB,RB,
2601,Andre Davis,WR,WR,
2602,Darius Jennings,WR,WR,
2603,Shane Wynn,WR,WR,
2604,Manasseh Garner,WR,WR,
2605,Merrill Noel,DB,DB,
2606,Cedric Reed,DE,DL,
2607,Landon Feichter,SS,DB,
2608,Dylan Wynn,DE,DL,
2609,RJ Archer,QB,QB,
261,A.J. Hawk,LB,LB,
2610,Robert Smith,FS,DB,
2611,Kasen Williams,WR,WR,
2612,Ronald Martin,SS,DB,
2613,Tyrell Adams,LB,LB,
2614,T.Y. McGill,DT,DL,
2615,Doug McNeil,WR,WR,
2616,Jeremy Crayton,CB,DB,
2617,Alex Singleton,LB,LB,DEN
2618,Duplicate Player,DL,DL,
2619,Andrew East,C,OL,
262,Evan Mathis,G,OL,
2620,Jake Heaps,QB,QB,
2621,Terron Ward,RB,RB,
2622,Warren Herring,DT,DL,
2623,Robenson Therezie,SS,DB,
2624,Derek Akunne,OLB,LB,
2625,Jonathon Mincy,FS,DB,
2626,Kevin White,CB,DB,
2627,Joey Mbu,DT,DL,
2628,Boris Anyama,ILB,LB,
2629,Sam Meredith,DE,DL,
263,Robert Mathis,LB,LB,
2630,Jordan Williams,LB,LB,
2631,Durell Eskridge,S,DB,
2632,Desmond Martin,RB,RB,
2633,Trey Williams,RB,RB,
2634,Mack Brown,RB,RB,
2635,Vernon Johnson,WR,WR,
2636,Jarred Haggins,WR,WR,
2637,Casey Pierce,TE,TE,
2638,Reggie Bell,WR,WR,
2639,Tony Jones,WR,WR,
264,Greg Jennings,WR,WR,
2640,Isaiah Johnson,FS,DB,
2641,Brian Suite,SS,DB,
2642,Houston Bates,LB,LB,
2643,Deshazor Everett,DB,DB,WAS
2644,Terrance Plummer,LB,LB,
2645,Quinton Dunbar,CB,DB,
2646,Corey Crawford,DE,DL,
2647,Dyshawn Davis,OLB,LB,
2648,Tajh Hasson,CB,DB,
2649,Kyle Brindza,K,K,
265,DeAngelo Hall,FS,DB,
2650,Ty Long,P,K|P,
2651,Phillip Sims,QB,QB,
2652,Dreamius Smith,RB,RB,
2653,Brian Parker,TE,TE,
2654,Jaxon Shipley,WR,WR,
2655,Nick Dzubnar,LB,LB,
2656,Chi Chi Ariguzo,ILB,LB,
2657,John Lowdermilk,CB,DB,
2658,Ryan Mueller,FB,RB,
2659,Manny Asprilla,CB,DB,
266,Orlando Scandrick,CB,DB,
2660,Curtis Grant,OLB,LB,
2661,Brock Hekking,OLB,LB,
2662,Cameron Botticelli,DE,DL,
2663,Gordon Hill,S,DB,
2664,Cariel Brooks,CB,DB,
2665,Jimmy Legree,CB,DB,
2666,C.J. Roberts,CB,DB,
2667,Harold Jones-Quartey,SS,DB,
2668,Xavier Williams,DT,DL,
2669,Alani Fua,LB,LB,
267,Zach Strief,T,OL,
2670,Edwin Jackson,ILB,LB,
2671,Josh Lambo,K,K,
2672,Damarr Aultman,WR,WR,
2673,Damiere Byrd,WR,WR,
2674,Paul Browning,WR,WR,
2675,Aundrey Walker,OT,OL,
2676,Zach Vigil,LB,LB,
2677,Neville Hewitt,LB,LB,
2678,Ray Drew,DE,DL,
2679,Dean Marlowe,DB,DB,
268,Alex Smith,QB,QB,
2680,Arthur Miley,DE,DL,
2681,Terry Redden,DT,DL,
2682,Christion Jones,WR,WR,
2683,Andrew Franks,K,K,
2684,Corbin Louks,WR,WR,
2685,Jordan Taylor,WR,WR,
2686,Khari Lee,TE,TE,
2687,Chandler Worthy,WR,WR,
2688,Chad Slade,OG,OG|OL,
2689,Todd Davis,LB,LB,
269,Pierre Garcon,WR,WR,
2690,Zaire Anderson,ILB,LB,
2691,Chuka Ndulue,DT,DL,
2692,Tevrin Brandon,CB,DB,
2693,Danny Mason,OLB,LB,
2694,Carlos Thompson,LB,LB,
2695,Lynden Trail,OLB,LB,
2696,Kurtis Drummond,SS,DB,
2697,Corey Moore,FS,DB,
2698,Abou Toure,RB,RB,
2699,Cameron Meredith,WR,WR,
27,Jerod Mayo,LB,LB,
270,Lance Moore,WR,WR,
2700,Levi Norwood,WR,WR,
2701,AJ Cruz,WR,WR,
2702,John Chiles,WR,WR,
2703,Ezell Ruffin,WR,WR,
2704,Jonathan Anderson,LB,LB,
2705,Anthony Jefferson,S,DB,
2706,Terry Williams,NT,DL,
2707,John Timu,LB,LB,
2708,Junior Sylvestre,ILB,LB,
2709,Eric Patterson,CB,DB,
271,Greg Warren,LS,LS,
2710,Donald Celiscar,CB,DB,
2711,Taylor Heinicke,QB,QB,
2712,Blake Renaud,RB,RB,
2713,Josh Harper,WR,WR,
2714,Gabe Holmes,TE,TE,
2715,Gary Wilkins,OLB,LB,
2716,SaQwan Edwards,CB,DB,
2717,Leon Orr,DT,DL,
2718,Tevin McDonald,FS,DB,
2719,Anthony Harris,DB,DB,
272,Chris Johnson,RB,RB,
2720,Brian Peters,LB,LB,
2721,Chris Harper,WR,WR,
2722,Jimmay Mundine,TE,TE,
2723,RJ Harris,WR,WR,
2724,Brandon King,LB,DB|LB,
2725,Jimmy Jean,S,DB,
2726,Henry Coley,OLB,LB,
2727,Travis Manning,CB,DB,
2728,Ashaad Mabry,DT,DL,
2729,Corey Grant,RB,RB,
273,Corey Graham,FS,DB,
2730,Kenneth Harper,RB,RB,
2731,Akeem Hunt,RB,RB,
2732,Connor Hamlett,TE,TE,
2733,Kasey Closs,WR,WR,
2734,Todd Thomas,ILB,LB,
2735,Thurston Armbrister,LB,LB,
2736,Nordly Capi,DE,DL|LB,
2737,Eric Crume,DT,DL,
2738,Ikponmwosa Igbinosun,DE,DL,
2739,Desmond Cooper,FS,DB,
274,Willie Colon,G,OL,
2740,Camaron Beard,DT,DL,
2741,Richard Ash,DT,DL,
2742,Nick Marshall,CB,DB,
2743,Duplicate Player,LB,LB,
2744,Cole Farrand,OLB,LB,
2745,Brad Bars,DE,DL|LB,
2746,Justin Halley,S,DB,
2747,Jason Myers,K,K,SEA
2748,Kevin Monangai,RB,RB,
2749,Raheem Mostert,RB,RB,
275,Josh Scobee,K,K,
2750,DeAndre Carter,WR,WR,
2751,Daniel Brown,TE,TE,
2752,Trent Steelman,WR,WR,
2753,Rasheed Bailey,WR,WR,
2754,Michael Johnson,WR,WR,
2755,Eric Tomlinson,TE,TE,
2756,Andrew Gleichert,TE,TE,
2757,Micajah Reynolds,DT,DL,
2758,Brennen Beyer,ILB,LB,
2759,Nick Perry,FS,DB,
276,Jeremy Mincey,DE,DL,
2760,Travis Raciti,NT,DL,
2761,Denzel Rice,CB,DB,
2762,Diaheem Watkins,ILB,LB,
2763,Dasman McCullum,OLB,LB,
2764,Alfy Hill,DE,DL,
2765,Kip Smith,P,P,
2766,Alonzo Harris,RB,RB,
2767,Jawon Chisholm,RB,RB,
2768,Braylon Heard,RB,RB,
2769,Larry Pinkard,WR,WR,
277,Daniel Fells,TE,TE,
2770,Harold Spears,TE,TE,
2771,Jimmie Hunt,WR,WR,
2772,Mitchell Henry,TE,TE,
2773,Tyler Murphy,WR,WR,
2774,Shakim Phillips,WR,WR,
2775,Jermauria Rasco,OLB,LB,
2776,Tay Glover-Wright,CB,DB,
2777,Tavarus Dantzler,OLB,LB,
2778,James Vaughters,LB,LB,
2779,Ladarius Gunter,CB,DB,
278,Kevin Kolb,QB,QB,
2780,Ian Wild,S,DB,
2781,Shayon Green,OLB,LB,
2782,Dominique Davis,DE,DL,
2783,Kenzel Doe,WR,WR,
2784,Jameill Showers,SS,DB|QB,
2785,Gus Johnson,RB,RB,
2786,Jarryd Hayne,RB,RB,
2787,David Porter,WR,WR,
2788,Nick Harwell,WR,WR,
2789,Lucky Whitehead,WR,WR,
279,Devin Hester,WR,WR,
2790,Nigel King,WR,WR,
2791,Carlif Taylor,DT,DL,
2792,Tim Scott,FS,DB,
2793,Donnie Baggs,OLB,LB,
2794,Joel Ross,CB,DB,
2795,Dakorey Johnson,OLB,LB,
2796,Efe Obada,DE,DL,
2797,Shawn Lemon,OLB,LB,
2798,Marcus Rush,OLB,LB,
2799,Mylan Hicks,CB,DB,
28,Aaron Ross,CB,DB,
280,Jermon Bushrod,G,OL,
2800,Mario Hull,WR,WR,
2801,DeAndrew White,WR,WR,
2802,Corey Acosta,K,K,
2803,Bradley Marquez,WR,WR,
2804,Andrew Turzilli,WR,WR,
2805,Deon Long,WR,WR,
2806,Cameron Lynch,LB,LB,
2807,Keshaun Malone,ILB,LB,
2808,Jacob Hagen,FS,DB,
2809,Montell Garner,CB,DB,
281,Wallace Gilberry,DE,DL,
2810,Louis Trinca-Pasat,DT,DL,
2811,Matt Longacre,LB,LB,
2812,Imoan Claiborne,CB,DB,
2813,Trovon Reed,CB,DB,
2814,Jay Hughes,CB,DB,
2815,Cody Riggs,CB,DB,
2816,Toby Johnson,DT,DL,
2817,Daniel Rodriguez,WR,WR,
2818,Michael Palardy,P,K|P,
2819,Mike Meyer,K,K,
282,Alan Branch,DT,DL,
2820,Dominique Brown,RB,RB,
2821,Jake Kumerow,WR,WR,
2822,Adam Humphries,WR,WR,
2823,Rannell Hall,WR,WR,
2824,Donteea Dye,WR,WR,
2825,Trevor Roach,ILB,LB,
2826,Troy Hill,CB,DB,
2827,DeShawn Williams,DT,DL,
2828,Erick Dargan,S,DB,
2829,Al-Hajj Shabazz,CB,DB,
283,Jon Beason,LB,LB,
2830,Caushaud Lyons,DT,DL,
2831,Jude Adjei-Barimah,CB,DB,
2832,Chris Hackett,FS,DB,
2833,Josh Keyes,LB,LB,
2834,Tom Obarski,K,K,
2835,Paul Lasike,RB,RB,
2836,Kenny Cook,WR,WR,
2837,Travis Harvey,WR,WR,
2838,Trevor Harman,WR,WR,
2839,Justin March-Lillard,LB,LB,
284,Delanie Walker,TE,TE,
2840,Kenneth Penny,CB,DB,
2841,Kevin Short,CB,DB,
2842,Andrae Kirk,OLB,LB,
2843,Gabe Martin,OLB,LB,
2844,Brandon Person,SS,DB,
2845,Tevin Westbrook,TE,TE,
2846,Marquez Clark,WR,WR,
2847,Michael Lee,CB,DB,
2848,Kyle Prater,WR,WR,
2849,Tavaris Barnes,DE,DL,
285,Brian Robison,DE,DL,
2850,Bobby Richardson,DT,DL,
2851,Kaleb Eulls,DT,DL,
2852,Markus Pierce-Brewster,DE,DL,
2853,Delvin Breaux,CB,DB,
2854,Kenneth Horsley,DT,DL,
2855,Steve Miller,DE,DL,
2856,Brian Blechen,OLB,LB,
2857,Andrew Hudson,ILB,LB,
2858,B.J. Larsen,DE,DL,
2859,Justin Hamilton,DT,DL,
286,Dwayne Bowe,WR,WR,
2860,Bryce Callahan,CB,DB,
2861,Jacoby Glenn,CB,DB,
2862,Tony Johnson,K,K,
2863,Justin Currie,SS,DB|LB,
2864,Mike Reilly,OLB,LB,
2865,Julian Howsare,RB,RB,
2866,Deion Barnes,OLB,LB,
2867,Mike McFarland,TE,TE,
2868,Cameron McLeod,DE,DL,
2869,C.J. Goodwin,CB,DB,
287,Brad Smith,WR,WR,
2870,Ray Hamilton,TE,TE,
2871,Isaac Fruechte,WR,WR,
2872,Quayshawne Buckley,DT,DL,
2873,Derrick Wells,S,DB,
2874,Leon Mackey,DE,DL,
2875,Tony Creecy,RB,RB,
2876,Ed Williams,WR,WR,
2877,Kyle Sebetic,CB,DB,
2878,Jean Fanor,FS,DB,
2879,Isiah Ferguson,WR,WR,
288,Jon Dorenbos,LS,LS,
2880,Zach Laskey,RB,RB,
2881,Tyler Slavin,WR,WR,
2882,Jimmy Hall,OLB,LB,
2883,Chase Williams,ILB,LB,CLE
2884,Josh Shirley,LB,LB,
2885,Robertson Daniel,CB,DB,
2886,Justin Sinz,TE,TE,
2887,Quan Bray,WR,WR,
2888,Raymon Taylor,CB,DB,
2889,Jordan DeWalt-Ondijo,OLB,LB,
289,Drew Brees,QB,QB,
2890,George Farmer,WR,WR,
2891,Deontay Greenberry,DE,DL,
2892,Rodney Smith,RB,RB,
2893,Triston Wade,S,DB,
2894,Josh Watson,LB,LB,
2895,Quayshawn Nealy,OLB,LB,
2896,Keenan Lambert,S,DB,
2897,Cameron Stingily,G,OL,
2898,Cameron Clear,TE,TE,
2899,Jalil Carter,CB,DB,
29,Letroy Guion,NT,DL,
290,Eric Weddle,FS,DB,LAR
2900,Terrence Franks,RB,RB,
2901,Malcome Kennedy,,,
2902,Hutson Mason,,,
2903,Shane Carden,QB,QB,
2904,Issac Blakeney,WR,WR,
2905,Josh Reese,WR,WR,
2906,Bell Braylon,WR,WR,
2907,Ben Edwards,WR,WR,
2908,Austin Willis,WR,WR,
2909,Beau Gardner,TE,TE,
291,Felix Jones,RB,RB,
2910,Tyler Rutenbeck,WR,WR,
2911,Justin Manton,K,K,
2912,Joshua Stangby,WR,WR,
2913,Gavin Lutman,WR,WR,
2914,Luke Lundy,RB,RB,
2915,Taylor Pontius,K,K,
2916,Ify Umodu,WR,WR,
2917,Brian Vogler,TE,TE,
2918,Demetrius Wilson,WR,WR,
2919,Tyler McDonald,WR,WR,
292,Stephen Bowen,DE,DL,
2920,Jeret Smith,WR,WR,
2921,Taylor Sloat,TE,TE,
2922,Devin Mahina,TE,TE,
2923,Connor Neighbors,RB,RB,
2924,Duplicate Player,TE,TE,
2925,Darius Davis,WR,WR,
2926,Earnest Pettway,TE,TE,
2927,Keshawn Hill,RB,RB,
2928,John Peters,TE,TE,
2929,Adrian Coxson,WR,WR,
293,Maurice Jones-Drew,RB,RB,
2930,Justin Tukes,TE,TE,
2931,Deshon Foxx,WR,WR,
2932,Eric Frohnapfel,TE,TE,
2933,Corey Knox,RB,RB,
2934,Jonathon Rumph,WR,WR,
2935,Ricky Collins,WR,WR,
2936,Rasheed Williams,RB,RB,
2937,Damond Powell,WR,WR,
2938,Cam Worthy,WR,WR,
2939,Javess Blue,WR,WR,
294,Peyton Manning,QB,QB,
2940,Des Lawrence,WR,WR,
2941,Milton Williams,WR,WR,
2942,Joe Don Duncan,RB,RB,
2943,Mark Weisman,RB,RB,
2944,Matt LaCosse,TE,TE,NE
2945,Lee Ward,RB,RB,
2946,Diandre Campbell,WR,WR,
2947,Clay Burton,TE,TE,
2948,Brandon Cottom,RB,RB,
2949,Synjyn Days,RB,RB,
295,Tarell Brown,CB,DB,
2950,Jack Tabb,TE,TE,
2951,Tom Hornsey,P,P,
2952,Ray Vinopal,SS,DB,
2953,Brett Boyko,OT,OL,
2954,BJ McBryde,DT,DL,
2955,CJ Conway,CB,DB,
2956,Brett Jones,C,OL,
2957,Ernst Brun,TE,TE,
2958,Takoby Cofield,G,OL,
2959,Sage Harold,OLB,LB,
296,Terrell Suggs,LB,DL|LB,
2960,DreQuan Hoskey,CB,DB,
2961,David Andrews,C,OL,
2962,Zach D'Orazio,WR,WR,
2963,Matt Darr,P,P,
2964,Michael Liedtke,G,OL,
2965,Darryl Baldwin,OT,OL,
2966,Nick Easton,G,OL,
2967,Kaleb Johnson,G,OL,
2968,Julian Wilson,CB,DB,
2969,Michael Bennett,WR,WR,
297,Eddie Royal,WR,WR,
2970,Floyd Raven,SS,DB,
2971,Anthony Ezeakunne,TE,TE,
2972,Darrian Miller,T,OL,
2973,Joe Rankin,CB,DB,
2974,De'Ante Saunders,S,DB,
2975,Jordan Berry,P,P,
2976,Reese Dismukes,C,OL,
2977,Collin Rahrig,G,OL,
2978,Mike Thornton,DT,DL,
2979,Jarrod West,WR,WR,
298,Lawrence Timmons,LB,LB,
2980,Eli Rogers,WR,WR,
2981,Ross Scheuerman,RB,RB,
2982,Quinton Spain,G,OG|OL,
2983,Curtis Riley,DB,DB,
2984,Will Johnson,P,P,
2985,Kendall Lamm,OT,OL|OT,
2986,Greg Mancz,OL,OG|OL,
2987,Dan Pettinato,DE,DL,
2988,Tevin Mitchel,CB,DB,
2989,Kitt O'Brien,G,OL,
299,Logan Mankins,G,OL,
2990,Kasey Redfern,P,P,
2991,Dillon Day,C,OL,
2992,Daniel Munyer,C,OL,
2993,Rakeem Nunez-Roches,DT,DL,TB
2994,Steven Clark,P,P,
2995,Michael Huey,G,OL,
2996,Logan Stokes,TE,TE,
2997,Qumain Black,CB,DB,
2998,Cameron Jefferson,G,OL,
2999,Rick Lovato,LS,LS,
3,David Harris,LB,LB,
30,D'Brickashaw Ferguson,T,OL,
300,Willis McGahee,RB,RB,
3000,Olsen Pierre,DT,DL,
3001,Kyle Woestmann,OLB,LB,
3002,Al Bond,OT,OL,
3003,Kevin Snyder,ILB,LB,
3004,Josh Francis,OLB,LB,
3005,Lavon Hooks,DT,DL,
3006,Valerian Ume-Ezeoke,C,OL,
3007,Avius Capers,WR,WR,
3008,Matt Wile,P,K|P,
3009,Sean Hickey,OT,OL,
301,Marshal Yanda,G,OL,
3010,Cole Manhart,G,OL,
3011,Antoine Everett,OT,OL,
3012,Karl Schmitz,P,P,
3013,Isaiah Battle,T,OL,
3014,Darrell Williams,T,LB|OL,
3015,Zack Wagenmann,OLB,LB,
3016,Jermaine Whitehead,FS,DB,
3017,Jesse Davis,OL,OG|OL,
3018,Tyrequek Zimmerman,FS,DB,
3019,James Butler,WR,WR,
302,Michael Koenen,P,P,
3020,Dan Light,TE,TE,
3021,Devin Gardner,WR,WR,
3022,De'Vante Bausby,CB,DB,
3023,Damian Parms,SS,DB,
3024,Chris Highland,LS,LS,
3025,LT Smith,WR,WR,
3026,Mike Hartline,QB,QB,
3027,Boobie Dixon,RB,RB,
3028,Chuck Pagano,,,
3029,S Green,OLB,LB,
303,John Sullivan,C,OL,
3030,Kai De La Cruz,WR,WR,
3031,Arthur Williams,WR,WR,
3032,Lavance Taylor,RB,RB,
3033,Adam Drake,WR,WR,
3034,Blaine Clausell,OT,OL,
3035,De'Ondre Wesley,T,OL,
3036,Matt Lengel,TE,TE,
3037,Josue Matias,G,OL,
3038,Chris Reed,G,OG|OL,
3039,Kyle Roberts,OT,OL,
304,Jake Long,T,OL,
3040,David Irving,DE,DL,
3041,Ross Travis,TE,TE,
3042,Mitchell Bell,G,OL,
3043,Will Tye,TE,TE,
3044,Malcolm Bunche,G,OL,
3045,Gannon Sinclair,TE,TE,
3046,Matt Rotheram,G,OL,
3047,Cyril Lemon,G,OL,
3048,Chris Manhertz,TE,TE,NYG
3049,Terry Poole,OT,OL,
305,Justin Smith,DT,DL,
3050,Myles White,WR,WR,NYJ
3051,Rob Crisp,OT,OL,
3052,Kendrick Ings,WR,WR,
3053,Shane McDermott,G,OL,
3054,Tyreek Burwell,T,OL,
3055,Robert Myers,G,OL,
3056,Ryan Pace,,,
3057,B.J. Finney,OL,OL,
3058,Joe Philbin,,,
3059,Dan Campbell,,,
306,DeAngelo Williams,RB,RB,
3060,Kevin Coyle,,,
3061,Lou Anarumo,,,
3062,Sean Payton,,,
3063,Jordan Leslie,WR,WR,
3064,Derrick Lott,DT,DL,
3065,Ken Whisenhunt,,,
3066,Rob Chudzinski,,,
3068,Jim Caldwell,,,
3069,J.R. Tavai,LB,LB,
307,Shane Lechler,P,P,
3070,Rob Ryan,,,
3071,Hue Jackson,,,
3072,Derrick Mathews,OLB,LB,
3073,Chip Kelly,,,
3074,Cornelius Edison,C,OL,
3075,Stan Kroenke,,,
3076,Mike Pettine,,,
3077,Rob Boras,,,
3078,Jamel Johnson,WR,WR,
3079,Mike McCarthy,,,
308,JohnnieLee Higgins,WR,WR,
3080,Jeff Fisher,,,
3081,Doug Whaley,,,
3082,Gus Bradley,,,
3083,Howie Roseman,,,
3084,Rex Ryan,,,
3085,Ryan Grigson,,,
3086,Tom Coughlin,,,
3087,Mike McCoy,,,
3088,Doug Pederson,,,
3089,Jim Tomsula,,,
309,Tracy Porter,CB,DB,
3090,Mike Tannenbaum,,,
3091,Doug Marrone,,,
3092,Sashi Brown,,,
3093,Teryl Austin,,,
3094,Adam Gase,,,
3095,Mike Mularkey,,,
3096,Mike Shula,,,
3097,Josh McDaniels,,,
3098,Jerry Reese,,,
3099,Dirk Koetter,,,
31,Elvis Dumervil,DE,DL,
310,Heath Miller,TE,TE,
3100,Ronnie Shields,TE,TE,
3101,Matt Patricia,,,
3102,BJ Lowery,CB,DB,
3103,Sean McDermott,,,
3104,Paul Depodesta,,,
3105,Paul Guenther,,,
3106,Jerrod Johnson,QB,QB,
3107,Ben McAdoo,,,
3108,Travell Dixon,CB,DB,
3109,Ted Monachino,,,
311,Brandon Fields,P,P,
3110,John Harbaugh,,,
3111,Thomas Dimitroff,,,
3112,Bob Quinn,,,
3113,Marvin Lewis,,,
3114,Dean Spanos,,,
3115,Dowell Loggains,,,
3116,Vance Joseph,,,
3117,Mark Davis,,,
3118,Dexter McCoil,SS,DB,
3119,Steve Spagnuolo,,,
312,Matthew Slater,WR,WR,
3120,Trent Baalke,,,
3121,Jon Robinson,,,
3122,Ken Zampese,,,
3123,Mike Smith,,,
3124,Ray Horton,,,
3125,Eric Mangini,,,
3126,Terry Robiskie,,,
3127,Brad Childress,,,
3128,Jim Schwartz,,,
3129,Pat Shurmur,,,
313,Parys Haralson,OLB,LB,
3130,John Defilippo,,,
3131,Frank Reich,,,
3132,Dick Lebeau,,,
3133,Kathryn Smith,,,
3134,Matt Nagy,,,
3135,Todd Wash,,,
3136,Anthony Lynn,,,
3137,Curtis Modkins,,,
3138,Steve Underwood,,,
3139,Ted Thompson,,,
314,Haloti Ngata,DT,DL,
3140,Todd Monken,,,
3141,Ruston Webster,,,
3142,Jim O'Neil,,,
3143,Todd Haley,,,
3144,Erik Harris,DB,DB|LB,
3145,Ron Rivera,,,
3146,Swayze Waters,K,K,
3147,Matt Dooley,LS,LS,
3148,Anthony Dable,WR,WR,
3149,Aaron Grymes,CB,DB,
315,Dustin Keller,TE,TE,
3150,Xavier Rush,WR,WR,
3151,Cleyon Laing,DT,DL,
3152,Andy Reid,,,
3153,Amy Adams-Strunk,,,
3154,Freddie Bishop,OLB,LB,
3155,Laquon Treadwell,WR,WR,IND
3156,Joey Bosa,LB,DL|LB,
3157,William Fuller,WR,WR,
3158,Shawn Oakman,,,
3159,Laremy Tunsil,OL,OL|OT,WAS
316,Malcom Floyd,WR,WR,
3160,Jalen Ramsey,CB,DB,PIT
3161,Carson Wentz,QB,QB,MIN
3162,Ronnie Stanley,T,OL|OT,BAL
3163,Jared Goff,QB,QB,DET
3164,Ezekiel Elliott,RB,RB,
3165,Les Snead,,,
3166,Myles Jack,LB,LB,
3167,Jaylon Smith,LB,LB,
3168,Christian Hackenberg,QB,QB,
3169,Tom Telesco,,,
317,Caleb Hanie,QB,QB,
3170,Paxton Lynch,QB,QB,
3171,Connor Cook,QB,QB,
3172,DeForest Buckner,DT,DL,IND
3173,Roger Goodell,,,
3174,Leonard Floyd,LB,DL|LB,
3175,Jack Conklin,OT,OL|OT,
3176,Reggie Ragland,LB,LB,
3177,Corey Coleman,WR,WR,
3178,Josh Doctson,WR,WR,
3179,Joshua Garnett,G,OL,
318,Chris Long,DE,DL,
3180,Robert Nkemdiche,DT,DL,
3181,Keanu Neal,LB,DB|LB,
3182,Shaq Lawson,DE,DL|LB,
3183,Vernon Butler,DT,DL,
3184,William Jackson,CB,DB,
3185,Taylor Decker,T,OL|OT,
3186,Kenny Clark,DE,DL,DAL
3187,Ryan Kelly,C,OL,
3188,Sheldon Rankins,DT,DL,HOU
3189,Eli Apple,CB,DB,
319,John Greco,G,OL,
3190,Darron Lee,LB,LB,
3191,Karl Joseph,DB,DB,
3192,Artie Burns,DB,DB,
3193,Germain Ifedi,OL,OL,
3194,Vernon Hargreaves,DB,DB,
3195,Noah Spence,DE,DL|LB,
3196,Kevin Dodd,OLB,LB,
3197,Emmanuel Ogbah,DE,DL|LB,KC
3198,Derrick Henry,RB,RB,BAL
3199,Michael Thomas,WR,WR,
32,Jacob Tamme,TE,TE,
320,Darnell Dockett,DT,DL,
3200,Sterling Shepard,WR,WR,NYJ
3201,Roberto Aguayo,K,K,
3202,Austin Hooper,TE,TE,ATL
3203,Braxton Miller,WR,WR,
3204,C.J. Prosise,RB,RB,
3205,Cody Kessler,QB,QB,
3206,Joe Schobert,LB,LB,
3207,Andrew Billings,DT,DL,ARI
3208,Kenneth Dixon,RB,RB,
3209,Devontae Booker,RB,RB,
321,Jerome Simpson,WR,WR,
3210,Cardale Jones,QB,QB,
3211,Paul Perkins,RB,RB,
3212,Kalan Reed,CB,DB,
3213,Trevone Boykin,QB,QB,
3214,Hunter Henry,TE,TE,NE
3215,Xavien Howard,DB,DB,
3216,Kamalei Correa,LB,LB,
3217,Jihad Ward,DE,DL|LB,NYG
3218,A'Shawn Robinson,DT,DL,TB
3219,Jason Spriggs,OL,OL|OT,
322,Antonio Gates,TE,TE,
3220,Jarran Reed,DT,DL,SEA
3221,Nick Martin,C,OL,
3222,Deion Jones,LB,LB,
3223,Su'a Cravens,SS,DB|LB,
3224,Mackensie Alexander,CB,DB,
3225,Tyler Boyd,WR,WR,
3226,Cody Whitehair,OL,OL,
3227,T.J. Green,DB,DB,HOU
3228,Sean Davis,DB,DB,NE
3229,Cyrus Jones,CB,DB,
323,Jamaal Charles,RB,RB,
3230,Vonn Bell,DB,DB,
3231,James Bradberry,CB,DB,
3232,Adam Gotsis,DE,DL,
3233,Kevin Byard,DB,DB,NE
3234,Carl Nassib,DE,DL|LB,
3235,Max Tuerk,G,OL,
3236,Maliek Collins,DT,DL,CLE
3237,Will Redmond,DB,DB,
3238,Yannick Ngakoue,DE,DL,
3239,Bronson Kaufusi,TE,TE,GB
324,Eric Winston,G,OL,
3240,Darian Thompson,DB,DB,DAL
3241,Jonathan Bullard,DE,DL,DAL
3242,Kenyan Drake,RB,RB,
3243,KeiVarae Russell,DB,DB,
3244,Shilique Calhoun,LB,LB,
3245,Shon Coleman,OT,OL|OT,
3246,Daryl Worley,CB,DB,
3247,Joe Thuney,OL,OG|OL,CHI
3248,Isaac Seumalo,G,OL,ARI
3249,Adolphus Washington,DT,DL,
325,Korey Toomer,LB,LB,
3250,Le'Raven Clark,T,OL|OT,
3251,Jordan Jenkins,DE,DL|LB,
3252,Kendall Fuller,CB,DB,
3253,Leonte Carroo,WR,WR,
3254,Nick Vigil,LB,LB,
3255,Kyler Fackrell,LB,DL|LB,
3256,Javon Hargrave,DT,DL,GB
3257,Jacoby Brissett,QB,QB,ARI
3258,Nick Vannett,TE,TE,BAL
3259,Graham Glasgow,G,OL,
326,Darren McFadden,RB,RB,
3260,Vincent Valentine,NT,DL,
3261,Rees Odhiambo,OT,OL,
3262,Justin Simmons,DB,DB,
3263,Charles Tapper,DE,DL,
3264,Joshua Perry,ILB,LB,
3265,Sheldon Day,DT,DL,
3266,Tavon Young,CB,DB,
3267,Parker Ehinger,G,OG|OL,
3268,Eric Murray,DB,DB,JAX
3269,Chris Moore,WR,WR,BAL
327,Joe Thomas,T,OL,
3270,B.J. Goodson,LB,LB,
3271,Tyler Higbee,TE,TE,LAR
3272,Miles Killebrew,DB,DB|LB,TB
3273,Malcolm Mitchell,WR,WR,
3274,Nick Kwiatkoski,LB,LB,
3275,Ricardo Louis,WR,WR,
3276,De'Vondre Campbell,LB,LB,
3277,Hassan Ridgeway,DT,DL,
3278,Pharoh Cooper,WR,WR,
3279,Juston Burris,DB,DB,
328,Kellen Davis,TE,TE,
3280,Tyler Ervin,RB,RB,
3281,David Onyemata,DT,DL,NYJ
3282,Willie Beavers,OL,OG|OL,
3283,Jerald Hawkins,OT,OL|OT,
3284,Deon Bush,DB,DB,
3285,Antonio Morrison,ILB,LB,
3286,Demarcus Robinson,WR,WR,SF
3287,Deiondre' Hall,SS,DB,
3288,Evan Boehm,C,OL,
3289,Derrick Kindred,FS,DB,
329,Derrick Johnson,LB,LB,
3290,Alex Lewis,OL,OL,
3291,Blake Martinez,LB,LB,
3292,Willie Henry,DT,DL,
3293,Rashard Robinson,CB,DB,
3294,Dak Prescott,QB,QB,DAL
3295,Dean Lowry,DE,DL,NYG
3296,Seth DeValve,TE,TE,
3297,Tajae Sharpe,WR,WR,
3298,Zack Sanchez,CB,DB,
3299,Ronald Blair,DE,DL,NYJ
33,Kenny Phillips,SS,DB,
330,Dustin Colquitt,P,P,
3300,DeAndre Washington,RB,RB,
3301,Connor McGovern,OL,OL,
3302,John Theus,OT,OL,
3303,Matthew Judon,LB,DL|LB,SF
3304,Quinton Jefferson,DT,DL,
3305,Caleb Benenoch,OL,OG|OL,
3306,Jordan Howard,RB,RB,
3307,Joe Dahl,G,OL,
3308,Matt Ioannidis,DT,DL,
3309,Wendell Smallwood,RB,RB,WAS
331,Philip Rivers,QB,QB,
3310,Jordan Payton,WR,WR,
3311,Joe Haeg,T,OL,
3312,Jonathan Williams,RB,RB,
3313,LeShaun Sims,CB,DB,
3314,Brandon Shell,T,OL|OT,
3315,K.J. Dillon,FS,DB,
3316,Kentrell Brothers,ILB,LB,
3317,Christian Westerman,G,OL,
3318,Kevin Hogan,QB,QB,
3319,Trevor Davis,WR,WR,
332,Jairus Byrd,FS,DB,
3320,Halapoulivaati Vaitai,G,OL|OT,
3321,Tyreek Hill,WR,WR,
3322,DJ Reader,DT,DL,NYG
3323,Marqui Christian,DB,DB,
3324,Spencer Drango,G,OL,
3325,Antwione Williams,OLB,LB,
3326,Cole Toner,OL,OL,
3327,Alex Collins,RB,RB,
3328,Rashard Higgins,WR,WR,
3329,Trey Caldwell,CB,DB,
333,Ryan Fitzpatrick,QB,QB,
3330,Fahn Cooper,OT,OL,
3331,Jatavis Brown,LB,LB,
3332,Andy Janovich,FB,RB,
3333,Temarrick Hemingway,TE,TE,WAS
3334,D.J. White,CB,DB,
3335,Drew Kaser,P,P,
3336,Moritz Bohringer,TE,TE,
3337,Tyrone Holmes,DE,DL|LB,
3338,Keenan Reynolds,WR,WR,
3339,Devante Bond,LB,LB,
334,Andy Levitre,G,OL,
3340,Jerell Adams,TE,TE,
3341,DeAndre Houston-Carson,DB,DB,
3342,Jakeem Grant,WR,WR,
3343,Nate Sudfeld,QB,QB,
3344,David Morgan,TE,TE,
3345,Anthony Brown,CB,DB,
3346,Josh Forrest,DE,DL|LB,
3347,Jake Rudock,QB,QB,
3348,Kolby Listenbee,WR,WR,
3349,Sebastian Tretola,G,OL,
335,Eric Wood,C,OL,
3350,Cory James,OLB,LB,
3351,Wes Schweitzer,G,OG|OL,
3352,Blake Countess,DB,DB,
3353,Dan Vitale,FB,RB,
3354,Derek Watt,FB,RB,
3355,Cody Core,WR,WR,
3356,Kyle Murphy,OT,OL|OT,NO
3357,Brandon Allen,QB,QB,
3358,Anthony Zettel,DE,DL,
3359,Dadi Nicolas,OLB,LB,
336,Joe Berger,G,OL,
3360,Jordan Lucas,DB,DB,
3361,Harlan Miller,CB,DB,
3362,Jeff Driskel,QB,QB,
3363,Kamu Grugier-Hill,LB,LB,
3364,Maurice Canady,CB,DB,
3365,Jimmy Landes,LS,LS,
3366,Kelvin Taylor,RB,RB,
3367,Kavon Frazier,DB,DB,LV
3368,Aaron Burbridge,WR,WR,
3369,Elandon Roberts,LB,LB,
337,Chris Clemons,FS,DB|LB,
3370,Joey Hunt,C,OL,
3371,Darius Jackson,RB,RB,
3372,Rico Gathers,TE,TE,
3373,Will Parks,DB,DB|LB,
3374,Kevon Seymour,CB,DB,
3375,Travis Feeney,OLB,LB,
3376,Ted Karras,OL,OL,CIN
3377,Aaron Wallace,OLB,LB,
3378,Brandon Doughty,QB,QB,
3379,Donavon Clark,G,OL,
338,Andrew Gardner,G,OL,
3380,Devin Lucien,WR,WR,
3381,Jonathan Woodard,DE,DL,
3382,Stephen Weatherly,LB,DL,
3383,Riley Dixon,P,P,TB
3384,Demarcus Ayers,WR,WR,
3385,Daniel Braverman,WR,WR,
3386,Thomas Duarte,TE,TE,
3387,Steven Daniels,OLB,LB,
3388,Jalen Mills,CB,DB,DET
3389,Vadal Alexander,OT,OL,
339,Brian Hartline,WR,WR,
3390,Lachlan Edwards,P,P,
3391,Dwayne Washington,RB,RB,
3392,Daniel Lasco,RB,RB,
3393,Devin Fuller,WR,WR,
3394,Trevor Bates,ILB,LB,
3395,Alex McCalister,DE,DL,
3396,Charone Peake,WR,WR,
3397,Keith Marshall,RB,RB,
3398,Kenny Lawler,WR,WR,
3399,Jayron Kearse,DB,DB,
34,Pierre Thomas,RB,RB,
340,Lex Hilliard,RB,RB,
3400,Clayton Fejedelem,DB,DB,
3401,Tyler Matakevich,LB,LB,
3402,Zac Brooks,RB,RB,
3403,Austin Blythe,OL,OL,
3404,Prince Charles Charles Iworah,CB,DB,
3405,Scooby Wright,ILB,LB,
3406,Joe Walker,LB,LB,
3407,Beau Sandland,TE,TE,
3408,Oni Omoile,G,OL,
3409,Beniquez Brown,OLB,LB,
341,Tony McDaniel,DT,DL,
3410,Jake Coker,QB,QB,
3411,Jordan Lomax,FS,DB,
3412,Devon Johnson,RB,RB,
3413,Delvon Simmons,DT,DL,
3414,Anthony Sarao,ILB,LB,
3415,Jonathan Jones,DB,DB,PHI
3416,Cre'Von LeBlanc,DB,DB,
3417,Terrance Smith,LB,LB,
3418,Mekale McKay,WR,WR,
3419,Curt Maggitt,OLB,LB,
342,Cameron Wake,DE,DL|LB,
3420,Alonzo Russell,WR,WR,
3421,Sterling Bailey,DE,DL,
3422,Kyle Friend,C,OL,
3423,Robbie Chosen,WR,WR,
3424,De'Vante Harris,CB,DB,
3425,D.J. Pettway,DE,DL,
3426,Ken Crawley,CB,DB,
3427,Trae Elston,SS,DB,
3428,Mehdi Abdesmad,DE,DL,
3429,Darien Harris,OLB,LB,
343,Patrick Chung,SS,DB,
3430,David Dean,DT,DL,
3431,Michael Caputo,OLB,LB,
3432,Joseph Cheek,G,OL,
3433,Alex Erickson,WR,WR,
3434,Ian Wells,CB,DB,
3435,Chase Farris,G,OL,
3436,Jeremy Cash,OLB,LB,
3437,Lloyd Carrington,CB,DB,
3438,Trevor Williams,CB,DB,
3439,Jake Brendel,OL,OL,SF
344,Julian Edelman,WR,WR,
3440,Josh Woodrum,QB,QB,
3441,Matt Skura,C,OL,
3442,Lamarcus Brutus,SS,DB,
3443,Chris Swain,FB,RB,
3444,James Burgess,LB,LB,
3445,Marcus Johnson,WR,WR,
3446,Joel Heath,DE,DL,
3447,Cayleb Jones,WR,WR,
3448,Giorgio Newberry,DE,DL,
3449,Will Monday,P,P,
345,Brian Hoyer,QB,QB,
3450,Devaunte Sigler,DT,DL,
3451,Ka'imi Fairbairn,K,K,HOU
3452,Tyler Johnstone,OT,OL,
3453,Josh Ferguson,RB,RB,
3454,Danny Anthrop,WR,WR,
3455,Gerald Dixon,DT,DL,
3456,Joel Stave,QB,QB,
3457,Rashawn Scott,WR,WR,
3458,Avery Young,G,OL,
3459,Taylor Fallin,G,OL,
346,Brandon Tate,WR,WR,
3460,Ross Martin,K,K,
3461,Russell Hansbrough,RB,RB,
3462,Jared Dangerfield,WR,WR,
3463,Jhurell Pressley,RB,RB,
3464,Marquez North,WR,WR,
3465,Ben Braunecker,TE,TE,
3466,Andrew Williamson,SS,DB,
3467,Taylor Bertolet,K,K,
3468,Robert Kugler,C,OL,
3469,Cassanova McKinzy,OLB,LB,
347,Sebastian Vollmer,T,OL,
3470,Paul McRoberts,WR,WR,
3471,Aaron Green,RB,RB,
3472,David Grinnage,TE,TE,
3473,Justin Zimmer,DT,DL,
3474,Briean Boddy-Calhoun,CB,DB,TEN
3475,Keyarris Garrett,WR,WR,
3476,Johnny Holton,WR,WR,
3477,Jack Allen,C,OL,
3478,DeAndre Elliott,CB,DB,
3479,Antwaun Woods,DT,DL,
348,Shonn Greene,RB,RB,
3480,V'Angelo Bentley,CB,DB,
3481,Kyle Carter,TE,TE,
3482,Elijah Shumate,SS,DB,
3483,Mike Rose,DE,DL,
3484,Nelson Spruce,WR,WR,
3485,Henry Krieger-Coble,TE,TE,
3486,Chris Brown,WR,WR,
3487,Michael Jordan,CB,DB,
3488,D.J. Foster,RB,RB,
3489,Keith Lumpkin,OT,OL,
349,Ropati Pitoitua,DE,DL,
3490,Marshall Koehn,K,K,
3491,Byron Marshall,RB,RB,
3492,Jalin Marshall,WR,WR,
3493,Darius Latham,NT,DL,
3494,Jason Fanaika,OLB,LB,
3495,Mike Bercovici,QB,QB,
3496,Stephen Anderson,TE,TE,
3497,Darion Griswold,TE,TE,
3498,Greg Milhouse,DT,DL,
3499,Dillon Lee,OLB,LB,
35,Desmond Bishop,ILB,LB,
350,Mark Sanchez,QB,QB,
3500,Devon Cajuste,WR,WR,
3501,Eric Striker,OLB,LB,
3502,Romeo Okwara,LB,DL|LB,
3503,Geronimo Allison,WR,WR,
3504,Steven Scheu,TE,TE,
3505,Dom Williams,WR,WR,
3506,Ryan Malleck,TE,TE,
3507,Landon Turner,G,OL,
3508,Marcus Henry,OL,OL,
3509,Glenn Gronkowski,FB,RB,
351,Matt Slauson,G,OL,
3510,Ron Thompson,DE,DL,
3511,Aziz Shittu,DT,DL,
3512,Victor Ochi,OLB,LB,
3513,Jared Norris,LB,LB,
3514,Jake McGee,TE,TE,
3515,K.J. Maye,WR,WR,
3516,Mitch Mathews,WR,WR,
3517,Hunter Sharp,WR,WR,
3518,Connor Wujciak,DT,DL,
3519,Roger Lewis,WR,WR,
352,Chase Coffman,TE,TE,
3520,Jay Lee,WR,WR,
3521,Alex Balducci,G,OL,
3522,Clay DeBord,OT,OL,
3523,Anthony Fabiano,C,OL,
3524,Marquise Williams,QB,QB,
3525,Stephane Nembot,OT,OL,
3526,Roy Robertson-Harris,DE,DL,NYG
3527,Kevin Peterson,CB,DB,ARI
3528,Taveze Calhoun,CB,DB,
3529,Nile Lawrence-Stample,NT,DL,
353,Kevin Huber,P,P,
3530,Dominique Alexander,OLB,LB,
3531,Marshaun Coprich,RB,RB,
3532,Kenneth Farrow,RB,RB,
3533,Terrell Chestnut,CB,DB,
3534,Adrian McDonald,SS,DB,
3535,Shaq Petteway,ILB,LB,
3536,Tyler Marcordes,OLB,LB,
3537,Chris Landrum,OLB,LB,
3538,Larry Scott,CB,DB,
3539,Carlos Wray,DE,DL,
354,Michael Johnson,DE,DL,
3540,Jamaal Jones,WR,WR,
3541,Mike McQueen,G,OL,
3542,DeAndre Reaves,WR,WR,
3543,Spencer Pulley,C,OL,MIA
3544,Mike Matthews,C,OL,
3545,Rashod Hill,T,OL|OT,
3546,Mike Hilton,CB,DB,
3547,Braedon Bowman,TE,TE,
3548,Jamal Robinson,WR,WR,
3549,Pearce Slater,G,OL,
355,Brian Leonard,RB,RB,
3550,Jarrod Wilson,DB,DB,
3551,Max Wittek,QB,QB,
3552,Wendall Williams,WR,WR,
3553,Johnny Maxey,DT,DL,
3554,David Reeves,TE,TE,
3555,Canaan Severin,WR,WR,
3556,Christian Powell,RB,RB,
3557,Brandon Williams,CB,DB,NYG
3558,Chris Jones,DT,DL,KC
3559,Ryan Smith,CB,DB,
356,Rey Maualuga,LB,LB,
3560,Austin Johnson,DT,DL,BUF
3561,Bryce Williams,TE,TE,
3562,Tyvis Powell,SS,DB,
3563,Steve Longa,OLB,LB,
3564,Tre Madden,RB,RB,
3565,Keith Baxter,CB,DB,
3566,Jake Ganus,OLB,LB,
3567,Theiren Cockran,DT,DL,
3568,Marken Michel,WR,WR,
3569,Denzell Perine,DE,DL,
357,Tom Nelson,FS,DB,
3570,Brandon Ross,RB,RB,
3571,Eric Rawls,CB,DB,
3572,Andrew Bonnet,FB,RB,
3573,Brandon Wilds,RB,RB,
3574,John Lunsford,K,K,
3575,Bryson Albright,OLB,LB,
3576,Reid Ferguson,LS,LS,BUF
3577,Jamison Lalk,G,OL,
3578,Claudell Louis,DE,DL,
3579,Marshall Morgan,K,K,
358,Andre Smith,T,OL|OT,
3580,Julian Whigham,CB,DB,
3581,Marquis Lucas,OT,OL,
3582,Chester Rogers,WR,WR,
3583,Tevaun Smith,WR,WR,
3584,Marcus Leak,WR,WR,
3585,Isiah Cage,G,OL,
3586,Daniel Davie,CB,DB,
3587,Stefan McClure,SS,DB,
3588,Michael Miller,TE,TE,
3589,Chris Milton,DB,DB,MIA
359,Alex Mack,C,OL,
3590,Adam Redmond,C,OL,BAL
3591,Darius White,CB,DB,
3592,Isaiah Johnson,FS,DB,
3593,Anthony Kelly,WR,WR,
3594,Peyton Barber,RB,RB,
3595,Alan Cross,FB,RB,
3596,Kivon Cartwright,TE,TE,
3597,DaVonte Lambert,DT,DL,
3598,Luke Rhodes,LS,LB|LS,IND
3599,Dez Stewart,WR,WR,
36,Matt Hasselbeck,QB,QB,
360,Ramon Foster,G,OL,
3600,Channing Ward,DT,DL,
3601,Leonard Wester,G,OL,
3602,Daniel Dillon,LS,LS,
3603,Kameron Canaday,LS,LS,
3604,Elie Bouka,CB,DB,
3605,Matthias Farley,DB,DB,
3606,Amir Carlisle,WR,WR,
3607,Trevon Hartfield,CB,DB,
3608,Lamar Louis,OLB,LB,
3609,Chris King,WR,WR,
361,Ziggy Hood,DE,DL,
3610,Givens Price,G,OL,
3611,Garrett Swanson,P,P,
3612,Hakeem Valles,TE,TE,
3613,Ronald Zamort,CB,DB,
3614,Tommylee Lewis,WR,WR,
3615,Sione Houma,RB,RB,
3616,Mitchell Loewen,DE,DL,
3617,Dominique Tovell,OLB,LB,
3618,Jeff Schoettmer,ILB,LB,
3619,Ryker Mathews,OT,OL,
362,David Johnson,TE,RB|TE,
3620,Bralon Addison,WR,WR,
3621,Jordan Williams-Lambert,WR,WR,
3622,Mose Frazier,WR,WR,
3623,Vontarrius Dora,OLB,LB,
3624,Antonio Glover,SS,DB,
3625,Calvin Heurtelou,NT,DL,
3626,Lars Hanson,OT,OL,
3627,Shaneil Jenkins,DE,DL,
3628,David Moala,DT,DL,
3629,Justin Murray,OL,OL|OT,
363,Doug Legursky,C,OL,
3630,Durron Neal,WR,WR,
3631,Aaron Neary,C,OL,
3632,Dwayne Norman,OLB,LB,
3633,Kyle Peko,DT,DL,
3634,Kalif Raymond,WR,WR,CHI
3635,Frank Shannon,ILB,LB,
3636,Sadat Sulleyman,DE,DL,
3637,Eddie Yarbrough,DE,DL,MIN
3638,John Tidwell,CB,DB,
3639,Duplicate Player,WR,WR,
364,Ryan Mundy,SS,DB,
3640,Soma Vainuku,RB,RB,
3641,Cleveland Wallace,CB,DB,
3642,Ufomba Kamalu,OLB,LB,
3643,Doug Middleton,DB,DB,SF
3644,Lawrence Thomas,RB,DL|RB,
3645,Tyler Marz,G,OL,
3646,Quayvon Hicks,RB,RB,
3647,Terrell Lathan,DT,DL,
3648,Matt Weiser,TE,TE,
3649,Michael Cooper,TE,TE,
365,Mike Wallace,WR,WR,
3650,Maurice Harris,WR,WR,
3651,Geno Matias-Smith,SS,DB,
3652,Mike Thomas,WR,WR,
3653,Brandon Williams,TE,TE,
3654,Kevin Bowen,OT,OL,
3655,Reggie Diggs,WR,WR,
3656,Ejiro Ederaine,OLB,LB,
3657,Rob Kelley,RB,RB,
3658,Joe Kerridge,FB,RB,
3659,Anthony Lanier,DE,DL,
366,Kenny Britt,WR,WR,
3660,Valdez Showers,WR,WR,
3661,Cory Johnson,NT,DL,
3662,Devonte Johnson,CB,DB,
3663,Chris Mayes,OT,OL,
3664,J.D. McKissic,RB,RB,
3665,Ivan McLennan,OLB,LB,
3666,David Mims,CB,DB,
3667,Sharrod Neasman,DB,DB,
3668,Joshua Perkins,TE,TE,NYJ
3669,Brian Poole,CB,DB,IND
367,Jared Cook,TE,TE,
3670,Will Ratelle,FB,RB,
3671,Jake Reed,C,OL,
3672,David Richards,WR,WR,
3673,Nick Rose,K,K,
3674,Jordan Sefon,CB,DB,
3675,Jarell Broxton,G,OL,
3676,Trevon Coley,DT,DL,
3677,Cavellis Luckett,ILB,LB,
3678,Wil Lutz,K,K,DEN
3679,Mario Ojemudia,DE,DL,
368,Jason McCourty,DB,DB,
3680,Patrick Onwuasor,LB,LB,
3681,Michael Pierce,DT,DL,
3682,Dan Buchholz,OT,OL,
3683,Don Cherry,ILB,LB,
3684,Derek Keaton,WR,WR,
3685,John Kling,OT,OL,
3686,Joe Sommers,TE,TE,
3687,Ryan Brown,DE,DL,
3688,Tra Carson,RB,RB,
3689,Alex Cooper,C,OL,
369,Fernando Velasco,C,OL,
3690,Antwane Grant,WR,WR,
3691,Darius Hillary,CB,DB,
3692,Alex Redmond,OG,OG|OL,NE
3693,John Weidenaar,OT,OL,
3694,Mikell Everette,CB,DB,
3695,J.P. Holtz,TE,TE,
3696,Tracy Howard,FS,DB,
3697,Kyle Rose,NT,DL,
3698,Patrick Skov,FB,RB,
3699,Rodney Coe,DT,DL,
37,Charles Johnson,DE,DL,
370,Nate Washington,WR,WR,
3700,Arjen Colquhoun,CB,DB,
3701,Ed Eagan,WR,WR,
3702,Andy Jones,WR,WR,NYG
3703,Deon King,OLB,LB,
3704,Ryan Mack,OT,OL,
3705,Jeremiah McKinnon,CB,DB,
3706,Jason Neill,OLB,LB,
3707,Boston Stiverson,G,OL,
3708,Kyle Kragen,OLB,LB,
3709,Adairius Barnes,CB,DB,
371,Connor Barwin,LB,LB,
3710,Jace Billingsley,WR,WR,
3711,Quinshad Davis,WR,WR,
3712,Adam Fuehne,TE,TE,
3713,Deonte Gibson,DE,DL,
3714,Charles Washington,DB,DB,
3715,Cole Wick,TE,TE,
3716,Kentrell Brice,FS,DB,
3717,Joe Callahan,QB,QB,
3718,Makinton Dorleant,CB,DB,
3719,Jacob Flores,C,OL,
372,James Casey,FB,RB|TE,
3720,Reggie Gilbert,LB,DL|LB,
3721,Josh Hawkins,CB,DB,
3722,Don Jackson,RB,RB,
3723,Josh James,G,OL,
3724,Randall Jette,CB,DB,
3725,Tyler Kuder,NT,DL,
3726,Peter Mortell,P,P,
3727,Dennis Parks,WR,WR,
3728,Brian Price,DT,DL,
3729,Herb Waters,WR,WR,
373,Brian Cushing,LB,LB,
3730,Tevin Jones,WR,WR,
3731,Eric Lee,DE,DL|LB,
3732,Richard Mullaney,WR,WR,
3733,Shakeel Rashad,ILB,LB,
3734,Brennan Scarlett,LB,LB,
3735,Duke Thomas,CB,DB,
3736,Arturo Uzdavinis,OT,OL,
3737,Shiro Davis,ILB,LB,
3738,Jake Bernstein,G,OL,
3739,Vernon Harris,CB,DB,
374,Dan Orlovsky,QB,QB,
3740,Tre Jones,CB,DB,
3741,Shakiel Randolph,SS,DB,
3742,Brandon Chubb,OLB,LB,
3743,Morgan Fox,DE,DL|LB,
3744,Rohan Gaines,SS,DB,
3745,Nicholas Grigsby,OLB,LB,
3746,Darreon Herring,ILB,LB,
3747,Cory Littleton,LB,LB,
3748,Pace Murphy,OT,OL,
3749,Kache Palacio,ILB,LB,
375,Glover Quin,FS,DB,
3750,Brian Randolph,FS,DB,
3751,Winston Rose,CB,DB,
3752,Ian Seau,DE,DL|LB,
3753,Jordan Swindle,OT,OL,
3754,Akil Blount,OLB,LB,
3755,Ruben Carter,G,OL,
3756,Ryan DiSalvo,LS,LS,
3757,Tyler Gray,OLB,LB,
3758,A.J. Hendy,SS,DB,
3759,Gabe Hughes,TE,TE,
376,Antonio Smith,DE,DL,
3760,Farrington Huguenin,OLB,LB,
3761,Lafayette Pitts,DB,DB,
3762,Brandon Shippen,WR,WR,
3763,Woodrow Hamilton,DT,DL,NYG
3764,Andrew Adams,DB,DB,
3765,Donte Deayon,CB,DB,
3766,Michael Hunter,CB,DB,
3767,Cedrick Lang,G,OL,
3768,Darius Powe,WR,WR,
3769,Tarow Barney,NT,DL,
377,Donald Brown,RB,RB,
3770,Quenton Bundrage,WR,WR,
3771,Helva Matungulu,DE,DL,
3772,Julien Obioha,DE,DL,
3773,Claude Pelon,DE,DL,
3774,Jason Vander Laan,TE,TE,
3775,John Depalma,LS,LS,
3776,Quentin Gause,ILB,LB,
3777,Dillon Gordon,OT,OL,
3778,Darrell Greene,G,OL,
3779,Bruce Johnson,C,OL,
378,Pat McAfee,P,P,
3780,Cedric O'Neal,RB,RB,
3781,C.J. Smith,CB,DB,
3782,Myke Tavarres,OLB,LB,
3783,Paul Turner,WR,WR,
3784,Destiny Vaeao,DE,DL,
3785,Brandin Bryant,DT,DL,
3786,George Fant,OT,OL|OT,
3787,Lars Koht,DE,DL,
3788,Tanner McEvoy,WR,WR,
3789,David Perkins,DE,DL,
379,Fili Moala,DT,DL,
3790,Kevin Anderson,OLB,LB,
3791,Jered Bell,S,DB,
3792,Demetrius Cherry,DE,DL,
3793,Lenny Jones,DE,DL,
3794,Darren Lake,NT,DL,
3795,Blake Muir,G,OL,
3796,Norman Price,OT,OL,
3797,Bryce Treggs,WR,WR,
3798,Shahbaz Ahmed,G,OL,
3799,David Glidden,WR,WR,
38,Chris Chester,G,OL,
380,Rashad Jennings,RB,RB,
3800,Frankie Williams,CB,DB,
3801,Vernon Adams,,,
3802,Chris Hubert,WR,WR,
3803,Elijhaa Penny,RB,RB,
3804,Darrin Peterson,WR,WR,
3805,Jon Brown,K,K,
3806,Trip Thurman,G,OL,
3807,Corey Tindal,CB,DB,
3808,Rolan Milligan,DB,DB,IND
3809,Demetris Anderson,NT,DL,
381,Terrance Knighton,NT,DL,
3810,Brandon Burks,RB,RB,
3811,Alstevis Squirewell,RB,RB,
3812,Cory Tucker,G,OL,
3813,Tre Roberson,CB,DB,
3814,Ishaq Williams,DE,DL,
3815,Bryson Keeton,CB,DB,
3816,Brandon Brown-Dukes,RB,RB,
3817,Marcus Tucker,WR,WR,
3818,Pete Robertson,OLB,LB,
3819,Taniela Tupou,FB,RB,
382,Eugene Monroe,T,OL,
3820,Micah Awe,ILB,LB,
3821,Travis Britz,DT,DL,
3822,Kelby Johnson,OT,OL,
3823,Sam Carlson,G,OL,
3824,Alex Ellis,TE,TE,
3825,Iosia Iosia,DE,DL,
3826,Nick Ritcher,G,OL,
3827,Aldrick Rosas,K,K,
3828,Marwin Evans,FS,DB,
3829,Ryan Langford,ILB,LB,
383,Robert Ayers,DE,DL,
3830,Garrick Mayweather,G,OL,
3831,Zach Sterup,OT,OL,
3832,C.J. Ham,FB,RB,
3833,Matt Smalley,CB,DB,
3834,K.J. Brent,WR,WR,
3835,Ross Burbank,C,OL,
3836,James Cowser,OLB,LB,
3837,Kenneth Durden,CB,DB,
3838,Antonio Hamilton,CB,DB,
3839,Drew Iddings,DE,DL|OL,
384,David Bruton,SS,DB,
3840,Max McCaffrey,WR,WR,
3841,Tony McRae,CB,DB,
3842,Ryan O'Malley,TE,TE,
3843,Kyrie Wilson,ILB,LB,
3844,Aaron Epps,OT,OL,
3845,Jabriel Washington,OLB,LB,
3846,Duke Williams,WR,WR,
3847,Uani' Unga,ILB,LB,
3848,Greg Townsend,DE,DL,
3849,Wynton McManis,LB,LB,MIA
385,Britton Colquitt,P,P,
3850,Louis Palmer,DE,DL,
3851,Denver Kirkland,G,OL,
3852,Jaydon Mickens,WR,WR,
3853,Terran Vaughn,G,OL,
3854,Sam Brown,CB,DB,
3855,Jared Barber,ILB,LB,
3856,Braxton Deaver,TE,TE,
3857,Jordan Rigsbee,G,OL,
3858,Miles Shuler,WR,WR,
3859,Jalen Simmons,RB,RB,
386,Brandon Lloyd,WR,WR,
3860,Kenton Adeyemi,DE,DL,
3861,Kieren Duncan,WR,WR,
3862,Donovan Williams,G,OL,
3863,Joe Licata,QB,QB,
3864,Jake Lampman,WR,WR,
3865,Chris Edwards,DB,DB,
3866,Joe Hansley,WR,WR,
3867,Branden Jackson,DE,DL|LB|LEO,
3868,Jalen Richard,RB,RB,LV
3869,Torian White,OT,OL,
387,Knowshon Moreno,RB,RB,
3870,Vi Teofilo,G,OL,
3871,Sam Bergen,FB,RB,
3872,Bennett Okotcha,CB,DB,
3873,Ben Roberts,WR,WR,
3874,Michael Smith,DT,DL,
3875,Nila Kasitati,G,OL,
3876,Michael Wakefield,OLB,LB,
3877,Kelsey Young,RB,RB,
3878,Austin Traylor,TE,TE,
3879,Jimmy Pruitt,CB,DB,
388,Kyle Orton,QB,QB,
3880,M.J. McFarland,TE,TE,
3881,Mariel Cooper,CB,DB,
3882,Zach Wood,LS,DL|LS,NO
3883,Romar Morris,RB,RB,
3884,Jarrett Grace,ILB,LB,
3885,James Ross,ILB,LB,
3886,Javien Elliott,CB,DB,
3887,Ben McCord,TE,TE,
3888,Lucas Patrick,G,OG|OL,WAS
3889,Marquis Bundy,WR,WR,
389,Matt Cassel,QB,QB,
3890,Devon Bell,K,K,
3891,Kyle Coleman,FB,RB,
3892,Jarvis Turner,WR,WR,
3893,Reece Horn,WR,WR,
3894,Garrett Griffin,TE,TE,
3895,Marvin Hall,WR,WR,
3896,Benson Browne,TE,TE,
3897,Paul Lang,TE,TE,
3898,Bryce Cheek,CB,DB,
3899,Jeff Overbaugh,LS,LS,
39,Manny Lawson,LB,LB,
390,Tyson Jackson,DE,DL,
3900,Nate Robinson,,,
3901,Brandon Johnson,RB,RB,
3902,Nolan Frese,LS,LS,
3903,Warren Gatewood,CB,DB,
3904,Ra'Zahn Howard,NT,DL,
3905,Mandel Dixon,TE,TE,
3906,John Schneider,,,
3907,Kyler Kerbyson,OT,OL,
3908,Eric Wallace,TE,TE,
3909,Sam Ficken,K,K,
391,Ryan Succop,K,K,
3910,Pete Carroll,,,
3911,Rashaun Simonise,WR,WR,
3912,Darnell Sankey,ILB,LB,
3913,Joel Hale,G,OL,
3914,Dobson Collins,WR,WR,
3915,Jack Gangwish,DE,DL,
3916,David Watford,WR,WR,
3917,Kendal Thompson,WR,WR,
3918,TJ Thorpe,WR,WR,
3919,Mike Zimmer,,,
392,Mike Vrabel,LB,LB,
3920,Harvey Binford,WR,WR,
3921,Nick Truesdell,TE,TE,
3922,Montario Hunter,WR,WR,
3923,Franky Okafor,WR,WR,
3924,Clayton Echard,TE,TE,
3925,Lee Hightower,FS,DB,
3926,Matt Pierson,OT,OL,
3927,Jamal Golden,SS,DB,
3928,Jordan Walsh,OT,OL,
3929,Terry Williams,RB,RB,
393,Bruce Gradkowski,QB,QB,
3930,Kevin White,CB,DB,
3931,Isaiah Williams,OL,OL,
3932,Mathu Gibson,G,OL,
3933,Malcolm Jackson,CB,DB,
3934,Troymaine Pope,RB,RB,
3935,Alex Chisum,WR,WR,
3936,Tom Lally,DE,DL,
3937,Jesse Schmitt,LS,LS,
3938,Zamir Carlis,DT,DL,
3939,Zach Colvin,DT,DL,
394,Darrius Heyward-Bey,WR,WR,
3940,Chase Price,RB,RB,
3941,Tylor Harris,DT,DL,
3942,Kyle Steuck,C,OL,
3943,Wade Hansen,OT,OL,
3944,Khaynin Mosley-Smith,DT,DL,
3945,Darius White,WR,WR,
3946,Jake Ceresna,DE,DL,
3947,Bruce Arians,,,
3948,Andrew Opoku,WR,WR,
3949,Alex Ross,,,
395,Michael Mitchell,FS,DB,
3950,Joe Powell,SS,DB,
3951,Justin Berger,WR,WR,
3952,C Palmer,,,
3953,Austin Trainor,QB,QB,
3954,Jake Metz,DE,DL,
3955,D Colquitt,,,
3956,Kelvin Fisher Jr,,,
3957,Blake Sims,QB,QB,
3958,Jimmy Bean,DE,DL,
3959,Greg Roman,,,
396,Louis Murphy,WR,WR,
3960,Bill O'Brien,,,
3961,Marc Trestman,,,
3962,Gary Kubiak,,,
3963,Shahid Khan,,,
3964,Duplicate Player,OT,OL,
3965,Greg Olson,,,
3966,Nathaniel Hackett,,,
3967,Wade Phillips,,,
3968,Norv Turner,,,
3969,Leonard Fournette,RB,RB,
397,Brandon Myers,TE,TE,
3970,John Fox,,,
3971,Chan Gailey,,,
3972,Todd Bowles,,,
3973,Myles Garrett,DE,DL,LAR
3974,Jon Gruden,,,
3975,Jim Harbaugh,,,
3976,Mitchell Trubisky,QB,QB,TEN
3977,Kyle Shanahan,,,
3978,Jacob Huesman,QB,QB,
3979,Marty Mornhinweg,,,
398,Matt Shaughnessy,DE,DL,
3980,Cory Carter,P,P,
3981,Pepper Johnson,,,
3982,Sean McVay,,,
3983,Dave Toub,,,
3984,Taylor Symmank,P,P,
3985,Vic Fangio,,,
3986,Jeff Richards,CB,DB,
3987,Tom Cable,,,
3988,Joe Barry,,,
3989,Gregg Williams,,,
399,Larry English,DE,DL,
3990,Adam Bighill,ILB,LB,
3991,Alex Bazzie,OLB,LB,
3992,Dave Caldwell,,,
3993,Pep Hamilton,,,
3994,Bill Musgrave,,,
3995,Todd Downing,,,
3996,Matt Burke,,,
3997,Leslie Frazier,,,
3998,Joe Woods,,,
3999,George Godsey,,,
4,Roddy White,WR,WR,
40,Martellus Bennett,TE,TE,
400,Vaughn Martin,DT,DL,
4000,Trent Kirchner,,,
4001,Jeff Knox,OLB,LB,
4002,Eliot Wolf,,,
4003,Woody Johnson,,,
4004,Chris Briggs,TE,TE,
4005,Rick Dennison,,,
4006,John Pagano,,,
4007,Jim Irsay,,,
4008,Greg Manusky,,,
4009,Mark Dominik,,,
401,Louis Vasquez,G,OL,
4010,Dom Capers,,,
4011,Terry McDonough,,,
4012,John Morton,,,
4013,John Lynch,,,
4014,Mike Nolan,,,
4015,Boseko Lokombo,OLB,LB,
4016,Bill Belichick,,,
4017,Deshaun Watson,QB,QB,CLE
4018,Joe Mixon,RB,RB,
4019,Jason Garrett,,,
402,Victor Butler,OLB,LB,
4020,Matt Lafleur,,,
4021,Steve Sarkisian,,,
4022,Richard Smith,,,
4023,Martin Mayhew,,,
4024,Scot McCloughan,,,
4025,Jack Del Rio,,,
4026,DeShone Kizer,QB,QB,
4027,Robert Saleh,,,
4028,Winston Chapman,LS,LS,
4029,Dalvin Cook,RB,RB,
403,Mike Jenkins,CB,DB,
4030,Reuben Foster,LB,LB,
4031,Travis Wilson,TE,TE,
4032,Jonathan Allen,DT,DL,CIN
4033,David Njoku,TE,TE,LAC
4034,Christian McCaffrey,RB,RB,SF
4035,Alvin Kamara,RB,RB,NO
4036,Corey Davis,WR,WR,
4037,Chris Godwin,WR,WR,TB
4038,John Ross,WR,WR,
4039,Cooper Kupp,WR,WR,SEA
404,Jon Kitna,QB,QB,
4040,JuJu Smith-Schuster,WR,WR,
4041,Jay Gruden,,,
4042,Joe Williams,RB,RB,
4043,Bruce Allen,,,
4044,Scott Linehan,,,
4045,Derek Hart,LS,LS,
4046,Patrick Mahomes,QB,QB,KC
4047,Jacob Lindsey,OLB,LB,
4048,Jordan Mudge,C,OL,
4049,Bradley Sylve,CB,DB,
405,Kevin Ogletree,WR,WR,
4050,Cyril Grayson,WR,WR,
4051,Chad Kelly,QB,QB,
4052,Dan Rooney,,,
4053,Garett Bolles,OT,OL|OT,DEN
4054,Mo Alie-Cox,TE,TE,IND
4055,O.J. Howard,TE,TE,
4056,Jabrill Peppers,DB,DB|LB,
4057,Gareon Conley,CB,DB,
4058,Solomon Thomas,DT,DL,TEN
4059,Marshon Lattimore,CB,DB,
406,John Phillips,TE,TE,
4060,Jason Licht,,,
4061,Davis Webb,QB,QB,
4062,Sam Irwin-Hill,P,P,
4063,Haason Reddick,LB,DL|LB,
4064,Cam Robinson,OL,OL|OT,
4065,Derek Barnett,DE,DL,CLE
4066,Evan Engram,TE,TE,DEN
4067,Jarrad Davis,LB,LB,
4068,Mike Williams,WR,WR,
4069,Takk McKinley,DE,DL,
407,Will Beatty,OT,OL,
4070,T.J. Watt,LB,DL|LB,PIT
4071,Marlon Humphrey,CB,DB,BAL
4072,Tre'Davious White,CB,DB,
4073,Taco Charlton,DE,DL,
4074,Malik Hooker,DB,DB,DAL
4075,Charles Harris,LB,DL|LB,
4076,Ryan Ramczyk,T,OL|OT,
4077,Jamal Adams,SS,DB|LB,MIN
4078,Adoree' Jackson,DB,DB,
4079,Kevin King,CB,DB,
408,Chris Canty,DE,DL,
4080,Zay Jones,WR,WR,
4081,Budda Baker,DB,DB,ARI
4082,Curtis Samuel,WR,WR,
4083,Sidney Jones,CB,DB,
4084,Tyus Bowser,LB,LB,
4085,Adam Shaheen,TE,TE,
4086,DeMarcus Walker,DE,DL|LB,
4087,Teez Tabor,DB,DB,
4088,Quincy Wilson,CB,DB,
4089,Gerald Everett,TE,TE,
409,King Dunlap,T,OL,
4090,Raekwon McMillan,LB,LB,
4091,Marcus Williams,DB,DB,
4092,Dalvin Tomlinson,DT,DL,LAC
4093,Marcus Maye,DB,DB,
4094,Forrest Lamp,OL,OG|OL,
4095,Malik McDowell,DT,DL,
4096,Justin Evans,SS,DB,
4097,Ryan Anderson,LB,DL|LB,
4098,Kareem Hunt,RB,RB,
4099,Duke Riley,LB,LB,
41,David Garrard,QB,QB,
410,Moise Fokou,ILB,LB,
4100,Tim Williams,LB,LB,
4101,Chris Wormley,DT,DL,
4102,Dion Dawkins,OT,OL|OT,BUF
4103,Daeshon Hall,DE,DL|LB,
4104,Taylor Moton,T,OL|OT,CAR
4105,Jordan Willis,DE,DL,
4106,Larry Ogunjobi,DT,DL,
4107,Chidobe Awuzie,CB,DB,BAL
4108,Carlos Henderson,WR,WR,
4109,Josh Jones,DB,DB,
411,Jeremy Maclin,WR,WR,
4110,Zach Cunningham,LB,LB,
4111,D'Onta Foreman,RB,RB,
4112,Tarell Basham,DE,DL|LB,
4113,Dawuane Smoot,DE,DL,
4114,Tanoh Kpassagnon,DE,DL|LB,TEN
4115,Pat Elflein,G,OL,
4116,Antonio Garcia,OT,OL,
4117,Derek Rivers,DE,DL|LB,
4118,Alex Anzalone,LB,LB,TB
4119,ArDarius Stewart,WR,WR,
412,Jason Peters,OL,OL,
4120,Obi Melifonwu,DB,DB,
4121,Eddie Vanderdoes,DT,DL,SF
4122,Dan Feeney,OL,OL,TB
4123,Ethan Pocic,OL,OG|OL,BAL
4124,Ahkello Witherspoon,CB,DB,
4125,Taywan Taylor,WR,WR,
4126,Fabian Moreau,CB,DB,WAS
4127,C.J. Beathard,QB,QB,
4128,Chad Williams,WR,WR,
4129,Jourdan Lewis,CB,DB,JAX
413,Dallas Reynolds,C,OL,
4130,Brendan Langley,WR,DB|WR,
4131,Kenny Golladay,WR,WR,
4132,Montravius Adams,DT,DL,
4133,John Johnson,DB,DB,
4134,Cordrea Tankersley,CB,DB,
4135,Trey Hendrickson,DE,DL,BAL
4136,Rasul Douglas,CB,DB,WAS
4137,James Conner,RB,RB,ARI
4138,Cameron Sutton,CB,DB,
4139,Amara Darboh,WR,WR,
414,Brian Orakpo,LB,LB,
4140,Shaquill Griffin,CB,DB,
4141,Delano Hill,DB,DB,
4142,Nazair Jones,DT,DL,
4143,Kendell Beckwith,ILB,LB,
4144,Jonnu Smith,TE,TE,GB
4145,Vince Biegel,LB,LB,
4146,Dede Westbrook,WR,WR,
4147,Samaje Perine,RB,RB,CIN
4148,Carl Lawson,DE,DL,
4149,Jamaal Williams,RB,RB,
415,Earl Bennett,WR,WR,
4150,Wayne Gallman,RB,RB,
4151,Jake Butt,TE,TE,
4152,Marlon Mack,RB,RB,
4153,Jordan Leggett,TE,TE,
4154,Dorian Johnson,G,OL,
4155,Sean Harlow,OL,OG|OL,
4156,Nico Siragusa,G,OL,
4157,Tarik Cohen,RB,RB,
4158,Eddie Jackson,DB,DB,
4159,Ryan Glasgow,DT,DL,
416,Jay Cutler,QB,QB,
4160,Josh Malone,WR,WR,
4161,Howard Wilson,CB,DB,
4162,Ryan Switzer,WR,WR,
4163,Jalen Reeves-Maybin,LB,LB,
4164,Michael Roberts,TE,TE,
4165,Julien Davenport,T,OL|OT,
4166,Carlos Watkins,DE,DL,
4167,Zach Banner,T,OL|OT,PIT
4168,Grover Stewart,DT,DL,IND
4169,Jehu Chesson,WR,WR,
417,Lance Louis,G,OL,
4170,Samson Ebukam,DE,DL|LB,ATL
4171,Josh Reynolds,WR,WR,
4172,Ben Gedeon,LB,LB,
4173,Jaleel Johnson,DT,DL,
4174,Deatrich Wise,DE,DL,WAS
4175,Chad Hansen,WR,WR,
4176,David Sharpe,T,OL|OT,
4177,Mack Hollins,WR,WR,NE
4178,Donnel Pumphrey,RB,RB,
4179,Joshua Dobbs,QB,QB,DET
418,Louis Delmas,FS,DB,
4180,Rayshawn Jenkins,DB,DB,PIT
4181,Tedric Thompson,DB,DB,CLE
4182,Montae Nicholson,SS,DB,
4183,Nathan Peterman,QB,QB,
4184,Bucky Hodges,TE,TE,
4185,Will Holden,T,OL|OT,
4186,T.J. Logan,RB,RB,
4187,Brian Hill,RB,RB,
4188,Damontae Kazee,DB,DB,
4189,Eric Saubert,TE,TE,SEA
419,DeAndre Levy,LB,LB,
4190,Jermaine Eluemunor,OL,OL,NYG
4191,Matt Milano,LB,LB,
4192,Corn Elder,CB,DB,
4193,Jordan Morgan,G,OL,
4194,J.J. Dielman,G,OL,
4195,Jake Elliott,K,K,PHI
4196,Roderick Johnson,T,OL|OT,
4197,Isaiah McKenzie,WR,WR,
4198,Jamal Agnew,WR,WR,
4199,Aaron Jones,RB,RB,MIN
42,Frostee Rucker,DE,DL,
420,Marquand Manuel,SS,DB,
4200,DeAngelo Yancey,WR,WR,
4201,Treston Decoud,CB,DB,
4202,Nate Hairston,CB,DB,
4203,Anthony Walker,LB,LB,
4204,Blair Brown,OLB,LB,
4205,Ukeme Eligwe,LB,LB,
4206,Isaac Asiata,G,OL,
4207,Davon Godchaux,DT,DL,NO
4208,Rodney Adams,WR,WR,
4209,Danny Isidora,OL,OG|OL,
421,Matthew Stafford,QB,QB,LAR
4210,Avery Moss,DE,DL|LB,
4211,Dylan Donahue,OLB,LB,
4212,Marquel Lee,LB,LB,
4213,Nate Gerry,LB,LB,
4214,Shelton Gibson,WR,WR,
4215,Brian Allen,CB,DB,
4216,Desmond King,DB,DB,
4217,George Kittle,TE,TE,SF
4218,Trent Taylor,WR,WR,
4219,Jeremy McNichols,RB,RB,WAS
422,Evan Smith,G,OL,
4220,Jayon Brown,LB,LB,
4221,Jeremy Sprinkle,TE,TE,
4222,Brad Kaaya,QB,QB,
4223,Rudy Ford,DB,DB,
4224,Chuck Clark,DB,DB,DET
4225,Tanner Vallejo,LB,LB,
4226,Alex Armah,FB,RB,
4227,Harrison Butker,K,K,KC
4228,Jordan Evans,LB,LB,CIN
4229,Mason Schreck,TE,TE,
423,Brad Jones,LB,LB,
4230,Brandon Wilson,DB,DB,
4231,Caleb Brantley,DE,DL,
4232,Matthew Dayes,RB,RB,
4233,Zane Gonzalez,K,K,
4234,Noah Brown,WR,WR,
4235,Jordan Carrell,DT,DL,
4236,Joey Ivie,DT,DL,
4237,Marquez White,CB,DB,
4238,Xavier Woods,DB,DB,CHI
4239,De'Angelo Henderson,RB,RB,
424,T.J. Lang,G,OL,
4240,Jeremiah Ledbetter,DE,DL,
4241,Pat O'Connor,DE,DL|LB,
4242,Kofi Amichia,G,OL,
4243,Malachi Dupre,WR,WR,
4244,Devante Mays,RB,RB,
4245,Kyle Fuller,OL,OL,
4246,Jalen Myrick,CB,DB,
4247,Marquez Williams,FB,RB,
4248,Leon McQuay,FS,DB,
4249,Ejuan Price,OLB,LB,
425,Clay Matthews,LB,LB,
4250,Sam Rogers,FB,RB,
4251,Tanzel Smart,DT,DL,
4252,Isaiah Ford,WR,WR,
4253,Vincent Taylor,DT,DL,
4254,Stacy Coley,WR,WR,
4255,Elijah Lee,LB,LB,
4256,Ifeadi Odenigbo,DE,DL,
4257,Jack Tocho,FS,DB,
4258,Conor McDermott,OL,OL,
4259,Al-Quadin Muhammad,DE,DL,TB
426,B.J. Raji,NT,DL,
4260,Adam Bisnowaty,OT,OL,
4261,Jeremy Clark,FS,DB,
4262,Derrick Jones,CB,DB,
4263,Elijah McGuire,RB,RB,KC
4264,Treyvon Hester,DT,DL,
4265,Elijah Hood,RB,RB,
4266,Shalom Luani,SS,DB,
4267,Jylan Ware,OT,OL,
4268,Elijah Qualls,DT,DL,
4269,Keion Adams,OLB,LB,
427,Jarius Wynn,DE,DL,
4270,Colin Holba,LS,LS,CIN
4271,Isaac Rochell,DE,DL,
4272,Sam Tevi,OT,OL|OT,
4273,Chris Carson,RB,RB,
4274,David Moore,WR,WR,CAR
4275,Justin Senior,OT,OL,
4276,Mike Tyson,SS,DB,
4277,Adrian Colbert,DB,DB,
4278,D.J. Jones,DT,DL,DEN
4279,Pita Taumoepenu,LB,DL|LB,
428,Jasper Brinkley,LB,LB,
4280,Stevie Tu'ikolovatu,NT,DL,
4281,Josh Carraway,OLB,LB,
4282,Corey Levin,G,OL,ATL
4283,Khalfani Muhammad,RB,RB,
4284,Brad Seaton,OT,OL|OT,
4285,Robert Davis,WR,WR,
4286,Josh Harvey-Clemons,LB,LB,
4287,Joshua Holsey,CB,DB,
4288,Chase Roullier,C,OL,
4289,Ishmael Zamora,WR,WR,
429,Percy Harvin,WR,WR,
4290,Brandon Beane,,,
4291,Travis Averill,G,OL,
4292,Marcelis Branch,SS,DB,
4293,Daniel Brunskill,OL,OL,LAC
4294,Deante Burton,CB,DB,
4295,Wil Freeman,OT,OL,
4296,JT Jones,OLB,LB,
4297,Jarnor Jones,ILB,LB,
4298,Cam Keizur,C,OL,
4299,Andreas Knappe,OT,OL,
43,Dan Connolly,G,OL,
430,Phil Loadholt,OT,OL,
4300,Robert Leff,OT,OL,
4301,Josh Magee,WR,WR,
4302,Quincy Mauger,SS,DB,
4303,Jordan Moore,FS,DB,
4304,Chris Odom,OLB,LB,
4305,Tyler Renew,RB,RB,
4306,Taylor Reynolds,CB,DB,
4307,Alek Torgersen,QB,QB,
4308,Deron Washington,FS,DB,
4309,Scott Orndoff,TE,TE,
431,Jamarca Sanford,SS,DB,
4310,Terrish Webb,FS,DB,
4311,Jermaine Grace,LB,LB,
4312,Kevin Davis,ILB,LB,
4313,Jake Eldrenkamp,OL,OG|OL,HOU
4314,Johnny Mundt,TE,TE,PHI
4315,Casey Sayles,DE,DL,
4316,Sae Tautu,OLB,LB,
4317,Brandon Banks,DE,DL,
4318,Tyler Catalina,G,OL,
4319,Zach Pascal,WR,WR,
432,William Moore,SS,DB,
4320,James Quick,WR,WR,
4321,Deyshawn Bond,C,OL,
4322,Dalton Crossan,RB,RB,
4323,Darrell Daniels,TE,TE,
4324,Trey Griffey,WR,WR,
4325,Thomas Hennessy,LS,LS,NYJ
4326,Bug Howard,TE,TE,
4327,Colin Jeter,TE,TE,
4328,Jerome Lane,WR,WR,
4329,Chris Muller,G,OL,
433,Christopher Owens,CB,DB,
4330,JoJo Natson,WR,WR,
4331,Rigoberto Sanchez,P,P,IND
4332,Garrett Sickels,DE,DL|LB,
4333,Jhaustin Thomas,DT,DL,
4334,Jerry Ugokwe,OT,OL,
4335,P.J. Walker,QB,QB,
4336,Christian Brown,DE,DL,
4337,Ethan Cooper,C,OL,
4338,Levern Jacobs,WR,WR,
4339,Kyle Kalis,G,OL,
434,Garrett Reynolds,G,OL,
4340,Ondre Pipkins,DE,DL,
4341,Fish Smithson,FS,DB,
4342,Quincy Adeboyejo,WR,WR,
4343,Kenny Allen,P,P,
4344,C.J. Board,WR,WR,
4345,Bam Bradley,ILB,LB,
4346,Omarius Bryant,NT,DL,
4347,Daniel Henry,FS,DB,BAL
4348,Brandon Kublanow,C,OL,
4349,Taquan Mizzell,RB,RB,NYG
435,Lawrence Sidbury,LB,DL|LB,
4350,Ricky Ortiz,FB,RB,
4351,Tim Patrick,WR,WR,NYJ
4352,Donald Payne,LB,DB|LB,
4353,Patrick Ricard,FB,RB,NYG
4354,Maurquice Shakir,G,OL,
4355,Tim White,WR,WR,
4356,Ben Boulware,ILB,LB,
4357,Bryan Cox,DE,DL,
4358,Austin Duke,WR,WR,
4359,Cole Luke,CB,DB,
436,Mackenzy Bernadeau,G,OL,
4360,Fred Ross,WR,WR,
4361,Brandon Bell,ILB,LB,
4362,Cethan Carter,TE,TE,
4363,Demetrious Cox,SS,DB,
4364,Karel Hamilton,WR,WR,
4365,Darrin Laufasa,FB,RB,
4366,Landon Lechler,OT,OL,
4367,Monty Madaris,WR,WR,
4368,Hardy Nickerson,LB,LB,
4369,Kent Perkins,OT,OL,
437,Everette Brown,ILB,LB,
4370,Dustin Stanton,G,OL,
4371,Josh Tupou,DT,DL,NYG
4372,Jarveon Williams,RB,RB,
4373,Stanley Williams,RB,RB,
4374,Donatello Brown,CB,DB,
4375,Johnathan Calvin,DT,DL|LB,
4376,Michael Clark,WR,WR,
4377,Montay Crockett,WR,WR,
4378,Thomas Evans,G,OL,
4379,Geoff Gray,G,OL,
438,Nick Hayden,DT,DL,
4380,Cody Heiman,ILB,LB,
4381,Taysom Hill,TE,TE,
4382,Izaah Lunsford,DE,DL,
4383,Adam Pankey,T,OL|OT,
4384,Aaron Peck,TE,TE,
4385,Kalif Phillips,RB,RB,
4386,Lenzy Pipkins,CB,DB,
4387,Justin Vogel,P,P,
4388,Alex Kozan,G,OL,
4389,Chase Allen,OLB,LB,
439,JJ Jansen,LS,LS,CAR
4390,Matt Haack,P,P,
4391,Larry Hope,CB,DB,
4392,Malcolm Lewis,WR,WR,
4393,Cameron Malveaux,DE,DL|LB,
4394,Praise Martin-Oguike,OLB,LB,
4395,Torry McTyer,CB,DB,
4396,Drew Morgan,WR,WR,
4397,Joby Saint Fleur,DE,DL,
4398,De'Veon Smith,RB,RB,
4399,Eric Smith,T,OL|OT,
44,Ahmad Brooks,LB,LB,
440,Sherrod Martin,FS,DB,
4400,Maurice Smith,DB,DB,
4401,Damore'ea Stringfellow,WR,WR,
4402,Tashawn Bower,DE,DL|LB,
4403,Dylan Bradley,NT,DL,
4404,Aviante Collins,T,OL|OT,
4405,Caleb Kidder,DE,DL,
4406,Wes Lunt,QB,QB,
4407,Sam McCaskill,DE,DL,
4408,Terrell Newby,RB,RB,
4409,Josiah Price,TE,TE,
441,Captain Munnerlyn,CB,DB,
4410,Horace Richardson,CB,DB,
4411,R.J. Shelton,WR,WR,
4412,Shaan Washington,ILB,LB,
4413,Eric Wilson,LB,LB,MIN
4414,Josh Augusta,NT,DL,
4415,Adam Butler,DT,DL,LV
4416,Austin Carr,WR,WR,
4417,Cole Croston,G,OL,
4418,LeShun Daniels,RB,RB,
4419,Brooks Ellis,OLB,LB,
442,Geoff Schwartz,G,OL,
4420,Cody Hollister,WR,WR,
4421,Jacob Hollister,TE,TE,
4422,Andrew Jelks,OT,OL,
4423,David Jones,FS,DB,
4424,D.J. Killings,CB,DB,
4425,Jason King,G,OL,
4426,Harvey Langi,LB,LB,
4427,Kenny Moore,CB,DB,PHI
4428,Max Rich,OT,OL,
4429,Dwayne Thomas,CB,DB,
443,Garry Williams,OT,OL,
4430,Jason Thompson,SS,DB,
4431,Damarius Travis,SS,DB,
4432,Corey Vereen,DE,DL,
4433,Xavier Coleman,CB,DB,
4434,Brisly Estime,WR,WR,
4435,Anthony Firkser,TE,TE,
4436,Patrick Gamble,DE,DL,
4437,Connor Harris,FB,RB,
4438,Javarius Leamon,OT,OL,
4439,Breon Borders,CB,DB,
444,Malcolm Jenkins,SS,DB,NO
4440,Paul Boyette,DE,DL,
4441,Chauncey Briggs,OT,OL,
4442,Fadol Brown,DE,DL,
4443,Pharaoh Brown,TE,TE,IND
4444,Anthony Cioffi,CB,DB,
4445,Keon Hatcher,WR,WR,
4446,Chris Humes,SS,DB,
4447,Rickey Jefferson,SS,DB,
4448,Anthony Kukwa,LS,LS,
4449,Nicholas Morrow,LB,LB,
445,Thomas Morstead,P,P,
4450,Jordan Simmons,G,OG|OL,
4451,Isaac Whitney,WR,WR,ARI
4452,Xavier Woodson,OLB,LB,
4453,Victor Bolden,WR,WR,
4454,Kendrick Bourne,WR,WR,ARI
4455,Matt Breida,RB,RB,
4456,K.D. Cannon,WR,WR,
4457,J.P. Flynn,G,OL,
4458,Zach Franklin,CB,DB,
4459,Jimmie Gilbert,OLB,LB,
446,E.J. Biggers,CB,DB,
4460,Cole Hikutini,TE,TE,
4461,Lorenzo Jerome,FS,DB,
4462,Erik Magnuson,C,OL,
4463,Tyler McCloskey,RB,RB,
4464,Nick Mullens,QB,QB,JAX
4465,Donavin Newsom,ILB,LB,
4466,Noble Nwachukwu,DT,DL,
4467,Darrell Williams,G,OL,
4468,Antony Auclair,TE,TE,
4469,Richie Brown,OLB,LB,
447,Demar Dotson,OT,OL|OT,
4470,Riley Bullough,ILB,LB,
4471,Reese Fleming,CB,DB,
4472,Cole Gardner,OT,OL,
4473,Alex Gray,FS,DB,
4474,Korren Kirven,OT,OL,
4475,Sefo Liufau,QB,QB,
4476,Greg Mabin,CB,DB,
4477,Paul Magloire,ILB,LB,
4478,Jonathan Moxey,CB,DB,
4479,Thomas Sperbeck,WR,WR,
448,Josh Freeman,QB,QB,
4480,Bobo Wilson,WR,WR,
4481,Terry Pegula,,,
4482,Gabriel Mass,DT,DL,
4483,Josh Letuligasenoa,LB,LB,
4484,Raysean Pringle,SS,DB,
4485,William Stanback,RB,RB,
4486,David Talley,OLB,LB,
4487,Aaron Taylor,S,DB,
4488,Devin Chappell,FS,DB,
4489,Gehrig Dieter,WR,WR,
449,Kellen Winslow,TE,TE,
4490,Wyatt Houston,TE,TE,CAR
4491,Marcus Kemp,WR,WR,
4492,Ashton Lampkin,CB,DB,
4493,Damien Mama,G,OL,
4494,Alonzo Moore,WR,WR,
4495,J.R. Nelson,CB,DB,
4496,Jordan Sterns,FS,DB,
4497,Tony Stevens,WR,WR,
4498,Aarion Penton,CB,DB,
4499,Chase Dominguez,LS,LS,
45,Dan Carpenter,K,K,
450,Billy Bajema,TE,TE,
4500,Andrew Lauderdale,OT,OL,
4501,Devaroe Lawrence,DT,DL,
4502,Cameron Lee,G,OL,
4503,Arthur Maulet,CB,DB,
4504,John Robinson-Woodgett,RB,RB,
4505,Cameron Tom,C,OL,
4506,Chris Bordelon,G,OL,
4507,Ben Braden,G,OL,
4508,Gabe Marks,WR,WR,
4509,Chris Casher,OLB,LB,
451,Craig Dahl,SS,DB,
4510,Duplicate Player,,,
4511,LaTroy Lewis,OLB,LB,
4512,Francis Kallon,DE,DL,
4513,Keith Kelsey,ILB,LB,
4514,Chanceller James,SS,DB,
4515,B.J. Johnson,WR,WR,
4516,Richard Levy,G,OL,
4517,Ricky Ali'ifua,DT,DL,
4518,Emanuel Byrd,TE,TE,
4519,Devine Redding,RB,RB,
452,Bradley Fletcher,CB,DB,
4520,Travin Dural,WR,WR,
4521,Evan Panfil,DE,DL,
4522,Carlton Agudosi,WR,WR,
4523,Lucas Crowley,C,OL,
4524,Ironhead Gallon,SS,DB,
4525,De'Chavon Hayes,CB,DB,
4526,Krishawn Hogan,WR,WR,
4527,Tre'von Johnson,OLB,LB,
4528,Trevor Knight,QB,QB,
4529,Ryan Lewis,CB,DB,
453,James Laurinaitis,LB,LB,
4530,Jonathan McLaughlin,OT,OL,
4531,Ricky Seals-Jones,TE,TE,
4532,Sojourn Shelton,CB,DB,
4533,James Summers,RB,RB,
4534,Pasoni Tasini,DE,DL,
4535,Steven Wroblewski,TE,TE,
4536,Jason Croom,TE,TE,
4537,Jordan Johnson,RB,RB,
4538,Marquavius Lewis,DT,DL,
4539,Greg Pyke,G,OL,
454,Chris Ogbonnaya,RB,RB,
4540,Austin Rehkow,P,P,
4541,Brandon Reilly,WR,WR,
4542,B.T. Sanders,SS,DB,
4543,Marcus Sayles,CB,DB,
4544,Daikiel Shorts,WR,WR,
4545,Keith Towbridge,TE,TE,
4546,Zach Voytek,G,OL,
4547,Nigel Williams,DT,DL,
4548,Joel Bouagnon,RB,RB,
4549,Rashaad Coward,OL,DL|OL|OT,
455,Michael Crabtree,WR,WR,
4550,Hendrick Ekpe,OLB,LB,
4551,Tanner Gentry,WR,WR,
4552,Isaiah Irving,LB,LB,
4553,Dieugot Joseph,OT,OL,
4554,Mitchell Kirsch,G,OL,
4555,Andy Phillips,K,K,
4556,Alex Scearce,OLB,LB,
4557,Freddie Stevenson,FB,RB,
4558,B.J. Bello,LB,LB,
4559,Ladell Fleming,LB,LB,
456,Deon Butler,TE,TE,
4560,J.D. Harmon,CB,DB,
4561,Alvin Hill,CB,DB,
4562,Jamal Marcus,LB,LB,
4563,Taylor McNamara,TE,TE,
4564,Kai Nacua,DB,DB,
4565,Kenneth Olugbode,ILB,LB,
4566,Karter Schult,DE,DL,
4567,Channing Stribling,CB,DB,
4568,Woody Baron,DT,DL,
4569,Brian Brown,WR,WR,
457,Colin Cole,DT,DL,
4570,Kennan Gilchrist,OLB,LB,
4571,Blake Jarwin,TE,TE,
4572,Joe Jones,LB,LB,
4573,Lewis Neal,DT,DL,
4574,Cooper Rush,QB,QB,ATL
4575,Nate Theaker,G,OL,
4576,Jahad Thomas,RB,RB,
4577,Lucas Wacha,OLB,LB,
4578,Erik Austell,G,OL,
4579,Josh Banderas,OLB,LB,DEN
458,Justin Forsett,RB,RB,
4580,Dante Barnett,FS,DB,
4581,Jerrol Garcia-Williams,ILB,LB,
4582,Deon Hollins,OLB,LB,
4583,Cameron Hunt,G,OL,
4584,Tyrique Jarrett,NT,DL,
4585,Anthony Nash,WR,WR,
4586,Dontrell Nelson,CB,DB,
4587,Marcus Rios,CB,DB,
4588,Kyle Sloter,QB,QB,
4589,Shakir Soto,DE,DL,
459,David Hawthorne,LB,LB,
4590,Orion Stewart,SS,DB,
4591,Dymonte Thomas,FS,DB,
4592,Elijah Wilkinson,OL,OL,ARI
4593,Brandon Barnes,TE,TE,
4594,Alex Barrett,DE,DL,
4595,Dontez Ford,WR,WR,
4596,Tion Green,RB,RB,
4597,Leo Koloamatangi,OL,OL,
4598,Storm Norton,T,OL|OT,ATL
4599,Michael Rector,WR,WR,
46,Michael Griffin,FS,DB,
460,Max Unger,C,OL,
4600,Noel Thomas,WR,WR,
4601,Josh Thornton,CB,DB,
4602,Robert Tonyan,TE,TE,PIT
4603,Jeremiah Valoaga,DE,DL,
4604,Eli Ankou,DT,DL,
4605,Evan Baylis,TE,TE,
4606,Dylan Cole,LB,LB,
4607,Zach Conque,QB,QB,
4608,T.J. Daniel,DE,DL,
4609,Matthew Godin,DE,DL,
461,Michael Vick,QB,QB,
4610,Deante' Gray,WR,WR,
4611,Justin Hardee,CB,DB,
4612,Rickey Hatley,DT,DL,
4613,Shaq Hill,WR,WR,
4614,Riley McCarron,WR,WR,
4615,Dayon Pratt,OLB,LB,
4616,Gimel President,OLB,LB,
4617,Daniel Ross,DT,DL,
4618,Malik Smith,SS,DB,
4619,Dee Virgin,DB,DB,
462,Brett Favre,QB,QB,
4620,Avery Williams,OLB,LB,
4621,Caleb Bluiett,TE,TE,
4622,Keelan Cole,WR,WR,
4623,Tim Cook,RB,RB,
4624,P.J. Davis,ILB,LB,
4625,Hunter Dimick,OLB,LB,
4626,Amba Etta-Tawo,WR,WR,
4627,Avery Gennesy,G,OL,
4628,Justin Horton,OLB,LB,
4629,Tueni Lupeamanu,DT,DL,
463,Sen'Derrick Marks,DT,DL,
4630,I'Tavius Mathers,RB,RB,
4631,Charlie Miller,FS,DB,
4632,Carroll Phillips,DE,DL|LB,
4633,Ezra Robinson,CB,DB,
4634,Kenneth Walker,WR,WR,
4635,Justin Davis,RB,RB,
4636,Lenard Tillery,RB,RB,
4637,DaShaun Amos,CB,DB,
4638,Josh Banks,DT,DL,
4639,Jessamen Dunker,G,OL,
464,Thomas Gafford,LS,LS,
4640,Jadar Johnson,FS,DB,
4641,Keeon Johnson,WR,WR,
4642,Jarron Jones,OL,DL|OL|OT,
4643,Calvin Munson,LB,LB,
4644,Travis Rudolph,WR,WR,
4645,Evan Schwan,DE,DL,
4646,Shane Smith,FB,RB,
4647,Colin Thompson,TE,TE,
4648,Nigel Tribune,CB,DB,
4649,Chad Wheeler,T,OL,
465,Brandon Pettigrew,TE,TE,
4650,Billy Brown,TE,TE,
4651,Corey Clement,RB,RB,
4652,Winston Craig,DE,DL,
4653,Randall Goforth,FS,DB,
4654,Cameron Johnston,P,P,PIT
4655,Tyler Orlosky,C,OL,
4656,Tre Sullivan,SS,DB,
4658,Jamal Perry,CB,DB|DL,
4659,Nelson Adams,DE,DL,
466,Vontae Davis,CB,DB,
4660,Sean Culkin,TE,TE,
4661,Michael Davis,CB,DB,
4662,Dillon DeBoer,C,OL,
4663,Austin Ekeler,RB,RB,WAS
4664,Nigel Harris,ILB,LB,
4665,Eli Jenkins,QB,QB,
4666,Younghoe Koo,K,K,
4667,Charmeachealle Moore,OLB,LB,
4668,James Onwualu,LB,LB,
4669,Andre Patton,WR,WR,
467,Sean Smith,CB,DB,
4670,Artavis Scott,WR,WR,
4671,Brandon Stewart,CB,DB,
4672,Brad Watson,CB,DB,
4673,Algernon Brown,FB,RB,
4674,Jeremy Liggins,DT,DL,
4675,Otha Peters,ILB,LB,
4676,Darreus Rogers,WR,WR,
4677,Jordan Roos,G,OL,
4678,Tyrone Swoopes,TE,TE,
4679,Nick Usher,OLB,LB,
468,Ben Hartsock,TE,TE,
4680,Larry Clark,WR,WR,
4681,Reggie Davis,WR,WR,
4682,Randy Allen,OLB,LB,
4683,Aaron Bailey,QB,QB,BAL
4684,Jaylen Hill,CB,DB,
4685,Roubbens Joseph,OT,OL,
4686,Anthony Harrell,ILB,LB,
4687,Abner Logan,LB,LB,
4688,Najee Murray,CB,DB,
4689,Jamal Carter,DB,DB|LB,
469,Matthew Mulligan,TE,TE,
4690,Ken Ekanem,OLB,LB,
4691,Dante Blackmon,CB,DB,
4692,Tyson Graham,SS,DB,
4693,Andrew Wylie,G,OG|OL,WAS
4694,Jarrod Harper,SS,DB,
4695,Kevin Maurice,DT,DL,
4696,Trey Edmunds,RB,RB,
4697,Khalid Abdullah,RB,RB,
4698,Trey Robinson,FS,DB,
4699,Kevin Snead,WR,WR,
47,Jackie Battle,FB,RB,
470,Jerraud Powers,CB,DB,
4700,Marcus McWilson,FS,DB,
4701,Victor Salako,T,OL,
4702,Jeremy Boykins,CB,DB,
4703,DeAngelo Brown,NT,DL,
4704,Tyler Ferguson,QB,QB,
4705,John Green,CB,DB,
4706,Denzel Johnson,SS,DB,
4707,Akeem Judd,RB,RB,
4708,KeVonn Mabon,WR,WR,
4709,Steven Moore,OT,OL,
471,Garrison Sanborn,LS,LS,
4710,Gio Pascascio,WR,WR,
4711,Jonah Pirsig,OT,OL,
4712,Johnny Ragin,ILB,LB,
4713,C.J. Robbins,DE,DL,
4714,Tevin Homer,CB,DB,
4715,Darnell Leslie,DE,DL,
4716,Dan Skipper,T,OL|OT,
4717,Bryce Jones,CB,DB,
4718,Dare Ogunbowale,RB,RB,HOU
4719,Chris Thompson,WR,WR,
472,Darius Butler,FS,DB,
4720,Dominique Hatfield,CB,DB,
4721,Shakeir Ryan,WR,WR,
4722,Freddie Tagaloa,OT,OL,
4723,Justin Thomas,WR,DB|WR,
4724,Matt Galambos,ILB,LB,
4725,Phazahn Odom,TE,TE,
4726,Nico Marley,LB,LB,
4727,Mitchell Paige,WR,WR,
4728,Bart Houston,QB,QB,
4729,Toby Baker,P,P,
473,Rob Ninkovich,DE,DL|LB,
4730,Sam Cotton,TE,TE,
4731,Joe Bacci,FB,RB,
4732,A.J. Jefferson,DE,DL,
4733,Alex Gray,TE,TE,
4734,Ezekiel Bigger,OLB,LB,
4735,Alex Jenkins,DE,DL,
4736,Eric Nzeocha,OLB,LB,
4737,Jordan Simone,SS,DB,
4738,Colby Pearson,WR,WR,
4739,Jack Lynn,OLB,LB,
474,Hakeem Nicks,WR,WR,
4740,William Likely,CB,DB,
4741,Dan Arnold,TE,TE,
4742,Mark Spelman,G,OL,
4743,Daniel Gray,CB,DB,
4744,Barrett Burns,TE,TE,BAL
4745,Daquan Holmes,FS,DB,
4746,Ryan Reid,CB,DB,
4747,Stevie Donatell,TE,TE,
4748,Doug Williams,,,
4749,Cameron Posey,WR,WR,
475,Gregory Toler,CB,DB,
4750,Lance Lenoir,WR,WR,
4751,Manny Abad,CB,DB,
4752,Fred Brown,WR,WR,
4753,Michael Dunn,OG,OG|OL,
4754,Duplicate Player,,,BUF
4755,Charmeachealle Moore,LB,LB,
4756,John Dorsey,,,
4757,Louis Riddick,,,
4758,Brett Veach,,,
4759,John Elway,,,
476,Rashad Johnson,FS,DB,
4760,Kareem Are,G,OL,
4761,Brady Sheldon,LB,LB,
4762,Dave Gettleman,,,
4763,Jerry Richardson,,,
4764,Marty Hurney,,,
4765,Chunky Clements,NT,DL,
4766,Reggie Porter,CB,DB,
4767,Dane Evans,QB,QB,
4768,Adam Zaruba,TE,TE,
4769,Tevin Floyd,LB,LB,
477,Mike Leach,LS,LS,
4770,Duplicate Player,WR,WR,
4771,Greg Van Roten,OG,OG|OL,NE
4772,Dejaun Butler,CB,DB,
4773,Parker Collins,C,OL,
4774,De'Mard Llorens,RB,RB,
4775,David Olson,QB,QB,
4776,Duplicate Player,OT,OL,
4777,De'Chavon Hayes,RB,RB,
4778,Reggie Davis,WR,WR,
4779,Bra'Lon Cherry,WR,WR,
478,Lardarius Webb,FS,DB,
4780,Folarin Orimolade,OLB,LB,
4781,Malik Golden,SS,DB,
4782,Jake Simonich,C,OL,
4783,Noor Davis,OLB,LB,
4784,Levonte Whitfield,WR,WR,
4785,Kermit Whitfield,WR,WR,
4786,Jhajuan Seales,WR,WR,
4787,Jordan Westerkamp,WR,WR,
4788,Duplicate Player,CB,DB,
4789,Jarell Carter,CB,DB,
479,Jalen Parmele,RB,RB,
4790,Robert Wheelwright,WR,WR,
4791,Darius Victor,RB,RB,
4792,Jonathan Walton,OLB,LB,
4793,Peli Anau,DE,DL,
4794,Tommy Armstrong Jr.,QB,QB,
4795,Siupeli Anau,DT,DL,
4796,Duplicate Player,,,BUF
4797,Josh Rounds,RB,RB,
4798,C.J. Germany,WR,WR,
4799,Jeremy Faulk,DT,DL,
48,James Harrison,LB,LB,
480,Dannell Ellerbe,LB,LB,
4800,Mike Tomlin,,,
4801,Barrett Gouger,C,OL,
4802,Derrick Nelson,C,OL,
4803,Nate Iese,TE,TE,
4804,Darrell Brown,OT,OL,
4805,Pig Howard,WR,WR,
4806,Brandon Radcliff,RB,RB,
4807,Mike Estes,TE,TE,
4808,Maurice Swain,DT,DL,
4809,Brandon Greene,G,OL,
481,Michael Oher,T,OL,
4810,Kwayde Miller,OT,OL,
4811,Austin Calitro,LB,LB,
4812,Terence Waugh,LB,LB,
4813,Marvin Bracy,WR,WR,
4814,De'Quan Hampton,WR,WR,
4815,Brian Riley,WR,WR,
4816,Christian French,OLB,LB,
4817,Jimmy Herman,OLB,LB,
4818,Corin Brooks,G,OL,
4819,Keionta Davis,DE,DL,
482,Paul Kruger,DE,DL,
4820,David Rivers,CB,DB,
4821,Jamari Staples,WR,WR,
4822,Malik Foreman,CB,DB,
4823,Keevan Lucas,WR,WR,
4824,Duplicate Player,CB,DB,
4825,Freddie Brown,WR,WR,
4826,Kendall Pace,OT,OL,
4827,Germone Hopper,WR,WR,
4828,Rashard Davis,WR,WR,
4829,Daniel Williams,WR,WR,
483,Jonathan Casillas,LB,LB,
4830,Austin Gearing,LB,LB,
4831,Justice Liggins,WR,WR,
4832,Andrew Price,TE,TE,
4833,Connor Bozick,G,OL,
4834,Rodney Butler,LB,LB,
4835,Darrius Sims,RB,RB,
4836,Ryan Langford,,,ARI
4837,Carlos Davis,DT,DB|DL,
4838,Austin Albrecht,OL,OL,TB
4839,Mitch Leidner,QB,QB,
484,Steve Weatherford,P,P,
4840,Reese Fleming,CB,DB,
4841,Whitney Richardson,DE,DL,
4842,Tyquwan Glass,CB,DB,
4843,Willie Mays,LB,LB,
4844,Elijah Mitchell,CB,DB,
4845,Antonio Crawford,CB,DB,
4846,Taybor Pepper,LS,LS,
4847,Mikey Bart,DE,DL|LB,
4848,Christian Kuntz,LS,LB|LS,PIT
4849,Armagedon Draughn,FS,DB,
485,Khalif Barnes,T,OL,
4850,Christian Tago,OLB,LB,
4851,Stephen Ross,,,
4852,Bill Lazor,,,
4853,Jerod Evans,QB,QB,
4854,River Cracraft,WR,WR,
4855,Simeon Rice,DE,DL,
4856,Bob McNair,,,
4857,Jimmy Haslam,,,
4858,Ken Norton Jr.,,,
4859,Ahmad Thomas,ILB,DB|LB,
486,Desmond Bryant,DE,DL,
4860,Jon Toth,C,OL,
4861,Kent Taylor,TE,TE,
4862,Marc Ross,,,
4863,Josh Rosen,QB,QB,
4864,Jevoni Robinson,TE,TE,
4865,Zach Triner,LS,LS,
4866,Saquon Barkley,RB,RB,PHI
4867,Rick Smith,,,
4868,Steve Wilks,,,
4869,Winston Moss,,,
487,Ricky Jean-Francois,DT,DL,
4870,Brian Flores,,,
4871,Mike Munchak,,,
4872,Nick Caserio,,,
4873,Kris Richard,,,
4874,Chris Bazile,TE,TE,
4875,James Bettcher,,,
4876,Bradley Northnagel,LS,LS,
4877,Drew Williams,LS,LS,
4878,Brandon Zylstra,WR,WR,
4879,Francis Owusu,WR,WR,
488,Vance Walker,DE,DL,
4880,Mike Sullivan,,,
4881,Lamar Jackson,QB,QB,BAL
4882,George Paton,,,
4883,Eric Decosta,,,
4884,Reggie McKenzie,,,
4885,Brian Gutekunst,,,
4886,Collin Bevins,DE,DL,
4887,Brian Gaine,,,
4888,Mark Helfrich,,,
4889,Randy Fichtner,,,
489,Jamon Meredith,T,OL,
4890,Ben Turk,P,P,
4891,Jeremy Bates,,,
4892,Baker Mayfield,QB,QB,TB
4893,Ryan Day,,,
4894,Eric Washington,,,
4895,Lamar Atkins,WR,WR,
4896,Brian Callahan,,,
4897,Dean Pees,,,
4898,Christian Schneider,OT,OL,
4899,Drew Ferris,LS,LS,
49,Robbie Gould,K,K,
490,Chase Daniel,QB,QB,
4900,Ozzie Newsome,,,
4901,Ray Lewis,LB,LB,
4902,Chad O'Shea,,,
4903,Jayrone Elliott,LB,LB,
4904,Kevin Stefanski,,,
4905,Lake Dawson,,,
4906,Kacy Rodgers,SS,DB|LB,
4907,Nick Sirianni,,,
4908,Steve Keim,,,
4909,Duce Staley,RB,RB,
491,Danny Amendola,WR,WR,
4910,Quincy McDuffie,WR,WR,
4911,Quinton Schooley,C,OL,
4912,A.J. Hughes,P,P,
4913,Aiulua Fanene,DT,DL,GB
4914,Glen Coffee,RB,RB,SF
4915,Michael Coe,CB,DB,DAL
4916,Royce LaFrance,DE,DL,
4917,Daryl Virgies,RB,RB,
4918,Brock Miller,P,P,
4919,Josh Latham,LS,LS,
492,Tyler Thigpen,RB,QB|RB,
4920,Dax Dellenbach,LS,LS,
4921,Joe Fortunato,LS,LS,
4922,Garrett Scantling,WR,WR,ATL
4923,Rushel Shell,RB,RB,
4924,Zach Terrell,QB,QB,BAL
4925,Jordan Wade,G,OL,OAK
4926,Nick Schuessler,QB,QB,PIT
4927,Deondre Barnett,DE,DL,
4928,Anas Hasic,WR,WR,
4929,Ahmad Fulwood,WR,WR,
493,Dan Skuta,LB,LB,
4930,Franko House,TE,TE,CHI
4931,Austin Appleby,QB,QB,
4932,Nick James,DT,DL,
4933,Anthony McMeans,G,OL,LAR
4934,Jalen Williams,WR,WR,
4935,Charles Walker,DT,DL,PHI
4936,Skyler Howard,QB,QB,SEA
4937,Al Riles,WR,WR,IND
4938,Speedy Noil,WR,WR,
4939,Roderick Henderson,DT,DL,TEN
494,Jason Trusnik,LB,LB,
4940,DeSean Smith,TE,TE,
4941,Dontre Wilson,WR,WR,
4942,Marcell Ateman,WR,WR,
4943,Sam Darnold,QB,QB,SEA
4944,Takoby Cofield,G,OL,
4945,Antoine Everett,G,OL,
4946,Reese Dismukes,C,OL,
4947,Billy Price,OL,OL,
4948,Orlando Brown,T,OL|OT,CIN
4949,Derrius Guice,RB,RB,
495,Michael Bennett,DE,DL,
4950,Christian Kirk,WR,WR,SF
4951,DJ Chark,WR,WR,
4952,Tom Benson,,,
4953,Mike Maccagnan,,,
4954,Colby Wadman,P,P,
4955,Ronald Jones,RB,RB,
4956,Nick Dooley,LS,LS,
4957,Moubarak Djeri,DE,DL,
4958,Brett Maher,K,K,
4959,Scott Daly,LS,LS,CHI
496,Brandon Gibson,WR,WR,
4960,Roquan Smith,LB,LB,BAL
4961,DJ Moore,CB,DB,
4962,Sony Michel,RB,RB,
4963,Minkah Fitzpatrick,DB,DB,NYJ
4964,Denzel Ward,CB,DB,CLE
4965,Marcus Davenport,DE,DL,
4966,Mike McGlinchey,T,OL|OT,DEN
4967,Bradley Chubb,LB,DL|LB,BUF
4968,Tremaine Edmunds,LB,LB,NYG
4969,Vita Vea,DT,DL,TB
497,Brett Kern,P,P,
4970,Quenton Nelson,OL,OL,IND
4971,Derwin James,DB,DB,LAC
4972,Mason Rudolph,QB,QB,PIT
4973,Hayden Hurst,TE,TE,
4974,Terrell Edmunds,DB,DB,
4975,Taven Bryan,DE,DL,
4976,Daron Payne,DT,DL,WAS
4977,Isaiah Wynn,OL,OL|OT,
4978,Rashaan Evans,LB,LB,
4979,Jaire Alexander,CB,DB,
498,Kyle Arrington,CB,DB,
4980,Leighton Vander Esch,LB,LB,
4981,Calvin Ridley,WR,WR,TEN
4982,Mike Hughes,CB,DB,ATL
4983,DJ Moore,WR,WR,BUF
4984,Josh Allen,QB,QB,BUF
4985,Rashaad Penny,RB,RB,
4986,Kolton Miller,T,OL|OT,LV
4987,Frank Ragnow,C,OL,
4988,Nick Chubb,RB,RB,
4989,Austin Corbett,OL,OL,BUF
499,Connor Barth,K,K,
4990,Shaquille Leonard,LB,LB,
4991,James Daniels,OL,OL,
4992,Dante Pettis,WR,WR,SF
4993,Mike Gesicki,TE,TE,CIN
4994,Kalen Ballage,RB,RB,
4995,Ian Thomas,TE,TE,LV
4996,Kyle Lauletta,QB,QB,
4997,Mark Walton,RB,RB,
4998,DaeSean Hamilton,WR,WR,
4999,Josh Sweat,DE,DL,ARI
5,Dallas Clark,TE,TE,
50,Jordan Palmer,QB,QB,
500,Billy Cundiff,K,K,
5000,Chase Edmonds,RB,RB,
5001,Dalton Schultz,TE,TE,HOU
5002,Maurice Hurst,DT,DL,
5003,Shaquem Griffin,LB,LB,
5004,Ito Smith,RB,RB,DAL
5005,Jaleel Scott,WR,WR,
5006,J'Mon Moore,WR,WR,
5007,Keke Coutee,WR,WR,
5008,Durham Smythe,TE,TE,BAL
5009,Chris Herndon,TE,TE,
501,Cary Williams,CB,DB,
5010,Will Dissly,TE,TE,
5011,Michael Dickson,P,P,SEA
5012,Mark Andrews,TE,TE,BAL
5013,Anthony Miller,WR,WR,
5014,Joseph Noteboom,OL,OL|OT,
5015,Sam Hubbard,DE,DL,
5016,Malik Jefferson,LB,LB,
5017,Jessie Bates,DB,DB,ATL
5018,Will Hernandez,G,OG|OL,
5019,Chad Thomas,DE,DL,
502,Bear Pascoe,TE,TE,
5020,B.J. Hill,DT,DL,CIN
5021,Lorenzo Carter,LB,DL|LB,
5022,Dallas Goedert,TE,TE,PHI
5023,Chukwuma Okorafor,OL,OL|OT,NYJ
5024,James Washington,WR,WR,
5025,Ronnie Harrison,DB,DB,MIA
5026,Tre'Quan Smith,WR,WR,
5027,Geron Christian,OL,OL|OT,JAX
5028,Duke Dawson,CB,DB,
5029,Josh Jackson,DB,DB,
503,Graham Gano,K,K,
5030,Harold Landry,LB,DL|LB,NE
5031,Oren Burks,LB,LB,CIN
5032,Jordan Akins,TE,TE,
5033,Dorian O'Daniel,LB,LB,
5034,Martinas Rankin,OT,OL|OT,
5035,Derrick Nnadi,DT,DL,
5036,Justin Reid,DB,DB,NO
5037,Breeland Speaks,DE,DL|LB,
5038,Michael Gallup,WR,WR,
5039,Connor Williams,G,OG|OL,
504,Micheal Spurlock,WR,WR,
5040,Tarvarius Moore,DB,DB,
5041,Fred Warner,LB,LB,SF
5042,Deadrin Senat,DT,DL,
5043,Nathan Shepherd,DT,DL,NO
5044,Isaiah Oliver,CB,DB,TEN
5045,Courtland Sutton,WR,WR,DEN
5046,Royce Freeman,RB,RB,
5047,Brian O'Neill,T,OL|OT,MIN
5048,Isaac Yiadom,CB,DB,WAS
5049,Harrison Phillips,DT,DL,NYJ
505,Alex Carrington,DE,DL,
5050,Rashaan Gaulden,DB,DB,
5051,Donte Jackson,CB,DB,LAC
5052,Ronald Jones,RB,RB,
5053,Alex Cappa,G,OG|OL,
5054,Carlton Davis,CB,DB,NE
5055,M.J. Stewart,DB,DB,HOU
5056,Jerome Baker,LB,LB,
5057,Tyquan Lewis,DE,DL,
5058,Kemoko Turay,DE,DL|LB,
5059,Rasheem Green,DE,DL|LB,
506,David Nelson,WR,WR,
5060,Braden Smith,OL,OG|OL,HOU
5061,Uchenna Nwosu,LB,DL|LB,SEA
5062,Mason Cole,OL,OL,
5063,Justin Jones,DT,DL,
5064,Tracy Walker,DB,DB,
5065,Brandon Parker,T,OL|OT,
5066,P.J. Hall,DT,DL,
5067,Arden Key,DE,DL|LB,IND
5068,Kerryon Johnson,RB,RB,
5069,Kylie Fitts,LB,LB,
507,C.J. Spiller,RB,RB,
5070,Jordan Lasley,WR,WR,
5071,DeShon Elliott,DB,DB,PIT
5072,Jamil Demby,OL,OG|OL,
5073,Sebastian Joseph-Day,DT,DL,PIT
5074,Micah Kiser,LB,LB,
5075,Ogbo Okoronkwo,LB,DL|LB,SF
5076,John Kelly,RB,RB,
5077,Andrew Brown,DT,DL,
5078,Davontae Harris,CB,DB,
5079,Darius Phillips,CB,DB,
508,Nolan Carroll,CB,DB,
5080,Damion Ratley,WR,WR,
5081,Genard Avery,LB,DL|LB,
5082,Simeon Thomas,CB,DB,
5083,Kamrin Moore,FS,DB,
5084,Natrell Jamerson,DB,DB,LV
5085,Christian Sam,OLB,LB,
5086,Marquez Valdes-Scantling,WR,WR,LAC
5087,JK Scott,P,P,LAC
5088,Duke Ejiofor,LB,LB,ATL
5089,Mike White,QB,QB,
509,John Jerry,G,OL,
5090,Folorunso Fatukasi,DT,DL,LV
5091,Parry Nickerson,CB,DB,
5092,Troy Fumagalli,TE,TE,
5093,Sam Jones,G,OL,
5094,Ryan Izzo,TE,TE,
5095,Daniel Carlson,K,K,NO
5096,Ray-Ray McCloud,WR,WR,
5097,Wyatt Teller,G,OG|OL,HOU
5098,Siran Neal,CB,DB,SF
5099,Jermaine Carter,LB,LB,
51,Anthony Fasano,TE,TE,
510,Koa Misi,LB,LB,
5100,Jordan Wilkins,RB,RB,
5101,Deon Cain,WR,WR,
5102,Daurice Fountain,WR,WR,
5103,Dylan Cantrell,TE,TE,
5104,Scott Quessenberry,OL,OL,
5105,Chris Campbell,CB,DB,
5106,Tyrell Crosby,OL,OL,
5107,Jaylen Samuels,RB,RB,
5108,Luke Falk,QB,QB,
5109,Duplicate Player,WR,WR,
511,Marlon Moore,WR,WR,
5110,Russell Gage,WR,WR,
5111,Javon Wims,WR,WR,
5112,Bo Scarbrough,RB,RB,
5113,Cedrick Wilson,WR,WR,
5114,Duplicate Player,,,
5115,David Williams,RB,RB,
5116,Nick Bawden,FB,RB,
5117,Jordan Thomas,TE,TE,
5118,Tanner Lee,QB,QB,
5119,Jason Sanders,K,K,NYJ
512,Jared Odrick,DE,DL,
5120,Danny Etling,QB,QB,
5121,Braxton Berrios,WR,WR,NYG
5122,Boston Scott,RB,RB,
5123,Trenton Cannon,RB,RB,
5124,Alex McGough,QB,QB,
5125,Damoun Patterson,WR,WR,
5126,Austin Proehl,WR,WR,
5127,Kyle Allen,QB,QB,BUF
5128,Logan Woodside,QB,QB,
5129,Adonis Jennings,WR,WR,
513,Sergio Brown,FS,DB,
5130,Auden Tate,WR,WR,
5131,Justin Jackson,RB,RB,
5132,Steven Mitchell,WR,WR,
5133,Tyler Conklin,TE,TE,DET
5134,Keith Kirkwood,WR,WR,
5135,Saeed Blacknall,WR,WR,
5136,Josh Adams,RB,RB,
5137,Richie James,WR,WR,
5138,Martez Carter,RB,RB,
5139,Trey Quinn,WR,WR,
514,Brandon Deaderick,DE,DL,
5140,Jaelon Acklin,WR,WR,
5141,James Crawford,LB,LB,
5142,Kurt Benkert,QB,QB,
5143,Demario Richard,RB,RB,
5144,Malik Williams,RB,RB,
5145,Luke McNitt,FB,RB,
5146,Matt Gono,OT,OL|OT,
5147,Emmanuel Ellerbee,LB,LB,ATL
5148,Dewey Jarvis,ILB,LB,
5149,Emmanuel Smith,LB,LB,
515,Rob Gronkowski,TE,TE,
5150,Heath Harding,CB,DB,ATL
5151,Gerhard de Beer,OT,OL,
5152,Mat Boesen,DE,DL,
5153,Levi Wallace,CB,DB,
5154,Trent Sherfield,WR,WR,BUF
5155,Corey Willis,WR,WR,
5156,Andrew Vollert,TE,TE,
5157,Alec James,DE,DL,
5158,Dennis Gardeck,LB,LB,JAX
5159,Deatrick Nichols,CB,DB,
516,Aaron Hernandez,TE,TE,
5160,A.J. Howard,SS,DB,
5161,Ezekiel Turner,LB,DB|LB,
5162,Reggie Bonnafon,RB,RB,
5163,Ryan Nall,RB,RB,
5164,Simmie Cobbs,WR,WR,
5165,Quinton Flowers,QB,QB,
5166,Da'Mari Scott,WR,WR,
5167,Dalton Sturm,QB,QB,
5168,Jordan Chunn,RB,RB,
5169,Malik Earl,WR,WR,
517,Kyle Love,NT,DL,
5170,Phillip Lindsay,RB,RB,
5171,Kevin Rader,TE,TE,
5172,Alvin Jones,ILB,LB,
5173,Dalton Keene,DE,DL,
5174,Tegray Scales,LB,LB,
5175,Jawill Davis,WR,WR,
5176,Davon Grayson,WR,WR,
5177,Aaron Davis,SS,DB,
5178,Sean Chandler,DB,DB,
5179,Joe Ostman,DE,DL,
518,Devin McCourty,DB,DB,
5180,Danny Ezechukwu,OLB,LB,
5181,Chandon Sullivan,CB,DB,
5182,Patrick Morris,C,OL,
5183,Ola Adeniyi,LB,LB,
5184,Greg Gilmore,DT,DL,
5185,Allen Lazard,WR,WR,
5186,Darius Jackson,DE,DL,
5187,Mike Hughes,NT,DL,
5188,Quenton Meeks,CB,DB,
5189,Eddy Pineiro,K,K,SF
519,Brandon Spikes,ILB,LB,
5190,Cory Helms,G,OL,
5191,Taylor Stallworth,DT,DL,
5192,Ralph Webb,RB,RB,
5193,J.C. Jackson,DB,DB,
5194,Matt Flanagan,TE,TE,
5195,Akrum Wadley,RB,RB,
5196,Ethan Wolf,TE,TE,
5197,Rico Gafford,WR,WR,
5198,Damon Webb,SS,DB,
5199,Byron Pringle,WR,WR,
52,Joel Dreessen,TE,TE,
520,John Conner,FB,RB,
5200,Dee Liner,DE,DL,
5201,Terry Swanson,RB,RB,
5202,Jaryd Jones-Smith,T,OL,
5203,K.J. Malone,T,OL,
5204,Anthony Coyle,T,OL|OT,
5205,Kingsley Opara,DL,DL,
5206,Trevor Daniel,P,P,
5207,Marchie Murdock,WR,WR,
5208,Matt Linehan,QB,QB,
5209,Mike Boone,RB,RB,
521,Jeff Cumberland,TE,TE,
5210,Korey Robertson,WR,WR,
5211,Jake Wieneke,WR,WR,
5212,Hercules Mata'afa,DE,DL|LB,
5213,Garret Dooley,OLB,LB,
5214,Holton Hill,CB,DB,
5215,Tray Matthews,FS,DB,
5216,Ervin Philips,WR,WR,
5217,Jason Reese,TE,TE,
5218,Demone Harris,DE,DL|LB,
5219,Antonio Simmons,DL,DL,
522,Vladimir Ducasse,G,OL,
5220,Godwin Igwebuike,RB,RB,
5221,Mike McCray,OLB,LB,
5222,Jalen Davis,CB,DB,CIN
5223,Caleb Scott,WR,WR,TEN
5224,Taj Williams,WR,WR,
5225,Marcell Frazier,DE,DL,
5226,Poona Ford,DT,DL,LAR
5227,Tanner Carew,LS,LS,
5228,J.T. Barrett,QB,QB,
5229,Henre' Toliver,DB,DB,
523,Joe McKnight,RB,RB,
5230,Michael Badgley,K,K,
5231,Cole Hunt,TE,TE,
5232,Tevin Lawson,DL,DL,
5233,Marcus Baugh,TE,TE,
5234,Alex Officer,C,OL,
5235,David Wells,TE,TE,
5236,Kyle Lewis,WR,WR,
5237,Chad Kanoff,QB,QB,
5238,Austin Ramesh,FB,RB,
5239,Lamar Jordan,QB,QB,
524,Kyle Wilson,CB,DB,
5240,Daniel Marx,FB,RB,
5241,Christian Blake,WR,WR,
5242,Dontez Byrd,WR,WR,
5243,Detrich Clark,WR,WR,
5244,Devin Gray,WR,WR,
5245,Troy Mangen,TE,TE,
5246,Jake Roh,TE,TE,
5247,David Marvin,K,K,
5248,Gus Edwards,RB,RB,
5249,Andre Levrone,WR,WR,
525,Morgan Cox,LS,LS,TEN
5250,Robert Foster,WR,WR,
5251,Tyler Davis,K,DL,
5252,Ray Lawry,RB,RB,
5253,Jordan Franks,TE,TE,
5254,Jimmy Williams,WR,WR,
5255,Teo Redding,WR,WR,
5256,DeAndre Goolsby,TE,TE,
5257,Tim Boyle,QB,QB,
5258,Damon Gibson,WR,WR,
5259,Lavon Coleman,RB,RB,
526,Arthur Jones,DE,DL,
5260,Vyncint Smith,WR,WR,
5261,Jester Weah,WR,WR,
5262,Steve Ishmael,WR,WR,
5263,Chase Litton,QB,QB,
5264,Blake Mack,TE,TE,
5265,Nic Shimonek,QB,QB,
5266,Detrez Newsome,RB,RB,
5267,JJ Jones,WR,WR,
5268,Ben Johnson,TE,TE,
5269,Codey McElroy,TE,TE,
527,Dennis Pitta,TE,TE,
5270,Riley Ferguson,QB,QB,
5271,Buddy Howell,RB,RB,
5272,Greg Joseph,K,K,
5273,Kamryn Pettway,RB,RB,
5274,Roc Thomas,RB,RB,
5275,Jeff Badet,WR,WR,
5276,Tyler Hoppes,TE,TE,
5277,Deon Yelder,TE,TE,
5278,Jarvion Franklin,RB,RB,
5279,Quadree Henderson,WR,WR,
528,Geno Atkins,DT,DL,
5280,Pharoah McKever,TE,TE,
5281,Troy Williams,QB,QB,
5282,Duplicate Player,WR,WR,CHI
5283,Ka'Raun White,WR,WR,
5284,Jeff Wilson,RB,RB,
5285,Ross Dwelley,TE,TE,
5286,Austin Allen,QB,QB,
5287,Brian Bridgewater,TE,TE,
5288,Donnie Ernsberger,TE,TE,TEN
5289,Cameron Batson,WR,WR,
529,Carlos Dunlap,DL,DL,
5290,Deontay Burnett,WR,WR,
5291,J.t. Luper,WR,WR,
5292,Devin Ross,WR,WR,
5293,Jordan Veasy,WR,WR,
5294,Mikah Holder,WR,WR,
5295,De'Mornay Pierson-El,WR,WR,
5296,Elijah Wellman,FB,TE,
5297,Zach Sieler,DT,DL,MIA
5298,Bradley Bozeman,OL,OL,
5299,Greg Senat,T,OL|OT,
53,John Kuhn,FB,RB,
530,Jermaine Gresham,TE,TE,
5300,Kenny Young,LB,LB,
5301,Anthony Averett,CB,DB,
5302,Bilal Nichols,DT,DL,
5303,Joel Iyiegbuniwe,LB,LB,
5304,Brian Allen,OL,OL,
5305,Trevon Young,LB,LB,
5306,Travin Howard,LB,DB|LB,
5307,Justin Lawler,LB,LB,
5308,Duplicate Player,DE,DL,LAR
5309,Rod Taylor,G,OL,
531,Joe Haden,CB,DB,
5310,Antonio Callaway,WR,WR,
5311,R.J. McIntosh,DT,DL,
5312,Rick Leonard,OT,OL|OT,
5313,Will Richardson,OL,OL|OT,
5314,Logan Cooke,P,P,JAX
5315,Leon Jacobs,LB,LB,
5316,Will Clapp,C,OL,
5317,Keion Crossen,DB,DB,
5318,Ja'Whaun Bentley,LB,LB,
5319,Cole Madison,C,OL,
532,Shawn Lauvao,G,OL,
5320,Kendall Donnerson,DE,LB,CAR
5321,Hunter Bradley,LS,LS,
5322,James Looney,TE,TE,
5323,Equanimeous St. Brown,WR,WR,
5324,Parris Bennett,ILB,LB,
5325,Peter Kalambayi,LB,LB,GB
5326,Jermaine Kelly,CB,DB,
5327,Kahlil McKenzie,DT,DL|OL,
5328,Tremon Smith,DB,DB,HOU
5329,Armani Watts,DB,DB,
533,Colt McCoy,QB,QB,
5330,Dorance Armstrong,DE,DL,WAS
5331,Chris Covington,LB,LB,
5332,Foyesade Oluokun,LB,LB,JAX
5333,Jalyn Holmes,DE,DL,TEN
5334,Josey Jewell,LB,LB,
5335,Colby Gossett,OL,OG|OL,
5336,Ade Aruna,DE,DL,
5337,Devante Downs,LB,LB,
5338,Keishawn Bierria,ILB,LB,
5339,Kendrick Norton,NT,DL,
534,Carlton Mitchell,WR,WR,
5340,Andre Smith,LB,LB,
5341,Taron Johnson,CB,DB,LV
5342,Marquis Haynes,DE,DL|LB,
5343,Quentin Poling,LB,LB,NO
5344,Cornell Armstrong,DB,DB,
5345,Matthew Adams,LB,LB,
5346,Zaire Franklin,LB,LB,GB
5347,Nyheim Miller-Hines,RB,RB,
5348,Kyzir White,LB,LB,
5349,Korey Cunningham,T,OL|OT,
535,T.J. Ward,FS,DB,
5350,Chris Campbell,CB,DB,
5351,Da'Shawn Hand,DT,DL,ATL
5352,Ryan Green,RB,RB,
5353,Dimitri Flowers,FB,RB,
5354,Canon Rooker,K,K,
5355,Nick Sharga,FB,RB,
5356,Jeremiah Briscoe,QB,QB,
5357,Kent Shelby,WR,WR,
5358,Anthony Manzo-Lewis,TE,TE,
5359,Dorren Miller,WR,WR,
536,Antonio Brown,WR,WR,
5360,Marcus Allen,LB,DB|LB,
5361,Avonte Maddox,CB,DB,DET
5362,Jordan Mailata,T,OL|OT,PHI
5363,Matt Pryor,T,OL,NE
5364,Joshua Frazier,NT,DL,
5365,Troy Apke,DB,DB,
5366,Tim Settle,DT,DL,WAS
5367,Shaun Dion Hamilton,LB,LB,
5368,Greg Stroman,CB,DB,
5369,Dane Cruikshank,DB,DB,
537,Maurkice Pouncey,C,OL,
5370,Marcell Harris,LB,DB,
5371,Kentavius Street,DT,DL,CHI
5372,D.J. Reed,CB,DB,DET
5373,Jullian Taylor,DT,DL,
5374,Justin Watson,WR,WR,
5375,Jordan Whitehead,DB,DB,
5376,Jack Cichy,LB,LB,
5377,Jamarco Jones,T,OL|OT,
5378,Jacob Martin,DE,DL|LB,TEN
5379,Tre Flowers,CB,DB,
538,Emmanuel Sanders,WR,WR,
5380,Azeem Victor,OLB,LB,
5381,Johnny Townsend,P,P,
5382,Nick Nelson,CB,DB,
5383,Jalen Tolliver,WR,WR,
5384,Jonah Trinnaman,WR,WR,
5385,Alec Bloom,TE,TE,
5386,Matt McCrane,K,K,
5387,Jerod Fernandez,OLB,LB,
5388,Danny Johnson,CB,DB,
5389,Alan Knott,C,OL,
539,Marc Mariani,WR,WR,
5390,Jamar McGloster,OT,OL,
5391,Steven Dunbar,WR,WR,
5392,Jack Heneghan,QB,QB,
5393,Niles Scott,DT,DL,
5394,Terrell Williams,FS,DB,
5395,Shaun Wilson,RB,RB,
5396,Sergio Bailey II,WR,WR,
5397,Trevor Moore,K,K,
5398,Justin Crawford,RB,RB,
5399,Curtis Cothran,NT,DL,
54,Tyvon Branch,SS,DB,
540,Alterraun Verner,CB,DB,
5400,Trevon Mathis,CB,DB,
5401,Armanti Foreman,WR,WR,
5402,Jonathan Wynn,DE,DL,
5403,Peter Pujals,QB,QB,
5404,Chris Gonzalez,G,OL,
5405,Cole Boozer,OT,OL,WAS
5406,Josh Liddell,S,DB,
5407,Ervin Philips,RB,RB,
5408,Sergio Bailey,WR,WR,
5409,Tanner Hudson,TE,TE,CIN
541,Damian Williams,WR,WR,
5410,Evan Perrizo,DE,DL,
5411,Matthew Oplinger,OLB,LB,
5412,Zack Golditch,G,OL,
5413,Shane Tripucka,P,P,
5414,Bijhon Jackson,NT,DL,
5415,Zachary Crabtree,OT,OL,
5416,Brandon Facyson,CB,DB,
5417,Marcus Edmond,DB,DB,
5418,D'Juan Hines,OLB,LB,
5419,Chris Durant,OT,OL,
542,Dorin Dickerson,TE,TE,
5420,Steven Richardson,DT,DL,
5421,B.J. Clay,CB,DB,
5422,Albert Havili,DE,DL,
5423,Trent Scott,T,OL|OT,WAS
5424,Tony Brown,DB,DB,
5425,John Diarse,WR,WR,
5426,McKay Murphy,DT,DL,
5427,LaQuvionte Gonzalez,WR,WR,
5428,Ricky Jeune,WR,WR,
5429,Jeremiah Kolone,OL,OL,
543,Garrett Graham,TE,TE,
5430,Timon Parris,T,OL|OT,
5431,Shay Fields,WR,WR,
5432,Cam Sims,WR,WR,
5433,Ranthony Texada,CB,DB,
5434,Quin Blanding,FS,DB,
5435,Tarvarus McFadden,CB,DB,
5436,Emmanuel Moseley,CB,DB,
5437,Corey Griffin,S,DB,
5438,Najee Toran,G,OL,
5439,Austin Schlottmann,G,OG|OL,TEN
544,Kareem Jackson,DB,DB,
5440,Leon Johnson,G,OL,
5441,Lowell Lotulelei,DL,DL,
5442,Trey Marshall,DB,DB,
5443,Jeff Holland,LB,LB,
5444,William Ossai,LB,LB,
5445,George Odum,DB,DB,HOU
5446,Tomasi Laulile,DE,DL,
5447,Lashard Durr,CB,DB,
5448,Robert Jackson,CB,DB,
5449,Chris Cooper,DB,DB,
545,Sherrick McManis,DB,DB,
5450,Skai Moore,LB,LB,
5451,Curtis Mikell,CB,DB,
5452,J.T. Gray,DB,DB,
5453,Colton Jumper,OLB,LB,
5454,Coleman Shelton,OL,OL,LAR
5455,Alex Thompson,C,OL,
5456,Randin Crecelius,OT,OL,
5457,Christian LaCouture,NT,DL,
5458,Du'Vonta Lampkin,DT,DL,
5459,Mason McKenrick,LB,LB,
546,Earl Mitchell,DT,DL,
5460,Kaare Vedvik,K,K|P,
5461,Trent Sieg,LS,LS,DAL
5462,Christopher Ezeala,RB,RB,
5463,Mark Thompson,RB,RB,
5464,De'Lance Turner,RB,RB,
5465,Nick Keizer,TE,TE,
5466,John Franklin-Myers,DT,DL|LB,TEN
5467,Tigie Sankoh,SS,DB,
5468,Christian Scotland-Williamson,TE,TE,
5469,Chris Schleuger,G,OL,
547,Shelley Smith,G,OL,
5470,Kendal Vickers,DE,DL,
5471,Trey Johnson,CB,DB,
5472,Tony Adams,C,OL,
5473,Lyndon Johnson,NT,DL,
5474,Linden Stephens,DB,DB,
5475,Nate Wozniak,T,OL,
5476,KC McDermott,OL,OL,
5477,Reggie Hunter,LB,LB,
5478,Andrew Motuapuaka,ILB,LB,
5479,Tre Herndon,CB,DB,
548,Jon Weeks,LS,LS,SF
5480,C.J. Reavis,CB,DB,
5481,Sean Welsh,G,OL,
5482,Austin Davis,C,OL,
5483,Tyler Lancaster,DT,DL,
5484,Filipo Mokofisi,DT,DL,
5485,Conor Sheehy,NT,DL,
5486,Bryce Johnson,OT,OL,
5487,Jake Campos,OT,OL,
5488,Joel Lanning,OLB,LB,
5489,Kameron Kelly,FS,DB,
549,Kavell Conner,LB,LB,
5490,Jashon Robertson,OL,OL,
5491,DeQuinton Osborne,DT,DL,
5492,Donovan Olumba,CB,DB,
5493,Charvarius Ward,CB,DB,IND
5494,Tyree Robinson,SS,DB,
5495,Austin Larkin,DE,DL,
5496,James Hearns,LB,LB,
5497,Jon Cunningham,DT,DL,
5498,Joseph Putu,DB,DB,
5499,Salesi Uhatafe,G,OL,
55,Visanthe Shiancoe,TE,TE,
550,Jerry Hughes,DE,DL,
5500,Richard Jarvis,DL,DL,
5501,Lord Hyeamang,DT,DL,
5502,Mychealon Thomas,DE,DL,
5503,J.C. Hassenauer,C,OL,
5504,Mackendy Cheridor,DE,DL,
5505,Jacob Tuioti-Mariner,LB,DL|LB,
5506,Anthony Winbush,DE,DL|LB,
5507,Secdrick Cooper,S,DB,
5508,Chris Lammons,CB,DB,
5509,Kyle Bosch,G,OL,
551,Jeff Linkenbach,T,OL,
5510,Taylor Hearn,G,OL,
5511,Chris Frey,LB,LB,
5512,Brendan Mahon,G,OL,
5513,Tracy Sprinkle,DT,DL,
5514,Evan Perroni,,,TB
5515,Austin Olsen,OL,OL,
5516,Frank Ginda,OLB,LB,
5517,Mike Needham,LB,LB,
5518,Elijah Battle,CB,DB,
5519,Tavierre Thomas,DB,DB,MIN
552,Ricardo Mathews,DE,DL,
5520,Jonathan Owens,DB,DB,IND
5521,Brant Weiss,OT,OL,
5522,Owen Obasuyi,DE,DL,
5523,Will House,G,OL,
5524,Duplicate Player,,,ARI
5525,Justin Evans,OT,OL,
5526,Darious Williams,CB,DB,
5527,Ramon Richards,SS,DB,
5528,Montrel Meander,LB,DB|LB,
5529,Desmond Harrison,OT,OL,
553,Jacques McClendon,G,OL,
5530,Evan Berry,WR,WR,
5531,Christian DiLauro,T,OL|OT,
5532,Daniel Ekuale,DT,DL,
5533,Trenton Thompson,DT,DL,
5534,Elijah Campbell,DB,DB,NYG
5535,Micah Hannemann,FS,DB,
5536,Dontrell Hilliard,RB,RB,
5537,Michael Carrizosa,P,P,
5538,Fred Lauina,G,OL,
5539,Derrick Willies,WR,WR,
554,Tyson Alualu,DE,DL,
5540,Jacob Alsadek,G,OL,
5541,Alex Light,T,OL,
5542,Naashon Hughes,ILB,LB,
5543,C.J. Johnson,ILB,LB,
5544,Marcus Porter,ILB,LB,
5545,Raven Greene,DB,DB,
5546,Kyle Meadows,OT,OL,
5547,Ryan Smith,TE,TE,
5548,Elijah Marks,WR,WR,
5549,Darrel Williams,RB,RB,
555,Don Carey,FS,DB,
5550,John David Moore,RB,RB,
5551,Jimmy Murray,OL,OL,
5552,Austin Golson,C,OL,
5553,Darius James,G,OL,
5554,Reggie Hall,CB,DB,
5555,Dakoda Shepley,C,OG|OL,
5556,Jason Hall,OLB,DB|LB,
5557,Emmanuel Beal,ILB,LB,
5558,Marcus Martin,RB,RB,
5559,Warren Long,OLB,LB,
556,Zane Beadles,G,OL,
5560,Khalid Hill,FB,RB,
5561,Brad Lundblade,C,OL,
5562,Skyler Phillips,C,OL,
5563,Eddy Wilson,DT,DL,
5564,Jacob Pugh,OLB,LB,
5565,Jason Cabinda,FB,RB,
5566,Julian Allen,FB,RB,
5567,Janarion Grant,WR,WR,
5568,Myles Humphrey,DE,DL,
5569,Johnny Stanton,FB,RB,
557,Perrish Cox,CB,DB,
5570,Chad Beebe,WR,WR,
5571,Jeromy Irwin,OT,OL,
5572,Henry Mondeaux,DE,DL,
5573,Greer Martini,OLB,LB,
5574,Raymond Davison,ILB,LB,
5575,Devondre Seymour,OT,OL,
5576,Ben Niemann,LB,LB,
5577,Ryan Hunter,G,OL,
5578,Arrion Springs,DB,DB,
5579,D'Montre Wade,CB,DB,
558,Eric Decker,WR,WR,
5580,Frankie Luvu,LB,LB,WAS
5581,Anthony Wint,ILB,LB,
5582,Brett Taylor,LB,LB,
5583,Craig James,CB,DB,
5584,Nick Callender,G,OL,
5585,T.J. Mutcherson,SS,DB,
5586,Henry Poggi,FB,RB,
5587,Chris Warren,RB,RB,
5588,Paul Butler,TE,TE,
5589,Parker Cothren,DT,DL,
559,Tim Tebow,TE,TE,
5590,Jordan Smallwood,WR,WR,
5591,Robert McCray,DE,DL|LB,
5592,Tejan Koroma,C,OL,
5593,Ikenna Nwokeji,OL,OL,
5594,Jamar Summers,FS,DB,
5595,Step Durham,CB,DB,
5596,Malik Reaves,CB,DB,
5597,Brogan Roback,QB,QB,
5598,Daronte Bouldin,OL,OL,
5599,Connor Hilland,G,OL,
56,Leon Hall,CB,DB,
560,Demaryius Thomas,WR,WR,
5600,Lucas Gravelle,C,OL,
5601,Jamiyus Pittman,DT,DL,
5602,Claudy Mathieu,DL,DL,
5603,Anthony Moten,DL,DL,
5604,Quincy Redmon,CB,DB,
5605,Matthew Thomas,OLB,LB,
5606,Gaelin Elmore,DE,DL,
5607,Ja'Von Rolland-Jones,DE,DL|LB,
5608,Devonte Boyd,WR,WR,
5609,Stephen Baggett,TE,TE,
561,Cassius Vaughn,CB,DB,
5610,Evan Brown,C,OL,HOU
5611,Tyrell Chavis,NT,DL,
5612,Anthony Mahoungou,WR,WR,
5613,Bruce Hector,DE,DL,
5614,Nico Falah,C,OL,
5615,Matt Dickerson,DE,DL,JAX
5616,Mike Ramsay,NT,DL,
5617,Austin Barnard,P,P,
5618,Larry Rose,RB,RB,
5619,Dalyn Dawkins,RB,RB,
562,J.D. Walton,C,OL,
5620,Elijaah Goins,FS,DB,
5621,Mason Gentry,G,DL|OL,
5622,Jalen Wilkerson,DE,DL,
5623,Mike Love,DE,DL,
5624,Keith Ford,RB,RB,
5625,Cam Phillips,WR,WR,
5626,Bunmi Rotimi,DE,DL,
5627,Andrew Trumbetti,DE,DL,
5628,Cavon Walker,DT,DL,
5629,Kevin Toliver,CB,DB,
563,Eric Berry,SS,DB,
5630,Nick Orr,SS,DB,
5631,Dejon Allen,G,OL,
5632,Elijah Norris,ILB,LB,
5633,Nyles Morgan,ILB,LB,
5634,Michael Joseph,CB,DB,
5635,Rashard Fant,CB,DB,
5636,Abdullah Anderson,DE,DL,
5637,Garrett Johnson,WR,WR,
5638,Shaq Roland,WR,WR,CHI
5639,Ryan Winslow,P,P,
564,Dexter McCluster,RB,RB,
5640,Junior Joseph,ILB,LB,
5641,Chris Worley,ILB,LB,
5642,Trayvon Henderson,DB,DB,
5643,Austin Fleer,OT,OL,
5644,Bryon Fields,DB,DB,
5645,Nick Gates,C,OL,
5646,Tae Davis,LB,LB,
5647,Grant Haley,DB,DB,
5648,Tyler Howell,OT,OL,
5649,Duplicate Player,,,
565,Tony Moeaki,TE,TE,
5650,Dominick Sanders,FS,DB,
5651,Toby Weathersby,OT,OL,
5652,Ian Park,G,OL,
5653,Jordan Thomas,CB,DB,
5654,Stephen Roberts,SS,DB,
5655,Ryan Neal,SS,DB,
5656,Aaron Evans,G,OL,
5657,Asantay Brown,OLB,DB|LB,
5658,Dee Delaney,CB,DB,
5659,John Atkins,DT,DL,
566,Stevie Brown,SS,DB,
5660,Frank Herron,DE,DL,
5661,Chris Lacy,WR,WR,
5662,A.J. Moore,DB,DB,
5663,Shane Wimann,RB,RB,
5664,Trent Harris,LB,LB,
5665,Darren Andrews,WR,WR,
5666,Matt Diaz,OT,OL,
5667,Elijah Nkansah,OL,OL|OT,
5668,Aaron Stinnie,G,OG|OL,NYG
5669,Sharif Finch,LB,DL|LB,
567,Jacoby Ford,WR,WR,
5670,Nick DeLuca,TE,LB|TE,
5671,Joshua Kalu,DB,DB,
5672,Ryan McKinley,CB,DB,
5673,Davin Bellamy,LB,LB,
5674,Andre Chachere,DB,DB,
5675,Ed Shockley,LB,LB,
5676,Kyle Queiro,ILB,DB|LB,
5677,Mo Porter,OT,OL,
5678,Ike Boettger,OG,OG|OL,
5679,Ryan Carter,CB,DB,
568,Lamarr Houston,LB,LB,
5680,Corey Thompson,OLB,LB,
5681,Johnathan Alston,FS,DB,
5682,Cayson Collins,OLB,LB,
5683,David Steinmetz,T,OL|OT,
5684,JoJo Wicker,DE,DL,
5685,Chad Meredith,OLB,LB,
5686,Amari Coleman,CB,DB,
5687,Anthony Sherrils,DB,DB,
5688,John Montelus,G,OL,
5689,Josh Fatu,DT,DL,
569,Jared Veldheer,OT,OL|OT,
5690,Al-Rasheed Benton,ILB,LB,
5691,Mike Ford,DB,DB,ATL
5692,Ryan Santoso,K,K|P,
5693,Beau Nunn,G,OL,
5694,Antwuan Davis,CB,DB,
5695,Brandon Powell,WR,WR,
5696,Chris Okoye,DT,DL,
5697,Zach Olstad,RB,RB,
5698,Brett Kendrick,OT,OL,
5699,Matt Fleming,WR,WR,
57,Steven Jackson,RB,RB,
570,Seyi Ajirotutu,WR,WR,
5700,Robert Martin,RB,RB,
5701,Connor Flagel,DE,DL,
5702,Pat Afriyie,DE,DL,
5703,Deontez Alexander,WR,WR,
5704,David Tepper,,,
5705,John Franklin,WR,WR,
5706,Jeremi Hall,G,OL,
5707,Tyrin Holloway,CB,DB,
5708,Da'Sean Downey,DE,DL,
5709,Luis Perez,QB,QB,
571,Ryan Mathews,RB,RB,
5710,Nick Holley,WR,WR,
5711,Brian Womac,OLB,LB,
5712,Tyrice Beverette,FS,DB,
5713,Mike Jones,CB,DB,
5714,Tim Wilson,WR,WR,
5715,R.J. Prince,OG,OG|OL,
5716,Brandon Smith,OT,OL,
5717,Manase Hungalu,OLB,LB,
5718,Ryan Yurachek,TE,TE,
5719,KeShun Freeman,OLB,LB,
572,Darrell Stuckey,FS,DB,
5720,Vontae Diggs,OLB,LB,
5721,Corey Bojorquez,P,P,CLE
5722,Darvin Kidsy,WR,WR,
5723,Casey Dunn,C,OL,
5724,Joseph Este,S,DB,
5725,Tobenna Okeke,OLB,LB,
5726,Robert Spillane,LB,LB,NE
5727,Nick Thurman,DE,DL,
5728,Kendall Calhoun,OT,OL,
5729,Quinterrius Eatmon,OT,OL,
573,Cam Thomas,NT,DL,
5730,Mark Myers,CB,DB,
5731,Ruben Holcomb,G,OL,
5732,Jared Machorro,OT,OL,
5733,Clayton Wilson,TE,TE,
5734,C.J. Duncan,WR,WR,
5735,Airius Moore,ILB,LB,
5736,Dallin Leavitt,DB,DB,
5737,Drew Scott,LS,LS,KC
5738,Josh Okonye,CB,DB,
5739,Afolabi Laguda,FS,DB,
574,Dez Bryant,WR,WR,
5740,Chucky Williams,DB,DB,
5741,Steven Parker,DB,DB,
5742,Blaine Woodson,DE,DL,
5743,Michael Cirino,S,DB,
5744,Eldridge Massington,WR,WR,NO
5745,Nick Stevens,QB,QB,
5746,Shaheed Salmon,ILB,LB,
5747,Kayaune Ross,WR,WR,
5748,DeMarquis Gates,ILB,LB,
5749,Kyle Wilson,OLB,LB,
575,Barry Church,SS,DB,
5750,Garrett Hudson,TE,TE,
5751,Austin Roberts,TE,TE,
5752,Sherman Badie,RB,RB,
5753,Chris Board,LB,LB,
5754,Jaeden Graham,TE,TE,
5755,Duplicate Player,TE,TE,
5756,Garrett Dickerson,TE,TE,
5757,Josh Woods,LB,LB,ATL
5758,Jackson Porter,CB,DB,
5759,Nate Holley,DB,DB,
576,Sean Lee,LB,LB,
5760,Josh Crockett,WR,WR,
5761,Trevor Darling,G,OL,
5762,Josh Smith,WR,WR,
5763,Bentley Spain,OT,OL,
5764,Juante Baldwin,CB,DB,
5765,Bo Bower,OLB,LB,
5766,Sam Beal,CB,DB,
5767,Adonis Alexander,DB,DB,NO
5768,Brandon Bryant,SS,DB,
5769,Ro'Derrick Hoskins,LB,LB,
577,Danny McCray,SS,DB,
5770,J.P. Quinn,C,OL,
5771,Kiante Anderson,DE,DL,
5772,Aaron Lacombe,WR,WR,
5773,KhaDarel Hodge,WR,WR,
5774,Cam Serigne,TE,TE,
5775,Jared Murphy,WR,WR,
5776,Mark Chapman,WR,WR,
5777,Malachi Jones,WR,WR,
5778,Zaycoven Henderson,DT,DL,
5779,Blake Jackson,WR,WR,
578,Sam Young,OT,OL|OT,
5780,Adam Reth,DE,DL,
5781,Malik Turner,WR,WR,SF
5782,Erick Wren,G,OL,
5783,Christian Boutte,CB,DB,
5784,Jonathan Celestin,LB,LB,
5785,James Butler,RB,RB,
5786,Marcus Peterson,WR,WR,
5787,Bryce Bobo,WR,WR,
5788,Dante Sawyer,DE,DL,
5789,Nathan Bazata,DT,DL,
579,Linval Joseph,DT,DL,
5790,Mike Basile,S,DB,
5791,Gerald Holmes,RB,RB,
5792,Jeremy Reaves,DB,DB,WAS
5793,Davond Dade,DE,DL,
5794,Simeyon Robinson,DE,DL,
5795,Bryce Canady,CB,DB,
5796,Austin Wolf,WR,WR,
5797,Duplicate Player,ILB,LB,DEN
5798,Darren Carrington,WR,WR,
5799,Darius Prince,WR,WR,
58,Greg Olsen,TE,TE,
580,Nate Allen,FS,DB,
5800,Justin Stockton,RB,RB,
5801,Kobe McCrary,RB,RB,
5802,Allenzae Staggers,WR,WR,
5803,Jacob Judd,C,OL,
5804,Julian Williams,WR,WR,
5805,Jacob Ohnesorge,C,OL,
5806,John Wolford,QB,QB,
5807,Jaboree Williams,OLB,LB,
5808,Connor Jessop,QB,QB,
5809,Ja'Quan Gardner,RB,RB,
581,Kurt Coleman,FS,DB,
5810,Trey Walker,DB,DB,
5811,Mike Hughes,DT,DL,
5812,Dan Mccullers-sanders,DT,DL,
5813,Adarius Taylor,LB,LB,
5814,Frank Stephens,WR,WR,
5815,Chris Jones,CB,DB,
5816,Nick Bosa,DE,DL,SF
5817,Byron Leftwich,QB,QB,
5818,Freddie Kitchens,,,
5819,Vince Manuwai,G,OL,
582,Riley Cooper,WR,WR,
5820,BenJarvus Green-Ellis,RB,RB,
5821,Dan Quinn,C,OL,
5822,Alexander Johnson,LB,LB,
5823,Tristan Vizcaino,K,K,
5824,Hayden Hunt,P,P,
5825,Eric Cotton,DE,DL,
5826,Jameer Thurman,ILB,LB,
5827,Tevaughn Campbell,CB,DB,
5828,Diontae Spencer,WR,WR,
5829,David Bright,G,OL,
583,Brandon Graham,DE,DL,
5830,Sam Eguavoen,LB,LB,
5831,Bryant Mitchell,WR,WR,
5832,Mercy Maston,CB,DB,
5833,Kevin O'Connell,QB,QB,
5834,Sean Ryan,TE,TE,
5836,Tre' Williams,OLB,LB,
5837,Redford Jones,K,K,
5838,Phillip Andersen,K,K,
5839,Rashan Gary,LB,DL|LB,DAL
584,Clay Harbor,TE,TE,
5840,Josh Hines-Allen,DE,DL|LB,JAX
5841,Ed Oliver,DT,DL,BUF
5842,Clelin Ferrell,DE,DL,
5843,Devin Bush,LB,LB,CHI
5844,T.J. Hockenson,TE,TE,MIN
5845,Dwayne Haskins,QB,QB,PIT
5846,DK Metcalf,WR,WR,PIT
5847,Dexter Lawrence,DT,DL,CIN
5848,Marquise Brown,WR,WR,PHI
5849,Kyler Murray,QB,QB,MIN
585,Austin Howard,T,OL,
5850,Josh Jacobs,RB,RB,GB
5851,Jachai Polite,LB,LB,
5852,DeAndre Baker,CB,DB,
5853,Trayvon Mullen,CB,DB,
5854,Drew Lock,QB,QB,SEA
5855,Garrett Bradbury,C,OL,CHI
5856,Cody Ford,OL,OL,
5857,Noah Fant,TE,TE,NO
5858,Andre Dillard,T,OL|OT,
5859,A.J. Brown,WR,WR,NE
586,Mike Kafka,QB,QB,
5860,Johnathan Abram,DB,DB,
5861,L.J. Collier,DE,DL,ARI
5862,Brian Burns,DE,DL|LB,NYG
5863,J.J. Arcega-Whiteside,WR,TE,
5864,Byron Murphy,CB,DB,MIN
5865,Dre'Mont Jones,DE,DL,NE
5866,Deionte Thompson,DB,DB,
5867,Dalton Risner,G,OL,CIN
5868,Greg Little,T,OL|OT,
5869,Michael Jordan,G,OG|OL,
587,Logan Paulsen,TE,TE,
5870,Daniel Jones,QB,QB,IND
5871,Zach Allen,DE,DL,DEN
5872,Deebo Samuel,WR,WR,SF
5873,Riley Ridley,WR,WR,
5874,Kaleb McGary,T,OL|OT,
5875,Erik McCoy,OL,OL,NO
5876,Julian Love,DB,DB,SEA
5877,Elgton Jenkins,G,OG|OL,CLE
5878,N'Keal Harry,TE,TE,
5879,Jaylon Ferguson,LB,DL|LB,
588,Henry Melton,DE,DL,
5880,Parris Campbell,WR,WR,
5881,Nasir Adderley,DB,DB,
5882,Taylor Rapp,DB,DB,DEN
5883,Lonnie Johnson,DB,DB,
5884,Kelvin Harmon,WR,WR,
5885,Ryan Finley,QB,QB,
5886,Hakeem Butler,TE,TE,
5887,Dru Samia,OL,OG|OL,
5888,Amani Oruwariye,CB,DB,BAL
5889,Bryce Love,RB,RB,
589,J'Marcus Webb,OT,OL|OT,
5890,Damien Harris,RB,RB,
5891,Yodny Cajuste,OL,OL,
5892,David Montgomery,RB,RB,HOU
5893,C.J. Gardner-Johnson,DB,DB,BUF
5894,Germaine Pratt,LB,LB,
5895,Chris Lindstrom,G,OG|OL,ATL
5896,Tre Lamar,ILB,LB,
5897,Lukas Denis,FS,DB,
5898,Michael Deiter,OL,OL,DEN
5899,Jamal Peters,CB,DB,
59,Mason Crosby,K,K,
590,Corey Wootton,DE,DL,
5900,Shareef Miller,LB,DL|LB,
5901,Tytus Howard,OL,DL|OL|OT,CLE
5902,Penny Hart,WR,WR,
5903,Will Grier,QB,QB,
5904,David Edwards,OL,OL|OT,NO
5905,Justin Layne,CB,DB,
5906,Dawson Knox,TE,TE,BUF
5907,Vosean Joseph,OLB,LB,
5908,Amani Hooker,DB,DB,TEN
5909,Hamp Cheevers,CB,DB,
591,Major Wright,SS,DB,
5910,Ben Powers,G,OG|OL,DEN
5911,Jalen Hurd,WR,WR,
5912,Carl Granderson,DE,DL|LB,NO
5913,Connor McGovern,G,OG|OL,BUF
5914,David Long,CB,DB,NO
5915,Andy Isabella,WR,WR,
5916,Darrell Henderson,RB,RB,
5917,Mecole Hardman,WR,WR,
5918,Rodney Anderson,RB,RB,
5919,Elijah Holyfield,RB,RB,
592,Jahvid Best,RB,RB,
5920,Will Harris,DB,DB,
5921,Kris Boyd,CB,DB,
5922,Mike Bell,LB,DB|LB,
5923,Joe Jackson,DE,DL,
5924,Emanuel Hall,WR,WR,
5925,Terry Beckner,DT,DL,
5926,Dontavius Russell,NT,DL,
5927,Terry McLaurin,WR,WR,WAS
5928,David Long,LB,LB,
5929,Anthony Johnson,WR,WR,
593,Jason Fox,T,OL,
5930,Jaquan Johnson,DB,DB,
5931,Blace Brown,CB,DB,
5932,Beau Benzschawel,G,OG|OL,
5933,Bless Austin,DB,DB,
5934,Charles Omenihu,DE,DL,WAS
5935,Jalen Jelks,DE,DL,
5936,Nate Davis,G,OL,
5937,Diontae Johnson,WR,WR,
5938,Lil'Jordan Humphrey,WR,WR,DEN
5939,Terrill Hanks,OLB,LB,
594,Ndamukong Suh,DT,DL,
5940,Landis Durham,OLB,LB,
5941,Felton Davis,WR,WR,
5942,Austin Bryant,LB,DL,
5943,Ross Pierschbacher,OL,OL,
5944,Bobby Okereke,LB,LB,CAR
5945,Jonathan Ledbetter,DE,DL,
5946,Jamel Dean,CB,DB,PIT
5947,Jakobi Meyers,WR,WR,JAX
5948,Bobby Evans,OL,OG|OL,
5949,Paul Adams,OT,OL|OT,
595,Willie Young,LB,LB,
5950,Nyqwan Murray,WR,WR,
5951,Isaiah Johnson,CB,DB,
5952,Chase Hansen,LB,LB,
5953,Demarcus Christmas,DT,DL,
5954,Jordan Brailford,DE,DL|LB,
5955,Hunter Renfrow,WR,WR,
5956,Isaiah Prince,T,OL|OT,
5957,Isaac Nauta,TE,TE,GB
5958,JoJo McIntosh,SS,DB,
5959,Mike Edwards,DB,DB,
596,Bryan Bulaga,T,OL|OT,LAC
5960,T.J. Edwards,LB,LB,CHI
5961,Jalin Moore,RB,RB,
5962,KeeSean Johnson,WR,WR,
5963,Nate Herbig,G,OG|OL,
5964,Dennis Daley,G,OG|OL|OT,
5965,Miles Boykin,WR,WR,
5966,Wyatt Ray,DE,DL|LB,
5967,Tony Pollard,RB,RB,TEN
5968,Mark Fields,CB,DB,SF
5969,Chuma Edoga,OT,OL|OT,BAL
597,Morgan Burnett,SS,DB,
5970,Greg Dortch,WR,WR,BUF
5971,Ben Banogu,DE,DL|LB,
5972,B.J. Autry,G,OL,
5973,Josh Oliver,TE,TE,MIN
5974,Trace McSorley,QB,QB,
5975,Alize Mack,TE,TE,
5976,Karan Higdon,RB,RB,
5977,Terry Godwin,WR,WR,
5978,Emeke Egbule,LB,LB,
5979,Ryan Connelly,LB,LB,
598,Tim Masthay,P,P,
5980,Myles Gaskin,RB,RB,
5981,Greg Gaines,DT,DL,BUF
5982,Marquise Blair,DB,DB,
5983,Sheldrick Redwine,DB,DB,
5984,Anthony Ratliff-Williams,WR,WR,
5985,Foster Moreau,TE,TE,HOU
5986,Christian Miller,LB,DL|LB,
5987,Alexander Mattison,RB,RB,
5988,Mitch Hyatt,OL,OL,
5989,Trysten Hill,DT,DL,
599,Mike Neal,LB,LB,
5990,Terez Hall,LB,LB,
5991,Maxx Crosby,DE,DL,LV
5992,Jonathan Crawford,FS,DB,
5993,Dakota Allen,LB,LB,
5994,Kendall Joseph,ILB,LB,
5995,Justice Hill,RB,RB,BAL
5996,Porter Gustin,DE,DL|LB,
5997,Jazz Ferguson,WR,WR,
5998,Clifton Duck,CB,DB,
5999,D'Cota Dixon,FS,DB,
6,Brandon Mebane,NT,DL,
60,Andre Fluellen,DT,DL,
600,Marshall Newhouse,OL,OL,
6000,Ryan Bates,OL,OL,
6001,Drew Sample,TE,TE,CIN
6002,Qadree Ollison,RB,RB,
6003,Anthony Nelson,LB,LB,TB
6004,Andre James,C,OL|OT,BAL
6005,Kevin Givens,DT,DL,SF
6006,Byron Cowart,DT,DL,WAS
6007,Ryquell Armstead,RB,RB,
6008,Yosh Nijman,T,OL|OT,
6009,Jordan Miller,DB,DB,
601,Andrew Quarless,TE,TE,
6010,Chidi Okeke,OT,OL,
6011,Gardner Minshew,QB,QB,ARI
6012,Travis Homer,RB,RB,PIT
6013,Saquan Hampton,DB,DB,
6014,Rashad Fenton,CB,DB,
6015,Deshaun Davis,OLB,LB,
6016,Dax Raymond,TE,TE,PIT
6017,DaMarkus Lodge,WR,WR,
6018,Zach Gentry,TE,TE,
6019,Johnnie Dixon,WR,WR,
602,Sam Shields,CB,DB,
6020,Te'von Coney,LB,LB,
6021,Nick Brossette,RB,RB,
6022,Javon Patterson,OL,OL,
6023,Iman Marshall,CB,DB,
6024,Fred Johnson,T,OL|OT,PHI
6025,Mike Jackson,CB,DB,CAR
6026,Albert Huggins,DT,DL,
6027,Nate Hall,LB,LB,
6028,Derwin Gray,T,OL|OT,
6029,Jackson Barton,T,OL|OT,
603,C.J. Wilson,DE,DL,
6030,Jordan Brown,DB,DB,
6031,Alex Barnes,RB,RB,
6032,Keelan Doss,WR,WR,
6033,Isaiah Buggs,DE,DL,
6034,Donnie Lewis,CB,DB,DEN
6035,Cece Jefferson,OLB,LB,
6036,Ryan Davis,WR,WR,
6037,Brett Rypien,QB,QB,TB
6038,Damian Prince,OT,OL,
6039,Ty Johnson,RB,RB,BUF
604,Toby Gerhart,RB,RB,
6040,Tyree Jackson,TE,TE,
6041,Breckyn Hager,OLB,LB,
6042,Davante Davis,CB,DB,
6043,Amani Bledsoe,DE,DL,
6044,Alex Bars,OL,OL,
6045,Gary Jennings,WR,WR,LAC
6046,Joe Dineen,ILB,LB,
6047,Dillon Mitchell,WR,WR,
6048,Daylon Mack,DT,DL,
6049,Tyre Brady,WR,WR,
605,Everson Griffen,DE,DL,
6050,Brandon Knight,T,OL|OT,
6051,Darryl Johnson,DE,DL|LB,
6052,Khalil Hodge,ILB,LB,
6053,Jesse Burkett,C,OL,
6054,Derrick Baity,CB,DB,
6055,Natrez Patrick,LB,LB,
6056,Dre Greenlaw,LB,LB,SF
6057,Ulysees Gilbert,LB,LB,
6058,Lamont Gaillard,C,OL,
6059,Travis Fulgham,WR,WR,
606,Joe Webb,QB,QB,
6060,Sean Murphy-Bunting,CB,DB,PIT
6061,Drew Lewis,ILB,LB,
6062,Tyler Jones,G,OL,
6063,Tyron Billy-Johnson,WR,WR,
6064,E.J. Ejiya,OLB,LB,
6065,Cody Barton,LB,LB,TEN
6066,Joey Alfieri,OLB,LB,
6067,Ryan Pope,OT,OL|OT,
6068,Devine Ozigbo,RB,RB,
6069,Stanley Morgan,WR,WR,
607,Joe Hawley,C,OL,
6070,Jimmy Moreland,CB,DB,
6071,Cameron Glenn,S,DB,
6072,Bruce Anderson,RB,RB,
6073,Ryan Pulley,CB,DB,
6074,Donald Parham,TE,TE,
6075,Jesper Horsted,TE,TE,
6076,Justin Hollins,LB,LB,
6077,Phil Haynes,OG,OG|OL,
6078,Nick Natour,G,OL,
6079,Gary Johnson,ILB,LB,
608,Corey Peters,DT,DL,
6080,Vitas Hrynkiewicz,C,OL,
6081,Kendall Blanton,TE,TE,
6082,Corbin Kaufusi,OL,DL|OL,
6083,Matt Gay,K,K,LV
6084,Hjalte Froholdt,G,OG|OL,ARI
6085,Jeff Allison,ILB,LB,
6086,Tyler Roemer,OT,OL,
6087,Chris Johnson,DB,DB,
6088,Bisi Johnson,WR,WR,
6089,Daniel Helm,TE,TE,
609,Antone Smith,RB,RB,
6090,Montre Hartage,DB,DB,
6091,Jovon Durante,WR,WR,
6092,Venzell Boulware,G,OL,
6093,Jake Bailey,P,P,ATL
6094,Sam Mustipher,OL,OL,JAX
6095,Kiy Hester,S,DB,
6096,Jamell Garcia-Williams,LB,DL|LB,
6097,Jamal Custis,WR,WR,
6098,Ben Burr-Kirven,LB,LB,
6099,B.J. Blunt,ILB,LB,
61,Cortland Finnegan,CB,DB,
610,Sean Weatherspoon,LB,LB,
6100,Ed Alexander,DT,DL,
6101,Brian Peavy,CB,DB,
6102,Sua Opeta,G,OG|OL,
6103,Kingsley Keke,DE,DL,
6104,Alijah Holder,DB,DB,
6105,Joe Giles-Harris,LB,LB,CIN
6106,Taiwan Deal,RB,RB,
6107,Emmanuel Butler,WR,WR,
6108,Jacques Patrick,RB,RB,
6109,Alec Ingold,FB,RB,LAC
611,Jimmy Clausen,QB,QB,
6110,Lester Cotton,G,OG|OL,
6111,Jake Browning,QB,QB,
6112,Martez Ivey,OT,OL|OT,
6113,Garrett Brumfield,G,OL,
6114,Zack Bailey,G,OL,
6115,Wes Hills,RB,RB,
6116,John Cominsky,DE,DL,
6117,Dennis Allen,,,
6118,Quinnen Williams,DT,DL,DAL
6119,Devin White,LB,LB,DET
612,Greg Hardy,DE,DL,
6120,Christian Wilkins,DT,DL,
6121,Jawaan Taylor,OL,OL|OT,ATL
6122,Jonah Williams,T,OL|OT,
6123,Greedy Williams,CB,DB,
6124,Montez Sweat,DE,DL,CHI
6125,Jeffery Simmons,DT,DL,TEN
6126,Irv Smith,TE,TE,
6127,Joejuan Williams,CB,DB,
6128,Rock Ya-Sin,CB,DB,DET
6129,Jerry Tillery,DT,DL,IND
613,Brandon LaFell,WR,WR,
6130,Devin Singletary,RB,RB,NYG
6131,Mack Wilson,LB,LB,ARI
6132,Oshane Ximines,LB,LB,
6133,Chase Winovich,DE,DL,
6134,Gerald Willis,NT,DL,
6135,D'Andre Walker,LB,LB,
6136,Jarrett Stidham,QB,QB,DEN
6137,Tommy Sweeney,TE,TE,
6138,Saivion Smith,CB,DB,
6139,Jace Sternberger,TE,TE,
614,Robert McClain,CB,DB,
6140,Kendall Sheffield,DB,DB,
6141,Drue Tranquill,LB,LB,KC
6142,Caleb Wilson,TE,TE,
6143,Marvell Tell,CB,DB,
6144,Trayveon Williams,RB,RB,
6145,Juan Thornhill,DB,DB,
6146,Kaden Smith,TE,TE,
6147,Clayton Thorson,QB,QB,NYG
6148,Preston Williams,WR,WR,
6149,Darius Slayton,WR,WR,IND
615,Charles Brown,T,OL,
6150,Max Scharping,OL,OL,
6151,Miles Sanders,RB,RB,
6152,Khari Willis,DB,DB,
6153,Dexter Williams,RB,RB,
6154,David Sills,WR,WR,TB
6155,Jaylen Smith,WR,WR,
6156,Benny Snell,RB,RB,
6157,Renell Wren,DT,DL,
6158,Oli Udoh,G,OL|OT,
6159,Mike Weber,RB,RB,
616,Jimmy Graham,TE,TE,
6160,Josiah Tauaefa,ILB,LB,
6161,L.J. Scott,RB,RB,
6162,Darius West,S,DB,
6163,Alex Wesley,WR,WR,
6164,Kahale Warring,TE,TE,
6165,Antoine Wesley,WR,WR,
6166,Brandon Snyder,S,DB,
6167,Jordan Scarlett,RB,RB,MIA
6168,John Ursua,WR,WR,
6169,James Williams,RB,RB,
617,Patrick Robinson,CB,DB,
6170,Darrell Williams,OLB,LB,
6171,Cody Thompson,WR,WR,
6172,Evan Worthington,SS,DB,
6173,Mitch Wishnowsky,P,P,NE
6174,Chris Slayton,DT,DL,
6175,Kerrith Whyte,RB,RB,GB
6176,Cameron Smith,LB,LB,
6177,Khalen Saunders,DT,DL,
6178,Darwin Thompson,RB,RB,
6179,Jahlani Tavai,LB,LB,JAX
618,Arrelious Benn,WR,WR,
6180,Darius Williams,CB,DB,
6181,Trevon Wesco,TE,TE,
6182,Jordan Wyatt,CB,DB,
6183,Andrew Van Ginkel,LB,DL|LB,MIN
6184,Derrek Thomas,DB,DB,
6185,Easton Stick,QB,QB,TB
6186,Armon Watts,DT,DL,
6187,Aca'Cedric Ware,RB,RB,
6188,Sutton Smith,FB,RB,
6189,Zedrick Woods,FS,DB,
619,Gerald McCoy,DT,DL,
6190,Keith Butler,LB,LB,SEA
6192,Chris Blewitt,K,K,
6193,Cole Murphy,K,K,
6194,Rick Spielman,,,
6195,Damon Sheehy-Guiseppi,WR,WR,
6196,Christian Wade,RB,RB,
6197,Durval Queiroz Neto,G,DL|OL,MIA
6198,Andrew Ankrah,DE,DL|LB,
62,Trent Cole,LB,LB,
620,Preston Parker,WR,WR,
6202,Jakob Johnson,FB,RB,
6203,Valentine Holmes,RB,RB,
6204,Cole Mazza,LS,LS,
6205,Brandon Silvers,QB,QB,
6206,Cody Brown,SS,DB,
6207,Jordan Martin,SS,DB,
6208,Elliott Fry,K,K,
6209,Ishmael Hyman,WR,WR,
621,Sam Bradford,QB,QB,
6210,Darnell Savage,DB,DB,
6211,Sione Takitaki,LB,LB,
6213,Trey Pipkins,T,OL|OT,LAC
6214,Quincy Williams,LB,LB,CLE
6215,Wes Martin,G,OG|OL,
6216,Ugo Amadi,DB,DB,
6217,Blake Cashman,LB,LB,MIN
6218,E.J. Speed,LB,LB,HOU
6219,Austin Seibert,K,K,
622,Michael Hoomanawanui,TE,TE,
6220,Cole Holcomb,LB,LB,PIT
6221,Justin Skule,OT,OL|OT,TB
6222,Ka'dar Hollman,DB,DB,
6223,Juwann Winfree,WR,WR,
6224,Drew Forbes,OG,OG|OL,
6225,Kahzin Daniels,OLB,LB,
6226,Rashard Causey,CB,DB,
6227,Nick Easley,WR,WR,
6228,Adarius Pickett,SS,DB,
6229,Malik Carney,OLB,LB,
623,Rodger Saffold,G,OG|OL,
6230,Javier Edwards,NT,DL,
6231,John Lovett,QB,RB,
6232,Jalin Burrell,CB,DB,
6233,Matt Sokol,TE,TE,
6234,Deonte Harty,WR,WR,
6235,Kyle Phillips,DT,DL,
6236,Travon McMillian,RB,RB,
6237,Wilton Speight,QB,QB,
6238,Tyree Mayfield,TE,TE,
6239,Malik Taylor,WR,WR,
624,Eugene Sims,DE,DL,
6240,Ron'quavion Tarver,WR,WR,
6241,Jontrell Rocquemore,S,DB,
6242,Aaron Wade,S,DB,
6243,Chris Westry,CB,DB,
6244,Brandon Rusnak,CB,DB,
6245,Gaje Ferguson,S,DB,
6246,Jeremy Cox,RB,RB,
6247,Jason Moore,WR,WR,
6248,Trevion Thompson,WR,WR,
6249,Josh Corcoran,OLB,LB,
625,Darian Stewart,FS,DB,
6250,Eurndraus Bryant,DT,DL,
6251,Reggie Howard,DT,DL,
6252,Chris Peace,OLB,LB,
6253,Elijah Zeise,LB,LB,
6254,Kemon Hall,CB,DB,
6255,Bradford Lemmons,CB,DB,
6256,Rodney Randle,CB,DB,
6257,Roderic Teamer,DB,DB,
6258,Nik Needham,CB,DB,
6259,Darnell Holland,RB,RB,
626,Jim Dray,TE,TE,
6260,Jake Powell,TE,TE,
6261,Reggie White,WR,WR,
6262,Jeremiah Harris,DE,DL,
6263,Trevor Wood,TE,TE,
6264,Jay Hayes,DE,DL,
6265,Chris Nelson,DE,DL,
6266,Alexander Myres,CB,DB,
6267,Dravon Askew-Henry,SS,DB,
6268,Matthew Wright,K,K,
6269,Kyle Shurmur,QB,QB,
627,Andre Roberts,WR,WR,
6271,Olamide Zaccheaus,WR,WR,ATL
6272,Gerri Green,DE,DL|LB,
6273,P.J. Johnson,DT,DL,LV
6279,Brandon Dillon,TE,TE,
628,Daryl Washington,ILB,LB,
6281,John Keenoy,C,OL,
6283,Corey Ballentine,CB,DB,
6284,Marcus Epps,DB,DB,PHI
6285,Xavier Crawford,DB,DB,
6286,Tim Harris,CB,DB,
6288,Marcus Green,WR,WR,
6289,Duke Shelley,DB,DB,
629,Dan Williams,DT,DL,
6290,Scotty Miller,WR,WR,CHI
6291,Donovan Wilson,DB,DB,
6292,Nick Allegretti,G,OG|OL,WAS
6293,Cullen Gillaspia,RB,RB,
6294,Ty Summers,LB,LB,
6296,Quinton Bell,LB,DL|LB,
6297,George Asafo-Adjei,OT,OL,
6298,Chandler Cox,FB,RB,
6299,Stephen Denmark,CB,DB,
63,Vonta Leach,RB,RB,
630,Phillip Adams,CB,DB,
6300,Cortez Broughton,DT,DL,
6301,Nick Scott,DB,DB,CAR
6302,Kaden Elliss,LB,LB,NO
6303,Joshua Miles,OL,OL|OT,
6304,Michael Dogbe,DE,DL,
6305,Austin Cutting,LS,LS,
6306,Patrick Mekari,OL,LB|OL,JAX
6307,Jordan Kunaszyk,LB,LB,
6308,Ian Bunting,TE,TE,
6309,Austin Exford,FS,DB,
631,Alex Boone,OG,OG|OL,
6310,Tae Hayes,CB,DB,
6311,Patrick Laird,RB,RB,
6312,Myquon Stout,DE,DL,
6313,Duplicate Player,WR,WR,
6314,Cam Lewis,CB,DB,CHI
6315,Tyrel Dodson,LB,LB,CAR
6316,Juwan Foggie,LB,LB,
6317,Jacob Dolegala,QB,QB,
6318,Jordan Ellis,RB,RB,
6319,Tyree Kinnel,SS,DB,
632,Navorro Bowman,LB,LB,
6320,Jonathan Duhart,WR,WR,
6321,Tim Ward,DE,DL,
6322,Xavier Ubosi,WR,WR,
6323,Andrew Beck,RB,RB,NYJ
6324,Malik Gant,DB,DB,
6325,Fredrick Jones,DT,DL,
6326,Trevon Sanders,NT,DL,
6327,Jamey Mosley,OLB,LB,
6328,Kyron Brown,CB,DB,
6329,John Battle,DB,DB,
633,Tramaine Brock,CB,DB,
6330,Santos Ramirez,FS,DB,
6331,Koa Farmer,OLB,LB,
6332,Dylan Mabin,CB,DB,
6333,Keisean Nixon,CB,DB,GB
6334,Damarea Crockett,RB,RB,
6335,Walter Palmore,DT,DL,
6336,Jesse Aniebonam,OLB,LB,
6337,Johnny Dwight,NT,DL,
6338,Ira Savage-Lewis,NT,DL,
6339,Jamal Davis,DE,DL|LB,
634,Anthony Davis,OT,OL,
6340,Chase Middleton,LB,LB,
6341,Dexter Wright,S,DB,
6342,Stephen Louis,WR,WR,
6343,Manny Wilkins,QB,QB,
6344,Picasso Nelson,CB,DB,
6345,Durrant Miles,DE,DL,
6346,Yurik Bethune,DE,DL|LB,
6347,Tre' Crawford,ILB,LB,
6348,Del'Shawn Phillips,LB,LB,LAC
6349,Jayson Stanley,CB,DB,
635,Mike Iupati,G,OL,
6350,Parker Baldwin,SS,DB,
6351,Corrion Ballard,S,DB,
6352,Matt Colburn,RB,RB,
6353,Troy Reeder,LB,LB,NYJ
6354,Nathan Meadors,DB,DB,
6355,Micah Abernathy,FS,DB,
6356,Dante Booker,OLB,LB,
6357,Shawn Bane,WR,WR,
6358,Kahlil Lewis,WR,WR,
6359,C.J. Worton,WR,WR,
636,Chris Maragos,SS,DB,
6360,Chandler Miller,C,OL,
6361,Raphael Leonard,WR,WR,
6362,Dredrick Snelson,WR,WR,
6363,Michael Walker,WR,WR,
6364,Papi White,WR,WR,
6365,Carson Meier,TE,TE,
6366,Andrew Williams,DT,DL,
6367,Roderick Young,DT,DL,
6368,Shane Bowman,DE,DL,
6369,Khairi Clark,DL,DL,
637,Taylor Mays,FS,DB,
6370,Damion Jeanpiere,WR,WR,
6371,Drew Anderson,QB,QB,
6372,Xavier Turner,RB,RB,
6373,A.J. Richardson,WR,WR,
6374,Drew Belcher,TE,TE,
6375,Jerome Washington,TE,TE,
6376,James Folston,OLB,LB,
6377,Immanuel Turner,DE,DL,
6378,Miles Brown,NT,DL,
6379,Khari Blasingame,FB,RB,
638,Kyle Williams,WR,WR,
6380,Davion Davis,WR,WR,
6381,Alexander Hollins,WR,WR,
6382,Tito Odenigbo,DT,DL,
6383,Anree Saint-Amour,DE,DL,
6384,Justin Sumpter,WR,WR,
6385,Matt Colburn,RB,RB,
6386,Alex Bachman,WR,WR,LAR
6387,Nsimba Webster,WR,WR,
6388,Romello Brooker,TE,TE,
6389,Keenen Brown,TE,TE,
639,Kam Chancellor,SS,DB,
6390,Marquise Copeland,DT,DL,
6391,Tyrell Thompson,DT,DL,
6392,Johnathan Lloyd,WR,WR,
6393,Elkanah Dillon,TE,TE,
6394,Romell Guerrier,WR,WR,
6395,Trinity Benson,WR,WR,
6396,Austin Fort,TE,TE,
6397,Jaylen Johnson,DL,DL,
6398,Ahmad Gooden,LB,LB,
6399,Kano Dillon,TE,TE,
64,Owen Daniels,TE,TE,
640,Anthony McCoy,TE,TE,
6400,Ryan Bee,DE,DL,ARI
6401,T.J. Rahming,WR,WR,
6402,Steven Sims,WR,WR,
6403,Ian Berryman,P,P,
6404,Boogie Roberts,DT,DL,
6405,Ken Webster,CB,DB,NYJ
6406,Juwann Bushell-Beatty,OT,OL,
6409,Quinn Bailey,OT,OL|OT,
641,Russell Okung,OT,OL|OT,
6410,Brian Wallace,OT,OL,
6411,Kyle Vasey,LS,LS,
6412,Jaelin Robinson,OT,OL,
6413,Lanard Bonner,OT,OL,
6414,Bunchy Stallings,C,OL,
6415,Donnell Greene,OT,OL,
6416,Andrew Wingard,DB,DB,ARI
6417,William Sweet,OL,OL|OT,LV
6418,Tariq Cole,G,OL,
6419,P.J. Locke,DB,DB,DAL
642,Golden Tate,WR,WR,
6420,Jon'Vea Johnson,WR,WR,
6421,Jalen Guyton,WR,WR,
6422,Ricky Walker,DL,DL,
6423,Daniel Wise,DT,DL,
6424,Matt Kaskey,OT,OL|OT,
6425,Justice Powers,G,OL,
6426,Chandler Brewer,OL,OG|OL,
6427,Ashton Dulin,WR,WR,IND
6428,Taylor Cornelius,QB,QB,
6429,J.T. Hassell,DB,DB,
643,Earl Thomas,FS,DB,
6430,Curtis Bolton,LB,LB,
6431,Nydair Rouse,CB,DB,
6432,Otaro Alaka,LB,LB,
6433,Silas Stewart,OLB,LB,
6435,George Aston,FB,RB,
6436,Malik Reed,LB,DL|LB,
6437,John Leglue,OT,OL|OT,
6438,Kelvin McKnight,WR,WR,
6439,Hale Hentges,TE,TE,
644,Walter Thurmond,S,DB,
6440,Jordan Thompson,DT,DL,
6441,Duplicate Player,NT,DL,
6442,Johnny Robinson,DT,DL,
6443,Eric Dungey,QB,QB,
6444,Nate Harvey,ILB,LB,
6445,James O'Hagan,C,OL,
6446,Jon Hilliman,RB,RB,
6447,Jarrell Owens,DE,DL,
6448,Darrin Hall,RB,RB,
6449,Dorian Baker,WR,WR,
645,Dwan Edwards,DT,DL,
6450,David Blough,QB,QB,
6451,Stephen Carlson,TE,TE,CHI
6452,Jamie Gillan,P,P,
6453,D.J. Montgomery,WR,WR,IND
6454,Trevon Tate,G,OL,
6455,Willie Wright,OL,OL,
6456,Tyler Gauthier,OT,OL|OT,
6457,Calvin Anderson,T,OL|OT,
6458,Tyree St. Louis,OT,OL|OT,
6459,Sean Modster,WR,WR,
646,Karlos Dansby,LB,LB,
6460,Cole Herdman,TE,TE,
6461,Matt Orzech,LS,LS,GB
6462,Ellis Richardson,TE,TE,
6463,Lawrence Marshall,DL,DL,
6464,John Wirtel,LS,LS,
6465,Thomas Ives,WR,WR,CHI
6466,Daryle Banfield,NT,DL,
6467,Jonathan Harris,DT,DL,
6468,Matthew Eaton,WR,WR,
6469,Davis Koppenhaver,TE,TE,
647,Richie Incognito,G,OG|OL,
6470,Mike Herndon,G,OL,
6471,Larry Allen Jr.,G,OL,
6472,Justin Phillips,LB,LB,
6473,Derrick Puni,OT,OL,
6474,Brandon Hitner,OT,OL,
6475,Delvon Randall,SS,DB,
6476,D'Angelo Ross,DB,DB,
6477,Duplicate Player,ILB,LB,DEN
6478,Ryan Crozier,G,OL,
648,Brandon Marshall,WR,WR,
6483,Markus Jones,OLB,LB,
6484,Michael Onuoha,OLB,LB,
6485,Azeez Al-Shaair,LB,LB,HOU
6486,C.J. Toogood,G,OL,
6487,Charles Scarff,TE,TE,
6488,Kalil Morris,DT,DL,
6489,Taryn Christion,QB,QB,
649,Antonio Cromartie,CB,DB,
6490,Mik'Quan Deane,TE,TE,
6491,Adam Choice,RB,RB,
6492,Terry Wright,WR,WR,
6493,Justin Johnson,TE,TE,
6494,Bryan Mone,DT,DL,
6495,Jay-Tee Tiuli,NT,DL,
6496,Cole Hedlund,K,K,
6497,Tenny Adewusi,CB,DB,
6498,Willie Harvey,LB,LB,
6499,Jhavonte Dean,CB,DB,
65,Domenik Hixon,WR,WR,
650,Nick Folk,K,K,ATL
6500,Sterling Shippy,DT,DL,
6501,C.J. Conrad,TE,TE,
6504,Ryan Anderson,P,P,
6506,Trayone Gray,RB,RB,
6508,Anthony Stubbs,OLB,LB,
6509,Marcus Applefield,OT,OL,
651,Santonio Holmes,WR,WR,
6510,Jalen Dalton,DT,DL,
6512,Doyin Jibowu,FS,DB,
6513,Joe Lowery,G,OL,
6516,Blake Blackmar,G,OL,
6517,Randy Ramsey,LB,LB,
6518,Greg Roberts,DE,DL|LB,
6519,Darrius Shepherd,WR,WR,
652,Dwight Lowery,FS,DB,
6520,Larry Williams,G,OL,
6521,Jalen Harvey,DB,DB,
6522,T.J. Linta,QB,QB,
6523,Jack Fox,P,P,DET
6524,Jamire Jordan,WR,WR,
6525,Demetrius Knox,G,OL,
6526,Tre Thomas,LB,LB,
6527,Austin Droogsma,G,OL,
6528,Joey Slye,K,K,TEN
6529,Chris Myarick,TE,TE,LV
653,Tanner Purdum,LS,LS,
6530,Mark McLaurin,LB,DB|LB,
6531,Jake Carlock,LB,DB|LB,
6532,Brian Fineanganofo,OT,OL,
6533,Dedrick Young,ILB,LB,
6534,Ray Smith,DT,DL,
6535,Nate Becker,TE,TE,
6536,Kevin Strong,DE,DL,
6537,Ryan Anderson,G,OL,
6538,Dewayne Hendrix,DE,DL,
6539,Devontae Jackson,RB,RB,
654,LaDainian Tomlinson,RB,RB,
6540,DeAndre Thompkins,WR,WR,GB
6541,Keegan Render,C,OL,
6542,Anthony Rush,DT,DL,
6543,Kevin Wilkins,DE,DL,
6544,Aaron Adeoye,LB,DL|LB,
6545,Chuck Harris,DE,DL,
6546,Kenny Bigelow,DT,DL,
6547,Isaiah Wharton,SS,DB,
6548,Marcus Marshall,RB,RB,
6549,Damion Willis,WR,WR,
655,Anquan Boldin,WR,WR,
6550,Dino Boyd,OT,OL,
6551,Darius Harris,LB,LB,
6552,Malik Henry,WR,WR,
6553,Austin Walter,RB,RB,
6554,Shawn Poindexter,WR,WR,
6555,AJ Cole,P,P,LV
6556,Ronald Ollie,DE,DL,
6557,Jeff Smith,WR,WR,
6558,O'Shea Dugas,T,OL,
6559,Tanner Volson,C,OL,
656,Cory Redding,DT,DL,
6560,Koda Martin,OL,OL|OT,
6561,Chris Brown,G,OL,
6562,Blake Camper,OT,OL,
6563,Tyler Newsome,P,P,
6564,Ethan Greenidge,OL,OL,
6565,Cody Conway,OL,OL,DEN
6566,Blake Hance,OG,OG|OL,LAR
6567,Keaton Sutherland,G,OG|OL,
6568,Wyatt Miller,OT,OL|OT,
6569,Malcolm Pridgeon,G,OL,
657,Adam Jones,CB,DB,
6570,Deion Calhoun,G,OL|OT,
6571,Tre Watson,ILB,LB,
6572,Aaron Monteiro,OT,OL|OT,
6573,Tyler Horton,DB,DB,
6574,Rob Rolle,FS,DB,
6575,Justin Alexandre,DL,DL,
6576,Toa Lobendahn,C,OL,
6577,Marquez Sanford,DB,DB,
6578,D.J. Coker,C,OL,
6579,Shakial Taylor,CB,DB,
658,Mike Nugent,K,K,
6580,A.T. Hall,OT,OL,
6581,Derick Roberson,LB,LB,
6582,Jocquez Kalili,DB,DB,
6583,Joshua Moon,SS,DB,
6584,Deyon Sizer,DT,DL,
6585,Tony Brooks-James,RB,RB,
6586,Moral Stephens,TE,TE,
6587,Quindarius Thagard,DT,DL,
6588,Tom Kennedy,WR,WR,DET
6589,Kirk Barron,C,OL,
659,Cedric Peerman,RB,RB,
6590,Michael Colubiale,TE,TE,
6591,Charles Jones,TE,TE,
6592,Dontae Strickland,RB,RB,
6593,Spencer Schnell,WR,WR,
6594,Nick Moore,LS,LS,BAL
6595,Devlin Hodges,QB,QB,
6596,Jalan McClendon,QB,QB,
6597,Wes Farnsworth,LS,LS,
6598,Trenton Irwin,WR,WR,
6599,Cory Thomas,DT,DL,
66,Tashard Choice,RB,RB,
660,Peyton Hillis,RB,RB,
6600,Stone Wilson,P,P,
6601,Isaiah Mack,DT,DL,
6602,Braxton Hoyett,DT,DL,
6603,Marquez Tucker,OT,OL,
6604,Mathieu Betts,DL,DL,
6605,Cortrelle Simpson,WR,WR,
6606,Nick Fitzgerald,QB,QB,
6607,Nate Trewyn,C,OL,
6608,Stacy Keely,DE,DL,
6609,Ross Reynolds,OG,OL,
661,Alex Smith,TE,TE,
6610,Demetrius Flannigan-Fowles,LB,DB|LB,
6611,Andrew Dowell,LB,LB,
6612,Luke Gifford,LB,LB,SF
6613,Lukayus McNeil,OT,OL,
6614,Jermaine Ponder,CB,DB,
6615,Chris Rayford,DB,DB,
6616,Iseoluwapo Jegede,NT,DL,
6617,Andre Lindsey,WR,WR,
6618,Isaiah Searight,TE,TE,
6619,Kabion Ento,CB,DB,
662,Seneca Wallace,QB,QB,
6620,Javien Hamilton,CB,DB,
6621,John Baron,K,K,
6622,Jacob Thieneman,SS,DB,
6623,Jomon Dotson,DB,DB,
6624,Joshua Simmons,CB,DB,
6625,Clayton Hatfield,K,K,
6626,Isaac Zico,WR,WR,
6627,Shy Tuttle,DT,DL,WAS
6628,Ventell Bryant,WR,WR,
6629,Brian Burt,WR,WR,
663,Benjamin Watson,TE,TE,
6630,Dakari Monroe,CB,DB,
6631,Jalen Allison,DB,DB,
6632,Dan Godsil,LS,LS,
6633,Matt Nelson,T,DL|OL|OT,
6634,Nate Brooks,DB,DB,
6635,Derrick Kelly,OL,OL,
6636,Jay Liggins,DB,DB,
6637,Nico Evans,RB,RB,
6638,Tommy Doles,OT,OL,
6639,Terrell Bonds,CB,DB,
664,Will Allen,SS,DB,
6640,Herb Miller,CB,DB,
6641,Andrew Soroh,DB,DB,
6642,Terrence Alexander,CB,DB,
6643,Charles Holland,WR,WR,
6644,Curtis Akins,OLB,LB,
6645,Anthony Chesley,CB,DB,
6646,Durndraus Bryant,NT,DL,
6647,Duplicate Player,,,
6648,Brock Ruble,OT,OL,
6649,Dare Odeyingbo,DE,DL,
665,Dennis Dixon,QB,QB,
6650,Chase McLaughlin,K,K,TB
6651,Anthony Pittman,LB,LB,
6652,Micah St. Andrew,G,OL,
6653,Israel Helms,OT,OL,
6654,JoJo Tillery,FS,DB,
6655,Taj-Amir Torres,CB,DB,
6656,Connor Strachan,LB,LB,HOU
6657,Freedom Akinmoladun,DE,DL,NYJ
6658,Austin Maloata,NT,DL,
6659,Craig Reynolds,RB,RB,WAS
666,Keenan Lewis,CB,DB,
6660,Jonathan Bonner,DE,DL,
6661,Joseph Parker,WR,WR,
6662,Parker Hesse,TE,TE,
6663,Micah Wright,WR,WR,
6664,A.J. Ouellette,RB,RB,
6665,Jody Fortson,TE,TE,
6666,Noah Dawkins,LB,LB,
6667,Jordan Agasiva,G,OL,
6668,Tyler Sigler,DB,DB,
6669,Nathan Jacobson,OT,OL,
667,Steve McLendon,DT,DL|LB,
6670,Sterling Sheffield,OLB,LB,
6671,Jerald Foster,G,OL,
6672,Deion Harris,DB,DB,
6673,Patrick Vahe,G,OL,
6674,Garrett McGhin,OT,OL|OT,
6675,Abraham Wallace,FS,DB,
6676,Juwon Young,OLB,LB,
6677,Joe Forson,WR,WR,KC
6678,David Simmons,CB,DB,
6679,Tuzar Skipper,LB,LB,
668,Jason Babin,LB,LB,
6680,David Kenney,OLB,LB,
6681,Riley Mayfield,OT,OL,
6682,Kareem Orr,DB,DB,LAR
6683,D'Andre Payne,CB,DB,
6684,LaDarius Wiley,DB,DB,
6685,Jalen Greene,WR,WR,
6686,Joe Horn,WR,WR,
6687,Jake Gervase,LB,LB,
6688,Johnny Gibson,G,OL,
6689,Bryant Jones,NT,DL,
669,Arian Foster,RB,RB,
6690,Duplicate Player,CB,DB,PHI
6691,Ray Gene smith,RB,RB,
6692,Joe Horn,WR,WR,
6693,Ketner Kupp,LB,LB,
6694,D'Ernest Johnson,RB,RB,
6695,Alex Brown,CB,DB,
6697,Floyd Allen,WR,WR,
6698,Casey Tucker,T,OL|OT,
6699,Gunner Olszewski,WR,WR,NYG
67,Pat Sims,DT,DL,
670,Kassim Osgood,WR,WR,
6700,Marcelias Sutton,RB,RB,
6701,Fred Trevillion,WR,WR,
6702,Andrew Jacas,K,K,
6703,Andrew Wellock,K,K,
6705,Taj McGowan,RB,RB,
6706,Sione Teuhema,OLB,LB,
6707,Isaiah Langley,DB,DB,
6708,Kalani Vakameilalo,DT,DL,
6709,Abdul Beecham,G,OL,
671,Brady Quinn,QB,QB,
6710,Josh Caldwell,RB,RB,
6711,Jalen Thompson,DB,DB,DAL
6712,Marcus Simms,WR,WR,
6713,Jamarius Way,WR,WR,
6714,Mazzi Wilkins,DB,DB,BAL
6715,Anthony Smithson,S,DB,
6716,Olive Sagapolu,DT,DL,
6717,Ka'John Armstrong,OT,OL,
6718,Jordan McCray,G,OL,
6719,Larry Allen,G,OL,
672,Donald Washington,CB,DB,
6720,John Yarbrough,C,OL,
6721,Jawuan Johnson,LB,LB,
6722,Dave Deguglielmo,,,
6723,Vincent Testaverde,QB,QB,
6724,C.J. Moore,DB,DB,DET
6725,Rishard Cook,G,OL,
6726,Patrick Lawrence,OT,OL,
6727,Joe Walker,WR,WR,
6728,Jackson Harris,TE,TE,
6729,Ajene Harris,DB,DB,
673,Jason Campbell,QB,QB,
6730,Jordan Ta'amu,QB,QB,
6731,Jason Davis,OLB,LB,
6732,Travis Vornkahl,OT,OL,
6733,DeJuan Neal,DB,DB,
6734,Thomas Costigan,DL,DL,
6735,Duplicate Player,WR,WR,
6736,Sean Smith,CB,DB|P,
6737,Micky Crum,TE,TE,
6738,Cedric Benson,RB,RB,
6739,Cameron Nizialek,P,P,
674,Quentin Groves,OLB,LB,
6740,Brett Toth,OL,OL|OT,SF
6741,Josh Smith,LB,LB,
6742,Marquis Young,RB,RB,
6743,Quart'e Sapp,LB,LB,
6744,Greg Ward,WR,WR,
6745,Duplicate Player,G,OL,MIA
6746,Duplicate Player,CB,DB,
6747,Fisayo Awolaja,G,OL,
6748,Bryson Allen-Williams,OLB,LB,
6749,Jordan Holland,DB,DB,
675,Antrel Rolle,S,DB,
6750,Logan Tago,LB,LB,
6751,Duplicate Player,,,
6752,Derrick Kelly II,,,NO
6753,Derrick Gore,RB,RB,
6754,Josh Gable,K,K,
6755,Tavonn Salter,WR,WR,
6756,Kahani Smith,FS,DB,
6757,James Fisher,LS,LS,
6758,Mike Lafleur,,,
6759,Joe Judge,,,
676,LeSean McCoy,RB,RB,
6760,Jonathan Kongbo,DE,DL,
6761,Urban Meyer,,,
6762,Darion Clark,TE,TE,
6763,Reggie Begelton,WR,WR,
6764,Derrick Moncrief,LB,LB,
6765,Ed Dodds,,,
6766,Andrew Berry,,,
6767,Joe Brady,,,
6768,Tua Tagovailoa,QB,QB,ATL
6769,Graham Harrell,QB,QB,
677,Darryl Tapp,DE,DL,
6770,Joe Burrow,QB,QB,CIN
6771,Phil Snow,,,
6772,Anthony Weaver,,,
6773,Dante Scarnecchia,,,
6774,Jack Easterby,,,
6775,Romeo Crennel,,,
6776,Alex Van Pelt,,,
6777,Troy Polamalu,SS,DB,
6778,Chris Streveler,QB,QB,
6779,Jordan Harris,WR,WR,
678,Lorenzo Alexander,LB,LB,
6780,Joe Houston,,,
6781,Isaiah Simmons,DB,DB|LB,CAR
6782,Chase Young,DE,DL,NO
6783,Jerry Jeudy,WR,WR,CLE
6784,Derrick Brown,DT,DL,CAR
6785,Jeff Okudah,CB,DB,
6786,CeeDee Lamb,WR,WR,DAL
6787,Jedrick Wills,OT,OL|OT,ARI
6788,Xavier McKinney,DB,DB,GB
6789,Henry Ruggs,WR,WR,
679,Rex Grossman,QB,QB,
6790,D'Andre Swift,RB,RB,CHI
6791,C.J. Henderson,CB,DB,ATL
6792,Javon Kinlaw,DT,DL,WAS
6793,Tristan Wirfs,T,OL|OT,TB
6794,Justin Jefferson,WR,WR,MIN
6795,Ross Blacklock,DT,DL,
6796,Mekhi Becton,OT,OL|OT,GB
6797,Justin Herbert,QB,QB,LAC
6798,Jalen Reagor,WR,WR,MIA
6799,Grant Delpit,DB,DB,CLE
68,Mario Manningham,WR,WR,
680,Kory Lichtensteiger,C,OL,
6800,K'Lavon Chaisson,LB,DL|LB,WAS
6801,Tee Higgins,WR,WR,CIN
6802,A.J. Epenesa,DE,DL,PHI
6803,Brandon Aiyuk,WR,WR,SF
6804,Jordan Love,QB,QB,GB
6805,KJ Hamler,WR,WR,
6806,J.K. Dobbins,RB,RB,DEN
6807,Patrick Queen,LB,LB,PIT
6808,Josh Jones,OL,OL,SEA
6809,Trevon Diggs,CB,DB,SEA
681,Nick Sundberg,LS,LS,
6810,Andrew Thomas,T,OL|OT,NYG
6811,Kenneth Murray,LB,LB,HOU
6812,Yetur Gross-Matos,DE,DL|LB,
6813,Jonathan Taylor,RB,RB,IND
6814,Laviska Shenault,WR,WR,
6815,Zack Baun,LB,LB,PHI
6816,Cesar Ruiz,OL,OL,NO
6817,Noah Igbinoghene,CB,DB,CLE
6818,Nnamdi Madubuike,DT,DL,BAL
6819,Michael Pittman,WR,WR,PIT
682,Darrel Young,FB,RB,
6820,Clyde Edwards-Helaire,RB,RB,
6821,Austin Jackson,T,OL|OT,MIA
6822,Jake Fromm,QB,QB,
6823,Jacob Eason,QB,QB,
6824,Donovan Peoples-Jones,WR,WR,
6825,Neville Gallimore,DT,DL,CHI
6826,Cole Kmet,TE,TE,CHI
6827,Bradlee Anae,DE,DL,
6828,AJ Dillon,RB,RB,CAR
6829,Kristian Fulton,CB,DB,KC
683,Tim Jennings,CB,DB,
6830,Jason Strowbridge,DE,DL,
6831,Raekwon Davis,DT,DL,
6832,Kalija Lipscomb,WR,WR,
6833,Bryce Hall,CB,DB,HOU
6834,Jared Pinkney,TE,TE,
6835,Tyler Biadasz,C,OL,LAC
6836,A.J. Terrell,CB,DB,ATL
6837,Terrell Lewis,LB,DL|LB,
6838,Marlon Davidson,DE,DL,
6839,Jaylon Johnson,DB,DB,CHI
684,Julius Peppers,DE,DL,
6840,Damon Arnette,CB,DB,
6841,Jordan Elliott,DT,DL,TEN
6842,Jeff Gladney,CB,DB,
6843,Albert Okwuegbunam,TE,TE,
6844,Isaiah Wilson,T,OL,
6845,Zack Moss,RB,RB,
6846,Hunter Bryant,TE,TE,
6847,Devin Duvernay,WR,WR,ARI
6848,Anfernee Jennings,LB,DL|LB,NO
6849,Denzel Mims,WR,WR,
685,Sammie Lee Hill,NT,DL,
6850,Harrison Bryant,TE,TE,
6851,Julian Okwara,LB,DL|LB,
6852,Trey Adams,OT,OL|OT,
6853,Van Jefferson,WR,WR,WAS
6854,Curtis Weaver,DE,DL|LB,
6855,Ashtyn Davis,DB,DB,SF
6856,Troy Pride,CB,DB,
6857,Collin Johnson,WR,WR,
6858,James Lynch,DT,DL,CHI
6859,Prince Tega Wanogho,T,OL,
686,Shaun Hill,QB,QB,
6860,Akeem Davis-Gaither,LB,LB,IND
6861,Nick Coe,DE,DL,
6862,Saahdiq Charles,T,OL|OT,CAR
6863,Lavert Hill,CB,DB,
6864,Khalid Kareem,DE,DL,SF
6865,Colby Parkinson,TE,TE,LAR
6866,KJ Hill,WR,WR,LAC
6867,Malik Harrison,LB,LB,NYG
6868,DJ Wonnum,DE,DL|LB,DET
6869,Adam Trautman,TE,TE,DEN
687,Ashlee Palmer,OLB,LB,
6870,Bryan Edwards,WR,WR,
6871,Cameron Dantzler,CB,DB,
6872,Kyle Dugger,DB,DB,CIN
6873,Austin Mack,WR,WR,
6874,Kenny Willekes,DE,DL,
6875,John Simpson,G,OL,BAL
6876,A.J. Green,CB,DB,
6877,Keith Ismael,C,OL,
6878,Anthony McFarland,RB,RB,
6879,Quartney Davis,WR,WR,
688,Tony Scheffler,TE,TE,
6880,Logan Wilson,LB,LB,
6881,Matt Hennessy,OL,OL,DAL
6882,Darnay Holmes,CB,DB,ATL
6883,Lucas Niang,OL,OL|OT,
6884,Logan Stenberg,G,OL,
6885,Ke'Shawn Vaughn,RB,RB,
6886,Chase Claypool,WR,WR,
6887,Larrell Murchison,DT,DL,LAR
6888,Antoine Winfield,DB,DB,TB
6889,Colton McKivitz,OL,OL,SF
689,Roy Miller,DT,DL,
6890,Kamal Martin,LB,LB,
6891,Markus Bailey,LB,LB,
6892,Nate Stanley,QB,QB,
6893,Robert Windsor,DT,DL,IND
6894,Mitchell Wilcox,TE,TE,
6895,Quintez Cephus,WR,WR,
6896,Amik Robertson,CB,DB,WAS
6897,Jabari Zuniga,DE,DL,
6898,Anthony Gordon,QB,QB,
6899,Terence Steele,T,OL,DAL
69,Santana Moss,WR,WR,
690,Dekoda Watson,LB,LB,
6900,Jonathan Greenard,DE,DL|LB,PHI
6901,Joshua Metellus,DB,DB|LB,MIN
6902,Jalen Elliott,DB,DB,
6903,Lloyd Cushenberry,C,OL,BUF
6904,Jalen Hurts,QB,QB,PHI
6905,Matt Peart,T,OL|OT,DEN
6906,Antonio Gandy-Golden,TE,TE,
6907,Nick Harris,C,OL,
6908,La'Mical Perine,RB,RB,
6909,Lynn Bowden,WR,WR,
691,Derek Anderson,QB,QB,
6910,Darrell Taylor,DE,DL|LB,
6911,Brandon Jones,DB,DB,DEN
6912,Davion Taylor,LB,LB,
6913,Joe Reed,WR,WR,
6914,Trevon Hill,DL,DL,
6915,Alton Robinson,DE,DL,
6916,Stanford Samuels,CB,DB,
6917,Antoine Brooks,DB,DB,
6918,Salvon Ahmed,RB,RB,CHI
6919,Thaddeus Moss,TE,TE,
692,Jay Feely,K,K,
6920,Isaiah Hodgins,WR,WR,PIT
6921,Josh Uche,LB,DL|LB,MIA
6922,Ezra Cleveland,G,OL,JAX
6923,Geno Stone,DB,DB,BUF
6924,Netane Muti,G,OL,
6925,Essang Bassey,CB,DB,
6926,Brycen Hopkins,TE,TE,
6927,Quez Watkins,WR,WR,IND
6928,Kindle Vildor,DB,DB,NE
6929,Brian Cole,DB,DB,
693,Joey Porter,LB,LB,
6930,Trystan Colon,C,OL,
6931,DeeJay Dallas,RB,RB,MIN
6932,Charlie Taumoepeau,TE,TE,
6933,Raequan Williams,DT,DL,
6934,Ben Bredeson,G,OG|OL,TB
6935,Josiah Scott,CB,DB,
6936,Joseph Charlton,P,P,
6937,Khaleke Hudson,LB,LB,
6938,Cam Akers,RB,RB,
6939,Binjimen Victor,WR,WR,
694,Reggie Walker,LB,LB,
6940,Shyheim Carter,DB,DB,
6941,Troy Dye,LB,LB,LAC
6942,Jack Driscoll,T,OL|OT,PIT
6943,Gabe Davis,WR,WR,
6944,Tremayne Anchrum,OL,OL|OT,
6945,Antonio Gibson,RB,RB,
6946,Myles Bryant,DB,DB,CLE
6947,K'Von Wallace,DB,DB,BAL
6948,Leki Fotu,DT,DL,
6949,Jordyn Brooks,LB,LB,MIA
695,Ted Ginn,WR,WR,
6950,Braden Mann,P,P,PHI
6951,Eno Benjamin,RB,RB,
6952,Jonah Jackson,G,OL,CHI
6953,Qaadir Sheppard,LB,LB,
6954,Cole McDonald,QB,QB,
6955,James Robinson,RB,RB,
6956,Devin Asiasi,TE,TE,
6957,James Proche,WR,WR,CLE
6958,Mike Danna,DE,DL,BUF
6959,LeVante Bellamy,RB,RB,
696,Chris Clemons,DE,DL,
6960,Tyler Johnson,WR,WR,NYJ
6961,Harrison Hand,CB,DB,
6962,La'Darius Hamilton,LB,DL|LB,
6963,Patrick Taylor,RB,RB,
6964,Sean McKeon,TE,TE,
6965,Jonathan Garvin,LB,DL|LB,
6966,Javon Leake,RB,RB,
6967,Aaron Fuller,WR,WR,
6968,Jordan Fuller,DB,DB,
6969,Dane Jackson,CB,DB,
697,Leon Washington,RB,RB,
6970,Stephen Sullivan,TE,TE,
6971,Solomon Kindley,G,OL,
6972,DaVon Hamilton,DT,DL,JAX
6973,J.J. Taylor,RB,RB,
6974,Javaris Davis,CB,DB,
6975,Darrion Daniels,DT,DL,
6976,Zach Shackelford,C,OL,
6977,Justin Strnad,LB,LB,DEN
6978,Reggie Corbin,RB,RB,
6979,Damar Hamlin,S,DB,
698,Charlie Whitehurst,QB,QB,
6980,Jon Runyan,G,OL,NYG
6981,Tipa Galeai,LB,DL|LB,
6982,Cheyenne O'Grady,TE,TE,
6983,Michael Ojemudia,CB,DB,
6984,Tony Jones,RB,RB,
6985,Dezmon Patmon,WR,WR,
6986,Nigel Warrior,DB,DB,
6987,Hakeem Adeniji,G,OG|OL,
6988,Raymond Calais,RB,RB,
6989,Marquez Callaway,WR,WR,
699,Trumaine McBride,CB,DB,
6990,Tanner Muse,LB,DB|LB,
6991,Erroll Thompson,LB,LB,
6992,Michael Warren,RB,RB,DET
6993,Dominick Wood-Anderson,TE,TE,
6994,Lamar Jackson,CB,DB,
6995,Carlos Davis,DT,DL,
6996,JaMycal Hasty,RB,RB,
6997,Shaq Quarterman,LB,LB,
6998,Gage Cervenka,OL,OL,
6999,Benito Jones,DT,DL,
7,Kurt Warner,QB,QB,
70,Joe Staley,T,OL,
700,Josh Wilson,CB,DB,
7000,Chapelle Russell,LB,LB,
7001,Brian Herrien,RB,RB,
7002,Juwan Johnson,TE,TE,NO
7003,Damien Lewis,G,OL,CAR
7004,Rashard Lawrence,DT,DL,
7005,Scottie Phillips,RB,RB,
7006,Jacob Phillips,LB,LB,
7007,Tyler Higby,OL,OL,
7008,Brian Lewerke,QB,QB,
7009,Trishton Jackson,WR,WR,
701,Ed Dickson,TE,TE,
7010,Calvin Throckmorton,OL,OL,DEN
7011,Carter Coughlin,LB,LB,
7012,Mykal Walker,LB,LB,
7013,Steven Montez,QB,QB,
7014,Joe Bachie,LB,LB,DET
7015,Jacob Breeland,TE,TE,
7016,Jeremy Chinn,DB,DB|LB,LV
7017,Trajan Bandy,CB,DB,
7018,Malcolm Roach,DT,DL,DEN
7019,Chauncey Rivers,LB,DL|LB,
702,Arthur Moats,LB,DL|LB,
7020,Cam Brown,LB,LB,
7021,Rico Dowdle,RB,RB,PIT
7022,Shane Lemieux,OL,OL,
7023,Willie Gay,LB,LB,MIA
7024,James Smith-Williams,DE,DL,
7025,Josiah Coatney,DT,DL,
7026,Steven Gonzalez,OG,OG|OL,
7027,Jared Mayden,DB,DB,
7028,Armani Taylor-Prioleau,T,OL|OT,
7029,David Woodward,LB,LB,
703,Kraig Urbik,C,OL,
7030,Casey Toohill,DE,DL,
7031,Ray Lima,DT,DL,
7032,Tyrie Cleveland,WR,WR,
7033,Debione Renfro,CB,DB,
7034,David Dowell,S,DB,
7035,Kendrick Rogers,WR,WR,
7036,Terrell Burgess,DB,DB,TEN
7037,Michael Pinckney,LB,LB,
7038,Darius Anderson,RB,RB,
7039,Cody White,WR,WR,LV
704,Reggie Nelson,FS,DB,
7040,Evan Weaver,LB,LB,
7041,Robert Hunt,OL,OL,CAR
7042,Tyler Bass,K,K,BUF
7043,Blake Ferguson,LS,LS,
7044,Julian Blackmon,DB,DB,NO
7045,Joshua Kelley,RB,RB,
7046,J.R. Reed,DB,DB,
7047,Dante Olson,LB,LB,
7048,Benny LeMay,RB,RB,CLE
7049,Jauan Jennings,WR,WR,MIN
705,Sean Lissemore,NT,DL,
7050,Josiah Deguara,TE,TE,PHI
7051,Grayland Arnold,DB,DB,
7052,John Reid,CB,DB,
7053,Daniel Thomas,DB,DB,CLE
7054,Tommy Kraemer,G,OL,
7055,Sewo Olonilua,FB,RB,
7056,Darrell Stewart,WR,WR,
7057,Baylen Buchanan,CB,DB,
7058,Jaylinn Hawkins,SS,DB,BAL
7059,Jordan Mack,LB,LB,
706,Joe Mays,LB,LB,
7060,Ben Bartch,OL,OL,DET
7061,Cameron Clark,OT,OL|OT,NYJ
7062,Rodrigo Blankenship,K,K,
7063,Shea Patterson,QB,QB,
7064,Darrynton Evans,RB,RB,
7065,Eli Wolf,TE,TE,
7066,K.J. Osborn,WR,WR,TEN
7067,Simon Stepaniak,OG,OG|OL,
7068,Francis Bernard,LB,LB,
7069,Alohi Gilman,DB,DB,KC
707,Chris Clark,T,OL,
7070,Parker Braun,G,OL,
7071,JJ Molson,K,K,
7072,Michael Turk,P,P,
7073,Jake Bentley,QB,QB,
7074,A.J. Hines,RB,RB,
7075,Charlie Woerner,TE,TE,ATL
7076,Jeff Thomas,WR,WR,
7077,Jacob Bobenmoyer,LS,LS,
7078,Tony Brown,WR,WR,
7079,Pete Guerriero,RB,RB,
708,Frank Zombo,LB,LB,
7080,Omar Bayless,WR,WR,
7081,James Morgan,QB,QB,
7082,Dalton Keene,TE,TE,
7083,Tyler Huntley,QB,QB,BAL
7084,Jake Luton,QB,QB,
7085,Isaiah Coulter,WR,WR,
7086,John Hightower,WR,WR,
7087,Jonathan Ward,RB,RB,BAL
7088,Xavier Jones,RB,RB,
7089,Michael Divinity,LB,LB,
709,Brice McCain,CB,DB,
7090,Darnell Mooney,WR,WR,NYG
7091,Aaron Parker,WR,WR,
7092,Chris Finke,WR,WR,
7093,Adrian Killins,RB,RB,DEN
7094,Lirim Hajrullahu,K,K,
7095,Austin MacGinnis,K,K,
7096,Kaleb Barker,QB,QB,
7097,Tra Barnett,RB,RB,
7098,Ty'Son Williams,RB,RB,
7099,Tom Flacco,QB,QB,
71,Jason Avant,WR,WR,
710,Joe Reitz,T,OL,
7100,Derrick Dillon,WR,WR,
7101,Rodney Smith,RB,RB,
7102,Mason Fine,QB,QB,
7103,Tavien Feaster,RB,RB,ARI
7104,Shannon Brooks,RB,RB,
7105,Ramiz Ahmed,K,K,
7106,Lawrence Cager,TE,TE,
7107,Jason Huntley,RB,RB,
7108,Hasise Dubois,WR,WR,
7109,Malcolm Perry,WR,WR,
711,Leger Douzable,DE,DL,
7110,Kelly Bryant,QB,QB,
7111,McTelvin Agim,DT,DL,
7112,Tyre Phillips,G,OG|OL,
7113,Alex Highsmith,LB,DL|LB,PIT
7114,Reggie Robinson,CB,DB,
7115,Charlie Heck,T,OL|OT,
7116,Kevin Dotson,OL,OL,LAR
7117,L'Jarius Sneed,CB,DB,KC
7118,Danny Pinter,G,OL,BAL
7119,Kenny Robinson,DB,DB,
712,Javier Arenas,CB,DB,
7120,Trevis Gipson,LB,DL|LB,CAR
7121,Justin Rohrwasser,K,K,
7122,Broderick Washington,DT,DL,BAL
7123,Mike Onwenu,OL,OL,NE
7124,Bravvion Roy,DT,DL,
7125,Khalil Davis,DT,DL,
7126,Justin Herron,OL,OL,
7127,Shaun Bradley,LB,LB,
7128,John Penisini,NT,DL,
7129,Blake Brandel,T,OL,MIN
713,Kendrick Lewis,FS,DB,
7130,Cassh Maluia,LB,LB,
7131,Tyler Davis,TE,TE,
7132,Jake Hanson,C,OL,
7133,Isaiah Rodgers,CB,DB,MIN
7134,Jordan Glasgow,LB,LB,
7135,Freddie Swain,WR,WR,
7136,Kam Curl,DB,DB,LAR
7137,Stantley Thomas-Oliver,CB,DB,
7138,Chris Claybrooks,DB,DB,
7139,Arlington Hambright,OL,OL,
714,Reshad Jones,FS,DB,
7140,Lachavious Simmons,OL,OL,
7141,Sterling Hofrichter,P,P,
7142,Dustin Woodard,OL,OL,
7143,Ben DiNucci,QB,QB,
7144,Clay Johnston,LB,LB,
7145,Jashon Cornell,DT,DL,
7146,Vernon Scott,DB,DB,
7147,Bopete Keyes,CB,DB,
7148,TJ Brunson,LB,LB,
7149,Tommy Stevens,TE,QB,NYG
715,Ryan Wendell,G,OL,
7150,Chris Jackson,DB,DB,
7151,Chris Williamson,CB,DB,
7152,Sam Sloman,K,K,
7153,Kyle Hinton,G,OL,ATL
7154,Derrek Tuszka,LB,DL|LB,
7155,Tae Crowder,LB,LB,
7156,J'Mar Smith,QB,QB,
7157,Josh Love,QB,QB,
7158,Riley Neal,QB,QB,
7159,Reid Sinnett,QB,QB,
716,Steve Maneri,TE,TE,
7160,Ledarius Mack,LB,DL|LB,
7161,Shane Leatherbury,WR,WR,
7162,Ryan Becker,TE,TE,
7163,Jake Benzinger,OT,OL|OT,
7164,Jackson Dennis,OL,OL,
7165,Andrew Dickinson,G,OL,
7166,T.J. Carter,DE,DL,
7167,Adam Shuler,DE,DL,
7168,Zane Lewis,CB,DB,
7169,Jace Whittaker,CB,DB,
717,Chris Ivory,RB,RB,
7170,Jarren Williams,CB,DB,
7171,Reggie Floyd,DB,DB,
7172,Mikey Daniel,RB,RB,
7173,Jalen McCleskey,WR,WR,
7174,Juwan Green,WR,WR,
7175,Chris Rowland,WR,WR,
7176,Caleb Repp,TE,TE,
7177,Evin Ksiezarczyk,OL,OL|OT,
7178,Hunter Atkinson,OT,OL,
7179,Austin Capps,C,OL,
718,Junior Galette,OLB,LB,
7180,Scottie Dill,OT,OL,
7181,Sailosi Latu,DT,DL,
7182,Hinwa Allieu,DT,DL,
7183,Austin Edwards,DE,DL,
7184,Bryson Young,LB,DL|LB,
7185,Ray Wilborn,LB,DB|LB,
7186,Jordan Williams,LB,LB,
7187,Rojesterman Farris,DB,DB,DEN
7188,Tyler Hall,DB,DB,
7189,Delrick Abrams,DB,DB,
719,Victor Cruz,WR,WR,
7190,Bronson Rechsteiner,RB,RB,
7191,Jaylon Moore,WR,WR,
7192,Daishawn Dixon,G,OL,
7193,Sean Pollard,C,OL,
7194,Aaron Crawford,DT,DL,
7195,John Daka,DE,DL|LB,
7196,Marcus Willoughby,LB,DL|LB,
7197,Kristian Welch,LB,LB,GB
7198,Jeff Hector,CB,DB,
7199,Josh Nurse,DB,DB,
72,Kevin Walter,WR,WR,
720,Jason Pierre-Paul,LB,DL|LB,
7200,Khalil Dorsey,CB,DB,DET
7201,Nick Vogel,K,K,
7202,Dom Maggio,P,P,
7203,Antonio Williams,RB,RB,
7204,Reggie Gilliam,RB,RB,NE
7205,Marquel Harrell,G,OL,
7206,Brandon Walton,OT,OL|OT,
7207,Ike Brown,CB,DB,
7208,Josh Thomas,DB,DB,
7209,Garrett Taylor,S,DB,
721,Rolando McClain,LB,LB,
7210,Kendall Hinton,WR,WR,
7211,Zimari Manning,WR,WR,
7212,Spencer Nigh,FB,RB,
7213,Christian Montano,G,OL,
7214,Calvin Taylor,DE,DL,
7215,Corliss Waitman,P,P,SF
7216,Giovanni Ricci,FB,TE,
7217,Trevontae Hights,WR,WR,
7218,Cam Sutton,TE,TE,
7219,Branden Bowen,OL,OL,
722,Crezdon Butler,CB,DB,
7220,Frederick Mauigoa,C,OL,
7221,Mike Horton,G,OL,
7222,Myles Adams,DT,DL,LAC
7223,Jason Ferris,LB,LB,
7224,Sam Franklin,DB,DB,BUF
7225,Chris Orr,LB,LB,
7226,Myles Hartsfield,DB,DB,
7227,Artavis Pierce,RB,RB,
7228,Ahmad Wagner,WR,WR,
7229,Dieter Eiselen,OL,OL,
723,Michael Robinson,RB,RB,
7230,Badara Traore,T,OL|OT,
7231,LaCale London,DT,DL|LB,ATL
7232,Rashad Smith,LB,LB,
7233,Andre Baccellia,WR,WR,
7234,Maurice Ffrench,WR,WR,
7235,Aleva Hifo,WR,WR,
7236,Devwah Whaley,RB,RB,
7237,Scotty Washington,WR,WR,
7238,Josh Knipfel,T,OL,
7239,Clay Cordasco,G,OL,
724,Nate Ness,FS,DB,
7240,Kendall Futrell,DE,DL|LB,
7241,Marcel Spears,LB,LB,
7242,Isiah Swann,CB,DB,
7243,Kevin Davidson,QB,QB,
7244,Ja'Marcus Bradley,WR,WR,
7245,Nate Wieting,TE,TE,
7246,Drake Dorbeck,T,OL,
7247,George Obinna,LB,DL|LB,
7248,Jeffery Whatley,DT,DL,
7249,Solomon Ajayi,LB,LB,
725,Clint Gresham,LS,LS,
7250,Jameson Houston,CB,DB,
7251,Jovante Moffatt,DB,DB,
7252,Elijah Benton,DB,DB,
7253,Ron'Dell Carter,LB,DL,
7254,Azur Kamara,DE,LB,
7255,Garrett Marino,DE,DL,
7256,Hunter Watts,OT,OL,
7257,Douglas Coleman,S,DB,
7258,Luke Sellers,FB,RB,
7259,Bobby Price,DB,DB,
726,Tyler Polumbus,T,OL,
7260,Jeremiah Dinson,S,DB,
7261,Arryn Siposs,P,P,PHI
7262,Jalen Morton,QB,QB,IND
7263,Steven Wirtel,LS,LS,
7264,Jordan Jones,FB,RB,
7265,Zack Johnson,OL,OL,
7266,Travis Bruffy,OL,OL,
7267,Willington Previlon,DT,DL,
7268,Krys Barnes,LB,LB,CLE
7269,Marc-Antoine Dequoy,DB,DB,
727,Anthony Dixon,RB,RB,
7270,Will Sunderland,CB,DB,
7271,Henry Black,DB,DB,
7272,Dylan Stapleton,TE,TE,
7273,Cordel Iwuagwu,OG,OG|OL,
7274,Tyler Simmons,WR,WR,
7275,Elex Woodworth,C,OL,
7276,Auzoyah Alufohai,DT,DL,
7277,Jamir Jones,LB,LB,
7278,Jan Johnson,LB,LB,
7279,DeMichael Harris,WR,WR,
728,George Selvie,DE,DL,
7280,Carter O'Donnell,T,OL,
7281,Kameron Cline,DE,DL,
7282,Kendall Coleman,DE,DL,
7283,Chris Williams,DT,DL,CLE
7284,Travis Reed,CB,DB,
7285,Donald Rutledge,LB,DB|LB,ARI
7286,Marvelle Ross,WR,WR,
7287,Josh Hammond,WR,WR,
7288,Ben Ellefson,TE,TE,
7289,Doug Costin,DT,DL,
729,Jermelle Cudjo,DT,DL,
7290,Steve Nielsen,OL,OL,
7291,Nate Evans,LB,LB,
7292,Kobe Williams,CB,DB,
7293,Luq Barcoo,CB,DB,
7294,Amari Henderson,CB,DB,MIN
7295,Ross Matiscik,LS,LS,JAX
7296,Brandon Wright,P,K|P,
7297,Yasir Durant,G,OL,
7298,Darryl Williams,OL,OL,
7299,Justice Shelton-Mosley,WR,WR,
73,Nick Mangold,C,OL,
730,LeGarrette Blount,RB,RB,
7300,Jovahn Fair,G,OL,
7301,Tershawn Wharton,DT,DL,CAR
7302,Omari Cobb,LB,LB,
7303,Bryan Wright,LB,LB,
7304,Rodney Clemons,DB,DB,
7305,Jalen Julius,CB,DB,
7306,Hakeem Bailey,CB,DB,
7307,Tommy Townsend,P,P,TEN
7308,Nick Bowers,TE,TE,
7309,Siaosi Mariner,WR,WR,
731,Ted Larsen,OG,OL,
7310,Mike Panasiuk,DT,DL,
7311,Javin White,LB,DB|LB,
7312,Madre Harper,CB,DB,
7313,Liam McCullough,LS,LS,ATL
7314,Dominik Eberle,K,K,
7315,Bobby Holly,FB,RB,
7316,Darius Bradwell,RB,RB,
7317,Jared Rice,TE,TE,
7318,Gabe Nabers,FB,RB,
7319,Jeff Cotton,WR,WR,
732,Derrick Morgan,LB,LB,
7320,Dalton Schoen,WR,WR,
7321,Ryan Roberts,OT,OL,
7322,Josh Dunlop,OL,OL,
7323,Nate Gilliam,G,OG|OL,
7324,Jessie Lemonier,LB,DL,
7325,Joe Gaziano,DE,DL,
7326,Breiden Fehoko,NT,DL,
7327,T.J. Smith,DT,DL,
7328,Asmar Bilal,LB,LB,
7329,Cole Christiansen,LB,LB,KC
733,Perry Riley,LB,LB,
7330,Romeo Finley,LB,LB,
7331,John Brannon,CB,DB,
7332,Kevin McGill,DB,DB,
7333,Donte Vaughn,CB,DB,
7334,Earnest Edwards,WR,WR,
7335,Bryce Perkins,QB,QB,
7336,James Gilbert,RB,RB,
7337,Easop Winston,WR,WR,
7338,Cohl Cabral,C,OL,
7339,J.J. Koski,WR,WR,
734,Trent Williams,T,OL|OT,SF
7340,Brandon Polk,WR,WR,
7341,Eric Banks,DE,DL,
7342,Michael Hoecht,DT,DL|LB,BUF
7343,Sam Renner,DT,DL,
7344,Jonah Williams,DE,DL,NO
7345,Greg Reaves,OLB,LB,
7346,Christian Rozeboom,LB,LB,TB
7347,JuJu Hughes,DB,DB,
7348,Dayan Lake,DB,DB,LAR
7349,Tyrique McGhee,DB,DB,
735,Danny Woodhead,RB,RB,
7350,Levonta Taylor,CB,DB,
7351,Kirk Merritt,WR,WR,
7352,Matt Cole,WR,WR,
7353,Bryce Sterk,TE,DL,
7354,Donell Stanley,C,OL,
7355,Nick Kaltmayer,OT,OL,
7356,Tyshun Render,DE,DL,
7357,Dan Chisena,WR,WR,
7358,Jake Bargas,FB,RB,
7359,Nakia Griffin-Stewart,TE,TE,
736,Joique Bell,RB,RB,
7360,Brady Aiello,T,OL,
7361,Jake Lacina,OL,OL,
7362,David Moa,DT,DL,
7363,Jordan Fehr,LB,LB,
7364,Blake Lynch,LB,LB,
7365,Nevelle Clarke,CB,DB,
7366,Myles Dorn,DB,DB,
7367,Will Hastings,WR,WR,
7368,Sean Riley,WR,WR,
7369,Bill Murray,DT,DL,LAR
737,Mickey Shuler,TE,TE,
7370,JoJo Ward,WR,WR,
7371,Jordan Steckler,OL,OL,
7372,Darrin Paulo,T,OL|OT,
7373,Gus Cumberlander,DE,DL,
7374,Tino Ellis,CB,DB,
7375,Keith Washington,DB,DB,
7376,Case Cookus,QB,QB,
7377,Kyle Murphy,OL,OL,NYG
7378,Kyle Markway,TE,TE,
7379,Rysen John,TE,TE,
738,Clark Harris,LS,LS,
7380,Tyler Haycraft,T,OL,
7381,Niko Lalos,DE,DL,
7382,Dominique Ross,LB,LB,
7383,Dana Levine,DE,DL,
7384,Jaquarius Landrews,DB,DB,
7385,Christian Angulo,DB,DB,
7386,Malcolm Elmore,DB,DB,
7387,George Campbell,WR,WR,
7388,Jared Hilbers,T,OL,
7389,Sterling Johnson,DT,DL,
739,Trent Edwards,QB,QB,
7390,Domenique Davis,DL,DL,
7391,Bryce Huff,DE,DL|LB,
7392,Javelin Guidry,CB,DB,
7393,Sirgeo Hoffman,RB,RB,
7394,Jermiah Braswell,WR,WR,
7395,Rashad Medaris,WR,WR,
7396,Devin Phelps,WR,WR,
7397,Parker Houston,TE,TE,
7398,Reggie Walker,LB,LB,
7399,Bejour Wilson,CB,DB,
74,Mike Adams,FS,DB,
740,Brandon Stokley,WR,WR,
7400,Manasseh Bailey,WR,WR,
7401,Khalil Tate,WR,WR,
7402,Julian Good-Jones,G,OL,WAS
7403,Luke Juriga,C,OL,
7404,Noah Togiai,TE,TE,
7405,Michael Jacquet,CB,DB,
7406,Elijah Riley,DB,DB,
7407,Isaiah Wright,WR,WR,
7408,Prince Smith,DB,DB,
7409,Isaac Alarcon,OT,OL|OT,SF
741,Breno Giacomini,T,OL,
7410,David Bada,DT,DL,
7411,Matt Leo,DE,DL,
7412,Sandro Platzgummer,RB,RB,
7413,John Molchon,G,OL,
7414,Johnathon Johnson,WR,WR,
7415,John Houston,LB,LB,
7416,Leo Lewis,LB,LB,
7417,James Lockhart,LB,LB,
7418,Broc Rutter,QB,QB,
7419,James Pierre,CB,DB,MIN
742,Jermey Parnell,T,OL,
7420,Josh Hokit,FB,RB,
7421,Jonas Griffith,LB,LB,
7422,Ronnell Perkins,S,DB|LB,
7423,DeMarkus Acy,CB,DB,
7424,Anthony Jones,RB,RB,
7425,Patrick Carr,RB,RB,
7426,Seth Dawkins,WR,WR,
7427,Tyler Mabry,TE,TE,
7428,Tommy Champion,T,OL,
7429,Marcus Webb,DE,DL,
743,C.J. Mosley,DT,DL,
7430,Josh Avery,DT,DL,
7431,Eli Mencer,DE,DL,
7432,Chris Miller,DB,DB,
7433,Gavin Heslop,CB,DB,
7434,Kemah Siverand,DB,DB,
7435,Cameron Scarlett,RB,RB,
7436,Mason Kinsey,WR,WR,
7437,Kyle Williams,WR,WR,
7438,Kristian Wilkerson,WR,WR,
7439,Tommy Hudson,TE,TE,
744,Mike Windt,LS,LS,
7440,Aaron Brewer,OL,OL,MIA
7441,Brandon Kemp,T,OL,
7442,Anthony McKinney,OT,OL|OT,
7443,Teair Tart,DT,DL,LAC
7444,Kobe Smith,DT,DL,
7445,Khaylan Kearse-Thomas,LB,LB,
7446,Tucker McCann,K,K,
7447,Cale Garrett,LB,LB,
7448,Nick Leverett,G,OL,DAL
7449,Parnell Motley,CB,DB,
745,Marshawn Lynch,RB,RB,
7450,Nasir Player,DL,DL,
7451,Cam Gill,LB,LB,CAR
7452,Josh Pearson,WR,WR,
7453,Javon Hagan,DB,DB,
7454,Travis Jonsen,WR,WR,
7455,John Hurst,WR,WR,
7456,Benning Potoa'e,DT,DL,
7457,Michael Dereus,WR,WR,
7458,Isaiah Zuber,WR,WR,
7459,Rashod Berry,LB,LB,
746,Robert Malone,P,P,
7460,Jake Burt,TE,TE,
7461,Austrian Robinson,DE,DL,
7462,Stephen Guidry,WR,WR,
7463,Trey Dishon,DT,DL,
7464,Connor Slomka,RB,RB,
7465,Nick Tiano,QB,QB,
7466,Nathan Cottrell,RB,RB,
7467,Blake Gillikin,P,P,ARI
7468,Justin Gooseberry,G,OL,
7469,Austen Pleasants,OL,OL,SF
747,Erik Lorig,FB,RB,
7470,Evan Adams,G,OL,
7471,David Reese,LB,LB,
7472,Sam Tecklenburg,C,OL,
7473,Lee Autry,DT,DL,
7474,Keandre Jones,LB,LB,
7475,Napoleon Maxwell,RB,RB,
7476,Trevon McSwain,DT,DL,
7477,Tyler Clark,DT,DL,
7478,Luther Kirk,DB,DB,
7479,Tre'Vour Wallace-Simms,OL,OL,
748,Mike Williams,WR,WR,
7480,Adrian Magee,OL,OL,
7481,Chase Harrell,TE,TE,
7482,Oluwole Betiku,DE,DL,
7483,Farrod Green,TE,TE,
7484,Brandon Wellington,LB,LB,
7485,Daniel Bituli,LB,LB,
7486,Frankie Griffin,LB,LB,
7487,Delontae Scott,LB,DL,
7488,Jonathan Hubbard,OT,OL,
7489,Kylan Johnson,LB,LB,
749,Zach Miller,TE,TE,
7490,Bryan London,LB,LB,
7491,Cedrick Lattimore,DT,DL,
7492,Josh Norwood,FS,DB,
7493,De'Jon Harris,LB,LB,
7494,Kyahva Tezino,LB,LB,
7495,Courtney Wallace,DT,DL,
7496,Nick Westbrook-Ikhine,WR,WR,IND
7497,Kamaal Seymour,OT,OL|OT,
7498,Rex Sunahara,LS,LS,CLE
7499,Paul Quessenberry,TE,TE,
75,Kendall Langford,DE,DL,
750,Erik Walden,LB,LB,
7500,Michael Barnett,DT,DL,
7501,Evan Foster,S,DB,
7502,Dominique Dafney,TE,TE,
7503,Connor Davis,TE,TE,
7504,De'Jon Harris,LB,LB,
7505,Duplicate Player,,,
7506,Duplicate Player,DB,DB,DAL
7507,Duplicate Player,,,
7508,Brandon King,LB,LB,
7509,Chris Owusu,WR,WR,
751,Joshua Mauga,LB,LB,
7510,Paul Fanaika,G,OL,
7511,Dwight Bentley,CB,DB,
7512,Aaron Smith,RB,RB,
7513,Manny Patterson,DB,DB,
7514,Michael Pinckney,LB,LB,
7515,Sergio Castillo,K,K,
7516,Hunter Niswander,P,P,DAL
7517,Duplicate Player,WR,WR,
7518,Taylor Russolino,K,K,
7519,Aaron Patrick,DE,DL,
752,O'Brien Schofield,LB,LB,
7520,Innis Gaines,DB,DB,
7521,Chris Blair,WR,WR,ATL
7522,Hunter Thedford,TE,TE,
7523,Trevor Lawrence,QB,QB,JAX
7524,Player Invalid,WR,WR,
7525,DeVonta Smith,WR,WR,PHI
7526,Jaylen Waddle,WR,WR,DEN
7527,Mac Jones,QB,QB,SF
7528,Najee Harris,RB,RB,NYG
7529,Gary Brightwell,RB,RB,
753,Jason Williams,OLB,LB,
7530,Frank Darby,WR,WR,
7531,Feleipe Franks,TE,TE,CAR
7532,Rakeem Boyd,RB,RB,
7533,Anthony Schwartz,WR,WR,
7534,Seth Williams,WR,WR,
7535,Hunter Long,TE,TE,ARI
7536,Quintin Morris,TE,TE,JAX
7537,Jaret Patterson,RB,RB,
7538,Zach Wilson,QB,QB,NO
7539,Gerrid Doaks,RB,RB,
754,Al Woods,DT,DL,
7540,Amari Rodgers,WR,WR,
7541,Cornell Powell,WR,WR,
7543,Travis Etienne,RB,RB,NO
7544,Player Invalid,RB,RB,
7545,Marlon Williams,WR,WR,
7546,Tre Nixon,WR,WR,
7547,Amon-Ra St. Brown,WR,WR,DET
7548,Tyler Vaughns,WR,WR,
7549,CJ Marable,RB,RB,
755,Will Blackmon,FS,DB,
7550,Warren Jackson,WR,WR,
7551,Deon Jackson,RB,RB,
7552,Blake Proehl,WR,WR,
7553,Kyle Pitts,TE,TE,ATL
7554,Tre' McKitty,TE,TE,
7555,Jamie Newman,QB,QB,
7556,Marquez Stevenson,WR,WR,
7557,Player Invalid,TE,TE,
7558,Whop Philyor,WR,WR,
7559,Ihmir Smith-Marsette,WR,WR,CAR
756,Bryan McCann,CB,DB,
7560,Pooka Williams,RB,RB,
7561,Elijah Mitchell,RB,RB,
7562,Tutu Atwell,WR,WR,LAR
7563,Javian Hawkins,RB,RB,
7564,Ja'Marr Chase,WR,WR,CIN
7565,Terrace Marshall,WR,WR,
7566,Player Invalid,WR,WR,
7567,Kenny Gainwell,RB,RB,TB
7568,Brevin Jordan,TE,TE,HOU
7569,Nico Collins,WR,WR,HOU
757,Clinton McDonald,DE,DL,
7570,Player Invalid,WR,WR,
7571,Rashod Bateman,WR,WR,BAL
7572,Kylin Hill,RB,RB,
7573,Damon Hazelton,WR,WR,
7574,Larry Rountree,RB,RB,
7576,Sage Surratt,TE,TE,
7578,Myron Mitchell,WR,WR,
7579,Austin Watkins,WR,WR,
758,Shayne Graham,K,K,
7580,Khalil McClain,WR,WR,
7581,Kellen Mond,QB,QB,
7582,Jhamon Ausbon,WR,WR,
7583,Sam Ehlinger,QB,QB,DEN
7584,Brennan Eagles,WR,WR,
7585,Davis Mills,QB,QB,HOU
7586,Dazz Newsome,WR,WR,
7587,Dyami Brown,WR,WR,WAS
7588,Javonte Williams,RB,RB,DAL
7589,Ian Book,QB,QB,
759,Chris Scott,G,OL,
7591,Justin Fields,QB,QB,KC
7593,Trey Sermon,RB,RB,ATL
7594,Chuba Hubbard,RB,RB,CAR
7595,Tylan Wallace,WR,WR,CLE
7596,Elijah Moore,WR,WR,PHI
7597,Kenny Yeboah,TE,TE,ARI
7599,Jermar Jefferson,RB,RB,
76,Jason Hatcher,DE,DL,
760,Colt Anderson,FS,DB,
7600,Pat Freiermuth,TE,TE,PIT
7601,Rondale Moore,WR,WR,
7602,Kylen Granson,TE,TE,TEN
7603,Shi Smith,WR,WR,
7604,Tamorrion Terry,WR,WR,
7605,Kyle Trask,QB,QB,
7606,Kadarius Toney,WR,WR,
7607,Michael Carter,RB,RB,TEN
7608,Khalil Herbert,RB,RB,ATL
7609,Demetric Felton,RB,RB,
761,Brian St Pierre,QB,QB,
7610,Trey Lance,QB,QB,LAC
7611,Rhamondre Stevenson,RB,RB,NE
7612,Dee Eskridge,WR,WR,
7613,Jonathan Adams,WR,WR,
7614,Darius Clark,RB,RB,
7615,Brian Khoury,LS,LS,
7616,Kai Locksley,WR,WR,
7617,Matt Ammendola,K,K|P,
7618,Micah Simon,WR,WR,CAR
7619,Mathew Sexton,WR,WR,
762,James Starks,RB,RB,
7620,Jarvis Miller,LB,LB,
7621,J.T. Ibe,DB,DB,CAR
7622,Sammis Reyes,TE,TE,
7623,Darece Roberson,WR,WR,
7624,Carson Williams,TE,TE,
7625,Joe Tryon-Shoyinka,LB,DL|LB,
7626,Odafe Oweh,LB,DL|LB,WAS
7627,Greg Rousseau,DE,DL|LB,BUF
7628,Eric Stokes,CB,DB,LV
7629,Payton Turner,DE,DL,DET
763,Shaun Suisham,K,K,
7630,Greg Newsome,CB,DB,NYG
7631,Christian Darrisaw,T,OL|OT,MIN
7632,Caleb Farley,CB,DB,
7633,Kwity Paye,DE,DL,LV
7634,Jamin Davis,LB,LB,
7635,Jaelan Phillips,LB,DL|LB,CAR
7636,Alex Leatherwood,T,OL|OT,
7637,Zaven Collins,LB,DL|LB,ARI
7638,Alijah Vera-Tucker,OL,OG|OL,NE
7639,Rashawn Slater,T,OL|OT,LAC
764,Derek Hagan,WR,WR,
7640,Micah Parsons,LB,DL|LB,GB
7641,Pat Surtain,CB,DB,DEN
7642,Jaycee Horn,CB,DB,CAR
7643,Penei Sewell,T,OL|OT,DET
7644,Creed Humphrey,OL,OL,KC
7645,Josh Myers,OL,OL,NYJ
7646,Boogie Basham,DE,DL,
7647,Pete Werner,LB,LB,NO
7648,Nick Bolton,LB,LB,KC
7649,Dayo Odeyingbo,DE,DL,CHI
765,Jeromy Miles,SS,DB,
7650,Dillon Radunz,OL,OT,NO
7651,Jeremiah Owusu-Koramoah,LB,LB,CLE
7652,Sam Cosmi,OL,OL|OT,WAS
7653,Azeez Ojulari,LB,DL|LB,LV
7654,Aaron Banks,OL,OG,GB
7655,Asante Samuel,CB,DB,PIT
7656,Jackson Carman,G,OG,
7657,Walker Little,T,OT,JAX
7658,Kelvin Joseph,CB,DB,
7659,Tre'von Moehrig,DB,DB,CAR
766,Justin Drescher,LS,LS,
7660,Liam Eichenberg,T,OT,
7661,Levi Onwuzurike,DE,DL,DET
7662,Richie Grant,DB,DB,
7663,Teven Jenkins,OL,OL|OT,CLE
7664,Christian Barmore,DT,DL,NE
7665,Landon Dickerson,OL,OL,PHI
7666,Jevón Holland,DB,DB,NYG
7667,Tyson Campbell,CB,DB,CLE
7668,Aaron Robinson,CB,DB,
7669,Paulson Adebo,CB,DB,NYG
767,Chris Baker,DT,DL,
7670,Joshua Palmer,WR,WR,BUF
7671,Benjamin St-Juste,DB,DB,GB
7672,Ernest Jones,LB,LB,SEA
7673,Chazz Surratt,LB,LB,SEA
7674,Patrick Jones,DE,DL,CAR
7675,Wyatt Davis,G,OG|OL,
7676,Malcolm Koonce,DE,DL,LV
7677,Divine Deablo,LB,LB,ATL
7678,Joseph Ossai,DE,DL|LB,NYJ
7679,Alim McNeill,NT,DL,DET
768,Scott Chandler,TE,TE,
7680,Ifeatu Melifonwu,CB,DB,TB
7681,Baron Browning,LB,DL|LB,ARI
7682,Elijah Molden,CB,DB,LAC
7683,Monty Rice,LB,LB,
7684,Jalen Mayfield,OL,OL|OT,
7685,Brandon Stephens,DB,DB,NYJ
7686,Ambry Thomas,CB,DB,
7687,Nahshon Wright,CB,DB,NYJ
7688,Ronnie Perkins,LB,DL|LB,
7689,Robert Hainsey,OL,OL|OT,JAX
769,Jordan Norwood,WR,WR,
7690,Ben Cleveland,G,OG|OL,
7691,Spencer Brown,OT,OL|OT,BUF
7692,Kendrick Green,C,OG|OL,NYG
7693,Chauncey Golston,DE,DL,NYG
7694,Tommy Tremble,TE,TE,CAR
7695,Osa Odighizuwa,DT,DL,SF
7696,Milton Williams,DT,DL,NE
7697,Brady Christensen,T,OL|OT,CAR
7698,Andre Cisco,DB,DB,NYJ
7699,Quinn Meinerz,OL,OL,DEN
77,Zak DeOssie,LS,LS,
770,Andrew Sendejo,DB,DB,
7700,Joshua Kaindoh,DE,DL,
7701,Tyree Gillespie,DB,DB,
7702,Royce Newman,OL,OL,
7703,Jacob Harris,WR,WR,
7704,Buddy Johnson,LB,LB,CHI
7705,D'Ante Smith,G,OT,
7706,Josh Ball,OT,OL|OT,
7707,Tre Brown,CB,DB,NYJ
7708,Marco Wilson,CB,DB,CAR
7709,Rashad Weaver,LB,DL|LB,
771,Josh Gordy,CB,DB,
7710,Janarius Robinson,DE,DL,
7711,Tommy Togiai,DT,DL,HOU
7712,Robert Rochell,DB,DB,CAR
7713,Jaelon Darden,WR,WR,
7714,Dan Moore,OT,OL|OT,TEN
7715,Cam Bynum,DB,DB,IND
7716,John Bates,TE,TE,WAS
7717,Zech McPhearson,CB,DB,
7718,Tyler Shelvin,DT,DL,
7719,Jordan Smith,DE,DL|LB,
772,Ramon Humber,LB,LB,
7720,Kene Nwangwu,RB,RB,NYJ
7721,Chris Rumph,LB,DL,NO
7722,Bobby Brown,DT,DL,CAR
7723,Elerson G. Smith,LB,DL|LB,
7724,Jabril Cox,LB,LB,
7725,Drew Dalman,OL,OL,
7726,Derrick Barnes,LB,DL|LB,DET
7727,Cameron Sample,DE,DL,
7728,James Hudson,OT,OL|OT,TEN
7729,Dez Fitzpatrick,WR,WR,
773,Larry Asante,FS,DB,
7730,Darren Hall,CB,DB,
7731,Jay Tufele,DT,DL,
7732,Justin Hilliard,LB,LB,KC
7733,Josh Pederson,TE,TE,
7734,Bruno Labelle,TE,TE,
7735,Cary Angeline,TE,TE,
7736,Lorenzo Burns,CB,DB,
7737,Jack Batho,OL,OL,
7738,Eli Howard,DE,DL,
7739,Bryce Hargrove,OL,OL,
774,Vincent Rey,LB,LB,
7740,Kobe Jones,LB,DL|LB,
7741,Caleb Huntley,RB,RB,
7742,Kion Smith,T,OL|OT,
7743,Alani Pututau,LB,DL|LB,
7744,Antonio Nunn,WR,WR,
7745,Marcus Murphy,DB,DB,
7746,Austin Trammell,WR,WR,JAX
7747,Joe Sculthorpe,OL,OL,
7748,Dwayne Johnson,DB,DB,NYG
7749,JR Pace,DB,DB,
775,Stephen Hauschka,K,K,
7750,Grant Stuard,LB,LB,LAR
7751,Dax Milne,WR,WR,
7752,Kawaan Baker,WR,WR,
7753,Pressley Harvin,P,P,
7754,Marquiss Spencer,DE,DL,
7755,Chris Wilcox,CB,DB,
7756,Khyiris Tonga,DT,DL,KC
7757,Ben Skowronek,WR,WR,PIT
7758,Will Fries,G,OG|OL,MIN
7759,Michal Menet,OL,OL,
776,Quintin Demps,SS,DB,
7760,Shaka Toney,DE,DL,
7761,Tre Norwood,DB,DB,
7762,James Wiggins,DB,DB,
7763,Mark Webb,DB,DB,
7764,William Bradley-King,DE,DL|LB,
7765,Jonathon Cooper,DL,DL|LB,DEN
7766,Matt Farniok,G,OL,
7767,Kary Vincent,CB,DB,
7768,Jack Anderson,G,OG|OL,
7769,Wyatt Hubert,DE,DL,
777,Erik Pears,T,OL,
7770,Patrick Johnson,LB,DL,LV
7771,Jake Funk,RB,RB,
7772,Phil Hoskins,DT,DL,
7773,Larnel Coleman,T,OT,
7774,Jimmy Morrissey,OL,OL,NYJ
7775,Thomas Graham,DB,DB,
7776,Israel Mukuamu,DB,DB,
7777,Trey Smith,OL,OG|OL,KC
7778,Camaron Cheeseman,LS,LS,
7779,JaCoby Stevens,LB,DB,
778,RJ Stanford,CB,DB,
7780,Tay Gowan,CB,DB,
7781,Thomas Fletcher,LS,LS,
7782,Isaiah McDuffie,LB,LB,GB
7783,Quincy Roche,LB,DL|LB,
7784,Brady Breeze,DB,DB,
7785,Cole Van Lanen,OL,OG|OL,JAX
7786,Rachad Wildgoose,CB,DB,
7787,Damar Hamlin,DB,DB,BUF
7788,Victor Dimukeje,LB,LB,
7789,Jalen Camp,WR,WR,
779,George Johnson,DE,DL,
7790,Stone Forsythe,T,OL|OT,CAR
7791,Jonathan Marshall,DT,DL,
7792,Landon Young,T,OT,
7793,Racey McMath,WR,WR,
7794,Chris Evans,RB,RB,
7795,Rodarius Williams,CB,DB,
7796,Brandin Echols,CB,DB,PIT
7797,Jaylen Twyman,DT,DL,
7798,William Sherman,T,OL|OT,NO
7799,Roy Lopez,DT,DL,ARI
78,Ahmad Bradshaw,RB,RB,
780,Tony Carter,CB,DB,
7800,Deonte Brown,G,OG|OL,
7801,Quinton Bohanna,DT,DL,
7802,Tarron Jackson,DE,DL,
7803,Trey Hill,C,OL,
7804,Marlon Tuipulotu,DT,DL,
7805,Joshuah Bledsoe,DB,DB,
7806,Hamsah Nasirildeen,LB,DB|LB,
7807,Nick Niemann,LB,LB,GB
7808,Ben Mason,FB,TE,
7809,Avery Williams,RB,RB,
781,Teddy Williams,CB,DB,
7810,Ade Ogundeji,LB,DL,
7811,Talanoa Hufanga,DB,DB,DEN
7812,Simi Fehoko,WR,WR,ARI
7813,Shemar Jean-Charles,CB,DB,
7814,Cameron McGrone,LB,LB,LV
7815,K.J. Britt,LB,LB,NE
7816,Jason Pinnock,CB,DB,NYG
7817,Earnest Brown,DE,DL,
7818,T.J. Slaton,DT,DL,CIN
7819,Deommodore Lenoir,DB,DB,SF
782,Will Tukuafu,FB,RB,
7820,Daelin Hayes,LB,DL|LB,
7821,Garret Wallow,LB,LB,SF
7822,Richard LeCounte,DB,DB,
7823,Nate Hobbs,CB,DB,SF
7824,Keith Taylor,CB,DB,
7825,Shawn Davis,DB,DB,
7826,Jamar Johnson,DB,DB,
7827,Darrick Forrest,DB,DB,SF
7828,Noah Gray,TE,TE,KC
7829,Tommy Doyle,OT,OL|OT,
783,Rafael Bush,SS,DB,
7830,Shaun Wade,CB,DB,PHI
7831,Brenden Jaimes,OL,OL|OT,
7832,Daviyon Nixon,DT,DL,
7833,Isaiahh Loudermilk,DE,DL,NYJ
7834,Jaylon Moore,OL,OL|OT,KC
7835,Michael Carter,CB,DB,PHI
7836,Tony Fields,LB,LB,CHI
7837,Caden Sterns,DB,DB,
7838,Larry Borom,OL,OG|OL,DET
7839,Evan McPherson,K,K,CIN
784,Marcus Sherels,CB,DB,
7840,Ta'Quon Graham,DT,DL,
7841,Jamien Sherwood,LB,LB,NYJ
7842,Luke Farrell,TE,TE,SF
7843,Dionte Ruffin,DB,DB,
7844,Sam Kamara,LB,DL,CLE
7845,Thomas Schaffer,DE,DL,
7846,Caleb Johnson,LB,LB,HOU
7847,Gunnar Vogel,OT,OL,
7848,Scooter Harrington,TE,TE,
7849,Charles Snowden,LB,DL|LB,WAS
785,Lemuel Jeanpierre,C,OL,
7850,Justus Reed,DE,DL|LB,
7851,Chandon Herring,OL,OL,
7852,Tory Carter,FB,RB,
7853,Naquan Jones,DT,DL,SF
7854,Miller Forristall,TE,TE,
7855,Blake Haubeil,K,K,
7856,Cole Banwart,G,OL,
7857,Anthony Hines,LB,LB,
7858,Brenden Knox,RB,RB,
7859,Nick Eubanks,TE,TE,
786,Jaiquawn Jarrett,FS,DB,
7860,Osirus Mitchell,WR,WR,
7861,Braylon Jones,C,OL,
7862,T.J. Vasher,WR,WR,
7863,JaQuan Hardy,RB,RB,
7864,Artayvious Lynn,TE,TE,
7865,Brandon Smith,WR,WR,PIT
7866,Austin Faoliu,DT,DL,
7867,Spencer Brown,RB,RB,
7868,Mason Stokke,FB,RB,CAR
7869,David Moore,G,OG|OL,
787,Jason Kelce,C,OL,
7870,Paddy Fisher,LB,LB,
7871,Oscar Draguicevich,P,P,
7872,Alaric Jackson,OL,OL,LAR
7873,Jordan Meredith,OL,OL,NYJ
7874,Jeremiah Haydel,WR,WR,
7875,Teton Saltes,OL,OL|OT,
7876,Michael Dwumfour,DT,DL,
7877,Hamilcar Rashed,DE,DL|LB,
7878,Milo Eifler,LB,LB,TEN
7879,Tristen Hoge,G,OL,DEN
788,Dion Lewis,RB,RB,
7880,Jack Heflin,DT,DL,NYJ
7881,Jon Dietzen,OL,OL,
7882,Christian Uphoff,DB,DB,
7883,Jacob Capra,OL,OL,
7884,Carlo Kemp,LB,DL|LB,
7885,Bailey Gaither,WR,WR,
7886,Drake Jackson,C,OL,
7887,D'Angelo Amos,DB,DB,DET
7888,Tavante Beckett,LB,LB,
7889,Jerry Jacobs,CB,DB,
789,Curtis Marsh,CB,DB,
7890,Javon McKinley,WR,WR,
7891,Brock Wright,TE,TE,DET
7892,AJ Parker,CB,DB,
7893,Dedrick Mills,RB,RB,
7894,Lamont Wade,DB,DB,
7895,Mac McCain,CB,DB,
7896,Donovan Stiner,DB,DB,
7897,Roland Rivers,QB,QB,
7898,Shakur Brown,CB,DB,
7899,Isaiah McKoy,WR,WR,
79,Stefan Charles,DT,DL,
790,Casey Matthews,ILB,LB,
7900,Jamar Watson,LB,LB,
7901,Rico Bussey,WR,WR,
7902,Calvin Bundage,LB,LB,
7903,Briley Moore,TE,TE,
7904,Stevie Scott,RB,RB,
7905,Dylan Soehner,TE,TE,
7906,Mike Brown,OL,OL,
7907,Bryce Thompson,CB,DB,
7908,Eric Burrell,DB,DB,
7909,Nolan Cooney,P,P,
791,Cedric Thornton,DT,DB|DL,
7910,Lawrence Woods,CB,DB,
7911,Alex Hoffman,OL,OL,
7912,Trill Williams,CB,DB,
7913,Shaq Smith,LB,LB,
7914,Jovan Grant,DB,DB,
7915,Landen Akers,WR,WR,
7916,Paris Ford,DB,DB,
7917,Turner Bernard,LS,LS,
7918,A.J. Rose,RB,RB,
7919,Jordon Scott,DT,DL,
792,Julian Vandervelde,G,OL,
7920,Tuf Borland,LB,LB,
7921,Christian Elliss,LB,LB,NE
7922,Riley Patterson,K,K,MIA
7923,Robert Jones,G,OL,
7924,Jaytlin Askew,CB,DB,
7925,Jerome Johnson,DT,DL,
7926,Carl Tucker,TE,TE,
7927,Grant Hermanns,OL,OL,
7928,Brett Heggie,C,OL,
7929,Jake Burton,G,OL,
793,Danny Aiken,LS,LS,
7930,Raymond Johnson,DE,DL,
7931,Forrest Merrill,DT,DL,
7932,Darius Harper,OL,OL,
7933,Alex Kessman,K,K,CAR
7934,Jared Goldwire,DT,DL,
7935,Eli Stove,WR,WR,
7936,Amen Ogbongbemiga,LB,LB,DET
7937,Kyle Spalding,OL,OL,
7938,Hunter Kampmoyer,TE,TE,
7939,Ben DeLuca,DB,DB,
794,Kamar Aiken,WR,WR,
7940,Ryan Langan,LS,LS,
7941,Nick Ralston,RB,RB,
7942,Tyler Coyle,DB,DB,
7943,Zach Davidson,TE,TE,
7944,Michael Strachan,WR,WR,
7945,Chris Garrett,LB,DL|LB,
7946,Jack Stoll,TE,TE,SF
7947,Kayode Awosika,OL,OG|OL,LAC
7948,JaQuan Bailey,DE,DL,
7949,Trevon Grimes,WR,WR,
795,Marcell Dareus,DE,DL,
7950,Harry Crider,OL,OL,
7951,B.J. Emmons,RB,RB,
7952,Elijah Sullivan,LB,LB,
7953,Bryan Mills,CB,DB,MIN
7954,Connor Wedington,WR,WR,
7955,Pier-Olivier Lestage,OG,OG|OL,
7956,Cade Johnson,WR,WR,
7957,Jon Rhattigan,LB,LB,
7958,Greg Eiland,OT,OL|OT,
7959,Augie Contressa,DB,DB,TB
796,Chris Hairston,T,OL,
7960,T.J. Simmons,WR,WR,
7961,Jose Borregales,K,K,
7962,Sadarius Hutcherson,OG,OG|OL,
7963,Elijah Ponder,LB,DL,
7964,Leighton McCarthy,LB,LB,
7965,Cameron Kinley,CB,DB,
7966,Calvin Ashley,OT,OT,
7967,Lawrence White,DB,DB,
7968,Xavier Kelly,DT,DL,
7969,Adrian Ealy,OT,OT,
797,Justin Rogers,CB,DB,
7970,Ar'Darius Washington,DB,DB,NYG
7971,Sam Cooper,G,OL,
7972,Tony Poljan,TE,TE,
7973,Foster Sarell,T,OT,SF
7974,Nick McCloud,CB,DB,CHI
7975,Tariq Thompson,DB,DB,
7976,Olaijah Griffin,CB,DB,
7977,Syrus Tuitele,OG,OG,
7978,Tre Walker,WR,WR,
7979,Ryan Neuzil,OL,OL,ATL
798,Da'Norris Searcy,SS,DB,
7980,John Raine,FB,TE,
7981,Zac Dawe,DT,DL,
7982,Dorian Etheridge,LB,LB,
7983,Collin Hill,QB,QB,
7984,Drue Chrisman,P,P,
7985,Pro Wells,TE,TE,
7986,Antonio Phillips,CB,DB,
7987,Darius Hodge,DE,DL,
7988,Riley Lees,WR,WR,
7989,DJ Turner,WR,WR,
799,Kelvin Sheppard,LB,LB,
7990,Garrett Groshek,RB,RB,
7991,Darius Stills,DT,DL,
7992,Matt Bushman,TE,TE,
7993,Trey Ragas,RB,RB,
7994,TJ Morrison,CB,DB,
7995,Max Richardson,LB,LB,
7996,Dillon Stoner,WR,WR,
7997,Devery Hamilton,T,OT,
7998,Riley Cole,LB,LB,
7999,Marlon Character,DB,DB,
8,Jason Jones,DE,DL,
80,Ed Reed,FS,DB,
800,Aaron Williams,SS,DB,
8000,Zayne Anderson,DB,DB|LB,MIA
8001,Malik Herring,DE,DL,MIA
8002,Shane Buechele,QB,QB,BUF
8003,Dicaprio Bootle,DB,DB,
8004,Devon Key,DB,DB,DEN
8005,Tarik Black,WR,WR,
8006,Isaiah Kaufusi,LB,LB,
8007,Anthony Butler,LB,LB,
8008,Josh Imatorbhebhe,WR,WR,
8009,Dylan Moses,LB,LB,JAX
801,Charles Clay,TE,TE,
8010,Kenny Randall,DT,DL,
8011,DJ Daniel,CB,DB,NE
8012,Corey Straughter,CB,DB,
8013,Tim Jones,WR,WR,JAX
8014,Ryan McCollum,C,OL,PIT
8015,Carson Green,OL,OL,
8016,Max Pircher,OL,OL,HOU
8017,Evan Heim,OG,OG|OL,
8018,Shaun Beyer,TE,TE,
8019,Devontres Dukes,WR,WR,
802,Pat Devlin,QB,QB,
8020,Curtis Robinson,LB,LB,DAL
8021,Branden Mack,WR,WR,
8022,Drew Himmelman,OT,OL|OT,
8023,Nolan Laufenberg,G,OG|OL,
8024,Andre Mintze,LB,LB,
8025,Adam Prentice,FB,RB,DEN
8026,Landon Rice,TE,TE,
8027,Tre Harbison,RB,RB,
8028,Romeo McKnight,DE,DL,
8029,Marvin Wilson,DT,DL,
803,Jonathan Freeny,LB,LB,
8030,Emmanuel Rugamba,CB,DB,
8031,Kiondre Thomas,CB,DB,
8032,Aaron Donkor,LB,LB,
8033,Bernhard Seikovits,TE,TE,
8034,Alfredo Gutierrez,OL,OL,
8035,Zach Von Rosenberg,P,P,
8036,Zeandae Johnson,DT,DL,
8037,Josiah Bronson,DT,DL,
8038,Nick Guggemos,TE,TE,
8039,Jibri Blount,TE,TE,
804,Clyde Gates,WR,WR,
8040,Quinn Nordin,K,K,
8041,Shane Zylstra,TE,TE,
8042,Chris Naggar,K,K,
8043,Jordyn Peters,DB,DB,
8044,Isaiah Dunn,DB,DB,
8045,Parker Ferguson,OL,OL|OT,
8046,Brendon White,LB,DB|LB,NYJ
8047,Shaun Crawford,CB,DB,
8048,Jaylon McClain-Sapp,DB,DB,
8049,Deuce Wallace,DB,DB,
805,Frank Kearse,DE,DL,
8050,Lorenzo Neal,DT,DL,
8051,Josh Johnson,RB,RB,
8052,Donte Sylencieux,WR,WR,
8053,Dareuan Parker,OL,OL,
8054,Daniel Archibong,DT,DL,
8055,Brian Johnson,K,K,
8056,Jake Verity,K,K,
8057,Kenji Bahar,QB,QB,
8058,Nate McCrary,RB,RB,
8059,Barrington Wade,LB,LB,
806,Daniel Thomas,RB,RB,
8060,Cam Murray,OL,OL,
8061,Jake Hausmann,TE,TE,
8062,Coy Cronk,T,OL,
8063,George Silvanic,DT,DL,
8064,Max Roberts,LB,LB,
8065,Troy Warner,DB,DB,
8066,Max Duffy,P,P,
8067,Jovan Swann,DE,DL,
8068,C.J. Saunders,WR,WR,
8069,Adam Coon,G,OL,
807,Jimmy Wilson,SS,DB,
8070,Travis Toivonen,WR,WR,
8071,Mitchell Fraboni,LS,LS,DEN
8072,Willie Yarbary,DT,DL,
8073,Tyrone Wheatley,OL,OL|OT,ATL
8074,Matt Seybert,TE,TE,
8075,Damon Lloyd,LB,LB,
8076,Michael Bandy,WR,WR,DEN
8077,Otis Anderson,RB,RB,
8078,Brontae Harris,DB,DB,
8079,Craig Stevens,TE,TE,
808,Marcus Cannon,OL,OL|OT,
8080,Aashari Crosswell,DB,DB,
8081,Jake Curhan,T,OT,CAR
8082,Jared Hocker,G,,
8083,Jarrod Hewitt,DT,DL,
8084,Mark Gilbert,CB,DB,
8085,Mekhi Sargent,RB,RB,
8086,James Smith,P,P,
8087,K.J. Costello,QB,QB,
8088,Kalif Jackson,TE,TE,MIA
8089,Sal Cannella,TE,TE,
809,Ras-I Dowling,CB,DB,
8090,Daniel Crawford,TE,TE,
8091,J.T. Jones,DE,DL,PIT
8092,Corey Taylor,RB,RB,
8093,KJ Sails,DB,DB,
8094,Michael Jacobson,TE,TE,
8095,Graham Adomitis,TE,TE,
8096,Lakiem Williams,LB,LB,
8097,Dominique Martin,CB,DB,
8098,Alex Tchangam,LB,DL,
8099,DeMichael Harris-DUP,WR,WR,
81,Randy Starks,DE,DL,
810,Ryan Mallett,QB,QB,
8100,Blake Gallagher,LB,LB,
8101,Mark Vital,TE,TE,
8102,DeShon Williams,TE,TE,
8103,Ryan Willis,QB,QB,
8104,Dee Alford,DB,DB,BUF
8105,Brayden Lenius,TE,TE,
8106,Jordan Murray,T,,
8107,Nikola Kalinic,TE,TE,CHI
8108,DeVonte Dedmon,WR,WR,
8109,Drew Desjarlais,OL,OL,
811,Stevan Ridley,RB,RB,
8110,Jake Ferguson,TE,TE,DAL
8111,Cade Otton,TE,TE,TB
8112,Drake London,WR,WR,ATL
8113,Player Invalid,RB,RB,
8114,Erik Ezukanma,WR,WR,
8115,Jalen Wydermyer,TE,TE,
8116,Pierre Strong,RB,RB,GB
8117,Jalen Tolbert,WR,WR,MIA
8118,David Bell,WR,WR,
8119,Jahan Dotson,WR,WR,ATL
812,Lee Smith,TE,TE,ATL
8120,Jerrion Ealy,RB,RB,
8121,Romeo Doubs,WR,WR,NE
8122,Zonovan Knight,RB,RB,ARI
8123,Hassan Haskins,RB,RB,
8124,Player Invalid,TE,TE,
8125,Calvin Austin,WR,WR,NYG
8126,Wan'Dale Robinson,WR,WR,TEN
8127,Charlie Kolar,TE,TE,LAC
8128,Player Invalid,TE,TE,
8129,Dameon Pierce,RB,RB,PHI
813,Nate Solder,T,OL|OT,
8130,Trey McBride,TE,TE,ARI
8131,Isaiah Likely,TE,TE,NYG
8132,Tyler Allgeier,RB,RB,ARI
8133,Player Invalid,WR,WR,
8134,Khalil Shakir,WR,WR,BUF
8135,Treylon Burks,WR,WR,WAS
8136,Rachaad White,RB,RB,WAS
8137,George Pickens,WR,WR,DAL
8138,James Cook,RB,RB,BUF
8139,Zamir White,RB,RB,NO
814,Shane Vereen,RB,RB,
8140,Justyn Ross,WR,WR,
8141,Player Invalid,WR,WR,
8142,Alec Pierce,WR,WR,IND
8143,Jerome Ford,RB,RB,
8144,Chris Olave,WR,WR,NO
8145,Jeremy Ruckert,TE,TE,NYJ
8146,Garrett Wilson,WR,WR,NYJ
8147,John Metchie,WR,WR,CAR
8148,Jameson Williams,WR,WR,DET
8149,Master Teague,RB,RB,
815,Nick Bellore,LB,LB,
8150,Kyren Williams,RB,RB,LAR
8151,Kenneth Walker,RB,RB,KC
8152,Kennedy Brooks,RB,RB,
8153,Isaiah Spiller,RB,RB,
8154,Brian Robinson,RB,RB,ATL
8155,Breece Hall,RB,RB,NYJ
8156,Player Invalid,QB,QB,
8157,Bailey Zappe,QB,QB,
8158,Carson Strong,QB,QB,
8159,Desmond Ridder,QB,QB,
816,Kenrick Ellis,DT,DL,
8160,Kenny Pickett,QB,QB,CAR
8161,Malik Willis,QB,QB,MIA
8162,Sam Howell,QB,QB,DAL
8163,Player Invalid,QB,QB,
8164,Matt Corral,QB,QB,
8165,Brandin Dandridge,DB,DB,
8166,Dontario Drummond,WR,WR,
8167,Christian Watson,WR,WR,GB
8168,Skyy Moore,WR,WR,GB
8169,Tre Turner,WR,WR,
817,Jeremy Kerley,WR,WR,
8170,James Mitchell,TE,TE,DAL
8171,Kyle Philips,WR,WR,
8172,Greg Dulcich,TE,TE,MIA
8173,ZaQuandre White,RB,RB,
8174,Kevin Harris,RB,RB,
8175,Reggie Roberson,WR,WR,
8176,Danny Gray,WR,WR,
8177,Grant Calcaterra,TE,TE,PHI
8178,Braylon Sanders,WR,WR,
8179,Snoop Conner,RB,RB,
818,Bilal Powell,RB,RB,
8180,Jalen Nailor,WR,WR,LV
8181,Connor Heyward,RB,RB,LV
8182,Chase Allen,TE,TE,
8183,Brock Purdy,QB,QB,SF
8184,D'Vonte Price,RB,RB,
8185,Johnny Johnson,WR,WR,
8186,Devon Williams,WR,WR,
8187,CJ Verdell,RB,RB,
8188,Tyquan Thornton,WR,WR,KC
8189,Trestan Ebner,RB,RB,
819,Muhammad Wilkerson,DE,DL,
8190,Abram Smith,RB,RB,
8191,Slade Bolden,WR,WR,
8192,Curtis Hodges,TE,TE,
8193,E.J. Perry,QB,QB,
8194,Jashaun Corbin,RB,RB,
8195,Ronnie Rivers,RB,RB,LAR
8196,Ty Fryfogle,WR,WR,
8197,Peyton Hendershot,TE,TE,
8198,Charleston Rambo,WR,WR,
8199,D'Eriq King,QB,QB,
82,Brandon Jacobs,RB,RB,
820,Chykie Brown,CB,DB,
8200,Kevin Austin,WR,WR,NO
8201,Jack Coan,QB,QB,
8202,Michael Woods,WR,WR,
8203,Jeremiah Hall,TE,TE,
8204,Bo Melton,WR,WR,GB
8205,Isiah Pacheco,RB,RB,DET
8206,Skylar Thompson,QB,QB,BAL
8207,Tyler Goodson,RB,RB,DAL
8208,Tyler Badie,RB,RB,DEN
8209,Makai Polk,WR,WR,
821,Josh Bynes,LB,LB,
8210,Chig Okonkwo,TE,TE,WAS
8211,Tyrion Davis-Price,RB,RB,
8212,Dustin Crum,QB,QB,
8213,Dai'Jean Dixon,WR,WR,
8214,Cole Turner,TE,TE,MIA
8215,Austin Allen,TE,TE,
8216,Player Invalid,QB,QB,
8217,Leddie Brown,RB,RB,
8218,Max Borghi,RB,RB,
8219,Jelani Woods,TE,TE,NYJ
822,Tandon Doss,WR,WR,
8220,Sincere McCormick,RB,RB,SF
8221,Keaontay Ingram,RB,RB,
8222,Josh Johnson,WR,WR,
8223,Velus Jones,WR,RB,SEA
8224,Cole Kelley,QB,QB,
8225,Daniel Bellinger,TE,TE,TEN
8226,Greg Bell,RB,RB,
8227,Teagan Quitoriano,TE,TE,ARI
8228,Jaylen Warren,RB,RB,PIT
8229,Isaiah Weston,WR,WR,
823,Pernell McPhee,LB,DL|LB,
8230,Ty Chandler,RB,RB,NO
8231,Player Invalid,RB,RB,
8232,Jaquarii Roberson,WR,WR,
8233,Mataeo Durant,RB,RB,
8234,Jaivon Heiligh,WR,WR,
8235,Samori Toure,WR,WR,
8236,Jerreth Sterns,WR,WR,
8237,Player Invalid,RB,RB,
8238,Emeka Emezie,WR,WR,
8239,Ricky Person,RB,RB,
824,Jah Reid,G,OL,
8240,BJ Baylor,RB,RB,
8241,Anthony Brown,QB,QB,
8242,Shermari Jones,RB,RB,
8243,DeAndre Torrey,RB,RB,
8244,Player Invalid,RB,RB,
8245,Derrick Deese,TE,TE,
8246,Bryant Koback,RB,RB,
8247,Gerrit Prince,TE,TE,
8248,Kalil Pimpleton,WR,WR,
8249,Lucas Krull,TE,TE,DEN
825,Jimmy Smith,CB,DB,
8250,Tay Martin,WR,WR,DET
8251,Calvin Jackson,WR,WR,
8252,Travell Harris,WR,WR,
8253,Deven Thompkins,WR,WR,LV
8254,Julius Chestnut,RB,RB,TEN
8255,Raheem Blackshear,RB,RB,
8256,Player Invalid,TE,TE,
8257,Player Invalid,QB,QB,
8258,Cade York,K,K,
8259,Cameron Dicker,K,K,LAC
826,Torrey Smith,WR,WR,
8260,Gabe Brkic,K,K,
8261,Jack Jones,DB,DB,SF
8262,DJ Davidson,DL,DL,
8263,Darien Butler,LB,LB,
8264,Chase Lucas,DB,DB,
8265,Travon Walker,DL,DL,JAX
8266,Quay Walker,LB,LB,LV
8267,Nakobe Dean,LB,LB,LV
8268,Lewis Cine,DB,DB,
8269,Jordan Davis,DL,DL,PHI
827,Tyrod Taylor,QB,QB,GB
8270,Devonte Wyatt,DL,DL,GB
8271,Derion Kendrick,DB,DB,DAL
8272,Channing Tindall,LB,LB,
8273,Phidarian Mathis,DL,DL,BUF
8274,LaBryan Ray,DL,DL,
8275,Josh Jobe,DB,DB,SEA
8276,Jalyn Armour-Davis,DB,DB,
8277,Christopher Allen,LB,LB,
8278,Christian Harris,LB,LB,ATL
8279,Perrion Winfrey,DL,DL,
828,Clint Boling,G,OL,
8280,Nik Bonitto,LB,DL|LB,DEN
8281,Isaiah Thomas,DL,DL,
8282,Delarrin Turner-Yell,DB,DB,
8283,Brian Asamoah,LB,LB,ATL
8284,Vincent Gray,DB,DB,
8285,Josh Ross,LB,LB,
8286,Dax Hill,DB,DB,CIN
8287,David Ojabo,DL,DL|LB,NO
8288,Christopher Hinton,DL,DL,
8289,Aidan Hutchinson,DL,DL,DET
829,Andy Dalton,QB,QB,PHI
8290,Sauce Gardner,DB,DB,IND
8291,Myjai Sanders,DL,DL,
8292,Darrian Beavers,LB,LB,
8293,Coby Bryant,DB,DB,CHI
8294,Bryan Cook,DB,DB,CIN
8295,Zach Carter,DL,DL,ARI
8296,Kaiir Elam,DB,DB,LAC
8297,Jeremiah Moon,LB,LB,CAR
8298,Mario Goodrich,DB,DB,
8299,Baylon Spector,LB,LB,
83,Tim Hightower,RB,RB,
830,A.J. Green,WR,WR,
8300,Andrew Booth,DB,DB,
8301,Zakoby McClain,LB,LB,
8302,Smoke Monday,DB,DB,
8303,Roger McCreary,DB,DB,DET
8304,Player Invalid,LB,LB,
8305,Montaric Brown,DB,DB,JAX
8306,John Ridgeway,DL,DL,NO
8307,Neil Farrell,DL,DL,
8308,Derek Stingley,DB,DB,HOU
8309,Damone Clark,LB,LB,DET
831,Andrew Hawkins,WR,WR,
8310,Cor'Dale Flott,DB,DB,TEN
8311,Terrel Bernard,LB,LB,BUF
8312,Kalon Barnes,DB,DB,
8313,JT Woods,DB,DB,
8314,Jalen Pitre,DB,DB,HOU
8315,Tyree Johnson,DL,DL,
8316,Micheal Clemons,DL,DL,IND
8317,Leon O'Neal,DB,DB,
8318,Jayden Peevy,DL,DL,
8319,DeMarvin Leal,DL,DL,
832,Ryan Whalen,WR,WR,
8320,A.Hansford Hansford,LB,LB,
8321,Tariq Castro-Fields,DB,DB,
8322,Jesse Luketa,LB,LB,
8323,Jaquan Brisker,DB,DB,PIT
8324,Brandon Smith,LB,LB,
8325,Arnold Ebiketie,DL,DL,PHI
8326,Jermaine Waller,DB,DB,
8327,Amare Barno,DL,DL,
8328,Nephi Sewell,LB,LB,CHI
8329,Devin Lloyd,LB,LB,CAR
833,Jordan Cameron,TE,TE,
8330,Quentin Lake,DB,DB,LAR
8331,Otito Ogbonnia,DL,DL,DAL
8332,Matthew Butler,DL,DL,
8333,Alontae Taylor,DB,DB,TEN
8334,Malcolm Rodriguez,LB,LB,DET
8335,Kolby Harvell-Peel,DB,DB,
8336,Tyreke Smith,DL,DL,KC
8337,Haskell Garrett,DL,DL,
8338,Myron Tagovailoa-Amosa,DL,DL,
8339,Kyle Hamilton,DB,DB,BAL
834,James Dockery,CB,DB,
8340,JoJo Domann,LB,LB,
8341,Cam Taylor-Britt,DB,DB,IND
8342,Esezi Otomewo,DL,DL,PIT
8343,Boye Mafe,DL,DL|LB,CIN
8344,Jonathan Ford,DL,DL,GB
8345,Bubba Bolden,DB,DB,
8346,Mike Rose,LB,LB,
8347,Eyioma Uwazurike,DL,DL,DEN
8348,Kerby Joseph,DB,DB,DET
8349,Jake Hansen,LB,LB,HOU
835,Greg Little,WR,WR,
8350,Isaac Taylor-Stuart,DB,DB,
8351,Drake Jackson,DL,DL,ATL
8352,Chris Steele,DB,DB,
8353,Verone McKinley,DB,DB,
8354,Player Invalid,DB,DB,
8355,Kayvon Thibodeaux,DL,DL|LB,NYG
8356,Yusuf Corker,DB,DB,
8357,Marquan McCall,DL,DL,
8358,Josh Paschal,DL,DL,
8359,Marcus Jones,DB,DB,NE
836,Jabaal Sheard,DE,DL|LB,
8360,Logan Hall,DL,DL,HOU
8361,Damarion Williams,DB,DB,
8362,Leo Chenal,LB,LB,WAS
8363,Jack Sanborn,LB,LB,CHI
8364,Trent McDuffie,DB,DB,LAR
8365,Kyler Gordon,DB,DB,CHI
8366,Isaiah Graham-Mobley,LB,LB,
8367,D'Marco Jackson,LB,LB,CHI
8368,Sam Williams,DL,DL,CLE
8369,Chance Campbell,LB,LB,PHI
837,Buster Skrine,DB,DB,
8370,Jordan Jackson,DL,DL,DEN
8371,Chad Muma,LB,LB,HOU
8372,DeAngelo Malone,DL,DL,ATL
8373,Jaylen Watson,DB,DB,LAR
8374,Riq Woolen,DB,DB,PHI
8375,Kalia Davis,DL,DL,CLE
8376,Alex Wright,DL,DL,CLE
8377,Tycen Anderson,DB,DB,DEN
8378,DaMarcus Fields,DB,DB,
8379,Josh Thompson,DB,DB,
838,Phillip Taylor,NT,DL,
8380,Thomas Booker,DL,DL,LV
8381,Cobie Durant,DB,DB,DAL
8382,Kingsley Enagbare,DL,DL,NYJ
8383,Cameron Thomas,DL,DL,ATL
8384,Zyon McCollum,DB,DB,TB
8385,George Karlaftis,DL,DL,KC
8386,Damarri Mathis,DB,DB,CLE
8387,Jeremiah Gemmel,LB,LB,
8388,Troy Andersen,LB,LB,
8389,Akayleb Evans,DB,DB,CAR
839,Cortez Allen,CB,DB,
8390,Martin Emerson,DB,DB,NO
8391,Dominique Robinson,DL,DL,HOU
8392,Nick Cross,DB,DB,WAS
8393,Qwynnterrio Cole,DB,DB,
8394,Percy Butler,DB,DB,WAS
8395,Dane Belton,DB,DB,NYJ
8396,Micah McFadden,LB,LB,NYG
8397,Juanyeh Thomas,DB,DB,DAL
8398,Jermaine Johnson,LB,DL|LB,TEN
8399,Markquese Bell,DB,DB|LB,DAL
84,Branden Albert,T,OL,
840,Corbin Bryant,DT,DL,
8400,Travis Jones,DL,DL,BAL
8401,Player Invalid,LB,LB,
8402,Jeff Gunter,LB,LB,
8403,Sterling Weatherford,DB,DB,
8404,Ali Fayad,DL,DL,
8405,Tariq Carpenter,DB,DB,
8406,Reed Blankenship,DB,DB,HOU
8407,T.J. Pledger,RB,RB,
8408,Jordan Mason,RB,RB,MIN
8409,Tyler Snead,WR,WR,
841,Chris Carter,LB,LB,
8410,Jequez Ezzard,WR,WR,
8411,Devon Allen,WR,WR,
8412,Roy Mbaeteka,OL,OL,IND
8413,Chris Oladokun,QB,QB,
8414,Britain Covey,WR,WR,PHI
8415,Haggai Ndubuisi,T,DL,
8416,Jalen Virgil,WR,WR,
8417,Player Invalid,RB,RB,
8418,Jared Smart,WR,WR,
8419,Stanley Berryhill,WR,WR,
842,Marcus Gilbert,OT,OL|OT,
8420,Jack Sorenson,WR,WR,
8421,Mike Harley,WR,WR,
8422,Player Invalid,RB,RB,
8423,Brittain Brown,RB,RB,CHI
8424,Kevin Marks,RB,RB,
8425,Player Invalid,RB,RB,
8426,Player Invalid,RB,RB,
8427,Player Invalid,RB,RB,
8428,Zander Horvath,RB,RB,
8429,Levi Lewis,QB,QB,
843,Cameron Heyward,DT,DL,PIT
8430,Player Invalid,QB,QB,
8431,Chase Garbers,QB,QB,
8432,Player Invalid,TE,TE,
8433,Cade Brewer,TE,TE,
8434,Player Invalid,TE,TE,
8435,Kwamie Lassiter,WR,WR,
8436,Neil Pau'u,WR,WR,
8437,Thomas Hennigan,WR,WR,
8438,Corey Sutton,WR,WR,
8439,Demetris Robertson,WR,WR,
844,Akeem Ayers,LB,LB,
8440,Player Invalid,WR,WR,
8441,Justin Hall,WR,WR,
8442,Jarrett Guarantano,QB,QB,
8443,Evan Neal,OL,OL,LV
8444,Trevor Penning,T,OT,LAC
8445,Zion Johnson,G,,CLE
8446,Charles Cross,OL,OL,SEA
8447,Kenyon Green,OL,OL,
8448,Cole Strange,OL,OL,LAC
8449,Tyler Smith,OL,OL,DAL
845,Tommie Campbell,CB,DB,
8450,Tyler Linderbaum,OL,OL,LV
8451,Ikem Ekwonu,T,,CAR
8452,Ed Ingram,G,,HOU
8453,Cam Jurgens,OL,OL,PHI
8454,Luke Goedeke,OL,OL,TB
8455,Joshua Ezeudu,OL,OL,KC
8456,Logan Bruss,OL,OL,
8457,Abraham Lucas,OL,OL,SEA
8458,Dylan Parham,OL,OL,NYJ
8459,Bernhard Raimann,OL,OL,IND
846,Jurrell Casey,DT,DL,
8460,Sean Rhyan,OL,OL,GB
8461,Nicholas Petit-Frere,T,OL,
8462,Luke Fortner,G,OL,CAR
8463,Zach Bako-Bewele,OL,OL,GB
8464,Cordell Volson,T,OL,
8465,Spencer Burford,OL,OL,LV
8466,Jake Camarda,P,P,
8467,Jordan Stout,P,P,NYG
8468,Max Mitchell,T,OL,NYJ
8469,Daniel Faalele,T,OG,JAX
847,Karl Klug,DT,DL,
8470,Joshua Williams,CB,DB,TEN
8471,Marcus McKethan,OL,OL,
8472,Darian Kinnard,T,OG,
8473,Eric Johnson,DT,DL,
8474,Luke Wattenberg,OL,OL,DEN
8475,Montrell Washington,WR,WR,
8476,DaRon Bland,DB,DB,DAL
8477,Matt Waletzko,OL,OL,
8478,Samuel Womack,CB,DB,NYJ
8479,Braxton Jones,OL,OT,CHI
848,Byron Stingily,T,OL,
8480,Jamaree Salyer,OL,OL,
8481,Ja'Sir Taylor,DB,DB,CIN
8482,Vederian Lowe,OT,OT,SF
8483,Kyron Johnson,DE,DL,
8484,Ko Kieft,TE,TE,TB
8485,Luke Tenuta,OL,OL,IND
8486,Matt Araiza,P,P,KC
8487,Christian Benford,DB,DB,BUF
8488,Zachary Thomas,OL,OL,
8489,Drew Ogletree,TE,TE,IND
849,Mister Alexander,ILB,LB,
8490,Curtis Brooks,DT,DL,
8491,Austin Deculus,T,OL,ARI
8492,Sam Roberts,DE,DL,
8493,Chasen Hines,G,OL,
8494,James Houston,LB,DL|LB,DAL
8495,Matt Henningsen,DE,DL,DEN
8496,Theo Jackson,DB,DB,MIN
8497,Lecitus Smith,OL,OL,
8498,Devin Harper,LB,LB,
8499,Justin Shaffer,OL,OL,
85,Justin Tuck,DE,DL,
850,Bryan Braman,LB,DL|LB,
8500,John FitzPatrick,TE,TE,CLE
8501,Nick Zakelj,OL,OL,SF
8502,Cade Mays,OL,OL,DET
8503,Gregory Junior,CB,DB,
8504,Doug Kramer,OL,OL,
8505,A.J. Arcuri,OT,OT,BAL
8506,Nazeeh Johnson,DB,DB,
8507,Marquis Hayes,OL,OL,
8508,Trenton Gill,P,P,
8509,Elijah Hicks,DB,DB,CHI
851,Brandon Harris,CB,DB,
8510,Russ Yeast,DB,DB,CIN
8511,Rasheed Walker,OL,OL,CAR
8512,Andre Anthony,DE,DL,
8513,Dawson Deaton,OL,OL,
8514,Andrew Stueber,OL,OL,
8515,Christian Matthew,DB,DB,
8516,Christian Holmes,CB,DB,
8517,Rodney Thomas,LB,DB|LB,SEA
8518,Thayer Munford,OL,OL,
8519,Deane Leonard,DB,DB,LAC
852,Shiloh Keo,SS,DB,
8520,Daniel Hardy,LB,LB,CHI
8521,Faion Hicks,CB,DB,
8522,Chris Paul,OL,OL,WAS
8523,Nick Muse,TE,TE,ATL
8524,Ja'Tyre Carter,OL,OL,
8525,Mark Robinson,LB,LB,
8526,Cameron Goode,LB,LB,
8527,Dareke Young,WR,WR,LV
8528,Ryan Wright,P,P,NO
8529,Tyarise Stevenson,DT,DL,
853,Jeff Maehl,WR,WR,
8530,Luiji Vilain,LB,LB,
8531,Zach McCloud,LB,LB,
8532,Mike Brown,DB,DB,NE
8533,Josh Sokol,C,,
8534,Duplicate Player,,,
8535,David Anenih,DE,DL,
8536,Caleb Shudak,K,K,
8537,Tre Swilling,CB,DB,
8538,Ryan Stonehouse,P,P,
8539,Seth Green,TE,TE,
854,Derek Newton,T,OL,
8540,Sam Okuayinonu,DE,DL,SF
8541,Michael Griffin,DB,DB,
8542,Tristin McCollum,DB,DB,LV
8543,Drew Estrada,WR,WR,
8544,Myron Cunningham,OL,OL,
8545,Damion Daniels,DT,DL,
8546,Jacobi Francis,DB,DB,
8547,Kurt Hinish,DT,DL,
8548,Chris Moore,DB,DB,
8549,Trevon Clark,WR,WR,
855,Brooks Reed,LB,LB,
8550,Tyler Johnson,DE,DL,
8551,Brodarious Hamm,T,,
8552,Rayshad Nichols,DT,DL,
8553,Tre Ford,QB,QB,
8554,Aron Johnson,OL,OL,
8555,Chuck Wiley,LB,LB,
8556,Denzel Williams,DB,DB,
8557,Diego Fagot,LB,LB,
8558,Drew Hartlaub,DB,DB,
8559,Josh Babicz,TE,TE,
856,J.J. Watt,DE,DL|LB,
8560,Davis Cheek,QB,QB,
8561,Chris Owens,G,,
8562,Jake Dixon,T,,
8563,Jordan Tucker,T,OL,
8564,Donovan Jeter,DT,DL,
8565,Bryce Watts,CB,DB,
8566,T.D. Moultry,LB,LB,
8567,Khalan Tolson,LB,LB,
8568,John Lovett,RB,RB,
8569,Arron Mosby,LB,LB,GB
857,T.J. Yates,QB,QB,
8570,Derek Wright,WR,WR,
8571,Ra'Shaun Henry,WR,WR,
8572,Andrew Parchment,WR,WR,
8573,Talolo Limi-Jones,WR,WR,
8574,Brandon Sebastian,CB,DB,
8575,Erik Krommenhoek,TE,TE,
8576,Ty Shelby,LB,LB,
8577,James McCourt,K,K,
8578,Raheem Layne,DB,DB,NYG
8579,Brandon Peters,QB,QB,
858,Anthony Castonzo,T,OL,
8580,Tyreek Maddox-Williams,LB,LB,
8581,Trevon Bradford,WR,WR,
8582,Isaac Weaver,C,,
8583,Stone Smartt,TE,TE,NO
8584,Skyler Thomas,DB,DB,
8585,Andrew Trainer,T,,
8586,Ferrod Gardner,DB,DB,
8587,Josh Drayden,CB,DB,
8588,De'Vante Cross,CB,DB,
8589,Marcus Santos-Silva,TE,TE,
859,Ben Ijalana,T,OL,
8590,Jacub Panasiuk,DE,DL,
8591,Tre Walker,LB,LB,
8593,Drew White,LB,LB,
8594,Tyrese Robinson,G,OL,
8595,Kyric McGowan,WR,WR,
8596,Devin Taylor,CB,DB,
8598,Akial Byers,DT,DL,
8599,Caliph Brice,LB,LB,
86,Dante Rosario,TE,TE,
860,Armon Binns,WR,WR,
8600,Ellis Brooks,LB,LB,
8602,Danny Davis,WR,WR,
8603,Chauncey Manac,LB,LB,
8604,Cole Schneider,C,,
8605,George Moore,G,OL,
8606,Jamir Johnson,T,,
8607,Tre Sterling,DB,DB,
8608,Raleigh Texada,CB,DB,
8609,Hauati Pututau,DT,DL,
861,Cameron Bradfield,OT,OL,
8610,Caleb Jones,T,,
8612,Qwuantrezz Knight,CB,DB,
8613,Taysir Mack,WR,WR,
8614,Kevin Atkins,DT,DL,
8615,Tayler Hawkins,DB,DB,
8617,Sam Schlueter,OL,OL,
8618,Marcelino McCrary-Ball,LB,LB,NYJ
8619,Jason Poe,OL,OL,
862,Blaine Gabbert,QB,QB,
8620,Segun Olubi,LB,LB,LV
8621,Garrett Walston,TE,TE,
8622,Dohnovan West,OL,OL,
8624,Changa Hodge,WR,WR,
8625,Manny Jones,DT,DL,
8627,Kekaula Kaniho,DB,DB,
8628,Jontre Kirklin,WR,WR,
8629,Will Miles,DT,DL,
863,DuJuan Harris,RB,RB,
8631,LaRon Stokes,DT,DL,
8632,JaVonta Payton,WR,WR,
8633,Stephon Robinson,WR,WR,
8634,Chris Pierce,TE,TE,
8635,Chandler Wooten,LB,LB,
8638,Grayson Gunter,TE,TE,
8639,Shabari Davis,CB,DB,
864,TJ Heath,CB,DB,
8640,Sean Mahone,DB,DB,
8641,De'Shaan Dixon,LB,LB,
8642,Grant Morgan,LB,LB,
8643,Nick Ford,OL,OL,
8644,Denzel Okafor,OL,OL,
8645,Benjie Franklin,CB,DB,
8646,Israel Antwine,DT,DL,
8649,Marcus Tatum,OL,OL,
865,Chris Prosinski,FS,DB,
8650,Lujuan Winningham,WR,WR,
8653,Derrick Tangelo,DT,DL,
8654,Timmy Horne,DT,DL,TEN
8655,Seth Vernon,P,P,
8656,Tyshaun James,WR,WR,
8657,Kuony Deng,LB,LB,
8658,Tyler Vrabel,T,OL,
8659,Nate Landman,LB,LB,LAR
866,Cecil Shorts,WR,WR,
8660,Leroy Watson,TE,TE,
8661,Matt Hankins,CB,DB,
8662,Bryce Rodgers,DT,DL,
8663,Jared Bernhardt,WR,WR,
8664,Brad Hawkins,DB,DB,
8665,Armani Rogers,TE,TE,
8666,Darrell Baker,CB,DB,MIA
8667,Eric Wilson,OL,OL,
8668,Jack Koerner,DB,DB,
8669,Sage Doxtater,OL,OL,
867,Orlando Franklin,G,OL,
8670,Parker Romo,K,K,
8671,Duplicate Player,,,
8672,Lewis Kidd,OL,OL,
8673,Joel Dublanko,LB,LB,
8674,Daniel Whelan,P,P,GB
8675,Derek Schweiger,OL,OL,
8676,Rashid Shaheed,WR,WR,SEA
8677,Isaiah Pryor,LB,LB,
8678,Andrew Rupcich,OT,OT,
8679,Hayden Howerton,OL,OL,
868,Virgil Green,TE,TE,
8680,Jack Gibbens,LB,LB,ARI
8681,Josh Turner,DB,DB,
8682,Duplicate Player,,,
8683,Joey Blount,DB,DB,ARI
8684,Deontai Williams,SS,DB,
8685,John Mitchell,TE,TE,
8686,Scott Nelson,SS,DB,
8687,Joshua Onujiogu,LB,LB,
8688,Duplicate Player,,,
8689,Matt Gotel,DT,DL,
869,Chris Harris,CB,DB,
8690,Jake Herslow,WR,WR,
8691,Vi Jones,LB,LB,
8692,Shamarious Gilmore,G,,
8693,Micah Dew-Treadway,DT,DL,
8694,Henry Litwin,WR,WR,
8695,Allie Green,CB,DB,
8696,C.J. Avery,LB,LB,
8697,Kevin Shaa,WR,WR,
8698,Jake Tonges,TE,TE,SF
8699,Cyrus Holder,WR,WR,
87,Jeff King,TE,TE,
870,Nate Irving,LB,LB,
8700,Savon Scarver,WR,WR,
8701,Amari Carter,DB,DB,
8702,Jaylon Jones,CB,DB,JAX
8703,Jean Delance,T,OL,
8704,Jaylan Alexander,LB,LB,
8705,Landon Lenoir,WR,WR,
8706,Kehinde Oginni,TE,TE,
8707,Tayon Fleet-Davis,RB,RB,
8708,Nasir Greer,DB,DB,
8709,Mike Caliendo,G,OL,KC
871,Von Miller,LB,DL|LB,DAL
8710,Jack Cochrane,LB,LB,KC
8711,Gene Pryor,T,,
8712,William Dunkle,OL,OL,
8713,Josh Sills,OL,OL,IND
8714,Josh Blackwell,CB,DB,CHI
8715,Noah Elliss,DT,DL,
8716,Jarrid Williams,OL,OL,
8717,Antonio Ortiz,LS,LS,
8718,Carson Taylor,DE,DL,
8719,A.J. Thomas,DB,DB,
872,Mike Mohamed,LB,LB,
8720,Christian Albright,LB,LB,
8721,De'Montre Tuggle,RB,RB,
8722,Jon Alexander,DB,DB,
8723,Jake Julien,P,P,
8724,Devin Hafford,DB,DB,
8725,DaMarcus Mitchell,DE,DL,
8726,Brenden Schooler,DB,DB,NE
8727,Liam Shanahan,OL,OL,
8728,Kody Russey,OL,OL,
8729,Chris Glaser,G,OL,
873,Rahim Moore,FS,DB,
8730,David Vereen,CB,DB,
8731,Shemar Bridges,WR,WR,
8732,Raleigh Webb,WR,WR,
8733,Jake Hummel,LB,LB,HOU
8734,Brayden Thomas,DE,DL,
8735,Jairon McVea,DB,DB,
8736,Elijah Garcia,DT,DL,DAL
8737,Dan Isom,DB,DB,
8738,Dion Novil,DT,DL,
8739,Keir Thomas,DE,DL,LAR
874,Julius Thomas,TE,TE,
8740,Caesar Dancy-Williams,CB,DB,
8741,Jamal Pettigrew,TE,TE,
8742,Duron Lowe,CB,DB,
8743,Andrzej Hughes-Murray,LB,LB,
8744,Jack Snyder,C,OL,
8745,Lance McCutcheon,WR,WR,
8746,Benton Whitley,DE,DL,NE
8747,Roger Carter,TE,TE,
8748,TJ Carter,DB,DB,
8749,Tyreik McAllister,RB,RB,
875,Allen Bailey,DE,DL,
8750,Michael Niese,G,OL,
8751,Dylan Parham,TE,TE,
8752,Ja'Quan McMillian,CB,DB,DEN
8753,Cortez Davis,DB,DB,
8754,Sebastian Gutierrez,T,OL,
8755,Kaden Davis,WR,WR,CHI
8756,Brandon Johnson,WR,WR,PIT
8757,Rodney Williams,TE,TE,
8758,Kana'i Mauga,LB,LB,
8759,Kadofi Wright,LB,LB,
876,Brandon Bair,DE,DL,
8760,Dre Miller,TE,TE,
8761,Josh Rivas,G,OL,
8762,Jabari Ellis,DT,DL,
8763,Trenton Thompson,DB,DB,
8764,Darren Evans,DB,DB,
8765,Zyon Gilbert,DB,DB,
8766,Antonio Valentino,DT,DL,
8767,Nolan Cockrill,DT,DL,
8768,Jesse Bramble,DB,DB,
8769,Josh Bist,TE,TE,
877,Jalil Brown,CB,DB,
8770,Malik Williams,WR,WR,
8771,Derek Kerstetter,OL,OL,
8772,Tanner Owen,OL,OL,
8773,Jeff Blackshear,G,,
8774,Alec Anderson,OL,OL,BUF
8775,Andrew Mevis,K,K,
8776,Kingsley Jonathan,DT,DL,NYJ
8777,Travon Fuller,CB,DB,
8778,Justin Rigg,TE,TE,
8779,Delonte Hood,CB,DB,
878,Justin Houston,DL,DL,
8780,Clarence Hicks,LB,LB,
8781,Carson Wells,LB,LB,
8782,Bookie Radley-Hiles,DB,DB,
8783,Kendric Pryor,WR,WR,
8784,Devin Cochran,OL,OL,DET
8785,Cal Adomitis,LS,LS,NO
8786,Desmond Noel,OL,OL,
8787,Ben Brown,OG,OG,NE
8788,Allan George,CB,DB,
8789,Tariqious Tisdale,DT,DL,
879,Rodney Hudson,OL,OL,
8790,Brock Hoffman,C,OG,PIT
8791,Shaun Jolly,CB,DB,
8792,Ben Petrula,T,,
8793,Glen Logan,DT,DL,
8794,Roderick Perry,DT,DL,
8795,D'Anthony Bell,DB,DB,
8796,Silas Kelly,LB,LB,
8797,Junior Faulk,CB,DB,
8798,Felix Harper,QB,QB,
8799,Zaire Mitchell-Paden,TE,TE,HOU
88,Antoine Bethea,FS,DB,
880,Jerrell Powe,NT,DL,
8800,Malik Davis,RB,RB,DAL
8801,Dennis Houston,WR,WR,
8802,Alec Lindstrom,C,OL,
8803,Quandre Mosely,DB,DB,
8804,Duplicate Player,,,
8805,Mika Tafua,DE,DL,
8806,Storey Jackson,LB,LB,
8807,Big Kat Bryant,DE,DL,
8808,La'Kendrick Van Zandt,DB,DB,
8809,Aaron Shampklin,RB,RB,
881,Ricky Stanzi,QB,QB,
8810,Amon Simon,T,,
8811,James Empey,C,,
8812,Jonathan Garibay,K,K,
8813,Anthony Turner,WR,WR,
8814,Zein Obeid,G,,
8815,Cedric Boswell,DB,DB,
8816,Demetrius Taylor,DT,DL,
8817,Nolan Givan,TE,TE,
8818,Obinna Eze,T,OL,CLE
8819,Kevin Jarvis,G,OL,
882,David Ausberry,TE,TE,
8820,Troy Hairston,RB,RB,
8821,Adedayo Odeleye,DE,DL,DAL
8822,Ryan Van Demark,OL,OL,MIN
8823,Alex Mollette,OL,OL,
8824,Samson Nacua,WR,WR,
8825,Kekoa Crawford,WR,WR,
8826,Scott Patchan,DE,DL,
8827,Josh Seltzner,OL,OL,
8828,Michael Young,WR,WR,
8829,Cullen Wick,DE,DL,
883,Joe Barksdale,T,OL,
8830,Wesley French,OL,OL,
8831,Ethan Fernea,WR,WR,
8832,McKinley Williams,DT,DL,
8833,Dallis Flowers,CB,DB,
8834,Trevor Denbow,DB,DB,
8835,James Skalski,LB,LB,
8836,Forrest Rhyne,LB,LB,
8837,Marcel Dabo,DB,DB,
8838,Isaiah Pola-Mao,DB,DB,LV
8839,Luke Masterson,LB,LB,
884,Chimdi Chekwa,CB,DB,
8840,Cole Fotheringham,TE,TE,
8841,Zach VanValkenburg,DE,DL,
8842,Malkelm Morrison,CB,DB,
8843,Bamidele Olaseni,OT,OT,
8844,Sam Webb,CB,DB,
8845,Bryce Cosby,CB,DB,
8846,Deandre Johnson,DE,DL,
8847,Kellen Diesch,OL,OL,
8848,Owen Carney,DT,DL,
8849,Tanner Conner,TE,TE,NE
885,Richard Gordon,TE,TE,
8850,Ben Stille,DT,DL,DET
8851,Blaise Andries,OL,OL,
8852,Ty Clary,OL,OL,
8853,Jordan Williams,DT,DL,
8854,Tomon Fox,LB,LB,
8855,Tommy Heatherly,P,P,
8856,Elijah Hamilton,CB,DB,
8857,Kader Kohou,CB,DB,KC
8858,Keshunn Abram,WR,WR,
8859,DQ Thomas,LB,LB,
886,Taiwan Jones,RB,RB,
8860,Tony Adams,DB,DB,TEN
8861,Irv Charles,WR,WR,SEA
8862,Josh Valentine-Turner,DB,DB,
8863,Kaylon Geiger,WR,WR,
8864,Ben Beise,TE,TE,
8865,Dylan Cook,T,OT,PIT
8866,JoJo Ozougwu,DE,DL,
8867,Curtis Blackwell,OL,OL,
8868,Jordan Young,LB,LB,
8869,J.J. Russell,LB,LB,
887,Denarius Moore,WR,WR,
8870,Olakunle Fatukasi,LB,LB,
8871,Nolan Turner,DB,DB,
8872,Don Gardner,CB,DB,
8873,Kyler McMichael,DB,DB,
8874,Ryder Anderson,DE,DL,
8875,Jordan Mosley,DB,DB,
8876,Kevin Kassis,WR,WR,
8877,Abu Daramy-Swaray,CB,DB,
8878,Jared Scott,TE,TE,
8879,Kenneth George,DB,DB,
888,Sterling Moore,CB,DB,
8880,Nick Grant,CB,DB,
8881,Willie Johnson,WR,WR,
8882,Nijuel Hill,DB,DB,
8883,Bryce Notree,LB,LB,
8884,JJ Howland,TE,TE,
8885,Tucker Fisk,TE,TE,
8886,Tre Webb,DB,DB,
8887,Mike Greene,DT,DL,
8888,Kameron Brown,WR,WR,
8889,William Kwenkeu,LB,LB,
889,DeMarcus VanDyke,CB,DB,
8890,Naz Bohannon,TE,TE,
8891,Ryan McDaniel,WR,WR,
8892,Keric Wheatfall,WR,WR,
8893,Nick Sciba,K,K,
8894,Trevon Mason,DT,DL,
8895,Carlins Platel,CB,DB,
8896,Elijah Jones,CB,DB,
8897,Liam Ryan,T,,
8898,C.J. Brewer,DT,DL,
8899,Prince Emili,DT,DL,
89,Chad Henne,QB,QB,
890,Stefen Wisniewski,OG,OG|OL,
8900,Will Ulmer,T,,
8901,Ja'Marcus Ingram,CB,DB,HOU
8902,Tae Daley,DB,DB,
8903,Greg Long,OL,OL,
8904,Ross Reiter,LS,LS,
8905,Travis Koontz,TE,TE,
8906,Daniel Joseph,DE,DL,
8907,Jack Coco,LS,LS,
8908,Brandon Lewis,WR,WR,
8909,Josh Black,DT,DL,
891,Vincent Brown,WR,WR,
8910,Jayln Holmes,DT,DL,
8911,Drew Jordan,DE,DL,
8912,Khalique Washington,OL,OL,
8913,Caeveon Patton,DT,DL,
8914,Jeremiah Pharms,DT,DL,NE
8915,Drew Plitt,QB,QB,
8916,Keenan Forbes,G,,
8917,KaVontae Turpin,WR,WR,DAL
8918,Alex Akingbulu,OL,OL,
8919,Ayo Oyelola,DB,DB,
892,Andrew Gachkar,LB,LB,
8920,Devin Jones,CB,DB,
8921,Maurice Alexander,WR,WR,
8922,Harrison Elliott,LS,LS,
8923,Vitaliy Gurman,G,OL,
8924,Thomas Odukoya,TE,TE,KC
8925,Tre Avery,CB,DB,
8926,Xavier Newman-Johnson,OL,OL,NE
8927,Jalen McKenzie,T,,
8928,Daylen Baldwin,WR,WR,
8929,Nate Wieland,LB,LB,
893,Marcus Gilchrist,DB,DB,
8930,Corey Dublin,OL,OL,
8931,Josh Ali,WR,WR,
8932,Lucas Havrisik,K,K,
8933,Tucker Addington,LS,LS,MIA
8934,Clint Ratkovich,FB,RB,
8935,Julian Diaz,P,P,
8936,Tyrell Ford,CB,DB,
8937,Parker White,K,K,
8938,Nathan Rourke,QB,QB,
894,Corey Liuget,DT,DL|LB,
895,Jordan Todman,RB,RB,
896,Scott Tolzien,QB,QB,
897,Shareece Wright,CB,DB,
898,David Arkin,G,OL,
899,Dan Bailey,K,K,
9,Mike Scifres,P,P,
90,Tamba Hali,LB,LB,
900,Mario Butler,CB,DB,
901,Bruce Carter,LB,LB,
902,Dwayne Harris,WR,WR,
903,Chris Jones,P,P,
904,DeMarco Murray,RB,RB,
905,Tyron Smith,T,OL|OT,
906,Phillip Tanner,RB,RB,
907,Josh Thomas,CB,DB,
908,Prince Amukamara,DB,DB,
909,Mark Herzlich,LB,LB,
91,Carson Palmer,QB,QB,
910,Henry Hynoski,FB,RB,
911,Spencer Paysinger,LB,LB,
912,Justin Trattou,DE,DL,
913,Shaun Draughn,RB,RB,
914,Leonard Hankerson,WR,WR,
915,Roy Helu,RB,RB,
916,Jarvis Jenkins,DE,DL,
917,Ryan Kerrigan,DE,DL|LB,
918,Niles Paul,TE,TE,
919,Aldrick Robinson,WR,WR,
92,Andre Johnson,WR,WR,
920,Evan Royster,RB,RB,
921,Willie Smith,OT,OL,
922,Mario Addison,DE,DL|LB,
9220,Evan Hull,RB,RB,ARI
9221,Jahmyr Gibbs,RB,RB,DET
9222,Zach Evans,RB,RB,
9223,Tiyon Evans,RB,RB,
9224,Chase Brown,RB,RB,CIN
9225,Tank Bigsby,RB,RB,PHI
9226,De'Von Achane,RB,RB,MIA
9227,Israel Abanikanda,RB,RB,DAL
9228,Bryce Young,QB,QB,CAR
9229,Anthony Richardson,QB,QB,IND
923,Chris Conte,FS,DB,
9230,Tanner McKee,QB,QB,PHI
9231,Jaren Hall,QB,QB,
924,Stephen Paea,DT,DL,
925,J.T. Thomas,LB,LB,
926,Anthony Walters,FS,DB,
927,Nick Fairley,DT,DL,
928,Randall Cobb,WR,WR,
929,Davon House,CB,DB,
93,D'Qwell Jackson,LB,LB,
930,Jamari Lattimore,LB,LB,
931,Brandian Ross,SS,DB,
932,Derek Sherrod,OT,OL,
933,DJ Smith,K,K,
934,Ryan Taylor,TE,TE,
935,DJ Williams,TE,TE,
936,Matt Asiata,RB,RB,
937,Christian Ballard,DT,DL,
938,Larry Dean,OLB,LB,
939,Brandon Fusco,G,OL,
94,Kyle Williams,DT,DL,
940,Andre Holmes,WR,WR,
941,Christian Ponder,QB,QB,
942,Allen Reisner,TE,TE,
943,Kyle Rudolph,TE,TE,
944,Matt Bosher,P,P,
945,Kevin Cone,WR,WR,
946,Akeem Dent,LB,LB,
947,Julio Jones,WR,WR,
9479,Darnell Washington,TE,TE,PIT
948,Cliff Matthews,DT,DL,
9480,Brenton Strange,TE,TE,JAX
9481,Luke Musgrave,TE,TE,GB
9482,Michael Mayer,TE,TE,LV
9483,Zack Kuntz,TE,TE,
9484,Tucker Kraft,TE,TE,GB
9485,Player Invalid,TE,TE,
9486,Dontayvion Wicks,WR,WR,PHI
9487,Parker Washington,WR,WR,JAX
9488,Jaxon Smith-Njigba,WR,WR,SEA
9489,Justin Shorter,WR,WR,
949,Jacquizz Rodgers,RB,RB,
9490,Tyler Scott,WR,WR,LV
9491,Ty Scott,WR,WR,
9492,Trey Palmer,WR,WR,NO
9493,Puka Nacua,WR,WR,LAR
9494,Marvin Mims,WR,WR,DEN
9495,Rakim Jarrett,WR,WR,
9496,Sam James,WR,WR,
9497,Jalin Hyatt,WR,WR,NYG
9498,Jadon Haselwood,WR,WR,
9499,Bryce Ford-Wheaton,WR,WR,
95,Dominique Rodgers-Cromartie,CB,DB,
950,Darrin Walls,CB,DB,
9500,Josh Downs,WR,WR,IND
9501,DeMario Douglas,WR,WR,NE
9502,Tank Dell,WR,WR,HOU
9503,Jacob Copeland,WR,WR,
9504,Kayshon Boutte,WR,WR,HOU
9505,Deuce Vaughn,RB,RB,HOU
9506,Sean Tucker,RB,RB,TB
9507,Titus Swen,RB,RB,
9508,Tyjae Spears,RB,RB,TEN
9509,Bijan Robinson,RB,RB,ATL
951,Byron Bell,G,OL,
9510,Lew Nichols,RB,RB,PIT
9511,Keaton Mitchell,RB,RB,LAC
9512,DeWayne McBride,RB,RB,
952,Sione Fua,NT,DL,
953,Terrell McClain,DT,DL,
954,Cam Newton,QB,QB,
955,Isa Abdul-Quddus,FS,DB,
956,Mark Ingram,RB,RB,
957,Cameron Jordan,DE,DL,NO
958,Joe Morgan,WR,WR,
959,Da'Quan Bowers,DT,DL,
96,Aaron Rodgers,QB,QB,PIT
960,Allen Bradford,LB,LB,
961,Adrian Clayborn,DE,DL,
962,Mason Foster,LB,LB,
963,Luke Stocker,TE,TE,
964,Lance Kendricks,TE,TE,
965,Jake McQuaide,LS,LS,
966,Austin Pettis,WR,WR,
967,Robert Quinn,LB,DL|LB,
968,Greg Salas,WR,WR,
969,Sam Acho,LB,LB,
97,Paul Soliai,DT,DL,
970,David Carter,DE,DL,
971,Rob Housler,TE,TE,
972,Patrick Peterson,CB,DB,
973,Anthony Sherman,RB,RB,
974,Ryan Williams,RB,RB,
975,McLeod Bethel-Thompson,QB,QB,
9753,Zach Charbonnet,RB,RB,SEA
9754,Quentin Johnston,WR,WR,LAC
9755,Player Invalid,RB,RB,
9756,Jordan Addison,WR,WR,MIN
9757,Kendre Miller,RB,RB,NO
9758,C.J. Stroud,QB,QB,HOU
9759,C.J. Johnson,WR,WR,
976,Chris Culliver,CB,DB,
977,Demarcus Dobbs,DE,DL,
978,Kendall Hunter,RB,RB,
979,Colin Jones,FS,DB,
98,Fred Davis,TE,TE,
980,Colin Kaepernick,QB,QB,
981,Daniel Kilgore,C,OL,
982,Bruce Miller,FB,RB,
983,Mike Person,G,OL,
984,Konrad Reuland,TE,TE,
985,Sealver Siliga,DT,DL,
986,Aldon Smith,DE,DL|LB,
987,Ian Williams,NT,DL,
988,Doug Baldwin,WR,WR,
989,James Carpenter,T,OL,
99,Allen Barbre,G,OL,
990,Kris Durham,WR,WR,
991,Jeron Johnson,SS,DB,
992,Ricardo Lockette,WR,WR,
993,Byron Maxwell,CB,DB,
994,Michael Morgan,LB,LB,
995,Ron Parker,FS,DB,
996,Richard Sherman,CB,DB,
997,Malcolm Smith,LB,LB,
998,K.J. Wright,LB,LB,
999,Marcus Easley,WR,WR,
9997,Zay Flowers,WR,WR,BAL
9998,Hendon Hooker,QB,QB,TEN
9999,Will Levis,QB,QB,NYJ
ARI,Arizona Cardinals,DEF,DEF,ARI
ATL,Atlanta Falcons,DEF,DEF,ATL
BAL,Baltimore Ravens,DEF,DEF,BAL
BUF,Buffalo Bills,DEF,DEF,BUF
CAR,Carolina Panthers,DEF,DEF,CAR
CHI,Chicago Bears,DEF,DEF,CHI
CIN,Cincinnati Bengals,DEF,DEF,CIN
CLE,Cleveland Browns,DEF,DEF,CLE
DAL,Dallas Cowboys,DEF,DEF,DAL
DEN,Denver Broncos,DEF,DEF,DEN
DET,Detroit Lions,DEF,DEF,DET
GB,Green Bay Packers,DEF,DEF,GB
HOU,Houston Texans,DEF,DEF,HOU
IND,Indianapolis Colts,DEF,DEF,IND
JAX,Jacksonville Jaguars,DEF,DEF,JAX
KC,Kansas City Chiefs,DEF,DEF,KC
LAC,Los Angeles Chargers,DEF,DEF,LAC
LAR,Los Angeles Rams,DEF,DEF,LAR
LV,Las Vegas Raiders,DEF,DEF,LV
MIA,Miami Dolphins,DEF,DEF,MIA
MIN,Minnesota Vikings,DEF,DEF,MIN
NE,New England Patriots,DEF,DEF,NE
NO,New Orleans Saints,DEF,DEF,NO
NYG,New York Giants,DEF,DEF,NYG
NYJ,New York Jets,DEF,DEF,NYJ
PHI,Philadelphia Eagles,DEF,DEF,PHI
PIT,Pittsburgh Steelers,DEF,DEF,PIT
SEA,Seattle Seahawks,DEF,DEF,SEA
SF,San Francisco 49ers,DEF,DEF,SF
TB,Tampa Bay Buccaneers,DEF,DEF,TB
TEN,Tennessee Titans,DEF,DEF,TEN
WAS,Washington Commanders,DEF,DEF,WAS
