Year,LeagueID,LeagueName,RosterID,UserID,DisplayName,UserTeamName,Role
2019,455834597620445184,NCAA BIG EAST & CO.,1,447775127048810496,theeaglesfix,Rutgers 2019 8th Place,owner
2019,455834597620445184,NCAA BIG EAST & CO.,2,389656085486649344,UrTrash,Maryland Terrapins,owner
2019,455834597620445184,NCAA BIG EAST & CO.,3,333005257409847296,ikemendel,South Dakota State,owner
2019,455834597620445184,NCAA BIG EAST & CO.,4,456129190995947520,vma2016,pitt,owner
2019,455834597620445184,NCAA BIG EAST & CO.,5,464086547717681152,aidenfootballking,UConn,owner
2019,455834597620445184,NCAA BIG EAST & CO.,6,456132537073266688,KalebT,Coastal Carolina,owner
2019,455834597620445184,NCAA BIG EAST & CO.,7,456159345906806784,Syracuse1,Syracuse,owner
2019,455834597620445184,NCAA BIG EAST & CO.,8,456167283761344512,Claser,#ArmyOnTop,owner
2019,455834597620445184,NCAA BIG EAST & CO.,9,482459707504586752,flappyjacks,,owner
2019,455834597620445184,NCAA BIG EAST & CO.,10,,,,no owner
2019,455834597620445184,NCAA BIG EAST & CO.,11,456182244336201728,Ianiners,Navy Shipman,owner
2019,455834597620445184,NCAA BIG EAST & CO.,12,430187140727451648,doinkey,Notre dame,owner
2019,455862950553448448,NCAA ACC,1,431254350514356224,MikeD302,UVA Wahoos,owner
2019,455862950553448448,NCAA ACC,2,329474836155879424,BlockBoyz,UNC,owner
2019,455862950553448448,NCAA ACC,3,455753261765357568,BDAVIS309,Georgia Tech,owner
2019,455862950553448448,NCAA ACC,4,455836851501002752,landonh12,Virginia tech,owner
2019,455862950553448448,NCAA ACC,5,412872416486764544,Porrikov,FSU,owner
2019,455862950553448448,NCAA ACC,6,487145262624534528,MuckFichigan9310,,owner
2019,455862950553448448,NCAA ACC,7,453658285061435392,fatalbeast,Duke Blue Devils,owner
2019,455862950553448448,NCAA ACC,8,456168604006608896,eperedetto,Boston College (E.J.),owner
2019,455862950553448448,NCAA ACC,9,412321968218451968,B1GNate35,Miami Hurricanes,owner
2019,455862950553448448,NCAA ACC,10,343081722184728576,TheFFUK,NC State WolfPack,owner
2019,455862950553448448,NCAA ACC,11,458070829909929984,Campbell8,Louisville,owner
2019,455862950553448448,NCAA ACC,12,447244659752693760,MoeMoghrabi,Clemson Tigers,owner
2019,460504411332931584,NCAA PAC 12,1,437465313911500800,kfitch630,Arizona,owner
2019,460504411332931584,NCAA PAC 12,2,460730537724604416,tonytheLGND23,USC,owner
2019,460504411332931584,NCAA PAC 12,3,328268033216749568,WayneK17,Oregon state,owner
2019,460504411332931584,NCAA PAC 12,4,477666723663704064,chzhead412,Washington State,owner
2019,460504411332931584,NCAA PAC 12,5,449591245241577472,ChuucH1,Stanford ,owner
2019,460504411332931584,NCAA PAC 12,6,445343296378630144,Je4ez,Washington Huskies,owner
2019,460504411332931584,NCAA PAC 12,7,460383495076704256,benkline,Arizona State Sun Devils,owner
2019,460504411332931584,NCAA PAC 12,8,,,,no owner
2019,460504411332931584,NCAA PAC 12,9,,,,no owner
2019,460504411332931584,NCAA PAC 12,10,461082030721986560,Cleaner7,California ,owner
2019,460504411332931584,NCAA PAC 12,11,76460245878456320,seniormeow,Utah Big Bois,owner
2019,460504411332931584,NCAA PAC 12,12,457719269589774336,fkakicker,UCLA,owner
2019,460505032731652096,NCAA SEC,1,441458152391569408,andcousinsissacked,Florida gators,owner
2019,460505032731652096,NCAA SEC,2,473596673050800128,mintpodbaker,LSU,owner
2019,460505032731652096,NCAA SEC,3,457957045534978048,ChadLowe,Tennessee,owner
2019,460505032731652096,NCAA SEC,4,446524535810813952,ahhchainsaw,Auburn Tigers,owner
2019,460505032731652096,NCAA SEC,4,446530486903238656,BigSexy3422,,co
2019,460505032731652096,NCAA SEC,5,442366201536966656,jakelac2,Ole Miss,owner
2019,460505032731652096,NCAA SEC,6,466850678816370688,IsaacTheThrillHill,,owner
2019,460505032731652096,NCAA SEC,7,461680102409760768,kodakjack,Georgia Bulldogs,owner
2019,460505032731652096,NCAA SEC,8,460383495076704256,benkline,LSU Tigers,owner
2019,460505032731652096,NCAA SEC,9,503639845369802752,gregorybly,Vanderbilt Commodores,owner
2019,460505032731652096,NCAA SEC,10,446782746484797440,Jasonkuz,Kentucky,owner
2019,460505032731652096,NCAA SEC,11,447199868746723328,SamLac,,owner
2019,460505032731652096,NCAA SEC,12,466015782229241856,ChaseKirmse,Arkansas,owner
2019,460505110800232448,NCAA BIG 10,1,340600026956906496,LastChapter,Purdue Boiler Makers,owner
2019,460505110800232448,NCAA BIG 10,2,438178170542223360,EthanH,Nebraska,owner
2019,460505110800232448,NCAA BIG 10,3,456550391375458304,NorthWestern,,owner
2019,460505110800232448,NCAA BIG 10,4,,,,no owner
2019,460505110800232448,NCAA BIG 10,5,459190461706268672,jreilly,Penn State,owner
2019,460505110800232448,NCAA BIG 10,6,460511267564548096,laxbro000,Wisconsin Badgers,owner
2019,460505110800232448,NCAA BIG 10,7,460518714907815936,linkoftime1,Minnesota Golden Gophers,owner
2019,460505110800232448,NCAA BIG 10,8,475385751685558272,Shemann20,Indiana,owner
2019,460505110800232448,NCAA BIG 10,9,460383495076704256,benkline,Ohio State Buckeyes,owner
2019,460505110800232448,NCAA BIG 10,9,462052944611635200,Tylerkreitlow,,co
2019,460505110800232448,NCAA BIG 10,10,459506557705515008,briceharris,illinois,owner
2019,460505110800232448,NCAA BIG 10,11,388919621245210624,TracertheRacer,Iowa Hawkeyes,owner
2019,460505110800232448,NCAA BIG 10,12,443870183853912064,chrispaton,Michigan,owner
2019,460505297153159168,NCAA AMERICAN,1,,,,no owner
2019,460505297153159168,NCAA AMERICAN,2,460383495076704256,benkline,Air Force Falcons,owner
2019,460505297153159168,NCAA AMERICAN,2,463490864451153920,Chronofire148,,co
2019,460505297153159168,NCAA AMERICAN,3,448960297869242368,nflpollsnow,Toledo,owner
2019,460505297153159168,NCAA AMERICAN,4,338808944136822784,M4CHINE,Miami-Ohio,owner
2019,460505297153159168,NCAA AMERICAN,5,462804070080442368,dabeastman,Ohio Bobcats,owner
2019,460505297153159168,NCAA AMERICAN,6,461371192859684864,giants95,Western Michigan ,owner
2019,460505297153159168,NCAA AMERICAN,7,338755364516274176,craklin,Buffalo,owner
2019,460505297153159168,NCAA AMERICAN,8,483060475177725952,DunkmasterCj,Cincinatti,owner
2019,460505297153159168,NCAA AMERICAN,9,468528626384498688,ThomasKennen,ECU,owner
2019,460505297153159168,NCAA AMERICAN,10,483372287504936960,MrH0bbes,Ball State,owner
2019,460505297153159168,NCAA AMERICAN,11,482752177878593536,tdeck4,Appalachian State,owner
2019,460505297153159168,NCAA AMERICAN,12,465954574398648320,JBlack14,NIU,owner
2019,462407211507773440,NCAA MOUNTAIN WEST,1,460383495076704256,benkline,Hawaii Rainbow Warriors,owner
2019,462407211507773440,NCAA MOUNTAIN WEST,1,463493261114208256,alleyvoneb,,co
2019,462407211507773440,NCAA MOUNTAIN WEST,2,463106510101147648,bucketmikal14,Boise state,owner
2019,462407211507773440,NCAA MOUNTAIN WEST,3,463057520089362432,ryanlin,Wyoming,owner
2019,462407211507773440,NCAA MOUNTAIN WEST,4,447631496010788864,BLutz23,Fresno State,owner
2019,462407211507773440,NCAA MOUNTAIN WEST,5,462379750468349952,Deme,Utah State,owner
2019,462407211507773440,NCAA MOUNTAIN WEST,6,482448684026425344,AveryLee33,BYU,owner
2019,462407211507773440,NCAA MOUNTAIN WEST,7,463004241129107456,Idaho77,Idaho,owner
2019,462407211507773440,NCAA MOUNTAIN WEST,8,325726913966395392,bkoldham,Colorado State,owner
2019,462407211507773440,NCAA MOUNTAIN WEST,9,463212708402032640,Matthew12,New Mexico,owner
2019,462407211507773440,NCAA MOUNTAIN WEST,10,461772326111801344,Chang,Nevada,owner
2019,462407211507773440,NCAA MOUNTAIN WEST,11,489121730279763968,Fdbell5,UNLV,owner
2019,462407211507773440,NCAA MOUNTAIN WEST,12,322205296309051392,TBLowery58,San Deigo State,owner
2019,462407340038025216,NCAA SUN BELT,1,502892091546791936,mhy196,Temple,owner
2019,462407340038025216,NCAA SUN BELT,2,464247141036978176,L2noClout,UTEP Miners,owner
2019,462407340038025216,NCAA SUN BELT,3,481957045667360768,Prestongee17,Tulane,owner
2019,462407340038025216,NCAA SUN BELT,4,447283305738399744,thefalconsfix,Rice University ,owner
2019,462407340038025216,NCAA SUN BELT,5,472546786053976064,thedundercode,Marshall,owner
2019,462407340038025216,NCAA SUN BELT,6,465019661495300096,Raidersforte,Tulsa ,owner
2019,462407340038025216,NCAA SUN BELT,7,,,,no owner
2019,462407340038025216,NCAA SUN BELT,8,441362521463451648,yoboihawks,Memphis Tigers,owner
2019,462407340038025216,NCAA SUN BELT,9,380128482900062208,denvermanning,Southern Mississippi. ,owner
2019,462407340038025216,NCAA SUN BELT,10,441330448283463680,Fr3shBC11,UAB Blazers,owner
2019,462407340038025216,NCAA SUN BELT,11,461681329860243456,ryanfried2,Louisiana Tech,owner
2019,462407340038025216,NCAA SUN BELT,12,465297932204109824,baymaniac,UTSA,owner
2019,462453135504306176,NCAA IVY,1,468150356518367232,TonyP1765,Brown,owner
2019,462453135504306176,NCAA IVY,2,444023429222363136,Bussey,Harvard,owner
2019,462453135504306176,NCAA IVY,3,489629400208240640,jordanfiedel,Bucknell,owner
2019,462453135504306176,NCAA IVY,4,508719670362374144,thomascoates,Tom ,owner
2019,462453135504306176,NCAA IVY,5,395321276102627328,ccassidy,Georgetown,owner
2019,462453135504306176,NCAA IVY,6,508415252621357056,ryanmchugh,Sleeper,owner
2019,462453135504306176,NCAA IVY,7,463944449920069632,Spence24,Penn,owner
2019,462453135504306176,NCAA IVY,8,464625836192952320,brooksy33,Colgate “Not Red” Raiders,owner
2019,462453135504306176,NCAA IVY,9,446519431196045312,MarBra24,Yale,owner
2019,462453135504306176,NCAA IVY,10,464233560753041408,Princeton,,owner
2019,462453135504306176,NCAA IVY,11,460895027179024384,jtheadrick98,Dartmouth ,owner
2019,462453135504306176,NCAA IVY,12,464595147808567296,cobrapanther99,Cornell “Big Red” Bears,owner
2019,462453279037583360,NCAA WILD,1,457579310098673664,Username483,Montana,owner
2019,462453279037583360,NCAA WILD,2,332533603546189824,FFPrimeTime,James Madison,owner
2019,462453279037583360,NCAA WILD,3,441392312380026880,4thdownTD,North dakota ,owner
2019,462453279037583360,NCAA WILD,4,462924007415476224,maybin,Central Michigan,owner
2019,462453279037583360,NCAA WILD,5,465260042191368192,DelbertLongino,Witchita State,owner
2019,462453279037583360,NCAA WILD,6,464886421866409984,prubinstein6,Eastern Michigan ,owner
2019,462453279037583360,NCAA WILD,7,465262570945638400,howaboutnoscott,San Jose State,owner
2019,462453279037583360,NCAA WILD,8,462714981117325312,Buckeyefan5184,The Citadel,owner
2019,462453279037583360,NCAA WILD,9,465263224640499712,Isaac3hhh,UCA,owner
2019,462453279037583360,NCAA WILD,10,505166677990699008,olddominion2020,,owner
2019,462453279037583360,NCAA WILD,11,465270232106135552,NateDoctorJay,South Dakota,owner
2019,462453279037583360,NCAA WILD,12,448446449538035712,DBGiants,Charlotte,owner
2019,471499316175826944,NCAA BIG 12,1,446530486903238656,BigSexy3422,Texas Tech,owner
2019,471499316175826944,NCAA BIG 12,2,323640589469892608,TheFootballFix,Iowa State,owner
2019,471499316175826944,NCAA BIG 12,3,468501524721430528,arnavgupta2,Missouri ,owner
2019,471499316175826944,NCAA BIG 12,4,425362114291437568,deadheadshane,Texas A&M ,owner
2019,471499316175826944,NCAA BIG 12,5,464117743042424832,robertlouis7,Baylor,owner
2019,471499316175826944,NCAA BIG 12,6,425006263294767104,SOUTHBAYJAY,TEXAS,owner
2019,471499316175826944,NCAA BIG 12,7,439951446121639936,ffchampion,Kansas State,owner
2019,471499316175826944,NCAA BIG 12,8,467444550814658560,robbiejaxn,West Virginia,owner
2019,471499316175826944,NCAA BIG 12,9,453711063846744064,rchau56,Oklahoma,owner
2019,471499316175826944,NCAA BIG 12,10,460383495076704256,benkline,,owner
2019,471499316175826944,NCAA BIG 12,11,443975346555973632,joshrummel,TCU,owner
2019,471499316175826944,NCAA BIG 12,12,446397791615315968,FancyLlama,Oklahoma State,owner
2020,519108145819570176,NCAA PAC 12,1,460518714907815936,linkoftime1,Arizona,owner
2020,519108145819570176,NCAA PAC 12,1,437465313911500800,kfitch630,,co
2020,519108145819570176,NCAA PAC 12,2,,,,no owner
2020,519108145819570176,NCAA PAC 12,3,328268033216749568,WayneK17,Oregon State,owner
2020,519108145819570176,NCAA PAC 12,4,477666723663704064,chzhead412,Washington State,owner
2020,519108145819570176,NCAA PAC 12,5,619963570297352192,cooperthach,Stanford,owner
2020,519108145819570176,NCAA PAC 12,6,,,,no owner
2020,519108145819570176,NCAA PAC 12,7,597246797479469056,wrightc214,Arizona State,owner
2020,519108145819570176,NCAA PAC 12,8,519400389800423424,ColoradoBuffs,,owner
2020,519108145819570176,NCAA PAC 12,9,519390092788297728,ScottyW13,Oregon,owner
2020,519108145819570176,NCAA PAC 12,10,461082030721986560,Cleaner7,California,owner
2020,519108145819570176,NCAA PAC 12,11,76460245878456320,seniormeow,University of Utah,owner
2020,519108145819570176,NCAA PAC 12,12,473684374978555904,BooleyWaters,UCLA,owner
2020,519109907858935808,NCAA IVY,1,470912510262767616,FlynnD,Brown,owner
2020,519109907858935808,NCAA IVY,2,463212708402032640,Matthew12,Harvard,owner
2020,519109907858935808,NCAA IVY,3,480124073456693248,Jrodr71,Bucknell ,owner
2020,519109907858935808,NCAA IVY,4,570803989783429120,alecgagnon2001,Columbia ,owner
2020,519109907858935808,NCAA IVY,5,395321276102627328,ccassidy,Georgetown,owner
2020,519109907858935808,NCAA IVY,6,508415252621357056,ryanmchugh,Lehigh,owner
2020,519109907858935808,NCAA IVY,7,463944449920069632,Spence24,Penn,owner
2020,519109907858935808,NCAA IVY,8,77520434039767040,Maxattack19xx,Colgate,owner
2020,519109907858935808,NCAA IVY,9,460518714907815936,linkoftime1,Yale,owner
2020,519109907858935808,NCAA IVY,9,446519431196045312,MarBra24,,co
2020,519109907858935808,NCAA IVY,10,464233560753041408,Tedword,,owner
2020,519109907858935808,NCAA IVY,11,460895027179024384,jtheadrick98,Dartmouth,owner
2020,519109907858935808,NCAA IVY,12,464595147808567296,cobrapanther99,Cornell Big Red,owner
2020,519112273652240384,NCAA BIG EAST & CO.,1,460518714907815936,linkoftime1,Rutgers,owner
2020,519112273652240384,NCAA BIG EAST & CO.,1,447775127048810496,theeaglesfix,,co
2020,519112273652240384,NCAA BIG EAST & CO.,2,389656085486649344,UrTrash,Maryland Terrapins,owner
2020,519112273652240384,NCAA BIG EAST & CO.,3,333005257409847296,ikemendel,South Dakota State,owner
2020,519112273652240384,NCAA BIG EAST & CO.,4,456129190995947520,vma2016,pitt panthers,owner
2020,519112273652240384,NCAA BIG EAST & CO.,5,349000211928186880,atlforlife8,Uconn (rebuilding),owner
2020,519112273652240384,NCAA BIG EAST & CO.,6,443323427143544832,joonbug,Coastal Carolina,owner
2020,519112273652240384,NCAA BIG EAST & CO.,7,456159345906806784,CodeKhaos,Syracuse Orange,owner
2020,519112273652240384,NCAA BIG EAST & CO.,8,456167283761344512,Claser,Army is Goated TBH,owner
2020,519112273652240384,NCAA BIG EAST & CO.,9,482459707504586752,Jason31,UCF,owner
2020,519112273652240384,NCAA BIG EAST & CO.,10,338858684358623232,CycloneHusker,USF,owner
2020,519112273652240384,NCAA BIG EAST & CO.,11,456182244336201728,Ianiners,Navy Shitman,owner
2020,519112273652240384,NCAA BIG EAST & CO.,12,430187140727451648,doinkey,Notre dams ,owner
2020,519112491566792704,NCAA WILD,1,457579310098673664,LanceBoneau,Montana,owner
2020,519112491566792704,NCAA WILD,2,332533603546189824,PrimeTime78,James Madison,owner
2020,519112491566792704,NCAA WILD,3,441392312380026880,4thdownTD,ND state ,owner
2020,519112491566792704,NCAA WILD,4,540755018832539648,ethan75,Central Michigan,owner
2020,519112491566792704,NCAA WILD,5,597544499589201920,KerriganNation,Wichita State,owner
2020,519112491566792704,NCAA WILD,6,203496917160697856,ThomasHarris,Eastern Michigan,owner
2020,519112491566792704,NCAA WILD,7,561674255216046080,SlatonDa3rd,San jose,owner
2020,519112491566792704,NCAA WILD,8,462714981117325312,Buckeyefan5184,The Citadel,owner
2020,519112491566792704,NCAA WILD,9,603083535368134656,MrBarryMcCockiner,Central Arkansas ,owner
2020,519112491566792704,NCAA WILD,10,505166677990699008,olddominion2020,Old dominion,owner
2020,519112491566792704,NCAA WILD,11,434740393972592640,Squinto,South Dakota,owner
2020,519112491566792704,NCAA WILD,12,460518714907815936,linkoftime1,UNC Charlotte,owner
2020,519112491566792704,NCAA WILD,12,448446449538035712,DBGiants,,co
2020,519113796658036736,NCAA SUN BELT,1,429733810611949568,Piglet10,Temple,owner
2020,519113796658036736,NCAA SUN BELT,2,458650904741015552,CRicks3,UTEP,owner
2020,519113796658036736,NCAA SUN BELT,3,481957045667360768,Prestongee17,Tulane,owner
2020,519113796658036736,NCAA SUN BELT,4,447283305738399744,Lucchityler,,owner
2020,519113796658036736,NCAA SUN BELT,5,554890899706183680,bondsmartini,Marshall,owner
2020,519113796658036736,NCAA SUN BELT,6,465019661495300096,Raidersforte,Tulsa ,owner
2020,519113796658036736,NCAA SUN BELT,7,547214728132608000,ericdas12,Georgia Southern,owner
2020,519113796658036736,NCAA SUN BELT,8,441362521463451648,yoboihawks,Memphis,owner
2020,519113796658036736,NCAA SUN BELT,9,460518714907815936,linkoftime1,Southern Miss,owner
2020,519113796658036736,NCAA SUN BELT,9,380128482900062208,denvermanning,Southern Miss,co
2020,519113796658036736,NCAA SUN BELT,10,441330448283463680,Fr3shBC11,UAB,owner
2020,519113796658036736,NCAA SUN BELT,11,461681329860243456,ryanfried2,LA Tech,owner
2020,519113796658036736,NCAA SUN BELT,12,465297932204109824,utsa,UTSA,owner
2020,519113931987255296,NCAA MOUNTAIN WEST,1,546856536723197952,sKenns,Hawaii,owner
2020,519113931987255296,NCAA MOUNTAIN WEST,2,463106510101147648,bucketmikal14,Boise State,owner
2020,519113931987255296,NCAA MOUNTAIN WEST,3,463057520089362432,ryanl17,Wyoming,owner
2020,519113931987255296,NCAA MOUNTAIN WEST,4,571767410708901888,Kyvend01,Fresno State,owner
2020,519113931987255296,NCAA MOUNTAIN WEST,5,609605414685859840,KingWapo,Utah State,owner
2020,519113931987255296,NCAA MOUNTAIN WEST,6,482448684026425344,Avery33,BYU,owner
2020,519113931987255296,NCAA MOUNTAIN WEST,7,628694137176477696,brennanclark,Idaho Potatoes ,owner
2020,519113931987255296,NCAA MOUNTAIN WEST,8,325726913966395392,bkoldham,Colorado State,owner
2020,519113931987255296,NCAA MOUNTAIN WEST,9,460518714907815936,linkoftime1,New Mexico,owner
2020,519113931987255296,NCAA MOUNTAIN WEST,9,589001974318403584,Mrhawke19,,co
2020,519113931987255296,NCAA MOUNTAIN WEST,10,461772326111801344,Chang,Nevada,owner
2020,519113931987255296,NCAA MOUNTAIN WEST,11,468116813004140544,ZMATH11,UNLV,owner
2020,519113931987255296,NCAA MOUNTAIN WEST,12,322205296309051392,TBLowery58,San Diego State,owner
2020,519114104323002368,NCAA BIG 10,1,340600026956906496,itsonlyfantasy,Purdue Boiler Makers,owner
2020,519114104323002368,NCAA BIG 10,2,438178170542223360,EthanH,Nebraska Cornhuskers,owner
2020,519114104323002368,NCAA BIG 10,3,456550391375458304,Clamonte,Northwestern,owner
2020,519114104323002368,NCAA BIG 10,4,519389380047458304,URTOASTS,Michigan State,owner
2020,519114104323002368,NCAA BIG 10,5,459190461706268672,jreilly,Bright Future Penn State,owner
2020,519114104323002368,NCAA BIG 10,6,460511267564548096,laxbro000,Wisconsin Badgers,owner
2020,519114104323002368,NCAA BIG 10,7,460518714907815936,linkoftime1,Minnesota Golden Gophers,owner
2020,519114104323002368,NCAA BIG 10,8,519694666546008064,eseromo760,Indiana-Anyone want pics,owner
2020,519114104323002368,NCAA BIG 10,9,559208653427675136,DavidAshley,The Ohio State Buckeyes,owner
2020,519114104323002368,NCAA BIG 10,10,459225788735025152,richardson98,Illinois,owner
2020,519114104323002368,NCAA BIG 10,11,388919621245210624,TracertheRacer,Iowa Hawkeyes,owner
2020,519114104323002368,NCAA BIG 10,12,443870183853912064,christianpaton,Michigan Wolverines 🏆,owner
2020,519398167841558528,NCAA USA,1,389658700735868928,dh671,Troy,owner
2020,519398167841558528,NCAA USA,2,451501690638561280,kjones15,North Texas,owner
2020,519398167841558528,NCAA USA,3,89528070197100544,DapperDave89,FAU,owner
2020,519398167841558528,NCAA USA,4,609609385924173824,bnk2404,Motley Cruz,owner
2020,519398167841558528,NCAA USA,5,519622716773429248,sammyfshy,Georgia state,owner
2020,519398167841558528,NCAA USA,6,460518714907815936,linkoftime1,Western Kentucky,owner
2020,519398167841558528,NCAA USA,6,519612974604341248,ramroddd,,co
2020,519398167841558528,NCAA USA,7,519394652409221120,ealper77,Middle Tennessee,owner
2020,519398167841558528,NCAA USA,8,420055169137377280,lepiscoposhow,Arkansas State,owner
2020,519398167841558528,NCAA USA,9,561616808766005248,ATypicalDerp,Texas State ,owner
2020,519398167841558528,NCAA USA,10,519740185771233280,midnightmickeycorbs,Louisiana Monroe,owner
2020,519398167841558528,NCAA USA,11,561620293351694336,therealfitzmagic,South Alabama,owner
2020,519398167841558528,NCAA USA,12,561431859095334912,Willyammers,Oouisiana,owner
2020,519412020617998336,NCAA HISTORICALLY BLACK,1,471427194132885504,PhantomXX,North Carolina A&T,owner
2020,519412020617998336,NCAA HISTORICALLY BLACK,2,303281379553058816,ImRickJames,Alabama A&M,owner
2020,519412020617998336,NCAA HISTORICALLY BLACK,3,475102016549416960,JackSibley28,Delaware State,owner
2020,519412020617998336,NCAA HISTORICALLY BLACK,4,519664414748168192,CheeseHeadLover,Southern ,owner
2020,519412020617998336,NCAA HISTORICALLY BLACK,5,519656908428791808,tpearson2222,Florida A&M,owner
2020,519412020617998336,NCAA HISTORICALLY BLACK,6,519532620901961728,xfsaint,Howard,owner
2020,519412020617998336,NCAA HISTORICALLY BLACK,7,519728067978186752,StrikerS091,MVSU Delta Devils,owner
2020,519412020617998336,NCAA HISTORICALLY BLACK,8,515406486608322560,caseywebb83,Alcorn,owner
2020,519412020617998336,NCAA HISTORICALLY BLACK,9,526619912614985728,Broshmo2334,Bethune-Cookman,owner
2020,519412020617998336,NCAA HISTORICALLY BLACK,10,411387962429816832,dakistrash,Hampton,owner
2020,519412020617998336,NCAA HISTORICALLY BLACK,11,304749125604241408,PineappleJewz,Tuskegee,owner
2020,519412020617998336,NCAA HISTORICALLY BLACK,12,460518714907815936,linkoftime1,Grambling State,owner
2020,519412020617998336,NCAA HISTORICALLY BLACK,12,520088376557371392,scoobydaeaglemahomes,,co
2020,519431936523956224,NCAA BIG SKY,1,516266187571630080,PedroCal,Rhode Island Rams,owner
2020,519431936523956224,NCAA BIG SKY,2,439255136309604352,PapaCrowther,Villanova Wildcats ,owner
2020,519431936523956224,NCAA BIG SKY,3,461245432756957184,NADO13,William & Mary,owner
2020,519431936523956224,NCAA BIG SKY,4,519439276311531520,Elestial,Eastern Washington ,owner
2020,519431936523956224,NCAA BIG SKY,5,461273516759576576,Julian1993,Stony Brook Seawolves,owner
2020,519431936523956224,NCAA BIG SKY,6,424793511431262208,Elwayluva7,Montana State,owner
2020,519431936523956224,NCAA BIG SKY,7,78892531970359296,fballfreek80,Richmond,owner
2020,519431936523956224,NCAA BIG SKY,8,460518714907815936,linkoftime1,Portland State,owner
2020,519431936523956224,NCAA BIG SKY,8,437413803001376768,Vitus,Portland State,co
2020,519431936523956224,NCAA BIG SKY,9,448641292377780224,Pinky7373,Weber State,owner
2020,519431936523956224,NCAA BIG SKY,10,450023004458446848,DaLegend,Nothern Iowa ,owner
2020,519431936523956224,NCAA BIG SKY,11,464145779661991936,jmaclean,Maine,owner
2020,519431936523956224,NCAA BIG SKY,12,519767126595325952,mssullivan2022,Youngstown St.,owner
2020,519446956439826432,NCAA PIONEER,1,533363986486435840,MattJB87,Wofford Terriers,owner
2020,519446956439826432,NCAA PIONEER,2,519437931575726080,boulios,Holy Cross,owner
2020,519446956439826432,NCAA PIONEER,3,561634118050308096,FirstPlaceFantasy,Murray St.,owner
2020,519446956439826432,NCAA PIONEER,4,519460302416203776,AccusedRanger97,Butler Bulldogs,owner
2020,519446956439826432,NCAA PIONEER,5,561684253895716864,fwen,Tennessee State,owner
2020,519446956439826432,NCAA PIONEER,6,519664508596187136,NewGOAT15,SE Missouri State,owner
2020,519446956439826432,NCAA PIONEER,7,363883943780626432,doubleD87,,owner
2020,519446956439826432,NCAA PIONEER,8,339931221767249920,CrownMeKing,Campbell Fightin Camels,owner
2020,519446956439826432,NCAA PIONEER,9,520008347924234240,cullenschrock,Austin Peay,owner
2020,519446956439826432,NCAA PIONEER,10,460518714907815936,linkoftime1,Furman,owner
2020,519446956439826432,NCAA PIONEER,10,475385751685558272,Shemann20,,co
2020,519446956439826432,NCAA PIONEER,11,520108377286893568,HPTexans,UT Martin,owner
2020,519446956439826432,NCAA PIONEER,12,519675297838780416,willsingle05,Davidson Wildcats,owner
2020,520081942477230080,NCAA SEC,1,441458152391569408,andcousinsissacked,Florida ,owner
2020,520081942477230080,NCAA SEC,2,473596673050800128,mintpodbaker,LSU,owner
2020,520081942477230080,NCAA SEC,3,457957045534978048,ChadLowe,Tennessee,owner
2020,520081942477230080,NCAA SEC,4,446524535810813952,ahhchainsaw,Auburn,owner
2020,520081942477230080,NCAA SEC,4,446530486903238656,BigSexy3422,,co
2020,520081942477230080,NCAA SEC,5,601248305229406208,ryankenn,Ole Miss,owner
2020,520081942477230080,NCAA SEC,6,545494104980213760,cheesebot,Mississippi State,owner
2020,520081942477230080,NCAA SEC,7,460518714907815936,linkoftime1,Georgia Bulldogs,owner
2020,520081942477230080,NCAA SEC,7,461680102409760768,kodakjack,,co
2020,520081942477230080,NCAA SEC,8,626826717473894400,saffo937,South Carolina Gamecocks,owner
2020,520081942477230080,NCAA SEC,9,503639845369802752,gregorybly,Vanderbilt Commodores,owner
2020,520081942477230080,NCAA SEC,10,446782746484797440,Jasonkuz,Kentucky,owner
2020,520081942477230080,NCAA SEC,11,560284880620699648,devbovino,Alabama,owner
2020,520081942477230080,NCAA SEC,12,445468333035220992,JosephMarin07,Arkansas,owner
2020,520082008453632000,NCAA ACC,1,571754879825395712,ChrisW21,Virginia,owner
2020,520082008453632000,NCAA ACC,2,329474836155879424,BlockBoyz,UNC,owner
2020,520082008453632000,NCAA ACC,3,460518714907815936,linkoftime1,Georgia Tech,owner
2020,520082008453632000,NCAA ACC,3,455753261765357568,BDAVIS309,,co
2020,520082008453632000,NCAA ACC,4,455836851501002752,landonh12,Virginia tech,owner
2020,520082008453632000,NCAA ACC,5,468618720470626304,Yarby,Florida State,owner
2020,520082008453632000,NCAA ACC,6,560532242028425216,Mattyjohnson,Wake Forest,owner
2020,520082008453632000,NCAA ACC,7,453658285061435392,fatalbeast,Duke,owner
2020,520082008453632000,NCAA ACC,8,456168604006608896,eperedetto,BC Eagles ,owner
2020,520082008453632000,NCAA ACC,9,412321968218451968,B1GNate35,Miami,owner
2020,520082008453632000,NCAA ACC,10,343081722184728576,TheFFUK,NC State,owner
2020,520082008453632000,NCAA ACC,11,458070829909929984,Campbell8,Louisville,owner
2020,520082008453632000,NCAA ACC,12,302575527556825088,dilbennett,Clemson,owner
2020,520086664899657728,NCAA BIG 12,1,446530486903238656,BigSexy3422,Texas Tech ,owner
2020,520086664899657728,NCAA BIG 12,2,81122532153245696,ShaqFuNation,Iowa State,owner
2020,520086664899657728,NCAA BIG 12,3,468501524721430528,lilforeign,Missouri,owner
2020,520086664899657728,NCAA BIG 12,4,425362114291437568,deadheadshane,Texas A&M ,owner
2020,520086664899657728,NCAA BIG 12,5,464117743042424832,robertlouis7,Baylor,owner
2020,520086664899657728,NCAA BIG 12,6,335910160469880832,elianbruger,Texas,owner
2020,520086664899657728,NCAA BIG 12,7,425386065373691904,Frankeen,Kansas State,owner
2020,520086664899657728,NCAA BIG 12,8,543929284962770944,alicho,West Virginia Big XII 🏆,owner
2020,520086664899657728,NCAA BIG 12,9,453711063846744064,rchau56,Oklahoma,owner
2020,520086664899657728,NCAA BIG 12,10,460518714907815936,linkoftime1,Kansas,owner
2020,520086664899657728,NCAA BIG 12,10,463354721621504000,Zeke123,Kansas,co
2020,520086664899657728,NCAA BIG 12,11,443975346555973632,joshrummel,TCU,owner
2020,520086664899657728,NCAA BIG 12,12,446397791615315968,FancyLlama,OK St,owner
2020,552229388243996672,NCAA SOUTHLAND,1,540026011221139456,aresthegoat,McNeese state,owner
2020,552229388243996672,NCAA SOUTHLAND,2,76457435317288960,Fantasy412,Prysbyterian,owner
2020,552229388243996672,NCAA SOUTHLAND,3,531614973867212800,LionVol,Stephen F. Austin,owner
2020,552229388243996672,NCAA SOUTHLAND,4,421757803934273536,restartthecarr,Florida Gulf Coast,owner
2020,552229388243996672,NCAA SOUTHLAND,5,483704297222041600,CAVEMAN1701,Sam Houston State,owner
2020,552229388243996672,NCAA SOUTHLAND,6,77300101038882816,majerused,Lamar,owner
2020,552229388243996672,NCAA SOUTHLAND,7,383710135802970112,xXKtuluXx,S.E.L,owner
2020,552229388243996672,NCAA SOUTHLAND,8,460518714907815936,linkoftime1,Dixie State,owner
2020,552229388243996672,NCAA SOUTHLAND,8,399289306012794880,waldobryan,,co
2020,552229388243996672,NCAA SOUTHLAND,9,450806182555152384,lmerkouSaints,Houston Baptist,owner
2020,552229388243996672,NCAA SOUTHLAND,10,534619662650601472,ImagineWiigons,North Western State,owner
2020,552229388243996672,NCAA SOUTHLAND,11,376262422366896128,flsIII,Nicholls state,owner
2020,552229388243996672,NCAA SOUTHLAND,12,392717914706337792,PandaSurprise,Incarnate Word,owner
2021,644097339790827520,NCAA OHIO VALLEY,1,571753677428977664,Mistafyer,Belmont Bruins,owner
2021,644097339790827520,NCAA OHIO VALLEY,2,601198801197260800,LMarkiewicz04,ETSU Bucs,owner
2021,644097339790827520,NCAA OHIO VALLEY,3,468944645166985216,srcav,Kennesaw State Owls,owner
2021,644097339790827520,NCAA OHIO VALLEY,4,472879969664495616,ethansherwood22,Chattanooga,owner
2021,644097339790827520,NCAA OHIO VALLEY,5,474662041341128704,Dreev,Eastern Kentucky,owner
2021,644097339790827520,NCAA OHIO VALLEY,6,331558449374593024,leathershoe4,Charleston Southern,owner
2021,644097339790827520,NCAA OHIO VALLEY,7,635700695584043008,charlielol,Delaware Fightin Blue Hen,owner
2021,644097339790827520,NCAA OHIO VALLEY,8,69768813763510272,ThongBonerstorm,Morehead,owner
2021,644097339790827520,NCAA OHIO VALLEY,9,347683464398749696,ducttapeit,Bobby (JSU Gamecocks),owner
2021,644097339790827520,NCAA OHIO VALLEY,10,594242128851296256,kevinedge,Monmouth,owner
2021,644097339790827520,NCAA OHIO VALLEY,11,638193564806897664,Romantryert,North Alabama Lions,owner
2021,644097339790827520,NCAA OHIO VALLEY,12,327689364916146176,McNaga,North Carolina Central,owner
2021,652821876346810368,NCAA BIG 10,1,340600026956906496,CanadaGoose0505,Purdue Boilermakers 🚂,owner
2021,652821876346810368,NCAA BIG 10,2,438178170542223360,EthanH,Nebraska Cornhuskers,owner
2021,652821876346810368,NCAA BIG 10,3,456550391375458304,Clamonte,Northwestern Wildcats ,owner
2021,652821876346810368,NCAA BIG 10,4,519389380047458304,URTOASTS,MSU Spartans,owner
2021,652821876346810368,NCAA BIG 10,5,459190461706268672,jreilly,Penn State ,owner
2021,652821876346810368,NCAA BIG 10,6,460511267564548096,laxbro000,Wisconsin Badgers🏆,owner
2021,652821876346810368,NCAA BIG 10,7,460518714907815936,linkoftime1,Minnesota Golden Gophers,owner
2021,652821876346810368,NCAA BIG 10,8,519694666546008064,eseromo760,Indiana ,owner
2021,652821876346810368,NCAA BIG 10,9,559208653427675136,DavidAshley,Ohio State Buckeyes,owner
2021,652821876346810368,NCAA BIG 10,10,459225788735025152,richardson98,Illinois Fighting Illini,owner
2021,652821876346810368,NCAA BIG 10,11,388919621245210624,SpinachAssasin,#13 Iowa Hawkeyes🦅,owner
2021,652821876346810368,NCAA BIG 10,12,443870183853912064,chrispychicken,Michigan Wolverines ,owner
2021,652822152327815168,NCAA HISTORICALLY BLACK,1,471427194132885504,PhantomXX,North Carolina A&T,owner
2021,652822152327815168,NCAA HISTORICALLY BLACK,2,303281379553058816,ImRickJames,Alabama A&M,owner
2021,652822152327815168,NCAA HISTORICALLY BLACK,3,640052303377952768,lcummings,Delaware State ,owner
2021,652822152327815168,NCAA HISTORICALLY BLACK,4,640086413861294080,csmith1222,Southern,owner
2021,652822152327815168,NCAA HISTORICALLY BLACK,5,519656908428791808,tpearson2222,Florida A & M,owner
2021,652822152327815168,NCAA HISTORICALLY BLACK,6,692168840821411840,DeanFalcon,Howard,owner
2021,652822152327815168,NCAA HISTORICALLY BLACK,7,519728067978186752,StrikerS091,MVSU Delta Devils,owner
2021,652822152327815168,NCAA HISTORICALLY BLACK,8,467835045181124608,wblack2012,Alcorn State,owner
2021,652822152327815168,NCAA HISTORICALLY BLACK,9,631893934183882752,aaronlaw,Bethune-Cookman,owner
2021,652822152327815168,NCAA HISTORICALLY BLACK,10,694233255825719296,bb7661KING,Jackson State,owner
2021,652822152327815168,NCAA HISTORICALLY BLACK,11,327614483000217600,Jerryb83,Tuskegee,owner
2021,652822152327815168,NCAA HISTORICALLY BLACK,12,460518714907815936,linkoftime1,Grambling State,owner
2021,652822152327815168,NCAA HISTORICALLY BLACK,12,520088376557371392,scoobydaeaglemahomes,Grambling state ,co
2021,652822293206081536,NCAA MOUNTAIN WEST,1,626596982345129984,dukiev99,Hawail ,owner
2021,652822293206081536,NCAA MOUNTAIN WEST,2,463106510101147648,bucketmikal14,Boise State,owner
2021,652822293206081536,NCAA MOUNTAIN WEST,3,463057520089362432,ryanl17,Wyoming,owner
2021,652822293206081536,NCAA MOUNTAIN WEST,4,571767410708901888,Kyvend01,Fresno State,owner
2021,652822293206081536,NCAA MOUNTAIN WEST,5,609605414685859840,KingWapo,Utah State,owner
2021,652822293206081536,NCAA MOUNTAIN WEST,6,482448684026425344,Avery33,BYU,owner
2021,652822293206081536,NCAA MOUNTAIN WEST,7,519460302416203776,AccusedRanger97,Idaho ,owner
2021,652822293206081536,NCAA MOUNTAIN WEST,8,325726913966395392,bkoldham,Colorado State,owner
2021,652822293206081536,NCAA MOUNTAIN WEST,9,460518714907815936,linkoftime1,New Mexico,owner
2021,652822293206081536,NCAA MOUNTAIN WEST,9,589001974318403584,Mrhawke19,New Mexico,co
2021,652822293206081536,NCAA MOUNTAIN WEST,10,461772326111801344,Chang,Nevada ,owner
2021,652822293206081536,NCAA MOUNTAIN WEST,11,468116813004140544,ZMATH11,UNLV,owner
2021,652822293206081536,NCAA MOUNTAIN WEST,12,322205296309051392,TBLowery58,San Diego State,owner
2021,652822356867264512,NCAA SEC,1,441458152391569408,andcousinsissacked,Florida,owner
2021,652822356867264512,NCAA SEC,2,437752171740524544,menacesober,LSU ,owner
2021,652822356867264512,NCAA SEC,3,457957045534978048,ChadLowe,Tennessee,owner
2021,652822356867264512,NCAA SEC,4,446524535810813952,ahhchainsaw,Auburn,owner
2021,652822356867264512,NCAA SEC,4,446530486903238656,BigSexy3422,,co
2021,652822356867264512,NCAA SEC,5,562032371824951296,ryank45,Ole Miss,owner
2021,652822356867264512,NCAA SEC,5,546856536723197952,sKenns,,co
2021,652822356867264512,NCAA SEC,6,510556455562792960,thatmansanti,Mississippi State,owner
2021,652822356867264512,NCAA SEC,6,508516852143693824,AaronMcClain,,co
2021,652822356867264512,NCAA SEC,7,461680102409760768,kodakjack,Georgia Bulldogs,owner
2021,652822356867264512,NCAA SEC,8,749707909142802432,BeefTrapeze,South Carolina,owner
2021,652822356867264512,NCAA SEC,9,503639845369802752,gregorybly,Vandervilt Commodores,owner
2021,652822356867264512,NCAA SEC,10,641695634772025344,TimothyMartinFF,Kentucky,owner
2021,652822356867264512,NCAA SEC,11,560284880620699648,devbovino,Alabama ,owner
2021,652822356867264512,NCAA SEC,12,445468333035220992,JosephMarin07,Arkansas #1,owner
2021,652822437578215424,NCAA SUN BELT,1,429733810611949568,Piglet10,University of Temple ,owner
2021,652822437578215424,NCAA SUN BELT,2,458650904741015552,CRicks3,University Texas El Paso,owner
2021,652822437578215424,NCAA SUN BELT,3,481957045667360768,Prestongee17,#16 Tulane,owner
2021,652822437578215424,NCAA SUN BELT,4,447283305738399744,Lucchityler,Rice ,owner
2021,652822437578215424,NCAA SUN BELT,5,546466738316963840,PackMan1212,Marshall,owner
2021,652822437578215424,NCAA SUN BELT,6,465019661495300096,Raidersforte,Tulsa ,owner
2021,652822437578215424,NCAA SUN BELT,7,547214728132608000,ericdas12,Georgia Southern,owner
2021,652822437578215424,NCAA SUN BELT,8,441362521463451648,yoboihawks,Memphis,owner
2021,652822437578215424,NCAA SUN BELT,9,460518714907815936,linkoftime1,Southern Miss,owner
2021,652822437578215424,NCAA SUN BELT,9,380128482900062208,denvermanning,Southern Miss,co
2021,652822437578215424,NCAA SUN BELT,10,441330448283463680,Fr3shBC11,UAB Blazers,owner
2021,652822437578215424,NCAA SUN BELT,11,461681329860243456,ryanfried2,LA Tech,owner
2021,652822437578215424,NCAA SUN BELT,12,465297932204109824,utsa,UTSA,owner
2021,652822508415823872,NCAA WILD,1,457579310098673664,LanceBoneau,Montana,owner
2021,652822508415823872,NCAA WILD,2,635686851117670400,WillAllen,James Madison,owner
2021,652822508415823872,NCAA WILD,3,441392312380026880,4thdownTD, North Dakota state ,owner
2021,652822508415823872,NCAA WILD,4,635935003657723904,matthewitz,Central Michigan,owner
2021,652822508415823872,NCAA WILD,5,642578171354484736,FareedB,Wichita State,owner
2021,652822508415823872,NCAA WILD,6,203496917160697856,ThomasHarris,Eastern Michigan,owner
2021,652822508415823872,NCAA WILD,7,561674255216046080,SlatonDa3rd,San jose,owner
2021,652822508415823872,NCAA WILD,8,462714981117325312,Buckeyefan5184,Citadel,owner
2021,652822508415823872,NCAA WILD,9,603083535368134656,MrBarryMcCockiner,Central Arkansas ,owner
2021,652822508415823872,NCAA WILD,10,505166677990699008,olddominion2020,Old Dominion,owner
2021,652822508415823872,NCAA WILD,11,434740393972592640,Squinto,South Dakota,owner
2021,652822508415823872,NCAA WILD,12,460518714907815936,linkoftime1,UNC Charlotte,owner
2021,652822508415823872,NCAA WILD,12,448446449538035712,DBGiants,UNC,co
2021,652822592985579520,NCAA PIONEER,1,533363986486435840,MattJB87,Wofford Terriers,owner
2021,652822592985579520,NCAA PIONEER,2,604755917715607552,plazzmarc,Holy cross,owner
2021,652822592985579520,NCAA PIONEER,3,459110344502013952,MyFingerPoints,Murray State,owner
2021,652822592985579520,NCAA PIONEER,4,519460302416203776,AccusedRanger97,Butler Bulldogs,owner
2021,652822592985579520,NCAA PIONEER,5,561684253895716864,fwen,Tennessee State,owner
2021,652822592985579520,NCAA PIONEER,6,455753261765357568,BDAVIS309,Southeast Missouri State,owner
2021,652822592985579520,NCAA PIONEER,7,475391637342646272,rgroban,Dayton Flyers,owner
2021,652822592985579520,NCAA PIONEER,8,339931221767249920,CrownMeKing,Campbell Fightin Camels,owner
2021,652822592985579520,NCAA PIONEER,9,698206840328134656,ishaansethi,Austin Peay,owner
2021,652822592985579520,NCAA PIONEER,10,460518714907815936,linkoftime1,Furman,owner
2021,652822592985579520,NCAA PIONEER,10,475385751685558272,Shemann20,Furman Paladins,co
2021,652822592985579520,NCAA PIONEER,11,520108377286893568,HPTexans,St Martin,owner
2021,652822592985579520,NCAA PIONEER,12,519675297838780416,willsingle05,Davidson Wildcats,owner
2021,652822666251710464,NCAA IVY,1,470912510262767616,FlynnD,Brown,owner
2021,652822666251710464,NCAA IVY,2,,,,no owner
2021,652822666251710464,NCAA IVY,3,480124073456693248,Jrodr71,Bucknell,owner
2021,652822666251710464,NCAA IVY,4,570803989783429120,alecgagnon2001,COLUMBIA,owner
2021,652822666251710464,NCAA IVY,5,395321276102627328,ccassidy,Georgetown,owner
2021,652822666251710464,NCAA IVY,6,508415252621357056,ryanmchugh,Lehigh,owner
2021,652822666251710464,NCAA IVY,7,463944449920069632,Spence24,Penn,owner
2021,652822666251710464,NCAA IVY,8,461688192555282432,PhilupMynuts,Colgate,owner
2021,652822666251710464,NCAA IVY,9,460518714907815936,linkoftime1,Yale,owner
2021,652822666251710464,NCAA IVY,9,446519431196045312,MarBra24,YALE,co
2021,652822666251710464,NCAA IVY,10,,,,no owner
2021,652822666251710464,NCAA IVY,11,460895027179024384,jtheadrick98,Dartmouth ,owner
2021,652822666251710464,NCAA IVY,12,464595147808567296,cobrapanther99,Cornell Big Red,owner
2021,652822724795764736,NCAA BIG EAST & CO.,1,606287974459600896,NoOneInSite,Rutgers,owner
2021,652822724795764736,NCAA BIG EAST & CO.,2,389656085486649344,UrTrash,Maryland Terrapins,owner
2021,652822724795764736,NCAA BIG EAST & CO.,3,333005257409847296,ikemendel,South Dakota State,owner
2021,652822724795764736,NCAA BIG EAST & CO.,4,456129190995947520,vinceA762,Pitt Panthers,owner
2021,652822724795764736,NCAA BIG EAST & CO.,5,526975488648601600,Potts15,Uconn ,owner
2021,652822724795764736,NCAA BIG EAST & CO.,6,443323427143544832,joonbug,Coastal Carolina,owner
2021,652822724795764736,NCAA BIG EAST & CO.,7,456159345906806784,CodeKhaos,Syracuse Orange,owner
2021,652822724795764736,NCAA BIG EAST & CO.,8,456167283761344512,Claser,Army Golden Shitters,owner
2021,652822724795764736,NCAA BIG EAST & CO.,9,706954972784324608,TylerJudd1,UCF,owner
2021,652822724795764736,NCAA BIG EAST & CO.,10,338858684358623232,Psyclone,USF,owner
2021,652822724795764736,NCAA BIG EAST & CO.,11,456182244336201728,Ianiners,Nay Vee,owner
2021,652822724795764736,NCAA BIG EAST & CO.,12,64174089933570048,ryno,Notre Dame,owner
2021,652822788075229184,NCAA USA,1,389658700735868928,dh671,Troy,owner
2021,652822788075229184,NCAA USA,2,464625836192952320,brooksy33,North Texas,owner
2021,652822788075229184,NCAA USA,3,89528070197100544,DapperDave89,FAU,owner
2021,652822788075229184,NCAA USA,4,332601596233928704,cschaller20,South Alabama,owner
2021,652822788075229184,NCAA USA,5,651213088258883584,choov323,Georgia State,owner
2021,652822788075229184,NCAA USA,6,560611777479667712,PatrickT21,Western Kentucky,owner
2021,652822788075229184,NCAA USA,7,651857322645241856,ridinroundinarover,Middle Tennessee St,owner
2021,652822788075229184,NCAA USA,8,605439246030925824,krichknowsbest,Arkansas State,owner
2021,652822788075229184,NCAA USA,9,645315608073805824,CantguardTW,Texas  State Bobcats ,owner
2021,652822788075229184,NCAA USA,10,590358219562455040,woolba,FIU,owner
2021,652822788075229184,NCAA USA,11,732763988848410624,ajisgoated,Louisiana,owner
2021,652822788075229184,NCAA USA,12,650627977721245696,BroncoZzz,Louisiana Monroe,owner
2021,652822871495749632,NCAA BIG 12,1,446530486903238656,BigSexy3422,Texas Tech ,owner
2021,652822871495749632,NCAA BIG 12,2,667752373111824384,trev7293,Iowa State,owner
2021,652822871495749632,NCAA BIG 12,3,468501524721430528,agupta03,Missouri ,owner
2021,652822871495749632,NCAA BIG 12,4,425362114291437568,deadheadshane,Texas A&M ,owner
2021,652822871495749632,NCAA BIG 12,5,464117743042424832,robertlouis7,Baylor,owner
2021,652822871495749632,NCAA BIG 12,6,335910160469880832,elianbruger,Texas,owner
2021,652822871495749632,NCAA BIG 12,7,425386065373691904,Frankeen,Kansas State,owner
2021,652822871495749632,NCAA BIG 12,8,543929284962770944,alicho,Western Virginia TX Bowl,owner
2021,652822871495749632,NCAA BIG 12,9,453711063846744064,rchau56,Oklahoma,owner
2021,652822871495749632,NCAA BIG 12,10,460518714907815936,linkoftime1,Kansas ,owner
2021,652822871495749632,NCAA BIG 12,10,463354721621504000,Zeke123,Kansas,co
2021,652822871495749632,NCAA BIG 12,11,619190004979138560,CousinMose15,TCU Horned Frogs,owner
2021,652822871495749632,NCAA BIG 12,12,446397791615315968,FancyLlama,OK ST,owner
2021,652822938654937088,NCAA BIG SKY,1,516266187571630080,PedroCal,Rhode Island Rams,owner
2021,652822938654937088,NCAA BIG SKY,2,439255136309604352,PapaCrowther,Villanova Wildcats,owner
2021,652822938654937088,NCAA BIG SKY,3,449327253101211648,Beastchewy15,William&Mary ,owner
2021,652822938654937088,NCAA BIG SKY,4,519439276311531520,Elestial,Eastern Washington Eagles,owner
2021,652822938654937088,NCAA BIG SKY,5,461273516759576576,Julian1993,Stony Brook Seawolves,owner
2021,652822938654937088,NCAA BIG SKY,6,424793511431262208,Elwayluva7,Montana State,owner
2021,652822938654937088,NCAA BIG SKY,7,78892531970359296,fballfreek80,Richmond,owner
2021,652822938654937088,NCAA BIG SKY,8,437413803001376768,Vitus,Portland State,owner
2021,652822938654937088,NCAA BIG SKY,9,448641292377780224,Pinky7373,Weber State,owner
2021,652822938654937088,NCAA BIG SKY,10,450023004458446848,DaLegend,Northern Iowa ,owner
2021,652822938654937088,NCAA BIG SKY,11,604388962898866176,mgrant55,Maine,owner
2021,652822938654937088,NCAA BIG SKY,12,519767126595325952,mssullivan2022,Youngstown State,owner
2021,652823058658209792,NCAA ACC,1,571754879825395712,ChrisW21,Virginia,owner
2021,652823058658209792,NCAA ACC,2,568115266901286912,MattyBent,North Carolina,owner
2021,652823058658209792,NCAA ACC,3,519664508596187136,NewGOAT15,Georgia Tech,owner
2021,652823058658209792,NCAA ACC,4,455836851501002752,landonh12,Virginia Tech😁,owner
2021,652823058658209792,NCAA ACC,5,468618720470626304,Yarby,Florida State,owner
2021,652823058658209792,NCAA ACC,6,463453800313647104,WhiskyScientist,Wake Forest,owner
2021,652823058658209792,NCAA ACC,7,453658285061435392,fatalbeast,Duke,owner
2021,652823058658209792,NCAA ACC,8,456168604006608896,eperedetto,Boston College,owner
2021,652823058658209792,NCAA ACC,9,412321968218451968,B1GNate35,Miami,owner
2021,652823058658209792,NCAA ACC,10,625717955707117568,superman14,NC State,owner
2021,652823058658209792,NCAA ACC,11,458070829909929984,Campbell8,Louisville,owner
2021,652823058658209792,NCAA ACC,12,302575527556825088,dilbennett,Clemson ,owner
2021,652823294856224768,NCAA PAC 12,1,437465313911500800,kfitch630,Arizona,owner
2021,652823294856224768,NCAA PAC 12,2,709857172258881536,KamaraGOAT41,USC,owner
2021,652823294856224768,NCAA PAC 12,3,470320542868566016,Dunebuggy619,Oregon State,owner
2021,652823294856224768,NCAA PAC 12,4,477666723663704064,chzhead412,Washington State,owner
2021,652823294856224768,NCAA PAC 12,5,619963570297352192,cooperthach,Stanford,owner
2021,652823294856224768,NCAA PAC 12,6,338823136923381760,samggannon,Washington,owner
2021,652823294856224768,NCAA PAC 12,7,597246797479469056,wrightc214,Arizona State,owner
2021,652823294856224768,NCAA PAC 12,8,449317906098941952,gerad,Colorado,owner
2021,652823294856224768,NCAA PAC 12,9,519390092788297728,ScottyW13,Oregon Ducks,owner
2021,652823294856224768,NCAA PAC 12,10,534619662650601472,ImagineWiigons,California Bears,owner
2021,652823294856224768,NCAA PAC 12,11,76460245878456320,seniormeow,Utah,owner
2021,652823294856224768,NCAA PAC 12,12,450806182555152384,lmerkouSaints,UCLA,owner
2022,787122556279885824,NCAA BIG 10,1,340600026956906496,Mation05,#1 Purdue Boilermakers ,owner
2022,787122556279885824,NCAA BIG 10,2,438178170542223360,EthanH,Nebraska Cornhuskers,owner
2022,787122556279885824,NCAA BIG 10,3,456550391375458304,Clamonte,Northwestern Wildcats ,owner
2022,787122556279885824,NCAA BIG 10,4,734978696263380992,SausageKing27,Mich St Spartans,owner
2022,787122556279885824,NCAA BIG 10,5,459190461706268672,jreilly,Penn State ,owner
2022,787122556279885824,NCAA BIG 10,6,460511267564548096,laxbro000,Wisconsin Badgers,owner
2022,787122556279885824,NCAA BIG 10,7,460518714907815936,linkoftime1, Minnesota Golden Gophers,owner
2022,787122556279885824,NCAA BIG 10,8,519694666546008064,eseromo760,Indiana ,owner
2022,787122556279885824,NCAA BIG 10,9,559208653427675136,Klashified,Ohio State Buckeyes,owner
2022,787122556279885824,NCAA BIG 10,10,459225788735025152,richardson98,Illinois Fighting Illini,owner
2022,787122556279885824,NCAA BIG 10,11,388919621245210624,SpinachAssasin,(#7) Iowa Hawkeyes🦅,owner
2022,787122556279885824,NCAA BIG 10,12,443870183853912064,chrispychicken,Michigan Wolverines ,owner
2022,787122632301649920,NCAA PAC 12,1,437465313911500800,kfitch630,Arizona,owner
2022,787122632301649920,NCAA PAC 12,2,709857172258881536,KamaraGOAT41,USC,owner
2022,787122632301649920,NCAA PAC 12,3,470320542868566016,Dunebuggy619,Oregon State,owner
2022,787122632301649920,NCAA PAC 12,4,477666723663704064,chzhead412,Washington State,owner
2022,787122632301649920,NCAA PAC 12,5,619963570297352192,cooperthach,Stanford,owner
2022,787122632301649920,NCAA PAC 12,6,338823136923381760,samggannon,Washington,owner
2022,787122632301649920,NCAA PAC 12,7,597246797479469056,wrightc214, Arizona State,owner
2022,787122632301649920,NCAA PAC 12,8,611968410179424256,OlHorndog,Colorado,owner
2022,787122632301649920,NCAA PAC 12,9,519390092788297728,ScottyW13,Oregon Ducks,owner
2022,787122632301649920,NCAA PAC 12,10,534619662650601472,ImagineWiigons,California Bears,owner
2022,787122632301649920,NCAA PAC 12,11,76460245878456320,seniormeow,Utah,owner
2022,787122632301649920,NCAA PAC 12,12,450806182555152384,lmerkouSaints,UCLA,owner
2022,787122703772614656,NCAA ACC,1,571754879825395712,ChrisW21,Virginia,owner
2022,787122703772614656,NCAA ACC,2,568115266901286912,MattyBent,North Carolina,owner
2022,787122703772614656,NCAA ACC,3,468627640945733632,tylerjreese,Georgia Tech,owner
2022,787122703772614656,NCAA ACC,4,455836851501002752,landonh12,Virginia Tech😁,owner
2022,787122703772614656,NCAA ACC,5,468618720470626304,Yarby,Florida State,owner
2022,787122703772614656,NCAA ACC,6,463453800313647104,WhiskyScientist,Wake Forest,owner
2022,787122703772614656,NCAA ACC,7,453658285061435392,fatalbeast,Duke,owner
2022,787122703772614656,NCAA ACC,8,456168604006608896,eperedetto,Boston College,owner
2022,787122703772614656,NCAA ACC,9,412321968218451968,B1GNate35,Miami,owner
2022,787122703772614656,NCAA ACC,10,713189676609003520,LetsGooooo365,NC State,owner
2022,787122703772614656,NCAA ACC,11,458070829909929984,Campbell8,Louisville,owner
2022,787122703772614656,NCAA ACC,12,302575527556825088,dilbennett,Clemson ,owner
2022,787428826962571264,NCAA BIG 12,1,446530486903238656,BigSexy3422,Texas Tech ,owner
2022,787428826962571264,NCAA BIG 12,2,667752373111824384,trev7293,Iowa State,owner
2022,787428826962571264,NCAA BIG 12,3,533541056352481280,DavidJimm,Missouri Tigers,owner
2022,787428826962571264,NCAA BIG 12,4,425362114291437568,deadheadshane,Texas A&M ,owner
2022,787428826962571264,NCAA BIG 12,5,464117743042424832,robertlouis7,Baylor,owner
2022,787428826962571264,NCAA BIG 12,6,335910160469880832,elianbruger,Texas,owner
2022,787428826962571264,NCAA BIG 12,7,425386065373691904,Frankeen,Kansas State,owner
2022,787428826962571264,NCAA BIG 12,8,543929284962770944,alicho,W. Virginia Outback Bowl,owner
2022,787428826962571264,NCAA BIG 12,9,453711063846744064,rchau56,Oklahoma,owner
2022,787428826962571264,NCAA BIG 12,10,453230006181556224,Samara,Kansas 🤮,owner
2022,787428826962571264,NCAA BIG 12,11,619190004979138560,CousinMose15,TCU Horned Frogs,owner
2022,787428826962571264,NCAA BIG 12,12,446397791615315968,FancyLlama,OK ST,owner
2022,787428859766263808,NCAA SEC,1,441458152391569408,andcousinsissacked,Florida,owner
2022,787428859766263808,NCAA SEC,2,692038679077650432,Dillydilly02,Geaux tigers,owner
2022,787428859766263808,NCAA SEC,3,457957045534978048,ChadLowe,Tennessee,owner
2022,787428859766263808,NCAA SEC,4,446524535810813952,ahhchainsaw,Auburn,owner
2022,787428859766263808,NCAA SEC,4,446530486903238656,BigSexy3422,,co
2022,787428859766263808,NCAA SEC,5,562032371824951296,ryank45,Ole Miss,owner
2022,787428859766263808,NCAA SEC,5,546856536723197952,sKenns,,co
2022,787428859766263808,NCAA SEC,6,510556455562792960,thatmansanti,Mississippi State,owner
2022,787428859766263808,NCAA SEC,6,508516852143693824,TheLegoBatman,OC at 💩 Miss St.,co
2022,787428859766263808,NCAA SEC,7,461680102409760768,kodakjack,Georgia Bulldogs,owner
2022,787428859766263808,NCAA SEC,8,749707909142802432,BeefTrapeze,South Carolina,owner
2022,787428859766263808,NCAA SEC,9,503639845369802752,gregorybly,Vandervilt Commodores,owner
2022,787428859766263808,NCAA SEC,10,510483000784015360,Christian4,Kentucky ,owner
2022,787428859766263808,NCAA SEC,11,560284880620699648,devbovino,Alabama ,owner
2022,787428859766263808,NCAA SEC,12,445468333035220992,JosephMarin07,Arkansas #1,owner
2022,787428905404465152,NCAA SUN BELT,1,429733810611949568,Piglet10,University of Temple ,owner
2022,787428905404465152,NCAA SUN BELT,2,458650904741015552,CRicks3,University Texas El Paso,owner
2022,787428905404465152,NCAA SUN BELT,3,481957045667360768,Prestongee17,#9 Tulane,owner
2022,787428905404465152,NCAA SUN BELT,4,447283305738399744,Lucchityler,Rice ,owner
2022,787428905404465152,NCAA SUN BELT,5,546466738316963840,PackMan1212,Marshall,owner
2022,787428905404465152,NCAA SUN BELT,6,465019661495300096,Raidersforte,Tulsa ,owner
2022,787428905404465152,NCAA SUN BELT,7,547214728132608000,alphabeasttt,Georgia Southern,owner
2022,787428905404465152,NCAA SUN BELT,8,441362521463451648,yoboihawks,Memphis,owner
2022,787428905404465152,NCAA SUN BELT,9,380128482900062208,denvermanning,Southern Miss,owner
2022,787428905404465152,NCAA SUN BELT,10,441330448283463680,Fr3shBC11,#17 UAB Blazers,owner
2022,787428905404465152,NCAA SUN BELT,11,461681329860243456,ryanfried2,LA Tech,owner
2022,787428905404465152,NCAA SUN BELT,12,465297932204109824,utsa,UTSA,owner
2022,787428947523657728,NCAA BIG SKY,1,891425488877494272,AJ2319,Rhode Island,owner
2022,787428947523657728,NCAA BIG SKY,2,439255136309604352,PapaCrowther,Villanova Wildcats,owner
2022,787428947523657728,NCAA BIG SKY,3,449327253101211648,Beastchewy15,William&Mary ,owner
2022,787428947523657728,NCAA BIG SKY,4,519439276311531520,Elestial,Eastern Washington Eagles,owner
2022,787428947523657728,NCAA BIG SKY,5,465934519652839424,agrakush,Stony Brook Seawolves?,owner
2022,787428947523657728,NCAA BIG SKY,6,424793511431262208,Elwayluva7,Montana State,owner
2022,787428947523657728,NCAA BIG SKY,7,78892531970359296,fballfreek80,Richmond,owner
2022,787428947523657728,NCAA BIG SKY,8,437413803001376768,Vitus,Portland State,owner
2022,787428947523657728,NCAA BIG SKY,9,448641292377780224,Pinky7373,Weber State,owner
2022,787428947523657728,NCAA BIG SKY,10,450023004458446848,DaLegend,Northern Iowa ,owner
2022,787428947523657728,NCAA BIG SKY,11,604388962898866176,mgrant55,Maine,owner
2022,787428947523657728,NCAA BIG SKY,12,519767126595325952,mssullivan2022,Youngstown State,owner
2022,787469368543035392,NCAA USA,1,389658700735868928,dh671,Troy,owner
2022,787469368543035392,NCAA USA,2,464625836192952320,brooksy33,North Texas,owner
2022,787469368543035392,NCAA USA,3,89528070197100544,DapperDave89,FAU,owner
2022,787469368543035392,NCAA USA,4,692542511834558464,GRIDIRONGANG81,South alabama,owner
2022,787469368543035392,NCAA USA,5,720107653187047424,averageffplayer,Goergia State,owner
2022,787469368543035392,NCAA USA,6,560611777479667712,PatrickT21,Western Kentucky,owner
2022,787469368543035392,NCAA USA,7,651857322645241856,ridinroundinarover,Middle Tennessee St,owner
2022,787469368543035392,NCAA USA,8,605439246030925824,krichknowsbest,Arkansas State,owner
2022,787469368543035392,NCAA USA,9,826900217294094336,JacksonGardner5,Texas State,owner
2022,787469368543035392,NCAA USA,10,590358219562455040,Woolley69,FIU,owner
2022,787469368543035392,NCAA USA,11,725895632845357056,T0rey,Louisiana ,owner
2022,787469368543035392,NCAA USA,12,650627977721245696,BroncoZzz,Louisiana Monroe,owner
2022,787469399828365312,NCAA IVY,1,470912510262767616,FlynnD,Brown,owner
2022,787469399828365312,NCAA IVY,2,463212708402032640,Matthew12,Harvard,owner
2022,787469399828365312,NCAA IVY,3,480124073456693248,Jrodr71,Bucknell,owner
2022,787469399828365312,NCAA IVY,4,570803989783429120,alecgagnon2001,COLUMBIA,owner
2022,787469399828365312,NCAA IVY,5,395321276102627328,ccassidy,Georgetown,owner
2022,787469399828365312,NCAA IVY,6,508415252621357056,ryanmchugh,Lehigh,owner
2022,787469399828365312,NCAA IVY,7,826571292240109568,KamaraMinute,Penn Quakers,owner
2022,787469399828365312,NCAA IVY,8,461688192555282432,PhilupMynuts,Colgate,owner
2022,787469399828365312,NCAA IVY,9,446519431196045312,MarBra24,YALE,owner
2022,787469399828365312,NCAA IVY,10,587867701595119616,BlackBOI93,PRINCEton of Bel-Aire,owner
2022,787469399828365312,NCAA IVY,11,460895027179024384,jtheadrick98,Dartmouth ,owner
2022,787469399828365312,NCAA IVY,12,464595147808567296,cobrapanther99,#20 Cornell Big Red,owner
2022,787469482338717696,NCAA PIONEER,1,533363986486435840,MattJB87,Wofford Terriers,owner
2022,787469482338717696,NCAA PIONEER,2,468638573403303936,DownLoMoJo,Holy Cross Crusaders,owner
2022,787469482338717696,NCAA PIONEER,3,459110344502013952,MyFingerPoints,Murray State,owner
2022,787469482338717696,NCAA PIONEER,4,439351925129867264,Daphud,Butler,owner
2022,787469482338717696,NCAA PIONEER,5,432164755709370368,EBurkhart,Tennessee State,owner
2022,787469482338717696,NCAA PIONEER,6,455753261765357568,BDAVIS309,Southeast Missouri State,owner
2022,787469482338717696,NCAA PIONEER,7,398884413687001088,OrtizTheGod,Dayton Flyers,owner
2022,787469482338717696,NCAA PIONEER,8,339931221767249920,CrownMeKing,Campbell Fightin Camels,owner
2022,787469482338717696,NCAA PIONEER,9,602687087556231168,DictatorBerry,Austin Peay,owner
2022,787469482338717696,NCAA PIONEER,10,475385751685558272,Shemann20,Furman Paladins,owner
2022,787469482338717696,NCAA PIONEER,11,437042046633504768,TheDrapFather,UT Martin Skyhawks,owner
2022,787469482338717696,NCAA PIONEER,12,519675297838780416,willsingle05,Davidson Wildcats,owner
2022,787469508792152064,NCAA WILD,1,457579310098673664,LanceBoneau,Montana,owner
2022,787469508792152064,NCAA WILD,2,635686851117670400,WillAllen,James Madison,owner
2022,787469508792152064,NCAA WILD,3,441392312380026880,4thdownTD,#4  North Dakota state ,owner
2022,787469508792152064,NCAA WILD,4,635935003657723904,matthewitz,Central Michigan,owner
2022,787469508792152064,NCAA WILD,5,642578171354484736,FareedB,Wichita State,owner
2022,787469508792152064,NCAA WILD,6,203496917160697856,ThomasHarris,Eastern Michigan,owner
2022,787469508792152064,NCAA WILD,7,603460801289863168,lumosityfan,San Jose St,owner
2022,787469508792152064,NCAA WILD,8,462714981117325312,Buckeyefan5184,Citadel,owner
2022,787469508792152064,NCAA WILD,9,603083535368134656,MrBarryMcCockiner,Central Arkansas ,owner
2022,787469508792152064,NCAA WILD,10,505166677990699008,olddominion2020,Old Dominion,owner
2022,787469508792152064,NCAA WILD,11,434740393972592640,Squinto,South Dakota,owner
2022,787469508792152064,NCAA WILD,12,448446449538035712,DBGiants,UNC,owner
2022,787469538403921920,NCAA HISTORICALLY BLACK,1,471427194132885504,PhantomXX,North Carolina A&T,owner
2022,787469538403921920,NCAA HISTORICALLY BLACK,2,,,,no owner
2022,787469538403921920,NCAA HISTORICALLY BLACK,3,640052303377952768,lcummings,Delaware State ,owner
2022,787469538403921920,NCAA HISTORICALLY BLACK,4,640086413861294080,csmith1222,Southern,owner
2022,787469538403921920,NCAA HISTORICALLY BLACK,5,519656908428791808,tpearson2222,Florida A & M,owner
2022,787469538403921920,NCAA HISTORICALLY BLACK,6,692168840821411840,DeanFalcon,Howard Bison,owner
2022,787469538403921920,NCAA HISTORICALLY BLACK,7,519728067978186752,StrikerS091,MVSU Delta Devils,owner
2022,787469538403921920,NCAA HISTORICALLY BLACK,8,467835045181124608,wblack2012,Alcorn State,owner
2022,787469538403921920,NCAA HISTORICALLY BLACK,9,631893934183882752,aaronlaw,Bethune-Cookman,owner
2022,787469538403921920,NCAA HISTORICALLY BLACK,10,694233255825719296,bb7661KING,Jackson State,owner
2022,787469538403921920,NCAA HISTORICALLY BLACK,11,327614483000217600,Jerryb83,Tuskegee,owner
2022,787469538403921920,NCAA HISTORICALLY BLACK,12,520088376557371392,scoobydaeaglemahomes,Grambling state ,owner
2022,787469585417945088,NCAA OHIO VALLEY,1,571753677428977664,Mistafyer,Belmont Bruins,owner
2022,787469585417945088,NCAA OHIO VALLEY,2,601198801197260800,LMarkiewicz04,#8 ETSU Bucs,owner
2022,787469585417945088,NCAA OHIO VALLEY,3,468944645166985216,srcav,Kennesaw State Owls,owner
2022,787469585417945088,NCAA OHIO VALLEY,4,472879969664495616,ethansherwood22,Chattanooga,owner
2022,787469585417945088,NCAA OHIO VALLEY,5,474662041341128704,Dreev,Eastern Kentucky,owner
2022,787469585417945088,NCAA OHIO VALLEY,6,331558449374593024,leathershoe4,#24 Charleston Southern ,owner
2022,787469585417945088,NCAA OHIO VALLEY,7,635700695584043008,charlielol,Delaware Fightin Blue Hen,owner
2022,787469585417945088,NCAA OHIO VALLEY,8,69768813763510272,ThongBonerstorm,Morehead,owner
2022,787469585417945088,NCAA OHIO VALLEY,9,347683464398749696,AlabamaBobbyCue,JSU Gamecocks,owner
2022,787469585417945088,NCAA OHIO VALLEY,10,594242128851296256,kevinedge,Monmouth,owner
2022,787469585417945088,NCAA OHIO VALLEY,11,638193564806897664,Romantryert,North Alabama Lions,owner
2022,787469585417945088,NCAA OHIO VALLEY,12,327689364916146176,McNaga,North Carolina Central,owner
2022,787469620847190016,NCAA BIG EAST & CO.,1,746553377818841088,DELETED-boW6VP286Lk3,Rutger,owner
2022,787469620847190016,NCAA BIG EAST & CO.,2,389656085486649344,UrTrash,Maryland Terrapins,owner
2022,787469620847190016,NCAA BIG EAST & CO.,3,333005257409847296,ikemendel,South Dakota State,owner
2022,787469620847190016,NCAA BIG EAST & CO.,4,456129190995947520,vinceA762,Pitt Panthers,owner
2022,787469620847190016,NCAA BIG EAST & CO.,5,836025225756934144,ngregg38,UCONN,owner
2022,787469620847190016,NCAA BIG EAST & CO.,6,443323427143544832,joonbug,Coastal Carolina,owner
2022,787469620847190016,NCAA BIG EAST & CO.,7,456159345906806784,CodeKhaos,Syracuse Orange,owner
2022,787469620847190016,NCAA BIG EAST & CO.,8,456167283761344512,Claser,Army Golden Shitters,owner
2022,787469620847190016,NCAA BIG EAST & CO.,9,802480422482206720,POLOONTOP,UCF sucks dick,owner
2022,787469620847190016,NCAA BIG EAST & CO.,10,338858684358623232,Psyclone,USF,owner
2022,787469620847190016,NCAA BIG EAST & CO.,11,456182244336201728,Ianiners,Nay Vee,owner
2022,787469620847190016,NCAA BIG EAST & CO.,12,64174089933570048,ryno,Notre Dame,owner
2022,787469647648763904,NCAA MOUNTAIN WEST,1,596835723861082112,RicochetRay,Hawaii,owner
2022,787469647648763904,NCAA MOUNTAIN WEST,2,463106510101147648,jmdorsey00,Boise State,owner
2022,787469647648763904,NCAA MOUNTAIN WEST,3,560626155833876480,HonoredMexican,Wyoming,owner
2022,787469647648763904,NCAA MOUNTAIN WEST,4,571767410708901888,Kyvend01,Air Force,owner
2022,787469647648763904,NCAA MOUNTAIN WEST,5,757350771300880384,Thomash2442,Utah State,owner
2022,787469647648763904,NCAA MOUNTAIN WEST,6,482448684026425344,Avery33,BYU,owner
2022,787469647648763904,NCAA MOUNTAIN WEST,7,467489585379667968,loganhall17,Idaho Vandals,owner
2022,787469647648763904,NCAA MOUNTAIN WEST,8,325726913966395392,bkoldham,Colorado State,owner
2022,787469647648763904,NCAA MOUNTAIN WEST,9,589001974318403584,Mrhawke19,New Mexico,owner
2022,787469647648763904,NCAA MOUNTAIN WEST,10,814354227357908992,Twistedmentat,Nevada,owner
2022,787469647648763904,NCAA MOUNTAIN WEST,11,,,,no owner
2022,787469647648763904,NCAA MOUNTAIN WEST,12,444590065046253568,reedymang,San Diego State,owner
2023,919305562058285056,NCAA BIG 10,1,340600026956906496,CanadaGoose05, Purdue ,owner
2023,919305562058285056,NCAA BIG 10,2,438178170542223360,EthanH,Nebraska Cornhuskers,owner
2023,919305562058285056,NCAA BIG 10,3,456550391375458304,Clamonte,Northwestern Wildcats ,owner
2023,919305562058285056,NCAA BIG 10,4,734978696263380992,SausageHoudini,Mich St Spartans,owner
2023,919305562058285056,NCAA BIG 10,5,870064363892060160,AdamNicoll17,Penn State,owner
2023,919305562058285056,NCAA BIG 10,6,460511267564548096,laxbro000,#21 Wisconsin Badgers,owner
2023,919305562058285056,NCAA BIG 10,7,460518714907815936,linkoftime1,2 - MN Golden Gophers,owner
2023,919305562058285056,NCAA BIG 10,8,519694666546008064,eseromo760,Indiana ,owner
2023,919305562058285056,NCAA BIG 10,9,559208653427675136,Klashified,Ohio State Buckeyes,owner
2023,919305562058285056,NCAA BIG 10,10,459225788735025152,richardson98,Illinois Fighting Illini,owner
2023,919305562058285056,NCAA BIG 10,11,388919621245210624,SpinachAssasin,Iowa Hawkeyes🦅,owner
2023,919305562058285056,NCAA BIG 10,12,443870183853912064,chrispychicken,Michigan Wolverines ,owner
2023,921151976868155392,NCAA PAC 12,1,437465313911500800,kfitch630,Arizona,owner
2023,921151976868155392,NCAA PAC 12,2,709857172258881536,KamaraGOAT41,USC,owner
2023,921151976868155392,NCAA PAC 12,3,470320542868566016,Dunebuggy619,Oregon State,owner
2023,921151976868155392,NCAA PAC 12,4,477666723663704064,chzhead412,Washington State,owner
2023,921151976868155392,NCAA PAC 12,5,619963570297352192,cooperthach,Stanford,owner
2023,921151976868155392,NCAA PAC 12,6,338823136923381760,samggannon,Washington,owner
2023,921151976868155392,NCAA PAC 12,7,597246797479469056,wrightc214, Arizona State,owner
2023,921151976868155392,NCAA PAC 12,8,611968410179424256,OlHorndog,Colorado,owner
2023,921151976868155392,NCAA PAC 12,9,519390092788297728,ScottyW13,🔼 #33 Oregon Ducks,owner
2023,921151976868155392,NCAA PAC 12,10,534619662650601472,ImagineWiigons,California Bears,owner
2023,921151976868155392,NCAA PAC 12,11,76460245878456320,seniormeow,Utah,owner
2023,921151976868155392,NCAA PAC 12,12,450806182555152384,lmerkouSaints,UCLA,owner
2023,921152041332871168,NCAA ACC,1,571754879825395712,ChrisW21,Virginia,owner
2023,921152041332871168,NCAA ACC,2,568115266901286912,MattyBent,North Carolina,owner
2023,921152041332871168,NCAA ACC,3,825796864786964480,C4DoubleTap,Georgia Tech,owner
2023,921152041332871168,NCAA ACC,4,455836851501002752,landonh12,Virginia Tech😁,owner
2023,921152041332871168,NCAA ACC,5,468618720470626304,Yarby,Florida State,owner
2023,921152041332871168,NCAA ACC,6,463453800313647104,WhiskyScientist,Wake Forest,owner
2023,921152041332871168,NCAA ACC,7,453658285061435392,fatalbeast,Duke,owner
2023,921152041332871168,NCAA ACC,8,456168604006608896,eperedetto,Boston College,owner
2023,921152041332871168,NCAA ACC,9,668318967567323136,markandrewsisthegoat,Miami,owner
2023,921152041332871168,NCAA ACC,10,713189676609003520,LetsGooooo365,NC State,owner
2023,921152041332871168,NCAA ACC,11,458070829909929984,Campbell8,Louisville,owner
2023,921152041332871168,NCAA ACC,12,302575527556825088,dilbennett,Clemson ,owner
2023,921152073054457856,NCAA BIG 12,1,446530486903238656,BigSexy3422,Texas Tech ,owner
2023,921152073054457856,NCAA BIG 12,2,667752373111824384,trev7293,Iowa State,owner
2023,921152073054457856,NCAA BIG 12,3,533541056352481280,DavidJimm,Missouri Tigers,owner
2023,921152073054457856,NCAA BIG 12,4,425362114291437568,deadheadshane,Texas A&M ,owner
2023,921152073054457856,NCAA BIG 12,5,464117743042424832,robertlouis7,Baylor,owner
2023,921152073054457856,NCAA BIG 12,6,335910160469880832,elianbruger,Texas,owner
2023,921152073054457856,NCAA BIG 12,7,425386065373691904,Frankeen,Kansas State,owner
2023,921152073054457856,NCAA BIG 12,8,543929284962770944,alicho,West Virginia,owner
2023,921152073054457856,NCAA BIG 12,9,453711063846744064,rchau56,Oklahoma,owner
2023,921152073054457856,NCAA BIG 12,10,989926421084557312,FalconsRULE7,Kansas,owner
2023,921152073054457856,NCAA BIG 12,11,619190004979138560,CousinMose15,TCU Poinsettia Champs 23,owner
2023,921152073054457856,NCAA BIG 12,12,820771678849171456,Gangly22,OSU Cowboys,owner
2023,921152118084460544,NCAA SEC,1,441458152391569408,tedman546,Florida,owner
2023,921152118084460544,NCAA SEC,2,508516852143693824,TheLegoBatman,‘23 NATTY CHAMP LSU,owner
2023,921152118084460544,NCAA SEC,3,457957045534978048,ChadLowe,Tennessee,owner
2023,921152118084460544,NCAA SEC,4,446524535810813952,ahhchainsaw,Auburn,owner
2023,921152118084460544,NCAA SEC,4,446530486903238656,BigSexy3422,,co
2023,921152118084460544,NCAA SEC,5,562032371824951296,ryank45,Ole Miss,owner
2023,921152118084460544,NCAA SEC,5,546856536723197952,sKenns,,co
2023,921152118084460544,NCAA SEC,6,510556455562792960,thatmansanti,MSU (SEC 23’ Champ),owner
2023,921152118084460544,NCAA SEC,7,461680102409760768,kodakjack,Georgia Bulldogs,owner
2023,921152118084460544,NCAA SEC,8,634614368377589760,MENDl,Kentucky ,owner
2023,921152118084460544,NCAA SEC,9,508521974461227008,brickers,Lenoir-Rhyne Bears🐻,owner
2023,921152118084460544,NCAA SEC,10,510483000784015360,Christian4,South Carolina Gamecocks,owner
2023,921152118084460544,NCAA SEC,11,560284880620699648,devbovino,Alabama ,owner
2023,921152118084460544,NCAA SEC,12,445468333035220992,JosephMarin07,Arkansas #1,owner
2023,921152169275957248,NCAA BIG EAST & CO.,1,596439270961508352,TitanUp406,Rutgers,owner
2023,921152169275957248,NCAA BIG EAST & CO.,2,389656085486649344,UrTrash,Maryland Terrapins,owner
2023,921152169275957248,NCAA BIG EAST & CO.,3,333005257409847296,ikemendel,South Dakota State,owner
2023,921152169275957248,NCAA BIG EAST & CO.,4,456129190995947520,vinceA762,Pitt Panthers,owner
2023,921152169275957248,NCAA BIG EAST & CO.,5,836025225756934144,ngregg38,UCONN,owner
2023,921152169275957248,NCAA BIG EAST & CO.,6,443323427143544832,joonbug,Coastal Carolina,owner
2023,921152169275957248,NCAA BIG EAST & CO.,7,456159345906806784,CodeKhaos,Syracuse Orange,owner
2023,921152169275957248,NCAA BIG EAST & CO.,8,456167283761344512,Claser,Army Golden Shitters,owner
2023,921152169275957248,NCAA BIG EAST & CO.,9,802480422482206720,POLOCAPALOT,UCF sucks dick,owner
2023,921152169275957248,NCAA BIG EAST & CO.,10,338858684358623232,Psyclone,USF,owner
2023,921152169275957248,NCAA BIG EAST & CO.,11,456182244336201728,Ianiners,Nay Vee,owner
2023,921152169275957248,NCAA BIG EAST & CO.,12,64174089933570048,ryno,Notre Dame,owner
2023,921152207104335872,NCAA SUN BELT,1,429733810611949568,Piglet10,University of Temple ,owner
2023,921152207104335872,NCAA SUN BELT,2,458650904741015552,CRicks3,University Texas El Paso,owner
2023,921152207104335872,NCAA SUN BELT,3,481957045667360768,Prestongee17,Tulane,owner
2023,921152207104335872,NCAA SUN BELT,4,447283305738399744,Lucchityler,Rice ,owner
2023,921152207104335872,NCAA SUN BELT,5,546466738316963840,PackMan1212,Marshall,owner
2023,921152207104335872,NCAA SUN BELT,6,465019661495300096,Raidersforte,Tulsa ,owner
2023,921152207104335872,NCAA SUN BELT,7,547214728132608000,alphabeasttt,Georgia Southern,owner
2023,921152207104335872,NCAA SUN BELT,8,441362521463451648,yoboihawks,Memphis,owner
2023,921152207104335872,NCAA SUN BELT,9,380128482900062208,denvermanning,Southern Miss,owner
2023,921152207104335872,NCAA SUN BELT,10,441330448283463680,Fr3shBC11,UAB Blazers,owner
2023,921152207104335872,NCAA SUN BELT,11,461681329860243456,ryanfried2,LA Tech,owner
2023,921152207104335872,NCAA SUN BELT,12,465297932204109824,utsa,UTSA,owner
2023,921152239639564288,NCAA PIONEER,1,533363986486435840,MattJB87,Wofford Terriers,owner
2023,921152239639564288,NCAA PIONEER,2,468638573403303936,DownLoMoJo,Holy Cross Crusaders,owner
2023,921152239639564288,NCAA PIONEER,3,459110344502013952,MyFingerPoints,Murray State,owner
2023,921152239639564288,NCAA PIONEER,4,439351925129867264,Daphud,Butler,owner
2023,921152239639564288,NCAA PIONEER,5,432164755709370368,EBurkhart,Tennessee State,owner
2023,921152239639564288,NCAA PIONEER,6,455753261765357568,BDAVIS309,Southeast Missouri State,owner
2023,921152239639564288,NCAA PIONEER,7,398884413687001088,Ortizz,Dayton Flyers,owner
2023,921152239639564288,NCAA PIONEER,8,339931221767249920,CrownMeKing,Campbell Fightin Camels,owner
2023,921152239639564288,NCAA PIONEER,9,602687087556231168,DictatorBerry,Austin Peay,owner
2023,921152239639564288,NCAA PIONEER,10,804937403319046144,hunterffl,Furman Paladins,owner
2023,921152239639564288,NCAA PIONEER,11,437042046633504768,TheDrapFather,#20 UT Martin Skyhawks,owner
2023,921152239639564288,NCAA PIONEER,12,519675297838780416,willsingle05,Davidson Wildcats,owner
2023,921152273420525568,NCAA BIG SKY,1,456258200757334016,WillyP15,Rhode Island Rams 🐐,owner
2023,921152273420525568,NCAA BIG SKY,2,439255136309604352,PapaCrowther,Villanova Wildcats,owner
2023,921152273420525568,NCAA BIG SKY,3,449327253101211648,Beastchewy15,William&Mary ,owner
2023,921152273420525568,NCAA BIG SKY,4,519439276311531520,Elestial,Eastern Washington Eagles,owner
2023,921152273420525568,NCAA BIG SKY,5,465934519652839424,agrakush,StonyBrookSeawolves 🗿🏞️🌊🐺,owner
2023,921152273420525568,NCAA BIG SKY,5,341759279231070208,clisrawl,,co
2023,921152273420525568,NCAA BIG SKY,6,424793511431262208,Elwayluva7,Montana State,owner
2023,921152273420525568,NCAA BIG SKY,7,78892531970359296,fballfreek80,Richmond,owner
2023,921152273420525568,NCAA BIG SKY,8,437413803001376768,Vitus,Portland State,owner
2023,921152273420525568,NCAA BIG SKY,9,448641292377780224,Pinky7373,Weber State,owner
2023,921152273420525568,NCAA BIG SKY,10,450023004458446848,DaLegend,Northern Iowa ,owner
2023,921152273420525568,NCAA BIG SKY,11,604388962898866176,mgrant55,Maine,owner
2023,921152273420525568,NCAA BIG SKY,12,519767126595325952,mssullivan2022,Youngstown State 💍,owner
2023,921152324230262784,NCAA WILD,1,457579310098673664,LanceBoneau,Montana,owner
2023,921152324230262784,NCAA WILD,2,545391514915762176,Hart123,James Madison,owner
2023,921152324230262784,NCAA WILD,3,441392312380026880,4thdownTD,#12 North Dakota state ,owner
2023,921152324230262784,NCAA WILD,4,635935003657723904,matthewitz,Central Michigan,owner
2023,921152324230262784,NCAA WILD,5,642578171354484736,FareedB,Wichita State,owner
2023,921152324230262784,NCAA WILD,6,203496917160697856,ThomasHarris,Eastern Michigan,owner
2023,921152324230262784,NCAA WILD,7,603460801289863168,lumosityfan,San Jose St,owner
2023,921152324230262784,NCAA WILD,8,462714981117325312,Buckeyefan5184,Citadel,owner
2023,921152324230262784,NCAA WILD,9,603083535368134656,MrBarryMcCockiner,Central Arkansas ,owner
2023,921152324230262784,NCAA WILD,10,505166677990699008,olddominion2020,Old Dominion,owner
2023,921152324230262784,NCAA WILD,11,434740393972592640,Squinto,South Dakota,owner
2023,921152324230262784,NCAA WILD,12,448446449538035712,DBGiants,UNC,owner
2023,921152355658248192,NCAA IVY,1,470912510262767616,FlynnD,Brown,owner
2023,921152355658248192,NCAA IVY,2,463212708402032640,Matthew12,Harvard,owner
2023,921152355658248192,NCAA IVY,3,480124073456693248,Jrodr71,Bucknell,owner
2023,921152355658248192,NCAA IVY,4,570803989783429120,alecgagnon2001,COLUMBIA,owner
2023,921152355658248192,NCAA IVY,5,395321276102627328,ccassidy,Georgetown,owner
2023,921152355658248192,NCAA IVY,6,1017588201080369152,TJWATTDPOY23,Lehigh,owner
2023,921152355658248192,NCAA IVY,7,826571292240109568,KamaraMinute,Penn Quakers ,owner
2023,921152355658248192,NCAA IVY,8,461688192555282432,PhilupMynuts,Colgate,owner
2023,921152355658248192,NCAA IVY,9,82696315553071104,TheBear1973,Yale,owner
2023,921152355658248192,NCAA IVY,10,587867701595119616,BlackBOI93,PRINCEton of Bel-Aire,owner
2023,921152355658248192,NCAA IVY,11,460895027179024384,jtheadrick98,Dartmouth (IVY Champ),owner
2023,921152355658248192,NCAA IVY,12,464595147808567296,cobrapanther99,Cornell Big Red,owner
2023,921152384695357440,NCAA USA,1,389658700735868928,dh671,Troy,owner
2023,921152384695357440,NCAA USA,2,464625836192952320,brooksy33,North Texas,owner
2023,921152384695357440,NCAA USA,3,599286882408394752,Botro,FAU,owner
2023,921152384695357440,NCAA USA,4,692542511834558464,GRIDIRONGANG81,South alabama,owner
2023,921152384695357440,NCAA USA,5,866509840124641280,JustTouchdown1221,Georgia State,owner
2023,921152384695357440,NCAA USA,6,560611777479667712,PatrickT21,Western Kentucky,owner
2023,921152384695357440,NCAA USA,7,651857322645241856,ridinroundinarover,Middle Tennessee St,owner
2023,921152384695357440,NCAA USA,8,605439246030925824,krichknowsbest,Arkansas State,owner
2023,921152384695357440,NCAA USA,9,787224085817044992,masshole4eva,Texas State,owner
2023,921152384695357440,NCAA USA,10,590358219562455040,Woolley69,FIU,owner
2023,921152384695357440,NCAA USA,11,460257215329071104,bshouseman,Louisiana,owner
2023,921152384695357440,NCAA USA,12,650627977721245696,BroncoZzz,Louisiana Monroe,owner
2023,921152417742311424,NCAA HISTORICALLY BLACK,1,471427194132885504,PhantomXX,North Carolina A&T,owner
2023,921152417742311424,NCAA HISTORICALLY BLACK,2,726970553457537024,IndyFantasyGod,Alabama A&M,owner
2023,921152417742311424,NCAA HISTORICALLY BLACK,3,640052303377952768,lcummings,Delaware State ,owner
2023,921152417742311424,NCAA HISTORICALLY BLACK,4,471080793406435328,memphismaniac,Southern,owner
2023,921152417742311424,NCAA HISTORICALLY BLACK,5,519656908428791808,tpearson2222,Florida A & M,owner
2023,921152417742311424,NCAA HISTORICALLY BLACK,6,692168840821411840,DeanFalcon,Howard Bison,owner
2023,921152417742311424,NCAA HISTORICALLY BLACK,7,519728067978186752,StrikerS091,MVSU Delta Devils,owner
2023,921152417742311424,NCAA HISTORICALLY BLACK,8,467835045181124608,wblack2012,Alcorn State,owner
2023,921152417742311424,NCAA HISTORICALLY BLACK,9,445360519348482048,PHINIX,Bethune Cookman,owner
2023,921152417742311424,NCAA HISTORICALLY BLACK,10,694233255825719296,bb7661KING,Jackson State,owner
2023,921152417742311424,NCAA HISTORICALLY BLACK,11,327614483000217600,Jerryb83,Tuskegee,owner
2023,921152417742311424,NCAA HISTORICALLY BLACK,12,520088376557371392,scoobydaeaglemahomes,Grambling state ,owner
2023,921152450353090560,NCAA OHIO VALLEY,1,571753677428977664,Mistafyer,Belmont Bruins,owner
2023,921152450353090560,NCAA OHIO VALLEY,2,601198801197260800,LMarkiewicz04,ETSU Bucs,owner
2023,921152450353090560,NCAA OHIO VALLEY,3,468944645166985216,srcav,Kennesaw State Owls,owner
2023,921152450353090560,NCAA OHIO VALLEY,4,472879969664495616,ethansherwood22,Chattanooga,owner
2023,921152450353090560,NCAA OHIO VALLEY,5,474662041341128704,Dreev,Eastern Kentucky,owner
2023,921152450353090560,NCAA OHIO VALLEY,6,331558449374593024,leathershoe4,🏆 #6 Charleston S'thn,owner
2023,921152450353090560,NCAA OHIO VALLEY,7,635700695584043008,charlielol,#15 Delaware Blue Hens,owner
2023,921152450353090560,NCAA OHIO VALLEY,8,69768813763510272,ThongBonerstorm,Morehead,owner
2023,921152450353090560,NCAA OHIO VALLEY,9,347683464398749696,BobbyH95,JSU Gamecocks,owner
2023,921152450353090560,NCAA OHIO VALLEY,10,594242128851296256,kevinedge,Monmouth,owner
2023,921152450353090560,NCAA OHIO VALLEY,11,638193564806897664,Romantryert,North Alabama Lions,owner
2023,921152450353090560,NCAA OHIO VALLEY,12,300814106795974656,Firephool,NCCU Eagles ,owner
2023,921152489498468352,NCAA MOUNTAIN WEST,1,596835723861082112,RicochetRay,Hawaii,owner
2023,921152489498468352,NCAA MOUNTAIN WEST,2,463106510101147648,jmdorsey00,Boise State,owner
2023,921152489498468352,NCAA MOUNTAIN WEST,3,560626155833876480,HonoredMexican,Wyoming,owner
2023,921152489498468352,NCAA MOUNTAIN WEST,4,571767410708901888,Kyvend01,Air Force,owner
2023,921152489498468352,NCAA MOUNTAIN WEST,5,838238893672349696,SleazeMcNair,Utah State,owner
2023,921152489498468352,NCAA MOUNTAIN WEST,6,482448684026425344,Avery33,BYU,owner
2023,921152489498468352,NCAA MOUNTAIN WEST,7,467489585379667968,loganhall17,Idaho Vandals,owner
2023,921152489498468352,NCAA MOUNTAIN WEST,8,325726913966395392,bkoldham,Colorado State,owner
2023,921152489498468352,NCAA MOUNTAIN WEST,9,589001974318403584,Mrhawke19,New Mexico,owner
2023,921152489498468352,NCAA MOUNTAIN WEST,10,814354227357908992,Twistedmentat,Nevada,owner
2023,921152489498468352,NCAA MOUNTAIN WEST,11,702897403514159104,bdub3,UNLV,owner
2023,921152489498468352,NCAA MOUNTAIN WEST,12,444590065046253568,reedymang,San Diego State,owner
2024,1051228339672961024,NCAA BIG 10,1,340600026956906496,CanadaGoose0505, #17 Purdue,owner
2024,1051228339672961024,NCAA BIG 10,2,438178170542223360,EthanH,Nebraska Cornhuskers,owner
2024,1051228339672961024,NCAA BIG 10,3,456550391375458304,Clamonte,Northwestern Wildcats ,owner
2024,1051228339672961024,NCAA BIG 10,4,572115807636807680,BigTexas8,Michigan State Spartans,owner
2024,1051228339672961024,NCAA BIG 10,5,385118789936812032,AngeloCer,Penn State,owner
2024,1051228339672961024,NCAA BIG 10,6,460511267564548096,laxbro000,Wisconsin Badgers,owner
2024,1051228339672961024,NCAA BIG 10,7,460518714907815936,linkoftime1,20 - MN Golden Gophers,owner
2024,1051228339672961024,NCAA BIG 10,8,519694666546008064,eseromo760,Indiana ,owner
2024,1051228339672961024,NCAA BIG 10,9,559208653427675136,Klashified,Ohio State Buckeyes,owner
2024,1051228339672961024,NCAA BIG 10,10,459225788735025152,richardson98,Illinois Fighting Illini,owner
2024,1051228339672961024,NCAA BIG 10,11,471056290550902784,Schuflakka,IOWA HAWKEYES,owner
2024,1051228339672961024,NCAA BIG 10,12,443870183853912064,chrispychicken,Michigan Wolverines ,owner
2024,1051381233009295360,NCAA MOUNTAIN WEST,1,596835723861082112,RicochetRay,Hawaii,owner
2024,1051381233009295360,NCAA MOUNTAIN WEST,2,463106510101147648,jmdorsey00,Boise State,owner
2024,1051381233009295360,NCAA MOUNTAIN WEST,3,560626155833876480,HonoredMexican,Wyoming,owner
2024,1051381233009295360,NCAA MOUNTAIN WEST,4,571767410708901888,Kyvend01,Air Force,owner
2024,1051381233009295360,NCAA MOUNTAIN WEST,5,838238893672349696,SleazeMcNair,Utah State,owner
2024,1051381233009295360,NCAA MOUNTAIN WEST,6,837430327189295104,KlondikeBar,BYU,owner
2024,1051381233009295360,NCAA MOUNTAIN WEST,7,467489585379667968,loganhall17,Idaho Vandals,owner
2024,1051381233009295360,NCAA MOUNTAIN WEST,8,325726913966395392,bkoldham,Colorado State,owner
2024,1051381233009295360,NCAA MOUNTAIN WEST,9,589001974318403584,Mrhawke19,New Mexico,owner
2024,1051381233009295360,NCAA MOUNTAIN WEST,10,814354227357908992,Twistedmentat,Nevada,owner
2024,1051381233009295360,NCAA MOUNTAIN WEST,11,702897403514159104,bdub3,UNLV,owner
2024,1051381233009295360,NCAA MOUNTAIN WEST,12,734939566091436032,noahdaboa,San Diego St,owner
2024,1051381274868289536,NCAA OHIO VALLEY,1,571753677428977664,Mistafyer,Belmont Bruins,owner
2024,1051381274868289536,NCAA OHIO VALLEY,2,601198801197260800,LMarkiewicz04,ETSU Bucs,owner
2024,1051381274868289536,NCAA OHIO VALLEY,3,468944645166985216,srcav,Kennesaw State Owls,owner
2024,1051381274868289536,NCAA OHIO VALLEY,4,472879969664495616,ethansherwood22,Chattanooga,owner
2024,1051381274868289536,NCAA OHIO VALLEY,5,474662041341128704,Dreev,Eastern Kentucky,owner
2024,1051381274868289536,NCAA OHIO VALLEY,6,331558449374593024,leathershoe4,Charleston S'thn,owner
2024,1051381274868289536,NCAA OHIO VALLEY,7,635700695584043008,charlielol,#15 Delaware Blue Hens,owner
2024,1051381274868289536,NCAA OHIO VALLEY,8,69768813763510272,ThongBonerstorm,Morehead,owner
2024,1051381274868289536,NCAA OHIO VALLEY,9,347683464398749696,BobbyH95,JSU Gamecocks,owner
2024,1051381274868289536,NCAA OHIO VALLEY,10,594242128851296256,edgeofdefeat,Monmouth,owner
2024,1051381274868289536,NCAA OHIO VALLEY,11,638193564806897664,Romantryert,North Alabama Lions,owner
2024,1051381274868289536,NCAA OHIO VALLEY,12,300814106795974656,Firephool,NCCU Eagles ,owner
2024,1051381320515002368,NCAA HISTORICALLY BLACK,1,471427194132885504,PhantomXX,North Carolina A&T,owner
2024,1051381320515002368,NCAA HISTORICALLY BLACK,2,726970553457537024,IndyFantasyGod,Alabama A&M,owner
2024,1051381320515002368,NCAA HISTORICALLY BLACK,3,640052303377952768,lcummings,Delaware State ,owner
2024,1051381320515002368,NCAA HISTORICALLY BLACK,4,471080793406435328,memphismaniac,Southern,owner
2024,1051381320515002368,NCAA HISTORICALLY BLACK,5,519656908428791808,tpearson2222,Florida A & M,owner
2024,1051381320515002368,NCAA HISTORICALLY BLACK,6,692168840821411840,DeanFalcon,Howard Bison,owner
2024,1051381320515002368,NCAA HISTORICALLY BLACK,7,519728067978186752,StrikerS091,MVSU Delta Devils,owner
2024,1051381320515002368,NCAA HISTORICALLY BLACK,8,467835045181124608,wblack2012,Alcorn State,owner
2024,1051381320515002368,NCAA HISTORICALLY BLACK,9,,,,no owner
2024,1051381320515002368,NCAA HISTORICALLY BLACK,10,694233255825719296,bb7661KING,Jackson State,owner
2024,1051381320515002368,NCAA HISTORICALLY BLACK,11,327614483000217600,Jerryb83,Tuskegee,owner
2024,1051381320515002368,NCAA HISTORICALLY BLACK,12,520088376557371392,scoobydaeaglemahomes,Grambling state ,owner
2024,1051381357190053888,NCAA USA,1,389658700735868928,dh671,Troy,owner
2024,1051381357190053888,NCAA USA,2,464625836192952320,brooksy33,North Texas,owner
2024,1051381357190053888,NCAA USA,3,599286882408394752,Botro,FAU,owner
2024,1051381357190053888,NCAA USA,4,692542511834558464,GRIDIRONGANG81,South alabama,owner
2024,1051381357190053888,NCAA USA,5,866509840124641280,JustTouchdown1221,Georgia State,owner
2024,1051381357190053888,NCAA USA,6,560611777479667712,PatrickT21,Western Kentucky,owner
2024,1051381357190053888,NCAA USA,7,651857322645241856,ridinroundinarover,Middle Tennessee St,owner
2024,1051381357190053888,NCAA USA,8,605439246030925824,krichknowsbest,Arkansas State,owner
2024,1051381357190053888,NCAA USA,9,787224085817044992,masshole4eva,Texas State,owner
2024,1051381357190053888,NCAA USA,10,590358219562455040,Woolley69,FIU,owner
2024,1051381357190053888,NCAA USA,11,460257215329071104,bshouseman,Louisiana,owner
2024,1051381357190053888,NCAA USA,12,650627977721245696,BroncoZzz,Louisiana Monroe,owner
2024,1051381408469598208,NCAA IVY,1,470912510262767616,FlynnD,Brown,owner
2024,1051381408469598208,NCAA IVY,2,463212708402032640,Matthew12,Harvard,owner
2024,1051381408469598208,NCAA IVY,3,480124073456693248,Jrodr71,Bucknell,owner
2024,1051381408469598208,NCAA IVY,4,570803989783429120,alecgagnon2001,COLUMBIA,owner
2024,1051381408469598208,NCAA IVY,5,395321276102627328,ccassidy,Georgetown,owner
2024,1051381408469598208,NCAA IVY,6,1017588201080369152,TJWATTDPOY24,Lehigh,owner
2024,1051381408469598208,NCAA IVY,7,826571292240109568,KamaraMinute,Penn Quakers ,owner
2024,1051381408469598208,NCAA IVY,8,461688192555282432,PhilupMynuts,Colgate,owner
2024,1051381408469598208,NCAA IVY,9,82696315553071104,TheBear1973,Yale,owner
2024,1051381408469598208,NCAA IVY,10,1142198466060402688,BLACK93BOIZS,PRINCE(TON) of da SouF,owner
2024,1051381408469598208,NCAA IVY,11,460895027179024384,jtheadrick98,Dartmouth,owner
2024,1051381408469598208,NCAA IVY,12,464595147808567296,cobrapanther99,Cornell Big Red,owner
2024,1051381464723570688,NCAA WILD,1,457579310098673664,LanceBoneau,Montana,owner
2024,1051381464723570688,NCAA WILD,2,545391514915762176,Hart123,#26 James Madison,owner
2024,1051381464723570688,NCAA WILD,3,441392312380026880,4thdownTD,North Dakota state ,owner
2024,1051381464723570688,NCAA WILD,4,635935003657723904,matthewitz,Central Michigan,owner
2024,1051381464723570688,NCAA WILD,5,642578171354484736,FareedB,Wichita State,owner
2024,1051381464723570688,NCAA WILD,6,203496917160697856,ThomasHarris,Eastern Michigan,owner
2024,1051381464723570688,NCAA WILD,7,603460801289863168,lumosityfan,San Jose St,owner
2024,1051381464723570688,NCAA WILD,8,462714981117325312,mku1tra,Citadel,owner
2024,1051381464723570688,NCAA WILD,9,603083535368134656,MrBarryMcCockiner,Central Arkansas ,owner
2024,1051381464723570688,NCAA WILD,10,505166677990699008,olddominion2020,Old Dominion,owner
2024,1051381464723570688,NCAA WILD,11,434740393972592640,Squinto,South Dakota,owner
2024,1051381464723570688,NCAA WILD,12,448446449538035712,DBGiants,UNC,owner
2024,1051381505785810944,NCAA BIG SKY,1,456258200757334016,WillyP15,Rhode Island Rams 🐐,owner
2024,1051381505785810944,NCAA BIG SKY,2,439255136309604352,PapaCrowther,Villanova Wildcats,owner
2024,1051381505785810944,NCAA BIG SKY,3,449327253101211648,Beastchewy15,William&Mary ,owner
2024,1051381505785810944,NCAA BIG SKY,4,519439276311531520,Elestial,Eastern Washington Eagles,owner
2024,1051381505785810944,NCAA BIG SKY,5,465934519652839424,agrakush,StonyBrookSeawolves 🗿🏞️🌊🐺,owner
2024,1051381505785810944,NCAA BIG SKY,5,341759279231070208,clisrawl,,co
2024,1051381505785810944,NCAA BIG SKY,6,424793511431262208,Elwayluva7,Montana State,owner
2024,1051381505785810944,NCAA BIG SKY,7,78892531970359296,fballfreek80,Richmond 🏆,owner
2024,1051381505785810944,NCAA BIG SKY,8,437413803001376768,Vitus,Portland State,owner
2024,1051381505785810944,NCAA BIG SKY,9,448641292377780224,Pinky7373,Weber State,owner
2024,1051381505785810944,NCAA BIG SKY,10,334014945886748672,thejockytype,Northern Iowa,owner
2024,1051381505785810944,NCAA BIG SKY,11,604388962898866176,mgrant55,Maine,owner
2024,1051381505785810944,NCAA BIG SKY,12,519767126595325952,mssullivan2022,Youngstown State 💍,owner
2024,1051381539596021760,NCAA PIONEER,1,533363986486435840,MattJB87,#3 Wofford Terriers,owner
2024,1051381539596021760,NCAA PIONEER,2,468638573403303936,DownLoMoJo,Holy Cross Crusaders,owner
2024,1051381539596021760,NCAA PIONEER,3,459110344502013952,MyFingerPoints,Murray State,owner
2024,1051381539596021760,NCAA PIONEER,4,439351925129867264,Daphud,Butler,owner
2024,1051381539596021760,NCAA PIONEER,5,432164755709370368,EBurkhart,Tennessee State,owner
2024,1051381539596021760,NCAA PIONEER,6,455753261765357568,BDAVIS309,Southeast Missouri State,owner
2024,1051381539596021760,NCAA PIONEER,7,398884413687001088,Ortizz,Dayton Flyers,owner
2024,1051381539596021760,NCAA PIONEER,8,339931221767249920,CrownMeKing,Campbell Fightin Camels,owner
2024,1051381539596021760,NCAA PIONEER,9,602687087556231168,DictatorBerry,Austin Peay,owner
2024,1051381539596021760,NCAA PIONEER,10,315736569111650304,JMullen175,Furman,owner
2024,1051381539596021760,NCAA PIONEER,11,437042046633504768,TheDrapFather,#20 UT Martin Skyhawks,owner
2024,1051381539596021760,NCAA PIONEER,12,872594465284677632,UrMomsFavoriteCoach,Davidson Wildcat’s,owner
2024,1051381575037931520,NCAA SUN BELT,1,429733810611949568,Piglet10,University of Temple ,owner
2024,1051381575037931520,NCAA SUN BELT,2,873461886535036928,Tommybuckets000,Utep,owner
2024,1051381575037931520,NCAA SUN BELT,3,481957045667360768,Prestongee17,Tulane,owner
2024,1051381575037931520,NCAA SUN BELT,4,447283305738399744,lucchityler,Rice ,owner
2024,1051381575037931520,NCAA SUN BELT,5,546466738316963840,PackMan1212,Marshall,owner
2024,1051381575037931520,NCAA SUN BELT,6,465019661495300096,Raidersforte,Tulsa ,owner
2024,1051381575037931520,NCAA SUN BELT,7,547214728132608000,alphabeasttt,Georgia Southern,owner
2024,1051381575037931520,NCAA SUN BELT,8,441362521463451648,yoboihawks,Memphis,owner
2024,1051381575037931520,NCAA SUN BELT,9,380128482900062208,denvermanning,Southern Miss,owner
2024,1051381575037931520,NCAA SUN BELT,10,441330448283463680,Fr3shBC11,UAB Blazers,owner
2024,1051381575037931520,NCAA SUN BELT,11,,,,no owner
2024,1051381575037931520,NCAA SUN BELT,12,465297932204109824,utsa,UTSA,owner
2024,1051381610739847168,NCAA BIG EAST & CO.,1,1087519270663258112,sblau24,Rutgers,owner
2024,1051381610739847168,NCAA BIG EAST & CO.,2,1171256102760251392,hurlken,Maryland,owner
2024,1051381610739847168,NCAA BIG EAST & CO.,3,694934737214582784,JiggyK,SDSU,owner
2024,1051381610739847168,NCAA BIG EAST & CO.,4,456129190995947520,vinceA762,Pitt Panthers,owner
2024,1051381610739847168,NCAA BIG EAST & CO.,5,836025225756934144,ngregg38,UCONN,owner
2024,1051381610739847168,NCAA BIG EAST & CO.,6,443323427143544832,joonbug,Coastal Carolina,owner
2024,1051381610739847168,NCAA BIG EAST & CO.,7,456159345906806784,CodeKhaos,Syracuse Orange,owner
2024,1051381610739847168,NCAA BIG EAST & CO.,8,456167283761344512,Claser,Army Golden Shitters,owner
2024,1051381610739847168,NCAA BIG EAST & CO.,9,802480422482206720,JEANTY,UCF sucks dick,owner
2024,1051381610739847168,NCAA BIG EAST & CO.,10,525476420444688384,sleepnonmahomie,USF,owner
2024,1051381610739847168,NCAA BIG EAST & CO.,11,456182244336201728,Ianiners,Nay Vee,owner
2024,1051381610739847168,NCAA BIG EAST & CO.,12,64174089933570048,ryno,Notre Dame,owner
2024,1051381651198078976,NCAA SEC,1,441458152391569408,tedman546,Florida,owner
2024,1051381651198078976,NCAA SEC,2,508516852143693824,errand,‘23 NATTY CHAMP LSU,owner
2024,1051381651198078976,NCAA SEC,3,457957045534978048,ChadLowe,Tennessee,owner
2024,1051381651198078976,NCAA SEC,4,446524535810813952,ahhchainsaw,Auburn,owner
2024,1051381651198078976,NCAA SEC,4,446530486903238656,BigSexy3422,,co
2024,1051381651198078976,NCAA SEC,5,562032371824951296,ryank45,Ole Miss,owner
2024,1051381651198078976,NCAA SEC,5,546856536723197952,sKenns,,co
2024,1051381651198078976,NCAA SEC,6,510556455562792960,thatmansanti,MSU ,owner
2024,1051381651198078976,NCAA SEC,7,461680102409760768,kodakjack,Georgia Bulldogs,owner
2024,1051381651198078976,NCAA SEC,8,634614368377589760,MENDl,Kentucky ,owner
2024,1051381651198078976,NCAA SEC,9,1113534815812308992,booogzz,Vandy,owner
2024,1051381651198078976,NCAA SEC,10,510483000784015360,Christian4,South Carolina Gamecocks,owner
2024,1051381651198078976,NCAA SEC,11,560284880620699648,devbovino,Alabama ,owner
2024,1051381651198078976,NCAA SEC,12,445468333035220992,JosephMarin07,Arkansas #1,owner
2024,1051381689932468224,NCAA BIG 12,1,446530486903238656,BigSexy3422,Texas Tech ,owner
2024,1051381689932468224,NCAA BIG 12,2,667752373111824384,trev7293,Iowa State,owner
2024,1051381689932468224,NCAA BIG 12,3,533541056352481280,DavidJimm,Missouri Tigers,owner
2024,1051381689932468224,NCAA BIG 12,4,425362114291437568,deadheadshane,Texas A&M ,owner
2024,1051381689932468224,NCAA BIG 12,5,464117743042424832,robertlouis7,Baylor,owner
2024,1051381689932468224,NCAA BIG 12,6,335910160469880832,elianbruger,Texas,owner
2024,1051381689932468224,NCAA BIG 12,7,425386065373691904,Frankeen,Kansas State,owner
2024,1051381689932468224,NCAA BIG 12,8,543929284962770944,alicho,West Virginia,owner
2024,1051381689932468224,NCAA BIG 12,9,453711063846744064,rchau56,Oklahoma,owner
2024,1051381689932468224,NCAA BIG 12,10,989926421084557312,FalconsRULE7,Kansas,owner
2024,1051381689932468224,NCAA BIG 12,11,619190004979138560,CousinMose15,TCU Horned Frogs,owner
2024,1051381689932468224,NCAA BIG 12,12,820771678849171456,Gangly22,OSU Cowboys,owner
2024,1051381725097500672,NCAA ACC,1,571754879825395712,ChrisW21,Virginia,owner
2024,1051381725097500672,NCAA ACC,2,568115266901286912,MattyBent,North Carolina,owner
2024,1051381725097500672,NCAA ACC,3,1051650955357368320,BillyMicMac,,owner
2024,1051381725097500672,NCAA ACC,4,455836851501002752,landonh12,Virginia Tech😁,owner
2024,1051381725097500672,NCAA ACC,5,468618720470626304,Yarby,Florida State,owner
2024,1051381725097500672,NCAA ACC,6,463453800313647104,WhiskyScientist,Wake Forest,owner
2024,1051381725097500672,NCAA ACC,7,453658285061435392,fatalbeast,Duke,owner
2024,1051381725097500672,NCAA ACC,8,456168604006608896,eperedetto,Boston College,owner
2024,1051381725097500672,NCAA ACC,9,668318967567323136,markandrewsisthegoat,Miami,owner
2024,1051381725097500672,NCAA ACC,10,713189676609003520,LetsGooooo365,NC State,owner
2024,1051381725097500672,NCAA ACC,11,458070829909929984,Campbell8,Louisville,owner
2024,1051381725097500672,NCAA ACC,12,302575527556825088,dilbennett,Clemson ,owner
2024,1051381777098473472,NCAA PAC 12,1,917575404431831040,nshox2,Arizona ,owner
2024,1051381777098473472,NCAA PAC 12,2,709857172258881536,KamaraGOAT41,USC,owner
2024,1051381777098473472,NCAA PAC 12,3,470320542868566016,Dunebuggy619,Oregon State,owner
2024,1051381777098473472,NCAA PAC 12,4,477666723663704064,chzhead412,Washington State,owner
2024,1051381777098473472,NCAA PAC 12,5,454372407956729856,laynemercer,Stanford,owner
2024,1051381777098473472,NCAA PAC 12,6,338823136923381760,samggannon,Washington,owner
2024,1051381777098473472,NCAA PAC 12,7,597246797479469056,wrightc214, Arizona State,owner
2024,1051381777098473472,NCAA PAC 12,8,460348260653985792,keppin,Colorado Buffaloes,owner
2024,1051381777098473472,NCAA PAC 12,9,519390092788297728,ScottyW13,Oregon Ducks 🦆,owner
2024,1051381777098473472,NCAA PAC 12,10,534619662650601472,ImagineWiigons,California Bears,owner
2024,1051381777098473472,NCAA PAC 12,11,76460245878456320,seniormeow,Utah,owner
2024,1051381777098473472,NCAA PAC 12,12,450806182555152384,lmerkouSaints,UCLA,owner
2025,1183984327853932544,NCAA BIG EAST & CO.,1,1087519270663258112,sblau24,Rutgers,owner
2025,1183984327853932544,NCAA BIG EAST & CO.,2,1171256102760251392,hurlken,Maryland,owner
2025,1183984327853932544,NCAA BIG EAST & CO.,3,718415247781732352,averagedude23,SDSU Jackrabbits,owner
2025,1183984327853932544,NCAA BIG EAST & CO.,4,456129190995947520,vinceA762,Pitt Panthers,owner
2025,1183984327853932544,NCAA BIG EAST & CO.,5,836025225756934144,GuhhhhReggggg38,UCONN,owner
2025,1183984327853932544,NCAA BIG EAST & CO.,6,443323427143544832,joonbug,Coastal Carolina,owner
2025,1183984327853932544,NCAA BIG EAST & CO.,7,456159345906806784,CodeKhaos,Syracuse Orange,owner
2025,1183984327853932544,NCAA BIG EAST & CO.,8,456167283761344512,Claser,Army Golden Shitters,owner
2025,1183984327853932544,NCAA BIG EAST & CO.,9,802480422482206720,JEANTY,UCF sucks dick,owner
2025,1183984327853932544,NCAA BIG EAST & CO.,10,,,,no owner
2025,1183984327853932544,NCAA BIG EAST & CO.,11,456182244336201728,Ianiners,Nay Vee,owner
2025,1183984327853932544,NCAA BIG EAST & CO.,12,64174089933570048,ryno,Notre Dame,owner
2025,1187162832969211904,NCAA BIG 10,1,465720627639087104,Mo00,Purdue,owner
2025,1187162832969211904,NCAA BIG 10,2,438178170542223360,EthanH,Nebraska Cornhuskers,owner
2025,1187162832969211904,NCAA BIG 10,3,437465313911500800,kfitch3p,Northwestern Wildcats ,owner
2025,1187162832969211904,NCAA BIG 10,4,572115807636807680,BigTexas8,Michigan State Spartans,owner
2025,1187162832969211904,NCAA BIG 10,5,385118789936812032,AngeloCer,Penn State,owner
2025,1187162832969211904,NCAA BIG 10,6,460511267564548096,laxbro000,Wisconsin Badgers,owner
2025,1187162832969211904,NCAA BIG 10,7,460518714907815936,linkoftime1,Minnesota  Golden Gophers,owner
2025,1187162832969211904,NCAA BIG 10,8,1224029555879055360,sirlukedude,Indiana Hoosiers,owner
2025,1187162832969211904,NCAA BIG 10,9,559208653427675136,Klashified,Ohio State Buckeyes,owner
2025,1187162832969211904,NCAA BIG 10,10,459225788735025152,richardson98,Illinois Fighting Illini,owner
2025,1187162832969211904,NCAA BIG 10,11,471056290550902784,Schuflakka,IOWA HAWKEYES,owner
2025,1187162832969211904,NCAA BIG 10,12,443870183853912064,chrispychicken,Michigan Wolverines ,owner
2025,1188461140190814208,NCAA SEC,1,441458152391569408,tedman546,Florida,owner
2025,1188461140190814208,NCAA SEC,2,508516852143693824,errand,‘23 NATTY CHAMP LSU,owner
2025,1188461140190814208,NCAA SEC,3,457957045534978048,ChadLowe,Tennessee,owner
2025,1188461140190814208,NCAA SEC,4,446524535810813952,ahhchainsaw,Auburn,owner
2025,1188461140190814208,NCAA SEC,4,446530486903238656,BigSexy3422,,co
2025,1188461140190814208,NCAA SEC,5,562032371824951296,ryank45,Ole Miss,owner
2025,1188461140190814208,NCAA SEC,5,546856536723197952,sKenns,,co
2025,1188461140190814208,NCAA SEC,6,510556455562792960,thatmansanti, MSU ,owner
2025,1188461140190814208,NCAA SEC,7,461680102409760768,kodakjack,Georgia Bulldogs,owner
2025,1188461140190814208,NCAA SEC,8,634614368377589760,MENDl,Kentucky ,owner
2025,1188461140190814208,NCAA SEC,9,1113534815812308992,booogzz,Vandy,owner
2025,1188461140190814208,NCAA SEC,10,738509609173684224,PigMinnow,South Carolina,owner
2025,1188461140190814208,NCAA SEC,11,560284880620699648,devbovino,Alabama ,owner
2025,1188461140190814208,NCAA SEC,12,445468333035220992,JosephMarin07,Arkansas #1,owner
2025,1192383038721757184,NCAA PAC 12,1,917575404431831040,nshox2,Arizona ,owner
2025,1192383038721757184,NCAA PAC 12,2,709857172258881536,KamaraGOAT41,USC,owner
2025,1192383038721757184,NCAA PAC 12,3,470320542868566016,Dunebuggy619,Oregon State,owner
2025,1192383038721757184,NCAA PAC 12,4,477666723663704064,chzhead412,Washington State,owner
2025,1192383038721757184,NCAA PAC 12,5,454372407956729856,laynemercer,Stanford,owner
2025,1192383038721757184,NCAA PAC 12,6,338823136923381760,samggannon,Washington,owner
2025,1192383038721757184,NCAA PAC 12,7,597246797479469056,wrightc214, Arizona State,owner
2025,1192383038721757184,NCAA PAC 12,8,460348260653985792,keppin,Colorado Buffaloes,owner
2025,1192383038721757184,NCAA PAC 12,9,519390092788297728,ScottyW13,Oregon Ducks 🦆,owner
2025,1192383038721757184,NCAA PAC 12,10,534619662650601472,ImagineWiigons,California Bears,owner
2025,1192383038721757184,NCAA PAC 12,11,76460245878456320,seniormeow,Utah,owner
2025,1192383038721757184,NCAA PAC 12,12,450806182555152384,lmerkouSaints,UCLA,owner
2025,1192383069776863232,NCAA ACC,1,571754879825395712,ChrisW21,Virginia,owner
2025,1192383069776863232,NCAA ACC,2,568115266901286912,MattyBent,North Carolina,owner
2025,1192383069776863232,NCAA ACC,3,870105403659309056,spendawg,Georgia Tech,owner
2025,1192383069776863232,NCAA ACC,4,455836851501002752,landonh12,Virginia Tech😁,owner
2025,1192383069776863232,NCAA ACC,5,468618720470626304,Yarby,Florida State,owner
2025,1192383069776863232,NCAA ACC,6,463453800313647104,WhiskyScientist,Wake Forest,owner
2025,1192383069776863232,NCAA ACC,7,453658285061435392,fatalbeast,Duke,owner
2025,1192383069776863232,NCAA ACC,8,456168604006608896,eperedetto,Boston College,owner
2025,1192383069776863232,NCAA ACC,9,668318967567323136,markandrewsisthegoat,Miami,owner
2025,1192383069776863232,NCAA ACC,10,713189676609003520,LetsGooooo365,NC State,owner
2025,1192383069776863232,NCAA ACC,11,458070829909929984,Campbell8,Louisville,owner
2025,1192383069776863232,NCAA ACC,12,302575527556825088,dilbennett,Clemson ,owner
2025,1192383107391332352,NCAA BIG 12,1,446530486903238656,BigSexy3422,Texas Tech ,owner
2025,1192383107391332352,NCAA BIG 12,2,667752373111824384,trev7293,Iowa State,owner
2025,1192383107391332352,NCAA BIG 12,3,533541056352481280,DavidJimm,Missouri Tigers,owner
2025,1192383107391332352,NCAA BIG 12,4,425362114291437568,deadheadshane,Texas A&M ,owner
2025,1192383107391332352,NCAA BIG 12,5,464117743042424832,robertlouis7,Baylor,owner
2025,1192383107391332352,NCAA BIG 12,6,335910160469880832,elianbruger,Texas,owner
2025,1192383107391332352,NCAA BIG 12,7,425386065373691904,Frankeen,Kansas State,owner
2025,1192383107391332352,NCAA BIG 12,8,543929284962770944,alicho,West Virginia,owner
2025,1192383107391332352,NCAA BIG 12,9,453711063846744064,rchau56,Oklahoma,owner
2025,1192383107391332352,NCAA BIG 12,10,989926421084557312,FalconsRULE7,Kansas,owner
2025,1192383107391332352,NCAA BIG 12,11,619190004979138560,CousinMose15,TCU Horned Frogs,owner
2025,1192383107391332352,NCAA BIG 12,12,820771678849171456,Gangly22,OSU Cowboys,owner
2025,1192383143762542592,NCAA SUN BELT,1,,,,no owner
2025,1192383143762542592,NCAA SUN BELT,2,873461886535036928,Tommybuckets000,Utep,owner
2025,1192383143762542592,NCAA SUN BELT,3,481957045667360768,Prestongee17,Tulane,owner
2025,1192383143762542592,NCAA SUN BELT,4,447283305738399744,lucchityler,Rice ,owner
2025,1192383143762542592,NCAA SUN BELT,5,546466738316963840,PackMan1212,Marshall,owner
2025,1192383143762542592,NCAA SUN BELT,6,465019661495300096,Raidersforte,Tulsa ,owner
2025,1192383143762542592,NCAA SUN BELT,7,547214728132608000,alphabeasttt,Georgia Southern,owner
2025,1192383143762542592,NCAA SUN BELT,8,441362521463451648,yoboihawks,Memphis,owner
2025,1192383143762542592,NCAA SUN BELT,9,380128482900062208,denvermanning,Southern Miss,owner
2025,1192383143762542592,NCAA SUN BELT,10,441330448283463680,Fr3shBC11,UAB Blazers,owner
2025,1192383143762542592,NCAA SUN BELT,11,1235453121577111552,Resolhjk,Louisiana tech ,owner
2025,1192383143762542592,NCAA SUN BELT,12,465297932204109824,utsa,UTSA,owner
2025,1192383184619986944,NCAA PIONEER,1,533363986486435840,MattJB87,Wofford Terriers,owner
2025,1192383184619986944,NCAA PIONEER,2,468638573403303936,DownLoMoJo,Holy Cross Crusaders,owner
2025,1192383184619986944,NCAA PIONEER,3,459110344502013952,MyFingerPoints,Murray State,owner
2025,1192383184619986944,NCAA PIONEER,4,439351925129867264,Daphud,Butler,owner
2025,1192383184619986944,NCAA PIONEER,5,432164755709370368,EBurkhart,Tennessee State,owner
2025,1192383184619986944,NCAA PIONEER,6,455753261765357568,BDAVIS309,Southeast Missouri State,owner
2025,1192383184619986944,NCAA PIONEER,7,398884413687001088,Ortizz,Dayton Flyers,owner
2025,1192383184619986944,NCAA PIONEER,8,339931221767249920,CrownMeKing,Campbell Fightin Camels,owner
2025,1192383184619986944,NCAA PIONEER,9,602687087556231168,DictatorBerry,Austin Peay,owner
2025,1192383184619986944,NCAA PIONEER,10,315736569111650304,JMullen175,Furman,owner
2025,1192383184619986944,NCAA PIONEER,11,325873712534421504,FatPat1251,Georgetown,owner
2025,1192383184619986944,NCAA PIONEER,12,872594465284677632,UrMomsFavoriteCoach,Davidson Wildcat’s,owner
2025,1197683509209083904,NCAA BIG SKY,1,456258200757334016,WillyP15,Rhode Island Rams 🐐,owner
2025,1197683509209083904,NCAA BIG SKY,2,439255136309604352,PapaCrowther,Villanova Wildcats,owner
2025,1197683509209083904,NCAA BIG SKY,3,449327253101211648,Beastchewy15,William&Mary ,owner
2025,1197683509209083904,NCAA BIG SKY,4,519439276311531520,Elestial,Eastern Washington Eagles,owner
2025,1197683509209083904,NCAA BIG SKY,5,465934519652839424,agrakush,StonyBrookSeawolves 🗿🏞️🌊🐺,owner
2025,1197683509209083904,NCAA BIG SKY,5,341759279231070208,clisrawl,,co
2025,1197683509209083904,NCAA BIG SKY,6,424793511431262208,Elwayluva7,Montana State,owner
2025,1197683509209083904,NCAA BIG SKY,7,78892531970359296,fballfreek80,Richmond 🏆🏆,owner
2025,1197683509209083904,NCAA BIG SKY,8,437413803001376768,Vitus,Portland State,owner
2025,1197683509209083904,NCAA BIG SKY,9,448641292377780224,Pinky7373,Weber State,owner
2025,1197683509209083904,NCAA BIG SKY,10,334014945886748672,thejockytype,Northern Iowa,owner
2025,1197683509209083904,NCAA BIG SKY,11,604388962898866176,mgrant55,Maine,owner
2025,1197683509209083904,NCAA BIG SKY,12,519767126595325952,mssullivan2022,Youngstown State 💍,owner
2025,1197683625282244608,NCAA WILD,1,457579310098673664,LanceBoneau,Montana,owner
2025,1197683625282244608,NCAA WILD,2,545391514915762176,Hart123,#26 James Madison,owner
2025,1197683625282244608,NCAA WILD,3,441392312380026880,4thdownTD,North Dakota state ,owner
2025,1197683625282244608,NCAA WILD,4,635935003657723904,matthewitz,Central Michigan,owner
2025,1197683625282244608,NCAA WILD,5,642578171354484736,FareedB,Wichita State,owner
2025,1197683625282244608,NCAA WILD,6,203496917160697856,ThomasHarris,Eastern Michigan,owner
2025,1197683625282244608,NCAA WILD,7,1213324396148572161,mrflack,San Jose St,owner
2025,1197683625282244608,NCAA WILD,8,462714981117325312,mku1tra,Citadel,owner
2025,1197683625282244608,NCAA WILD,9,603083535368134656,MrBarryMcCockiner,Central Arkansas ,owner
2025,1197683625282244608,NCAA WILD,10,505166677990699008,olddominion2020,Old Dominion,owner
2025,1197683625282244608,NCAA WILD,11,434740393972592640,Squinto,South Dakota,owner
2025,1197683625282244608,NCAA WILD,12,448446449538035712,DBGiants,UNC,owner
2025,1197683676763148288,NCAA IVY,1,470912510262767616,FlynnD,Brown,owner
2025,1197683676763148288,NCAA IVY,2,463212708402032640,Matthew12,Harvard,owner
2025,1197683676763148288,NCAA IVY,3,480124073456693248,Jrodr71,Bucknell,owner
2025,1197683676763148288,NCAA IVY,4,570803989783429120,alecgagnon2001,COLUMBIA,owner
2025,1197683676763148288,NCAA IVY,5,395321276102627328,ccassidy,Georgetown,owner
2025,1197683676763148288,NCAA IVY,6,1017588201080369152,TJWATTDPOY25,Lehigh,owner
2025,1197683676763148288,NCAA IVY,7,1135784589957652480,Hambnr,Penn,owner
2025,1197683676763148288,NCAA IVY,8,461688192555282432,PhilupMynuts,Colgate,owner
2025,1197683676763148288,NCAA IVY,9,82696315553071104,TheBear1973,Yale,owner
2025,1197683676763148288,NCAA IVY,10,1142198466060402688,BLACK93BOIZS,PRINCE(TON) of da SouF,owner
2025,1197683676763148288,NCAA IVY,11,460895027179024384,jtheadrick98,Dartmouth,owner
2025,1197683676763148288,NCAA IVY,12,464595147808567296,cobrapanther99,Cornell Big Red,owner
2025,1197683737584746496,NCAA USA,1,389658700735868928,dh671,Troy,owner
2025,1197683737584746496,NCAA USA,2,464625836192952320,brooksy33,North Texas,owner
2025,1197683737584746496,NCAA USA,3,599286882408394752,Botro,FAU,owner
2025,1197683737584746496,NCAA USA,4,692542511834558464,GRIDIRONGANG81,South alabama,owner
2025,1197683737584746496,NCAA USA,5,866509840124641280,JustTouchdown1221,Georgia State,owner
2025,1197683737584746496,NCAA USA,6,560611777479667712,PatrickT21,Western Kentucky,owner
2025,1197683737584746496,NCAA USA,7,81535409754357760,arandrea,MTSU,owner
2025,1197683737584746496,NCAA USA,8,605439246030925824,krichknowsbest,Arkansas State,owner
2025,1197683737584746496,NCAA USA,9,787224085817044992,masshole4eva,Texas State,owner
2025,1197683737584746496,NCAA USA,10,590358219562455040,Woolley69,FIU,owner
2025,1197683737584746496,NCAA USA,11,460257215329071104,bshouseman,Louisiana,owner
2025,1197683737584746496,NCAA USA,12,650627977721245696,BroncoZzz,Louisiana Monroe,owner
2025,1197683812742483968,NCAA HISTORICALLY BLACK,1,471427194132885504,PhantomXX,North Carolina A&T,owner
2025,1197683812742483968,NCAA HISTORICALLY BLACK,2,726970553457537024,IndyFantasyGod,Alabama A&M,owner
2025,1197683812742483968,NCAA HISTORICALLY BLACK,3,640052303377952768,lcummings,Delaware State ,owner
2025,1197683812742483968,NCAA HISTORICALLY BLACK,4,471080793406435328,memphismaniac,Southern,owner
2025,1197683812742483968,NCAA HISTORICALLY BLACK,5,1072700435921838080,DaMagic436,Florida A&M,owner
2025,1197683812742483968,NCAA HISTORICALLY BLACK,6,692168840821411840,DeanFalcon,Howard Bison,owner
2025,1197683812742483968,NCAA HISTORICALLY BLACK,7,519728067978186752,StrikerS091,MVSU Delta Devils,owner
2025,1197683812742483968,NCAA HISTORICALLY BLACK,8,467835045181124608,wblack2012,Alcorn State,owner
2025,1197683812742483968,NCAA HISTORICALLY BLACK,9,1260322259726249984,Pookieboom,Pookieboom,owner
2025,1197683812742483968,NCAA HISTORICALLY BLACK,10,694233255825719296,bb7661KING,Jackson State,owner
2025,1197683812742483968,NCAA HISTORICALLY BLACK,11,327614483000217600,Jerryb83,Tuskegee,owner
2025,1197683812742483968,NCAA HISTORICALLY BLACK,12,520088376557371392,scoobydaeaglemahomes,Grambling state ,owner
2025,1197683891784134656,NCAA MOUNTAIN WEST,1,596835723861082112,RicochetRay,Hawaii,owner
2025,1197683891784134656,NCAA MOUNTAIN WEST,2,463106510101147648,jmdorsey00,Boise State,owner
2025,1197683891784134656,NCAA MOUNTAIN WEST,3,560626155833876480,HonoredMexican,Wyoming,owner
2025,1197683891784134656,NCAA MOUNTAIN WEST,4,571767410708901888,Kyvend01,Air Force,owner
2025,1197683891784134656,NCAA MOUNTAIN WEST,5,405986781335408640,RyGuy95,San Jose State,owner
2025,1197683891784134656,NCAA MOUNTAIN WEST,6,837430327189295104,KlondikeBar,BYU,owner
2025,1197683891784134656,NCAA MOUNTAIN WEST,7,604155835978944512,Vikes1819,Fresno St.,owner
2025,1197683891784134656,NCAA MOUNTAIN WEST,8,325726913966395392,bkoldham,Colorado State,owner
2025,1197683891784134656,NCAA MOUNTAIN WEST,9,589001974318403584,Mrhawke19,New Mexico,owner
2025,1197683891784134656,NCAA MOUNTAIN WEST,10,814354227357908992,Twistedmentat,Nevada,owner
2025,1197683891784134656,NCAA MOUNTAIN WEST,11,702897403514159104,bdub3,UNLV,owner
2025,1197683891784134656,NCAA MOUNTAIN WEST,12,734939566091436032,noahdaboa,San Diego St,owner
2025,1197684159036805120,NCAA OHIO VALLEY,1,571753677428977664,Mistafyer,Belmont Bruins,owner
2025,1197684159036805120,NCAA OHIO VALLEY,2,601198801197260800,LMarkiewicz04,ETSU Bucs,owner
2025,1197684159036805120,NCAA OHIO VALLEY,3,468944645166985216,srcav,Kennesaw State Owls,owner
2025,1197684159036805120,NCAA OHIO VALLEY,4,472879969664495616,ethansherwood22,Chattanooga,owner
2025,1197684159036805120,NCAA OHIO VALLEY,5,474662041341128704,Dreev,Eastern Kentucky,owner
2025,1197684159036805120,NCAA OHIO VALLEY,6,331558449374593024,leathershoe4,Charleston S'thn,owner
2025,1197684159036805120,NCAA OHIO VALLEY,7,635700695584043008,charlielol,#15 Delaware Blue Hens,owner
2025,1197684159036805120,NCAA OHIO VALLEY,8,426756284365160448,mooremc,Morehead State,owner
2025,1197684159036805120,NCAA OHIO VALLEY,9,,,,no owner
2025,1197684159036805120,NCAA OHIO VALLEY,10,594242128851296256,edgeofdefeat,Monmouth,owner
2025,1197684159036805120,NCAA OHIO VALLEY,11,638193564806897664,Romantryert,North Alabama Lions,owner
2025,1197684159036805120,NCAA OHIO VALLEY,12,300814106795974656,Firephool,NCCU Eagles ,owner
2026,1316899756005412864,NCAA BIG SKY,1,456258200757334016,WillyP15,Rhode Island Rams 🐐,owner
2026,1316899756005412864,NCAA BIG SKY,2,439255136309604352,PapaCrowther,Villanova Wildcats,owner
2026,1316899756005412864,NCAA BIG SKY,3,449327253101211648,Beastchewy15,William&Mary ,owner
2026,1316899756005412864,NCAA BIG SKY,4,519439276311531520,Elestial,Eastern Washington Eagles,owner
2026,1316899756005412864,NCAA BIG SKY,5,465934519652839424,agrakush,StonyBrookSeawolves 🗿🏞️🌊🐺,owner
2026,1316899756005412864,NCAA BIG SKY,5,341759279231070208,clisrawl,,co
2026,1316899756005412864,NCAA BIG SKY,6,424793511431262208,Elwayluva7,Montana State,owner
2026,1316899756005412864,NCAA BIG SKY,7,78892531970359296,fballfreek80,Richmond 🏆🏆,owner
2026,1316899756005412864,NCAA BIG SKY,8,437413803001376768,Vitus,Portland State,owner
2026,1316899756005412864,NCAA BIG SKY,9,448641292377780224,Pinky7373,Weber State,owner
2026,1316899756005412864,NCAA BIG SKY,10,334014945886748672,thejockytype,Northern Iowa,owner
2026,1316899756005412864,NCAA BIG SKY,11,604388962898866176,mgrant55,Maine,owner
2026,1316899756005412864,NCAA BIG SKY,12,519767126595325952,mssullivan2022,Youngstown State 💍,owner
2026,1316899936696016896,NCAA BIG 10,1,465720627639087104,Mo00,Purdue,owner
2026,1316899936696016896,NCAA BIG 10,2,438178170542223360,EthanH,Nebraska Cornhuskers,owner
2026,1316899936696016896,NCAA BIG 10,3,437465313911500800,kfitch3p,Northwestern Wildcats ,owner
2026,1316899936696016896,NCAA BIG 10,4,1354967293209083904,EndZoneAllDay1,Michigan state,owner
2026,1316899936696016896,NCAA BIG 10,5,856759599565475840,Justahippo,Penn State,owner
2026,1316899936696016896,NCAA BIG 10,6,460511267564548096,laxbro000,Wisconsin Badgers,owner
2026,1316899936696016896,NCAA BIG 10,7,460518714907815936,linkoftime1,Minnesota  Golden Gophers,owner
2026,1316899936696016896,NCAA BIG 10,8,998438693570539520,ChAiNSmOkErTk,,owner
2026,1316899936696016896,NCAA BIG 10,9,559208653427675136,Klashified,Ohio State Buckeyes,owner
2026,1316899936696016896,NCAA BIG 10,10,459225788735025152,richardson98,Illinois Fighting Illini,owner
2026,1316899936696016896,NCAA BIG 10,11,471056290550902784,Schuflakka,IOWA HAWKEYES,owner
2026,1316899936696016896,NCAA BIG 10,12,443870183853912064,chrispychicken,Michigan Wolverines ,owner
2026,1331774454493122560,NCAA WILD,1,457579310098673664,LanceBoneau,Montana,owner
2026,1331774454493122560,NCAA WILD,2,545391514915762176,Hart123,#26 James Madison,owner
2026,1331774454493122560,NCAA WILD,3,441392312380026880,4thdownTD,North Dakota state ,owner
2026,1331774454493122560,NCAA WILD,4,635935003657723904,matthewitz,Central Michigan,owner
2026,1331774454493122560,NCAA WILD,5,642578171354484736,FareedB,Wichita State,owner
2026,1331774454493122560,NCAA WILD,6,203496917160697856,ThomasHarris,Eastern Michigan,owner
2026,1331774454493122560,NCAA WILD,7,1213324396148572161,mrflack,San Jose St,owner
2026,1331774454493122560,NCAA WILD,8,462714981117325312,lmkl,Citadel,owner
2026,1331774454493122560,NCAA WILD,9,603083535368134656,MrBarryMcCockiner,Central Arkansas ,owner
2026,1331774454493122560,NCAA WILD,10,505166677990699008,olddominion2020,Old Dominion,owner
2026,1331774454493122560,NCAA WILD,11,1228783119826423808,TheScorer,South Dakota,owner
2026,1331774454493122560,NCAA WILD,12,448446449538035712,DBGiants,UNC,owner
2026,1331774544905510912,NCAA OHIO VALLEY,1,571753677428977664,Mistafyer,Belmont Bruins,owner
2026,1331774544905510912,NCAA OHIO VALLEY,2,601198801197260800,LMarkiewicz04,ETSU Bucs,owner
2026,1331774544905510912,NCAA OHIO VALLEY,3,468944645166985216,srcav,Kennesaw State Owls,owner
2026,1331774544905510912,NCAA OHIO VALLEY,4,472879969664495616,ethansherwood22,Chattanooga,owner
2026,1331774544905510912,NCAA OHIO VALLEY,5,474662041341128704,Dreev,Eastern Kentucky,owner
2026,1331774544905510912,NCAA OHIO VALLEY,6,331558449374593024,leathershoe4,Charleston S'thn,owner
2026,1331774544905510912,NCAA OHIO VALLEY,7,635700695584043008,charlielol,#15 Delaware Blue Hens,owner
2026,1331774544905510912,NCAA OHIO VALLEY,8,426756284365160448,mooremc,Morehead State,owner
2026,1331774544905510912,NCAA OHIO VALLEY,9,997659278062272512,pontes021,Jax State,owner
2026,1331774544905510912,NCAA OHIO VALLEY,10,594242128851296256,edgeofdefeat,Monmouth,owner
2026,1331774544905510912,NCAA OHIO VALLEY,11,638193564806897664,Romantryert,North Alabama Lions,owner
2026,1331774544905510912,NCAA OHIO VALLEY,12,300814106795974656,Firephool,NCCU Eagles ,owner
2026,1331774599196585984,NCAA MOUNTAIN WEST,1,596835723861082112,RicochetRay,Hawaii,owner
2026,1331774599196585984,NCAA MOUNTAIN WEST,2,463106510101147648,jmdorsey00,Boise State,owner
2026,1331774599196585984,NCAA MOUNTAIN WEST,3,560626155833876480,HonoredMexican,Wyoming,owner
2026,1331774599196585984,NCAA MOUNTAIN WEST,4,1132868015638532096,Biggunnz21,,owner
2026,1331774599196585984,NCAA MOUNTAIN WEST,5,1124191785678430208,Pipedawg21,NIU,owner
2026,1331774599196585984,NCAA MOUNTAIN WEST,6,837430327189295104,KlondikeBar,BYU,owner
2026,1331774599196585984,NCAA MOUNTAIN WEST,7,604155835978944512,Vikes1819,Fresno St.,owner
2026,1331774599196585984,NCAA MOUNTAIN WEST,8,325726913966395392,bkoldham,Colorado State,owner
2026,1331774599196585984,NCAA MOUNTAIN WEST,9,589001974318403584,Mrhawke19,New Mexico,owner
2026,1331774599196585984,NCAA MOUNTAIN WEST,10,1374560757252890624,postdeezy,,owner
2026,1331774599196585984,NCAA MOUNTAIN WEST,11,702897403514159104,bdub3,UNLV,owner
2026,1331774599196585984,NCAA MOUNTAIN WEST,12,734939566091436032,noahdaboa,San Diego St,owner
2026,1331774630620332032,NCAA HISTORICALLY BLACK,1,471427194132885504,PhantomXX,North Carolina A&T,owner
2026,1331774630620332032,NCAA HISTORICALLY BLACK,2,1240179381624655872,B41Pakman,Alabama A&M,owner
2026,1331774630620332032,NCAA HISTORICALLY BLACK,3,640052303377952768,lcummings,Delaware State ,owner
2026,1331774630620332032,NCAA HISTORICALLY BLACK,4,471080793406435328,memphismaniac,Southern,owner
2026,1331774630620332032,NCAA HISTORICALLY BLACK,5,1072700435921838080,DaMagic436,Florida A&M,owner
2026,1331774630620332032,NCAA HISTORICALLY BLACK,6,692168840821411840,DeanFalcon,Howard Bison,owner
2026,1331774630620332032,NCAA HISTORICALLY BLACK,7,519728067978186752,StrikerS091,MVSU Delta Devils,owner
2026,1331774630620332032,NCAA HISTORICALLY BLACK,8,467835045181124608,wblack2012,Alcorn State,owner
2026,1331774630620332032,NCAA HISTORICALLY BLACK,9,1260322259726249984,Pookieboom,Pookieboom,owner
2026,1331774630620332032,NCAA HISTORICALLY BLACK,10,694233255825719296,bb7661KING,Jackson State,owner
2026,1331774630620332032,NCAA HISTORICALLY BLACK,11,327614483000217600,Jerryb83,Tuskegee,owner
2026,1331774630620332032,NCAA HISTORICALLY BLACK,12,520088376557371392,scoobydaeaglemahomes,Grambling state ,owner
2026,1331774695346823168,NCAA USA,1,389658700735868928,dh671,Troy,owner
2026,1331774695346823168,NCAA USA,2,,,,no owner
2026,1331774695346823168,NCAA USA,3,599286882408394752,Botro,FAU,owner
2026,1331774695346823168,NCAA USA,4,692542511834558464,GRIDIRONGANG81,South alabama,owner
2026,1331774695346823168,NCAA USA,5,866509840124641280,JustTouchdown1221,Georgia State,owner
2026,1331774695346823168,NCAA USA,6,560611777479667712,PatrickT21,Western Kentucky,owner
2026,1331774695346823168,NCAA USA,7,81535409754357760,arandrea,MTSU,owner
2026,1331774695346823168,NCAA USA,8,605439246030925824,krichknowsbest,Arkansas State,owner
2026,1331774695346823168,NCAA USA,9,787224085817044992,masshole4eva,Texas State,owner
2026,1331774695346823168,NCAA USA,10,590358219562455040,Woolley69,FIU,owner
2026,1331774695346823168,NCAA USA,11,460257215329071104,bshouseman,Louisiana,owner
2026,1331774695346823168,NCAA USA,12,650627977721245696,BroncoZzz,Louisiana Monroe,owner
2026,1331774741488369664,NCAA IVY,1,470912510262767616,FlynnD,Brown,owner
2026,1331774741488369664,NCAA IVY,2,730628287012921344,KennethNZ,Harvard,owner
2026,1331774741488369664,NCAA IVY,3,480124073456693248,Jrodr71,Bucknell,owner
2026,1331774741488369664,NCAA IVY,4,570803989783429120,alecgagnon2001,COLUMBIA,owner
2026,1331774741488369664,NCAA IVY,5,395321276102627328,ccassidy,Georgetown,owner
2026,1331774741488369664,NCAA IVY,6,1017588201080369152,Iloveyyounghoes,Lehigh,owner
2026,1331774741488369664,NCAA IVY,7,1135784589957652480,Hambnr,Penn,owner
2026,1331774741488369664,NCAA IVY,8,461688192555282432,PhilupMynuts,Colgate,owner
2026,1331774741488369664,NCAA IVY,9,1402806331622043648,BrynJ9618,Yale,owner
2026,1331774741488369664,NCAA IVY,10,1142198466060402688,BLACK93BOIZS,PRINCE(TON) of da SouF,owner
2026,1331774741488369664,NCAA IVY,11,460895027179024384,jtheadrick98,Dartmouth,owner
2026,1331774741488369664,NCAA IVY,12,464595147808567296,cobrapanther99,Cornell Big Red,owner
2026,1331774804222545920,NCAA PIONEER,1,993737529142693888,doseofthestars,,owner
2026,1331774804222545920,NCAA PIONEER,2,468638573403303936,DownLoMoJo,Holy Cross Crusaders,owner
2026,1331774804222545920,NCAA PIONEER,3,459110344502013952,MyFingerPoints,Murray State,owner
2026,1331774804222545920,NCAA PIONEER,4,439351925129867264,Daphud,Butler,owner
2026,1331774804222545920,NCAA PIONEER,5,432164755709370368,EBurkhart,Tennessee State,owner
2026,1331774804222545920,NCAA PIONEER,6,455753261765357568,BDAVIS309,Southeast Missouri State,owner
2026,1331774804222545920,NCAA PIONEER,7,398884413687001088,Ortizz,Dayton Flyers,owner
2026,1331774804222545920,NCAA PIONEER,8,339931221767249920,CrownMeKing,Campbell Fightin Camels,owner
2026,1331774804222545920,NCAA PIONEER,9,602687087556231168,DictatorBerry,Austin Peay,owner
2026,1331774804222545920,NCAA PIONEER,10,315736569111650304,JMullen175,Furman,owner
2026,1331774804222545920,NCAA PIONEER,11,325873712534421504,FatPat1251,Georgetown,owner
2026,1331774804222545920,NCAA PIONEER,12,739984250304135168,YikesOnBikes,,owner
2026,1331774846710849536,NCAA SUN BELT,1,751973682779508736,bruceble,Temple 🦉,owner
2026,1331774846710849536,NCAA SUN BELT,2,873461886535036928,Tommybuckets000,Utep,owner
2026,1331774846710849536,NCAA SUN BELT,3,739765296801390592,claym89,Tulane,owner
2026,1331774846710849536,NCAA SUN BELT,4,447283305738399744,lucchityler,Rice ,owner
2026,1331774846710849536,NCAA SUN BELT,5,546466738316963840,PackMan1212,Marshall,owner
2026,1331774846710849536,NCAA SUN BELT,6,465019661495300096,Raidersforte,Tulsa ,owner
2026,1331774846710849536,NCAA SUN BELT,7,547214728132608000,alphabeasttt,Georgia Southern,owner
2026,1331774846710849536,NCAA SUN BELT,8,441362521463451648,yoboihawks,Memphis,owner
2026,1331774846710849536,NCAA SUN BELT,9,380128482900062208,denvermanning,Southern Miss,owner
2026,1331774846710849536,NCAA SUN BELT,10,441330448283463680,Fr3shBC11,UAB Blazers,owner
2026,1331774846710849536,NCAA SUN BELT,11,1235453121577111552,Resolhjk,Louisiana tech ,owner
2026,1331774846710849536,NCAA SUN BELT,12,465297932204109824,utsa,UTSA,owner
2026,1331774880181399552,NCAA BIG 12,1,,,,no owner
2026,1331774880181399552,NCAA BIG 12,2,667752373111824384,trev7293,Iowa State,owner
2026,1331774880181399552,NCAA BIG 12,3,533541056352481280,DavidJimm,Missouri Tigers,owner
2026,1331774880181399552,NCAA BIG 12,4,425362114291437568,deadheadshane,Texas A&M ,owner
2026,1331774880181399552,NCAA BIG 12,5,464117743042424832,robertlouis7,Baylor,owner
2026,1331774880181399552,NCAA BIG 12,6,335910160469880832,elianbruger,Texas,owner
2026,1331774880181399552,NCAA BIG 12,7,425386065373691904,Frankeen,Kansas State,owner
2026,1331774880181399552,NCAA BIG 12,8,543929284962770944,alicho,West Virginia,owner
2026,1331774880181399552,NCAA BIG 12,9,453711063846744064,rchau56,Oklahoma,owner
2026,1331774880181399552,NCAA BIG 12,10,989926421084557312,FalconsRULE7,Kansas,owner
2026,1331774880181399552,NCAA BIG 12,11,619190004979138560,CousinMose15,TCU Horned Frogs,owner
2026,1331774880181399552,NCAA BIG 12,12,820771678849171456,Gangly22,OSU Cowboys,owner
2026,1331774915392577536,NCAA ACC,1,571754879825395712,ChrisW21,Virginia,owner
2026,1331774915392577536,NCAA ACC,2,568115266901286912,MattyBent,North Carolina,owner
2026,1331774915392577536,NCAA ACC,3,870105403659309056,spendawg,Georgia Tech,owner
2026,1331774915392577536,NCAA ACC,4,455836851501002752,landonh12,Virginia Tech😁,owner
2026,1331774915392577536,NCAA ACC,5,468618720470626304,Yarby,Florida State,owner
2026,1331774915392577536,NCAA ACC,6,463453800313647104,WhiskyScientist,Wake Forest,owner
2026,1331774915392577536,NCAA ACC,7,453658285061435392,fatalbeast,Duke,owner
2026,1331774915392577536,NCAA ACC,8,456168604006608896,eperedetto,Boston College,owner
2026,1331774915392577536,NCAA ACC,9,668318967567323136,markandrewsisthegoat,Miami,owner
2026,1331774915392577536,NCAA ACC,10,1357479935924510720,EerieHush,Tulane,owner
2026,1331774915392577536,NCAA ACC,11,458070829909929984,Campbell8,Louisville,owner
2026,1331774915392577536,NCAA ACC,12,302575527556825088,dilbennett,Clemson ,owner
2026,1331775106527006720,NCAA PAC 12,1,917575404431831040,nshox2,Arizona ,owner
2026,1331775106527006720,NCAA PAC 12,2,709857172258881536,KamaraGOAT41,USC,owner
2026,1331775106527006720,NCAA PAC 12,3,470320542868566016,Dunebuggy619,Oregon State,owner
2026,1331775106527006720,NCAA PAC 12,4,477666723663704064,chzhead412,Washington State,owner
2026,1331775106527006720,NCAA PAC 12,5,454372407956729856,laynemercer,Stanford,owner
2026,1331775106527006720,NCAA PAC 12,6,338823136923381760,samggannon,Washington,owner
2026,1331775106527006720,NCAA PAC 12,7,597246797479469056,wrightc214, Arizona State,owner
2026,1331775106527006720,NCAA PAC 12,8,460348260653985792,keppin,#11 Colorado Buffaloes,owner
2026,1331775106527006720,NCAA PAC 12,9,519390092788297728,ScottyW13,Oregon Ducks 🦆,owner
2026,1331775106527006720,NCAA PAC 12,10,534619662650601472,ImagineWiigons,California Bears,owner
2026,1331775106527006720,NCAA PAC 12,11,76460245878456320,seniormeow,Utah,owner
2026,1331775106527006720,NCAA PAC 12,12,450806182555152384,lmerkouSaints,UCLA,owner
2026,1331775170712444928,NCAA SEC,1,441458152391569408,tedman546,Florida,owner
2026,1331775170712444928,NCAA SEC,2,508516852143693824,errand,‘23 NATTY CHAMP LSU,owner
2026,1331775170712444928,NCAA SEC,3,457957045534978048,ChadLowe,Tennessee,owner
2026,1331775170712444928,NCAA SEC,4,1289101953728540672,egbdf,,owner
2026,1331775170712444928,NCAA SEC,5,562032371824951296,ryank45,Ole Miss,owner
2026,1331775170712444928,NCAA SEC,5,546856536723197952,sKenns,,co
2026,1331775170712444928,NCAA SEC,6,510556455562792960,thatmansanti, MSU ,owner
2026,1331775170712444928,NCAA SEC,7,461680102409760768,kodakjack,Georgia Bulldogs,owner
2026,1331775170712444928,NCAA SEC,8,970737030692937728,Stumpy44,Kentucky Gators,owner
2026,1331775170712444928,NCAA SEC,9,1136057205582667776,Neilsondug,Vanderbilt,owner
2026,1331775170712444928,NCAA SEC,10,1314486339378368512,DELETED-RO7nDD9xa8Gm7,South Carolina,owner
2026,1331775170712444928,NCAA SEC,11,560284880620699648,devbovino,Alabama ,owner
2026,1331775170712444928,NCAA SEC,12,445468333035220992,JosephMarin07,Arkansas #1,owner
2026,1331775206619885568,NCAA BIG EAST & CO.,1,1087519270663258112,sblau24,Rutgers,owner
2026,1331775206619885568,NCAA BIG EAST & CO.,2,1171256102760251392,hurlken,Maryland,owner
2026,1331775206619885568,NCAA BIG EAST & CO.,3,718415247781732352,averagedude23,SDSU Jackrabbits,owner
2026,1331775206619885568,NCAA BIG EAST & CO.,4,456129190995947520,vinceA762,Pitt Panthers,owner
2026,1331775206619885568,NCAA BIG EAST & CO.,5,836025225756934144,NastyS8ntChance,UCONN,owner
2026,1331775206619885568,NCAA BIG EAST & CO.,6,443323427143544832,joonbug,Coastal Carolina,owner
2026,1331775206619885568,NCAA BIG EAST & CO.,7,456159345906806784,CodeKhaos,Syracuse Orange,owner
2026,1331775206619885568,NCAA BIG EAST & CO.,8,456167283761344512,Claser,Army Golden Shitters,owner
2026,1331775206619885568,NCAA BIG EAST & CO.,9,802480422482206720,JEANTY,UCF sucks dick,owner
2026,1331775206619885568,NCAA BIG EAST & CO.,10,1336086766108549120,MacATac,USF,owner
2026,1331775206619885568,NCAA BIG EAST & CO.,11,456182244336201728,Ianiners,Nay Vee,owner
2026,1331775206619885568,NCAA BIG EAST & CO.,12,64174089933570048,ryno,Notre Dame,owner
